{"type":"FeatureCollection","features":[{"type":"Feature","properties":{"ubigeo":"010101","nombre":"Chachapoyas"},"geometry":{"type":"Polygon","coordinates":[[[-77.78226,-6.22755],[-77.78044,-6.24245],[-77.77686,-6.25063],[-77.76727,-6.26017],[-77.76422,-6.26914],[-77.76166,-6.27933],[-77.76668,-6.28581],[-77.77836,-6.28888],[-77.78904,-6.28586],[-77.79933,-6.29883],[-77.80857,-6.29719],[-77.81643,-6.28358],[-77.82709,-6.27764],[-77.84805,-6.27612],[-77.84835,-6.28705],[-77.86924,-6.28663],[-77.87242,-6.29198],[-77.88583,-6.2964],[-77.90202,-6.28658],[-77.91599,-6.28271],[-77.92465,-6.28678],[-77.93611,-6.28551],[-77.94128,-6.2835],[-77.94086,-6.27384],[-77.94001,-6.2612],[-77.93421,-6.25035],[-77.9258,-6.24835],[-77.92088,-6.24193],[-77.91686,-6.231],[-77.91399,-6.22131],[-77.90282,-6.20807],[-77.90203,-6.19935],[-77.90649,-6.19427],[-77.90879,-6.17764],[-77.88071,-6.17931],[-77.87557,-6.18332],[-77.87788,-6.19635],[-77.86188,-6.19523],[-77.84901,-6.19878],[-77.84657,-6.20592],[-77.83559,-6.21067],[-77.82334,-6.21721],[-77.81079,-6.22656],[-77.79973,-6.22107],[-77.78855,-6.22878],[-77.78226,-6.22755]]]}},{"type":"Feature","properties":{"ubigeo":"010102","nombre":"Asunción"},"geometry":{"type":"Polygon","coordinates":[[[-77.71382,-6.04482],[-77.72907,-6.03169],[-77.73952,-6.02729],[-77.74496,-6.01742],[-77.75682,-6.00547],[-77.77405,-5.99598],[-77.78016,-5.9955],[-77.77279,-5.98855],[-77.7745,-5.97432],[-77.76987,-5.96651],[-77.75916,-5.95686],[-77.74814,-5.95103],[-77.74483,-5.94494],[-77.74319,-5.96119],[-77.73847,-5.96683],[-77.73602,-5.9782],[-77.72854,-5.99087],[-77.72855,-6.00001],[-77.71853,-6.01407],[-77.70329,-6.02553],[-77.71382,-6.04482]]]}},{"type":"Feature","properties":{"ubigeo":"010103","nombre":"Balsas"},"geometry":{"type":"Polygon","coordinates":[[[-77.87606,-6.87222],[-77.87186,-6.87882],[-77.87577,-6.88203],[-77.8775,-6.89209],[-77.89096,-6.89599],[-77.90529,-6.90367],[-77.91644,-6.91396],[-77.92839,-6.90755],[-77.93175,-6.90047],[-77.94329,-6.8979],[-77.95275,-6.90791],[-77.96955,-6.91247],[-78.00062,-6.90978],[-77.99865,-6.90012],[-78.00548,-6.8936],[-78.00108,-6.88161],[-78.00639,-6.87528],[-78.00079,-6.86726],[-78.00398,-6.85881],[-78.0134,-6.85174],[-78.02885,-6.84989],[-78.02831,-6.84269],[-78.01491,-6.83191],[-78.01369,-6.82125],[-78.02119,-6.81766],[-78.01638,-6.80905],[-78.02418,-6.7982],[-78.02043,-6.79194],[-78.0258,-6.77435],[-78.03111,-6.76388],[-78.02863,-6.75932],[-78.03582,-6.74992],[-78.03533,-6.74271],[-78.02782,-6.74591],[-78.00886,-6.74296],[-78.00206,-6.73105],[-78.00102,-6.72121],[-77.97231,-6.71767],[-77.96574,-6.7124],[-77.95955,-6.71395],[-77.95536,-6.70812],[-77.94183,-6.70298],[-77.93597,-6.68979],[-77.93289,-6.6921],[-77.91948,-6.69026],[-77.90688,-6.70223],[-77.90507,-6.71453],[-77.89764,-6.72099],[-77.89281,-6.73412],[-77.8794,-6.74746],[-77.88316,-6.76026],[-77.88027,-6.77212],[-77.88034,-6.78287],[-77.88999,-6.79562],[-77.88448,-6.80764],[-77.88715,-6.81035],[-77.88807,-6.82917],[-77.87901,-6.83462],[-77.88081,-6.85177],[-77.87625,-6.85576],[-77.87606,-6.87222]]]}},{"type":"Feature","properties":{"ubigeo":"010104","nombre":"Cheto"},"geometry":{"type":"Polygon","coordinates":[[[-77.68229,-6.33646],[-77.69302,-6.32072],[-77.70136,-6.31975],[-77.70775,-6.32421],[-77.71452,-6.32335],[-77.72521,-6.32696],[-77.73066,-6.3219],[-77.73542,-6.31154],[-77.7299,-6.30842],[-77.72968,-6.29304],[-77.72617,-6.28403],[-77.71686,-6.27629],[-77.71487,-6.26412],[-77.71489,-6.24595],[-77.71229,-6.25197],[-77.69874,-6.25245],[-77.69389,-6.2668],[-77.69766,-6.27157],[-77.6913,-6.27889],[-77.69146,-6.28815],[-77.6856,-6.29086],[-77.67214,-6.28319],[-77.66706,-6.28264],[-77.66355,-6.27402],[-77.64227,-6.27278],[-77.63126,-6.26126],[-77.62294,-6.2675],[-77.61757,-6.28076],[-77.62346,-6.28971],[-77.62417,-6.30613],[-77.62909,-6.31374],[-77.63914,-6.31634],[-77.67004,-6.33982],[-77.68229,-6.33646]]]}},{"type":"Feature","properties":{"ubigeo":"010105","nombre":"Chiliquin"},"geometry":{"type":"Polygon","coordinates":[[[-77.74852,-6.1644],[-77.76075,-6.15562],[-77.78036,-6.1312],[-77.79054,-6.12391],[-77.78898,-6.12195],[-77.79612,-6.10239],[-77.80495,-6.09093],[-77.80781,-6.08093],[-77.80566,-6.06182],[-77.80507,-6.03056],[-77.79714,-6.02564],[-77.7881,-6.02734],[-77.79049,-6.02255],[-77.78016,-5.9955],[-77.77405,-5.99598],[-77.75682,-6.00547],[-77.74496,-6.01742],[-77.73952,-6.02729],[-77.72907,-6.03169],[-77.71382,-6.04482],[-77.70757,-6.05105],[-77.70189,-6.06191],[-77.70169,-6.06902],[-77.70703,-6.08831],[-77.70784,-6.10303],[-77.70221,-6.12023],[-77.72276,-6.13642],[-77.72431,-6.14087],[-77.74219,-6.14551],[-77.74799,-6.15019],[-77.74852,-6.1644]]]}},{"type":"Feature","properties":{"ubigeo":"010106","nombre":"Chuquibamba"},"geometry":{"type":"Polygon","coordinates":[[[-77.93074,-6.98617],[-77.93924,-6.97655],[-77.94915,-6.97343],[-77.96289,-6.97618],[-77.98358,-6.96309],[-77.99214,-6.96401],[-77.99951,-6.97053],[-78.00179,-6.96855],[-77.99774,-6.95204],[-77.9993,-6.94176],[-78.00089,-6.9383],[-78.01311,-6.9339],[-78.01192,-6.9268],[-78.00626,-6.92344],[-78.00062,-6.90978],[-77.96955,-6.91247],[-77.95275,-6.90791],[-77.94329,-6.8979],[-77.93175,-6.90047],[-77.92839,-6.90755],[-77.91644,-6.91396],[-77.90529,-6.90367],[-77.89096,-6.89599],[-77.8775,-6.89209],[-77.87577,-6.88203],[-77.87186,-6.87882],[-77.87606,-6.87222],[-77.86311,-6.86837],[-77.84696,-6.87987],[-77.84236,-6.8917],[-77.83698,-6.89624],[-77.8265,-6.89711],[-77.81873,-6.90999],[-77.81316,-6.91328],[-77.80749,-6.90946],[-77.80149,-6.91171],[-77.8005,-6.91975],[-77.78106,-6.92663],[-77.7793,-6.94145],[-77.78763,-6.95491],[-77.79461,-6.95814],[-77.80193,-6.96614],[-77.80989,-6.96118],[-77.83343,-6.95678],[-77.83924,-6.97323],[-77.84586,-6.9764],[-77.88034,-6.9625],[-77.88706,-6.97164],[-77.90001,-6.98067],[-77.91529,-6.98057],[-77.93074,-6.98617]]]}},{"type":"Feature","properties":{"ubigeo":"010107","nombre":"Granada"},"geometry":{"type":"Polygon","coordinates":[[[-77.49819,-6.15643],[-77.51368,-6.15679],[-77.52085,-6.16407],[-77.54237,-6.16489],[-77.54742,-6.15751],[-77.57277,-6.14485],[-77.59553,-6.14095],[-77.60788,-6.14526],[-77.61639,-6.14422],[-77.62789,-6.14961],[-77.64248,-6.14947],[-77.63699,-6.13918],[-77.63428,-6.1105],[-77.64164,-6.10429],[-77.64096,-6.09466],[-77.65066,-6.08335],[-77.65954,-6.08169],[-77.66223,-6.07194],[-77.67161,-6.06108],[-77.66486,-6.06235],[-77.65748,-6.05586],[-77.64485,-6.05185],[-77.61848,-6.05701],[-77.61062,-6.05117],[-77.60062,-6.04802],[-77.59825,-6.03128],[-77.5862,-6.03692],[-77.58224,-6.03273],[-77.57268,-6.03348],[-77.56805,-6.0281],[-77.55795,-6.0396],[-77.55474,-6.05073],[-77.54223,-6.05279],[-77.54149,-6.0595],[-77.53381,-6.06337],[-77.52216,-6.08417],[-77.50992,-6.08649],[-77.50599,-6.0909],[-77.50814,-6.09718],[-77.50547,-6.10887],[-77.50938,-6.11873],[-77.49972,-6.12831],[-77.49549,-6.14144],[-77.49977,-6.153],[-77.49819,-6.15643]]]}},{"type":"Feature","properties":{"ubigeo":"010108","nombre":"Huancas"},"geometry":{"type":"Polygon","coordinates":[[[-77.83559,-6.21067],[-77.84657,-6.20592],[-77.84901,-6.19878],[-77.86188,-6.19523],[-77.87788,-6.19635],[-77.87557,-6.18332],[-77.88071,-6.17931],[-77.90879,-6.17764],[-77.90306,-6.16674],[-77.90577,-6.15711],[-77.9043,-6.14619],[-77.89765,-6.13794],[-77.89539,-6.12535],[-77.89541,-6.11142],[-77.89095,-6.10269],[-77.87609,-6.10249],[-77.86139,-6.11922],[-77.86776,-6.13318],[-77.86429,-6.14377],[-77.8582,-6.15051],[-77.857,-6.1575],[-77.84699,-6.17942],[-77.8342,-6.20162],[-77.83559,-6.21067]]]}},{"type":"Feature","properties":{"ubigeo":"010109","nombre":"La Jalca"},"geometry":{"type":"Polygon","coordinates":[[[-77.72618,-6.55206],[-77.75349,-6.5453],[-77.76746,-6.54648],[-77.78329,-6.55107],[-77.79689,-6.54753],[-77.80147,-6.55122],[-77.81548,-6.552],[-77.82875,-6.55625],[-77.82727,-6.54701],[-77.83114,-6.53782],[-77.85141,-6.50898],[-77.85243,-6.49897],[-77.85928,-6.48829],[-77.86087,-6.47972],[-77.84573,-6.47999],[-77.82904,-6.47277],[-77.81918,-6.473],[-77.81213,-6.4684],[-77.79604,-6.46541],[-77.77968,-6.46517],[-77.75757,-6.44903],[-77.7508,-6.43367],[-77.74509,-6.42727],[-77.74408,-6.44014],[-77.7326,-6.45315],[-77.7328,-6.45587],[-77.73858,-6.46409],[-77.73134,-6.48254],[-77.72884,-6.49412],[-77.73121,-6.50209],[-77.72848,-6.51537],[-77.72936,-6.52773],[-77.72572,-6.53441],[-77.72833,-6.54065],[-77.72618,-6.55206]]]}},{"type":"Feature","properties":{"ubigeo":"010110","nombre":"Leimebamba"},"geometry":{"type":"Polygon","coordinates":[[[-77.7793,-6.94145],[-77.78106,-6.92663],[-77.8005,-6.91975],[-77.80149,-6.91171],[-77.80749,-6.90946],[-77.81316,-6.91328],[-77.81873,-6.90999],[-77.8265,-6.89711],[-77.83698,-6.89624],[-77.84236,-6.8917],[-77.84696,-6.87987],[-77.86311,-6.86837],[-77.87606,-6.87222],[-77.87625,-6.85576],[-77.88081,-6.85177],[-77.87901,-6.83462],[-77.88807,-6.82917],[-77.88715,-6.81035],[-77.88448,-6.80764],[-77.88999,-6.79562],[-77.88034,-6.78287],[-77.88027,-6.77212],[-77.88316,-6.76026],[-77.8794,-6.74746],[-77.89281,-6.73412],[-77.86565,-6.72839],[-77.8506,-6.72748],[-77.83536,-6.73289],[-77.82393,-6.72195],[-77.82296,-6.71551],[-77.81099,-6.70674],[-77.80316,-6.70707],[-77.7983,-6.69557],[-77.79769,-6.67657],[-77.80038,-6.6665],[-77.79792,-6.6574],[-77.78224,-6.65605],[-77.7644,-6.66305],[-77.75175,-6.65827],[-77.7403,-6.64746],[-77.73874,-6.65296],[-77.74561,-6.66516],[-77.74597,-6.67155],[-77.74105,-6.68669],[-77.74473,-6.69233],[-77.7438,-6.70662],[-77.7395,-6.7111],[-77.74579,-6.72845],[-77.74811,-6.74492],[-77.74671,-6.75184],[-77.73717,-6.76033],[-77.73521,-6.77795],[-77.73193,-6.78196],[-77.73532,-6.78829],[-77.75948,-6.79327],[-77.76472,-6.79844],[-77.76172,-6.80775],[-77.75116,-6.82247],[-77.74014,-6.84409],[-77.74098,-6.85392],[-77.73687,-6.8636],[-77.73163,-6.86638],[-77.73324,-6.87383],[-77.72332,-6.89346],[-77.70731,-6.90885],[-77.71527,-6.92066],[-77.73382,-6.92858],[-77.73985,-6.93549],[-77.73838,-6.94834],[-77.74569,-6.9562],[-77.75893,-6.96451],[-77.76594,-6.96212],[-77.7793,-6.94145]]]}},{"type":"Feature","properties":{"ubigeo":"010111","nombre":"Levanto"},"geometry":{"type":"Polygon","coordinates":[[[-77.76105,-6.34839],[-77.7628,-6.35453],[-77.7726,-6.35431],[-77.80357,-6.34214],[-77.81217,-6.32584],[-77.8326,-6.311],[-77.84328,-6.30862],[-77.8555,-6.31013],[-77.87053,-6.30665],[-77.87925,-6.3073],[-77.88587,-6.31346],[-77.89173,-6.32428],[-77.89244,-6.33477],[-77.89766,-6.35421],[-77.92424,-6.35725],[-77.93199,-6.33614],[-77.92719,-6.32939],[-77.93137,-6.3206],[-77.93632,-6.31637],[-77.93456,-6.30407],[-77.93611,-6.28551],[-77.92465,-6.28678],[-77.91599,-6.28271],[-77.90202,-6.28658],[-77.88583,-6.2964],[-77.87242,-6.29198],[-77.86924,-6.28663],[-77.84835,-6.28705],[-77.84805,-6.27612],[-77.82709,-6.27764],[-77.81643,-6.28358],[-77.80857,-6.29719],[-77.80526,-6.3063],[-77.7935,-6.31291],[-77.79405,-6.31853],[-77.78796,-6.32695],[-77.77655,-6.33027],[-77.76105,-6.34839]]]}},{"type":"Feature","properties":{"ubigeo":"010112","nombre":"Magdalena"},"geometry":{"type":"Polygon","coordinates":[[[-77.74509,-6.42727],[-77.7508,-6.43367],[-77.75757,-6.44903],[-77.77968,-6.46517],[-77.79604,-6.46541],[-77.81213,-6.4684],[-77.81918,-6.473],[-77.82904,-6.47277],[-77.84573,-6.47999],[-77.86087,-6.47972],[-77.86381,-6.47482],[-77.85921,-6.46412],[-77.86258,-6.4455],[-77.8736,-6.43493],[-77.87724,-6.42611],[-77.87473,-6.4231],[-77.87224,-6.41694],[-77.87786,-6.40707],[-77.88484,-6.40864],[-77.90547,-6.38046],[-77.90587,-6.36758],[-77.91989,-6.3685],[-77.92424,-6.35725],[-77.89766,-6.35421],[-77.88616,-6.3591],[-77.88534,-6.36855],[-77.87025,-6.37946],[-77.84609,-6.38743],[-77.84003,-6.3851],[-77.82232,-6.38551],[-77.81532,-6.38949],[-77.78466,-6.38972],[-77.76904,-6.38786],[-77.74766,-6.39241],[-77.75226,-6.40355],[-77.7487,-6.40668],[-77.74352,-6.42066],[-77.74509,-6.42727]]]}},{"type":"Feature","properties":{"ubigeo":"010113","nombre":"Mariscal Castilla"},"geometry":{"type":"Polygon","coordinates":[[[-77.70412,-6.58225],[-77.71741,-6.5825],[-77.72041,-6.58886],[-77.73237,-6.59461],[-77.73653,-6.60124],[-77.7334,-6.60814],[-77.74277,-6.61183],[-77.75179,-6.61928],[-77.76561,-6.61566],[-77.76935,-6.61765],[-77.78369,-6.61184],[-77.78624,-6.6069],[-77.80286,-6.60704],[-77.81212,-6.61134],[-77.81531,-6.60034],[-77.82725,-6.57507],[-77.82988,-6.56558],[-77.82875,-6.55625],[-77.81548,-6.552],[-77.80147,-6.55122],[-77.79689,-6.54753],[-77.78329,-6.55107],[-77.76746,-6.54648],[-77.75349,-6.5453],[-77.72618,-6.55206],[-77.71732,-6.55898],[-77.70648,-6.5603],[-77.70903,-6.56494],[-77.70884,-6.57769],[-77.70412,-6.58225]]]}},{"type":"Feature","properties":{"ubigeo":"010114","nombre":"Molinopampa"},"geometry":{"type":"Polygon","coordinates":[[[-77.49819,-6.15643],[-77.48807,-6.1586],[-77.48732,-6.16465],[-77.47995,-6.16963],[-77.46981,-6.18235],[-77.46965,-6.18646],[-77.48262,-6.1919],[-77.4887,-6.20185],[-77.50133,-6.21569],[-77.5153,-6.22504],[-77.52421,-6.24068],[-77.52976,-6.24571],[-77.5277,-6.25896],[-77.53283,-6.26604],[-77.54013,-6.28745],[-77.55481,-6.30258],[-77.56788,-6.30946],[-77.57437,-6.30582],[-77.58901,-6.30442],[-77.59855,-6.29256],[-77.61757,-6.28076],[-77.62294,-6.2675],[-77.63126,-6.26126],[-77.64227,-6.27278],[-77.66355,-6.27402],[-77.66706,-6.28264],[-77.67214,-6.28319],[-77.6856,-6.29086],[-77.69146,-6.28815],[-77.6913,-6.27889],[-77.69766,-6.27157],[-77.69389,-6.2668],[-77.69874,-6.25245],[-77.71229,-6.25197],[-77.71489,-6.24595],[-77.70602,-6.2287],[-77.70008,-6.22402],[-77.68809,-6.22196],[-77.67498,-6.22396],[-77.67634,-6.21083],[-77.70343,-6.20322],[-77.71422,-6.20501],[-77.7165,-6.20846],[-77.72767,-6.20977],[-77.73067,-6.2043],[-77.72792,-6.19713],[-77.72722,-6.17247],[-77.71805,-6.16275],[-77.70178,-6.15697],[-77.69587,-6.14494],[-77.68003,-6.12715],[-77.65886,-6.14288],[-77.64248,-6.14947],[-77.62789,-6.14961],[-77.61639,-6.14422],[-77.60788,-6.14526],[-77.59553,-6.14095],[-77.57277,-6.14485],[-77.54742,-6.15751],[-77.54237,-6.16489],[-77.52085,-6.16407],[-77.51368,-6.15679],[-77.49819,-6.15643]]]}},{"type":"Feature","properties":{"ubigeo":"010115","nombre":"Montevideo"},"geometry":{"type":"Polygon","coordinates":[[[-77.7403,-6.64746],[-77.75175,-6.65827],[-77.7644,-6.66305],[-77.78224,-6.65605],[-77.79792,-6.6574],[-77.80337,-6.65207],[-77.80689,-6.64057],[-77.81335,-6.63474],[-77.81212,-6.61134],[-77.80286,-6.60704],[-77.78624,-6.6069],[-77.78369,-6.61184],[-77.76935,-6.61765],[-77.76561,-6.61566],[-77.75179,-6.61928],[-77.74277,-6.61183],[-77.7334,-6.60814],[-77.73653,-6.60124],[-77.73237,-6.59461],[-77.72041,-6.58886],[-77.71741,-6.5825],[-77.70412,-6.58225],[-77.69138,-6.58609],[-77.68275,-6.57905],[-77.66655,-6.57826],[-77.66187,-6.59378],[-77.65587,-6.60366],[-77.64325,-6.60458],[-77.62666,-6.61274],[-77.63115,-6.61336],[-77.65089,-6.62958],[-77.65912,-6.64095],[-77.66266,-6.6599],[-77.67235,-6.66529],[-77.67724,-6.67277],[-77.6941,-6.6784],[-77.70966,-6.67202],[-77.71594,-6.65912],[-77.7332,-6.64804],[-77.7403,-6.64746]]]}},{"type":"Feature","properties":{"ubigeo":"010116","nombre":"Olleros"},"geometry":{"type":"Polygon","coordinates":[[[-77.59825,-6.03128],[-77.60062,-6.04802],[-77.61062,-6.05117],[-77.61848,-6.05701],[-77.64485,-6.05185],[-77.65748,-6.05586],[-77.66486,-6.06235],[-77.67161,-6.06108],[-77.68063,-6.04884],[-77.68793,-6.04351],[-77.69257,-6.0356],[-77.70329,-6.02553],[-77.71853,-6.01407],[-77.72855,-6.00001],[-77.72854,-5.99087],[-77.73602,-5.9782],[-77.73847,-5.96683],[-77.74319,-5.96119],[-77.74483,-5.94494],[-77.7294,-5.94264],[-77.71726,-5.9442],[-77.70373,-5.9529],[-77.69653,-5.96256],[-77.68756,-5.9791],[-77.67167,-5.9741],[-77.66922,-5.98037],[-77.66063,-5.98845],[-77.64925,-5.99223],[-77.63914,-6.00108],[-77.63274,-6.00057],[-77.62208,-6.00483],[-77.61624,-6.00092],[-77.59771,-6.00442],[-77.59346,-6.00935],[-77.59825,-6.03128]]]}},{"type":"Feature","properties":{"ubigeo":"010117","nombre":"Quinjalca"},"geometry":{"type":"Polygon","coordinates":[[[-77.64248,-6.14947],[-77.65886,-6.14288],[-77.68003,-6.12715],[-77.69587,-6.14494],[-77.70178,-6.15697],[-77.71805,-6.16275],[-77.72722,-6.17247],[-77.73772,-6.17148],[-77.74852,-6.1644],[-77.74799,-6.15019],[-77.74219,-6.14551],[-77.72431,-6.14087],[-77.72276,-6.13642],[-77.70221,-6.12023],[-77.70784,-6.10303],[-77.70703,-6.08831],[-77.70169,-6.06902],[-77.70189,-6.06191],[-77.70757,-6.05105],[-77.71382,-6.04482],[-77.70329,-6.02553],[-77.69257,-6.0356],[-77.68793,-6.04351],[-77.68063,-6.04884],[-77.67161,-6.06108],[-77.66223,-6.07194],[-77.65954,-6.08169],[-77.65066,-6.08335],[-77.64096,-6.09466],[-77.64164,-6.10429],[-77.63428,-6.1105],[-77.63699,-6.13918],[-77.64248,-6.14947]]]}},{"type":"Feature","properties":{"ubigeo":"010118","nombre":"San Francisco de Daguas"},"geometry":{"type":"Polygon","coordinates":[[[-77.76422,-6.26914],[-77.76727,-6.26017],[-77.77686,-6.25063],[-77.78044,-6.24245],[-77.78226,-6.22755],[-77.76983,-6.22313],[-77.76382,-6.2258],[-77.75477,-6.22092],[-77.73016,-6.21416],[-77.72767,-6.20977],[-77.7165,-6.20846],[-77.71422,-6.20501],[-77.70343,-6.20322],[-77.67634,-6.21083],[-77.67498,-6.22396],[-77.68809,-6.22196],[-77.70008,-6.22402],[-77.70602,-6.2287],[-77.71489,-6.24595],[-77.72135,-6.25011],[-77.72827,-6.26128],[-77.73415,-6.26123],[-77.74323,-6.25484],[-77.74889,-6.24697],[-77.7559,-6.24828],[-77.75618,-6.26633],[-77.76422,-6.26914]]]}},{"type":"Feature","properties":{"ubigeo":"010119","nombre":"San Isidro de Maino"},"geometry":{"type":"Polygon","coordinates":[[[-77.72986,-6.37162],[-77.73112,-6.3758],[-77.74432,-6.38457],[-77.74766,-6.39241],[-77.76904,-6.38786],[-77.78466,-6.38972],[-77.81532,-6.38949],[-77.82232,-6.38551],[-77.84003,-6.3851],[-77.84609,-6.38743],[-77.87025,-6.37946],[-77.88534,-6.36855],[-77.88616,-6.3591],[-77.89766,-6.35421],[-77.89244,-6.33477],[-77.89173,-6.32428],[-77.88587,-6.31346],[-77.87925,-6.3073],[-77.87053,-6.30665],[-77.8555,-6.31013],[-77.84328,-6.30862],[-77.8326,-6.311],[-77.81217,-6.32584],[-77.80357,-6.34214],[-77.7726,-6.35431],[-77.7628,-6.35453],[-77.76105,-6.34839],[-77.74898,-6.34238],[-77.74255,-6.34266],[-77.73485,-6.35317],[-77.72986,-6.37162]]]}},{"type":"Feature","properties":{"ubigeo":"010120","nombre":"Soloco"},"geometry":{"type":"Polygon","coordinates":[[[-77.68229,-6.33646],[-77.69905,-6.33558],[-77.70606,-6.33888],[-77.71049,-6.34611],[-77.70985,-6.35315],[-77.70414,-6.36074],[-77.71598,-6.36236],[-77.72986,-6.37162],[-77.73485,-6.35317],[-77.74255,-6.34266],[-77.74898,-6.34238],[-77.76105,-6.34839],[-77.77655,-6.33027],[-77.78796,-6.32695],[-77.79405,-6.31853],[-77.7935,-6.31291],[-77.80526,-6.3063],[-77.80857,-6.29719],[-77.79933,-6.29883],[-77.78904,-6.28586],[-77.77836,-6.28888],[-77.76668,-6.28581],[-77.76166,-6.27933],[-77.76422,-6.26914],[-77.75618,-6.26633],[-77.7559,-6.24828],[-77.74889,-6.24697],[-77.74323,-6.25484],[-77.73415,-6.26123],[-77.72827,-6.26128],[-77.72135,-6.25011],[-77.71489,-6.24595],[-77.71487,-6.26412],[-77.71686,-6.27629],[-77.72617,-6.28403],[-77.72968,-6.29304],[-77.7299,-6.30842],[-77.73542,-6.31154],[-77.73066,-6.3219],[-77.72521,-6.32696],[-77.71452,-6.32335],[-77.70775,-6.32421],[-77.70136,-6.31975],[-77.69302,-6.32072],[-77.68229,-6.33646]]]}},{"type":"Feature","properties":{"ubigeo":"010121","nombre":"Sonche"},"geometry":{"type":"Polygon","coordinates":[[[-77.74852,-6.1644],[-77.73772,-6.17148],[-77.72722,-6.17247],[-77.72792,-6.19713],[-77.73067,-6.2043],[-77.72767,-6.20977],[-77.73016,-6.21416],[-77.75477,-6.22092],[-77.76382,-6.2258],[-77.76983,-6.22313],[-77.78226,-6.22755],[-77.78855,-6.22878],[-77.79973,-6.22107],[-77.81079,-6.22656],[-77.82334,-6.21721],[-77.83559,-6.21067],[-77.8342,-6.20162],[-77.84699,-6.17942],[-77.857,-6.1575],[-77.8582,-6.15051],[-77.86429,-6.14377],[-77.86776,-6.13318],[-77.86139,-6.11922],[-77.84145,-6.12865],[-77.82232,-6.13036],[-77.79054,-6.12391],[-77.78036,-6.1312],[-77.76075,-6.15562],[-77.74852,-6.1644]]]}},{"type":"Feature","properties":{"ubigeo":"010201","nombre":"Bagua"},"geometry":{"type":"Polygon","coordinates":[[[-78.49014,-5.60202],[-78.49407,-5.60454],[-78.4909,-5.61775],[-78.49409,-5.62665],[-78.49142,-5.63842],[-78.46514,-5.64461],[-78.46554,-5.65383],[-78.48039,-5.66012],[-78.46959,-5.66744],[-78.4699,-5.67361],[-78.48358,-5.68377],[-78.49324,-5.68586],[-78.4978,-5.68144],[-78.50558,-5.68008],[-78.50822,-5.66954],[-78.51454,-5.66486],[-78.51638,-5.65748],[-78.52705,-5.65168],[-78.52539,-5.64856],[-78.53362,-5.64405],[-78.54938,-5.65102],[-78.56025,-5.64658],[-78.5566,-5.63725],[-78.56372,-5.62755],[-78.55601,-5.62606],[-78.54224,-5.6117],[-78.55584,-5.60407],[-78.56177,-5.60445],[-78.56005,-5.5978],[-78.56636,-5.59464],[-78.55767,-5.58778],[-78.56536,-5.58788],[-78.56432,-5.5662],[-78.55825,-5.56848],[-78.55449,-5.55995],[-78.56336,-5.55557],[-78.56232,-5.5511],[-78.55348,-5.54807],[-78.55475,-5.53807],[-78.55174,-5.53056],[-78.55054,-5.51678],[-78.55235,-5.50808],[-78.55852,-5.49909],[-78.54308,-5.48177],[-78.53976,-5.48595],[-78.52951,-5.4853],[-78.52612,-5.48902],[-78.51031,-5.48541],[-78.50073,-5.48896],[-78.49477,-5.48396],[-78.48297,-5.5101],[-78.47779,-5.51741],[-78.48674,-5.5263],[-78.49206,-5.53559],[-78.50158,-5.54112],[-78.50804,-5.5384],[-78.51529,-5.5422],[-78.53008,-5.53602],[-78.52732,-5.55221],[-78.52208,-5.56041],[-78.5155,-5.56399],[-78.50398,-5.57592],[-78.50663,-5.58866],[-78.51218,-5.5992],[-78.50521,-5.59864],[-78.49421,-5.59109],[-78.49014,-5.60202]]]}},{"type":"Feature","properties":{"ubigeo":"010202","nombre":"Aramango"},"geometry":{"type":"Polygon","coordinates":[[[-78.62615,-5.30637],[-78.61769,-5.29507],[-78.6032,-5.25612],[-78.59535,-5.24815],[-78.59162,-5.23531],[-78.58464,-5.23557],[-78.58484,-5.22549],[-78.58082,-5.22032],[-78.58427,-5.21613],[-78.58008,-5.2117],[-78.57041,-5.22792],[-78.56406,-5.2352],[-78.557,-5.25534],[-78.54462,-5.25911],[-78.52914,-5.24392],[-78.52179,-5.23948],[-78.52092,-5.21834],[-78.51408,-5.2085],[-78.496,-5.19945],[-78.48909,-5.19082],[-78.48311,-5.18851],[-78.48112,-5.18079],[-78.46249,-5.17372],[-78.45525,-5.17561],[-78.4503,-5.18304],[-78.44581,-5.19882],[-78.43545,-5.2034],[-78.43775,-5.22359],[-78.43297,-5.22782],[-78.41017,-5.23025],[-78.40283,-5.23513],[-78.3952,-5.24958],[-78.38895,-5.25546],[-78.39386,-5.26973],[-78.38929,-5.28417],[-78.38571,-5.3071],[-78.38961,-5.31701],[-78.37944,-5.32918],[-78.37187,-5.33311],[-78.36919,-5.34554],[-78.35846,-5.35346],[-78.34571,-5.37277],[-78.34379,-5.38158],[-78.33584,-5.38901],[-78.33073,-5.40127],[-78.32367,-5.40611],[-78.32435,-5.41944],[-78.31617,-5.44302],[-78.32103,-5.46306],[-78.318,-5.47865],[-78.31183,-5.48599],[-78.30316,-5.50083],[-78.3109,-5.50518],[-78.32139,-5.52375],[-78.3246,-5.53317],[-78.33502,-5.53972],[-78.3234,-5.54993],[-78.32557,-5.55921],[-78.33507,-5.56789],[-78.34746,-5.57065],[-78.36298,-5.57675],[-78.3782,-5.56977],[-78.38578,-5.56162],[-78.39559,-5.55657],[-78.41218,-5.56086],[-78.42497,-5.56094],[-78.42709,-5.55566],[-78.46599,-5.54123],[-78.47657,-5.52835],[-78.47779,-5.51741],[-78.48297,-5.5101],[-78.49477,-5.48396],[-78.50073,-5.48896],[-78.51031,-5.48541],[-78.52612,-5.48902],[-78.52951,-5.4853],[-78.53976,-5.48595],[-78.54308,-5.48177],[-78.53142,-5.47295],[-78.51705,-5.47099],[-78.50669,-5.46523],[-78.4985,-5.45687],[-78.48924,-5.45172],[-78.48723,-5.4456],[-78.47578,-5.44113],[-78.45382,-5.4261],[-78.45879,-5.41667],[-78.44858,-5.39979],[-78.45138,-5.38956],[-78.45514,-5.39545],[-78.47587,-5.40447],[-78.48695,-5.40156],[-78.49118,-5.40909],[-78.50304,-5.41228],[-78.51834,-5.39594],[-78.52268,-5.39436],[-78.52871,-5.38218],[-78.53757,-5.37287],[-78.5396,-5.36559],[-78.55065,-5.36011],[-78.56098,-5.348],[-78.55992,-5.33807],[-78.57543,-5.3141],[-78.58658,-5.30584],[-78.6025,-5.30647],[-78.61653,-5.30433],[-78.62615,-5.30637]]]}},{"type":"Feature","properties":{"ubigeo":"010203","nombre":"Copallin"},"geometry":{"type":"Polygon","coordinates":[[[-78.4978,-5.68144],[-78.49324,-5.68586],[-78.48358,-5.68377],[-78.4699,-5.67361],[-78.46959,-5.66744],[-78.4625,-5.66589],[-78.45316,-5.6763],[-78.44531,-5.67862],[-78.4312,-5.66941],[-78.42858,-5.65619],[-78.41677,-5.64729],[-78.41528,-5.63778],[-78.41066,-5.62986],[-78.40069,-5.62651],[-78.38841,-5.60872],[-78.37859,-5.61042],[-78.37245,-5.60151],[-78.37564,-5.59499],[-78.36298,-5.57675],[-78.34746,-5.57065],[-78.33507,-5.56789],[-78.32557,-5.55921],[-78.32613,-5.56619],[-78.31886,-5.58132],[-78.31877,-5.58922],[-78.31351,-5.59613],[-78.31652,-5.6011],[-78.31484,-5.61594],[-78.324,-5.62018],[-78.35305,-5.62561],[-78.36813,-5.62679],[-78.37791,-5.64039],[-78.38503,-5.64323],[-78.38718,-5.64922],[-78.40233,-5.67196],[-78.40557,-5.69026],[-78.41124,-5.69253],[-78.4159,-5.702],[-78.43306,-5.71548],[-78.43745,-5.72221],[-78.44486,-5.72504],[-78.44829,-5.73137],[-78.45538,-5.73297],[-78.45946,-5.71584],[-78.46809,-5.7131],[-78.47245,-5.70581],[-78.48938,-5.69559],[-78.50331,-5.69156],[-78.50467,-5.68811],[-78.4978,-5.68144]]]}},{"type":"Feature","properties":{"ubigeo":"010204","nombre":"El Parco"},"geometry":{"type":"Polygon","coordinates":[[[-78.49014,-5.60202],[-78.48537,-5.5956],[-78.47907,-5.59673],[-78.47676,-5.60274],[-78.46218,-5.60451],[-78.45824,-5.60865],[-78.45993,-5.62713],[-78.44873,-5.63132],[-78.44437,-5.63588],[-78.46514,-5.64461],[-78.49142,-5.63842],[-78.49409,-5.62665],[-78.4909,-5.61775],[-78.49407,-5.60454],[-78.49014,-5.60202]]]}},{"type":"Feature","properties":{"ubigeo":"010205","nombre":"Imaza"},"geometry":{"type":"Polygon","coordinates":[[[-78.10615,-5.342],[-78.12125,-5.32892],[-78.14604,-5.3399],[-78.14802,-5.36059],[-78.15976,-5.37038],[-78.16341,-5.38683],[-78.17248,-5.39062],[-78.1797,-5.4069],[-78.18641,-5.40895],[-78.19222,-5.41721],[-78.20909,-5.42913],[-78.22273,-5.43525],[-78.22847,-5.44348],[-78.2304,-5.45942],[-78.23887,-5.47039],[-78.25352,-5.47456],[-78.26708,-5.47478],[-78.27425,-5.47058],[-78.28801,-5.48056],[-78.31183,-5.48599],[-78.318,-5.47865],[-78.32103,-5.46306],[-78.31617,-5.44302],[-78.32435,-5.41944],[-78.32367,-5.40611],[-78.33073,-5.40127],[-78.33584,-5.38901],[-78.34379,-5.38158],[-78.34571,-5.37277],[-78.35846,-5.35346],[-78.36919,-5.34554],[-78.37187,-5.33311],[-78.37944,-5.32918],[-78.38961,-5.31701],[-78.38571,-5.3071],[-78.38929,-5.28417],[-78.39386,-5.26973],[-78.38895,-5.25546],[-78.3952,-5.24958],[-78.40283,-5.23513],[-78.41017,-5.23025],[-78.43297,-5.22782],[-78.43775,-5.22359],[-78.43545,-5.2034],[-78.44581,-5.19882],[-78.4503,-5.18304],[-78.45525,-5.17561],[-78.46249,-5.17372],[-78.48112,-5.18079],[-78.48311,-5.18851],[-78.48909,-5.19082],[-78.496,-5.19945],[-78.51408,-5.2085],[-78.52092,-5.21834],[-78.52179,-5.23948],[-78.52914,-5.24392],[-78.54462,-5.25911],[-78.557,-5.25534],[-78.56406,-5.2352],[-78.57041,-5.22792],[-78.58008,-5.2117],[-78.58427,-5.21613],[-78.58082,-5.22032],[-78.58484,-5.22549],[-78.58464,-5.23557],[-78.59162,-5.23531],[-78.59535,-5.24815],[-78.6032,-5.25612],[-78.61769,-5.29507],[-78.62615,-5.30637],[-78.64157,-5.30375],[-78.64799,-5.29335],[-78.65443,-5.2743],[-78.67146,-5.26684],[-78.68424,-5.26749],[-78.68843,-5.25495],[-78.68409,-5.23982],[-78.69355,-5.23275],[-78.69968,-5.21225],[-78.70299,-5.20773],[-78.70596,-5.1801],[-78.70911,-5.17963],[-78.71089,-5.15677],[-78.70583,-5.14959],[-78.70394,-5.12371],[-78.70047,-5.11554],[-78.70062,-5.10408],[-78.6955,-5.09347],[-78.68341,-5.08703],[-78.6802,-5.07212],[-78.66751,-5.06771],[-78.65771,-5.06742],[-78.65145,-5.0553],[-78.64746,-5.03933],[-78.64179,-5.03637],[-78.64349,-5.02194],[-78.64305,-5.00606],[-78.65284,-4.98822],[-78.65143,-4.97857],[-78.66777,-4.97866],[-78.67833,-4.96838],[-78.67256,-4.95782],[-78.66298,-4.94909],[-78.66228,-4.94135],[-78.65355,-4.92122],[-78.6451,-4.90747],[-78.64101,-4.88987],[-78.64483,-4.88773],[-78.64538,-4.87096],[-78.64306,-4.8561],[-78.63626,-4.84911],[-78.63188,-4.83645],[-78.63588,-4.8303],[-78.63765,-4.81586],[-78.64129,-4.81167],[-78.64129,-4.79984],[-78.62079,-4.76854],[-78.63113,-4.75731],[-78.62827,-4.73968],[-78.63816,-4.74042],[-78.64466,-4.73645],[-78.64372,-4.71718],[-78.64,-4.70523],[-78.63171,-4.69843],[-78.63578,-4.68538],[-78.64363,-4.68216],[-78.64238,-4.6683],[-78.63794,-4.65798],[-78.64969,-4.64662],[-78.65687,-4.64865],[-78.66379,-4.65602],[-78.68677,-4.64329],[-78.69538,-4.63696],[-78.69817,-4.62965],[-78.70596,-4.62387],[-78.69562,-4.60745],[-78.68252,-4.59984],[-78.67487,-4.59202],[-78.66822,-4.59411],[-78.65582,-4.58488],[-78.66286,-4.57009],[-78.65657,-4.56209],[-78.66072,-4.55231],[-78.65855,-4.54859],[-78.66268,-4.53691],[-78.66112,-4.53008],[-78.65001,-4.51657],[-78.64752,-4.50897],[-78.63575,-4.50088],[-78.62542,-4.50051],[-78.61909,-4.51001],[-78.61007,-4.5105],[-78.60422,-4.5057],[-78.59892,-4.50909],[-78.5907,-4.52863],[-78.58133,-4.53401],[-78.58113,-4.54432],[-78.58593,-4.54843],[-78.58872,-4.56197],[-78.58486,-4.56774],[-78.5825,-4.58076],[-78.58279,-4.59986],[-78.57444,-4.60307],[-78.57163,-4.59538],[-78.55318,-4.57903],[-78.54025,-4.58453],[-78.52243,-4.58575],[-78.4966,-4.60629],[-78.49279,-4.60756],[-78.48752,-4.6193],[-78.47123,-4.63113],[-78.47283,-4.63345],[-78.46583,-4.64849],[-78.44868,-4.6455],[-78.43016,-4.65341],[-78.42404,-4.65308],[-78.41693,-4.65953],[-78.39975,-4.65778],[-78.39297,-4.65264],[-78.37,-4.65144],[-78.36126,-4.6477],[-78.34173,-4.66793],[-78.33982,-4.67774],[-78.32948,-4.67954],[-78.3235,-4.67005],[-78.31774,-4.66733],[-78.30025,-4.67524],[-78.28509,-4.67309],[-78.2763,-4.65998],[-78.27117,-4.66379],[-78.26998,-4.67419],[-78.262,-4.68124],[-78.26748,-4.693],[-78.26892,-4.70387],[-78.26379,-4.71077],[-78.26242,-4.72104],[-78.25335,-4.70521],[-78.23871,-4.68756],[-78.23311,-4.67621],[-78.2189,-4.65854],[-78.19828,-4.65342],[-78.18642,-4.6561],[-78.16356,-4.63418],[-78.15551,-4.63613],[-78.14729,-4.64319],[-78.1472,-4.64992],[-78.15416,-4.65387],[-78.15553,-4.66049],[-78.15001,-4.66297],[-78.14007,-4.65997],[-78.14009,-4.66617],[-78.13316,-4.66488],[-78.12014,-4.69951],[-78.12677,-4.7118],[-78.12797,-4.71932],[-78.13602,-4.73875],[-78.14256,-4.749],[-78.14524,-4.7581],[-78.15414,-4.7627],[-78.13943,-4.77996],[-78.13638,-4.79353],[-78.14286,-4.80147],[-78.11941,-4.84024],[-78.12812,-4.84855],[-78.12778,-4.8833],[-78.13438,-4.88743],[-78.14089,-4.90931],[-78.14998,-4.91902],[-78.15656,-4.91774],[-78.16121,-4.92296],[-78.16517,-4.9369],[-78.16326,-4.94739],[-78.15369,-4.96124],[-78.14587,-4.96816],[-78.14777,-4.97558],[-78.14543,-4.98957],[-78.14925,-4.99526],[-78.15618,-4.99332],[-78.17696,-4.99454],[-78.18723,-5.00724],[-78.18906,-5.02037],[-78.19391,-5.02128],[-78.19484,-5.03789],[-78.18529,-5.05421],[-78.17727,-5.06137],[-78.16771,-5.08091],[-78.1608,-5.07898],[-78.14314,-5.08066],[-78.13779,-5.0855],[-78.14383,-5.09557],[-78.15403,-5.09653],[-78.15881,-5.10995],[-78.15801,-5.11636],[-78.15138,-5.1199],[-78.1424,-5.11886],[-78.12623,-5.1285],[-78.12225,-5.1352],[-78.09932,-5.14609],[-78.10102,-5.15758],[-78.09725,-5.16901],[-78.08633,-5.17491],[-78.07971,-5.17076],[-78.07149,-5.19142],[-78.0569,-5.20859],[-78.06066,-5.22197],[-78.06961,-5.2287],[-78.06699,-5.23898],[-78.07617,-5.25401],[-78.06761,-5.26527],[-78.07451,-5.28672],[-78.08086,-5.2946],[-78.0842,-5.31285],[-78.09074,-5.31831],[-78.09664,-5.33453],[-78.09676,-5.34128],[-78.10615,-5.342]]]}},{"type":"Feature","properties":{"ubigeo":"010206","nombre":"La Peca"},"geometry":{"type":"Polygon","coordinates":[[[-78.46959,-5.66744],[-78.48039,-5.66012],[-78.46554,-5.65383],[-78.46514,-5.64461],[-78.44437,-5.63588],[-78.44873,-5.63132],[-78.45993,-5.62713],[-78.45824,-5.60865],[-78.46218,-5.60451],[-78.47676,-5.60274],[-78.47907,-5.59673],[-78.48537,-5.5956],[-78.49014,-5.60202],[-78.49421,-5.59109],[-78.50521,-5.59864],[-78.51218,-5.5992],[-78.50663,-5.58866],[-78.50398,-5.57592],[-78.5155,-5.56399],[-78.52208,-5.56041],[-78.52732,-5.55221],[-78.53008,-5.53602],[-78.51529,-5.5422],[-78.50804,-5.5384],[-78.50158,-5.54112],[-78.49206,-5.53559],[-78.48674,-5.5263],[-78.47779,-5.51741],[-78.47657,-5.52835],[-78.46599,-5.54123],[-78.42709,-5.55566],[-78.42497,-5.56094],[-78.41218,-5.56086],[-78.39559,-5.55657],[-78.38578,-5.56162],[-78.3782,-5.56977],[-78.36298,-5.57675],[-78.37564,-5.59499],[-78.37245,-5.60151],[-78.37859,-5.61042],[-78.38841,-5.60872],[-78.40069,-5.62651],[-78.41066,-5.62986],[-78.41528,-5.63778],[-78.41677,-5.64729],[-78.42858,-5.65619],[-78.4312,-5.66941],[-78.44531,-5.67862],[-78.45316,-5.6763],[-78.4625,-5.66589],[-78.46959,-5.66744]]]}},{"type":"Feature","properties":{"ubigeo":"010301","nombre":"Jumbilla"},"geometry":{"type":"Polygon","coordinates":[[[-77.7923,-5.89886],[-77.78973,-5.91497],[-77.79904,-5.92919],[-77.80061,-5.9427],[-77.79741,-5.95322],[-77.7745,-5.97432],[-77.77279,-5.98855],[-77.78016,-5.9955],[-77.79049,-6.02255],[-77.7881,-6.02734],[-77.79714,-6.02564],[-77.80507,-6.03056],[-77.80566,-6.06182],[-77.80781,-6.08093],[-77.80495,-6.09093],[-77.79612,-6.10239],[-77.78898,-6.12195],[-77.79054,-6.12391],[-77.80301,-6.11868],[-77.80973,-6.1047],[-77.81812,-6.10298],[-77.82963,-6.08949],[-77.83446,-6.06401],[-77.83075,-6.05086],[-77.83067,-6.03962],[-77.8346,-6.03194],[-77.81797,-6.00715],[-77.81377,-6.00805],[-77.80161,-5.99225],[-77.80435,-5.98471],[-77.81306,-5.98337],[-77.83228,-5.97144],[-77.84876,-5.97712],[-77.85031,-5.98786],[-77.85985,-5.97877],[-77.86409,-5.95809],[-77.85974,-5.94997],[-77.87016,-5.93226],[-77.8719,-5.92218],[-77.86219,-5.90952],[-77.86593,-5.90323],[-77.8664,-5.88723],[-77.87076,-5.87782],[-77.87877,-5.87097],[-77.87237,-5.86404],[-77.86764,-5.86401],[-77.86632,-5.85244],[-77.86878,-5.84611],[-77.86476,-5.83871],[-77.84859,-5.83459],[-77.84235,-5.82357],[-77.83992,-5.83249],[-77.84122,-5.84267],[-77.83255,-5.85206],[-77.82473,-5.85622],[-77.81048,-5.86977],[-77.79625,-5.88613],[-77.7923,-5.89886]]]}},{"type":"Feature","properties":{"ubigeo":"010302","nombre":"Chisquilla"},"geometry":{"type":"Polygon","coordinates":[[[-77.74483,-5.94494],[-77.74878,-5.93311],[-77.75537,-5.92518],[-77.77532,-5.91268],[-77.78221,-5.91063],[-77.7923,-5.89886],[-77.79625,-5.88613],[-77.81048,-5.86977],[-77.80858,-5.85737],[-77.78876,-5.84974],[-77.78544,-5.84183],[-77.77467,-5.83799],[-77.77288,-5.83198],[-77.76077,-5.82492],[-77.75294,-5.82778],[-77.74614,-5.83511],[-77.74051,-5.83509],[-77.72642,-5.84398],[-77.71034,-5.84066],[-77.69481,-5.84023],[-77.68153,-5.84949],[-77.67788,-5.85965],[-77.68343,-5.87606],[-77.66611,-5.89385],[-77.66889,-5.89681],[-77.66329,-5.91767],[-77.65771,-5.92973],[-77.65189,-5.93533],[-77.65991,-5.95513],[-77.67125,-5.96326],[-77.67167,-5.9741],[-77.68756,-5.9791],[-77.69653,-5.96256],[-77.70373,-5.9529],[-77.71726,-5.9442],[-77.7294,-5.94264],[-77.74483,-5.94494]]]}},{"type":"Feature","properties":{"ubigeo":"010303","nombre":"Churuja"},"geometry":{"type":"Polygon","coordinates":[[[-77.93779,-6.03777],[-77.95218,-6.02225],[-77.9611,-6.0039],[-77.96747,-6.00003],[-77.96453,-5.99147],[-77.97025,-5.9833],[-77.96404,-5.98244],[-77.95357,-5.98628],[-77.94519,-5.98575],[-77.92937,-5.991],[-77.91429,-5.98449],[-77.90036,-5.99694],[-77.89462,-6.01893],[-77.89957,-6.03143],[-77.90926,-6.02528],[-77.92617,-6.03106],[-77.93167,-6.03016],[-77.93779,-6.03777]]]}},{"type":"Feature","properties":{"ubigeo":"010304","nombre":"Corosha"},"geometry":{"type":"Polygon","coordinates":[[[-77.76077,-5.82492],[-77.77288,-5.83198],[-77.77467,-5.83799],[-77.78544,-5.84183],[-77.78876,-5.84974],[-77.80858,-5.85737],[-77.81048,-5.86977],[-77.82473,-5.85622],[-77.83255,-5.85206],[-77.84122,-5.84267],[-77.83992,-5.83249],[-77.84235,-5.82357],[-77.84975,-5.8092],[-77.85732,-5.80472],[-77.8577,-5.79854],[-77.84824,-5.77929],[-77.83427,-5.77532],[-77.82883,-5.77635],[-77.81942,-5.78854],[-77.80571,-5.7858],[-77.78743,-5.79422],[-77.77644,-5.7929],[-77.77036,-5.78814],[-77.7651,-5.8061],[-77.76393,-5.81971],[-77.76077,-5.82492]]]}},{"type":"Feature","properties":{"ubigeo":"010305","nombre":"Cuispes"},"geometry":{"type":"Polygon","coordinates":[[[-77.86409,-5.95809],[-77.87293,-5.95591],[-77.88604,-5.94853],[-77.89791,-5.948],[-77.91249,-5.95298],[-77.93159,-5.94771],[-77.94162,-5.95315],[-77.95919,-5.94731],[-77.96148,-5.94236],[-77.9714,-5.93865],[-77.96468,-5.92944],[-77.96101,-5.91776],[-77.96712,-5.90847],[-77.96663,-5.90328],[-77.97462,-5.89698],[-77.97664,-5.89039],[-77.96734,-5.88013],[-77.95772,-5.8784],[-77.93671,-5.8828],[-77.91849,-5.87108],[-77.91998,-5.86524],[-77.9149,-5.86064],[-77.89053,-5.86525],[-77.87877,-5.87097],[-77.87076,-5.87782],[-77.8664,-5.88723],[-77.86593,-5.90323],[-77.86219,-5.90952],[-77.8719,-5.92218],[-77.87016,-5.93226],[-77.85974,-5.94997],[-77.86409,-5.95809]]]}},{"type":"Feature","properties":{"ubigeo":"010306","nombre":"Florida"},"geometry":{"type":"Polygon","coordinates":[[[-77.84235,-5.82357],[-77.84859,-5.83459],[-77.86476,-5.83871],[-77.86878,-5.84611],[-77.86632,-5.85244],[-77.86764,-5.86401],[-77.87237,-5.86404],[-77.87877,-5.87097],[-77.89053,-5.86525],[-77.9149,-5.86064],[-77.91998,-5.86524],[-77.91849,-5.87108],[-77.93671,-5.8828],[-77.95772,-5.8784],[-77.96734,-5.88013],[-77.97664,-5.89039],[-77.98853,-5.8829],[-78.00172,-5.8644],[-78.01886,-5.86038],[-78.02392,-5.85679],[-78.03606,-5.83292],[-78.04001,-5.82874],[-78.05351,-5.83438],[-78.05818,-5.82898],[-78.06735,-5.8296],[-78.08055,-5.83972],[-78.09631,-5.83754],[-78.10229,-5.82511],[-78.09754,-5.81865],[-78.09703,-5.80906],[-78.08577,-5.79225],[-78.0697,-5.78769],[-78.05818,-5.78721],[-78.04791,-5.79859],[-78.04436,-5.80779],[-78.04031,-5.8067],[-78.03353,-5.79461],[-78.01653,-5.79241],[-78.01085,-5.79751],[-77.9984,-5.79826],[-77.98489,-5.79355],[-77.97431,-5.79307],[-77.9705,-5.78753],[-77.95268,-5.78358],[-77.94262,-5.76792],[-77.93568,-5.76315],[-77.93046,-5.7548],[-77.91822,-5.74845],[-77.91339,-5.74229],[-77.90838,-5.75638],[-77.90691,-5.76893],[-77.89598,-5.77889],[-77.86887,-5.79312],[-77.86889,-5.79605],[-77.85732,-5.80472],[-77.84975,-5.8092],[-77.84235,-5.82357]]]}},{"type":"Feature","properties":{"ubigeo":"010307","nombre":"Jazan"},"geometry":{"type":"Polygon","coordinates":[[[-77.95919,-5.94731],[-77.9557,-5.95859],[-77.95808,-5.96544],[-77.96558,-5.97121],[-77.97982,-5.9648],[-77.98412,-5.96933],[-78.0032,-5.97255],[-78.00564,-5.97793],[-78.0176,-5.97496],[-78.05031,-5.97717],[-78.06079,-5.97291],[-78.07879,-5.95412],[-78.07563,-5.94549],[-78.08264,-5.93368],[-78.07445,-5.92037],[-78.07658,-5.91677],[-78.06844,-5.91478],[-78.05824,-5.91758],[-78.05469,-5.90609],[-78.0467,-5.90542],[-78.047,-5.91173],[-78.03405,-5.91518],[-78.02604,-5.91353],[-77.99352,-5.9225],[-77.98551,-5.92767],[-77.98166,-5.93604],[-77.97474,-5.92382],[-77.96708,-5.92776],[-77.9714,-5.93865],[-77.96148,-5.94236],[-77.95919,-5.94731]]]}},{"type":"Feature","properties":{"ubigeo":"010308","nombre":"Recta"},"geometry":{"type":"Polygon","coordinates":[[[-77.7745,-5.97432],[-77.79741,-5.95322],[-77.80061,-5.9427],[-77.79904,-5.92919],[-77.78973,-5.91497],[-77.7923,-5.89886],[-77.78221,-5.91063],[-77.77532,-5.91268],[-77.75537,-5.92518],[-77.74878,-5.93311],[-77.74483,-5.94494],[-77.74814,-5.95103],[-77.75916,-5.95686],[-77.76987,-5.96651],[-77.7745,-5.97432]]]}},{"type":"Feature","properties":{"ubigeo":"010309","nombre":"San Carlos"},"geometry":{"type":"Polygon","coordinates":[[[-77.83446,-6.06401],[-77.84241,-6.06482],[-77.85442,-6.05376],[-77.86484,-6.05436],[-77.87714,-6.05122],[-77.88036,-6.04712],[-77.89656,-6.03747],[-77.89957,-6.03143],[-77.89462,-6.01893],[-77.90036,-5.99694],[-77.91429,-5.98449],[-77.92937,-5.991],[-77.94519,-5.98575],[-77.95357,-5.98628],[-77.96404,-5.98244],[-77.97025,-5.9833],[-77.97982,-5.9648],[-77.96558,-5.97121],[-77.95808,-5.96544],[-77.9557,-5.95859],[-77.95919,-5.94731],[-77.94162,-5.95315],[-77.93159,-5.94771],[-77.91249,-5.95298],[-77.89791,-5.948],[-77.88604,-5.94853],[-77.87293,-5.95591],[-77.86409,-5.95809],[-77.85985,-5.97877],[-77.85031,-5.98786],[-77.84876,-5.97712],[-77.83228,-5.97144],[-77.81306,-5.98337],[-77.80435,-5.98471],[-77.80161,-5.99225],[-77.81377,-6.00805],[-77.81797,-6.00715],[-77.8346,-6.03194],[-77.83067,-6.03962],[-77.83075,-6.05086],[-77.83446,-6.06401]]]}},{"type":"Feature","properties":{"ubigeo":"010310","nombre":"Shipasbamba"},"geometry":{"type":"Polygon","coordinates":[[[-77.9714,-5.93865],[-77.96708,-5.92776],[-77.97474,-5.92382],[-77.98166,-5.93604],[-77.98551,-5.92767],[-77.99352,-5.9225],[-78.02604,-5.91353],[-78.03405,-5.91518],[-78.047,-5.91173],[-78.0467,-5.90542],[-78.05469,-5.90609],[-78.05824,-5.91758],[-78.06844,-5.91478],[-78.07658,-5.91677],[-78.10059,-5.91985],[-78.11378,-5.91812],[-78.12285,-5.92026],[-78.12737,-5.91618],[-78.1308,-5.90256],[-78.13522,-5.89424],[-78.1224,-5.89108],[-78.11873,-5.87241],[-78.10455,-5.85726],[-78.10249,-5.84135],[-78.09631,-5.83754],[-78.08055,-5.83972],[-78.06735,-5.8296],[-78.05818,-5.82898],[-78.05351,-5.83438],[-78.04001,-5.82874],[-78.03606,-5.83292],[-78.02392,-5.85679],[-78.01886,-5.86038],[-78.00172,-5.8644],[-77.98853,-5.8829],[-77.97664,-5.89039],[-77.97462,-5.89698],[-77.96663,-5.90328],[-77.96712,-5.90847],[-77.96101,-5.91776],[-77.96468,-5.92944],[-77.9714,-5.93865]]]}},{"type":"Feature","properties":{"ubigeo":"010311","nombre":"Valera"},"geometry":{"type":"Polygon","coordinates":[[[-77.83446,-6.06401],[-77.82963,-6.08949],[-77.81812,-6.10298],[-77.80973,-6.1047],[-77.80301,-6.11868],[-77.79054,-6.12391],[-77.82232,-6.13036],[-77.84145,-6.12865],[-77.86139,-6.11922],[-77.87609,-6.10249],[-77.89095,-6.10269],[-77.90392,-6.09208],[-77.91139,-6.06894],[-77.92135,-6.06089],[-77.93107,-6.05263],[-77.93779,-6.03777],[-77.93167,-6.03016],[-77.92617,-6.03106],[-77.90926,-6.02528],[-77.89957,-6.03143],[-77.89656,-6.03747],[-77.88036,-6.04712],[-77.87714,-6.05122],[-77.86484,-6.05436],[-77.85442,-6.05376],[-77.84241,-6.06482],[-77.83446,-6.06401]]]}},{"type":"Feature","properties":{"ubigeo":"010312","nombre":"Yambrasbamba"},"geometry":{"type":"Polygon","coordinates":[[[-77.69596,-5.41105],[-77.7127,-5.41641],[-77.72333,-5.41469],[-77.74483,-5.4069],[-77.74672,-5.41379],[-77.76443,-5.4311],[-77.76845,-5.43805],[-77.74901,-5.45809],[-77.75083,-5.46419],[-77.76536,-5.47099],[-77.77064,-5.47815],[-77.77157,-5.49392],[-77.76177,-5.50434],[-77.75704,-5.51394],[-77.76528,-5.53232],[-77.76576,-5.53898],[-77.75726,-5.55465],[-77.74986,-5.57344],[-77.75168,-5.58226],[-77.74446,-5.58733],[-77.73689,-5.60514],[-77.73892,-5.62217],[-77.75261,-5.63758],[-77.7509,-5.64304],[-77.75437,-5.659],[-77.76917,-5.6745],[-77.77371,-5.68521],[-77.77515,-5.71075],[-77.76591,-5.71603],[-77.75936,-5.72985],[-77.76171,-5.74237],[-77.77224,-5.75287],[-77.76074,-5.76923],[-77.76717,-5.77628],[-77.77036,-5.78814],[-77.77644,-5.7929],[-77.78743,-5.79422],[-77.80571,-5.7858],[-77.81942,-5.78854],[-77.82883,-5.77635],[-77.83427,-5.77532],[-77.84824,-5.77929],[-77.8577,-5.79854],[-77.85732,-5.80472],[-77.86889,-5.79605],[-77.86887,-5.79312],[-77.89598,-5.77889],[-77.90691,-5.76893],[-77.90838,-5.75638],[-77.91339,-5.74229],[-77.91822,-5.74845],[-77.93046,-5.7548],[-77.93568,-5.76315],[-77.94262,-5.76792],[-77.95268,-5.78358],[-77.9705,-5.78753],[-77.97431,-5.79307],[-77.98489,-5.79355],[-77.9984,-5.79826],[-78.01085,-5.79751],[-78.01653,-5.79241],[-78.03353,-5.79461],[-78.04031,-5.8067],[-78.04436,-5.80779],[-78.04791,-5.79859],[-78.05818,-5.78721],[-78.0697,-5.78769],[-78.08577,-5.79225],[-78.0863,-5.78642],[-78.07691,-5.77419],[-78.07636,-5.76943],[-78.08792,-5.76518],[-78.09402,-5.75793],[-78.10397,-5.75504],[-78.09726,-5.74502],[-78.01239,-5.6115],[-78.01174,-5.60229],[-78.00212,-5.59597],[-77.99563,-5.5834],[-77.98491,-5.57581],[-77.98808,-5.56772],[-77.98735,-5.55674],[-77.99008,-5.54535],[-77.98996,-5.5327],[-77.98481,-5.52739],[-77.99127,-5.51408],[-77.97455,-5.50833],[-77.95542,-5.49855],[-77.94142,-5.48939],[-77.93256,-5.49094],[-77.93136,-5.46081],[-77.93714,-5.45167],[-77.93844,-5.43389],[-77.94328,-5.42205],[-77.95468,-5.41836],[-77.95349,-5.40375],[-77.95552,-5.39972],[-77.74529,-5.13302],[-77.73977,-5.13662],[-77.72086,-5.14045],[-77.70832,-5.15082],[-77.70671,-5.15645],[-77.69508,-5.1671],[-77.70343,-5.17478],[-77.70824,-5.19091],[-77.71364,-5.19627],[-77.72754,-5.2009],[-77.73956,-5.2126],[-77.73221,-5.22589],[-77.72302,-5.23457],[-77.70983,-5.23974],[-77.69909,-5.25398],[-77.69308,-5.26769],[-77.69275,-5.28359],[-77.68415,-5.29588],[-77.6862,-5.30247],[-77.68207,-5.3384],[-77.68805,-5.34635],[-77.69623,-5.37344],[-77.70279,-5.38069],[-77.69596,-5.41105]]]}},{"type":"Feature","properties":{"ubigeo":"010401","nombre":"Nieva"},"geometry":{"type":"Polygon","coordinates":[[[-77.74529,-5.13302],[-77.95552,-5.39972],[-77.96544,-5.39309],[-77.97982,-5.39521],[-77.99239,-5.39178],[-77.99945,-5.38092],[-78.00607,-5.37893],[-78.00899,-5.37103],[-78.02179,-5.36581],[-78.03936,-5.37293],[-78.0509,-5.37505],[-78.05512,-5.39543],[-78.04837,-5.40316],[-78.04833,-5.41053],[-78.05544,-5.4138],[-78.07319,-5.40919],[-78.08056,-5.40237],[-78.07896,-5.39221],[-78.08354,-5.38611],[-78.09383,-5.36047],[-78.10245,-5.35291],[-78.10615,-5.342],[-78.09676,-5.34128],[-78.09664,-5.33453],[-78.09074,-5.31831],[-78.0842,-5.31285],[-78.08086,-5.2946],[-78.07451,-5.28672],[-78.06761,-5.26527],[-78.07617,-5.25401],[-78.06699,-5.23898],[-78.06961,-5.2287],[-78.06066,-5.22197],[-78.0569,-5.20859],[-78.07149,-5.19142],[-78.07971,-5.17076],[-78.08633,-5.17491],[-78.09725,-5.16901],[-78.10102,-5.15758],[-78.09932,-5.14609],[-78.12225,-5.1352],[-78.12623,-5.1285],[-78.1424,-5.11886],[-78.15138,-5.1199],[-78.15801,-5.11636],[-78.15881,-5.10995],[-78.15403,-5.09653],[-78.14383,-5.09557],[-78.13779,-5.0855],[-78.14314,-5.08066],[-78.1608,-5.07898],[-78.16771,-5.08091],[-78.17727,-5.06137],[-78.18529,-5.05421],[-78.19484,-5.03789],[-78.19391,-5.02128],[-78.18906,-5.02037],[-78.18723,-5.00724],[-78.17696,-4.99454],[-78.15618,-4.99332],[-78.14925,-4.99526],[-78.14543,-4.98957],[-78.14777,-4.97558],[-78.14587,-4.96816],[-78.15369,-4.96124],[-78.16326,-4.94739],[-78.16517,-4.9369],[-78.16121,-4.92296],[-78.15656,-4.91774],[-78.14998,-4.91902],[-78.14089,-4.90931],[-78.13438,-4.88743],[-78.12778,-4.8833],[-78.12812,-4.84855],[-78.11941,-4.84024],[-78.14286,-4.80147],[-78.13638,-4.79353],[-78.13943,-4.77996],[-78.15414,-4.7627],[-78.14524,-4.7581],[-78.14256,-4.749],[-78.13602,-4.73875],[-78.12797,-4.71932],[-78.12677,-4.7118],[-78.12014,-4.69951],[-78.13316,-4.66488],[-78.1126,-4.63969],[-78.1058,-4.62441],[-78.10448,-4.6135],[-78.10638,-4.59746],[-78.10267,-4.5918],[-78.10188,-4.56867],[-78.11923,-4.52673],[-78.11118,-4.50982],[-78.09271,-4.50321],[-78.08569,-4.5248],[-78.06601,-4.51933],[-78.05747,-4.51229],[-78.04995,-4.51048],[-78.03983,-4.50162],[-78.02991,-4.48687],[-78.02344,-4.4819],[-78.02141,-4.47489],[-78.0127,-4.47192],[-78.0025,-4.45939],[-77.99571,-4.43564],[-77.98904,-4.42866],[-77.97025,-4.42472],[-77.95744,-4.39781],[-77.94527,-4.39258],[-77.91188,-4.40007],[-77.8923,-4.40682],[-77.86735,-4.40525],[-77.84942,-4.40758],[-77.83748,-4.40458],[-77.82589,-4.3928],[-77.81601,-4.38566],[-77.80274,-4.38342],[-77.79248,-4.38486],[-77.77682,-4.39173],[-77.7557,-4.39366],[-77.73848,-4.40209],[-77.69608,-4.42623],[-77.6806,-4.43232],[-77.66579,-4.43513],[-77.648,-4.43284],[-77.63921,-4.43677],[-77.62369,-4.43742],[-77.61213,-4.44686],[-77.59822,-4.44909],[-77.581,-4.45954],[-77.58594,-4.47501],[-77.59105,-4.48265],[-77.60455,-4.48581],[-77.60789,-4.49224],[-77.61752,-4.49588],[-77.64063,-4.49652],[-77.64135,-4.51006],[-77.65546,-4.51854],[-77.65465,-4.53108],[-77.64902,-4.54642],[-77.65965,-4.55797],[-77.65312,-4.57599],[-77.65925,-4.58138],[-77.66294,-4.59362],[-77.66616,-4.61568],[-77.67195,-4.62947],[-77.6865,-4.64635],[-77.69451,-4.65867],[-77.70534,-4.65972],[-77.71597,-4.66509],[-77.72856,-4.68159],[-77.73139,-4.68844],[-77.75596,-4.70246],[-77.77188,-4.71756],[-77.77522,-4.72832],[-77.78305,-4.73289],[-77.79049,-4.74667],[-77.79462,-4.76301],[-77.78985,-4.77547],[-77.78927,-4.78511],[-77.7954,-4.79304],[-77.79582,-4.81858],[-77.79897,-4.82221],[-77.79175,-4.83377],[-77.79529,-4.83923],[-77.79357,-4.84996],[-77.7748,-4.87822],[-77.77379,-4.89167],[-77.76015,-4.90935],[-77.76693,-4.92122],[-77.76345,-4.93071],[-77.75929,-4.95178],[-77.76818,-4.95593],[-77.77154,-4.96419],[-77.78627,-4.98805],[-77.80834,-5.01549],[-77.82462,-5.03178],[-77.82484,-5.03754],[-77.81603,-5.03829],[-77.81193,-5.05471],[-77.81788,-5.06379],[-77.82228,-5.08179],[-77.81766,-5.09123],[-77.80748,-5.0917],[-77.80202,-5.0862],[-77.791,-5.09522],[-77.77429,-5.09718],[-77.76871,-5.10329],[-77.76757,-5.11159],[-77.74529,-5.13302]]]}},{"type":"Feature","properties":{"ubigeo":"010402","nombre":"El Cenepa"},"geometry":{"type":"Polygon","coordinates":[[[-78.09271,-4.50321],[-78.11118,-4.50982],[-78.11923,-4.52673],[-78.10188,-4.56867],[-78.10267,-4.5918],[-78.10638,-4.59746],[-78.10448,-4.6135],[-78.1058,-4.62441],[-78.1126,-4.63969],[-78.13316,-4.66488],[-78.14009,-4.66617],[-78.14007,-4.65997],[-78.15001,-4.66297],[-78.15553,-4.66049],[-78.15416,-4.65387],[-78.1472,-4.64992],[-78.14729,-4.64319],[-78.15551,-4.63613],[-78.16356,-4.63418],[-78.18642,-4.6561],[-78.19828,-4.65342],[-78.2189,-4.65854],[-78.23311,-4.67621],[-78.23871,-4.68756],[-78.25335,-4.70521],[-78.26242,-4.72104],[-78.26379,-4.71077],[-78.26892,-4.70387],[-78.26748,-4.693],[-78.262,-4.68124],[-78.26998,-4.67419],[-78.27117,-4.66379],[-78.2763,-4.65998],[-78.28509,-4.67309],[-78.30025,-4.67524],[-78.31774,-4.66733],[-78.3235,-4.67005],[-78.32948,-4.67954],[-78.33982,-4.67774],[-78.34173,-4.66793],[-78.36126,-4.6477],[-78.37,-4.65144],[-78.39297,-4.65264],[-78.39975,-4.65778],[-78.41693,-4.65953],[-78.42404,-4.65308],[-78.43016,-4.65341],[-78.44868,-4.6455],[-78.46583,-4.64849],[-78.47283,-4.63345],[-78.47123,-4.63113],[-78.48752,-4.6193],[-78.49279,-4.60756],[-78.4966,-4.60629],[-78.52243,-4.58575],[-78.54025,-4.58453],[-78.55318,-4.57903],[-78.57163,-4.59538],[-78.57444,-4.60307],[-78.58279,-4.59986],[-78.5825,-4.58076],[-78.58486,-4.56774],[-78.58872,-4.56197],[-78.58593,-4.54843],[-78.58113,-4.54432],[-78.58133,-4.53401],[-78.5907,-4.52863],[-78.59892,-4.50909],[-78.60422,-4.5057],[-78.61007,-4.5105],[-78.61909,-4.51001],[-78.62542,-4.50051],[-78.63575,-4.50088],[-78.638,-4.49742],[-78.63741,-4.47821],[-78.63424,-4.47476],[-78.63382,-4.46287],[-78.62761,-4.45822],[-78.61989,-4.43679],[-78.6097,-4.436],[-78.60087,-4.42883],[-78.60397,-4.41165],[-78.62186,-4.41447],[-78.62579,-4.41847],[-78.63409,-4.41516],[-78.64113,-4.40093],[-78.63857,-4.37986],[-78.65076,-4.35182],[-78.64754,-4.34606],[-78.65227,-4.33251],[-78.64611,-4.32505],[-78.64562,-4.31607],[-78.63818,-4.30265],[-78.61824,-4.29422],[-78.61394,-4.28352],[-78.61086,-4.26726],[-78.60172,-4.2562],[-78.60889,-4.23394],[-78.60774,-4.2203],[-78.59834,-4.20791],[-78.57728,-4.19555],[-78.57875,-4.18166],[-78.57437,-4.17074],[-78.58019,-4.14691],[-78.58132,-4.1355],[-78.57208,-4.11495],[-78.56835,-4.10229],[-78.56287,-4.09964],[-78.55765,-4.08922],[-78.55159,-4.0858],[-78.54079,-4.07388],[-78.53754,-4.06063],[-78.56263,-4.04981],[-78.5697,-4.03741],[-78.56491,-4.02293],[-78.56428,-4.00487],[-78.56611,-3.9933],[-78.56139,-3.98535],[-78.54814,-3.97496],[-78.54169,-3.97262],[-78.54287,-3.96461],[-78.52867,-3.94966],[-78.5245,-3.93726],[-78.51308,-3.93492],[-78.48867,-3.93361],[-78.47555,-3.90606],[-78.48013,-3.89721],[-78.48656,-3.89244],[-78.47761,-3.88224],[-78.47895,-3.87283],[-78.47653,-3.85869],[-78.46837,-3.84462],[-78.46196,-3.84358],[-78.46333,-3.82484],[-78.45319,-3.82694],[-78.43565,-3.81848],[-78.42433,-3.80306],[-78.41391,-3.79261],[-78.40937,-3.78239],[-78.40867,-3.77168],[-78.41582,-3.76736],[-78.41462,-3.76128],[-78.40248,-3.73539],[-78.40966,-3.73406],[-78.42175,-3.72329],[-78.41743,-3.71954],[-78.41787,-3.7092],[-78.42283,-3.70527],[-78.42274,-3.69089],[-78.41575,-3.68597],[-78.40997,-3.69065],[-78.40142,-3.69031],[-78.39322,-3.67718],[-78.39915,-3.66862],[-78.39457,-3.65982],[-78.40082,-3.65134],[-78.39833,-3.64662],[-78.38631,-3.6401],[-78.39781,-3.6226],[-78.39615,-3.61622],[-78.39985,-3.6081],[-78.39256,-3.59955],[-78.39475,-3.58776],[-78.38621,-3.57371],[-78.38561,-3.56516],[-78.39119,-3.5601],[-78.38769,-3.55497],[-78.37698,-3.54949],[-78.37563,-3.54317],[-78.36907,-3.53924],[-78.36493,-3.5297],[-78.36657,-3.51414],[-78.35524,-3.49357],[-78.35392,-3.48094],[-78.35918,-3.46952],[-78.34877,-3.45625],[-78.34535,-3.44844],[-78.3447,-3.43561],[-78.34138,-3.4271],[-78.35242,-3.41309],[-78.35623,-3.40356],[-78.34426,-3.39182],[-78.34637,-3.38241],[-78.33999,-3.38215],[-78.32461,-3.38974],[-78.31642,-3.39605],[-78.30119,-3.39976],[-78.28795,-3.39634],[-78.2828,-3.40052],[-78.26908,-3.40467],[-78.24621,-3.40233],[-78.24156,-3.40997],[-78.24342,-3.42256],[-78.24324,-3.43981],[-78.23665,-3.44559],[-78.23637,-3.46152],[-78.22632,-3.49103],[-78.22953,-3.50139],[-78.21729,-3.50886],[-78.21797,-3.52651],[-78.23592,-3.52942],[-78.2417,-3.54871],[-78.24487,-3.55253],[-78.24684,-3.57102],[-78.24499,-3.58276],[-78.23233,-3.58249],[-78.22766,-3.59837],[-78.21873,-3.61414],[-78.2185,-3.62839],[-78.19885,-3.64549],[-78.19426,-3.64549],[-78.19605,-3.65635],[-78.19135,-3.67152],[-78.19531,-3.68393],[-78.19403,-3.68979],[-78.18371,-3.70118],[-78.18641,-3.7072],[-78.18444,-3.72115],[-78.18993,-3.74911],[-78.19932,-3.76848],[-78.19804,-3.78111],[-78.18976,-3.78715],[-78.18505,-3.79837],[-78.1729,-3.80028],[-78.16672,-3.81364],[-78.1614,-3.81917],[-78.14639,-3.82562],[-78.14439,-3.82874],[-78.15306,-3.84475],[-78.16151,-3.85153],[-78.17998,-3.87355],[-78.1812,-3.88067],[-78.17242,-3.89735],[-78.17764,-3.91181],[-78.17175,-3.92182],[-78.16396,-3.92894],[-78.16952,-3.94106],[-78.16863,-3.95741],[-78.16174,-3.96808],[-78.15251,-4.00011],[-78.14912,-4.02951],[-78.14518,-4.03835],[-78.13791,-4.08641],[-78.13345,-4.0948],[-78.13025,-4.11318],[-78.13154,-4.13826],[-78.13752,-4.16557],[-78.12469,-4.16892],[-78.11757,-4.17644],[-78.11539,-4.19417],[-78.12663,-4.19904],[-78.12272,-4.2115],[-78.12619,-4.22701],[-78.12275,-4.24533],[-78.1278,-4.26079],[-78.11788,-4.27942],[-78.10704,-4.27908],[-78.09911,-4.27427],[-78.08568,-4.27556],[-78.07507,-4.28133],[-78.07003,-4.28741],[-78.05253,-4.29422],[-78.03105,-4.2905],[-78.0315,-4.29847],[-78.03796,-4.31548],[-78.03579,-4.32448],[-78.04339,-4.32884],[-78.04243,-4.33869],[-78.04726,-4.37713],[-78.04752,-4.3914],[-78.0402,-4.40373],[-78.05299,-4.45715],[-78.0675,-4.47994],[-78.08378,-4.49218],[-78.09271,-4.50321]]]}},{"type":"Feature","properties":{"ubigeo":"010403","nombre":"Río Santiago"},"geometry":{"type":"Polygon","coordinates":[[[-77.581,-4.45954],[-77.59822,-4.44909],[-77.61213,-4.44686],[-77.62369,-4.43742],[-77.63921,-4.43677],[-77.648,-4.43284],[-77.66579,-4.43513],[-77.6806,-4.43232],[-77.69608,-4.42623],[-77.73848,-4.40209],[-77.7557,-4.39366],[-77.77682,-4.39173],[-77.79248,-4.38486],[-77.80274,-4.38342],[-77.81601,-4.38566],[-77.82589,-4.3928],[-77.83748,-4.40458],[-77.84942,-4.40758],[-77.86735,-4.40525],[-77.8923,-4.40682],[-77.91188,-4.40007],[-77.94527,-4.39258],[-77.95744,-4.39781],[-77.97025,-4.42472],[-77.98904,-4.42866],[-77.99571,-4.43564],[-78.0025,-4.45939],[-78.0127,-4.47192],[-78.02141,-4.47489],[-78.02344,-4.4819],[-78.02991,-4.48687],[-78.03983,-4.50162],[-78.04995,-4.51048],[-78.05747,-4.51229],[-78.06601,-4.51933],[-78.08569,-4.5248],[-78.09271,-4.50321],[-78.08378,-4.49218],[-78.0675,-4.47994],[-78.05299,-4.45715],[-78.0402,-4.40373],[-78.04752,-4.3914],[-78.04726,-4.37713],[-78.04243,-4.33869],[-78.04339,-4.32884],[-78.03579,-4.32448],[-78.03796,-4.31548],[-78.0315,-4.29847],[-78.03105,-4.2905],[-78.05253,-4.29422],[-78.07003,-4.28741],[-78.07507,-4.28133],[-78.08568,-4.27556],[-78.09911,-4.27427],[-78.10704,-4.27908],[-78.11788,-4.27942],[-78.1278,-4.26079],[-78.12275,-4.24533],[-78.12619,-4.22701],[-78.12272,-4.2115],[-78.12663,-4.19904],[-78.11539,-4.19417],[-78.11757,-4.17644],[-78.12469,-4.16892],[-78.13752,-4.16557],[-78.13154,-4.13826],[-78.13025,-4.11318],[-78.13345,-4.0948],[-78.13791,-4.08641],[-78.14518,-4.03835],[-78.14912,-4.02951],[-78.15251,-4.00011],[-78.16174,-3.96808],[-78.16863,-3.95741],[-78.16952,-3.94106],[-78.16396,-3.92894],[-78.17175,-3.92182],[-78.17764,-3.91181],[-78.17242,-3.89735],[-78.1812,-3.88067],[-78.17998,-3.87355],[-78.16151,-3.85153],[-78.15306,-3.84475],[-78.14439,-3.82874],[-78.14639,-3.82562],[-78.1614,-3.81917],[-78.16672,-3.81364],[-78.1729,-3.80028],[-78.18505,-3.79837],[-78.18976,-3.78715],[-78.19804,-3.78111],[-78.19932,-3.76848],[-78.18993,-3.74911],[-78.18444,-3.72115],[-78.18641,-3.7072],[-78.18371,-3.70118],[-78.19403,-3.68979],[-78.19531,-3.68393],[-78.19135,-3.67152],[-78.19605,-3.65635],[-78.19426,-3.64549],[-78.19885,-3.64549],[-78.2185,-3.62839],[-78.21873,-3.61414],[-78.22766,-3.59837],[-78.23233,-3.58249],[-78.24499,-3.58276],[-78.24684,-3.57102],[-78.24487,-3.55253],[-78.2417,-3.54871],[-78.23592,-3.52942],[-78.21797,-3.52651],[-78.21729,-3.50886],[-78.20645,-3.50531],[-78.20079,-3.49578],[-78.1929,-3.50016],[-78.18173,-3.49638],[-78.17744,-3.49132],[-78.16816,-3.49068],[-78.1609,-3.48054],[-78.14917,-3.4808],[-78.14609,-3.47534],[-78.14489,-3.46045],[-78.14669,-3.4478],[-78.15168,-3.44026],[-78.15047,-3.43305],[-78.15491,-3.41156],[-78.17774,-3.41009],[-78.18121,-3.40225],[-78.17967,-3.39612],[-78.18533,-3.39381],[-78.18903,-3.38562],[-78.18985,-3.37096],[-78.1958,-3.36288],[-78.17121,-3.35083],[-78.16486,-3.34265],[-78.15161,-3.33321],[-78.15174,-3.32854],[-78.13919,-3.32768],[-78.13953,-3.31659],[-78.12734,-3.29862],[-78.1123,-3.28528],[-78.10725,-3.27715],[-78.10578,-3.26332],[-78.09898,-3.26148],[-78.09476,-3.25147],[-78.09071,-3.23431],[-78.08343,-3.2294],[-78.06477,-3.22445],[-78.05468,-3.20839],[-78.04157,-3.20368],[-78.03538,-3.18906],[-78.02008,-3.18608],[-78.01269,-3.17885],[-78.00913,-3.15807],[-77.99468,-3.14573],[-77.98496,-3.1336],[-77.98245,-3.11965],[-77.97215,-3.11841],[-77.96227,-3.10025],[-77.96268,-3.0954],[-77.95137,-3.09053],[-77.94733,-3.07254],[-77.94075,-3.06547],[-77.84005,-3.0082],[-77.84457,-2.998],[-77.80862,-2.98613],[-77.81725,-3.00079],[-77.80826,-3.02295],[-77.79315,-3.04398],[-77.78766,-3.07478],[-77.79434,-3.09011],[-77.78643,-3.10274],[-77.79094,-3.11763],[-77.78329,-3.17423],[-77.77852,-3.18718],[-77.7776,-3.19872],[-77.77928,-3.22055],[-77.77876,-3.25801],[-77.77985,-3.29158],[-77.77528,-3.32406],[-77.77835,-3.35929],[-77.77667,-3.38553],[-77.77648,-3.40913],[-77.77254,-3.42881],[-77.76427,-3.44352],[-77.76054,-3.4598],[-77.75301,-3.46241],[-77.74564,-3.48223],[-77.73369,-3.49464],[-77.72773,-3.50546],[-77.71646,-3.51244],[-77.71089,-3.52626],[-77.7172,-3.53731],[-77.71646,-3.54231],[-77.69973,-3.55249],[-77.68984,-3.55569],[-77.67041,-3.56838],[-77.65934,-3.58244],[-77.65229,-3.59791],[-77.64884,-3.61024],[-77.64301,-3.61935],[-77.62195,-3.62053],[-77.61694,-3.6343],[-77.62021,-3.64886],[-77.61672,-3.6524],[-77.62136,-3.66433],[-77.61778,-3.67472],[-77.62135,-3.68611],[-77.61562,-3.70772],[-77.6223,-3.71773],[-77.62605,-3.73496],[-77.64321,-3.75306],[-77.64398,-3.76057],[-77.65157,-3.78184],[-77.64434,-3.78853],[-77.63574,-3.80126],[-77.6314,-3.81352],[-77.62313,-3.82214],[-77.60924,-3.82524],[-77.59892,-3.83566],[-77.59893,-3.84198],[-77.58192,-3.86282],[-77.56169,-3.87756],[-77.56738,-3.88125],[-77.56902,-3.89307],[-77.56088,-3.90402],[-77.55716,-3.91816],[-77.54578,-3.93461],[-77.54177,-3.94333],[-77.53788,-3.9619],[-77.54123,-3.98638],[-77.5381,-4.00347],[-77.53812,-4.02871],[-77.54452,-4.0752],[-77.54716,-4.08484],[-77.54966,-4.10989],[-77.55838,-4.12997],[-77.5612,-4.14442],[-77.569,-4.16988],[-77.56759,-4.179],[-77.57112,-4.19516],[-77.57698,-4.21826],[-77.5806,-4.24071],[-77.58555,-4.25133],[-77.58238,-4.27009],[-77.57956,-4.27618],[-77.58068,-4.29009],[-77.57901,-4.30116],[-77.57156,-4.32881],[-77.56539,-4.37246],[-77.56816,-4.38841],[-77.56488,-4.39355],[-77.56828,-4.42092],[-77.57349,-4.43044],[-77.581,-4.45954]]]}},{"type":"Feature","properties":{"ubigeo":"010501","nombre":"Lamud"},"geometry":{"type":"Polygon","coordinates":[[[-77.90577,-6.15711],[-77.91193,-6.16051],[-77.92937,-6.15974],[-77.93428,-6.14765],[-77.94142,-6.14307],[-77.96428,-6.1474],[-77.97406,-6.14731],[-77.99083,-6.14224],[-78.00274,-6.14248],[-78.01483,-6.12016],[-78.0234,-6.11215],[-77.9972,-6.10506],[-77.98848,-6.10546],[-77.97706,-6.11767],[-77.95334,-6.11046],[-77.94921,-6.09991],[-77.93868,-6.0911],[-77.93066,-6.07895],[-77.92135,-6.06089],[-77.91139,-6.06894],[-77.90392,-6.09208],[-77.89095,-6.10269],[-77.89541,-6.11142],[-77.89539,-6.12535],[-77.89765,-6.13794],[-77.9043,-6.14619],[-77.90577,-6.15711]]]}},{"type":"Feature","properties":{"ubigeo":"010502","nombre":"Camporredondo"},"geometry":{"type":"Polygon","coordinates":[[[-78.26573,-6.13651],[-78.2643,-6.1403],[-78.26967,-6.15828],[-78.27178,-6.17177],[-78.27874,-6.17408],[-78.28151,-6.18643],[-78.29106,-6.19185],[-78.28873,-6.20219],[-78.29288,-6.21064],[-78.28939,-6.2202],[-78.28774,-6.23641],[-78.30193,-6.25904],[-78.30876,-6.26384],[-78.31983,-6.2602],[-78.32481,-6.26156],[-78.33613,-6.27621],[-78.34437,-6.27607],[-78.34797,-6.27209],[-78.36999,-6.26541],[-78.37221,-6.25258],[-78.37009,-6.23908],[-78.38026,-6.23074],[-78.40162,-6.22597],[-78.40282,-6.21873],[-78.41424,-6.21381],[-78.41899,-6.20571],[-78.41695,-6.19348],[-78.41973,-6.18842],[-78.40729,-6.18175],[-78.40121,-6.18116],[-78.38941,-6.17144],[-78.37306,-6.16978],[-78.37229,-6.15811],[-78.36785,-6.1469],[-78.37245,-6.13364],[-78.36757,-6.1203],[-78.36812,-6.10862],[-78.36186,-6.09879],[-78.34972,-6.08687],[-78.32723,-6.08],[-78.31431,-6.07984],[-78.30483,-6.0851],[-78.2925,-6.10084],[-78.28472,-6.10385],[-78.27755,-6.11079],[-78.27563,-6.11936],[-78.2767,-6.13105],[-78.26573,-6.13651]]]}},{"type":"Feature","properties":{"ubigeo":"010503","nombre":"Cocabamba"},"geometry":{"type":"Polygon","coordinates":[[[-77.9219,-6.63165],[-77.91872,-6.64255],[-77.9191,-6.65123],[-77.92559,-6.66719],[-77.92318,-6.67107],[-77.92678,-6.68148],[-77.93597,-6.68979],[-77.94183,-6.70298],[-77.95536,-6.70812],[-77.95955,-6.71395],[-77.96574,-6.7124],[-77.97231,-6.71767],[-78.00102,-6.72121],[-78.00206,-6.73105],[-78.00886,-6.74296],[-78.02782,-6.74591],[-78.03533,-6.74271],[-78.03368,-6.73942],[-78.03886,-6.73038],[-78.03917,-6.71458],[-78.04388,-6.71234],[-78.04638,-6.68871],[-78.05676,-6.67574],[-78.07313,-6.6732],[-78.07846,-6.66822],[-78.07527,-6.65973],[-78.08022,-6.6553],[-78.09412,-6.65737],[-78.09735,-6.65033],[-78.10509,-6.64571],[-78.10366,-6.63586],[-78.10599,-6.61937],[-78.11282,-6.61238],[-78.11675,-6.60171],[-78.12074,-6.59732],[-78.12141,-6.58825],[-78.11667,-6.578],[-78.13763,-6.56317],[-78.13669,-6.55846],[-78.12646,-6.56596],[-78.11499,-6.55557],[-78.09823,-6.55101],[-78.06662,-6.55617],[-78.04767,-6.55319],[-78.03713,-6.54222],[-78.028,-6.54439],[-78.01666,-6.55116],[-78.0136,-6.54191],[-78.00426,-6.53933],[-78.00147,-6.53513],[-78.00167,-6.52063],[-77.99846,-6.51906],[-77.9866,-6.52464],[-77.98087,-6.53143],[-77.9663,-6.54303],[-77.95901,-6.54554],[-77.95268,-6.55573],[-77.95343,-6.56867],[-77.94502,-6.57488],[-77.94277,-6.58618],[-77.93657,-6.60253],[-77.93648,-6.61471],[-77.92262,-6.62838],[-77.9219,-6.63165]]]}},{"type":"Feature","properties":{"ubigeo":"010504","nombre":"Colcamar"},"geometry":{"type":"Polygon","coordinates":[[[-77.93611,-6.28551],[-77.93456,-6.30407],[-77.93632,-6.31637],[-77.93137,-6.3206],[-77.94632,-6.32736],[-77.97402,-6.32933],[-77.97831,-6.33908],[-77.99205,-6.35418],[-77.99915,-6.34917],[-78.00662,-6.35047],[-78.01765,-6.34732],[-78.02093,-6.35057],[-78.03449,-6.3737],[-78.04229,-6.3816],[-78.04232,-6.3683],[-78.04831,-6.35235],[-78.04765,-6.3455],[-78.05514,-6.33493],[-78.0557,-6.32183],[-78.06027,-6.31314],[-78.07148,-6.31117],[-78.08091,-6.28054],[-78.08801,-6.26704],[-78.08216,-6.27306],[-78.07282,-6.27614],[-78.06584,-6.26395],[-78.0562,-6.25681],[-78.04173,-6.26522],[-78.03751,-6.27032],[-78.02613,-6.27172],[-78.02623,-6.28647],[-78.01794,-6.2971],[-78.01861,-6.30538],[-78.00101,-6.29939],[-77.99417,-6.29475],[-77.99377,-6.28369],[-77.97515,-6.2748],[-77.96856,-6.27805],[-77.94086,-6.27384],[-77.94128,-6.2835],[-77.93611,-6.28551]]]}},{"type":"Feature","properties":{"ubigeo":"010505","nombre":"Conila"},"geometry":{"type":"Polygon","coordinates":[[[-78.08261,-6.17189],[-78.09673,-6.18859],[-78.10138,-6.19854],[-78.10709,-6.20295],[-78.1175,-6.20168],[-78.12714,-6.20366],[-78.13988,-6.21688],[-78.14403,-6.2153],[-78.15738,-6.20095],[-78.16906,-6.19714],[-78.17742,-6.18971],[-78.18534,-6.19234],[-78.19487,-6.18832],[-78.20168,-6.17988],[-78.21351,-6.18155],[-78.21389,-6.18693],[-78.22287,-6.18838],[-78.23001,-6.18215],[-78.23064,-6.16902],[-78.24444,-6.15877],[-78.25223,-6.14625],[-78.26573,-6.13651],[-78.2767,-6.13105],[-78.27563,-6.11936],[-78.27755,-6.11079],[-78.28472,-6.10385],[-78.2925,-6.10084],[-78.30483,-6.0851],[-78.29383,-6.07245],[-78.28974,-6.06319],[-78.28438,-6.06424],[-78.26539,-6.06299],[-78.24908,-6.05804],[-78.22372,-6.06155],[-78.21405,-6.05529],[-78.20684,-6.03902],[-78.19744,-6.03133],[-78.17934,-6.02488],[-78.16433,-6.01727],[-78.16361,-6.02026],[-78.17354,-6.04091],[-78.18403,-6.06305],[-78.17493,-6.07437],[-78.17254,-6.08606],[-78.15463,-6.10496],[-78.15396,-6.11115],[-78.14604,-6.1181],[-78.13402,-6.12454],[-78.12473,-6.1237],[-78.11193,-6.13022],[-78.09955,-6.12862],[-78.09264,-6.13259],[-78.08261,-6.17189]]]}},{"type":"Feature","properties":{"ubigeo":"010506","nombre":"Inguilpata"},"geometry":{"type":"Polygon","coordinates":[[[-77.94086,-6.27384],[-77.96856,-6.27805],[-77.97515,-6.2748],[-77.99377,-6.28369],[-77.99417,-6.29475],[-78.00101,-6.29939],[-78.01861,-6.30538],[-78.01794,-6.2971],[-78.02623,-6.28647],[-78.02613,-6.27172],[-78.03751,-6.27032],[-78.04173,-6.26522],[-78.0562,-6.25681],[-78.06584,-6.26395],[-78.07282,-6.27614],[-78.08216,-6.27306],[-78.08801,-6.26704],[-78.08954,-6.25437],[-78.10707,-6.25014],[-78.11334,-6.25237],[-78.12241,-6.25012],[-78.13227,-6.25406],[-78.1392,-6.25359],[-78.1389,-6.24231],[-78.12966,-6.23859],[-78.12449,-6.23003],[-78.11212,-6.22387],[-78.10248,-6.22516],[-78.09854,-6.22055],[-78.08602,-6.21834],[-78.07417,-6.20781],[-78.06725,-6.20632],[-78.06128,-6.21427],[-78.04359,-6.20989],[-78.03667,-6.21197],[-78.03298,-6.22321],[-78.01038,-6.20898],[-78.00512,-6.20379],[-77.99598,-6.20952],[-77.99599,-6.22636],[-77.98906,-6.23774],[-77.96455,-6.23709],[-77.94723,-6.24088],[-77.93526,-6.23746],[-77.92088,-6.24193],[-77.9258,-6.24835],[-77.93421,-6.25035],[-77.94001,-6.2612],[-77.94086,-6.27384]]]}},{"type":"Feature","properties":{"ubigeo":"010507","nombre":"Longuita"},"geometry":{"type":"Polygon","coordinates":[[[-78.00275,-6.44437],[-78.01156,-6.44787],[-78.01948,-6.45497],[-78.02462,-6.45417],[-78.0234,-6.44271],[-78.02593,-6.44028],[-78.03474,-6.4169],[-78.04241,-6.4017],[-78.04229,-6.3816],[-78.03449,-6.3737],[-78.02093,-6.35057],[-78.01435,-6.36348],[-78.00354,-6.37084],[-77.98991,-6.39003],[-77.97893,-6.39296],[-77.97621,-6.39754],[-77.95605,-6.40596],[-77.94639,-6.40617],[-77.95252,-6.41003],[-77.95634,-6.42033],[-77.98539,-6.44034],[-77.9998,-6.44183],[-78.00275,-6.44437]]]}},{"type":"Feature","properties":{"ubigeo":"010508","nombre":"Lonya Chico"},"geometry":{"type":"Polygon","coordinates":[[[-77.91686,-6.231],[-77.92088,-6.24193],[-77.93526,-6.23746],[-77.94723,-6.24088],[-77.96455,-6.23709],[-77.98906,-6.23774],[-77.99599,-6.22636],[-77.99598,-6.20952],[-78.00512,-6.20379],[-78.01038,-6.20898],[-78.03298,-6.22321],[-78.03667,-6.21197],[-78.04359,-6.20989],[-78.06128,-6.21427],[-78.06725,-6.20632],[-78.07417,-6.20781],[-78.08602,-6.21834],[-78.09854,-6.22055],[-78.10453,-6.21229],[-78.10709,-6.20295],[-78.10138,-6.19854],[-78.09673,-6.18859],[-78.08261,-6.17189],[-78.06833,-6.17599],[-78.06326,-6.18056],[-78.06019,-6.18724],[-78.04805,-6.1954],[-78.03522,-6.19605],[-78.01444,-6.17883],[-77.98552,-6.18916],[-77.97197,-6.18613],[-77.95862,-6.19658],[-77.95217,-6.2105],[-77.94622,-6.21471],[-77.9371,-6.21248],[-77.93379,-6.2154],[-77.92983,-6.22876],[-77.91686,-6.231]]]}},{"type":"Feature","properties":{"ubigeo":"010509","nombre":"Luya"},"geometry":{"type":"Polygon","coordinates":[[[-77.90879,-6.17764],[-77.90649,-6.19427],[-77.90203,-6.19935],[-77.90282,-6.20807],[-77.91399,-6.22131],[-77.91686,-6.231],[-77.92983,-6.22876],[-77.93379,-6.2154],[-77.9371,-6.21248],[-77.94622,-6.21471],[-77.95217,-6.2105],[-77.95862,-6.19658],[-77.97197,-6.18613],[-77.98552,-6.18916],[-78.01444,-6.17883],[-78.03522,-6.19605],[-78.04805,-6.1954],[-78.06019,-6.18724],[-78.06326,-6.18056],[-78.05919,-6.16395],[-78.04407,-6.16648],[-78.04067,-6.16307],[-78.03281,-6.16341],[-78.02789,-6.16833],[-78.0099,-6.16683],[-78.00753,-6.15943],[-77.99892,-6.15562],[-78.00274,-6.14248],[-77.99083,-6.14224],[-77.97406,-6.14731],[-77.96428,-6.1474],[-77.94142,-6.14307],[-77.93428,-6.14765],[-77.92937,-6.15974],[-77.91193,-6.16051],[-77.90577,-6.15711],[-77.90306,-6.16674],[-77.90879,-6.17764]]]}},{"type":"Feature","properties":{"ubigeo":"010510","nombre":"Luya Viejo"},"geometry":{"type":"Polygon","coordinates":[[[-78.04067,-6.16307],[-78.04407,-6.16648],[-78.05919,-6.16395],[-78.06326,-6.18056],[-78.06833,-6.17599],[-78.08261,-6.17189],[-78.09264,-6.13259],[-78.09955,-6.12862],[-78.11193,-6.13022],[-78.12473,-6.1237],[-78.13402,-6.12454],[-78.14604,-6.1181],[-78.15396,-6.11115],[-78.15463,-6.10496],[-78.17254,-6.08606],[-78.17493,-6.07437],[-78.18403,-6.06305],[-78.17354,-6.04091],[-78.16412,-6.04347],[-78.15434,-6.06133],[-78.15501,-6.07603],[-78.14717,-6.08705],[-78.13844,-6.08766],[-78.13299,-6.09386],[-78.12322,-6.0938],[-78.11962,-6.09929],[-78.10878,-6.10411],[-78.09221,-6.10317],[-78.08076,-6.11057],[-78.07738,-6.12056],[-78.06964,-6.12823],[-78.05972,-6.13041],[-78.06101,-6.14613],[-78.05205,-6.15238],[-78.04829,-6.14358],[-78.03999,-6.1351],[-78.0416,-6.11699],[-78.03637,-6.11166],[-78.02864,-6.11232],[-78.02338,-6.1204],[-78.02535,-6.1315],[-78.01661,-6.13649],[-78.02498,-6.1505],[-78.03212,-6.14711],[-78.03805,-6.15257],[-78.04067,-6.16307]]]}},{"type":"Feature","properties":{"ubigeo":"010511","nombre":"María"},"geometry":{"type":"Polygon","coordinates":[[[-77.91722,-6.53434],[-77.92366,-6.54419],[-77.93454,-6.55341],[-77.94502,-6.57488],[-77.95343,-6.56867],[-77.95268,-6.55573],[-77.95901,-6.54554],[-77.9663,-6.54303],[-77.98087,-6.53143],[-77.9866,-6.52464],[-77.99846,-6.51906],[-77.99461,-6.49519],[-77.99828,-6.46593],[-78.0033,-6.45723],[-78.00275,-6.44437],[-77.9998,-6.44183],[-77.98539,-6.44034],[-77.95634,-6.42033],[-77.95446,-6.43007],[-77.95703,-6.43942],[-77.94891,-6.45728],[-77.94557,-6.46009],[-77.93902,-6.47118],[-77.94035,-6.47633],[-77.95119,-6.4875],[-77.94361,-6.4904],[-77.93342,-6.48721],[-77.92215,-6.48889],[-77.91633,-6.50439],[-77.92147,-6.51986],[-77.91722,-6.53434]]]}},{"type":"Feature","properties":{"ubigeo":"010512","nombre":"Ocalli"},"geometry":{"type":"Polygon","coordinates":[[[-78.09854,-6.22055],[-78.10248,-6.22516],[-78.11212,-6.22387],[-78.12449,-6.23003],[-78.12966,-6.23859],[-78.1389,-6.24231],[-78.1392,-6.25359],[-78.14879,-6.26227],[-78.1559,-6.26377],[-78.16612,-6.27079],[-78.18009,-6.26945],[-78.19097,-6.27131],[-78.22587,-6.26261],[-78.2312,-6.2674],[-78.24491,-6.26248],[-78.26991,-6.26787],[-78.27589,-6.26431],[-78.28898,-6.26675],[-78.2983,-6.27144],[-78.30876,-6.26384],[-78.30193,-6.25904],[-78.28774,-6.23641],[-78.28939,-6.2202],[-78.29288,-6.21064],[-78.28873,-6.20219],[-78.29106,-6.19185],[-78.28151,-6.18643],[-78.27874,-6.17408],[-78.27178,-6.17177],[-78.26967,-6.15828],[-78.2643,-6.1403],[-78.26573,-6.13651],[-78.25223,-6.14625],[-78.24444,-6.15877],[-78.23064,-6.16902],[-78.23001,-6.18215],[-78.22287,-6.18838],[-78.21389,-6.18693],[-78.21351,-6.18155],[-78.20168,-6.17988],[-78.19487,-6.18832],[-78.18534,-6.19234],[-78.17742,-6.18971],[-78.16906,-6.19714],[-78.15738,-6.20095],[-78.14403,-6.2153],[-78.13988,-6.21688],[-78.12714,-6.20366],[-78.1175,-6.20168],[-78.10709,-6.20295],[-78.10453,-6.21229],[-78.09854,-6.22055]]]}},{"type":"Feature","properties":{"ubigeo":"010513","nombre":"Ocumal"},"geometry":{"type":"Polygon","coordinates":[[[-78.04229,-6.3816],[-78.04849,-6.37641],[-78.05729,-6.37515],[-78.07644,-6.38209],[-78.09038,-6.39613],[-78.10049,-6.39528],[-78.10924,-6.3987],[-78.13,-6.41405],[-78.14614,-6.42037],[-78.15333,-6.42084],[-78.15806,-6.42621],[-78.16922,-6.42954],[-78.18123,-6.43621],[-78.18959,-6.43555],[-78.19668,-6.4486],[-78.20483,-6.45231],[-78.20432,-6.45852],[-78.20999,-6.45803],[-78.21151,-6.44742],[-78.21806,-6.44695],[-78.22188,-6.42971],[-78.2261,-6.42706],[-78.24148,-6.40956],[-78.24207,-6.40398],[-78.25149,-6.39642],[-78.26829,-6.39111],[-78.27529,-6.39969],[-78.27997,-6.39614],[-78.27793,-6.38896],[-78.29354,-6.37179],[-78.29952,-6.37538],[-78.30557,-6.36792],[-78.319,-6.35702],[-78.32746,-6.35632],[-78.31679,-6.34897],[-78.29786,-6.35422],[-78.28338,-6.36324],[-78.26106,-6.37],[-78.25301,-6.3571],[-78.24989,-6.34801],[-78.25535,-6.33481],[-78.25032,-6.32565],[-78.24733,-6.31352],[-78.23631,-6.31041],[-78.22986,-6.29654],[-78.2312,-6.2674],[-78.22587,-6.26261],[-78.19097,-6.27131],[-78.18009,-6.26945],[-78.16612,-6.27079],[-78.1559,-6.26377],[-78.14879,-6.26227],[-78.1392,-6.25359],[-78.13227,-6.25406],[-78.12241,-6.25012],[-78.11334,-6.25237],[-78.10707,-6.25014],[-78.08954,-6.25437],[-78.08801,-6.26704],[-78.08091,-6.28054],[-78.07148,-6.31117],[-78.06027,-6.31314],[-78.0557,-6.32183],[-78.05514,-6.33493],[-78.04765,-6.3455],[-78.04831,-6.35235],[-78.04232,-6.3683],[-78.04229,-6.3816]]]}},{"type":"Feature","properties":{"ubigeo":"010514","nombre":"Pisuquia"},"geometry":{"type":"Polygon","coordinates":[[[-78.00275,-6.44437],[-78.0033,-6.45723],[-77.99828,-6.46593],[-77.99461,-6.49519],[-77.99846,-6.51906],[-78.00167,-6.52063],[-78.00147,-6.53513],[-78.00426,-6.53933],[-78.0136,-6.54191],[-78.01666,-6.55116],[-78.028,-6.54439],[-78.03713,-6.54222],[-78.04767,-6.55319],[-78.06662,-6.55617],[-78.09823,-6.55101],[-78.11499,-6.55557],[-78.12646,-6.56596],[-78.13669,-6.55846],[-78.1324,-6.55113],[-78.13732,-6.54944],[-78.13849,-6.53679],[-78.13459,-6.53552],[-78.13578,-6.52701],[-78.14387,-6.52025],[-78.14563,-6.51316],[-78.15048,-6.51242],[-78.15218,-6.49983],[-78.16437,-6.4908],[-78.17304,-6.49418],[-78.17652,-6.47585],[-78.18576,-6.47111],[-78.19003,-6.45702],[-78.20432,-6.45852],[-78.20483,-6.45231],[-78.19668,-6.4486],[-78.18959,-6.43555],[-78.18123,-6.43621],[-78.16922,-6.42954],[-78.15806,-6.42621],[-78.15333,-6.42084],[-78.14614,-6.42037],[-78.13,-6.41405],[-78.10924,-6.3987],[-78.10049,-6.39528],[-78.09038,-6.39613],[-78.07644,-6.38209],[-78.05729,-6.37515],[-78.04849,-6.37641],[-78.04229,-6.3816],[-78.04241,-6.4017],[-78.03474,-6.4169],[-78.02593,-6.44028],[-78.0234,-6.44271],[-78.02462,-6.45417],[-78.01948,-6.45497],[-78.01156,-6.44787],[-78.00275,-6.44437]]]}},{"type":"Feature","properties":{"ubigeo":"010515","nombre":"Providencia"},"geometry":{"type":"Polygon","coordinates":[[[-78.2312,-6.2674],[-78.22986,-6.29654],[-78.23631,-6.31041],[-78.24733,-6.31352],[-78.25032,-6.32565],[-78.25535,-6.33481],[-78.24989,-6.34801],[-78.25301,-6.3571],[-78.26106,-6.37],[-78.28338,-6.36324],[-78.29786,-6.35422],[-78.31679,-6.34897],[-78.32746,-6.35632],[-78.33373,-6.35098],[-78.33287,-6.33645],[-78.33539,-6.31868],[-78.34774,-6.29854],[-78.35642,-6.29543],[-78.35973,-6.28125],[-78.36513,-6.28077],[-78.36999,-6.26541],[-78.34797,-6.27209],[-78.34437,-6.27607],[-78.33613,-6.27621],[-78.32481,-6.26156],[-78.31983,-6.2602],[-78.30876,-6.26384],[-78.2983,-6.27144],[-78.28898,-6.26675],[-78.27589,-6.26431],[-78.26991,-6.26787],[-78.24491,-6.26248],[-78.2312,-6.2674]]]}},{"type":"Feature","properties":{"ubigeo":"010516","nombre":"San Cristóbal"},"geometry":{"type":"Polygon","coordinates":[[[-78.0234,-6.11215],[-78.04098,-6.10124],[-78.04144,-6.09296],[-78.02583,-6.09698],[-78.01495,-6.10392],[-78.00787,-6.10407],[-77.99211,-6.09349],[-77.96949,-6.08923],[-77.96361,-6.07802],[-77.96454,-6.06241],[-77.96011,-6.05378],[-77.95111,-6.04718],[-77.94213,-6.04519],[-77.93779,-6.03777],[-77.93107,-6.05263],[-77.92135,-6.06089],[-77.93066,-6.07895],[-77.93868,-6.0911],[-77.94921,-6.09991],[-77.95334,-6.11046],[-77.97706,-6.11767],[-77.98848,-6.10546],[-77.9972,-6.10506],[-78.0234,-6.11215]]]}},{"type":"Feature","properties":{"ubigeo":"010517","nombre":"San Francisco de Yeso"},"geometry":{"type":"Polygon","coordinates":[[[-77.79792,-6.6574],[-77.80038,-6.6665],[-77.79769,-6.67657],[-77.7983,-6.69557],[-77.80316,-6.70707],[-77.81099,-6.70674],[-77.82296,-6.71551],[-77.82393,-6.72195],[-77.83536,-6.73289],[-77.8506,-6.72748],[-77.86565,-6.72839],[-77.89281,-6.73412],[-77.89764,-6.72099],[-77.90507,-6.71453],[-77.90688,-6.70223],[-77.91948,-6.69026],[-77.93289,-6.6921],[-77.93597,-6.68979],[-77.92678,-6.68148],[-77.92318,-6.67107],[-77.92559,-6.66719],[-77.9191,-6.65123],[-77.91872,-6.64255],[-77.9219,-6.63165],[-77.91385,-6.63043],[-77.90674,-6.61566],[-77.88951,-6.60533],[-77.87112,-6.59641],[-77.85586,-6.57425],[-77.83648,-6.57183],[-77.82988,-6.56558],[-77.82725,-6.57507],[-77.81531,-6.60034],[-77.81212,-6.61134],[-77.81335,-6.63474],[-77.80689,-6.64057],[-77.80337,-6.65207],[-77.79792,-6.6574]]]}},{"type":"Feature","properties":{"ubigeo":"010518","nombre":"San Jerónimo"},"geometry":{"type":"Polygon","coordinates":[[[-77.97982,-5.9648],[-77.97025,-5.9833],[-77.96453,-5.99147],[-77.96747,-6.00003],[-77.9611,-6.0039],[-77.95218,-6.02225],[-77.93779,-6.03777],[-77.94213,-6.04519],[-77.95111,-6.04718],[-77.96011,-6.05378],[-77.96454,-6.06241],[-77.96361,-6.07802],[-77.96949,-6.08923],[-77.99211,-6.09349],[-78.00787,-6.10407],[-78.01495,-6.10392],[-78.02583,-6.09698],[-78.04144,-6.09296],[-78.03392,-6.06503],[-78.02821,-6.06204],[-78.02209,-6.04954],[-78.0246,-6.04243],[-78.03359,-6.03686],[-78.03699,-6.02485],[-78.04888,-6.0075],[-78.05895,-6.00105],[-78.06665,-6.00916],[-78.07218,-6.00589],[-78.09139,-6.00655],[-78.1017,-5.99679],[-78.11228,-6.00215],[-78.13495,-5.99926],[-78.15744,-6.00463],[-78.17241,-5.99415],[-78.16459,-5.98558],[-78.15983,-5.97213],[-78.15441,-5.96381],[-78.13588,-5.95892],[-78.14498,-5.94569],[-78.14353,-5.93814],[-78.13691,-5.92824],[-78.13712,-5.90695],[-78.1308,-5.90256],[-78.12737,-5.91618],[-78.12285,-5.92026],[-78.11378,-5.91812],[-78.10059,-5.91985],[-78.07658,-5.91677],[-78.07445,-5.92037],[-78.08264,-5.93368],[-78.07563,-5.94549],[-78.07879,-5.95412],[-78.06079,-5.97291],[-78.05031,-5.97717],[-78.0176,-5.97496],[-78.00564,-5.97793],[-78.0032,-5.97255],[-77.98412,-5.96933],[-77.97982,-5.9648]]]}},{"type":"Feature","properties":{"ubigeo":"010519","nombre":"San Juan de Lopecancha"},"geometry":{"type":"Polygon","coordinates":[[[-77.86087,-6.47972],[-77.85928,-6.48829],[-77.85243,-6.49897],[-77.85141,-6.50898],[-77.83114,-6.53782],[-77.8412,-6.54081],[-77.85254,-6.53712],[-77.85425,-6.52741],[-77.86661,-6.52373],[-77.8784,-6.53027],[-77.88884,-6.5198],[-77.89604,-6.51871],[-77.90326,-6.53063],[-77.91722,-6.53434],[-77.92147,-6.51986],[-77.91633,-6.50439],[-77.92215,-6.48889],[-77.93342,-6.48721],[-77.94361,-6.4904],[-77.95119,-6.4875],[-77.94035,-6.47633],[-77.93902,-6.47118],[-77.94557,-6.46009],[-77.93519,-6.45473],[-77.92889,-6.4443],[-77.92022,-6.44586],[-77.91647,-6.4421],[-77.89762,-6.43476],[-77.87903,-6.41823],[-77.87473,-6.4231],[-77.87724,-6.42611],[-77.8736,-6.43493],[-77.86258,-6.4455],[-77.85921,-6.46412],[-77.86381,-6.47482],[-77.86087,-6.47972]]]}},{"type":"Feature","properties":{"ubigeo":"010520","nombre":"Santa Catalina"},"geometry":{"type":"Polygon","coordinates":[[[-78.04098,-6.10124],[-78.03637,-6.11166],[-78.0416,-6.11699],[-78.03999,-6.1351],[-78.04829,-6.14358],[-78.05205,-6.15238],[-78.06101,-6.14613],[-78.05972,-6.13041],[-78.06964,-6.12823],[-78.07738,-6.12056],[-78.08076,-6.11057],[-78.09221,-6.10317],[-78.10878,-6.10411],[-78.11962,-6.09929],[-78.12322,-6.0938],[-78.13299,-6.09386],[-78.13844,-6.08766],[-78.14717,-6.08705],[-78.15501,-6.07603],[-78.15434,-6.06133],[-78.16412,-6.04347],[-78.17354,-6.04091],[-78.16361,-6.02026],[-78.16433,-6.01727],[-78.17241,-5.99415],[-78.15744,-6.00463],[-78.13495,-5.99926],[-78.11228,-6.00215],[-78.1017,-5.99679],[-78.09139,-6.00655],[-78.07218,-6.00589],[-78.06665,-6.00916],[-78.05895,-6.00105],[-78.04888,-6.0075],[-78.03699,-6.02485],[-78.03359,-6.03686],[-78.0246,-6.04243],[-78.02209,-6.04954],[-78.02821,-6.06204],[-78.03392,-6.06503],[-78.04144,-6.09296],[-78.04098,-6.10124]]]}},{"type":"Feature","properties":{"ubigeo":"010521","nombre":"Santo Tomas"},"geometry":{"type":"Polygon","coordinates":[[[-77.82875,-6.55625],[-77.82988,-6.56558],[-77.83648,-6.57183],[-77.85586,-6.57425],[-77.87112,-6.59641],[-77.88951,-6.60533],[-77.90674,-6.61566],[-77.91385,-6.63043],[-77.9219,-6.63165],[-77.92262,-6.62838],[-77.93648,-6.61471],[-77.93657,-6.60253],[-77.94277,-6.58618],[-77.94502,-6.57488],[-77.93454,-6.55341],[-77.92366,-6.54419],[-77.91722,-6.53434],[-77.90326,-6.53063],[-77.89604,-6.51871],[-77.88884,-6.5198],[-77.8784,-6.53027],[-77.86661,-6.52373],[-77.85425,-6.52741],[-77.85254,-6.53712],[-77.8412,-6.54081],[-77.83114,-6.53782],[-77.82727,-6.54701],[-77.82875,-6.55625]]]}},{"type":"Feature","properties":{"ubigeo":"010522","nombre":"Tingo"},"geometry":{"type":"Polygon","coordinates":[[[-77.87473,-6.4231],[-77.87903,-6.41823],[-77.89762,-6.43476],[-77.91647,-6.4421],[-77.92022,-6.44586],[-77.92889,-6.4443],[-77.93519,-6.45473],[-77.94557,-6.46009],[-77.94891,-6.45728],[-77.95703,-6.43942],[-77.95446,-6.43007],[-77.95634,-6.42033],[-77.95252,-6.41003],[-77.94639,-6.40617],[-77.95605,-6.40596],[-77.97621,-6.39754],[-77.97893,-6.39296],[-77.98991,-6.39003],[-78.00354,-6.37084],[-78.01435,-6.36348],[-78.02093,-6.35057],[-78.01765,-6.34732],[-78.00662,-6.35047],[-77.99915,-6.34917],[-77.99205,-6.35418],[-77.97831,-6.33908],[-77.97402,-6.32933],[-77.94632,-6.32736],[-77.93137,-6.3206],[-77.92719,-6.32939],[-77.93199,-6.33614],[-77.92424,-6.35725],[-77.91989,-6.3685],[-77.90587,-6.36758],[-77.90547,-6.38046],[-77.88484,-6.40864],[-77.87786,-6.40707],[-77.87224,-6.41694],[-77.87473,-6.4231]]]}},{"type":"Feature","properties":{"ubigeo":"010523","nombre":"Trita"},"geometry":{"type":"Polygon","coordinates":[[[-78.04067,-6.16307],[-78.03805,-6.15257],[-78.03212,-6.14711],[-78.02498,-6.1505],[-78.01661,-6.13649],[-78.02535,-6.1315],[-78.02338,-6.1204],[-78.02864,-6.11232],[-78.03637,-6.11166],[-78.04098,-6.10124],[-78.0234,-6.11215],[-78.01483,-6.12016],[-78.00274,-6.14248],[-77.99892,-6.15562],[-78.00753,-6.15943],[-78.0099,-6.16683],[-78.02789,-6.16833],[-78.03281,-6.16341],[-78.04067,-6.16307]]]}},{"type":"Feature","properties":{"ubigeo":"010601","nombre":"San Nicolás"},"geometry":{"type":"Polygon","coordinates":[[[-77.44095,-6.44582],[-77.4454,-6.43831],[-77.45866,-6.43482],[-77.4688,-6.42773],[-77.47923,-6.42318],[-77.48613,-6.41548],[-77.5024,-6.40629],[-77.49184,-6.40108],[-77.48562,-6.40116],[-77.49598,-6.39568],[-77.49554,-6.38171],[-77.48648,-6.37411],[-77.48436,-6.36283],[-77.46878,-6.34571],[-77.46485,-6.34434],[-77.44816,-6.35021],[-77.44191,-6.34934],[-77.44254,-6.33893],[-77.42969,-6.32594],[-77.42118,-6.31033],[-77.40978,-6.30627],[-77.40187,-6.29801],[-77.39653,-6.30139],[-77.39075,-6.32092],[-77.37861,-6.32058],[-77.37351,-6.33716],[-77.37464,-6.34093],[-77.38674,-6.34832],[-77.38889,-6.3544],[-77.39917,-6.3686],[-77.41028,-6.36838],[-77.42141,-6.3712],[-77.42311,-6.37753],[-77.41482,-6.38607],[-77.42389,-6.40764],[-77.42349,-6.4147],[-77.43041,-6.43319],[-77.44095,-6.44582]]]}},{"type":"Feature","properties":{"ubigeo":"010602","nombre":"Chirimoto"},"geometry":{"type":"Polygon","coordinates":[[[-77.43788,-6.60253],[-77.44175,-6.60008],[-77.44984,-6.58467],[-77.46652,-6.59125],[-77.47703,-6.6008],[-77.48833,-6.59319],[-77.49709,-6.58037],[-77.5115,-6.57185],[-77.50811,-6.5676],[-77.50266,-6.54403],[-77.49522,-6.53829],[-77.49221,-6.52193],[-77.49556,-6.5154],[-77.49355,-6.50795],[-77.47622,-6.50887],[-77.45258,-6.51743],[-77.4396,-6.51812],[-77.43862,-6.52523],[-77.43076,-6.53105],[-77.41677,-6.52241],[-77.40886,-6.52164],[-77.39489,-6.53418],[-77.39094,-6.53232],[-77.38789,-6.51715],[-77.37747,-6.50536],[-77.37967,-6.4836],[-77.36881,-6.4723],[-77.35858,-6.47596],[-77.3456,-6.48862],[-77.33224,-6.48746],[-77.33048,-6.49749],[-77.33515,-6.52233],[-77.34303,-6.53805],[-77.34485,-6.54723],[-77.3549,-6.56059],[-77.36096,-6.56507],[-77.37868,-6.56743],[-77.38392,-6.57338],[-77.38758,-6.58757],[-77.39387,-6.60269],[-77.40088,-6.60446],[-77.43788,-6.60253]]]}},{"type":"Feature","properties":{"ubigeo":"010603","nombre":"Cochamal"},"geometry":{"type":"Polygon","coordinates":[[[-77.60993,-6.41475],[-77.63014,-6.39491],[-77.63332,-6.37983],[-77.64696,-6.38102],[-77.63902,-6.3915],[-77.64106,-6.3973],[-77.65298,-6.39908],[-77.65527,-6.40697],[-77.64788,-6.41766],[-77.65101,-6.42957],[-77.66294,-6.43836],[-77.67402,-6.44358],[-77.67908,-6.45301],[-77.68876,-6.45031],[-77.68993,-6.45339],[-77.71352,-6.45078],[-77.72978,-6.45717],[-77.7328,-6.45587],[-77.7326,-6.45315],[-77.74408,-6.44014],[-77.74509,-6.42727],[-77.74352,-6.42066],[-77.7487,-6.40668],[-77.75226,-6.40355],[-77.74766,-6.39241],[-77.74432,-6.38457],[-77.73112,-6.3758],[-77.72986,-6.37162],[-77.71598,-6.36236],[-77.70414,-6.36074],[-77.70985,-6.35315],[-77.71049,-6.34611],[-77.70606,-6.33888],[-77.69905,-6.33558],[-77.68229,-6.33646],[-77.67004,-6.33982],[-77.63914,-6.31634],[-77.62909,-6.31374],[-77.62417,-6.30613],[-77.62346,-6.28971],[-77.61757,-6.28076],[-77.61557,-6.2887],[-77.61865,-6.2935],[-77.61249,-6.30874],[-77.6186,-6.31263],[-77.61592,-6.32152],[-77.6185,-6.32889],[-77.60895,-6.34394],[-77.60103,-6.34537],[-77.59477,-6.35778],[-77.58959,-6.36219],[-77.57774,-6.39381],[-77.55863,-6.39083],[-77.56063,-6.39934],[-77.55203,-6.40288],[-77.56759,-6.41302],[-77.58735,-6.415],[-77.59551,-6.41121],[-77.60993,-6.41475]]]}},{"type":"Feature","properties":{"ubigeo":"010604","nombre":"Huambo"},"geometry":{"type":"Polygon","coordinates":[[[-77.4688,-6.42773],[-77.4765,-6.43768],[-77.48355,-6.46451],[-77.48342,-6.47212],[-77.49738,-6.47724],[-77.52868,-6.47166],[-77.5452,-6.45611],[-77.5558,-6.45798],[-77.56641,-6.44964],[-77.59494,-6.43394],[-77.60993,-6.41475],[-77.59551,-6.41121],[-77.58735,-6.415],[-77.56759,-6.41302],[-77.55203,-6.40288],[-77.54367,-6.40115],[-77.51923,-6.40528],[-77.5024,-6.40629],[-77.48613,-6.41548],[-77.47923,-6.42318],[-77.4688,-6.42773]]]}},{"type":"Feature","properties":{"ubigeo":"010605","nombre":"Limabamba"},"geometry":{"type":"Polygon","coordinates":[[[-77.49738,-6.47724],[-77.49662,-6.48216],[-77.48267,-6.49495],[-77.47622,-6.50887],[-77.49355,-6.50795],[-77.49556,-6.5154],[-77.49221,-6.52193],[-77.49522,-6.53829],[-77.50266,-6.54403],[-77.50811,-6.5676],[-77.5115,-6.57185],[-77.49709,-6.58037],[-77.48833,-6.59319],[-77.47703,-6.6008],[-77.46652,-6.59125],[-77.44984,-6.58467],[-77.44175,-6.60008],[-77.43788,-6.60253],[-77.43565,-6.61807],[-77.42872,-6.62635],[-77.42369,-6.63806],[-77.40766,-6.64633],[-77.40499,-6.66305],[-77.39773,-6.66935],[-77.38173,-6.69759],[-77.38599,-6.7021],[-77.40014,-6.70845],[-77.40387,-6.72425],[-77.40715,-6.72678],[-77.41866,-6.70808],[-77.42751,-6.70284],[-77.43736,-6.70099],[-77.45466,-6.68169],[-77.46294,-6.67967],[-77.47548,-6.68363],[-77.48942,-6.67562],[-77.51718,-6.67363],[-77.52062,-6.67954],[-77.53497,-6.67404],[-77.54407,-6.677],[-77.56114,-6.65461],[-77.5637,-6.64408],[-77.57578,-6.63453],[-77.5839,-6.63463],[-77.5989,-6.62312],[-77.60318,-6.61633],[-77.61234,-6.61226],[-77.62666,-6.61274],[-77.64325,-6.60458],[-77.65587,-6.60366],[-77.66187,-6.59378],[-77.66655,-6.57826],[-77.68275,-6.57905],[-77.69138,-6.58609],[-77.70412,-6.58225],[-77.70884,-6.57769],[-77.70903,-6.56494],[-77.70648,-6.5603],[-77.71732,-6.55898],[-77.72618,-6.55206],[-77.72833,-6.54065],[-77.72572,-6.53441],[-77.72936,-6.52773],[-77.72848,-6.51537],[-77.73121,-6.50209],[-77.72884,-6.49412],[-77.73134,-6.48254],[-77.73858,-6.46409],[-77.7328,-6.45587],[-77.72978,-6.45717],[-77.71352,-6.45078],[-77.68993,-6.45339],[-77.68876,-6.45031],[-77.67908,-6.45301],[-77.67402,-6.44358],[-77.66294,-6.43836],[-77.65101,-6.42957],[-77.64788,-6.41766],[-77.65527,-6.40697],[-77.65298,-6.39908],[-77.64106,-6.3973],[-77.63902,-6.3915],[-77.64696,-6.38102],[-77.63332,-6.37983],[-77.63014,-6.39491],[-77.60993,-6.41475],[-77.59494,-6.43394],[-77.56641,-6.44964],[-77.5558,-6.45798],[-77.5452,-6.45611],[-77.52868,-6.47166],[-77.49738,-6.47724]]]}},{"type":"Feature","properties":{"ubigeo":"010606","nombre":"Longar"},"geometry":{"type":"Polygon","coordinates":[[[-77.49184,-6.40108],[-77.5024,-6.40629],[-77.51923,-6.40528],[-77.54367,-6.40115],[-77.55203,-6.40288],[-77.56063,-6.39934],[-77.55863,-6.39083],[-77.57774,-6.39381],[-77.58959,-6.36219],[-77.59477,-6.35778],[-77.60103,-6.34537],[-77.60895,-6.34394],[-77.6185,-6.32889],[-77.61592,-6.32152],[-77.6186,-6.31263],[-77.61249,-6.30874],[-77.61865,-6.2935],[-77.61557,-6.2887],[-77.61757,-6.28076],[-77.59855,-6.29256],[-77.58901,-6.30442],[-77.57437,-6.30582],[-77.56788,-6.30946],[-77.55426,-6.31903],[-77.54121,-6.33275],[-77.53834,-6.34201],[-77.52822,-6.34976],[-77.52596,-6.36176],[-77.51944,-6.37331],[-77.51802,-6.38639],[-77.51291,-6.39455],[-77.49184,-6.40108]]]}},{"type":"Feature","properties":{"ubigeo":"010607","nombre":"Mariscal Benavides"},"geometry":{"type":"Polygon","coordinates":[[[-77.49184,-6.40108],[-77.51291,-6.39455],[-77.51802,-6.38639],[-77.51944,-6.37331],[-77.52596,-6.36176],[-77.52822,-6.34976],[-77.53834,-6.34201],[-77.54121,-6.33275],[-77.55426,-6.31903],[-77.56788,-6.30946],[-77.55481,-6.30258],[-77.54013,-6.28745],[-77.53283,-6.26604],[-77.5277,-6.25896],[-77.52976,-6.24571],[-77.52421,-6.24068],[-77.5153,-6.22504],[-77.50133,-6.21569],[-77.4887,-6.20185],[-77.48262,-6.1919],[-77.46965,-6.18646],[-77.45875,-6.19299],[-77.45653,-6.2069],[-77.44759,-6.22215],[-77.44671,-6.24295],[-77.43426,-6.25489],[-77.4327,-6.26626],[-77.42068,-6.28117],[-77.40945,-6.28247],[-77.40833,-6.28924],[-77.40187,-6.29801],[-77.40978,-6.30627],[-77.42118,-6.31033],[-77.42969,-6.32594],[-77.44254,-6.33893],[-77.44191,-6.34934],[-77.44816,-6.35021],[-77.46485,-6.34434],[-77.46878,-6.34571],[-77.48436,-6.36283],[-77.48648,-6.37411],[-77.49554,-6.38171],[-77.49598,-6.39568],[-77.48562,-6.40116],[-77.49184,-6.40108]]]}},{"type":"Feature","properties":{"ubigeo":"010608","nombre":"Milpuc"},"geometry":{"type":"Polygon","coordinates":[[[-77.4396,-6.51812],[-77.44197,-6.51115],[-77.45073,-6.50051],[-77.44992,-6.48332],[-77.44298,-6.47581],[-77.43384,-6.47095],[-77.43123,-6.46528],[-77.40716,-6.47627],[-77.38496,-6.47179],[-77.37967,-6.4836],[-77.37747,-6.50536],[-77.38789,-6.51715],[-77.39094,-6.53232],[-77.39489,-6.53418],[-77.40886,-6.52164],[-77.41677,-6.52241],[-77.43076,-6.53105],[-77.43862,-6.52523],[-77.4396,-6.51812]]]}},{"type":"Feature","properties":{"ubigeo":"010609","nombre":"Omia"},"geometry":{"type":"Polygon","coordinates":[[[-77.27551,-6.38473],[-77.27826,-6.38803],[-77.27316,-6.40653],[-77.29803,-6.42549],[-77.3046,-6.45132],[-77.32636,-6.46803],[-77.33224,-6.48746],[-77.3456,-6.48862],[-77.35858,-6.47596],[-77.36881,-6.4723],[-77.37967,-6.4836],[-77.38496,-6.47179],[-77.40716,-6.47627],[-77.43123,-6.46528],[-77.43437,-6.45674],[-77.43983,-6.4536],[-77.44095,-6.44582],[-77.43041,-6.43319],[-77.42349,-6.4147],[-77.42389,-6.40764],[-77.41482,-6.38607],[-77.42311,-6.37753],[-77.42141,-6.3712],[-77.41028,-6.36838],[-77.39917,-6.3686],[-77.38889,-6.3544],[-77.38674,-6.34832],[-77.37464,-6.34093],[-77.37351,-6.33716],[-77.37861,-6.32058],[-77.3757,-6.31816],[-77.34599,-6.32299],[-77.33963,-6.33118],[-77.32981,-6.33727],[-77.32318,-6.33796],[-77.31002,-6.33194],[-77.29923,-6.33203],[-77.29441,-6.33743],[-77.28677,-6.33909],[-77.28098,-6.36307],[-77.28255,-6.37334],[-77.27551,-6.38473]]]}},{"type":"Feature","properties":{"ubigeo":"010610","nombre":"Santa Rosa"},"geometry":{"type":"Polygon","coordinates":[[[-77.43123,-6.46528],[-77.43384,-6.47095],[-77.44298,-6.47581],[-77.44992,-6.48332],[-77.45791,-6.47005],[-77.46807,-6.46839],[-77.48342,-6.47212],[-77.48355,-6.46451],[-77.4765,-6.43768],[-77.4688,-6.42773],[-77.45866,-6.43482],[-77.4454,-6.43831],[-77.44095,-6.44582],[-77.43983,-6.4536],[-77.43437,-6.45674],[-77.43123,-6.46528]]]}},{"type":"Feature","properties":{"ubigeo":"010611","nombre":"Totora"},"geometry":{"type":"Polygon","coordinates":[[[-77.4396,-6.51812],[-77.45258,-6.51743],[-77.47622,-6.50887],[-77.48267,-6.49495],[-77.49662,-6.48216],[-77.49738,-6.47724],[-77.48342,-6.47212],[-77.46807,-6.46839],[-77.45791,-6.47005],[-77.44992,-6.48332],[-77.45073,-6.50051],[-77.44197,-6.51115],[-77.4396,-6.51812]]]}},{"type":"Feature","properties":{"ubigeo":"010612","nombre":"Vista Alegre"},"geometry":{"type":"Polygon","coordinates":[[[-77.28793,-6.13437],[-77.28153,-6.14172],[-77.27288,-6.13874],[-77.25383,-6.13851],[-77.2452,-6.14747],[-77.23386,-6.14876],[-77.22921,-6.14376],[-77.22299,-6.1469],[-77.21864,-6.15599],[-77.21212,-6.16083],[-77.21086,-6.16696],[-77.20206,-6.17971],[-77.20408,-6.18286],[-77.21841,-6.19268],[-77.21242,-6.21419],[-77.19728,-6.23342],[-77.18085,-6.24534],[-77.17407,-6.24653],[-77.16908,-6.25501],[-77.17079,-6.2652],[-77.16061,-6.26945],[-77.14761,-6.28622],[-77.1389,-6.29173],[-77.13273,-6.30242],[-77.1323,-6.32255],[-77.14375,-6.34235],[-77.14658,-6.35111],[-77.14941,-6.35894],[-77.16241,-6.37294],[-77.16341,-6.37808],[-77.17173,-6.38117],[-77.18148,-6.37846],[-77.19319,-6.38152],[-77.20824,-6.37518],[-77.22146,-6.38113],[-77.23347,-6.35993],[-77.24128,-6.35264],[-77.24365,-6.33812],[-77.25467,-6.33645],[-77.26001,-6.32771],[-77.26681,-6.33028],[-77.27245,-6.32773],[-77.28471,-6.32909],[-77.28677,-6.33909],[-77.29441,-6.33743],[-77.29923,-6.33203],[-77.31002,-6.33194],[-77.32318,-6.33796],[-77.32981,-6.33727],[-77.33963,-6.33118],[-77.34599,-6.32299],[-77.3757,-6.31816],[-77.37861,-6.32058],[-77.39075,-6.32092],[-77.39653,-6.30139],[-77.40187,-6.29801],[-77.40833,-6.28924],[-77.40945,-6.28247],[-77.42068,-6.28117],[-77.4327,-6.26626],[-77.43426,-6.25489],[-77.44671,-6.24295],[-77.44759,-6.22215],[-77.45653,-6.2069],[-77.45875,-6.19299],[-77.46965,-6.18646],[-77.46981,-6.18235],[-77.47995,-6.16963],[-77.48732,-6.16465],[-77.48807,-6.1586],[-77.49819,-6.15643],[-77.49977,-6.153],[-77.49549,-6.14144],[-77.49972,-6.12831],[-77.50938,-6.11873],[-77.50547,-6.10887],[-77.50814,-6.09718],[-77.50599,-6.0909],[-77.50992,-6.08649],[-77.52216,-6.08417],[-77.53381,-6.06337],[-77.51884,-6.05594],[-77.51054,-6.03948],[-77.50975,-6.0325],[-77.48976,-6.02886],[-77.48643,-6.02017],[-77.48622,-6.00884],[-77.4769,-5.99997],[-77.46675,-6.01216],[-77.46751,-6.01961],[-77.45943,-6.02361],[-77.4553,-6.03445],[-77.43446,-6.06041],[-77.42964,-6.06113],[-77.42908,-6.05194],[-77.42226,-6.05007],[-77.4193,-6.03238],[-77.41032,-6.03623],[-77.40461,-6.03473],[-77.3955,-6.03938],[-77.38929,-6.05781],[-77.38242,-6.06347],[-77.38545,-6.06864],[-77.3805,-6.07999],[-77.35937,-6.07214],[-77.35122,-6.09019],[-77.34643,-6.11434],[-77.33241,-6.11218],[-77.31687,-6.12555],[-77.31107,-6.12629],[-77.30121,-6.13313],[-77.28793,-6.13437]]]}},{"type":"Feature","properties":{"ubigeo":"010701","nombre":"Bagua Grande"},"geometry":{"type":"Polygon","coordinates":[[[-78.45538,-5.73297],[-78.44835,-5.74141],[-78.44206,-5.73873],[-78.44134,-5.75067],[-78.42664,-5.75654],[-78.41496,-5.76403],[-78.41279,-5.77264],[-78.40442,-5.76996],[-78.39089,-5.7715],[-78.38071,-5.77721],[-78.37059,-5.77656],[-78.34368,-5.78902],[-78.33924,-5.78759],[-78.33637,-5.79377],[-78.32459,-5.79865],[-78.31555,-5.79964],[-78.30644,-5.79544],[-78.30091,-5.79689],[-78.29601,-5.80913],[-78.2997,-5.82004],[-78.29411,-5.82654],[-78.29198,-5.83768],[-78.28398,-5.85517],[-78.27901,-5.86113],[-78.2812,-5.8778],[-78.27784,-5.88628],[-78.2865,-5.91061],[-78.29838,-5.93384],[-78.3066,-5.94572],[-78.30876,-5.97221],[-78.31399,-5.98881],[-78.32846,-5.99899],[-78.34193,-6.00539],[-78.3492,-5.9938],[-78.35721,-5.98638],[-78.36063,-5.97639],[-78.37574,-5.97315],[-78.398,-5.96216],[-78.40588,-5.9609],[-78.41363,-5.94819],[-78.42622,-5.94548],[-78.44611,-5.94494],[-78.45468,-5.94003],[-78.4644,-5.95169],[-78.4722,-5.93817],[-78.47743,-5.93645],[-78.49729,-5.94131],[-78.4994,-5.92266],[-78.50509,-5.91421],[-78.51239,-5.91433],[-78.52384,-5.89838],[-78.53531,-5.88679],[-78.54713,-5.87844],[-78.55481,-5.87649],[-78.58247,-5.87644],[-78.5909,-5.86861],[-78.59705,-5.85563],[-78.59652,-5.83232],[-78.58859,-5.82067],[-78.5836,-5.80434],[-78.57609,-5.7897],[-78.57158,-5.76867],[-78.57213,-5.75959],[-78.56119,-5.73901],[-78.56691,-5.72407],[-78.5638,-5.71127],[-78.57334,-5.70244],[-78.57594,-5.69322],[-78.57199,-5.6875],[-78.55661,-5.68595],[-78.54764,-5.67865],[-78.53592,-5.65822],[-78.53362,-5.64405],[-78.52539,-5.64856],[-78.52705,-5.65168],[-78.51638,-5.65748],[-78.51454,-5.66486],[-78.50822,-5.66954],[-78.50558,-5.68008],[-78.4978,-5.68144],[-78.50467,-5.68811],[-78.50331,-5.69156],[-78.48938,-5.69559],[-78.47245,-5.70581],[-78.46809,-5.7131],[-78.45946,-5.71584],[-78.45538,-5.73297]]]}},{"type":"Feature","properties":{"ubigeo":"010702","nombre":"Cajaruro"},"geometry":{"type":"Polygon","coordinates":[[[-77.95552,-5.39972],[-77.95349,-5.40375],[-77.95468,-5.41836],[-77.94328,-5.42205],[-77.93844,-5.43389],[-77.93714,-5.45167],[-77.93136,-5.46081],[-77.93256,-5.49094],[-77.94142,-5.48939],[-77.95542,-5.49855],[-77.97455,-5.50833],[-77.99127,-5.51408],[-77.98481,-5.52739],[-77.98996,-5.5327],[-77.99008,-5.54535],[-77.98735,-5.55674],[-77.98808,-5.56772],[-77.98491,-5.57581],[-77.99563,-5.5834],[-78.00212,-5.59597],[-78.01174,-5.60229],[-78.01239,-5.6115],[-78.09726,-5.74502],[-78.10397,-5.75504],[-78.09402,-5.75793],[-78.08792,-5.76518],[-78.07636,-5.76943],[-78.07691,-5.77419],[-78.0863,-5.78642],[-78.08577,-5.79225],[-78.09703,-5.80906],[-78.09754,-5.81865],[-78.10229,-5.82511],[-78.09631,-5.83754],[-78.10249,-5.84135],[-78.10455,-5.85726],[-78.11873,-5.87241],[-78.1224,-5.89108],[-78.13522,-5.89424],[-78.141,-5.88767],[-78.15414,-5.88363],[-78.16012,-5.88543],[-78.17384,-5.88295],[-78.18802,-5.88918],[-78.19753,-5.88672],[-78.21308,-5.87406],[-78.2216,-5.86004],[-78.23809,-5.84998],[-78.23425,-5.84124],[-78.24635,-5.83424],[-78.25019,-5.8261],[-78.26046,-5.82282],[-78.26528,-5.82831],[-78.27872,-5.8169],[-78.29601,-5.80913],[-78.30091,-5.79689],[-78.30644,-5.79544],[-78.31555,-5.79964],[-78.32459,-5.79865],[-78.33637,-5.79377],[-78.33924,-5.78759],[-78.34368,-5.78902],[-78.37059,-5.77656],[-78.38071,-5.77721],[-78.39089,-5.7715],[-78.40442,-5.76996],[-78.41279,-5.77264],[-78.41496,-5.76403],[-78.42664,-5.75654],[-78.44134,-5.75067],[-78.44206,-5.73873],[-78.44835,-5.74141],[-78.45538,-5.73297],[-78.44829,-5.73137],[-78.44486,-5.72504],[-78.43745,-5.72221],[-78.43306,-5.71548],[-78.4159,-5.702],[-78.41124,-5.69253],[-78.40557,-5.69026],[-78.40233,-5.67196],[-78.38718,-5.64922],[-78.38503,-5.64323],[-78.37791,-5.64039],[-78.36813,-5.62679],[-78.35305,-5.62561],[-78.324,-5.62018],[-78.31484,-5.61594],[-78.31652,-5.6011],[-78.31351,-5.59613],[-78.31877,-5.58922],[-78.31886,-5.58132],[-78.32613,-5.56619],[-78.32557,-5.55921],[-78.3234,-5.54993],[-78.33502,-5.53972],[-78.3246,-5.53317],[-78.32139,-5.52375],[-78.3109,-5.50518],[-78.30316,-5.50083],[-78.31183,-5.48599],[-78.28801,-5.48056],[-78.27425,-5.47058],[-78.26708,-5.47478],[-78.25352,-5.47456],[-78.23887,-5.47039],[-78.2304,-5.45942],[-78.22847,-5.44348],[-78.22273,-5.43525],[-78.20909,-5.42913],[-78.19222,-5.41721],[-78.18641,-5.40895],[-78.1797,-5.4069],[-78.17248,-5.39062],[-78.16341,-5.38683],[-78.15976,-5.37038],[-78.14802,-5.36059],[-78.14604,-5.3399],[-78.12125,-5.32892],[-78.10615,-5.342],[-78.10245,-5.35291],[-78.09383,-5.36047],[-78.08354,-5.38611],[-78.07896,-5.39221],[-78.08056,-5.40237],[-78.07319,-5.40919],[-78.05544,-5.4138],[-78.04833,-5.41053],[-78.04837,-5.40316],[-78.05512,-5.39543],[-78.0509,-5.37505],[-78.03936,-5.37293],[-78.02179,-5.36581],[-78.00899,-5.37103],[-78.00607,-5.37893],[-77.99945,-5.38092],[-77.99239,-5.39178],[-77.97982,-5.39521],[-77.96544,-5.39309],[-77.95552,-5.39972]]]}},{"type":"Feature","properties":{"ubigeo":"010703","nombre":"Cumba"},"geometry":{"type":"Polygon","coordinates":[[[-78.49729,-5.94131],[-78.50487,-5.95132],[-78.51152,-5.95266],[-78.51018,-5.96626],[-78.51357,-5.98067],[-78.51808,-5.98773],[-78.53896,-5.99585],[-78.57157,-6.01144],[-78.57663,-6.01648],[-78.58757,-6.0202],[-78.60963,-6.02314],[-78.61121,-6.01661],[-78.61903,-6.01236],[-78.62823,-5.99598],[-78.62981,-5.98905],[-78.63586,-5.98874],[-78.6432,-5.9682],[-78.65838,-5.95835],[-78.66289,-5.94157],[-78.67023,-5.9274],[-78.6718,-5.91926],[-78.68277,-5.91108],[-78.686,-5.90088],[-78.69593,-5.88853],[-78.69133,-5.87196],[-78.69837,-5.86087],[-78.69677,-5.85275],[-78.69915,-5.84076],[-78.71229,-5.82872],[-78.70567,-5.80725],[-78.70057,-5.78522],[-78.69472,-5.77705],[-78.69176,-5.75074],[-78.68246,-5.74307],[-78.68481,-5.74932],[-78.68809,-5.77557],[-78.67501,-5.79598],[-78.67305,-5.80919],[-78.66141,-5.82034],[-78.65394,-5.83579],[-78.64362,-5.84151],[-78.62904,-5.85429],[-78.61908,-5.8661],[-78.60084,-5.87086],[-78.5909,-5.86861],[-78.58247,-5.87644],[-78.55481,-5.87649],[-78.54713,-5.87844],[-78.53531,-5.88679],[-78.52384,-5.89838],[-78.51239,-5.91433],[-78.50509,-5.91421],[-78.4994,-5.92266],[-78.49729,-5.94131]]]}},{"type":"Feature","properties":{"ubigeo":"010704","nombre":"El Milagro"},"geometry":{"type":"Polygon","coordinates":[[[-78.53362,-5.64405],[-78.53592,-5.65822],[-78.54764,-5.67865],[-78.55661,-5.68595],[-78.57199,-5.6875],[-78.57594,-5.69322],[-78.57334,-5.70244],[-78.5638,-5.71127],[-78.56691,-5.72407],[-78.56119,-5.73901],[-78.57213,-5.75959],[-78.57158,-5.76867],[-78.57609,-5.7897],[-78.5836,-5.80434],[-78.58859,-5.82067],[-78.59652,-5.83232],[-78.59705,-5.85563],[-78.5909,-5.86861],[-78.60084,-5.87086],[-78.61908,-5.8661],[-78.62904,-5.85429],[-78.64362,-5.84151],[-78.65394,-5.83579],[-78.66141,-5.82034],[-78.67305,-5.80919],[-78.67501,-5.79598],[-78.68809,-5.77557],[-78.68481,-5.74932],[-78.68246,-5.74307],[-78.66856,-5.74164],[-78.65368,-5.73522],[-78.65182,-5.72189],[-78.65663,-5.71798],[-78.66643,-5.71739],[-78.6838,-5.70705],[-78.68633,-5.69889],[-78.67921,-5.69073],[-78.65108,-5.67563],[-78.64881,-5.66227],[-78.63758,-5.64434],[-78.62477,-5.63936],[-78.61818,-5.62069],[-78.6092,-5.61496],[-78.60482,-5.60721],[-78.60812,-5.59615],[-78.6,-5.59024],[-78.59419,-5.57071],[-78.58513,-5.56483],[-78.58509,-5.55497],[-78.58074,-5.54848],[-78.56983,-5.54538],[-78.56408,-5.53828],[-78.55475,-5.53807],[-78.55348,-5.54807],[-78.56232,-5.5511],[-78.56336,-5.55557],[-78.55449,-5.55995],[-78.55825,-5.56848],[-78.56432,-5.5662],[-78.56536,-5.58788],[-78.55767,-5.58778],[-78.56636,-5.59464],[-78.56005,-5.5978],[-78.56177,-5.60445],[-78.55584,-5.60407],[-78.54224,-5.6117],[-78.55601,-5.62606],[-78.56372,-5.62755],[-78.5566,-5.63725],[-78.56025,-5.64658],[-78.54938,-5.65102],[-78.53362,-5.64405]]]}},{"type":"Feature","properties":{"ubigeo":"010705","nombre":"Jamalca"},"geometry":{"type":"Polygon","coordinates":[[[-78.1308,-5.90256],[-78.13712,-5.90695],[-78.13691,-5.92824],[-78.14353,-5.93814],[-78.14498,-5.94569],[-78.13588,-5.95892],[-78.15441,-5.96381],[-78.15983,-5.97213],[-78.16459,-5.98558],[-78.17241,-5.99415],[-78.16433,-6.01727],[-78.17934,-6.02488],[-78.19744,-6.03133],[-78.20684,-6.03902],[-78.21405,-6.05529],[-78.22372,-6.06155],[-78.24908,-6.05804],[-78.26539,-6.06299],[-78.28438,-6.06424],[-78.287,-6.0623],[-78.29171,-6.04527],[-78.30389,-6.03551],[-78.31848,-6.02032],[-78.32671,-6.01723],[-78.33494,-6.00767],[-78.34193,-6.00539],[-78.32846,-5.99899],[-78.31399,-5.98881],[-78.30876,-5.97221],[-78.3066,-5.94572],[-78.29838,-5.93384],[-78.2865,-5.91061],[-78.27784,-5.88628],[-78.2812,-5.8778],[-78.27901,-5.86113],[-78.28398,-5.85517],[-78.29198,-5.83768],[-78.29411,-5.82654],[-78.2997,-5.82004],[-78.29601,-5.80913],[-78.27872,-5.8169],[-78.26528,-5.82831],[-78.26046,-5.82282],[-78.25019,-5.8261],[-78.24635,-5.83424],[-78.23425,-5.84124],[-78.23809,-5.84998],[-78.2216,-5.86004],[-78.21308,-5.87406],[-78.19753,-5.88672],[-78.18802,-5.88918],[-78.17384,-5.88295],[-78.16012,-5.88543],[-78.15414,-5.88363],[-78.141,-5.88767],[-78.13522,-5.89424],[-78.1308,-5.90256]]]}},{"type":"Feature","properties":{"ubigeo":"010706","nombre":"Lonya Grande"},"geometry":{"type":"Polygon","coordinates":[[[-78.28438,-6.06424],[-78.28974,-6.06319],[-78.29383,-6.07245],[-78.30483,-6.0851],[-78.31431,-6.07984],[-78.32723,-6.08],[-78.34972,-6.08687],[-78.36186,-6.09879],[-78.36812,-6.10862],[-78.36757,-6.1203],[-78.37245,-6.13364],[-78.36785,-6.1469],[-78.37229,-6.15811],[-78.37306,-6.16978],[-78.38941,-6.17144],[-78.40121,-6.18116],[-78.40729,-6.18175],[-78.41973,-6.18842],[-78.42745,-6.17991],[-78.43702,-6.17363],[-78.43816,-6.16569],[-78.4605,-6.14817],[-78.46739,-6.13464],[-78.47584,-6.13263],[-78.47901,-6.12621],[-78.47728,-6.11483],[-78.48265,-6.10903],[-78.49844,-6.1025],[-78.49861,-6.08927],[-78.5082,-6.0858],[-78.50978,-6.07759],[-78.51586,-6.07206],[-78.52358,-6.07341],[-78.51008,-6.05145],[-78.50599,-6.04803],[-78.49262,-6.02064],[-78.48511,-6.00212],[-78.46631,-5.99319],[-78.44792,-5.974],[-78.43738,-5.96893],[-78.41363,-5.94819],[-78.40588,-5.9609],[-78.398,-5.96216],[-78.37574,-5.97315],[-78.36063,-5.97639],[-78.35721,-5.98638],[-78.3492,-5.9938],[-78.34193,-6.00539],[-78.33494,-6.00767],[-78.32671,-6.01723],[-78.31848,-6.02032],[-78.30389,-6.03551],[-78.29171,-6.04527],[-78.287,-6.0623],[-78.28438,-6.06424]]]}},{"type":"Feature","properties":{"ubigeo":"010707","nombre":"Yamon"},"geometry":{"type":"Polygon","coordinates":[[[-78.52358,-6.07341],[-78.54103,-6.07376],[-78.55583,-6.07128],[-78.56059,-6.07772],[-78.57909,-6.0792],[-78.58872,-6.07608],[-78.60143,-6.06295],[-78.60857,-6.05429],[-78.60693,-6.02774],[-78.60963,-6.02314],[-78.58757,-6.0202],[-78.57663,-6.01648],[-78.57157,-6.01144],[-78.53896,-5.99585],[-78.51808,-5.98773],[-78.51357,-5.98067],[-78.51018,-5.96626],[-78.51152,-5.95266],[-78.50487,-5.95132],[-78.49729,-5.94131],[-78.47743,-5.93645],[-78.4722,-5.93817],[-78.4644,-5.95169],[-78.45468,-5.94003],[-78.44611,-5.94494],[-78.42622,-5.94548],[-78.41363,-5.94819],[-78.43738,-5.96893],[-78.44792,-5.974],[-78.46631,-5.99319],[-78.48511,-6.00212],[-78.49262,-6.02064],[-78.50599,-6.04803],[-78.51008,-6.05145],[-78.52358,-6.07341]]]}}]}