{"type":"FeatureCollection","features":[{"type":"Feature","properties":{"ubigeo":"020101","nombre":"Huaraz"},"geometry":{"type":"Polygon","coordinates":[[[-77.30939,-9.54016],[-77.32304,-9.53662],[-77.33437,-9.54288],[-77.33492,-9.54807],[-77.34448,-9.55292],[-77.36283,-9.55569],[-77.37675,-9.56284],[-77.40271,-9.58366],[-77.41211,-9.58739],[-77.42256,-9.5968],[-77.4276,-9.59797],[-77.4314,-9.60595],[-77.45094,-9.6095],[-77.46677,-9.61884],[-77.48402,-9.61828],[-77.49213,-9.62572],[-77.50088,-9.62801],[-77.48816,-9.64367],[-77.48412,-9.6616],[-77.49265,-9.6656],[-77.5031,-9.6627],[-77.51021,-9.66816],[-77.5256,-9.6896],[-77.52598,-9.70148],[-77.52094,-9.71035],[-77.52508,-9.72648],[-77.53054,-9.73489],[-77.53625,-9.73787],[-77.5388,-9.73597],[-77.54707,-9.71252],[-77.54161,-9.70589],[-77.56511,-9.68023],[-77.56921,-9.66915],[-77.59203,-9.65878],[-77.59425,-9.64589],[-77.59817,-9.63974],[-77.61162,-9.64966],[-77.61006,-9.62867],[-77.6213,-9.62083],[-77.63535,-9.60938],[-77.6428,-9.60862],[-77.6472,-9.60261],[-77.64567,-9.59305],[-77.63003,-9.58551],[-77.62357,-9.58037],[-77.62596,-9.56942],[-77.60416,-9.56815],[-77.59687,-9.57586],[-77.589,-9.57383],[-77.57563,-9.58246],[-77.56194,-9.57073],[-77.56179,-9.55631],[-77.55383,-9.54323],[-77.53137,-9.52303],[-77.51153,-9.5285],[-77.49152,-9.52506],[-77.46601,-9.51471],[-77.4521,-9.51718],[-77.44304,-9.51636],[-77.43254,-9.50587],[-77.42082,-9.50393],[-77.41715,-9.49845],[-77.40683,-9.49248],[-77.38205,-9.47139],[-77.37297,-9.45786],[-77.36122,-9.45154],[-77.34022,-9.43433],[-77.3329,-9.43366],[-77.31972,-9.42711],[-77.3052,-9.43554],[-77.30068,-9.44086],[-77.30217,-9.45431],[-77.30876,-9.4648],[-77.32276,-9.46717],[-77.3262,-9.47193],[-77.32154,-9.48588],[-77.32239,-9.4925],[-77.31883,-9.50397],[-77.31034,-9.51473],[-77.30985,-9.52491],[-77.30467,-9.53528],[-77.30939,-9.54016]]]}},{"type":"Feature","properties":{"ubigeo":"020102","nombre":"Cochabamba"},"geometry":{"type":"Polygon","coordinates":[[[-77.91832,-9.49977],[-77.91535,-9.48763],[-77.92923,-9.48405],[-77.92644,-9.47862],[-77.91474,-9.46747],[-77.91139,-9.45867],[-77.90599,-9.45621],[-77.901,-9.44223],[-77.89236,-9.42942],[-77.88245,-9.42541],[-77.86715,-9.41373],[-77.857,-9.40273],[-77.84458,-9.41233],[-77.83863,-9.42404],[-77.83323,-9.42598],[-77.8192,-9.423],[-77.80967,-9.42587],[-77.80397,-9.42231],[-77.77892,-9.42509],[-77.7739,-9.44422],[-77.78085,-9.45083],[-77.7791,-9.45661],[-77.78089,-9.47304],[-77.78403,-9.48324],[-77.78982,-9.48846],[-77.80181,-9.48872],[-77.81622,-9.49263],[-77.82839,-9.50123],[-77.83692,-9.50275],[-77.84843,-9.51754],[-77.86312,-9.5189],[-77.87609,-9.52347],[-77.88416,-9.52006],[-77.90114,-9.52128],[-77.91194,-9.51416],[-77.91832,-9.49977]]]}},{"type":"Feature","properties":{"ubigeo":"020103","nombre":"Colcabamba"},"geometry":{"type":"Polygon","coordinates":[[[-77.78359,-9.56116],[-77.78279,-9.56924],[-77.78587,-9.58424],[-77.78327,-9.58927],[-77.78937,-9.60665],[-77.78598,-9.61519],[-77.78662,-9.62379],[-77.80704,-9.61894],[-77.82842,-9.60103],[-77.83051,-9.59348],[-77.84611,-9.5764],[-77.86416,-9.57553],[-77.86976,-9.5702],[-77.88774,-9.562],[-77.86784,-9.54758],[-77.85053,-9.54581],[-77.84369,-9.55276],[-77.83414,-9.54637],[-77.82074,-9.54713],[-77.80866,-9.55079],[-77.79412,-9.55111],[-77.78359,-9.56116]]]}},{"type":"Feature","properties":{"ubigeo":"020104","nombre":"Huanchay"},"geometry":{"type":"Polygon","coordinates":[[[-77.96163,-9.77998],[-77.96302,-9.77292],[-77.95006,-9.76149],[-77.94858,-9.7562],[-77.93654,-9.74932],[-77.92675,-9.74089],[-77.91847,-9.7418],[-77.90815,-9.73818],[-77.90178,-9.72876],[-77.89949,-9.71921],[-77.89368,-9.71346],[-77.87992,-9.71115],[-77.87217,-9.7068],[-77.86154,-9.68847],[-77.86029,-9.68324],[-77.85071,-9.67313],[-77.83513,-9.67261],[-77.81988,-9.67485],[-77.80175,-9.66993],[-77.78851,-9.67784],[-77.78276,-9.66986],[-77.7694,-9.66579],[-77.76085,-9.66891],[-77.75369,-9.67938],[-77.74582,-9.67819],[-77.74056,-9.68785],[-77.73251,-9.68944],[-77.72693,-9.70218],[-77.73333,-9.71277],[-77.73024,-9.72127],[-77.73381,-9.73721],[-77.74498,-9.74685],[-77.75111,-9.75914],[-77.75092,-9.7662],[-77.76036,-9.78799],[-77.77431,-9.79104],[-77.7808,-9.80067],[-77.79479,-9.79135],[-77.81142,-9.79221],[-77.8205,-9.78109],[-77.84819,-9.76987],[-77.85351,-9.76652],[-77.86786,-9.76378],[-77.87249,-9.76766],[-77.88386,-9.76967],[-77.89932,-9.76743],[-77.92756,-9.76781],[-77.94139,-9.77322],[-77.95381,-9.77159],[-77.96163,-9.77998]]]}},{"type":"Feature","properties":{"ubigeo":"020105","nombre":"Independencia"},"geometry":{"type":"Polygon","coordinates":[[[-77.31532,-9.41198],[-77.31972,-9.42711],[-77.3329,-9.43366],[-77.34022,-9.43433],[-77.36122,-9.45154],[-77.37297,-9.45786],[-77.38205,-9.47139],[-77.40683,-9.49248],[-77.41715,-9.49845],[-77.42082,-9.50393],[-77.43254,-9.50587],[-77.44304,-9.51636],[-77.4521,-9.51718],[-77.46601,-9.51471],[-77.49152,-9.52506],[-77.51153,-9.5285],[-77.53137,-9.52303],[-77.55383,-9.54323],[-77.56179,-9.55631],[-77.56194,-9.57073],[-77.57563,-9.58246],[-77.589,-9.57383],[-77.59687,-9.57586],[-77.60416,-9.56815],[-77.62596,-9.56942],[-77.62774,-9.56602],[-77.61704,-9.55425],[-77.62024,-9.54019],[-77.63103,-9.52789],[-77.6339,-9.5214],[-77.63053,-9.51255],[-77.62548,-9.50968],[-77.62644,-9.49864],[-77.62261,-9.49457],[-77.61479,-9.49308],[-77.60017,-9.46876],[-77.59428,-9.45257],[-77.5858,-9.44991],[-77.57667,-9.45225],[-77.56382,-9.45006],[-77.5504,-9.44138],[-77.54395,-9.4442],[-77.5413,-9.43365],[-77.53041,-9.42602],[-77.51794,-9.42062],[-77.51497,-9.416],[-77.50223,-9.41403],[-77.49449,-9.42454],[-77.47365,-9.43776],[-77.46032,-9.43258],[-77.45557,-9.42486],[-77.45588,-9.41862],[-77.45037,-9.41097],[-77.4349,-9.40873],[-77.41872,-9.40892],[-77.4125,-9.40373],[-77.4059,-9.39268],[-77.39178,-9.38429],[-77.38259,-9.37057],[-77.37044,-9.36825],[-77.36833,-9.37487],[-77.35102,-9.38846],[-77.33009,-9.38239],[-77.32905,-9.39027],[-77.31688,-9.39503],[-77.31532,-9.41198]]]}},{"type":"Feature","properties":{"ubigeo":"020106","nombre":"Jangas"},"geometry":{"type":"Polygon","coordinates":[[[-77.62261,-9.49457],[-77.63023,-9.47783],[-77.63913,-9.47412],[-77.64825,-9.477],[-77.65531,-9.46739],[-77.64929,-9.4528],[-77.64429,-9.44719],[-77.64646,-9.44134],[-77.64368,-9.43259],[-77.62904,-9.42589],[-77.61301,-9.42208],[-77.60999,-9.40994],[-77.60105,-9.40107],[-77.586,-9.39615],[-77.58087,-9.39225],[-77.56997,-9.40404],[-77.57023,-9.41416],[-77.5561,-9.42027],[-77.54915,-9.43008],[-77.5504,-9.44138],[-77.56382,-9.45006],[-77.57667,-9.45225],[-77.5858,-9.44991],[-77.59428,-9.45257],[-77.60017,-9.46876],[-77.61479,-9.49308],[-77.62261,-9.49457]]]}},{"type":"Feature","properties":{"ubigeo":"020107","nombre":"La Libertad"},"geometry":{"type":"Polygon","coordinates":[[[-77.6213,-9.62083],[-77.62607,-9.62254],[-77.63154,-9.63191],[-77.64592,-9.64837],[-77.66428,-9.66046],[-77.66056,-9.67021],[-77.66099,-9.686],[-77.67073,-9.68354],[-77.67975,-9.68489],[-77.69861,-9.69721],[-77.71212,-9.69002],[-77.72169,-9.69365],[-77.72693,-9.70218],[-77.73251,-9.68944],[-77.74056,-9.68785],[-77.74582,-9.67819],[-77.75369,-9.67938],[-77.76085,-9.66891],[-77.7694,-9.66579],[-77.77274,-9.66358],[-77.78339,-9.64674],[-77.78807,-9.63377],[-77.78662,-9.62379],[-77.78598,-9.61519],[-77.78937,-9.60665],[-77.78327,-9.58927],[-77.78587,-9.58424],[-77.78279,-9.56924],[-77.78359,-9.56116],[-77.76938,-9.56869],[-77.76503,-9.57943],[-77.75158,-9.58437],[-77.72016,-9.60071],[-77.71489,-9.59851],[-77.70814,-9.60267],[-77.68222,-9.60912],[-77.6728,-9.62053],[-77.66257,-9.61234],[-77.65942,-9.60582],[-77.6472,-9.60261],[-77.6428,-9.60862],[-77.63535,-9.60938],[-77.6213,-9.62083]]]}},{"type":"Feature","properties":{"ubigeo":"020108","nombre":"Olleros"},"geometry":{"type":"Polygon","coordinates":[[[-77.26971,-9.64874],[-77.27593,-9.65381],[-77.29507,-9.65879],[-77.29729,-9.66608],[-77.31099,-9.67431],[-77.32465,-9.67627],[-77.32692,-9.67893],[-77.3314,-9.66754],[-77.34372,-9.66572],[-77.35832,-9.67115],[-77.37252,-9.66959],[-77.39977,-9.67253],[-77.41114,-9.67832],[-77.42438,-9.67972],[-77.43262,-9.67335],[-77.44073,-9.67751],[-77.44949,-9.66909],[-77.46433,-9.66684],[-77.47169,-9.6722],[-77.4795,-9.67122],[-77.48412,-9.6616],[-77.48816,-9.64367],[-77.50088,-9.62801],[-77.49213,-9.62572],[-77.48402,-9.61828],[-77.46677,-9.61884],[-77.45094,-9.6095],[-77.4314,-9.60595],[-77.4276,-9.59797],[-77.42256,-9.5968],[-77.41211,-9.58739],[-77.40271,-9.58366],[-77.37675,-9.56284],[-77.36283,-9.55569],[-77.34448,-9.55292],[-77.33492,-9.54807],[-77.33437,-9.54288],[-77.32304,-9.53662],[-77.30939,-9.54016],[-77.30081,-9.55501],[-77.30983,-9.57206],[-77.30812,-9.57904],[-77.29579,-9.5814],[-77.2857,-9.59936],[-77.28371,-9.61785],[-77.27386,-9.63423],[-77.26748,-9.63503],[-77.26567,-9.64529],[-77.26971,-9.64874]]]}},{"type":"Feature","properties":{"ubigeo":"020109","nombre":"Pampas Grande"},"geometry":{"type":"Polygon","coordinates":[[[-77.88774,-9.562],[-77.86976,-9.5702],[-77.86416,-9.57553],[-77.84611,-9.5764],[-77.83051,-9.59348],[-77.82842,-9.60103],[-77.80704,-9.61894],[-77.78662,-9.62379],[-77.78807,-9.63377],[-77.78339,-9.64674],[-77.77274,-9.66358],[-77.7694,-9.66579],[-77.78276,-9.66986],[-77.78851,-9.67784],[-77.80175,-9.66993],[-77.81988,-9.67485],[-77.83513,-9.67261],[-77.85071,-9.67313],[-77.86029,-9.68324],[-77.86154,-9.68847],[-77.87217,-9.7068],[-77.87992,-9.71115],[-77.89368,-9.71346],[-77.89949,-9.71921],[-77.90178,-9.72876],[-77.90815,-9.73818],[-77.91847,-9.7418],[-77.92675,-9.74089],[-77.93654,-9.74932],[-77.94858,-9.7562],[-77.95006,-9.76149],[-77.96302,-9.77292],[-77.9759,-9.74935],[-77.98712,-9.73945],[-77.98432,-9.72899],[-77.96998,-9.7196],[-77.96762,-9.70614],[-77.97219,-9.70389],[-77.9797,-9.71184],[-78.00096,-9.71143],[-78.02941,-9.70181],[-78.04189,-9.6899],[-78.02137,-9.68833],[-78.00609,-9.68064],[-78.00263,-9.66682],[-77.99108,-9.65259],[-77.98929,-9.64444],[-77.97603,-9.63905],[-77.96482,-9.62102],[-77.9589,-9.6054],[-77.95926,-9.59045],[-77.96278,-9.5829],[-77.97471,-9.56987],[-77.97158,-9.55694],[-77.97415,-9.55048],[-77.98433,-9.54038],[-77.9923,-9.53615],[-77.98106,-9.53601],[-77.97114,-9.53102],[-77.95775,-9.53322],[-77.94679,-9.53997],[-77.93939,-9.5369],[-77.92456,-9.53548],[-77.91597,-9.54221],[-77.91185,-9.54056],[-77.90299,-9.54613],[-77.89691,-9.56767],[-77.88774,-9.562]]]}},{"type":"Feature","properties":{"ubigeo":"020110","nombre":"Pariacoto"},"geometry":{"type":"Polygon","coordinates":[[[-77.67476,-9.40305],[-77.68021,-9.40195],[-77.68633,-9.39363],[-77.69798,-9.39083],[-77.7054,-9.40221],[-77.71618,-9.43635],[-77.73129,-9.45349],[-77.72966,-9.47057],[-77.73281,-9.48234],[-77.75716,-9.50079],[-77.76608,-9.5234],[-77.77245,-9.53581],[-77.7794,-9.54331],[-77.79412,-9.55111],[-77.80866,-9.55079],[-77.82074,-9.54713],[-77.83414,-9.54637],[-77.84369,-9.55276],[-77.85053,-9.54581],[-77.86784,-9.54758],[-77.88774,-9.562],[-77.89691,-9.56767],[-77.90299,-9.54613],[-77.91185,-9.54056],[-77.91597,-9.54221],[-77.92456,-9.53548],[-77.93939,-9.5369],[-77.94679,-9.53997],[-77.93633,-9.52807],[-77.93375,-9.50822],[-77.92822,-9.49867],[-77.91832,-9.49977],[-77.91194,-9.51416],[-77.90114,-9.52128],[-77.88416,-9.52006],[-77.87609,-9.52347],[-77.86312,-9.5189],[-77.84843,-9.51754],[-77.83692,-9.50275],[-77.82839,-9.50123],[-77.81622,-9.49263],[-77.80181,-9.48872],[-77.78982,-9.48846],[-77.78403,-9.48324],[-77.78089,-9.47304],[-77.7791,-9.45661],[-77.78085,-9.45083],[-77.7739,-9.44422],[-77.77892,-9.42509],[-77.76624,-9.42186],[-77.76064,-9.41373],[-77.76583,-9.40065],[-77.7567,-9.39481],[-77.75326,-9.38334],[-77.7442,-9.37071],[-77.73251,-9.37791],[-77.71895,-9.38237],[-77.71475,-9.37981],[-77.70147,-9.3815],[-77.69048,-9.37784],[-77.68392,-9.38364],[-77.67513,-9.39438],[-77.67476,-9.40305]]]}},{"type":"Feature","properties":{"ubigeo":"020111","nombre":"Pira"},"geometry":{"type":"Polygon","coordinates":[[[-77.64929,-9.4528],[-77.65531,-9.46739],[-77.64825,-9.477],[-77.63913,-9.47412],[-77.63023,-9.47783],[-77.62261,-9.49457],[-77.62644,-9.49864],[-77.62548,-9.50968],[-77.63053,-9.51255],[-77.6339,-9.5214],[-77.63103,-9.52789],[-77.62024,-9.54019],[-77.61704,-9.55425],[-77.62774,-9.56602],[-77.62596,-9.56942],[-77.62357,-9.58037],[-77.63003,-9.58551],[-77.64567,-9.59305],[-77.6472,-9.60261],[-77.65942,-9.60582],[-77.66257,-9.61234],[-77.6728,-9.62053],[-77.68222,-9.60912],[-77.70814,-9.60267],[-77.71489,-9.59851],[-77.72016,-9.60071],[-77.75158,-9.58437],[-77.76503,-9.57943],[-77.76938,-9.56869],[-77.78359,-9.56116],[-77.79412,-9.55111],[-77.7794,-9.54331],[-77.77245,-9.53581],[-77.76608,-9.5234],[-77.75716,-9.50079],[-77.73281,-9.48234],[-77.72966,-9.47057],[-77.73129,-9.45349],[-77.71618,-9.43635],[-77.7054,-9.40221],[-77.69798,-9.39083],[-77.68633,-9.39363],[-77.68021,-9.40195],[-77.67476,-9.40305],[-77.68138,-9.41766],[-77.67053,-9.42612],[-77.66564,-9.42666],[-77.66477,-9.43742],[-77.65554,-9.44227],[-77.64929,-9.4528]]]}},{"type":"Feature","properties":{"ubigeo":"020112","nombre":"Tarica"},"geometry":{"type":"Polygon","coordinates":[[[-77.5504,-9.44138],[-77.54915,-9.43008],[-77.5561,-9.42027],[-77.57023,-9.41416],[-77.56997,-9.40404],[-77.58087,-9.39225],[-77.58494,-9.37529],[-77.5764,-9.37412],[-77.56672,-9.3792],[-77.56097,-9.37892],[-77.54229,-9.38659],[-77.53837,-9.37951],[-77.53001,-9.37271],[-77.51341,-9.37325],[-77.51036,-9.36902],[-77.4925,-9.36845],[-77.48301,-9.37014],[-77.47603,-9.36369],[-77.46847,-9.36734],[-77.44565,-9.35584],[-77.44339,-9.35088],[-77.43423,-9.35518],[-77.41547,-9.35577],[-77.39764,-9.34661],[-77.39852,-9.35608],[-77.38259,-9.37057],[-77.39178,-9.38429],[-77.4059,-9.39268],[-77.4125,-9.40373],[-77.41872,-9.40892],[-77.4349,-9.40873],[-77.45037,-9.41097],[-77.45588,-9.41862],[-77.45557,-9.42486],[-77.46032,-9.43258],[-77.47365,-9.43776],[-77.49449,-9.42454],[-77.50223,-9.41403],[-77.51497,-9.416],[-77.51794,-9.42062],[-77.53041,-9.42602],[-77.5413,-9.43365],[-77.54395,-9.4442],[-77.5504,-9.44138]]]}},{"type":"Feature","properties":{"ubigeo":"020201","nombre":"Aija"},"geometry":{"type":"Polygon","coordinates":[[[-77.53625,-9.73787],[-77.52987,-9.76402],[-77.52528,-9.76553],[-77.52169,-9.77457],[-77.52145,-9.79227],[-77.50688,-9.79906],[-77.50194,-9.81325],[-77.48895,-9.81984],[-77.49428,-9.83752],[-77.48504,-9.83883],[-77.48427,-9.85471],[-77.47906,-9.86143],[-77.4789,-9.87377],[-77.49106,-9.8707],[-77.50378,-9.87412],[-77.5099,-9.86584],[-77.52479,-9.86771],[-77.53773,-9.86127],[-77.54628,-9.86993],[-77.55249,-9.87218],[-77.55739,-9.86907],[-77.55775,-9.85941],[-77.56742,-9.84688],[-77.57912,-9.83535],[-77.59334,-9.83301],[-77.61112,-9.82029],[-77.61571,-9.80848],[-77.62379,-9.80373],[-77.63723,-9.80101],[-77.64747,-9.79351],[-77.63939,-9.7824],[-77.64308,-9.77297],[-77.66103,-9.76249],[-77.66474,-9.757],[-77.67517,-9.75061],[-77.67954,-9.74441],[-77.68826,-9.74245],[-77.69313,-9.7312],[-77.69555,-9.71781],[-77.67324,-9.71855],[-77.66766,-9.7237],[-77.6622,-9.73801],[-77.64369,-9.75064],[-77.64302,-9.75586],[-77.6326,-9.7675],[-77.63192,-9.7735],[-77.61461,-9.76385],[-77.60309,-9.76396],[-77.58763,-9.75847],[-77.58279,-9.75356],[-77.57164,-9.74885],[-77.5665,-9.7501],[-77.55931,-9.74257],[-77.54358,-9.7351],[-77.5388,-9.73597],[-77.53625,-9.73787]]]}},{"type":"Feature","properties":{"ubigeo":"020202","nombre":"Coris"},"geometry":{"type":"Polygon","coordinates":[[[-77.69555,-9.71781],[-77.69313,-9.7312],[-77.68826,-9.74245],[-77.68937,-9.76103],[-77.69644,-9.76496],[-77.6984,-9.77325],[-77.7067,-9.78582],[-77.70914,-9.81225],[-77.69799,-9.82642],[-77.70948,-9.83717],[-77.72243,-9.83989],[-77.72747,-9.8467],[-77.73471,-9.84685],[-77.74282,-9.8529],[-77.74434,-9.85885],[-77.76375,-9.87243],[-77.76611,-9.89017],[-77.77215,-9.89014],[-77.77979,-9.90506],[-77.79882,-9.90842],[-77.81247,-9.90569],[-77.82587,-9.91428],[-77.82465,-9.91021],[-77.82987,-9.88799],[-77.82694,-9.87809],[-77.84372,-9.84405],[-77.84142,-9.84035],[-77.83275,-9.84073],[-77.83374,-9.83634],[-77.84644,-9.82747],[-77.85389,-9.81709],[-77.88222,-9.81179],[-77.88976,-9.81862],[-77.90312,-9.82299],[-77.9155,-9.81837],[-77.92637,-9.80938],[-77.93421,-9.80622],[-77.94567,-9.79296],[-77.957,-9.7881],[-77.96163,-9.77998],[-77.95381,-9.77159],[-77.94139,-9.77322],[-77.92756,-9.76781],[-77.89932,-9.76743],[-77.88386,-9.76967],[-77.87249,-9.76766],[-77.86786,-9.76378],[-77.85351,-9.76652],[-77.84819,-9.76987],[-77.8205,-9.78109],[-77.81142,-9.79221],[-77.79479,-9.79135],[-77.7808,-9.80067],[-77.77431,-9.79104],[-77.76036,-9.78799],[-77.75092,-9.7662],[-77.75111,-9.75914],[-77.74498,-9.74685],[-77.73381,-9.73721],[-77.73024,-9.72127],[-77.73333,-9.71277],[-77.72693,-9.70218],[-77.72169,-9.69365],[-77.71212,-9.69002],[-77.69861,-9.69721],[-77.69578,-9.70206],[-77.69555,-9.71781]]]}},{"type":"Feature","properties":{"ubigeo":"020203","nombre":"Huacllan"},"geometry":{"type":"Polygon","coordinates":[[[-77.69799,-9.82642],[-77.70914,-9.81225],[-77.7067,-9.78582],[-77.6984,-9.77325],[-77.69644,-9.76496],[-77.68937,-9.76103],[-77.68826,-9.74245],[-77.67954,-9.74441],[-77.67517,-9.75061],[-77.66474,-9.757],[-77.66103,-9.76249],[-77.64308,-9.77297],[-77.63939,-9.7824],[-77.64747,-9.79351],[-77.65839,-9.7985],[-77.65903,-9.80561],[-77.66692,-9.80844],[-77.67745,-9.81659],[-77.6967,-9.82308],[-77.69799,-9.82642]]]}},{"type":"Feature","properties":{"ubigeo":"020204","nombre":"La Merced"},"geometry":{"type":"Polygon","coordinates":[[[-77.69555,-9.71781],[-77.69578,-9.70206],[-77.69861,-9.69721],[-77.67975,-9.68489],[-77.67073,-9.68354],[-77.66099,-9.686],[-77.66056,-9.67021],[-77.66428,-9.66046],[-77.64592,-9.64837],[-77.63154,-9.63191],[-77.62607,-9.62254],[-77.6213,-9.62083],[-77.61006,-9.62867],[-77.61162,-9.64966],[-77.59817,-9.63974],[-77.59425,-9.64589],[-77.59203,-9.65878],[-77.56921,-9.66915],[-77.56511,-9.68023],[-77.54161,-9.70589],[-77.54707,-9.71252],[-77.5388,-9.73597],[-77.54358,-9.7351],[-77.55931,-9.74257],[-77.5665,-9.7501],[-77.57164,-9.74885],[-77.58279,-9.75356],[-77.58763,-9.75847],[-77.60309,-9.76396],[-77.61461,-9.76385],[-77.63192,-9.7735],[-77.6326,-9.7675],[-77.64302,-9.75586],[-77.64369,-9.75064],[-77.6622,-9.73801],[-77.66766,-9.7237],[-77.67324,-9.71855],[-77.69555,-9.71781]]]}},{"type":"Feature","properties":{"ubigeo":"020205","nombre":"Succha"},"geometry":{"type":"Polygon","coordinates":[[[-77.6169,-9.86814],[-77.6214,-9.86778],[-77.62809,-9.85981],[-77.64125,-9.85605],[-77.64794,-9.86062],[-77.66411,-9.86533],[-77.68063,-9.8566],[-77.70355,-9.84835],[-77.70948,-9.83717],[-77.69799,-9.82642],[-77.6967,-9.82308],[-77.67745,-9.81659],[-77.66692,-9.80844],[-77.65903,-9.80561],[-77.65839,-9.7985],[-77.64747,-9.79351],[-77.63723,-9.80101],[-77.62379,-9.80373],[-77.61571,-9.80848],[-77.61112,-9.82029],[-77.59334,-9.83301],[-77.57912,-9.83535],[-77.56742,-9.84688],[-77.55775,-9.85941],[-77.55739,-9.86907],[-77.56669,-9.87331],[-77.57665,-9.87184],[-77.58384,-9.86473],[-77.59761,-9.86517],[-77.60679,-9.86038],[-77.6169,-9.86814]]]}},{"type":"Feature","properties":{"ubigeo":"020301","nombre":"Llamellin"},"geometry":{"type":"Polygon","coordinates":[[[-76.9454,-9.07483],[-76.94424,-9.08338],[-76.94686,-9.09707],[-76.94577,-9.11151],[-76.96272,-9.11323],[-76.96742,-9.1178],[-76.98335,-9.1182],[-76.99922,-9.11314],[-77.01052,-9.11776],[-77.01286,-9.12186],[-77.0284,-9.1236],[-77.03999,-9.12192],[-77.05089,-9.13268],[-77.06115,-9.13356],[-77.0674,-9.13013],[-77.07186,-9.12025],[-77.05543,-9.10954],[-77.06095,-9.10081],[-77.04824,-9.09427],[-77.04134,-9.07015],[-77.03655,-9.06695],[-77.03617,-9.05351],[-77.04286,-9.04704],[-77.03835,-9.03979],[-77.03936,-9.03066],[-77.04543,-9.02195],[-77.03777,-9.00829],[-77.03363,-9.00842],[-77.03263,-9.01423],[-77.02209,-9.01982],[-77.01678,-9.02662],[-77.00279,-9.03262],[-76.99585,-9.04714],[-76.98197,-9.05675],[-76.98017,-9.06299],[-76.96514,-9.06183],[-76.96215,-9.06796],[-76.95185,-9.0675],[-76.9454,-9.07483]]]}},{"type":"Feature","properties":{"ubigeo":"020302","nombre":"Aczo"},"geometry":{"type":"Polygon","coordinates":[[[-76.97002,-9.22034],[-76.96992,-9.22702],[-76.97477,-9.23816],[-76.98367,-9.24499],[-76.98956,-9.25122],[-76.98946,-9.26477],[-76.99311,-9.27039],[-76.99955,-9.27355],[-77.00829,-9.28549],[-77.01232,-9.29878],[-77.01808,-9.29696],[-77.02687,-9.30092],[-77.03945,-9.29036],[-77.05469,-9.28532],[-77.06389,-9.27743],[-77.07918,-9.27086],[-77.06861,-9.27197],[-77.0548,-9.26914],[-77.0512,-9.27557],[-77.03944,-9.27217],[-77.02865,-9.27259],[-77.02205,-9.26221],[-77.02242,-9.25359],[-77.01432,-9.24015],[-77.00514,-9.24329],[-77.00615,-9.23737],[-77.00156,-9.23009],[-76.98746,-9.22733],[-76.98681,-9.21407],[-76.98291,-9.21239],[-76.98324,-9.19883],[-76.99164,-9.18876],[-77.00226,-9.15925],[-77.01296,-9.1779],[-77.01702,-9.1788],[-77.02692,-9.1683],[-77.00711,-9.15085],[-76.98427,-9.14227],[-76.97341,-9.14279],[-76.96159,-9.15325],[-76.95946,-9.17014],[-76.9631,-9.17644],[-76.96254,-9.19839],[-76.96001,-9.20598],[-76.96935,-9.21474],[-76.97002,-9.22034]]]}},{"type":"Feature","properties":{"ubigeo":"020303","nombre":"Chaccho"},"geometry":{"type":"Polygon","coordinates":[[[-77.06095,-9.10081],[-77.05915,-9.09443],[-77.06914,-9.07505],[-77.08561,-9.06592],[-77.09895,-9.05501],[-77.09517,-9.04922],[-77.09791,-9.03798],[-77.0942,-9.01816],[-77.09916,-9.01185],[-77.11133,-9.00836],[-77.11369,-8.99821],[-77.12279,-8.97805],[-77.10314,-8.97243],[-77.09316,-8.97173],[-77.08585,-8.97793],[-77.06142,-8.99238],[-77.05451,-8.99223],[-77.03719,-8.99929],[-77.03363,-9.00842],[-77.03777,-9.00829],[-77.04543,-9.02195],[-77.03936,-9.03066],[-77.03835,-9.03979],[-77.04286,-9.04704],[-77.03617,-9.05351],[-77.03655,-9.06695],[-77.04134,-9.07015],[-77.04824,-9.09427],[-77.06095,-9.10081]]]}},{"type":"Feature","properties":{"ubigeo":"020304","nombre":"Chingas"},"geometry":{"type":"Polygon","coordinates":[[[-76.94726,-9.13629],[-76.96159,-9.15325],[-76.97341,-9.14279],[-76.98427,-9.14227],[-77.00711,-9.15085],[-77.02692,-9.1683],[-77.03496,-9.17755],[-77.04722,-9.17953],[-77.05207,-9.17227],[-77.05956,-9.14336],[-77.0674,-9.13013],[-77.06115,-9.13356],[-77.05089,-9.13268],[-77.03999,-9.12192],[-77.0284,-9.1236],[-77.01286,-9.12186],[-77.01052,-9.11776],[-76.99922,-9.11314],[-76.98335,-9.1182],[-76.96742,-9.1178],[-76.96272,-9.11323],[-76.94577,-9.11151],[-76.94647,-9.12357],[-76.94315,-9.12718],[-76.94726,-9.13629]]]}},{"type":"Feature","properties":{"ubigeo":"020305","nombre":"Mirgas"},"geometry":{"type":"Polygon","coordinates":[[[-77.0674,-9.13013],[-77.05956,-9.14336],[-77.05207,-9.17227],[-77.04722,-9.17953],[-77.05259,-9.17875],[-77.05962,-9.17082],[-77.06523,-9.16995],[-77.08441,-9.18248],[-77.09705,-9.18644],[-77.10453,-9.19446],[-77.11049,-9.19113],[-77.12116,-9.19902],[-77.14221,-9.20242],[-77.14711,-9.19025],[-77.15141,-9.18764],[-77.15741,-9.17269],[-77.17387,-9.15996],[-77.16427,-9.14842],[-77.15458,-9.14184],[-77.16841,-9.12157],[-77.16375,-9.11797],[-77.16547,-9.10579],[-77.15303,-9.09488],[-77.14411,-9.09566],[-77.13999,-9.08343],[-77.14363,-9.07842],[-77.14139,-9.0556],[-77.14747,-9.04872],[-77.15239,-9.03372],[-77.14733,-9.02812],[-77.14167,-9.02916],[-77.12879,-9.02417],[-77.11133,-9.00836],[-77.09916,-9.01185],[-77.0942,-9.01816],[-77.09791,-9.03798],[-77.09517,-9.04922],[-77.09895,-9.05501],[-77.08561,-9.06592],[-77.06914,-9.07505],[-77.05915,-9.09443],[-77.06095,-9.10081],[-77.05543,-9.10954],[-77.07186,-9.12025],[-77.0674,-9.13013]]]}},{"type":"Feature","properties":{"ubigeo":"020306","nombre":"San Juan de Rontoy"},"geometry":{"type":"Polygon","coordinates":[[[-77.08441,-9.18248],[-77.06523,-9.16995],[-77.05962,-9.17082],[-77.05259,-9.17875],[-77.04722,-9.17953],[-77.03496,-9.17755],[-77.02692,-9.1683],[-77.01702,-9.1788],[-77.01296,-9.1779],[-77.00226,-9.15925],[-76.99164,-9.18876],[-76.98324,-9.19883],[-76.98291,-9.21239],[-76.98681,-9.21407],[-76.98746,-9.22733],[-77.00156,-9.23009],[-77.00615,-9.23737],[-77.00514,-9.24329],[-77.01432,-9.24015],[-77.02242,-9.25359],[-77.02205,-9.26221],[-77.02865,-9.27259],[-77.03944,-9.27217],[-77.0512,-9.27557],[-77.0548,-9.26914],[-77.06861,-9.27197],[-77.07918,-9.27086],[-77.08643,-9.26441],[-77.08381,-9.25417],[-77.08583,-9.24709],[-77.08215,-9.23762],[-77.08428,-9.22713],[-77.09354,-9.21251],[-77.09243,-9.20508],[-77.08441,-9.18248]]]}},{"type":"Feature","properties":{"ubigeo":"020401","nombre":"Chacas"},"geometry":{"type":"Polygon","coordinates":[[[-77.26205,-9.20779],[-77.26428,-9.24196],[-77.27375,-9.24373],[-77.27736,-9.25768],[-77.2753,-9.27827],[-77.28282,-9.28043],[-77.28544,-9.28648],[-77.29169,-9.28851],[-77.30087,-9.28355],[-77.30898,-9.2833],[-77.31493,-9.29038],[-77.31549,-9.30116],[-77.31143,-9.30624],[-77.31918,-9.32411],[-77.32476,-9.31926],[-77.32568,-9.31005],[-77.34735,-9.29986],[-77.35394,-9.30125],[-77.3652,-9.29417],[-77.38003,-9.2879],[-77.38894,-9.28894],[-77.39671,-9.28475],[-77.40898,-9.27313],[-77.42124,-9.27661],[-77.43213,-9.27551],[-77.45096,-9.26399],[-77.46962,-9.27028],[-77.48172,-9.26899],[-77.48037,-9.25532],[-77.49273,-9.25086],[-77.50361,-9.2562],[-77.51083,-9.25435],[-77.51313,-9.24332],[-77.51757,-9.2359],[-77.51613,-9.22487],[-77.51758,-9.20378],[-77.52571,-9.20507],[-77.53191,-9.19936],[-77.52902,-9.18662],[-77.53355,-9.17312],[-77.5197,-9.14345],[-77.51671,-9.13385],[-77.50305,-9.1275],[-77.49952,-9.11722],[-77.49046,-9.10667],[-77.48727,-9.1109],[-77.4739,-9.11426],[-77.45727,-9.10636],[-77.4497,-9.10603],[-77.43123,-9.11334],[-77.41582,-9.13043],[-77.3932,-9.13907],[-77.38748,-9.14625],[-77.379,-9.15113],[-77.37402,-9.14993],[-77.36703,-9.13823],[-77.36931,-9.12672],[-77.36602,-9.11388],[-77.35683,-9.11363],[-77.34844,-9.12633],[-77.34068,-9.13164],[-77.32909,-9.13197],[-77.31928,-9.13724],[-77.31378,-9.15862],[-77.2914,-9.17626],[-77.29266,-9.18229],[-77.27765,-9.18154],[-77.26546,-9.19381],[-77.26205,-9.20779]]]}},{"type":"Feature","properties":{"ubigeo":"020402","nombre":"Acochaca"},"geometry":{"type":"Polygon","coordinates":[[[-77.36602,-9.11388],[-77.36931,-9.12672],[-77.36703,-9.13823],[-77.37402,-9.14993],[-77.379,-9.15113],[-77.38748,-9.14625],[-77.3932,-9.13907],[-77.41582,-9.13043],[-77.43123,-9.11334],[-77.4497,-9.10603],[-77.45727,-9.10636],[-77.4739,-9.11426],[-77.48727,-9.1109],[-77.49046,-9.10667],[-77.48053,-9.10661],[-77.46583,-9.10017],[-77.45702,-9.08791],[-77.44808,-9.08595],[-77.43767,-9.06811],[-77.43735,-9.05925],[-77.4257,-9.05711],[-77.41814,-9.06],[-77.41062,-9.05784],[-77.39123,-9.05687],[-77.362,-9.06499],[-77.362,-9.07582],[-77.36581,-9.09243],[-77.3626,-9.10371],[-77.36602,-9.11388]]]}},{"type":"Feature","properties":{"ubigeo":"020501","nombre":"Chiquian"},"geometry":{"type":"Polygon","coordinates":[[[-77.10539,-10.20108],[-77.11059,-10.21729],[-77.11022,-10.22484],[-77.11393,-10.23619],[-77.12617,-10.23918],[-77.13229,-10.24931],[-77.13805,-10.25353],[-77.13822,-10.26361],[-77.13076,-10.27783],[-77.12423,-10.28521],[-77.12448,-10.29334],[-77.13852,-10.30172],[-77.14037,-10.30801],[-77.14285,-10.29918],[-77.1474,-10.29675],[-77.15244,-10.28902],[-77.15698,-10.27037],[-77.168,-10.25591],[-77.17305,-10.24201],[-77.16631,-10.22231],[-77.16632,-10.2116],[-77.17557,-10.19964],[-77.17222,-10.18681],[-77.18066,-10.17764],[-77.1951,-10.17345],[-77.19775,-10.17761],[-77.21505,-10.18369],[-77.22746,-10.20106],[-77.23589,-10.22092],[-77.2442,-10.2259],[-77.24516,-10.21825],[-77.24984,-10.21508],[-77.25713,-10.20312],[-77.2528,-10.19557],[-77.2525,-10.18657],[-77.26644,-10.18454],[-77.274,-10.18113],[-77.28045,-10.16031],[-77.27567,-10.15463],[-77.26845,-10.15414],[-77.25764,-10.14767],[-77.24949,-10.13651],[-77.23204,-10.13346],[-77.21277,-10.13371],[-77.20475,-10.12603],[-77.21012,-10.11516],[-77.20792,-10.10536],[-77.20156,-10.09217],[-77.19713,-10.08694],[-77.18236,-10.08326],[-77.18187,-10.07518],[-77.17697,-10.0747],[-77.17133,-10.08414],[-77.15332,-10.08898],[-77.16205,-10.11365],[-77.15625,-10.12972],[-77.14295,-10.14616],[-77.12652,-10.15718],[-77.11719,-10.17544],[-77.10502,-10.18122],[-77.1066,-10.18662],[-77.10271,-10.19514],[-77.10539,-10.20108]]]}},{"type":"Feature","properties":{"ubigeo":"020502","nombre":"Abelardo Pardo Lezameta"},"geometry":{"type":"Polygon","coordinates":[[[-77.14037,-10.30801],[-77.14752,-10.31605],[-77.15448,-10.33606],[-77.16387,-10.33343],[-77.16515,-10.321],[-77.1695,-10.31258],[-77.1788,-10.30644],[-77.17895,-10.29843],[-77.17189,-10.29029],[-77.15198,-10.29773],[-77.1474,-10.29675],[-77.14285,-10.29918],[-77.14037,-10.30801]]]}},{"type":"Feature","properties":{"ubigeo":"020503","nombre":"Antonio Raymondi"},"geometry":{"type":"Polygon","coordinates":[[[-77.41421,-10.20572],[-77.42126,-10.20441],[-77.4355,-10.20969],[-77.43803,-10.2198],[-77.44881,-10.21885],[-77.45785,-10.22323],[-77.4691,-10.22501],[-77.47667,-10.23689],[-77.48629,-10.2456],[-77.50019,-10.24651],[-77.50329,-10.25307],[-77.51619,-10.25946],[-77.52829,-10.26269],[-77.55103,-10.24964],[-77.5519,-10.2467],[-77.56509,-10.24039],[-77.5677,-10.23615],[-77.56123,-10.23101],[-77.55793,-10.20597],[-77.55455,-10.20195],[-77.55465,-10.18846],[-77.54821,-10.18055],[-77.54605,-10.17536],[-77.53402,-10.17345],[-77.52438,-10.15886],[-77.5161,-10.152],[-77.51701,-10.14834],[-77.50557,-10.14574],[-77.49408,-10.15323],[-77.47091,-10.15545],[-77.46062,-10.16132],[-77.44587,-10.17395],[-77.43806,-10.17589],[-77.4315,-10.18769],[-77.41953,-10.19748],[-77.41421,-10.20572]]]}},{"type":"Feature","properties":{"ubigeo":"020504","nombre":"Aquia"},"geometry":{"type":"Polygon","coordinates":[[[-77.09488,-9.84082],[-77.0888,-9.85268],[-77.07919,-9.85918],[-77.06947,-9.86179],[-77.05835,-9.87838],[-77.05815,-9.89405],[-77.05473,-9.89613],[-77.05321,-9.90807],[-77.0367,-9.91632],[-77.03448,-9.93007],[-77.04155,-9.93558],[-77.03756,-9.94565],[-77.02319,-9.95239],[-77.02471,-9.96152],[-77.02345,-9.97734],[-77.02835,-9.98069],[-77.038,-9.97987],[-77.03912,-9.98524],[-77.04713,-9.99123],[-77.05125,-9.98898],[-77.05792,-9.99441],[-77.05864,-10.00037],[-77.07271,-10.00381],[-77.07555,-10.01716],[-77.08768,-10.02661],[-77.08614,-10.03929],[-77.07837,-10.04477],[-77.08135,-10.0632],[-77.07614,-10.07091],[-77.07977,-10.07604],[-77.09044,-10.08061],[-77.09269,-10.09262],[-77.10373,-10.09369],[-77.11666,-10.09942],[-77.12688,-10.09252],[-77.1366,-10.09374],[-77.15332,-10.08898],[-77.17133,-10.08414],[-77.17697,-10.0747],[-77.18187,-10.07518],[-77.18236,-10.08326],[-77.19713,-10.08694],[-77.20156,-10.09217],[-77.21624,-10.0868],[-77.2155,-10.07924],[-77.20894,-10.07069],[-77.20793,-10.06153],[-77.21295,-10.04941],[-77.22391,-10.03941],[-77.22069,-10.03074],[-77.21412,-10.02373],[-77.21881,-10.01376],[-77.21157,-10.00343],[-77.20955,-9.99385],[-77.2126,-9.98496],[-77.2056,-9.96703],[-77.21073,-9.95875],[-77.22344,-9.95199],[-77.21606,-9.94297],[-77.21517,-9.93486],[-77.22016,-9.92455],[-77.21788,-9.91921],[-77.20565,-9.92565],[-77.19875,-9.92427],[-77.18905,-9.92949],[-77.17379,-9.91313],[-77.17392,-9.90547],[-77.1787,-9.88816],[-77.18245,-9.88376],[-77.1829,-9.86706],[-77.18902,-9.84752],[-77.18713,-9.83621],[-77.16219,-9.82705],[-77.14166,-9.83323],[-77.12386,-9.83934],[-77.11544,-9.83318],[-77.10283,-9.8411],[-77.09488,-9.84082]]]}},{"type":"Feature","properties":{"ubigeo":"020505","nombre":"Cajacay"},"geometry":{"type":"Polygon","coordinates":[[[-77.25713,-10.20312],[-77.2696,-10.20759],[-77.27649,-10.23263],[-77.27417,-10.24694],[-77.26978,-10.25747],[-77.27736,-10.26645],[-77.29074,-10.26871],[-77.3001,-10.28463],[-77.30528,-10.28212],[-77.30585,-10.27368],[-77.3155,-10.27041],[-77.32308,-10.25823],[-77.32712,-10.25622],[-77.33088,-10.24256],[-77.34371,-10.23011],[-77.34443,-10.22561],[-77.37027,-10.20993],[-77.39053,-10.2046],[-77.39897,-10.20761],[-77.41421,-10.20572],[-77.41953,-10.19748],[-77.4315,-10.18769],[-77.43806,-10.17589],[-77.44587,-10.17395],[-77.46062,-10.16132],[-77.47091,-10.15545],[-77.45867,-10.15616],[-77.44423,-10.14718],[-77.43683,-10.14252],[-77.41884,-10.14109],[-77.40065,-10.13215],[-77.39331,-10.13281],[-77.38013,-10.14685],[-77.35789,-10.15118],[-77.34491,-10.15956],[-77.33518,-10.14423],[-77.34234,-10.13084],[-77.31998,-10.12738],[-77.31061,-10.13462],[-77.29908,-10.13841],[-77.28367,-10.15421],[-77.28045,-10.16031],[-77.274,-10.18113],[-77.26644,-10.18454],[-77.2525,-10.18657],[-77.2528,-10.19557],[-77.25713,-10.20312]]]}},{"type":"Feature","properties":{"ubigeo":"020506","nombre":"Canis"},"geometry":{"type":"Polygon","coordinates":[[[-77.15448,-10.33606],[-77.15559,-10.34656],[-77.15821,-10.36192],[-77.16682,-10.35939],[-77.17553,-10.34987],[-77.18825,-10.34571],[-77.19749,-10.33771],[-77.21964,-10.33961],[-77.22968,-10.33],[-77.23263,-10.3149],[-77.24101,-10.30592],[-77.22293,-10.31603],[-77.19665,-10.32279],[-77.18346,-10.32243],[-77.17079,-10.32721],[-77.16387,-10.33343],[-77.15448,-10.33606]]]}},{"type":"Feature","properties":{"ubigeo":"020507","nombre":"Colquioc"},"geometry":{"type":"Polygon","coordinates":[[[-77.52829,-10.26269],[-77.52694,-10.27299],[-77.51545,-10.27717],[-77.51443,-10.27275],[-77.48816,-10.25784],[-77.46252,-10.27566],[-77.46913,-10.28648],[-77.46629,-10.29561],[-77.47783,-10.3067],[-77.47798,-10.32429],[-77.48036,-10.32784],[-77.48148,-10.34623],[-77.48966,-10.34428],[-77.50018,-10.34779],[-77.50367,-10.35806],[-77.51684,-10.36437],[-77.51649,-10.37045],[-77.52364,-10.3874],[-77.53489,-10.38641],[-77.56108,-10.39018],[-77.56947,-10.38674],[-77.5802,-10.38852],[-77.59937,-10.38333],[-77.59774,-10.36642],[-77.60036,-10.36001],[-77.61704,-10.33628],[-77.61943,-10.32783],[-77.63166,-10.32221],[-77.6492,-10.34347],[-77.66691,-10.33895],[-77.67717,-10.32822],[-77.69239,-10.3209],[-77.69875,-10.3221],[-77.69945,-10.31195],[-77.69383,-10.28482],[-77.69345,-10.26426],[-77.69643,-10.25685],[-77.68999,-10.24652],[-77.67752,-10.23423],[-77.68091,-10.22165],[-77.67487,-10.21284],[-77.6744,-10.20671],[-77.66709,-10.21643],[-77.65263,-10.21921],[-77.64249,-10.22512],[-77.6357,-10.2241],[-77.62175,-10.23087],[-77.60803,-10.24051],[-77.59168,-10.23722],[-77.58373,-10.24581],[-77.57532,-10.24986],[-77.5677,-10.23615],[-77.56509,-10.24039],[-77.5519,-10.2467],[-77.55103,-10.24964],[-77.52829,-10.26269]]]}},{"type":"Feature","properties":{"ubigeo":"020508","nombre":"Huallanca"},"geometry":{"type":"Polygon","coordinates":[[[-76.86928,-9.86039],[-76.87298,-9.86377],[-76.86211,-9.87545],[-76.85902,-9.88859],[-76.85075,-9.89456],[-76.84573,-9.91021],[-76.84037,-9.91773],[-76.84375,-9.92392],[-76.83894,-9.93455],[-76.82898,-9.93842],[-76.81803,-9.95229],[-76.81368,-9.96157],[-76.81772,-9.97853],[-76.82562,-9.98929],[-76.82327,-9.99562],[-76.82405,-10.011],[-76.82156,-10.01937],[-76.81521,-10.02254],[-76.8113,-10.04399],[-76.81201,-10.05089],[-76.81241,-10.07157],[-76.80717,-10.08436],[-76.83803,-10.08512],[-76.84604,-10.08874],[-76.8485,-10.09793],[-76.85358,-10.10178],[-76.86413,-10.09477],[-76.87268,-10.09489],[-76.87989,-10.11655],[-76.88581,-10.11338],[-76.90194,-10.11334],[-76.90393,-10.11536],[-76.91546,-10.11991],[-76.92484,-10.10636],[-76.93491,-10.09546],[-76.94565,-10.09756],[-76.95335,-10.10797],[-76.96159,-10.10592],[-76.96261,-10.09341],[-76.96858,-10.07945],[-76.97772,-10.06922],[-76.98328,-10.05791],[-76.97885,-10.03955],[-76.98521,-10.0265],[-76.99924,-10.02266],[-77.00746,-10.01236],[-77.00848,-10.00287],[-77.01859,-9.98118],[-77.02345,-9.97734],[-77.02471,-9.96152],[-77.02319,-9.95239],[-77.03756,-9.94565],[-77.04155,-9.93558],[-77.03448,-9.93007],[-77.0367,-9.91632],[-77.05321,-9.90807],[-77.05473,-9.89613],[-77.05815,-9.89405],[-77.05835,-9.87838],[-77.06947,-9.86179],[-77.07919,-9.85918],[-77.0888,-9.85268],[-77.09488,-9.84082],[-77.09279,-9.83675],[-77.10109,-9.81751],[-77.09669,-9.80455],[-77.07606,-9.79703],[-77.06016,-9.80215],[-77.04646,-9.79286],[-77.04946,-9.78287],[-77.03884,-9.7791],[-77.0278,-9.76412],[-77.03098,-9.75518],[-77.02611,-9.75033],[-77.03065,-9.73381],[-77.02547,-9.72864],[-77.03566,-9.71932],[-77.03433,-9.70935],[-77.02384,-9.70433],[-77.02061,-9.71131],[-77.01023,-9.71728],[-76.99518,-9.73657],[-76.98675,-9.74313],[-76.98651,-9.74911],[-76.97428,-9.76024],[-76.96978,-9.75834],[-76.97349,-9.74804],[-76.98029,-9.74029],[-76.98104,-9.72457],[-76.97039,-9.71149],[-76.96161,-9.71346],[-76.94539,-9.70257],[-76.94137,-9.70591],[-76.93466,-9.71999],[-76.93457,-9.72892],[-76.92533,-9.74008],[-76.91735,-9.74366],[-76.91127,-9.75899],[-76.91191,-9.76367],[-76.90373,-9.7653],[-76.90138,-9.7705],[-76.90308,-9.78515],[-76.90057,-9.79983],[-76.89521,-9.8156],[-76.88914,-9.82348],[-76.8808,-9.83303],[-76.86928,-9.86039]]]}},{"type":"Feature","properties":{"ubigeo":"020509","nombre":"Huasta"},"geometry":{"type":"Polygon","coordinates":[[[-76.91192,-10.18507],[-76.91915,-10.18385],[-76.92452,-10.17824],[-76.93058,-10.17789],[-76.93878,-10.18693],[-76.95125,-10.18965],[-76.9652,-10.19592],[-76.98701,-10.19836],[-77.00895,-10.19232],[-77.02093,-10.19644],[-77.03414,-10.19592],[-77.04169,-10.19865],[-77.0546,-10.19796],[-77.06654,-10.20329],[-77.085,-10.20534],[-77.10539,-10.20108],[-77.10271,-10.19514],[-77.1066,-10.18662],[-77.10502,-10.18122],[-77.11719,-10.17544],[-77.12652,-10.15718],[-77.14295,-10.14616],[-77.15625,-10.12972],[-77.16205,-10.11365],[-77.15332,-10.08898],[-77.1366,-10.09374],[-77.12688,-10.09252],[-77.11666,-10.09942],[-77.10373,-10.09369],[-77.09269,-10.09262],[-77.09044,-10.08061],[-77.07977,-10.07604],[-77.07614,-10.07091],[-77.08135,-10.0632],[-77.07837,-10.04477],[-77.08614,-10.03929],[-77.08768,-10.02661],[-77.07555,-10.01716],[-77.07271,-10.00381],[-77.05864,-10.00037],[-77.05792,-9.99441],[-77.05125,-9.98898],[-77.04713,-9.99123],[-77.03912,-9.98524],[-77.038,-9.97987],[-77.02835,-9.98069],[-77.02345,-9.97734],[-77.01859,-9.98118],[-77.00848,-10.00287],[-77.00746,-10.01236],[-76.99924,-10.02266],[-76.98521,-10.0265],[-76.97885,-10.03955],[-76.98328,-10.05791],[-76.97772,-10.06922],[-76.96858,-10.07945],[-76.96261,-10.09341],[-76.96159,-10.10592],[-76.95335,-10.10797],[-76.94565,-10.09756],[-76.93491,-10.09546],[-76.92484,-10.10636],[-76.91546,-10.11991],[-76.91504,-10.13377],[-76.91069,-10.15995],[-76.91261,-10.16329],[-76.90854,-10.17678],[-76.91192,-10.18507]]]}},{"type":"Feature","properties":{"ubigeo":"020510","nombre":"Huayllacayan"},"geometry":{"type":"Polygon","coordinates":[[[-77.32712,-10.25622],[-77.34039,-10.26649],[-77.34564,-10.27847],[-77.35244,-10.28132],[-77.35471,-10.28943],[-77.3595,-10.29203],[-77.36843,-10.28865],[-77.39915,-10.27205],[-77.40679,-10.27179],[-77.40941,-10.27751],[-77.42231,-10.27764],[-77.4388,-10.27303],[-77.44998,-10.27765],[-77.46252,-10.27566],[-77.48816,-10.25784],[-77.51443,-10.27275],[-77.51545,-10.27717],[-77.52694,-10.27299],[-77.52829,-10.26269],[-77.51619,-10.25946],[-77.50329,-10.25307],[-77.50019,-10.24651],[-77.48629,-10.2456],[-77.47667,-10.23689],[-77.4691,-10.22501],[-77.45785,-10.22323],[-77.44881,-10.21885],[-77.43803,-10.2198],[-77.4355,-10.20969],[-77.42126,-10.20441],[-77.41421,-10.20572],[-77.39897,-10.20761],[-77.39053,-10.2046],[-77.37027,-10.20993],[-77.34443,-10.22561],[-77.34371,-10.23011],[-77.33088,-10.24256],[-77.32712,-10.25622]]]}},{"type":"Feature","properties":{"ubigeo":"020511","nombre":"La Primavera"},"geometry":{"type":"Polygon","coordinates":[[[-77.15559,-10.34656],[-77.15448,-10.33606],[-77.14752,-10.31605],[-77.14037,-10.30801],[-77.13852,-10.30172],[-77.12448,-10.29334],[-77.12423,-10.28521],[-77.13076,-10.27783],[-77.13822,-10.26361],[-77.12411,-10.25437],[-77.10723,-10.25954],[-77.09071,-10.26053],[-77.08036,-10.27505],[-77.07026,-10.28276],[-77.06055,-10.28565],[-77.05321,-10.29138],[-77.05942,-10.30611],[-77.06943,-10.31116],[-77.08893,-10.31722],[-77.0959,-10.32257],[-77.09741,-10.33007],[-77.0915,-10.34291],[-77.0921,-10.35351],[-77.09893,-10.34935],[-77.11095,-10.3474],[-77.12716,-10.33555],[-77.14825,-10.33819],[-77.15559,-10.34656]]]}},{"type":"Feature","properties":{"ubigeo":"020512","nombre":"Mangas"},"geometry":{"type":"Polygon","coordinates":[[[-77.17603,-10.4831],[-77.18614,-10.4719],[-77.18459,-10.46743],[-77.18943,-10.46052],[-77.18932,-10.45793],[-77.17347,-10.44534],[-77.17191,-10.44275],[-77.17157,-10.41836],[-77.17438,-10.405],[-77.16646,-10.39095],[-77.16647,-10.37575],[-77.15821,-10.36192],[-77.15559,-10.34656],[-77.14825,-10.33819],[-77.12716,-10.33555],[-77.11095,-10.3474],[-77.09893,-10.34935],[-77.0921,-10.35351],[-77.0915,-10.34291],[-77.09741,-10.33007],[-77.0959,-10.32257],[-77.08893,-10.31722],[-77.06943,-10.31116],[-77.05942,-10.30611],[-77.05321,-10.29138],[-77.06055,-10.28565],[-77.07026,-10.28276],[-77.05567,-10.27685],[-77.04603,-10.26773],[-77.03137,-10.26398],[-77.02151,-10.26942],[-77.01783,-10.2777],[-77.00767,-10.28654],[-77.0091,-10.30777],[-77.02471,-10.32753],[-77.03399,-10.33254],[-77.04617,-10.33463],[-77.05328,-10.33984],[-77.06233,-10.33463],[-77.07161,-10.3381],[-77.07391,-10.34771],[-77.08077,-10.35768],[-77.089,-10.36014],[-77.0902,-10.37263],[-77.11088,-10.39209],[-77.11099,-10.40334],[-77.11655,-10.40635],[-77.12829,-10.42121],[-77.13824,-10.42647],[-77.14476,-10.44385],[-77.15002,-10.45109],[-77.16522,-10.45738],[-77.17462,-10.4646],[-77.17603,-10.4831]]]}},{"type":"Feature","properties":{"ubigeo":"020513","nombre":"Pacllon"},"geometry":{"type":"Polygon","coordinates":[[[-76.90503,-10.26896],[-76.90625,-10.27419],[-76.91684,-10.27808],[-76.92086,-10.27543],[-76.93812,-10.2797],[-76.94293,-10.28752],[-76.95116,-10.28893],[-76.96227,-10.29721],[-76.96545,-10.30538],[-76.97485,-10.30383],[-76.97991,-10.29706],[-76.98985,-10.29585],[-76.99948,-10.28989],[-77.0023,-10.28192],[-77.00767,-10.28654],[-77.01783,-10.2777],[-77.02151,-10.26942],[-77.03137,-10.26398],[-77.04603,-10.26773],[-77.05567,-10.27685],[-77.07026,-10.28276],[-77.08036,-10.27505],[-77.09071,-10.26053],[-77.10723,-10.25954],[-77.12411,-10.25437],[-77.13822,-10.26361],[-77.13805,-10.25353],[-77.13229,-10.24931],[-77.12617,-10.23918],[-77.11393,-10.23619],[-77.11022,-10.22484],[-77.11059,-10.21729],[-77.10539,-10.20108],[-77.085,-10.20534],[-77.06654,-10.20329],[-77.0546,-10.19796],[-77.04169,-10.19865],[-77.03414,-10.19592],[-77.02093,-10.19644],[-77.00895,-10.19232],[-76.98701,-10.19836],[-76.9652,-10.19592],[-76.95125,-10.18965],[-76.93878,-10.18693],[-76.93058,-10.17789],[-76.92452,-10.17824],[-76.91915,-10.18385],[-76.91192,-10.18507],[-76.91392,-10.18994],[-76.90944,-10.19902],[-76.91622,-10.21752],[-76.91345,-10.23045],[-76.90494,-10.23741],[-76.9028,-10.25207],[-76.90669,-10.257],[-76.90503,-10.26896]]]}},{"type":"Feature","properties":{"ubigeo":"020514","nombre":"San Miguel de Corpanqui"},"geometry":{"type":"Polygon","coordinates":[[[-77.16387,-10.33343],[-77.17079,-10.32721],[-77.18346,-10.32243],[-77.19665,-10.32279],[-77.22293,-10.31603],[-77.24101,-10.30592],[-77.23597,-10.29803],[-77.24376,-10.26717],[-77.2495,-10.26445],[-77.25553,-10.25379],[-77.23751,-10.25254],[-77.21599,-10.26033],[-77.20434,-10.27054],[-77.19087,-10.2764],[-77.18408,-10.28341],[-77.17189,-10.29029],[-77.17895,-10.29843],[-77.1788,-10.30644],[-77.1695,-10.31258],[-77.16515,-10.321],[-77.16387,-10.33343]]]}},{"type":"Feature","properties":{"ubigeo":"020515","nombre":"Ticllos"},"geometry":{"type":"Polygon","coordinates":[[[-77.17189,-10.29029],[-77.18408,-10.28341],[-77.19087,-10.2764],[-77.20434,-10.27054],[-77.21599,-10.26033],[-77.23751,-10.25254],[-77.25553,-10.25379],[-77.2621,-10.25268],[-77.26978,-10.25747],[-77.27417,-10.24694],[-77.27649,-10.23263],[-77.2696,-10.20759],[-77.25713,-10.20312],[-77.24984,-10.21508],[-77.24516,-10.21825],[-77.2442,-10.2259],[-77.23589,-10.22092],[-77.22746,-10.20106],[-77.21505,-10.18369],[-77.19775,-10.17761],[-77.1951,-10.17345],[-77.18066,-10.17764],[-77.17222,-10.18681],[-77.17557,-10.19964],[-77.16632,-10.2116],[-77.16631,-10.22231],[-77.17305,-10.24201],[-77.168,-10.25591],[-77.15698,-10.27037],[-77.15244,-10.28902],[-77.1474,-10.29675],[-77.15198,-10.29773],[-77.17189,-10.29029]]]}},{"type":"Feature","properties":{"ubigeo":"020601","nombre":"Carhuaz"},"geometry":{"type":"Polygon","coordinates":[[[-77.51757,-9.2359],[-77.528,-9.24586],[-77.55024,-9.28277],[-77.55741,-9.28811],[-77.57984,-9.28748],[-77.58737,-9.29235],[-77.59698,-9.28266],[-77.59813,-9.27115],[-77.60455,-9.26936],[-77.60917,-9.27328],[-77.63137,-9.27702],[-77.63272,-9.28223],[-77.62862,-9.2914],[-77.63171,-9.29506],[-77.62123,-9.30348],[-77.64445,-9.32005],[-77.64874,-9.33297],[-77.64725,-9.34535],[-77.65337,-9.34953],[-77.65653,-9.36651],[-77.6703,-9.38062],[-77.68392,-9.38364],[-77.69048,-9.37784],[-77.70147,-9.3815],[-77.71475,-9.37981],[-77.71895,-9.38237],[-77.73251,-9.37791],[-77.7442,-9.37071],[-77.74271,-9.35943],[-77.74771,-9.35042],[-77.75741,-9.34428],[-77.74429,-9.3378],[-77.74026,-9.33159],[-77.72583,-9.32237],[-77.72654,-9.31231],[-77.7202,-9.28559],[-77.71326,-9.28305],[-77.70956,-9.27612],[-77.69653,-9.27387],[-77.68408,-9.27776],[-77.67499,-9.27496],[-77.66708,-9.27609],[-77.6637,-9.2719],[-77.65059,-9.27325],[-77.63738,-9.26767],[-77.63156,-9.25226],[-77.6055,-9.23341],[-77.60177,-9.22554],[-77.5879,-9.21738],[-77.57796,-9.22087],[-77.56309,-9.20721],[-77.53788,-9.19899],[-77.53191,-9.19936],[-77.52571,-9.20507],[-77.51758,-9.20378],[-77.51613,-9.22487],[-77.51757,-9.2359]]]}},{"type":"Feature","properties":{"ubigeo":"020602","nombre":"Acopampa"},"geometry":{"type":"Polygon","coordinates":[[[-77.62123,-9.30348],[-77.63171,-9.29506],[-77.62862,-9.2914],[-77.63272,-9.28223],[-77.63137,-9.27702],[-77.60917,-9.27328],[-77.60455,-9.26936],[-77.59813,-9.27115],[-77.59698,-9.28266],[-77.58737,-9.29235],[-77.59251,-9.30082],[-77.59828,-9.30339],[-77.60031,-9.31133],[-77.60879,-9.3103],[-77.62123,-9.30348]]]}},{"type":"Feature","properties":{"ubigeo":"020603","nombre":"Amashca"},"geometry":{"type":"Polygon","coordinates":[[[-77.65241,-9.24996],[-77.66489,-9.2431],[-77.66138,-9.23984],[-77.65932,-9.22492],[-77.65123,-9.20661],[-77.64405,-9.19727],[-77.62585,-9.21045],[-77.62973,-9.21444],[-77.63302,-9.2266],[-77.63086,-9.23471],[-77.63631,-9.23946],[-77.64379,-9.23884],[-77.65241,-9.24996]]]}},{"type":"Feature","properties":{"ubigeo":"020604","nombre":"Anta"},"geometry":{"type":"Polygon","coordinates":[[[-77.58911,-9.36185],[-77.60465,-9.37067],[-77.61247,-9.37182],[-77.62714,-9.38561],[-77.64007,-9.38757],[-77.65224,-9.38602],[-77.65933,-9.39118],[-77.66202,-9.40542],[-77.67476,-9.40305],[-77.67513,-9.39438],[-77.68392,-9.38364],[-77.6703,-9.38062],[-77.65653,-9.36651],[-77.65337,-9.34953],[-77.64725,-9.34535],[-77.64874,-9.33297],[-77.63776,-9.3289],[-77.62249,-9.32783],[-77.61799,-9.32302],[-77.61091,-9.3227],[-77.60279,-9.32919],[-77.59276,-9.34854],[-77.58911,-9.36185]]]}},{"type":"Feature","properties":{"ubigeo":"020605","nombre":"Ataquero"},"geometry":{"type":"Polygon","coordinates":[[[-77.67499,-9.27496],[-77.68408,-9.27776],[-77.69653,-9.27387],[-77.70956,-9.27612],[-77.71326,-9.28305],[-77.7202,-9.28559],[-77.72654,-9.31231],[-77.72583,-9.32237],[-77.74026,-9.33159],[-77.74429,-9.3378],[-77.75741,-9.34428],[-77.76487,-9.3353],[-77.77125,-9.33395],[-77.7767,-9.31565],[-77.76565,-9.29232],[-77.75121,-9.28867],[-77.74399,-9.2903],[-77.73348,-9.27975],[-77.72451,-9.2764],[-77.71959,-9.25825],[-77.71198,-9.24504],[-77.70347,-9.24195],[-77.701,-9.23376],[-77.6893,-9.22416],[-77.68064,-9.24645],[-77.6852,-9.25547],[-77.68185,-9.2643],[-77.68473,-9.27182],[-77.67499,-9.27496]]]}},{"type":"Feature","properties":{"ubigeo":"020606","nombre":"Marcara"},"geometry":{"type":"Polygon","coordinates":[[[-77.33456,-9.35272],[-77.34113,-9.35209],[-77.34824,-9.34531],[-77.34656,-9.33844],[-77.35971,-9.31662],[-77.37636,-9.30591],[-77.38987,-9.30259],[-77.39768,-9.29698],[-77.41683,-9.29907],[-77.42501,-9.30463],[-77.43727,-9.30812],[-77.44789,-9.31411],[-77.4698,-9.32175],[-77.48166,-9.32365],[-77.49619,-9.33336],[-77.50198,-9.33475],[-77.51308,-9.34369],[-77.5219,-9.35402],[-77.53918,-9.35726],[-77.54898,-9.33886],[-77.55443,-9.35223],[-77.5698,-9.33541],[-77.59276,-9.34854],[-77.60279,-9.32919],[-77.61091,-9.3227],[-77.61799,-9.32302],[-77.62249,-9.32783],[-77.63776,-9.3289],[-77.64874,-9.33297],[-77.64445,-9.32005],[-77.62123,-9.30348],[-77.60879,-9.3103],[-77.60031,-9.31133],[-77.59828,-9.30339],[-77.59251,-9.30082],[-77.58737,-9.29235],[-77.57984,-9.28748],[-77.55741,-9.28811],[-77.55024,-9.28277],[-77.528,-9.24586],[-77.51757,-9.2359],[-77.51313,-9.24332],[-77.51083,-9.25435],[-77.50361,-9.2562],[-77.49273,-9.25086],[-77.48037,-9.25532],[-77.48172,-9.26899],[-77.46962,-9.27028],[-77.45096,-9.26399],[-77.43213,-9.27551],[-77.42124,-9.27661],[-77.40898,-9.27313],[-77.39671,-9.28475],[-77.38894,-9.28894],[-77.38003,-9.2879],[-77.3652,-9.29417],[-77.35394,-9.30125],[-77.34735,-9.29986],[-77.32568,-9.31005],[-77.32476,-9.31926],[-77.31918,-9.32411],[-77.31813,-9.32797],[-77.32639,-9.33306],[-77.32914,-9.34394],[-77.33456,-9.35272]]]}},{"type":"Feature","properties":{"ubigeo":"020607","nombre":"Pariahuanca"},"geometry":{"type":"Polygon","coordinates":[[[-77.56672,-9.3792],[-77.5764,-9.37412],[-77.58494,-9.37529],[-77.58911,-9.36185],[-77.59276,-9.34854],[-77.5698,-9.33541],[-77.55443,-9.35223],[-77.56653,-9.36841],[-77.56672,-9.3792]]]}},{"type":"Feature","properties":{"ubigeo":"020608","nombre":"San Miguel de Aco"},"geometry":{"type":"Polygon","coordinates":[[[-77.33009,-9.38239],[-77.35102,-9.38846],[-77.36833,-9.37487],[-77.37044,-9.36825],[-77.38259,-9.37057],[-77.39852,-9.35608],[-77.39764,-9.34661],[-77.41547,-9.35577],[-77.43423,-9.35518],[-77.44339,-9.35088],[-77.44565,-9.35584],[-77.46847,-9.36734],[-77.47603,-9.36369],[-77.48301,-9.37014],[-77.4925,-9.36845],[-77.51036,-9.36902],[-77.51341,-9.37325],[-77.53001,-9.37271],[-77.53837,-9.37951],[-77.54229,-9.38659],[-77.56097,-9.37892],[-77.56672,-9.3792],[-77.56653,-9.36841],[-77.55443,-9.35223],[-77.54898,-9.33886],[-77.53918,-9.35726],[-77.5219,-9.35402],[-77.51308,-9.34369],[-77.50198,-9.33475],[-77.49619,-9.33336],[-77.48166,-9.32365],[-77.4698,-9.32175],[-77.44789,-9.31411],[-77.43727,-9.30812],[-77.42501,-9.30463],[-77.41683,-9.29907],[-77.39768,-9.29698],[-77.38987,-9.30259],[-77.37636,-9.30591],[-77.35971,-9.31662],[-77.34656,-9.33844],[-77.34824,-9.34531],[-77.34113,-9.35209],[-77.33456,-9.35272],[-77.33037,-9.36855],[-77.33009,-9.38239]]]}},{"type":"Feature","properties":{"ubigeo":"020609","nombre":"Shilla"},"geometry":{"type":"Polygon","coordinates":[[[-77.53191,-9.19936],[-77.53788,-9.19899],[-77.56309,-9.20721],[-77.57796,-9.22087],[-77.5879,-9.21738],[-77.60177,-9.22554],[-77.6055,-9.23341],[-77.63156,-9.25226],[-77.63743,-9.24966],[-77.65241,-9.24996],[-77.64379,-9.23884],[-77.63631,-9.23946],[-77.63086,-9.23471],[-77.63302,-9.2266],[-77.62973,-9.21444],[-77.62585,-9.21045],[-77.61674,-9.21411],[-77.59558,-9.18417],[-77.59079,-9.17153],[-77.58892,-9.1587],[-77.59428,-9.13199],[-77.60399,-9.12043],[-77.60132,-9.10894],[-77.59043,-9.09896],[-77.58092,-9.09572],[-77.57379,-9.08647],[-77.56305,-9.08347],[-77.54347,-9.0852],[-77.53034,-9.08292],[-77.52366,-9.09537],[-77.51807,-9.09449],[-77.49995,-9.10631],[-77.49046,-9.10667],[-77.49952,-9.11722],[-77.50305,-9.1275],[-77.51671,-9.13385],[-77.5197,-9.14345],[-77.53355,-9.17312],[-77.52902,-9.18662],[-77.53191,-9.19936]]]}},{"type":"Feature","properties":{"ubigeo":"020610","nombre":"Tinco"},"geometry":{"type":"Polygon","coordinates":[[[-77.65241,-9.24996],[-77.63743,-9.24966],[-77.63156,-9.25226],[-77.63738,-9.26767],[-77.65059,-9.27325],[-77.6637,-9.2719],[-77.66708,-9.27609],[-77.67499,-9.27496],[-77.68473,-9.27182],[-77.68185,-9.2643],[-77.6852,-9.25547],[-77.68064,-9.24645],[-77.67504,-9.24012],[-77.66489,-9.2431],[-77.65241,-9.24996]]]}},{"type":"Feature","properties":{"ubigeo":"020611","nombre":"Yungar"},"geometry":{"type":"Polygon","coordinates":[[[-77.58087,-9.39225],[-77.586,-9.39615],[-77.60105,-9.40107],[-77.60999,-9.40994],[-77.61301,-9.42208],[-77.62904,-9.42589],[-77.64368,-9.43259],[-77.64646,-9.44134],[-77.64429,-9.44719],[-77.64929,-9.4528],[-77.65554,-9.44227],[-77.66477,-9.43742],[-77.66564,-9.42666],[-77.67053,-9.42612],[-77.68138,-9.41766],[-77.67476,-9.40305],[-77.66202,-9.40542],[-77.65933,-9.39118],[-77.65224,-9.38602],[-77.64007,-9.38757],[-77.62714,-9.38561],[-77.61247,-9.37182],[-77.60465,-9.37067],[-77.58911,-9.36185],[-77.58494,-9.37529],[-77.58087,-9.39225]]]}},{"type":"Feature","properties":{"ubigeo":"020701","nombre":"San Luis"},"geometry":{"type":"Polygon","coordinates":[[[-77.20491,-9.16565],[-77.20831,-9.16521],[-77.22156,-9.16758],[-77.228,-9.17926],[-77.23344,-9.17968],[-77.2412,-9.19171],[-77.24247,-9.19937],[-77.26205,-9.20779],[-77.26546,-9.19381],[-77.27765,-9.18154],[-77.29266,-9.18229],[-77.2914,-9.17626],[-77.31378,-9.15862],[-77.31928,-9.13724],[-77.32909,-9.13197],[-77.34068,-9.13164],[-77.34844,-9.12633],[-77.35683,-9.11363],[-77.36602,-9.11388],[-77.3626,-9.10371],[-77.36581,-9.09243],[-77.362,-9.07582],[-77.362,-9.06499],[-77.35768,-9.05903],[-77.36265,-9.03817],[-77.36068,-9.02433],[-77.36325,-9.01806],[-77.36071,-9.01021],[-77.36417,-8.98628],[-77.3595,-8.97724],[-77.34503,-8.98334],[-77.3136,-8.99342],[-77.30753,-9.00325],[-77.30431,-9.01924],[-77.28334,-9.04617],[-77.27258,-9.0458],[-77.25909,-9.05234],[-77.24882,-9.06067],[-77.244,-9.07647],[-77.22841,-9.08443],[-77.21887,-9.0942],[-77.20618,-9.11484],[-77.20943,-9.1206],[-77.2069,-9.13475],[-77.2004,-9.13862],[-77.20515,-9.1481],[-77.20491,-9.16565]]]}},{"type":"Feature","properties":{"ubigeo":"020702","nombre":"San Nicolás"},"geometry":{"type":"Polygon","coordinates":[[[-77.10314,-8.97243],[-77.12279,-8.97805],[-77.11369,-8.99821],[-77.11133,-9.00836],[-77.12879,-9.02417],[-77.14167,-9.02916],[-77.14733,-9.02812],[-77.15239,-9.03372],[-77.14747,-9.04872],[-77.14139,-9.0556],[-77.14363,-9.07842],[-77.13999,-9.08343],[-77.14411,-9.09566],[-77.15303,-9.09488],[-77.16547,-9.10579],[-77.16375,-9.11797],[-77.16841,-9.12157],[-77.15458,-9.14184],[-77.16427,-9.14842],[-77.17387,-9.15996],[-77.18607,-9.15499],[-77.19319,-9.15809],[-77.19827,-9.16584],[-77.20491,-9.16565],[-77.20515,-9.1481],[-77.2004,-9.13862],[-77.2069,-9.13475],[-77.20943,-9.1206],[-77.20618,-9.11484],[-77.19373,-9.11125],[-77.19685,-9.02957],[-77.19562,-9.02258],[-77.20012,-9.01566],[-77.20355,-8.98671],[-77.20887,-8.97761],[-77.20748,-8.96964],[-77.21647,-8.95382],[-77.22429,-8.94985],[-77.24171,-8.95005],[-77.25948,-8.94025],[-77.24627,-8.93503],[-77.23504,-8.92617],[-77.21007,-8.92347],[-77.18857,-8.92838],[-77.17512,-8.92695],[-77.1693,-8.92148],[-77.16282,-8.90895],[-77.15953,-8.8971],[-77.15399,-8.90044],[-77.14787,-8.89551],[-77.1381,-8.90827],[-77.13898,-8.91143],[-77.12963,-8.91987],[-77.13346,-8.92413],[-77.13054,-8.93181],[-77.12494,-8.93282],[-77.12371,-8.94237],[-77.1105,-8.94936],[-77.10607,-8.94891],[-77.10303,-8.96176],[-77.1098,-8.97021],[-77.10314,-8.97243]]]}},{"type":"Feature","properties":{"ubigeo":"020703","nombre":"Yauya"},"geometry":{"type":"Polygon","coordinates":[[[-77.3595,-8.97724],[-77.35854,-8.96992],[-77.34551,-8.95583],[-77.33777,-8.95749],[-77.3334,-8.95199],[-77.3272,-8.95276],[-77.32351,-8.94648],[-77.30415,-8.9486],[-77.29704,-8.94748],[-77.2682,-8.94469],[-77.25948,-8.94025],[-77.24171,-8.95005],[-77.22429,-8.94985],[-77.21647,-8.95382],[-77.20748,-8.96964],[-77.20887,-8.97761],[-77.20355,-8.98671],[-77.20012,-9.01566],[-77.19562,-9.02258],[-77.19685,-9.02957],[-77.19373,-9.11125],[-77.20618,-9.11484],[-77.21887,-9.0942],[-77.22841,-9.08443],[-77.244,-9.07647],[-77.24882,-9.06067],[-77.25909,-9.05234],[-77.27258,-9.0458],[-77.28334,-9.04617],[-77.30431,-9.01924],[-77.30753,-9.00325],[-77.3136,-8.99342],[-77.34503,-8.98334],[-77.3595,-8.97724]]]}},{"type":"Feature","properties":{"ubigeo":"020801","nombre":"Casma"},"geometry":{"type":"Polygon","coordinates":[[[-78.17547,-9.24703],[-78.18656,-9.25456],[-78.19518,-9.27605],[-78.20468,-9.27299],[-78.2159,-9.27774],[-78.22194,-9.28591],[-78.2286,-9.28713],[-78.23171,-9.29373],[-78.22948,-9.30172],[-78.23762,-9.30544],[-78.24061,-9.32229],[-78.23203,-9.32693],[-78.23244,-9.33891],[-78.2255,-9.34635],[-78.22537,-9.35553],[-78.21858,-9.36513],[-78.22184,-9.37147],[-78.22222,-9.38617],[-78.22667,-9.39359],[-78.23489,-9.39658],[-78.24072,-9.40595],[-78.2431,-9.42071],[-78.2406,-9.44019],[-78.2437,-9.46142],[-78.23801,-9.47414],[-78.22667,-9.48048],[-78.22521,-9.48565],[-78.20912,-9.49067],[-78.17834,-9.4902],[-78.17252,-9.49137],[-78.16658,-9.5002],[-78.15715,-9.49993],[-78.14971,-9.50357],[-78.13836,-9.52047],[-78.13904,-9.52639],[-78.12319,-9.53769],[-78.11014,-9.53525],[-78.09861,-9.54433],[-78.09096,-9.54699],[-78.09049,-9.55368],[-78.08268,-9.56035],[-78.07356,-9.57467],[-78.07327,-9.58961],[-78.07069,-9.60137],[-78.04941,-9.60485],[-78.02817,-9.59984],[-78.02097,-9.60608],[-78.0063,-9.606],[-77.99763,-9.61428],[-77.98204,-9.61995],[-77.96482,-9.62102],[-77.97603,-9.63905],[-77.98929,-9.64444],[-77.99108,-9.65259],[-78.00263,-9.66682],[-78.00609,-9.68064],[-78.02137,-9.68833],[-78.04189,-9.6899],[-78.05827,-9.68917],[-78.06842,-9.699],[-78.07938,-9.71589],[-78.0874,-9.72049],[-78.10817,-9.71783],[-78.12285,-9.71137],[-78.14483,-9.71458],[-78.17066,-9.7418],[-78.17509,-9.74896],[-78.18114,-9.74916],[-78.19533,-9.75987],[-78.20878,-9.76633],[-78.2222,-9.77983],[-78.22621,-9.79528],[-78.23456,-9.78762],[-78.24585,-9.7705],[-78.25986,-9.75926],[-78.27201,-9.75607],[-78.27559,-9.74263],[-78.28784,-9.72981],[-78.29218,-9.72924],[-78.29593,-9.71916],[-78.29434,-9.70543],[-78.29951,-9.6965],[-78.30647,-9.69444],[-78.30761,-9.68394],[-78.31761,-9.68267],[-78.30434,-9.66605],[-78.30478,-9.62725],[-78.31656,-9.61985],[-78.32121,-9.59909],[-78.32525,-9.59443],[-78.32186,-9.5878],[-78.3087,-9.579],[-78.29918,-9.5773],[-78.30211,-9.56299],[-78.29359,-9.54867],[-78.30007,-9.52902],[-78.29949,-9.51975],[-78.29368,-9.51582],[-78.29146,-9.50215],[-78.2999,-9.49853],[-78.30292,-9.49016],[-78.31278,-9.49021],[-78.3136,-9.48436],[-78.32503,-9.47796],[-78.33562,-9.46559],[-78.33573,-9.45985],[-78.34526,-9.45357],[-78.36137,-9.42958],[-78.3852,-9.38056],[-78.38941,-9.35802],[-78.39836,-9.34167],[-78.39782,-9.33606],[-78.38966,-9.32657],[-78.38362,-9.32619],[-78.38582,-9.3053],[-78.37151,-9.2872],[-78.36967,-9.27647],[-78.36383,-9.26629],[-78.35965,-9.26302],[-78.34529,-9.26494],[-78.33372,-9.26076],[-78.33708,-9.2503],[-78.32941,-9.24953],[-78.31907,-9.23462],[-78.30172,-9.22255],[-78.29985,-9.21686],[-78.29184,-9.21579],[-78.28111,-9.22279],[-78.27711,-9.21365],[-78.26931,-9.21191],[-78.2608,-9.20092],[-78.24135,-9.20504],[-78.23283,-9.21188],[-78.22774,-9.20829],[-78.21346,-9.20812],[-78.198,-9.21872],[-78.19662,-9.22571],[-78.17547,-9.24703]]]}},{"type":"Feature","properties":{"ubigeo":"020802","nombre":"Buena Vista Alta"},"geometry":{"type":"Polygon","coordinates":[[[-78.03388,-9.41],[-78.04583,-9.40775],[-78.05512,-9.4168],[-78.06059,-9.43341],[-78.06977,-9.443],[-78.08155,-9.43517],[-78.0862,-9.43603],[-78.09965,-9.4548],[-78.10004,-9.46075],[-78.10698,-9.46495],[-78.10936,-9.47221],[-78.13079,-9.48691],[-78.13924,-9.48937],[-78.14417,-9.49531],[-78.15715,-9.49993],[-78.16658,-9.5002],[-78.17252,-9.49137],[-78.17834,-9.4902],[-78.20912,-9.49067],[-78.22521,-9.48565],[-78.22667,-9.48048],[-78.23801,-9.47414],[-78.2437,-9.46142],[-78.2406,-9.44019],[-78.2431,-9.42071],[-78.24072,-9.40595],[-78.23489,-9.39658],[-78.22667,-9.39359],[-78.22222,-9.38617],[-78.22184,-9.37147],[-78.21858,-9.36513],[-78.22537,-9.35553],[-78.2255,-9.34635],[-78.23244,-9.33891],[-78.23203,-9.32693],[-78.24061,-9.32229],[-78.23762,-9.30544],[-78.22948,-9.30172],[-78.23171,-9.29373],[-78.2286,-9.28713],[-78.22194,-9.28591],[-78.2159,-9.27774],[-78.20468,-9.27299],[-78.19518,-9.27605],[-78.18656,-9.25456],[-78.17547,-9.24703],[-78.16324,-9.2471],[-78.15529,-9.25105],[-78.15121,-9.25895],[-78.14126,-9.26859],[-78.11575,-9.25734],[-78.10636,-9.26451],[-78.09316,-9.2665],[-78.08204,-9.26476],[-78.07821,-9.2682],[-78.06193,-9.27036],[-78.0561,-9.2747],[-78.0561,-9.2834],[-78.06229,-9.29242],[-78.05493,-9.30374],[-78.05396,-9.3242],[-78.05965,-9.3355],[-78.05359,-9.33679],[-78.04227,-9.35333],[-78.02757,-9.36513],[-78.01663,-9.36773],[-78.00332,-9.38097],[-78.00952,-9.39033],[-78.03388,-9.41]]]}},{"type":"Feature","properties":{"ubigeo":"020803","nombre":"Comandante Noel"},"geometry":{"type":"Polygon","coordinates":[[[-78.42789,-9.3493],[-78.41735,-9.35524],[-78.40381,-9.34713],[-78.39782,-9.33606],[-78.39836,-9.34167],[-78.38941,-9.35802],[-78.3852,-9.38056],[-78.36137,-9.42958],[-78.34526,-9.45357],[-78.33573,-9.45985],[-78.33562,-9.46559],[-78.32503,-9.47796],[-78.3136,-9.48436],[-78.31278,-9.49021],[-78.30292,-9.49016],[-78.2999,-9.49853],[-78.29146,-9.50215],[-78.29368,-9.51582],[-78.29949,-9.51975],[-78.30007,-9.52902],[-78.29359,-9.54867],[-78.30211,-9.56299],[-78.29918,-9.5773],[-78.3087,-9.579],[-78.32186,-9.5878],[-78.32525,-9.59443],[-78.32121,-9.59909],[-78.31656,-9.61985],[-78.30478,-9.62725],[-78.30434,-9.66605],[-78.31761,-9.68267],[-78.32256,-9.67484],[-78.3178,-9.66946],[-78.32182,-9.66175],[-78.33786,-9.64748],[-78.34432,-9.63293],[-78.34945,-9.63304],[-78.35371,-9.62613],[-78.36327,-9.62508],[-78.36485,-9.62047],[-78.36179,-9.60871],[-78.36746,-9.60309],[-78.36497,-9.59908],[-78.36983,-9.58711],[-78.36583,-9.57472],[-78.37095,-9.56598],[-78.3664,-9.56109],[-78.3743,-9.54828],[-78.38207,-9.5458],[-78.38152,-9.53862],[-78.3877,-9.53536],[-78.38513,-9.51873],[-78.39572,-9.50189],[-78.39226,-9.49042],[-78.39785,-9.48796],[-78.39591,-9.47772],[-78.40411,-9.47598],[-78.39774,-9.47212],[-78.39897,-9.46492],[-78.39286,-9.45888],[-78.38088,-9.45572],[-78.38011,-9.44549],[-78.38729,-9.43268],[-78.39601,-9.42779],[-78.40735,-9.43583],[-78.40655,-9.42514],[-78.41015,-9.4264],[-78.4178,-9.41741],[-78.42467,-9.41767],[-78.42936,-9.40216],[-78.42622,-9.3958],[-78.43299,-9.38855],[-78.42777,-9.37121],[-78.41021,-9.36706],[-78.41391,-9.35986],[-78.42728,-9.36046],[-78.42789,-9.3493]]]}},{"type":"Feature","properties":{"ubigeo":"020804","nombre":"Yautan"},"geometry":{"type":"Polygon","coordinates":[[[-77.91832,-9.49977],[-77.92822,-9.49867],[-77.93375,-9.50822],[-77.93633,-9.52807],[-77.94679,-9.53997],[-77.95775,-9.53322],[-77.97114,-9.53102],[-77.98106,-9.53601],[-77.9923,-9.53615],[-77.98433,-9.54038],[-77.97415,-9.55048],[-77.97158,-9.55694],[-77.97471,-9.56987],[-77.96278,-9.5829],[-77.95926,-9.59045],[-77.9589,-9.6054],[-77.96482,-9.62102],[-77.98204,-9.61995],[-77.99763,-9.61428],[-78.0063,-9.606],[-78.02097,-9.60608],[-78.02817,-9.59984],[-78.04941,-9.60485],[-78.07069,-9.60137],[-78.07327,-9.58961],[-78.07356,-9.57467],[-78.08268,-9.56035],[-78.09049,-9.55368],[-78.09096,-9.54699],[-78.09861,-9.54433],[-78.11014,-9.53525],[-78.12319,-9.53769],[-78.13904,-9.52639],[-78.13836,-9.52047],[-78.14971,-9.50357],[-78.15715,-9.49993],[-78.14417,-9.49531],[-78.13924,-9.48937],[-78.13079,-9.48691],[-78.10936,-9.47221],[-78.10698,-9.46495],[-78.10004,-9.46075],[-78.09965,-9.4548],[-78.0862,-9.43603],[-78.08155,-9.43517],[-78.06977,-9.443],[-78.06059,-9.43341],[-78.05512,-9.4168],[-78.04583,-9.40775],[-78.03388,-9.41],[-78.03018,-9.41849],[-78.02015,-9.42451],[-78.00949,-9.43448],[-78.00303,-9.43676],[-77.99295,-9.44661],[-77.97991,-9.4396],[-77.96973,-9.42777],[-77.95581,-9.4229],[-77.94956,-9.41258],[-77.93291,-9.39898],[-77.93269,-9.39491],[-77.92692,-9.41158],[-77.91899,-9.41893],[-77.91114,-9.43064],[-77.91031,-9.43595],[-77.901,-9.44223],[-77.90599,-9.45621],[-77.91139,-9.45867],[-77.91474,-9.46747],[-77.92644,-9.47862],[-77.92923,-9.48405],[-77.91535,-9.48763],[-77.91832,-9.49977]]]}},{"type":"Feature","properties":{"ubigeo":"020901","nombre":"Corongo"},"geometry":{"type":"Polygon","coordinates":[[[-77.8619,-8.59614],[-77.86643,-8.60044],[-77.87913,-8.60281],[-77.88641,-8.61526],[-77.90212,-8.62623],[-77.9089,-8.64195],[-77.91072,-8.63395],[-77.92299,-8.63028],[-77.9313,-8.62431],[-77.93665,-8.61276],[-77.94348,-8.60623],[-77.94685,-8.59695],[-77.95474,-8.59088],[-77.96064,-8.58123],[-77.96599,-8.5814],[-77.97178,-8.57002],[-77.98158,-8.55967],[-77.99062,-8.54288],[-77.9928,-8.53241],[-77.98345,-8.5177],[-77.98381,-8.51344],[-77.97608,-8.50629],[-77.96832,-8.50408],[-77.96824,-8.49231],[-77.97594,-8.47577],[-77.96554,-8.4807],[-77.94896,-8.48083],[-77.93618,-8.46159],[-77.93392,-8.44929],[-77.91631,-8.45798],[-77.91231,-8.47276],[-77.9138,-8.50197],[-77.90427,-8.51552],[-77.8932,-8.53456],[-77.8868,-8.53728],[-77.88476,-8.54396],[-77.87615,-8.5458],[-77.87877,-8.55687],[-77.87315,-8.5692],[-77.876,-8.5761],[-77.86812,-8.59079],[-77.8619,-8.59614]]]}},{"type":"Feature","properties":{"ubigeo":"020902","nombre":"Aco"},"geometry":{"type":"Polygon","coordinates":[[[-77.8619,-8.59614],[-77.86812,-8.59079],[-77.876,-8.5761],[-77.87315,-8.5692],[-77.87877,-8.55687],[-77.87615,-8.5458],[-77.88476,-8.54396],[-77.8868,-8.53728],[-77.8932,-8.53456],[-77.90427,-8.51552],[-77.9138,-8.50197],[-77.91231,-8.47276],[-77.91631,-8.45798],[-77.90703,-8.4528],[-77.89753,-8.44057],[-77.88594,-8.44282],[-77.88064,-8.43981],[-77.87408,-8.44501],[-77.86982,-8.4552],[-77.8746,-8.46251],[-77.87455,-8.47392],[-77.88028,-8.47734],[-77.87713,-8.49001],[-77.878,-8.50099],[-77.87413,-8.50958],[-77.85303,-8.52754],[-77.85317,-8.53904],[-77.85649,-8.5461],[-77.85232,-8.55808],[-77.85339,-8.57334],[-77.85898,-8.58012],[-77.85796,-8.59316],[-77.8619,-8.59614]]]}},{"type":"Feature","properties":{"ubigeo":"020903","nombre":"Bambas"},"geometry":{"type":"Polygon","coordinates":[[[-77.96599,-8.5814],[-77.9706,-8.58775],[-77.979,-8.58965],[-77.98485,-8.5963],[-77.99192,-8.6113],[-77.99275,-8.62065],[-78.00053,-8.63158],[-78.01305,-8.63427],[-78.01932,-8.63851],[-78.02699,-8.65463],[-78.02795,-8.66202],[-78.03587,-8.67229],[-78.04007,-8.67179],[-78.04602,-8.66296],[-78.05709,-8.66483],[-78.07279,-8.65682],[-78.08923,-8.65942],[-78.09505,-8.66256],[-78.1058,-8.65982],[-78.11548,-8.64854],[-78.12482,-8.62636],[-78.13049,-8.61714],[-78.12812,-8.60329],[-78.12178,-8.59621],[-78.10413,-8.59738],[-78.09409,-8.59574],[-78.09457,-8.5894],[-78.0858,-8.58626],[-78.07852,-8.57962],[-78.07987,-8.57143],[-78.06817,-8.56418],[-78.05701,-8.56141],[-78.05182,-8.56356],[-78.04437,-8.55588],[-78.03735,-8.55475],[-78.03223,-8.54426],[-78.01837,-8.53854],[-78.00237,-8.53711],[-77.9928,-8.53241],[-77.99062,-8.54288],[-77.98158,-8.55967],[-77.97178,-8.57002],[-77.96599,-8.5814]]]}},{"type":"Feature","properties":{"ubigeo":"020904","nombre":"Cusca"},"geometry":{"type":"Polygon","coordinates":[[[-77.69055,-8.56951],[-77.68866,-8.57636],[-77.6961,-8.58296],[-77.70656,-8.58337],[-77.71032,-8.59081],[-77.69566,-8.60233],[-77.70862,-8.6123],[-77.70239,-8.62107],[-77.70302,-8.6298],[-77.71364,-8.63183],[-77.71616,-8.6444],[-77.72144,-8.65006],[-77.72073,-8.65653],[-77.73017,-8.65527],[-77.73699,-8.6619],[-77.74866,-8.65919],[-77.75885,-8.66425],[-77.76318,-8.66987],[-77.77247,-8.67382],[-77.77644,-8.66945],[-77.78316,-8.65496],[-77.78397,-8.64523],[-77.79617,-8.64056],[-77.80027,-8.64233],[-77.80921,-8.6257],[-77.81997,-8.61291],[-77.82489,-8.61239],[-77.84032,-8.58711],[-77.84618,-8.59114],[-77.85796,-8.59316],[-77.85898,-8.58012],[-77.85339,-8.57334],[-77.85232,-8.55808],[-77.85649,-8.5461],[-77.85317,-8.53904],[-77.85303,-8.52754],[-77.87413,-8.50958],[-77.878,-8.50099],[-77.87713,-8.49001],[-77.88028,-8.47734],[-77.87455,-8.47392],[-77.8746,-8.46251],[-77.86982,-8.4552],[-77.87408,-8.44501],[-77.88064,-8.43981],[-77.88197,-8.43042],[-77.87714,-8.40932],[-77.87689,-8.39809],[-77.86073,-8.39337],[-77.85353,-8.40331],[-77.83638,-8.3923],[-77.81738,-8.38577],[-77.80926,-8.38528],[-77.80209,-8.37903],[-77.79886,-8.38119],[-77.78218,-8.40324],[-77.77167,-8.39648],[-77.75915,-8.40337],[-77.76062,-8.4104],[-77.75543,-8.41634],[-77.76507,-8.42808],[-77.76481,-8.44099],[-77.75166,-8.4533],[-77.7414,-8.46],[-77.73932,-8.47227],[-77.73578,-8.47749],[-77.71833,-8.48974],[-77.71501,-8.50252],[-77.70416,-8.50987],[-77.71196,-8.52236],[-77.70848,-8.53093],[-77.71386,-8.5416],[-77.69102,-8.55759],[-77.69055,-8.56951]]]}},{"type":"Feature","properties":{"ubigeo":"020905","nombre":"La Pampa"},"geometry":{"type":"Polygon","coordinates":[[[-77.77644,-8.66945],[-77.78239,-8.66848],[-77.79208,-8.66132],[-77.81213,-8.66284],[-77.84044,-8.67668],[-77.85932,-8.68219],[-77.87995,-8.68404],[-77.88963,-8.70621],[-77.90508,-8.71486],[-77.91292,-8.73267],[-77.90997,-8.73871],[-77.91536,-8.74011],[-77.91854,-8.74686],[-77.92442,-8.73989],[-77.94021,-8.729],[-77.94757,-8.71021],[-77.95613,-8.69936],[-77.96584,-8.69737],[-77.97203,-8.692],[-77.97211,-8.68862],[-77.96514,-8.69006],[-77.94172,-8.67535],[-77.93338,-8.65805],[-77.92254,-8.6535],[-77.9089,-8.64195],[-77.90212,-8.62623],[-77.89137,-8.62957],[-77.87838,-8.64052],[-77.86631,-8.64658],[-77.84886,-8.64749],[-77.84195,-8.65545],[-77.83257,-8.65271],[-77.82401,-8.65474],[-77.80758,-8.65288],[-77.80027,-8.64233],[-77.79617,-8.64056],[-77.78397,-8.64523],[-77.78316,-8.65496],[-77.77644,-8.66945]]]}},{"type":"Feature","properties":{"ubigeo":"020906","nombre":"Yanac"},"geometry":{"type":"Polygon","coordinates":[[[-77.90212,-8.62623],[-77.88641,-8.61526],[-77.87913,-8.60281],[-77.86643,-8.60044],[-77.8619,-8.59614],[-77.85796,-8.59316],[-77.84618,-8.59114],[-77.84032,-8.58711],[-77.82489,-8.61239],[-77.81997,-8.61291],[-77.80921,-8.6257],[-77.80027,-8.64233],[-77.80758,-8.65288],[-77.82401,-8.65474],[-77.83257,-8.65271],[-77.84195,-8.65545],[-77.84886,-8.64749],[-77.86631,-8.64658],[-77.87838,-8.64052],[-77.89137,-8.62957],[-77.90212,-8.62623]]]}},{"type":"Feature","properties":{"ubigeo":"020907","nombre":"Yupan"},"geometry":{"type":"Polygon","coordinates":[[[-77.97211,-8.68862],[-77.98377,-8.68237],[-77.98899,-8.68355],[-77.99803,-8.67512],[-78.00492,-8.67363],[-78.00884,-8.66698],[-78.01674,-8.66691],[-78.02216,-8.67431],[-78.03046,-8.67573],[-78.03587,-8.67229],[-78.02795,-8.66202],[-78.02699,-8.65463],[-78.01932,-8.63851],[-78.01305,-8.63427],[-78.00053,-8.63158],[-77.99275,-8.62065],[-77.99192,-8.6113],[-77.98485,-8.5963],[-77.979,-8.58965],[-77.9706,-8.58775],[-77.96599,-8.5814],[-77.96064,-8.58123],[-77.95474,-8.59088],[-77.94685,-8.59695],[-77.94348,-8.60623],[-77.93665,-8.61276],[-77.9313,-8.62431],[-77.92299,-8.63028],[-77.91072,-8.63395],[-77.9089,-8.64195],[-77.92254,-8.6535],[-77.93338,-8.65805],[-77.94172,-8.67535],[-77.96514,-8.69006],[-77.97211,-8.68862]]]}},{"type":"Feature","properties":{"ubigeo":"021001","nombre":"Huari"},"geometry":{"type":"Polygon","coordinates":[[[-77.15819,-9.42851],[-77.16993,-9.42568],[-77.17657,-9.41989],[-77.18948,-9.42378],[-77.19601,-9.43284],[-77.22837,-9.43007],[-77.24914,-9.43194],[-77.26406,-9.42378],[-77.28443,-9.42346],[-77.29001,-9.42018],[-77.30672,-9.42003],[-77.31532,-9.41198],[-77.31688,-9.39503],[-77.32905,-9.39027],[-77.33009,-9.38239],[-77.33037,-9.36855],[-77.33456,-9.35272],[-77.32914,-9.34394],[-77.32639,-9.33306],[-77.31813,-9.32797],[-77.31918,-9.32411],[-77.31143,-9.30624],[-77.31549,-9.30116],[-77.31493,-9.29038],[-77.30898,-9.2833],[-77.30087,-9.28355],[-77.29169,-9.28851],[-77.28544,-9.28648],[-77.28282,-9.28043],[-77.2753,-9.27827],[-77.27736,-9.25768],[-77.27375,-9.24373],[-77.26428,-9.24196],[-77.26205,-9.20779],[-77.24247,-9.19937],[-77.2412,-9.19171],[-77.23344,-9.17968],[-77.228,-9.17926],[-77.22156,-9.16758],[-77.20831,-9.16521],[-77.19953,-9.18799],[-77.18552,-9.2031],[-77.17839,-9.21404],[-77.17164,-9.23065],[-77.16379,-9.23927],[-77.16396,-9.24927],[-77.1607,-9.27043],[-77.16441,-9.27665],[-77.1664,-9.28976],[-77.16435,-9.3005],[-77.16593,-9.31697],[-77.16518,-9.33361],[-77.16027,-9.34209],[-77.15644,-9.35839],[-77.14932,-9.37372],[-77.14548,-9.3908],[-77.14081,-9.39386],[-77.14668,-9.39908],[-77.15312,-9.41534],[-77.15402,-9.42518],[-77.15819,-9.42851]]]}},{"type":"Feature","properties":{"ubigeo":"021002","nombre":"Anra"},"geometry":{"type":"Polygon","coordinates":[[[-76.84284,-9.26173],[-76.85343,-9.27905],[-76.85635,-9.29007],[-76.86873,-9.29275],[-76.8701,-9.30091],[-76.88296,-9.30244],[-76.89321,-9.29712],[-76.89615,-9.29027],[-76.90739,-9.28546],[-76.92331,-9.26918],[-76.92804,-9.2609],[-76.93604,-9.25511],[-76.96884,-9.25876],[-76.97592,-9.255],[-76.98367,-9.24499],[-76.97477,-9.23816],[-76.96992,-9.22702],[-76.97002,-9.22034],[-76.96244,-9.21734],[-76.94271,-9.22303],[-76.92654,-9.2214],[-76.92073,-9.2181],[-76.91811,-9.22592],[-76.90432,-9.22712],[-76.8999,-9.22281],[-76.87899,-9.21208],[-76.86775,-9.21944],[-76.86106,-9.23611],[-76.86478,-9.24272],[-76.86189,-9.25116],[-76.84895,-9.25168],[-76.84284,-9.26173]]]}},{"type":"Feature","properties":{"ubigeo":"021003","nombre":"Cajay"},"geometry":{"type":"Polygon","coordinates":[[[-77.08441,-9.18248],[-77.09243,-9.20508],[-77.09354,-9.21251],[-77.08428,-9.22713],[-77.08215,-9.23762],[-77.08583,-9.24709],[-77.08381,-9.25417],[-77.08643,-9.26441],[-77.07918,-9.27086],[-77.06389,-9.27743],[-77.05469,-9.28532],[-77.03945,-9.29036],[-77.02687,-9.30092],[-77.01808,-9.29696],[-77.01232,-9.29878],[-77.01456,-9.29973],[-77.03069,-9.30641],[-77.05354,-9.30115],[-77.0722,-9.30251],[-77.08087,-9.30552],[-77.09328,-9.29986],[-77.10784,-9.28264],[-77.11763,-9.28454],[-77.12812,-9.29518],[-77.12547,-9.30518],[-77.12723,-9.31296],[-77.13641,-9.32186],[-77.13507,-9.33053],[-77.12833,-9.34285],[-77.1299,-9.37381],[-77.13789,-9.3823],[-77.14081,-9.39386],[-77.14548,-9.3908],[-77.14932,-9.37372],[-77.15644,-9.35839],[-77.16027,-9.34209],[-77.16518,-9.33361],[-77.16593,-9.31697],[-77.16435,-9.3005],[-77.1664,-9.28976],[-77.16441,-9.27665],[-77.1607,-9.27043],[-77.16396,-9.24927],[-77.16379,-9.23927],[-77.17164,-9.23065],[-77.17839,-9.21404],[-77.18552,-9.2031],[-77.19953,-9.18799],[-77.20831,-9.16521],[-77.20491,-9.16565],[-77.19827,-9.16584],[-77.19319,-9.15809],[-77.18607,-9.15499],[-77.17387,-9.15996],[-77.15741,-9.17269],[-77.15141,-9.18764],[-77.14711,-9.19025],[-77.14221,-9.20242],[-77.12116,-9.19902],[-77.11049,-9.19113],[-77.10453,-9.19446],[-77.09705,-9.18644],[-77.08441,-9.18248]]]}},{"type":"Feature","properties":{"ubigeo":"021004","nombre":"Chavin de Huantar"},"geometry":{"type":"Polygon","coordinates":[[[-77.18713,-9.83621],[-77.20282,-9.8311],[-77.20659,-9.82121],[-77.21694,-9.82393],[-77.22572,-9.80664],[-77.24385,-9.80573],[-77.23881,-9.78772],[-77.2393,-9.7804],[-77.24558,-9.77383],[-77.23766,-9.75583],[-77.23079,-9.74749],[-77.23044,-9.73706],[-77.23598,-9.72501],[-77.22777,-9.71339],[-77.2316,-9.70523],[-77.24301,-9.70108],[-77.25144,-9.68863],[-77.24906,-9.67981],[-77.2545,-9.67547],[-77.25431,-9.66978],[-77.26501,-9.66058],[-77.26361,-9.65627],[-77.26971,-9.64874],[-77.26567,-9.64529],[-77.26748,-9.63503],[-77.27386,-9.63423],[-77.28371,-9.61785],[-77.2857,-9.59936],[-77.29579,-9.5814],[-77.30812,-9.57904],[-77.30983,-9.57206],[-77.30081,-9.55501],[-77.30939,-9.54016],[-77.30467,-9.53528],[-77.30985,-9.52491],[-77.31034,-9.51473],[-77.29195,-9.50573],[-77.2894,-9.5097],[-77.27508,-9.51333],[-77.26512,-9.51099],[-77.2522,-9.50237],[-77.24214,-9.5128],[-77.23715,-9.50752],[-77.22587,-9.50414],[-77.2151,-9.50637],[-77.21093,-9.51823],[-77.19928,-9.51455],[-77.19055,-9.50357],[-77.17768,-9.50336],[-77.17104,-9.49703],[-77.14931,-9.49462],[-77.15253,-9.51346],[-77.15784,-9.52077],[-77.15959,-9.53142],[-77.16926,-9.55851],[-77.17509,-9.5674],[-77.17436,-9.58821],[-77.17713,-9.60491],[-77.18359,-9.61852],[-77.19197,-9.62776],[-77.20231,-9.63385],[-77.19895,-9.64635],[-77.19098,-9.64858],[-77.18624,-9.66165],[-77.17819,-9.66609],[-77.17305,-9.67339],[-77.15817,-9.67481],[-77.14833,-9.67121],[-77.13279,-9.68841],[-77.13828,-9.69983],[-77.13601,-9.7043],[-77.13652,-9.71989],[-77.13911,-9.72904],[-77.13697,-9.7432],[-77.1378,-9.75261],[-77.13396,-9.77369],[-77.13908,-9.78881],[-77.13297,-9.80264],[-77.14201,-9.82199],[-77.14166,-9.83323],[-77.16219,-9.82705],[-77.18713,-9.83621]]]}},{"type":"Feature","properties":{"ubigeo":"021005","nombre":"Huacachi"},"geometry":{"type":"Polygon","coordinates":[[[-76.90959,-9.36855],[-76.9179,-9.36951],[-76.92396,-9.38253],[-76.93902,-9.36701],[-76.93892,-9.3625],[-76.94821,-9.35355],[-76.94693,-9.34961],[-76.95089,-9.32886],[-76.94881,-9.31931],[-76.95969,-9.30397],[-76.96075,-9.29786],[-76.97012,-9.29232],[-76.9781,-9.27463],[-76.99036,-9.27415],[-76.99311,-9.27039],[-76.98946,-9.26477],[-76.98956,-9.25122],[-76.98367,-9.24499],[-76.97592,-9.255],[-76.96884,-9.25876],[-76.93604,-9.25511],[-76.92804,-9.2609],[-76.92331,-9.26918],[-76.90739,-9.28546],[-76.89615,-9.29027],[-76.89321,-9.29712],[-76.88296,-9.30244],[-76.8701,-9.30091],[-76.8662,-9.30533],[-76.87026,-9.31443],[-76.87841,-9.31856],[-76.88183,-9.32668],[-76.89292,-9.33196],[-76.90011,-9.35714],[-76.90959,-9.36855]]]}},{"type":"Feature","properties":{"ubigeo":"021006","nombre":"Huacchis"},"geometry":{"type":"Polygon","coordinates":[[[-76.75783,-9.18122],[-76.76785,-9.18799],[-76.77515,-9.20272],[-76.78562,-9.21412],[-76.81172,-9.22518],[-76.82145,-9.23962],[-76.82623,-9.25529],[-76.83681,-9.26348],[-76.84284,-9.26173],[-76.84895,-9.25168],[-76.84249,-9.21037],[-76.83867,-9.2089],[-76.84041,-9.19815],[-76.82846,-9.18867],[-76.82723,-9.17978],[-76.83029,-9.16604],[-76.82584,-9.14371],[-76.83077,-9.13212],[-76.83191,-9.12254],[-76.81926,-9.12725],[-76.8171,-9.13007],[-76.79778,-9.13238],[-76.78996,-9.13589],[-76.78636,-9.14485],[-76.76894,-9.15702],[-76.76706,-9.17041],[-76.75783,-9.18122]]]}},{"type":"Feature","properties":{"ubigeo":"021007","nombre":"Huachis"},"geometry":{"type":"Polygon","coordinates":[[[-77.01712,-9.48786],[-77.02975,-9.49316],[-77.03776,-9.49084],[-77.0433,-9.49585],[-77.04886,-9.50985],[-77.06276,-9.50838],[-77.07156,-9.50166],[-77.06512,-9.49532],[-77.07616,-9.4859],[-77.08392,-9.48583],[-77.08937,-9.48023],[-77.09091,-9.47066],[-77.10104,-9.45729],[-77.11514,-9.45758],[-77.11974,-9.46152],[-77.12965,-9.45565],[-77.13774,-9.44555],[-77.15819,-9.42851],[-77.15402,-9.42518],[-77.15312,-9.41534],[-77.14668,-9.39908],[-77.14081,-9.39386],[-77.12518,-9.39021],[-77.11301,-9.38232],[-77.10967,-9.37309],[-77.10407,-9.3686],[-77.09019,-9.3666],[-77.08645,-9.37715],[-77.07468,-9.36632],[-77.0719,-9.37301],[-77.06344,-9.36308],[-77.05604,-9.36395],[-77.04327,-9.35115],[-77.04034,-9.33278],[-77.03825,-9.33134],[-77.03591,-9.34582],[-77.03924,-9.35679],[-77.03147,-9.37255],[-77.03067,-9.38226],[-77.0231,-9.4044],[-77.02534,-9.41836],[-77.03387,-9.4284],[-77.03734,-9.43726],[-77.02662,-9.4757],[-77.02094,-9.47882],[-77.01712,-9.48786]]]}},{"type":"Feature","properties":{"ubigeo":"021008","nombre":"Huantar"},"geometry":{"type":"Polygon","coordinates":[[[-77.14931,-9.49462],[-77.17104,-9.49703],[-77.17768,-9.50336],[-77.19055,-9.50357],[-77.19928,-9.51455],[-77.21093,-9.51823],[-77.2151,-9.50637],[-77.22587,-9.50414],[-77.23715,-9.50752],[-77.24214,-9.5128],[-77.2522,-9.50237],[-77.26512,-9.51099],[-77.27508,-9.51333],[-77.2894,-9.5097],[-77.29195,-9.50573],[-77.31034,-9.51473],[-77.31883,-9.50397],[-77.32239,-9.4925],[-77.32154,-9.48588],[-77.3262,-9.47193],[-77.32276,-9.46717],[-77.30876,-9.4648],[-77.30217,-9.45431],[-77.30068,-9.44086],[-77.3052,-9.43554],[-77.31972,-9.42711],[-77.31532,-9.41198],[-77.30672,-9.42003],[-77.29001,-9.42018],[-77.28443,-9.42346],[-77.26406,-9.42378],[-77.24914,-9.43194],[-77.22837,-9.43007],[-77.19601,-9.43284],[-77.18948,-9.42378],[-77.17657,-9.41989],[-77.16993,-9.42568],[-77.15819,-9.42851],[-77.15312,-9.45684],[-77.1448,-9.46528],[-77.14106,-9.47319],[-77.14931,-9.49462]]]}},{"type":"Feature","properties":{"ubigeo":"021009","nombre":"Masin"},"geometry":{"type":"Polygon","coordinates":[[[-77.03907,-9.32474],[-77.05894,-9.34705],[-77.07859,-9.35779],[-77.09019,-9.3666],[-77.10407,-9.3686],[-77.10967,-9.37309],[-77.11301,-9.38232],[-77.12518,-9.39021],[-77.14081,-9.39386],[-77.13789,-9.3823],[-77.1299,-9.37381],[-77.12833,-9.34285],[-77.13507,-9.33053],[-77.13641,-9.32186],[-77.12723,-9.31296],[-77.12547,-9.30518],[-77.12812,-9.29518],[-77.11763,-9.28454],[-77.10784,-9.28264],[-77.09328,-9.29986],[-77.08087,-9.30552],[-77.0722,-9.30251],[-77.05354,-9.30115],[-77.03069,-9.30641],[-77.01456,-9.29973],[-77.02897,-9.31783],[-77.03907,-9.32474]]]}},{"type":"Feature","properties":{"ubigeo":"021010","nombre":"Paucas"},"geometry":{"type":"Polygon","coordinates":[[[-76.83191,-9.12254],[-76.83077,-9.13212],[-76.82584,-9.14371],[-76.83029,-9.16604],[-76.82723,-9.17978],[-76.82846,-9.18867],[-76.84041,-9.19815],[-76.83867,-9.2089],[-76.84249,-9.21037],[-76.84895,-9.25168],[-76.86189,-9.25116],[-76.86478,-9.24272],[-76.86106,-9.23611],[-76.86775,-9.21944],[-76.87899,-9.21208],[-76.89805,-9.19451],[-76.90752,-9.1783],[-76.91603,-9.17398],[-76.93651,-9.15118],[-76.94726,-9.13629],[-76.94315,-9.12718],[-76.94647,-9.12357],[-76.94577,-9.11151],[-76.94686,-9.09707],[-76.94424,-9.08338],[-76.9454,-9.07483],[-76.92928,-9.07057],[-76.918,-9.07552],[-76.89849,-9.09846],[-76.89003,-9.10147],[-76.86938,-9.11438],[-76.85154,-9.11428],[-76.83191,-9.12254]]]}},{"type":"Feature","properties":{"ubigeo":"021011","nombre":"Ponto"},"geometry":{"type":"Polygon","coordinates":[[[-76.93608,-9.40585],[-76.94825,-9.40417],[-76.95375,-9.40892],[-76.97067,-9.41272],[-76.98152,-9.41047],[-76.98893,-9.40107],[-76.99562,-9.39861],[-77.00305,-9.39063],[-77.00212,-9.38256],[-77.02077,-9.37998],[-77.03067,-9.38226],[-77.03147,-9.37255],[-77.03924,-9.35679],[-77.03591,-9.34582],[-77.03825,-9.33134],[-77.03907,-9.32474],[-77.02897,-9.31783],[-77.01456,-9.29973],[-77.01232,-9.29878],[-77.00829,-9.28549],[-76.99955,-9.27355],[-76.99311,-9.27039],[-76.99036,-9.27415],[-76.9781,-9.27463],[-76.97012,-9.29232],[-76.96075,-9.29786],[-76.95969,-9.30397],[-76.94881,-9.31931],[-76.95089,-9.32886],[-76.94693,-9.34961],[-76.94821,-9.35355],[-76.93892,-9.3625],[-76.93902,-9.36701],[-76.92396,-9.38253],[-76.92413,-9.39153],[-76.93524,-9.39855],[-76.93608,-9.40585]]]}},{"type":"Feature","properties":{"ubigeo":"021012","nombre":"Rahuapampa"},"geometry":{"type":"Polygon","coordinates":[[[-77.09019,-9.3666],[-77.07859,-9.35779],[-77.05894,-9.34705],[-77.03907,-9.32474],[-77.03825,-9.33134],[-77.04034,-9.33278],[-77.04327,-9.35115],[-77.05604,-9.36395],[-77.06344,-9.36308],[-77.0719,-9.37301],[-77.07468,-9.36632],[-77.08645,-9.37715],[-77.09019,-9.3666]]]}},{"type":"Feature","properties":{"ubigeo":"021013","nombre":"Rapayan"},"geometry":{"type":"Polygon","coordinates":[[[-76.74008,-9.28483],[-76.74546,-9.29672],[-76.73919,-9.31726],[-76.74047,-9.32898],[-76.74972,-9.34376],[-76.75794,-9.36221],[-76.76562,-9.36727],[-76.78287,-9.3429],[-76.79469,-9.33338],[-76.80534,-9.33184],[-76.81548,-9.32646],[-76.81565,-9.31673],[-76.82944,-9.29302],[-76.83681,-9.26348],[-76.82623,-9.25529],[-76.82145,-9.23962],[-76.81172,-9.22518],[-76.78562,-9.21412],[-76.77515,-9.20272],[-76.76785,-9.18799],[-76.75783,-9.18122],[-76.74467,-9.19346],[-76.73461,-9.20879],[-76.72836,-9.23292],[-76.73125,-9.24627],[-76.72597,-9.25615],[-76.74062,-9.27451],[-76.74008,-9.28483]]]}},{"type":"Feature","properties":{"ubigeo":"021014","nombre":"San Marcos"},"geometry":{"type":"Polygon","coordinates":[[[-76.97498,-9.56337],[-76.98152,-9.56542],[-76.98297,-9.57697],[-76.99021,-9.57937],[-76.98824,-9.59175],[-76.99527,-9.60344],[-77.01267,-9.60998],[-77.01628,-9.61432],[-77.02367,-9.61066],[-77.0318,-9.61964],[-77.04568,-9.62915],[-77.04464,-9.63985],[-77.04849,-9.64746],[-77.04731,-9.65394],[-77.04135,-9.65886],[-77.04108,-9.66693],[-77.03087,-9.68482],[-77.02384,-9.70433],[-77.03433,-9.70935],[-77.03566,-9.71932],[-77.02547,-9.72864],[-77.03065,-9.73381],[-77.02611,-9.75033],[-77.03098,-9.75518],[-77.0278,-9.76412],[-77.03884,-9.7791],[-77.04946,-9.78287],[-77.04646,-9.79286],[-77.06016,-9.80215],[-77.07606,-9.79703],[-77.09669,-9.80455],[-77.10109,-9.81751],[-77.09279,-9.83675],[-77.09488,-9.84082],[-77.10283,-9.8411],[-77.11544,-9.83318],[-77.12386,-9.83934],[-77.14166,-9.83323],[-77.14201,-9.82199],[-77.13297,-9.80264],[-77.13908,-9.78881],[-77.13396,-9.77369],[-77.1378,-9.75261],[-77.13697,-9.7432],[-77.13911,-9.72904],[-77.13652,-9.71989],[-77.13601,-9.7043],[-77.13828,-9.69983],[-77.13279,-9.68841],[-77.14833,-9.67121],[-77.15817,-9.67481],[-77.17305,-9.67339],[-77.17819,-9.66609],[-77.18624,-9.66165],[-77.19098,-9.64858],[-77.19895,-9.64635],[-77.20231,-9.63385],[-77.19197,-9.62776],[-77.18359,-9.61852],[-77.17713,-9.60491],[-77.17436,-9.58821],[-77.17509,-9.5674],[-77.16926,-9.55851],[-77.15959,-9.53142],[-77.15784,-9.52077],[-77.15253,-9.51346],[-77.14931,-9.49462],[-77.14106,-9.47319],[-77.1448,-9.46528],[-77.15312,-9.45684],[-77.15819,-9.42851],[-77.13774,-9.44555],[-77.12965,-9.45565],[-77.11974,-9.46152],[-77.11514,-9.45758],[-77.10104,-9.45729],[-77.09091,-9.47066],[-77.08937,-9.48023],[-77.08392,-9.48583],[-77.07616,-9.4859],[-77.06512,-9.49532],[-77.07156,-9.50166],[-77.06276,-9.50838],[-77.04886,-9.50985],[-77.0433,-9.49585],[-77.03776,-9.49084],[-77.02975,-9.49316],[-77.01712,-9.48786],[-77.00791,-9.5169],[-76.99681,-9.52699],[-76.97498,-9.56337]]]}},{"type":"Feature","properties":{"ubigeo":"021015","nombre":"San Pedro de Chana"},"geometry":{"type":"Polygon","coordinates":[[[-76.92924,-9.42613],[-76.93067,-9.43446],[-76.94042,-9.44858],[-76.94867,-9.45314],[-76.95233,-9.4697],[-76.93862,-9.4917],[-76.94019,-9.50752],[-76.93801,-9.52658],[-76.94519,-9.53584],[-76.9551,-9.54269],[-76.95309,-9.54726],[-76.95511,-9.5603],[-76.97498,-9.56337],[-76.99681,-9.52699],[-77.00791,-9.5169],[-77.01712,-9.48786],[-77.02094,-9.47882],[-77.02662,-9.4757],[-77.03734,-9.43726],[-77.03387,-9.4284],[-77.02534,-9.41836],[-77.0231,-9.4044],[-77.03067,-9.38226],[-77.02077,-9.37998],[-77.00212,-9.38256],[-77.00305,-9.39063],[-76.99562,-9.39861],[-76.98893,-9.40107],[-76.98152,-9.41047],[-76.97067,-9.41272],[-76.95375,-9.40892],[-76.94825,-9.40417],[-76.93608,-9.40585],[-76.92924,-9.42613]]]}},{"type":"Feature","properties":{"ubigeo":"021016","nombre":"Uco"},"geometry":{"type":"Polygon","coordinates":[[[-76.97002,-9.22034],[-76.96935,-9.21474],[-76.96001,-9.20598],[-76.96254,-9.19839],[-76.9631,-9.17644],[-76.95946,-9.17014],[-76.96159,-9.15325],[-76.94726,-9.13629],[-76.93651,-9.15118],[-76.91603,-9.17398],[-76.90752,-9.1783],[-76.89805,-9.19451],[-76.87899,-9.21208],[-76.8999,-9.22281],[-76.90432,-9.22712],[-76.91811,-9.22592],[-76.92073,-9.2181],[-76.92654,-9.2214],[-76.94271,-9.22303],[-76.96244,-9.21734],[-76.97002,-9.22034]]]}},{"type":"Feature","properties":{"ubigeo":"021101","nombre":"Huarmey"},"geometry":{"type":"Polygon","coordinates":[[[-77.80578,-9.96142],[-77.79104,-9.96159],[-77.78004,-9.9661],[-77.77624,-9.96828],[-77.76393,-9.9899],[-77.76888,-9.99069],[-77.77528,-10.00419],[-77.7705,-10.0251],[-77.75999,-10.03153],[-77.75595,-10.03973],[-77.74916,-10.04556],[-77.74494,-10.04248],[-77.72987,-10.04364],[-77.70997,-10.05245],[-77.71891,-10.06303],[-77.72187,-10.07868],[-77.71726,-10.09269],[-77.69968,-10.10853],[-77.69811,-10.12852],[-77.69878,-10.14139],[-77.69325,-10.14602],[-77.68548,-10.14149],[-77.674,-10.13956],[-77.66013,-10.14391],[-77.65626,-10.15198],[-77.66262,-10.16891],[-77.6731,-10.18494],[-77.67585,-10.19615],[-77.6744,-10.20671],[-77.67487,-10.21284],[-77.68091,-10.22165],[-77.67752,-10.23423],[-77.68999,-10.24652],[-77.69643,-10.25685],[-77.69345,-10.26426],[-77.69383,-10.28482],[-77.69945,-10.31195],[-77.69875,-10.3221],[-77.70434,-10.32527],[-77.71738,-10.32249],[-77.73536,-10.32351],[-77.74038,-10.3207],[-77.74624,-10.32438],[-77.75251,-10.3219],[-77.75636,-10.32812],[-77.75393,-10.33334],[-77.75704,-10.34422],[-77.75213,-10.37286],[-77.75562,-10.384],[-77.74987,-10.4068],[-77.75816,-10.41683],[-77.76021,-10.43022],[-77.76786,-10.42879],[-77.76389,-10.43771],[-77.77452,-10.44473],[-77.78159,-10.45441],[-77.78962,-10.45962],[-77.7901,-10.46764],[-77.79832,-10.47612],[-77.79618,-10.48329],[-77.78644,-10.48892],[-77.78106,-10.50726],[-77.77244,-10.51248],[-77.77174,-10.53776],[-77.77427,-10.55401],[-77.77138,-10.57161],[-77.77587,-10.57535],[-77.785,-10.57204],[-77.7911,-10.5838],[-77.79968,-10.58532],[-77.81835,-10.58044],[-77.83217,-10.56735],[-77.83969,-10.56792],[-77.84713,-10.57438],[-77.85714,-10.5787],[-77.86861,-10.5965],[-77.88628,-10.61196],[-77.88601,-10.60507],[-77.90847,-10.56998],[-77.90094,-10.56504],[-77.90156,-10.55659],[-77.90816,-10.54429],[-77.93571,-10.5174],[-77.9394,-10.50901],[-77.96062,-10.49252],[-77.96274,-10.48863],[-77.96324,-10.47145],[-77.97479,-10.45876],[-77.98034,-10.43955],[-78.00727,-10.41962],[-78.01476,-10.40963],[-78.01223,-10.40309],[-78.00402,-10.40332],[-78.00078,-10.39424],[-78.00768,-10.3796],[-78.01446,-10.37066],[-78.02977,-10.35973],[-78.03514,-10.35931],[-78.04235,-10.35202],[-78.05455,-10.34596],[-78.05554,-10.33104],[-78.05406,-10.32065],[-78.06165,-10.3081],[-78.0579,-10.30143],[-78.07754,-10.28223],[-78.08707,-10.27712],[-78.08509,-10.26775],[-78.087,-10.25853],[-78.08101,-10.24832],[-78.08825,-10.24854],[-78.09228,-10.23852],[-78.08761,-10.22956],[-78.09614,-10.22192],[-78.09728,-10.21089],[-78.10226,-10.20015],[-78.11333,-10.19588],[-78.11726,-10.18388],[-78.1227,-10.17637],[-78.13097,-10.176],[-78.15362,-10.15702],[-78.15391,-10.15288],[-78.16357,-10.14719],[-78.16943,-10.12962],[-78.17358,-10.12409],[-78.17301,-10.11604],[-78.17966,-10.11567],[-78.18482,-10.10949],[-78.18221,-10.1011],[-78.16665,-10.09493],[-78.16579,-10.08654],[-78.17578,-10.06735],[-78.17212,-10.06054],[-78.17534,-10.04585],[-78.18107,-10.0342],[-78.19128,-10.02616],[-78.1883,-10.02261],[-78.1967,-10.01281],[-78.19306,-10.00135],[-78.19609,-9.99488],[-78.17858,-9.98676],[-78.17761,-9.9811],[-78.16134,-9.96377],[-78.15984,-9.9521],[-78.13645,-9.94003],[-78.12403,-9.92535],[-78.12334,-9.91481],[-78.11627,-9.91266],[-78.10621,-9.91642],[-78.09916,-9.92728],[-78.08805,-9.92083],[-78.0896,-9.90893],[-78.07676,-9.89495],[-78.07828,-9.88182],[-78.04897,-9.87431],[-78.0344,-9.86077],[-78.0329,-9.85539],[-78.01642,-9.85786],[-78.01215,-9.85411],[-78.0063,-9.85913],[-77.98662,-9.85782],[-77.97867,-9.85123],[-77.96579,-9.854],[-77.95628,-9.84802],[-77.94022,-9.84591],[-77.93037,-9.8308],[-77.9155,-9.81837],[-77.90312,-9.82299],[-77.88976,-9.81862],[-77.88222,-9.81179],[-77.85389,-9.81709],[-77.84644,-9.82747],[-77.83374,-9.83634],[-77.83275,-9.84073],[-77.84142,-9.84035],[-77.84372,-9.84405],[-77.82694,-9.87809],[-77.82987,-9.88799],[-77.82465,-9.91021],[-77.82587,-9.91428],[-77.83042,-9.91696],[-77.84285,-9.94459],[-77.85052,-9.94749],[-77.85389,-9.96334],[-77.85304,-9.97104],[-77.84482,-9.96488],[-77.82956,-9.96008],[-77.80578,-9.96142]]]}},{"type":"Feature","properties":{"ubigeo":"021102","nombre":"Cochapeti"},"geometry":{"type":"Polygon","coordinates":[[[-77.76393,-9.9899],[-77.77624,-9.96828],[-77.78004,-9.9661],[-77.76322,-9.95461],[-77.74891,-9.94855],[-77.72777,-9.9603],[-77.71477,-9.95529],[-77.69768,-9.96207],[-77.67696,-9.96706],[-77.66619,-9.96747],[-77.65123,-9.97212],[-77.64609,-9.96497],[-77.63054,-9.962],[-77.62435,-9.95863],[-77.60767,-9.94264],[-77.59807,-9.93736],[-77.59819,-9.94217],[-77.60817,-9.95014],[-77.61143,-9.97391],[-77.62023,-9.97706],[-77.63044,-10.00377],[-77.63141,-10.02202],[-77.64568,-10.02377],[-77.65443,-10.02102],[-77.6703,-10.01987],[-77.68313,-10.02111],[-77.69315,-10.01607],[-77.71235,-10.0126],[-77.72753,-10.01379],[-77.73524,-10.00753],[-77.74251,-10.00915],[-77.75063,-10.00621],[-77.75497,-9.99771],[-77.76341,-9.9951],[-77.76393,-9.9899]]]}},{"type":"Feature","properties":{"ubigeo":"021103","nombre":"Culebras"},"geometry":{"type":"Polygon","coordinates":[[[-77.96302,-9.77292],[-77.96163,-9.77998],[-77.957,-9.7881],[-77.94567,-9.79296],[-77.93421,-9.80622],[-77.92637,-9.80938],[-77.9155,-9.81837],[-77.93037,-9.8308],[-77.94022,-9.84591],[-77.95628,-9.84802],[-77.96579,-9.854],[-77.97867,-9.85123],[-77.98662,-9.85782],[-78.0063,-9.85913],[-78.01215,-9.85411],[-78.01642,-9.85786],[-78.0329,-9.85539],[-78.0344,-9.86077],[-78.04897,-9.87431],[-78.07828,-9.88182],[-78.07676,-9.89495],[-78.0896,-9.90893],[-78.08805,-9.92083],[-78.09916,-9.92728],[-78.10621,-9.91642],[-78.11627,-9.91266],[-78.12334,-9.91481],[-78.12403,-9.92535],[-78.13645,-9.94003],[-78.15984,-9.9521],[-78.16134,-9.96377],[-78.17761,-9.9811],[-78.17858,-9.98676],[-78.19609,-9.99488],[-78.20696,-9.9804],[-78.20808,-9.96677],[-78.23121,-9.95246],[-78.23081,-9.94374],[-78.2255,-9.93947],[-78.22477,-9.92325],[-78.22972,-9.91112],[-78.22451,-9.90722],[-78.22881,-9.89437],[-78.23457,-9.89305],[-78.23332,-9.8831],[-78.24265,-9.87365],[-78.24119,-9.85631],[-78.23583,-9.85631],[-78.23754,-9.84473],[-78.23649,-9.83251],[-78.22999,-9.82974],[-78.22455,-9.80595],[-78.22621,-9.79528],[-78.2222,-9.77983],[-78.20878,-9.76633],[-78.19533,-9.75987],[-78.18114,-9.74916],[-78.17509,-9.74896],[-78.17066,-9.7418],[-78.14483,-9.71458],[-78.12285,-9.71137],[-78.10817,-9.71783],[-78.0874,-9.72049],[-78.07938,-9.71589],[-78.06842,-9.699],[-78.05827,-9.68917],[-78.04189,-9.6899],[-78.02941,-9.70181],[-78.00096,-9.71143],[-77.9797,-9.71184],[-77.97219,-9.70389],[-77.96762,-9.70614],[-77.96998,-9.7196],[-77.98432,-9.72899],[-77.98712,-9.73945],[-77.9759,-9.74935],[-77.96302,-9.77292]]]}},{"type":"Feature","properties":{"ubigeo":"021104","nombre":"Huayan"},"geometry":{"type":"Polygon","coordinates":[[[-77.6169,-9.86814],[-77.63719,-9.87806],[-77.66128,-9.88258],[-77.67757,-9.89785],[-77.68129,-9.90536],[-77.69298,-9.90592],[-77.70928,-9.90302],[-77.71865,-9.89622],[-77.7242,-9.89584],[-77.75285,-9.91917],[-77.76272,-9.92051],[-77.77606,-9.93138],[-77.77795,-9.93676],[-77.79916,-9.94917],[-77.80578,-9.96142],[-77.82956,-9.96008],[-77.84482,-9.96488],[-77.85304,-9.97104],[-77.85389,-9.96334],[-77.85052,-9.94749],[-77.84285,-9.94459],[-77.83042,-9.91696],[-77.82587,-9.91428],[-77.81247,-9.90569],[-77.79882,-9.90842],[-77.77979,-9.90506],[-77.77215,-9.89014],[-77.76611,-9.89017],[-77.76375,-9.87243],[-77.74434,-9.85885],[-77.74282,-9.8529],[-77.73471,-9.84685],[-77.72747,-9.8467],[-77.72243,-9.83989],[-77.70948,-9.83717],[-77.70355,-9.84835],[-77.68063,-9.8566],[-77.66411,-9.86533],[-77.64794,-9.86062],[-77.64125,-9.85605],[-77.62809,-9.85981],[-77.6214,-9.86778],[-77.6169,-9.86814]]]}},{"type":"Feature","properties":{"ubigeo":"021105","nombre":"Malvas"},"geometry":{"type":"Polygon","coordinates":[[[-77.55249,-9.87218],[-77.55032,-9.87846],[-77.55807,-9.89363],[-77.57889,-9.90987],[-77.5858,-9.92343],[-77.59136,-9.92629],[-77.59807,-9.93736],[-77.60767,-9.94264],[-77.62435,-9.95863],[-77.63054,-9.962],[-77.64609,-9.96497],[-77.65123,-9.97212],[-77.66619,-9.96747],[-77.67696,-9.96706],[-77.69768,-9.96207],[-77.71477,-9.95529],[-77.72777,-9.9603],[-77.74891,-9.94855],[-77.76322,-9.95461],[-77.78004,-9.9661],[-77.79104,-9.96159],[-77.80578,-9.96142],[-77.79916,-9.94917],[-77.77795,-9.93676],[-77.77606,-9.93138],[-77.76272,-9.92051],[-77.75285,-9.91917],[-77.7242,-9.89584],[-77.71865,-9.89622],[-77.70928,-9.90302],[-77.69298,-9.90592],[-77.68129,-9.90536],[-77.67757,-9.89785],[-77.66128,-9.88258],[-77.63719,-9.87806],[-77.6169,-9.86814],[-77.60679,-9.86038],[-77.59761,-9.86517],[-77.58384,-9.86473],[-77.57665,-9.87184],[-77.56669,-9.87331],[-77.55739,-9.86907],[-77.55249,-9.87218]]]}},{"type":"Feature","properties":{"ubigeo":"021201","nombre":"Caraz"},"geometry":{"type":"Polygon","coordinates":[[[-77.61456,-8.99381],[-77.62931,-9.00147],[-77.63236,-9.00976],[-77.65561,-9.01874],[-77.66949,-9.03478],[-77.67845,-9.03275],[-77.692,-9.04418],[-77.69981,-9.05693],[-77.70619,-9.05852],[-77.71962,-9.06714],[-77.72845,-9.06959],[-77.733,-9.06386],[-77.74505,-9.06411],[-77.74655,-9.06753],[-77.76431,-9.07507],[-77.77055,-9.08089],[-77.78294,-9.08321],[-77.78738,-9.07413],[-77.80915,-9.08655],[-77.82319,-9.09047],[-77.86749,-9.0971],[-77.88226,-9.09238],[-77.88187,-9.07786],[-77.87904,-9.06771],[-77.87094,-9.06421],[-77.8626,-9.05492],[-77.85431,-9.05181],[-77.84432,-9.05495],[-77.83586,-9.04207],[-77.83623,-9.02861],[-77.83329,-9.01345],[-77.82294,-9.00698],[-77.81896,-9.00037],[-77.82152,-8.99071],[-77.82942,-8.98622],[-77.84153,-8.9771],[-77.82691,-8.97301],[-77.81607,-8.96523],[-77.79904,-8.97457],[-77.79801,-8.97916],[-77.78486,-8.98495],[-77.78097,-8.99247],[-77.75813,-8.98075],[-77.73814,-8.97425],[-77.72053,-8.97305],[-77.71722,-8.96887],[-77.70344,-8.96702],[-77.69231,-8.97426],[-77.67879,-8.96914],[-77.66871,-8.96768],[-77.66083,-8.95843],[-77.65072,-8.95486],[-77.63721,-8.95427],[-77.63148,-8.9514],[-77.61362,-8.95652],[-77.61334,-8.96376],[-77.62072,-8.97569],[-77.61456,-8.99381]]]}},{"type":"Feature","properties":{"ubigeo":"021202","nombre":"Huallanca"},"geometry":{"type":"Polygon","coordinates":[[[-77.82964,-8.87159],[-77.82681,-8.87582],[-77.83342,-8.88797],[-77.84499,-8.89882],[-77.86123,-8.88758],[-77.86949,-8.87775],[-77.86004,-8.86322],[-77.86292,-8.85593],[-77.88467,-8.8462],[-77.91068,-8.84123],[-77.91323,-8.83856],[-77.92693,-8.83081],[-77.92634,-8.82505],[-77.93974,-8.81208],[-77.94422,-8.80343],[-77.95824,-8.78585],[-77.96564,-8.78479],[-77.97647,-8.79118],[-77.98634,-8.79221],[-77.99145,-8.79939],[-77.99581,-8.79814],[-78.00222,-8.78762],[-78.0038,-8.77931],[-78.01459,-8.76636],[-78.01377,-8.7495],[-78.00646,-8.73997],[-78.00478,-8.72865],[-78.00114,-8.7265],[-77.99551,-8.70715],[-77.98689,-8.70018],[-77.98645,-8.69499],[-77.97203,-8.692],[-77.96584,-8.69737],[-77.95613,-8.69936],[-77.94757,-8.71021],[-77.94021,-8.729],[-77.92442,-8.73989],[-77.91854,-8.74686],[-77.90622,-8.74747],[-77.89595,-8.75207],[-77.89359,-8.75835],[-77.86984,-8.76295],[-77.86029,-8.77629],[-77.85281,-8.77933],[-77.85259,-8.78697],[-77.84399,-8.79663],[-77.85477,-8.80586],[-77.85331,-8.81179],[-77.83888,-8.81268],[-77.82971,-8.82145],[-77.82943,-8.83129],[-77.8225,-8.84359],[-77.82271,-8.85152],[-77.83057,-8.86504],[-77.82964,-8.87159]]]}},{"type":"Feature","properties":{"ubigeo":"021203","nombre":"Huata"},"geometry":{"type":"Polygon","coordinates":[[[-77.92084,-9.01091],[-77.89905,-8.99678],[-77.8903,-8.99586],[-77.85882,-8.99703],[-77.85302,-8.99956],[-77.8386,-8.99795],[-77.82942,-8.98622],[-77.82152,-8.99071],[-77.81896,-9.00037],[-77.82294,-9.00698],[-77.83329,-9.01345],[-77.83623,-9.02861],[-77.83586,-9.04207],[-77.84432,-9.05495],[-77.85431,-9.05181],[-77.8626,-9.05492],[-77.87094,-9.06421],[-77.87904,-9.06771],[-77.88187,-9.07786],[-77.88705,-9.07955],[-77.90957,-9.07149],[-77.91165,-9.06424],[-77.91923,-9.05496],[-77.91792,-9.03762],[-77.91524,-9.03153],[-77.92084,-9.01091]]]}},{"type":"Feature","properties":{"ubigeo":"021204","nombre":"Huaylas"},"geometry":{"type":"Polygon","coordinates":[[[-77.84501,-8.91064],[-77.85589,-8.90668],[-77.86463,-8.90743],[-77.8827,-8.92085],[-77.89797,-8.92244],[-77.90926,-8.92679],[-77.91798,-8.91564],[-77.92968,-8.91743],[-77.93674,-8.91568],[-77.94197,-8.92002],[-77.95099,-8.90888],[-77.91202,-8.88098],[-77.90414,-8.86962],[-77.89538,-8.866],[-77.89669,-8.85936],[-77.91635,-8.845],[-77.91323,-8.83856],[-77.91068,-8.84123],[-77.88467,-8.8462],[-77.86292,-8.85593],[-77.86004,-8.86322],[-77.86949,-8.87775],[-77.86123,-8.88758],[-77.84499,-8.89882],[-77.84501,-8.91064]]]}},{"type":"Feature","properties":{"ubigeo":"021205","nombre":"Mato"},"geometry":{"type":"Polygon","coordinates":[[[-77.84153,-8.9771],[-77.82942,-8.98622],[-77.8386,-8.99795],[-77.85302,-8.99956],[-77.85882,-8.99703],[-77.8903,-8.99586],[-77.89905,-8.99678],[-77.92084,-9.01091],[-77.928,-8.99809],[-77.93594,-8.99294],[-77.93696,-8.98502],[-77.94244,-8.97858],[-77.94213,-8.9687],[-77.9554,-8.95594],[-77.95232,-8.94545],[-77.94611,-8.93736],[-77.94572,-8.93027],[-77.94031,-8.92611],[-77.94197,-8.92002],[-77.93674,-8.91568],[-77.92968,-8.91743],[-77.91798,-8.91564],[-77.90926,-8.92679],[-77.89797,-8.92244],[-77.8827,-8.92085],[-77.86463,-8.90743],[-77.85589,-8.90668],[-77.84501,-8.91064],[-77.84784,-8.92781],[-77.84056,-8.93353],[-77.8389,-8.94923],[-77.83405,-8.9531],[-77.83496,-8.96827],[-77.84153,-8.9771]]]}},{"type":"Feature","properties":{"ubigeo":"021206","nombre":"Pamparomas"},"geometry":{"type":"Polygon","coordinates":[[[-77.92084,-9.01091],[-77.91524,-9.03153],[-77.91792,-9.03762],[-77.91923,-9.05496],[-77.91165,-9.06424],[-77.90957,-9.07149],[-77.88705,-9.07955],[-77.88187,-9.07786],[-77.88226,-9.09238],[-77.88246,-9.10508],[-77.87529,-9.11258],[-77.87113,-9.12869],[-77.85846,-9.14269],[-77.8544,-9.15759],[-77.84625,-9.16291],[-77.84578,-9.18076],[-77.8433,-9.18667],[-77.85202,-9.19234],[-77.84297,-9.21445],[-77.83947,-9.21757],[-77.8491,-9.22877],[-77.85245,-9.24161],[-77.86127,-9.25119],[-77.87672,-9.25035],[-77.88609,-9.25977],[-77.89513,-9.26145],[-77.90343,-9.25276],[-77.91822,-9.25219],[-77.92783,-9.24612],[-77.94989,-9.2468],[-77.95845,-9.25399],[-77.97122,-9.25051],[-77.97542,-9.24404],[-77.98635,-9.24573],[-78.00003,-9.24326],[-78.00485,-9.2464],[-78.02421,-9.24837],[-78.03717,-9.24371],[-78.05155,-9.23289],[-78.059,-9.23116],[-78.06044,-9.22149],[-78.06775,-9.21481],[-78.06609,-9.20971],[-78.06681,-9.18597],[-78.07346,-9.17424],[-78.0456,-9.17667],[-78.03821,-9.17301],[-78.02133,-9.17146],[-78.0171,-9.16694],[-78.02629,-9.1653],[-78.03587,-9.14544],[-78.05173,-9.14084],[-78.06222,-9.12843],[-78.06156,-9.11638],[-78.05671,-9.10105],[-78.06071,-9.09139],[-78.05933,-9.08613],[-78.0405,-9.075],[-78.02395,-9.06034],[-78.021,-9.05078],[-78.01048,-9.04153],[-78.0046,-9.02963],[-77.99854,-9.02421],[-77.99716,-9.01722],[-77.97993,-9.01271],[-77.9715,-8.99986],[-77.95723,-8.98624],[-77.95599,-8.98223],[-77.94244,-8.97858],[-77.93696,-8.98502],[-77.93594,-8.99294],[-77.928,-8.99809],[-77.92084,-9.01091]]]}},{"type":"Feature","properties":{"ubigeo":"021207","nombre":"Pueblo Libre"},"geometry":{"type":"Polygon","coordinates":[[[-77.77304,-9.10171],[-77.78359,-9.11692],[-77.78019,-9.13478],[-77.78152,-9.1477],[-77.77903,-9.17842],[-77.77719,-9.18154],[-77.78103,-9.19808],[-77.78231,-9.21722],[-77.79752,-9.22919],[-77.80386,-9.22429],[-77.81547,-9.22659],[-77.81634,-9.22127],[-77.82311,-9.22216],[-77.82956,-9.21725],[-77.83947,-9.21757],[-77.84297,-9.21445],[-77.85202,-9.19234],[-77.8433,-9.18667],[-77.84578,-9.18076],[-77.84625,-9.16291],[-77.8544,-9.15759],[-77.85846,-9.14269],[-77.87113,-9.12869],[-77.87529,-9.11258],[-77.88246,-9.10508],[-77.88226,-9.09238],[-77.86749,-9.0971],[-77.82319,-9.09047],[-77.80915,-9.08655],[-77.78738,-9.07413],[-77.78294,-9.08321],[-77.77304,-9.10171]]]}},{"type":"Feature","properties":{"ubigeo":"021208","nombre":"Santa Cruz"},"geometry":{"type":"Polygon","coordinates":[[[-77.57778,-8.89377],[-77.57427,-8.90044],[-77.58317,-8.91708],[-77.582,-8.93128],[-77.58792,-8.94079],[-77.604,-8.94287],[-77.61362,-8.95652],[-77.63148,-8.9514],[-77.63721,-8.95427],[-77.65072,-8.95486],[-77.66083,-8.95843],[-77.66871,-8.96768],[-77.67879,-8.96914],[-77.69231,-8.97426],[-77.70344,-8.96702],[-77.71722,-8.96887],[-77.72053,-8.97305],[-77.73814,-8.97425],[-77.75813,-8.98075],[-77.78097,-8.99247],[-77.78486,-8.98495],[-77.79801,-8.97916],[-77.79904,-8.97457],[-77.81607,-8.96523],[-77.82691,-8.97301],[-77.84153,-8.9771],[-77.83496,-8.96827],[-77.83405,-8.9531],[-77.8389,-8.94923],[-77.84056,-8.93353],[-77.84784,-8.92781],[-77.84501,-8.91064],[-77.84499,-8.89882],[-77.83342,-8.88797],[-77.82681,-8.87582],[-77.82964,-8.87159],[-77.81234,-8.86279],[-77.80724,-8.85794],[-77.77155,-8.83789],[-77.74322,-8.82872],[-77.71699,-8.82782],[-77.7031,-8.83394],[-77.68623,-8.83335],[-77.67371,-8.82499],[-77.66393,-8.83694],[-77.66081,-8.84974],[-77.65458,-8.86483],[-77.65493,-8.87712],[-77.65236,-8.87931],[-77.63911,-8.87577],[-77.63241,-8.87799],[-77.60829,-8.87223],[-77.60444,-8.87795],[-77.60463,-8.88671],[-77.58782,-8.88738],[-77.57778,-8.89377]]]}},{"type":"Feature","properties":{"ubigeo":"021209","nombre":"Santo Toribio"},"geometry":{"type":"Polygon","coordinates":[[[-77.95099,-8.90888],[-77.95703,-8.90587],[-77.95628,-8.89889],[-77.96206,-8.89069],[-77.97268,-8.88343],[-77.97989,-8.88527],[-77.98337,-8.88042],[-77.97848,-8.87403],[-77.98657,-8.85552],[-77.98672,-8.84735],[-77.99725,-8.84585],[-78.00077,-8.84192],[-77.99364,-8.83605],[-77.9885,-8.82242],[-77.9949,-8.80828],[-77.99145,-8.79939],[-77.98634,-8.79221],[-77.97647,-8.79118],[-77.96564,-8.78479],[-77.95824,-8.78585],[-77.94422,-8.80343],[-77.93974,-8.81208],[-77.92634,-8.82505],[-77.92693,-8.83081],[-77.91323,-8.83856],[-77.91635,-8.845],[-77.89669,-8.85936],[-77.89538,-8.866],[-77.90414,-8.86962],[-77.91202,-8.88098],[-77.95099,-8.90888]]]}},{"type":"Feature","properties":{"ubigeo":"021210","nombre":"Yuracmarca"},"geometry":{"type":"Polygon","coordinates":[[[-77.59274,-8.75767],[-77.5897,-8.76401],[-77.5812,-8.77112],[-77.58696,-8.77803],[-77.58474,-8.78345],[-77.58974,-8.79229],[-77.58874,-8.80045],[-77.58043,-8.81125],[-77.58105,-8.81833],[-77.59762,-8.83377],[-77.59452,-8.84408],[-77.5951,-8.85541],[-77.60116,-8.87078],[-77.60829,-8.87223],[-77.63241,-8.87799],[-77.63911,-8.87577],[-77.65236,-8.87931],[-77.65493,-8.87712],[-77.65458,-8.86483],[-77.66081,-8.84974],[-77.66393,-8.83694],[-77.67371,-8.82499],[-77.68623,-8.83335],[-77.7031,-8.83394],[-77.71699,-8.82782],[-77.74322,-8.82872],[-77.77155,-8.83789],[-77.80724,-8.85794],[-77.81234,-8.86279],[-77.82964,-8.87159],[-77.83057,-8.86504],[-77.82271,-8.85152],[-77.8225,-8.84359],[-77.82943,-8.83129],[-77.82971,-8.82145],[-77.83888,-8.81268],[-77.85331,-8.81179],[-77.85477,-8.80586],[-77.84399,-8.79663],[-77.85259,-8.78697],[-77.85281,-8.77933],[-77.86029,-8.77629],[-77.86984,-8.76295],[-77.89359,-8.75835],[-77.89595,-8.75207],[-77.90622,-8.74747],[-77.91854,-8.74686],[-77.91536,-8.74011],[-77.90997,-8.73871],[-77.91292,-8.73267],[-77.90508,-8.71486],[-77.88963,-8.70621],[-77.87995,-8.68404],[-77.85932,-8.68219],[-77.84044,-8.67668],[-77.81213,-8.66284],[-77.79208,-8.66132],[-77.78239,-8.66848],[-77.77644,-8.66945],[-77.77247,-8.67382],[-77.76318,-8.66987],[-77.75885,-8.66425],[-77.74866,-8.65919],[-77.73699,-8.6619],[-77.73017,-8.65527],[-77.72073,-8.65653],[-77.71627,-8.66345],[-77.70077,-8.67324],[-77.69099,-8.68189],[-77.68638,-8.68244],[-77.67169,-8.69305],[-77.67237,-8.70126],[-77.66377,-8.70498],[-77.65573,-8.72348],[-77.64536,-8.72437],[-77.63894,-8.73395],[-77.6261,-8.73869],[-77.61438,-8.75099],[-77.60924,-8.74529],[-77.60139,-8.74505],[-77.59274,-8.75767]]]}},{"type":"Feature","properties":{"ubigeo":"021301","nombre":"Piscobamba"},"geometry":{"type":"Polygon","coordinates":[[[-77.3678,-8.90856],[-77.38758,-8.89069],[-77.38836,-8.88601],[-77.40279,-8.87251],[-77.38661,-8.86319],[-77.3777,-8.8539],[-77.348,-8.82911],[-77.32597,-8.82106],[-77.32332,-8.82825],[-77.30859,-8.84011],[-77.30997,-8.84778],[-77.31692,-8.85482],[-77.32322,-8.86669],[-77.33645,-8.87804],[-77.33761,-8.88176],[-77.34718,-8.88506],[-77.35199,-8.87959],[-77.35491,-8.88694],[-77.3678,-8.90856]]]}},{"type":"Feature","properties":{"ubigeo":"021302","nombre":"Casca"},"geometry":{"type":"Polygon","coordinates":[[[-77.40279,-8.87251],[-77.42,-8.86179],[-77.42376,-8.85574],[-77.44004,-8.84702],[-77.44713,-8.83832],[-77.43817,-8.82464],[-77.43793,-8.8135],[-77.43131,-8.80908],[-77.4157,-8.80694],[-77.40054,-8.79534],[-77.39264,-8.77743],[-77.38956,-8.77617],[-77.38487,-8.77661],[-77.37061,-8.79091],[-77.36342,-8.79077],[-77.35819,-8.78616],[-77.34399,-8.78425],[-77.3404,-8.79529],[-77.33422,-8.7987],[-77.33103,-8.80999],[-77.32708,-8.81043],[-77.32597,-8.82106],[-77.348,-8.82911],[-77.3777,-8.8539],[-77.38661,-8.86319],[-77.40279,-8.87251]]]}},{"type":"Feature","properties":{"ubigeo":"021303","nombre":"Eleazar Guzmán Barron"},"geometry":{"type":"Polygon","coordinates":[[[-77.15953,-8.8971],[-77.16282,-8.90895],[-77.1693,-8.92148],[-77.17512,-8.92695],[-77.18857,-8.92838],[-77.21007,-8.92347],[-77.23504,-8.92617],[-77.24627,-8.93503],[-77.25333,-8.926],[-77.26486,-8.9019],[-77.2744,-8.88578],[-77.27747,-8.87297],[-77.28568,-8.86136],[-77.28373,-8.8522],[-77.2807,-8.846],[-77.27278,-8.847],[-77.2682,-8.84219],[-77.26018,-8.84487],[-77.25107,-8.84113],[-77.24831,-8.84715],[-77.23553,-8.86194],[-77.216,-8.85069],[-77.19065,-8.84644],[-77.18414,-8.84328],[-77.1766,-8.84589],[-77.16997,-8.85752],[-77.17307,-8.8624],[-77.1725,-8.87662],[-77.16488,-8.88124],[-77.16484,-8.8891],[-77.15953,-8.8971]]]}},{"type":"Feature","properties":{"ubigeo":"021304","nombre":"Fidel Olivas Escudero"},"geometry":{"type":"Polygon","coordinates":[[[-77.22292,-8.77031],[-77.21713,-8.7769],[-77.20605,-8.78234],[-77.20013,-8.79359],[-77.19573,-8.81499],[-77.18497,-8.8279],[-77.17482,-8.83362],[-77.1766,-8.84589],[-77.18414,-8.84328],[-77.19065,-8.84644],[-77.216,-8.85069],[-77.23553,-8.86194],[-77.24831,-8.84715],[-77.25107,-8.84113],[-77.26018,-8.84487],[-77.2682,-8.84219],[-77.27278,-8.847],[-77.2807,-8.846],[-77.28373,-8.8522],[-77.28377,-8.84704],[-77.2957,-8.83754],[-77.30859,-8.84011],[-77.32332,-8.82825],[-77.32597,-8.82106],[-77.32708,-8.81043],[-77.33103,-8.80999],[-77.33422,-8.7987],[-77.3404,-8.79529],[-77.34399,-8.78425],[-77.35819,-8.78616],[-77.36342,-8.79077],[-77.37061,-8.79091],[-77.38487,-8.77661],[-77.38956,-8.77617],[-77.395,-8.7701],[-77.38677,-8.76348],[-77.37103,-8.75628],[-77.34644,-8.73972],[-77.33692,-8.73735],[-77.3258,-8.7301],[-77.32053,-8.73197],[-77.30936,-8.72726],[-77.3024,-8.71804],[-77.27977,-8.70282],[-77.27431,-8.70372],[-77.26334,-8.71388],[-77.24736,-8.71276],[-77.24817,-8.72731],[-77.23244,-8.74075],[-77.22749,-8.74283],[-77.22292,-8.77031]]]}},{"type":"Feature","properties":{"ubigeo":"021305","nombre":"Llama"},"geometry":{"type":"Polygon","coordinates":[[[-77.25948,-8.94025],[-77.2682,-8.94469],[-77.29704,-8.94748],[-77.31211,-8.93325],[-77.32354,-8.91769],[-77.32031,-8.90621],[-77.3242,-8.89453],[-77.31929,-8.88795],[-77.32089,-8.88002],[-77.31452,-8.87637],[-77.30418,-8.87572],[-77.2952,-8.87081],[-77.29376,-8.86598],[-77.28568,-8.86136],[-77.27747,-8.87297],[-77.2744,-8.88578],[-77.26486,-8.9019],[-77.25333,-8.926],[-77.24627,-8.93503],[-77.25948,-8.94025]]]}},{"type":"Feature","properties":{"ubigeo":"021306","nombre":"Llumpa"},"geometry":{"type":"Polygon","coordinates":[[[-77.3595,-8.97724],[-77.3677,-8.97975],[-77.38633,-8.99508],[-77.39748,-8.99537],[-77.4104,-8.99146],[-77.42171,-8.99477],[-77.42877,-8.99149],[-77.44514,-8.99018],[-77.45565,-8.99463],[-77.47087,-8.99766],[-77.48654,-9.00727],[-77.49734,-9.00793],[-77.50836,-9.00476],[-77.51787,-9.0052],[-77.53793,-8.99749],[-77.55273,-8.98782],[-77.55625,-8.97845],[-77.55722,-8.96206],[-77.56192,-8.95367],[-77.55506,-8.95333],[-77.54649,-8.94719],[-77.54463,-8.93474],[-77.53683,-8.94105],[-77.50838,-8.93534],[-77.50226,-8.9376],[-77.48838,-8.93592],[-77.48252,-8.94417],[-77.47825,-8.93841],[-77.46221,-8.94648],[-77.45803,-8.94203],[-77.44703,-8.94586],[-77.43234,-8.93749],[-77.41291,-8.939],[-77.40594,-8.94802],[-77.39281,-8.94767],[-77.37908,-8.93651],[-77.37164,-8.9372],[-77.35587,-8.9329],[-77.34648,-8.94117],[-77.32351,-8.94648],[-77.3272,-8.95276],[-77.3334,-8.95199],[-77.33777,-8.95749],[-77.34551,-8.95583],[-77.35854,-8.96992],[-77.3595,-8.97724]]]}},{"type":"Feature","properties":{"ubigeo":"021307","nombre":"Lucma"},"geometry":{"type":"Polygon","coordinates":[[[-77.32351,-8.94648],[-77.34648,-8.94117],[-77.35587,-8.9329],[-77.37164,-8.9372],[-77.37908,-8.93651],[-77.39281,-8.94767],[-77.40594,-8.94802],[-77.41291,-8.939],[-77.43234,-8.93749],[-77.44703,-8.94586],[-77.45803,-8.94203],[-77.46221,-8.94648],[-77.47825,-8.93841],[-77.48252,-8.94417],[-77.48838,-8.93592],[-77.50226,-8.9376],[-77.50838,-8.93534],[-77.53683,-8.94105],[-77.54463,-8.93474],[-77.54433,-8.92866],[-77.56345,-8.90337],[-77.55188,-8.9051],[-77.53845,-8.90079],[-77.52551,-8.90508],[-77.52282,-8.91742],[-77.51626,-8.923],[-77.50611,-8.9206],[-77.48758,-8.90609],[-77.47432,-8.90775],[-77.47096,-8.91182],[-77.4472,-8.90888],[-77.43786,-8.9142],[-77.43057,-8.9117],[-77.40557,-8.91318],[-77.39622,-8.90564],[-77.38847,-8.9049],[-77.37531,-8.912],[-77.3678,-8.90856],[-77.36098,-8.90967],[-77.32791,-8.93969],[-77.32351,-8.94648]]]}},{"type":"Feature","properties":{"ubigeo":"021308","nombre":"Musga"},"geometry":{"type":"Polygon","coordinates":[[[-77.28568,-8.86136],[-77.29376,-8.86598],[-77.2952,-8.87081],[-77.30418,-8.87572],[-77.31452,-8.87637],[-77.32089,-8.88002],[-77.31929,-8.88795],[-77.3242,-8.89453],[-77.32031,-8.90621],[-77.32354,-8.91769],[-77.31211,-8.93325],[-77.29704,-8.94748],[-77.30415,-8.9486],[-77.32351,-8.94648],[-77.32791,-8.93969],[-77.36098,-8.90967],[-77.3678,-8.90856],[-77.35491,-8.88694],[-77.35199,-8.87959],[-77.34718,-8.88506],[-77.33761,-8.88176],[-77.33645,-8.87804],[-77.32322,-8.86669],[-77.31692,-8.85482],[-77.30997,-8.84778],[-77.30859,-8.84011],[-77.2957,-8.83754],[-77.28377,-8.84704],[-77.28373,-8.8522],[-77.28568,-8.86136]]]}},{"type":"Feature","properties":{"ubigeo":"021401","nombre":"Ocros"},"geometry":{"type":"Polygon","coordinates":[[[-77.2692,-10.32644],[-77.26941,-10.34094],[-77.25784,-10.35043],[-77.25691,-10.35781],[-77.27219,-10.37135],[-77.28104,-10.38781],[-77.29494,-10.38475],[-77.31412,-10.38439],[-77.31966,-10.38954],[-77.33383,-10.3966],[-77.3385,-10.4091],[-77.34727,-10.41328],[-77.35305,-10.41211],[-77.37144,-10.41564],[-77.38313,-10.41479],[-77.39788,-10.42412],[-77.39887,-10.43198],[-77.41793,-10.45488],[-77.41983,-10.46353],[-77.41845,-10.47433],[-77.42175,-10.47979],[-77.42021,-10.48924],[-77.42812,-10.49252],[-77.42341,-10.50396],[-77.42002,-10.52908],[-77.43654,-10.52857],[-77.45405,-10.5344],[-77.4597,-10.53277],[-77.4677,-10.53787],[-77.47017,-10.53468],[-77.4643,-10.52552],[-77.46438,-10.51833],[-77.45682,-10.49276],[-77.46008,-10.48578],[-77.4517,-10.47115],[-77.45016,-10.45471],[-77.44322,-10.43934],[-77.43687,-10.43373],[-77.43731,-10.41347],[-77.4305,-10.40369],[-77.43398,-10.38713],[-77.42788,-10.36465],[-77.42084,-10.35964],[-77.40435,-10.36481],[-77.38838,-10.35369],[-77.38547,-10.34671],[-77.37649,-10.33801],[-77.35945,-10.31271],[-77.36233,-10.30282],[-77.3595,-10.29203],[-77.35471,-10.28943],[-77.35244,-10.28132],[-77.34564,-10.27847],[-77.34039,-10.26649],[-77.32712,-10.25622],[-77.32308,-10.25823],[-77.3155,-10.27041],[-77.30585,-10.27368],[-77.30528,-10.28212],[-77.3001,-10.28463],[-77.29929,-10.2894],[-77.30862,-10.31572],[-77.29598,-10.31758],[-77.27554,-10.31458],[-77.2692,-10.32644]]]}},{"type":"Feature","properties":{"ubigeo":"021402","nombre":"Acas"},"geometry":{"type":"Polygon","coordinates":[[[-77.27082,-10.56061],[-77.27776,-10.55628],[-77.29011,-10.55607],[-77.31063,-10.56769],[-77.32051,-10.58792],[-77.32753,-10.5941],[-77.33438,-10.59421],[-77.34247,-10.60102],[-77.3447,-10.60798],[-77.34692,-10.60645],[-77.3613,-10.6113],[-77.38581,-10.61074],[-77.3982,-10.60486],[-77.41492,-10.60673],[-77.42227,-10.61091],[-77.42499,-10.60692],[-77.42544,-10.58501],[-77.42208,-10.57552],[-77.42392,-10.56757],[-77.42062,-10.56298],[-77.41976,-10.54289],[-77.4091,-10.52994],[-77.41249,-10.51824],[-77.41227,-10.5],[-77.40409,-10.48736],[-77.38455,-10.47807],[-77.37617,-10.47882],[-77.3649,-10.469],[-77.34428,-10.45749],[-77.33438,-10.44875],[-77.33097,-10.43932],[-77.31938,-10.43575],[-77.3182,-10.43205],[-77.30481,-10.42496],[-77.29846,-10.41848],[-77.28517,-10.41622],[-77.27994,-10.41269],[-77.26956,-10.3981],[-77.27266,-10.39078],[-77.26306,-10.3938],[-77.26135,-10.40269],[-77.26538,-10.40997],[-77.25756,-10.41736],[-77.25939,-10.43106],[-77.26312,-10.43537],[-77.26841,-10.44064],[-77.25985,-10.45166],[-77.26865,-10.47178],[-77.26513,-10.48855],[-77.26542,-10.51072],[-77.28176,-10.53481],[-77.28155,-10.54004],[-77.27082,-10.56061]]]}},{"type":"Feature","properties":{"ubigeo":"021403","nombre":"Cajamarquilla"},"geometry":{"type":"Polygon","coordinates":[[[-77.24101,-10.30592],[-77.23263,-10.3149],[-77.22968,-10.33],[-77.21964,-10.33961],[-77.19749,-10.33771],[-77.18825,-10.34571],[-77.17553,-10.34987],[-77.16682,-10.35939],[-77.15821,-10.36192],[-77.16647,-10.37575],[-77.16646,-10.39095],[-77.17482,-10.38617],[-77.18607,-10.38512],[-77.19749,-10.37712],[-77.21006,-10.37306],[-77.22112,-10.3741],[-77.24166,-10.34109],[-77.25362,-10.33348],[-77.26113,-10.32428],[-77.2692,-10.32644],[-77.27554,-10.31458],[-77.29598,-10.31758],[-77.30862,-10.31572],[-77.29929,-10.2894],[-77.3001,-10.28463],[-77.29074,-10.26871],[-77.27736,-10.26645],[-77.26978,-10.25747],[-77.2621,-10.25268],[-77.25553,-10.25379],[-77.2495,-10.26445],[-77.24376,-10.26717],[-77.23597,-10.29803],[-77.24101,-10.30592]]]}},{"type":"Feature","properties":{"ubigeo":"021404","nombre":"Carhuapampa"},"geometry":{"type":"Polygon","coordinates":[[[-77.17603,-10.4831],[-77.17105,-10.48711],[-77.16682,-10.50413],[-77.17083,-10.5173],[-77.1811,-10.52389],[-77.18059,-10.53331],[-77.18881,-10.54222],[-77.19099,-10.55213],[-77.19698,-10.55494],[-77.21406,-10.55436],[-77.22527,-10.54616],[-77.23677,-10.54481],[-77.24215,-10.54769],[-77.25187,-10.54524],[-77.26726,-10.55054],[-77.27082,-10.56061],[-77.28155,-10.54004],[-77.28176,-10.53481],[-77.26542,-10.51072],[-77.26513,-10.48855],[-77.26865,-10.47178],[-77.25985,-10.45166],[-77.26841,-10.44064],[-77.26312,-10.43537],[-77.2504,-10.44806],[-77.24173,-10.45344],[-77.22954,-10.45721],[-77.21528,-10.45819],[-77.20855,-10.45607],[-77.19642,-10.45709],[-77.18943,-10.46052],[-77.18459,-10.46743],[-77.18614,-10.4719],[-77.17603,-10.4831]]]}},{"type":"Feature","properties":{"ubigeo":"021405","nombre":"Cochas"},"geometry":{"type":"Polygon","coordinates":[[[-77.41976,-10.54289],[-77.42062,-10.56298],[-77.42392,-10.56757],[-77.42208,-10.57552],[-77.42544,-10.58501],[-77.42499,-10.60692],[-77.42227,-10.61091],[-77.41492,-10.60673],[-77.3982,-10.60486],[-77.38581,-10.61074],[-77.3613,-10.6113],[-77.34692,-10.60645],[-77.3673,-10.6383],[-77.38011,-10.63944],[-77.3889,-10.65765],[-77.39531,-10.66154],[-77.40163,-10.67605],[-77.40379,-10.69097],[-77.3948,-10.70182],[-77.38566,-10.70779],[-77.39439,-10.71678],[-77.41543,-10.72998],[-77.42506,-10.7297],[-77.43614,-10.72364],[-77.45265,-10.72893],[-77.45988,-10.73709],[-77.46496,-10.73629],[-77.47111,-10.74187],[-77.49496,-10.7461],[-77.50429,-10.73601],[-77.51228,-10.73395],[-77.52657,-10.73629],[-77.54293,-10.75084],[-77.5511,-10.75225],[-77.57371,-10.7747],[-77.59119,-10.78645],[-77.59207,-10.77522],[-77.58521,-10.76419],[-77.5888,-10.75768],[-77.58469,-10.74145],[-77.57717,-10.72857],[-77.57856,-10.72371],[-77.5757,-10.71689],[-77.56314,-10.70943],[-77.57454,-10.69431],[-77.57276,-10.68626],[-77.57419,-10.66269],[-77.57622,-10.65736],[-77.58923,-10.64558],[-77.58297,-10.63893],[-77.58266,-10.62185],[-77.57412,-10.61466],[-77.57326,-10.59292],[-77.57665,-10.58375],[-77.56794,-10.57184],[-77.55901,-10.56757],[-77.54513,-10.5652],[-77.53899,-10.55567],[-77.53226,-10.55612],[-77.52041,-10.56297],[-77.51231,-10.56071],[-77.49949,-10.56588],[-77.48981,-10.56037],[-77.48674,-10.55349],[-77.47194,-10.54629],[-77.4677,-10.53787],[-77.4597,-10.53277],[-77.45405,-10.5344],[-77.43654,-10.52857],[-77.42002,-10.52908],[-77.41976,-10.54289]]]}},{"type":"Feature","properties":{"ubigeo":"021406","nombre":"Congas"},"geometry":{"type":"Polygon","coordinates":[[[-77.42788,-10.36465],[-77.44074,-10.3633],[-77.44714,-10.36778],[-77.45776,-10.36697],[-77.45894,-10.37024],[-77.47162,-10.36454],[-77.47659,-10.35963],[-77.48148,-10.34623],[-77.48036,-10.32784],[-77.47798,-10.32429],[-77.47783,-10.3067],[-77.46629,-10.29561],[-77.46913,-10.28648],[-77.46252,-10.27566],[-77.44998,-10.27765],[-77.4388,-10.27303],[-77.42231,-10.27764],[-77.40941,-10.27751],[-77.40679,-10.27179],[-77.39915,-10.27205],[-77.36843,-10.28865],[-77.3595,-10.29203],[-77.36233,-10.30282],[-77.35945,-10.31271],[-77.37649,-10.33801],[-77.38547,-10.34671],[-77.38838,-10.35369],[-77.40435,-10.36481],[-77.42084,-10.35964],[-77.42788,-10.36465]]]}},{"type":"Feature","properties":{"ubigeo":"021407","nombre":"Llipa"},"geometry":{"type":"Polygon","coordinates":[[[-77.17347,-10.44534],[-77.17465,-10.43902],[-77.18479,-10.42605],[-77.19309,-10.40694],[-77.22107,-10.38288],[-77.23337,-10.38106],[-77.24618,-10.36888],[-77.24822,-10.36295],[-77.25691,-10.35781],[-77.25784,-10.35043],[-77.26941,-10.34094],[-77.2692,-10.32644],[-77.26113,-10.32428],[-77.25362,-10.33348],[-77.24166,-10.34109],[-77.22112,-10.3741],[-77.21006,-10.37306],[-77.19749,-10.37712],[-77.18607,-10.38512],[-77.17482,-10.38617],[-77.16646,-10.39095],[-77.17438,-10.405],[-77.17157,-10.41836],[-77.17191,-10.44275],[-77.17347,-10.44534]]]}},{"type":"Feature","properties":{"ubigeo":"021408","nombre":"San Cristóbal de Rajan"},"geometry":{"type":"Polygon","coordinates":[[[-77.18943,-10.46052],[-77.19642,-10.45709],[-77.20855,-10.45607],[-77.21528,-10.45819],[-77.22954,-10.45721],[-77.24173,-10.45344],[-77.2504,-10.44806],[-77.26312,-10.43537],[-77.25939,-10.43106],[-77.25756,-10.41736],[-77.26538,-10.40997],[-77.26135,-10.40269],[-77.26306,-10.3938],[-77.27266,-10.39078],[-77.28104,-10.38781],[-77.27219,-10.37135],[-77.25691,-10.35781],[-77.24822,-10.36295],[-77.24618,-10.36888],[-77.23337,-10.38106],[-77.22107,-10.38288],[-77.19309,-10.40694],[-77.18479,-10.42605],[-77.17465,-10.43902],[-77.17347,-10.44534],[-77.18932,-10.45793],[-77.18943,-10.46052]]]}},{"type":"Feature","properties":{"ubigeo":"021409","nombre":"San Pedro"},"geometry":{"type":"Polygon","coordinates":[[[-77.42788,-10.36465],[-77.43398,-10.38713],[-77.4305,-10.40369],[-77.43731,-10.41347],[-77.43687,-10.43373],[-77.44322,-10.43934],[-77.45016,-10.45471],[-77.4517,-10.47115],[-77.46008,-10.48578],[-77.45682,-10.49276],[-77.46438,-10.51833],[-77.4643,-10.52552],[-77.47017,-10.53468],[-77.4677,-10.53787],[-77.47194,-10.54629],[-77.48674,-10.55349],[-77.48981,-10.56037],[-77.49949,-10.56588],[-77.51231,-10.56071],[-77.52041,-10.56297],[-77.53226,-10.55612],[-77.53899,-10.55567],[-77.54513,-10.5652],[-77.55901,-10.56757],[-77.56794,-10.57184],[-77.57665,-10.58375],[-77.59599,-10.58541],[-77.60706,-10.59441],[-77.61794,-10.60011],[-77.61951,-10.61425],[-77.62847,-10.61121],[-77.63816,-10.6029],[-77.64534,-10.58286],[-77.63949,-10.57765],[-77.63821,-10.56303],[-77.63123,-10.56012],[-77.62107,-10.54816],[-77.61458,-10.54639],[-77.61287,-10.53818],[-77.61633,-10.52467],[-77.61224,-10.52098],[-77.59965,-10.51745],[-77.60132,-10.5093],[-77.61441,-10.50327],[-77.62023,-10.50571],[-77.62474,-10.50203],[-77.6353,-10.51629],[-77.64108,-10.51385],[-77.65139,-10.53013],[-77.6635,-10.53331],[-77.67017,-10.54098],[-77.67615,-10.53764],[-77.68778,-10.5373],[-77.7083,-10.54744],[-77.71008,-10.56017],[-77.71573,-10.55969],[-77.72756,-10.55271],[-77.73181,-10.56622],[-77.73634,-10.5684],[-77.74479,-10.56078],[-77.74646,-10.55154],[-77.74296,-10.54624],[-77.74462,-10.53227],[-77.73794,-10.52079],[-77.72188,-10.51189],[-77.72119,-10.50408],[-77.71189,-10.50507],[-77.70941,-10.5004],[-77.71241,-10.49165],[-77.70734,-10.48906],[-77.7012,-10.46858],[-77.69412,-10.46358],[-77.68739,-10.45197],[-77.68883,-10.43861],[-77.68392,-10.43139],[-77.67666,-10.43192],[-77.66578,-10.42712],[-77.66303,-10.41833],[-77.65474,-10.41724],[-77.6453,-10.40866],[-77.63456,-10.41227],[-77.62323,-10.40546],[-77.59937,-10.38333],[-77.5802,-10.38852],[-77.56947,-10.38674],[-77.56108,-10.39018],[-77.53489,-10.38641],[-77.52364,-10.3874],[-77.51649,-10.37045],[-77.51684,-10.36437],[-77.50367,-10.35806],[-77.50018,-10.34779],[-77.48966,-10.34428],[-77.48148,-10.34623],[-77.47659,-10.35963],[-77.47162,-10.36454],[-77.45894,-10.37024],[-77.45776,-10.36697],[-77.44714,-10.36778],[-77.44074,-10.3633],[-77.42788,-10.36465]]]}},{"type":"Feature","properties":{"ubigeo":"021410","nombre":"Santiago de Chilcas"},"geometry":{"type":"Polygon","coordinates":[[[-77.27266,-10.39078],[-77.26956,-10.3981],[-77.27994,-10.41269],[-77.28517,-10.41622],[-77.29846,-10.41848],[-77.30481,-10.42496],[-77.3182,-10.43205],[-77.31938,-10.43575],[-77.33097,-10.43932],[-77.33438,-10.44875],[-77.34428,-10.45749],[-77.3649,-10.469],[-77.37617,-10.47882],[-77.38455,-10.47807],[-77.40409,-10.48736],[-77.41227,-10.5],[-77.41249,-10.51824],[-77.4091,-10.52994],[-77.41976,-10.54289],[-77.42002,-10.52908],[-77.42341,-10.50396],[-77.42812,-10.49252],[-77.42021,-10.48924],[-77.42175,-10.47979],[-77.41845,-10.47433],[-77.41983,-10.46353],[-77.41793,-10.45488],[-77.39887,-10.43198],[-77.39788,-10.42412],[-77.38313,-10.41479],[-77.37144,-10.41564],[-77.35305,-10.41211],[-77.34727,-10.41328],[-77.3385,-10.4091],[-77.33383,-10.3966],[-77.31966,-10.38954],[-77.31412,-10.38439],[-77.29494,-10.38475],[-77.28104,-10.38781],[-77.27266,-10.39078]]]}},{"type":"Feature","properties":{"ubigeo":"021501","nombre":"Cabana"},"geometry":{"type":"Polygon","coordinates":[[[-77.87438,-8.36903],[-77.86836,-8.38476],[-77.86073,-8.39337],[-77.87689,-8.39809],[-77.87714,-8.40932],[-77.88197,-8.43042],[-77.88064,-8.43981],[-77.88594,-8.44282],[-77.89753,-8.44057],[-77.90703,-8.4528],[-77.91631,-8.45798],[-77.93392,-8.44929],[-77.9621,-8.44514],[-77.96851,-8.43969],[-77.98271,-8.44323],[-78.00036,-8.42992],[-78.00616,-8.4207],[-78.00675,-8.41105],[-78.0151,-8.41264],[-78.02336,-8.40859],[-78.03816,-8.41721],[-78.04764,-8.41556],[-78.05098,-8.41029],[-78.05203,-8.39562],[-78.06105,-8.39393],[-78.07569,-8.38676],[-78.06746,-8.37585],[-78.05919,-8.3697],[-78.03773,-8.367],[-78.03076,-8.36161],[-78.01979,-8.36452],[-78.00453,-8.36375],[-77.99129,-8.36698],[-77.97452,-8.38528],[-77.96955,-8.37854],[-77.95646,-8.37265],[-77.94453,-8.37031],[-77.92814,-8.37862],[-77.91792,-8.37618],[-77.9134,-8.38099],[-77.89893,-8.3703],[-77.88233,-8.37085],[-77.87438,-8.36903]]]}},{"type":"Feature","properties":{"ubigeo":"021502","nombre":"Bolognesi"},"geometry":{"type":"Polygon","coordinates":[[[-77.99129,-8.36698],[-78.00453,-8.36375],[-78.01979,-8.36452],[-78.03076,-8.36161],[-78.03773,-8.367],[-78.05919,-8.3697],[-78.06746,-8.37585],[-78.07569,-8.38676],[-78.08856,-8.38368],[-78.09916,-8.37562],[-78.13551,-8.36717],[-78.12247,-8.36008],[-78.11494,-8.35074],[-78.11439,-8.34376],[-78.10854,-8.3359],[-78.11496,-8.32273],[-78.12064,-8.31869],[-78.11644,-8.31069],[-78.10223,-8.30538],[-78.09487,-8.2954],[-78.07304,-8.30482],[-78.06297,-8.31274],[-78.0407,-8.30979],[-78.02933,-8.31663],[-78.03158,-8.32429],[-78.02485,-8.33388],[-78.01336,-8.33723],[-77.99129,-8.36698]]]}},{"type":"Feature","properties":{"ubigeo":"021503","nombre":"Conchucos"},"geometry":{"type":"Polygon","coordinates":[[[-77.65974,-8.30804],[-77.66629,-8.31203],[-77.67602,-8.31153],[-77.6867,-8.30428],[-77.69262,-8.30412],[-77.70568,-8.30938],[-77.70774,-8.31579],[-77.72315,-8.3309],[-77.71946,-8.33931],[-77.7358,-8.34551],[-77.74286,-8.35548],[-77.74138,-8.35958],[-77.75347,-8.36504],[-77.75895,-8.36354],[-77.76147,-8.36944],[-77.77096,-8.36973],[-77.78456,-8.37789],[-77.79886,-8.38119],[-77.80209,-8.37903],[-77.80926,-8.38528],[-77.81738,-8.38577],[-77.83638,-8.3923],[-77.85353,-8.40331],[-77.86073,-8.39337],[-77.86836,-8.38476],[-77.87438,-8.36903],[-77.87268,-8.36113],[-77.88355,-8.34528],[-77.88718,-8.33237],[-77.89788,-8.32279],[-77.87762,-8.31234],[-77.8673,-8.28679],[-77.86294,-8.28684],[-77.85297,-8.26927],[-77.86062,-8.26913],[-77.86378,-8.26246],[-77.86195,-8.24302],[-77.8576,-8.23296],[-77.8431,-8.23108],[-77.83267,-8.21455],[-77.82144,-8.20821],[-77.81682,-8.19848],[-77.80563,-8.19963],[-77.80255,-8.20705],[-77.78972,-8.2051],[-77.7826,-8.20018],[-77.76189,-8.20875],[-77.74756,-8.19581],[-77.75191,-8.17801],[-77.75707,-8.17255],[-77.7466,-8.16285],[-77.73545,-8.16884],[-77.73105,-8.16743],[-77.71919,-8.17259],[-77.71071,-8.16911],[-77.70647,-8.16149],[-77.69241,-8.15799],[-77.67998,-8.14437],[-77.67513,-8.13521],[-77.66516,-8.138],[-77.64777,-8.13423],[-77.63879,-8.12365],[-77.62453,-8.1175],[-77.61595,-8.13146],[-77.60338,-8.13476],[-77.60149,-8.13849],[-77.60787,-8.14678],[-77.60319,-8.15718],[-77.59435,-8.16252],[-77.57541,-8.16815],[-77.5708,-8.17313],[-77.56454,-8.18737],[-77.55729,-8.19373],[-77.57079,-8.20726],[-77.57332,-8.21249],[-77.57534,-8.23006],[-77.56571,-8.23739],[-77.56541,-8.24455],[-77.57034,-8.25518],[-77.58202,-8.26213],[-77.58773,-8.26062],[-77.61149,-8.26852],[-77.62691,-8.26707],[-77.63563,-8.26921],[-77.64334,-8.28869],[-77.65997,-8.30237],[-77.65974,-8.30804]]]}},{"type":"Feature","properties":{"ubigeo":"021504","nombre":"Huacaschuque"},"geometry":{"type":"Polygon","coordinates":[[[-78.0158,-8.32212],[-78.01232,-8.32045],[-78.0129,-8.30178],[-78.00978,-8.29397],[-78.00144,-8.2934],[-77.98718,-8.28401],[-77.97154,-8.28688],[-77.96494,-8.286],[-77.97988,-8.30567],[-77.97937,-8.31911],[-77.98907,-8.32013],[-77.99299,-8.31691],[-78.00045,-8.32003],[-78.0158,-8.32212]]]}},{"type":"Feature","properties":{"ubigeo":"021505","nombre":"Huandoval"},"geometry":{"type":"Polygon","coordinates":[[[-77.87438,-8.36903],[-77.88233,-8.37085],[-77.89893,-8.3703],[-77.9134,-8.38099],[-77.91792,-8.37618],[-77.92814,-8.37862],[-77.94453,-8.37031],[-77.95646,-8.37265],[-77.96955,-8.37854],[-77.97452,-8.38528],[-77.99129,-8.36698],[-78.01336,-8.33723],[-78.02485,-8.33388],[-78.03158,-8.32429],[-78.02933,-8.31663],[-78.0158,-8.32212],[-78.00045,-8.32003],[-77.99299,-8.31691],[-77.98907,-8.32013],[-77.97937,-8.31911],[-77.97988,-8.30567],[-77.96494,-8.286],[-77.95388,-8.28146],[-77.95064,-8.28425],[-77.9453,-8.27233],[-77.93583,-8.27492],[-77.92356,-8.28847],[-77.91614,-8.28717],[-77.90854,-8.29064],[-77.91294,-8.30223],[-77.90609,-8.30433],[-77.89788,-8.32279],[-77.88718,-8.33237],[-77.88355,-8.34528],[-77.87268,-8.36113],[-77.87438,-8.36903]]]}},{"type":"Feature","properties":{"ubigeo":"021506","nombre":"Lacabamba"},"geometry":{"type":"Polygon","coordinates":[[[-77.89788,-8.32279],[-77.90609,-8.30433],[-77.91294,-8.30223],[-77.90854,-8.29064],[-77.91614,-8.28717],[-77.92356,-8.28847],[-77.93583,-8.27492],[-77.9453,-8.27233],[-77.94595,-8.26023],[-77.94304,-8.25316],[-77.94301,-8.22052],[-77.9406,-8.20959],[-77.94263,-8.20139],[-77.92777,-8.21053],[-77.91582,-8.23494],[-77.91011,-8.23698],[-77.90554,-8.22893],[-77.89149,-8.23357],[-77.88577,-8.24254],[-77.88267,-8.25493],[-77.87063,-8.26515],[-77.86062,-8.26913],[-77.85297,-8.26927],[-77.86294,-8.28684],[-77.8673,-8.28679],[-77.87762,-8.31234],[-77.89788,-8.32279]]]}},{"type":"Feature","properties":{"ubigeo":"021507","nombre":"Llapo"},"geometry":{"type":"Polygon","coordinates":[[[-77.9928,-8.53241],[-78.00237,-8.53711],[-78.01837,-8.53854],[-78.03718,-8.53364],[-78.04812,-8.5258],[-78.05636,-8.5257],[-78.06963,-8.51665],[-78.06357,-8.49487],[-78.05649,-8.49338],[-78.04413,-8.49535],[-78.02981,-8.48929],[-78.02081,-8.49792],[-78.0195,-8.50759],[-78.00831,-8.51551],[-77.98381,-8.51344],[-77.98345,-8.5177],[-77.9928,-8.53241]]]}},{"type":"Feature","properties":{"ubigeo":"021508","nombre":"Pallasca"},"geometry":{"type":"Polygon","coordinates":[[[-77.96494,-8.286],[-77.97154,-8.28688],[-77.98718,-8.28401],[-78.00144,-8.2934],[-78.00978,-8.29397],[-78.0129,-8.30178],[-78.01232,-8.32045],[-78.0158,-8.32212],[-78.02933,-8.31663],[-78.0407,-8.30979],[-78.06297,-8.31274],[-78.07304,-8.30482],[-78.09487,-8.2954],[-78.09048,-8.29444],[-78.08198,-8.28109],[-78.07365,-8.28162],[-78.06646,-8.27759],[-78.06525,-8.27148],[-78.05823,-8.26881],[-78.04551,-8.25787],[-78.03489,-8.25392],[-78.03431,-8.24543],[-78.02851,-8.2383],[-78.01863,-8.22432],[-77.98233,-8.21537],[-77.97955,-8.2112],[-77.9574,-8.20827],[-77.94263,-8.20139],[-77.9406,-8.20959],[-77.94301,-8.22052],[-77.94304,-8.25316],[-77.94595,-8.26023],[-77.9453,-8.27233],[-77.95064,-8.28425],[-77.95388,-8.28146],[-77.96494,-8.286]]]}},{"type":"Feature","properties":{"ubigeo":"021509","nombre":"Pampas"},"geometry":{"type":"Polygon","coordinates":[[[-77.62453,-8.1175],[-77.63879,-8.12365],[-77.64777,-8.13423],[-77.66516,-8.138],[-77.67513,-8.13521],[-77.67998,-8.14437],[-77.69241,-8.15799],[-77.70647,-8.16149],[-77.71071,-8.16911],[-77.71919,-8.17259],[-77.73105,-8.16743],[-77.73545,-8.16884],[-77.7466,-8.16285],[-77.75707,-8.17255],[-77.75191,-8.17801],[-77.74756,-8.19581],[-77.76189,-8.20875],[-77.7826,-8.20018],[-77.78972,-8.2051],[-77.80255,-8.20705],[-77.80563,-8.19963],[-77.81682,-8.19848],[-77.82144,-8.20821],[-77.83267,-8.21455],[-77.8431,-8.23108],[-77.8576,-8.23296],[-77.86195,-8.24302],[-77.86378,-8.26246],[-77.86062,-8.26913],[-77.87063,-8.26515],[-77.88267,-8.25493],[-77.88577,-8.24254],[-77.89149,-8.23357],[-77.90554,-8.22893],[-77.91011,-8.23698],[-77.91582,-8.23494],[-77.92777,-8.21053],[-77.94263,-8.20139],[-77.93411,-8.19419],[-77.92655,-8.15714],[-77.92037,-8.14726],[-77.91843,-8.13395],[-77.9142,-8.12144],[-77.91075,-8.11967],[-77.90446,-8.10455],[-77.90543,-8.09492],[-77.89792,-8.07411],[-77.89694,-8.06323],[-77.88352,-8.06371],[-77.86948,-8.05596],[-77.86556,-8.05708],[-77.85221,-8.07478],[-77.83328,-8.07574],[-77.82445,-8.06974],[-77.81044,-8.06774],[-77.7958,-8.07102],[-77.7917,-8.07765],[-77.78578,-8.0792],[-77.76105,-8.07523],[-77.75023,-8.0772],[-77.74339,-8.07018],[-77.73618,-8.07264],[-77.71839,-8.07347],[-77.69137,-8.06052],[-77.68468,-8.063],[-77.66595,-8.05817],[-77.64741,-8.04971],[-77.64688,-8.0615],[-77.64273,-8.06722],[-77.6233,-8.07353],[-77.61883,-8.07983],[-77.6254,-8.09447],[-77.63652,-8.10619],[-77.63138,-8.11426],[-77.62453,-8.1175]]]}},{"type":"Feature","properties":{"ubigeo":"021510","nombre":"Santa Rosa"},"geometry":{"type":"Polygon","coordinates":[[[-78.01837,-8.53854],[-78.03223,-8.54426],[-78.03735,-8.55475],[-78.04437,-8.55588],[-78.05182,-8.56356],[-78.05701,-8.56141],[-78.06817,-8.56418],[-78.07987,-8.57143],[-78.07852,-8.57962],[-78.0858,-8.58626],[-78.09457,-8.5894],[-78.09409,-8.59574],[-78.10413,-8.59738],[-78.12178,-8.59621],[-78.12812,-8.60329],[-78.13049,-8.61714],[-78.12482,-8.62636],[-78.11548,-8.64854],[-78.1058,-8.65982],[-78.11388,-8.66185],[-78.13396,-8.67322],[-78.14025,-8.67338],[-78.14648,-8.66832],[-78.15821,-8.67529],[-78.15724,-8.68626],[-78.16371,-8.69447],[-78.16851,-8.6928],[-78.18471,-8.69402],[-78.19446,-8.68792],[-78.1944,-8.67364],[-78.20407,-8.66001],[-78.21477,-8.6626],[-78.23227,-8.65804],[-78.23557,-8.65292],[-78.22835,-8.64479],[-78.20715,-8.6327],[-78.20051,-8.62251],[-78.20252,-8.61689],[-78.19362,-8.59968],[-78.2019,-8.57389],[-78.20793,-8.56609],[-78.21515,-8.56571],[-78.2169,-8.55799],[-78.2026,-8.52607],[-78.19035,-8.51447],[-78.18728,-8.50796],[-78.17981,-8.50856],[-78.17245,-8.50161],[-78.15808,-8.49306],[-78.14483,-8.48993],[-78.13312,-8.47051],[-78.12217,-8.46454],[-78.10924,-8.46175],[-78.09031,-8.45201],[-78.07968,-8.4506],[-78.07613,-8.46536],[-78.07069,-8.47221],[-78.07259,-8.48333],[-78.06357,-8.49487],[-78.06963,-8.51665],[-78.05636,-8.5257],[-78.04812,-8.5258],[-78.03718,-8.53364],[-78.01837,-8.53854]]]}},{"type":"Feature","properties":{"ubigeo":"021511","nombre":"Tauca"},"geometry":{"type":"Polygon","coordinates":[[[-77.93392,-8.44929],[-77.93618,-8.46159],[-77.94896,-8.48083],[-77.96554,-8.4807],[-77.97594,-8.47577],[-77.96824,-8.49231],[-77.96832,-8.50408],[-77.97608,-8.50629],[-77.98381,-8.51344],[-78.00831,-8.51551],[-78.0195,-8.50759],[-78.02081,-8.49792],[-78.02981,-8.48929],[-78.04413,-8.49535],[-78.05649,-8.49338],[-78.06357,-8.49487],[-78.07259,-8.48333],[-78.07069,-8.47221],[-78.07613,-8.46536],[-78.07968,-8.4506],[-78.09031,-8.45201],[-78.10924,-8.46175],[-78.12217,-8.46454],[-78.13312,-8.47051],[-78.14483,-8.48993],[-78.15808,-8.49306],[-78.17245,-8.50161],[-78.17041,-8.49204],[-78.1573,-8.47819],[-78.15674,-8.46357],[-78.13947,-8.42783],[-78.14061,-8.41413],[-78.13464,-8.39305],[-78.13923,-8.39016],[-78.13551,-8.36717],[-78.09916,-8.37562],[-78.08856,-8.38368],[-78.07569,-8.38676],[-78.06105,-8.39393],[-78.05203,-8.39562],[-78.05098,-8.41029],[-78.04764,-8.41556],[-78.03816,-8.41721],[-78.02336,-8.40859],[-78.0151,-8.41264],[-78.00675,-8.41105],[-78.00616,-8.4207],[-78.00036,-8.42992],[-77.98271,-8.44323],[-77.96851,-8.43969],[-77.9621,-8.44514],[-77.93392,-8.44929]]]}},{"type":"Feature","properties":{"ubigeo":"021601","nombre":"Pomabamba"},"geometry":{"type":"Polygon","coordinates":[[[-77.395,-8.7701],[-77.38956,-8.77617],[-77.39264,-8.77743],[-77.40054,-8.79534],[-77.4157,-8.80694],[-77.43131,-8.80908],[-77.43793,-8.8135],[-77.43817,-8.82464],[-77.44713,-8.83832],[-77.44004,-8.84702],[-77.44813,-8.85243],[-77.45989,-8.86465],[-77.47459,-8.87258],[-77.49703,-8.87071],[-77.5131,-8.88242],[-77.52195,-8.88451],[-77.53023,-8.87794],[-77.53947,-8.87704],[-77.56415,-8.88235],[-77.56614,-8.88713],[-77.57778,-8.89377],[-77.58782,-8.88738],[-77.60463,-8.88671],[-77.60444,-8.87795],[-77.60829,-8.87223],[-77.60116,-8.87078],[-77.5951,-8.85541],[-77.59452,-8.84408],[-77.59762,-8.83377],[-77.58105,-8.81833],[-77.58043,-8.81125],[-77.58874,-8.80045],[-77.58974,-8.79229],[-77.58474,-8.78345],[-77.58696,-8.77803],[-77.5812,-8.77112],[-77.5897,-8.76401],[-77.59274,-8.75767],[-77.58278,-8.74973],[-77.58596,-8.74059],[-77.57198,-8.72852],[-77.56216,-8.7278],[-77.55616,-8.71966],[-77.5453,-8.71148],[-77.53868,-8.70175],[-77.52289,-8.69541],[-77.52033,-8.69785],[-77.50608,-8.69458],[-77.49648,-8.69702],[-77.49353,-8.68824],[-77.48601,-8.68343],[-77.47369,-8.6901],[-77.4646,-8.68941],[-77.45285,-8.69997],[-77.44491,-8.71796],[-77.43892,-8.72254],[-77.43088,-8.73446],[-77.4334,-8.7419],[-77.42787,-8.75133],[-77.41899,-8.75423],[-77.41307,-8.74863],[-77.40277,-8.74528],[-77.396,-8.75776],[-77.39873,-8.7683],[-77.395,-8.7701]]]}},{"type":"Feature","properties":{"ubigeo":"021602","nombre":"Huayllan"},"geometry":{"type":"Polygon","coordinates":[[[-77.3678,-8.90856],[-77.37531,-8.912],[-77.38847,-8.9049],[-77.39622,-8.90564],[-77.40557,-8.91318],[-77.43057,-8.9117],[-77.43786,-8.9142],[-77.4472,-8.90888],[-77.47096,-8.91182],[-77.47432,-8.90775],[-77.48758,-8.90609],[-77.50611,-8.9206],[-77.51626,-8.923],[-77.52282,-8.91742],[-77.52551,-8.90508],[-77.53845,-8.90079],[-77.55188,-8.9051],[-77.56345,-8.90337],[-77.57427,-8.90044],[-77.57778,-8.89377],[-77.56614,-8.88713],[-77.56415,-8.88235],[-77.53947,-8.87704],[-77.53023,-8.87794],[-77.52195,-8.88451],[-77.5131,-8.88242],[-77.49703,-8.87071],[-77.47459,-8.87258],[-77.45989,-8.86465],[-77.44813,-8.85243],[-77.44004,-8.84702],[-77.42376,-8.85574],[-77.42,-8.86179],[-77.40279,-8.87251],[-77.38836,-8.88601],[-77.38758,-8.89069],[-77.3678,-8.90856]]]}},{"type":"Feature","properties":{"ubigeo":"021603","nombre":"Parobamba"},"geometry":{"type":"Polygon","coordinates":[[[-77.2873,-8.64269],[-77.28955,-8.64998],[-77.3174,-8.66603],[-77.33614,-8.65877],[-77.34169,-8.65869],[-77.35255,-8.66449],[-77.38282,-8.66844],[-77.39802,-8.67776],[-77.40964,-8.68905],[-77.4164,-8.70528],[-77.42442,-8.71368],[-77.43054,-8.71518],[-77.43892,-8.72254],[-77.44491,-8.71796],[-77.45285,-8.69997],[-77.4646,-8.68941],[-77.47369,-8.6901],[-77.48601,-8.68343],[-77.49657,-8.6746],[-77.50296,-8.66579],[-77.50507,-8.65124],[-77.50126,-8.64006],[-77.50371,-8.62902],[-77.50156,-8.61436],[-77.49656,-8.60736],[-77.48992,-8.59067],[-77.47573,-8.57624],[-77.46432,-8.58057],[-77.44603,-8.57085],[-77.44137,-8.5611],[-77.43117,-8.54875],[-77.41008,-8.5354],[-77.4002,-8.52668],[-77.39177,-8.52673],[-77.37291,-8.51462],[-77.36602,-8.50709],[-77.34735,-8.51793],[-77.3371,-8.53145],[-77.31749,-8.53015],[-77.31343,-8.52988],[-77.31137,-8.53865],[-77.31541,-8.54375],[-77.30501,-8.56544],[-77.29671,-8.57002],[-77.29715,-8.5784],[-77.28903,-8.5893],[-77.29485,-8.63293],[-77.2873,-8.64269]]]}},{"type":"Feature","properties":{"ubigeo":"021604","nombre":"Quinuabamba"},"geometry":{"type":"Polygon","coordinates":[[[-77.395,-8.7701],[-77.39873,-8.7683],[-77.396,-8.75776],[-77.40277,-8.74528],[-77.41307,-8.74863],[-77.41899,-8.75423],[-77.42787,-8.75133],[-77.4334,-8.7419],[-77.43088,-8.73446],[-77.43892,-8.72254],[-77.43054,-8.71518],[-77.42442,-8.71368],[-77.4164,-8.70528],[-77.40964,-8.68905],[-77.39802,-8.67776],[-77.38282,-8.66844],[-77.35255,-8.66449],[-77.34169,-8.65869],[-77.33614,-8.65877],[-77.3174,-8.66603],[-77.28955,-8.64998],[-77.2873,-8.64269],[-77.26926,-8.64453],[-77.2606,-8.64852],[-77.25857,-8.65646],[-77.26163,-8.66447],[-77.25172,-8.68339],[-77.25136,-8.6975],[-77.24629,-8.70235],[-77.24736,-8.71276],[-77.26334,-8.71388],[-77.27431,-8.70372],[-77.27977,-8.70282],[-77.3024,-8.71804],[-77.30936,-8.72726],[-77.32053,-8.73197],[-77.3258,-8.7301],[-77.33692,-8.73735],[-77.34644,-8.73972],[-77.37103,-8.75628],[-77.38677,-8.76348],[-77.395,-8.7701]]]}},{"type":"Feature","properties":{"ubigeo":"021701","nombre":"Recuay"},"geometry":{"type":"Polygon","coordinates":[[[-77.52528,-9.76553],[-77.52987,-9.76402],[-77.53625,-9.73787],[-77.53054,-9.73489],[-77.52508,-9.72648],[-77.52094,-9.71035],[-77.52598,-9.70148],[-77.5256,-9.6896],[-77.51021,-9.66816],[-77.5031,-9.6627],[-77.49265,-9.6656],[-77.48412,-9.6616],[-77.4795,-9.67122],[-77.47169,-9.6722],[-77.46433,-9.66684],[-77.44949,-9.66909],[-77.44073,-9.67751],[-77.43262,-9.67335],[-77.42438,-9.67972],[-77.41114,-9.67832],[-77.39977,-9.67253],[-77.37252,-9.66959],[-77.35832,-9.67115],[-77.34372,-9.66572],[-77.3314,-9.66754],[-77.32692,-9.67893],[-77.33776,-9.68203],[-77.34189,-9.69434],[-77.34061,-9.7039],[-77.34587,-9.70918],[-77.35936,-9.71174],[-77.36778,-9.72038],[-77.38318,-9.7108],[-77.39486,-9.71765],[-77.40062,-9.72523],[-77.41321,-9.73528],[-77.43627,-9.73708],[-77.44709,-9.73579],[-77.47664,-9.74854],[-77.48905,-9.76465],[-77.49432,-9.76517],[-77.50192,-9.75926],[-77.51328,-9.75701],[-77.52528,-9.76553]]]}},{"type":"Feature","properties":{"ubigeo":"021702","nombre":"Catac"},"geometry":{"type":"Polygon","coordinates":[[[-77.20156,-10.09217],[-77.20792,-10.10536],[-77.21012,-10.11516],[-77.20475,-10.12603],[-77.21277,-10.13371],[-77.23204,-10.13346],[-77.24949,-10.13651],[-77.25764,-10.14767],[-77.26845,-10.15414],[-77.27567,-10.15463],[-77.28045,-10.16031],[-77.28367,-10.15421],[-77.29908,-10.13841],[-77.31061,-10.13462],[-77.31998,-10.12738],[-77.32507,-10.1097],[-77.32431,-10.1009],[-77.33991,-10.08253],[-77.34131,-10.07241],[-77.34681,-10.06009],[-77.3542,-10.05765],[-77.3554,-10.02632],[-77.35769,-10.02116],[-77.37121,-10.01393],[-77.3852,-10.01142],[-77.39124,-10.00547],[-77.40951,-9.9979],[-77.41483,-9.98936],[-77.42554,-9.98125],[-77.43414,-9.96801],[-77.44359,-9.95318],[-77.45468,-9.93977],[-77.45908,-9.93452],[-77.45609,-9.92658],[-77.46005,-9.92009],[-77.46016,-9.90549],[-77.46469,-9.89318],[-77.47368,-9.88527],[-77.47235,-9.87658],[-77.4789,-9.87377],[-77.47906,-9.86143],[-77.48427,-9.85471],[-77.48504,-9.83883],[-77.49428,-9.83752],[-77.48895,-9.81984],[-77.47937,-9.81729],[-77.47402,-9.80813],[-77.47317,-9.79848],[-77.45944,-9.78858],[-77.44045,-9.78234],[-77.43858,-9.77458],[-77.42858,-9.77683],[-77.40965,-9.77241],[-77.39711,-9.77323],[-77.38109,-9.77928],[-77.37613,-9.76387],[-77.36133,-9.74545],[-77.34079,-9.73813],[-77.32358,-9.71562],[-77.30464,-9.71125],[-77.28309,-9.70184],[-77.25991,-9.69602],[-77.25144,-9.68863],[-77.24301,-9.70108],[-77.2316,-9.70523],[-77.22777,-9.71339],[-77.23598,-9.72501],[-77.23044,-9.73706],[-77.23079,-9.74749],[-77.23766,-9.75583],[-77.24558,-9.77383],[-77.2393,-9.7804],[-77.23881,-9.78772],[-77.24385,-9.80573],[-77.22572,-9.80664],[-77.21694,-9.82393],[-77.20659,-9.82121],[-77.20282,-9.8311],[-77.18713,-9.83621],[-77.18902,-9.84752],[-77.1829,-9.86706],[-77.18245,-9.88376],[-77.1787,-9.88816],[-77.17392,-9.90547],[-77.17379,-9.91313],[-77.18905,-9.92949],[-77.19875,-9.92427],[-77.20565,-9.92565],[-77.21788,-9.91921],[-77.22016,-9.92455],[-77.21517,-9.93486],[-77.21606,-9.94297],[-77.22344,-9.95199],[-77.21073,-9.95875],[-77.2056,-9.96703],[-77.2126,-9.98496],[-77.20955,-9.99385],[-77.21157,-10.00343],[-77.21881,-10.01376],[-77.21412,-10.02373],[-77.22069,-10.03074],[-77.22391,-10.03941],[-77.21295,-10.04941],[-77.20793,-10.06153],[-77.20894,-10.07069],[-77.2155,-10.07924],[-77.21624,-10.0868],[-77.20156,-10.09217]]]}},{"type":"Feature","properties":{"ubigeo":"021703","nombre":"Cotaparaco"},"geometry":{"type":"Polygon","coordinates":[[[-77.45468,-9.93977],[-77.46371,-9.94959],[-77.47022,-9.94934],[-77.47914,-9.94134],[-77.48866,-9.94283],[-77.49773,-9.96099],[-77.50629,-9.96638],[-77.51572,-9.97899],[-77.52708,-9.98069],[-77.53338,-9.98928],[-77.54325,-9.99274],[-77.55381,-9.98685],[-77.55812,-9.9939],[-77.56706,-9.99651],[-77.58325,-9.99532],[-77.59019,-10.00396],[-77.61081,-10.01803],[-77.61552,-10.02471],[-77.62099,-10.02531],[-77.63141,-10.02202],[-77.63044,-10.00377],[-77.62023,-9.97706],[-77.61143,-9.97391],[-77.60817,-9.95014],[-77.59819,-9.94217],[-77.59807,-9.93736],[-77.59136,-9.92629],[-77.5858,-9.92343],[-77.57889,-9.90987],[-77.55807,-9.89363],[-77.55032,-9.87846],[-77.55249,-9.87218],[-77.54628,-9.86993],[-77.53773,-9.86127],[-77.52479,-9.86771],[-77.5099,-9.86584],[-77.50378,-9.87412],[-77.49106,-9.8707],[-77.4789,-9.87377],[-77.47235,-9.87658],[-77.47368,-9.88527],[-77.46469,-9.89318],[-77.46016,-9.90549],[-77.46005,-9.92009],[-77.45609,-9.92658],[-77.45908,-9.93452],[-77.45468,-9.93977]]]}},{"type":"Feature","properties":{"ubigeo":"021704","nombre":"Huayllapampa"},"geometry":{"type":"Polygon","coordinates":[[[-77.43414,-9.96801],[-77.44115,-9.97224],[-77.44966,-9.97235],[-77.45526,-9.97628],[-77.45585,-9.98686],[-77.46917,-10.00085],[-77.46655,-10.00767],[-77.47375,-10.02775],[-77.48266,-10.06434],[-77.49352,-10.06748],[-77.49688,-10.0747],[-77.50729,-10.08437],[-77.51258,-10.09988],[-77.51829,-10.10503],[-77.51629,-10.11717],[-77.531,-10.13597],[-77.53387,-10.14226],[-77.53907,-10.16798],[-77.54605,-10.17536],[-77.54821,-10.18055],[-77.55214,-10.17572],[-77.54614,-10.16176],[-77.55637,-10.15415],[-77.55485,-10.1448],[-77.54605,-10.13045],[-77.55411,-10.11584],[-77.56293,-10.10996],[-77.564,-10.09314],[-77.5618,-10.0704],[-77.56461,-10.06659],[-77.56268,-10.05362],[-77.56442,-10.04807],[-77.5524,-10.0404],[-77.53674,-10.0413],[-77.52945,-10.02819],[-77.52185,-10.01978],[-77.49105,-9.99282],[-77.48537,-9.9815],[-77.47523,-9.97167],[-77.46272,-9.9658],[-77.45231,-9.95609],[-77.44359,-9.95318],[-77.43414,-9.96801]]]}},{"type":"Feature","properties":{"ubigeo":"021705","nombre":"Llacllin"},"geometry":{"type":"Polygon","coordinates":[[[-77.54821,-10.18055],[-77.55465,-10.18846],[-77.55455,-10.20195],[-77.55793,-10.20597],[-77.56123,-10.23101],[-77.5677,-10.23615],[-77.57161,-10.2347],[-77.57567,-10.22295],[-77.57542,-10.19638],[-77.582,-10.18797],[-77.57452,-10.1849],[-77.57475,-10.17387],[-77.56686,-10.16531],[-77.5744,-10.14321],[-77.58148,-10.13122],[-77.59072,-10.12234],[-77.60035,-10.11881],[-77.61446,-10.10556],[-77.63079,-10.09947],[-77.64259,-10.08665],[-77.64603,-10.07516],[-77.6425,-10.07041],[-77.63831,-10.05182],[-77.62695,-10.04471],[-77.61085,-10.04462],[-77.58673,-10.04216],[-77.5745,-10.03691],[-77.56442,-10.04807],[-77.56268,-10.05362],[-77.56461,-10.06659],[-77.5618,-10.0704],[-77.564,-10.09314],[-77.56293,-10.10996],[-77.55411,-10.11584],[-77.54605,-10.13045],[-77.55485,-10.1448],[-77.55637,-10.15415],[-77.54614,-10.16176],[-77.55214,-10.17572],[-77.54821,-10.18055]]]}},{"type":"Feature","properties":{"ubigeo":"021706","nombre":"Marca"},"geometry":{"type":"Polygon","coordinates":[[[-77.44423,-10.14718],[-77.45867,-10.15616],[-77.47091,-10.15545],[-77.49408,-10.15323],[-77.50557,-10.14574],[-77.51701,-10.14834],[-77.5161,-10.152],[-77.52438,-10.15886],[-77.53402,-10.17345],[-77.54605,-10.17536],[-77.53907,-10.16798],[-77.53387,-10.14226],[-77.531,-10.13597],[-77.51629,-10.11717],[-77.51829,-10.10503],[-77.51258,-10.09988],[-77.50729,-10.08437],[-77.49688,-10.0747],[-77.49352,-10.06748],[-77.48266,-10.06434],[-77.47375,-10.02775],[-77.46655,-10.00767],[-77.46917,-10.00085],[-77.45585,-9.98686],[-77.45526,-9.97628],[-77.44966,-9.97235],[-77.44115,-9.97224],[-77.43414,-9.96801],[-77.42554,-9.98125],[-77.41483,-9.98936],[-77.40951,-9.9979],[-77.39124,-10.00547],[-77.3852,-10.01142],[-77.39056,-10.03502],[-77.3984,-10.04716],[-77.39621,-10.05327],[-77.4049,-10.06534],[-77.41099,-10.06819],[-77.4049,-10.07639],[-77.40118,-10.08749],[-77.40775,-10.0939],[-77.40905,-10.10793],[-77.42237,-10.12262],[-77.43887,-10.13128],[-77.44423,-10.14718]]]}},{"type":"Feature","properties":{"ubigeo":"021707","nombre":"Pampas Chico"},"geometry":{"type":"Polygon","coordinates":[[[-77.44423,-10.14718],[-77.43887,-10.13128],[-77.42237,-10.12262],[-77.40905,-10.10793],[-77.40775,-10.0939],[-77.40118,-10.08749],[-77.4049,-10.07639],[-77.41099,-10.06819],[-77.4049,-10.06534],[-77.39621,-10.05327],[-77.3984,-10.04716],[-77.39056,-10.03502],[-77.3852,-10.01142],[-77.37121,-10.01393],[-77.35769,-10.02116],[-77.3554,-10.02632],[-77.3542,-10.05765],[-77.34681,-10.06009],[-77.34131,-10.07241],[-77.33991,-10.08253],[-77.32431,-10.1009],[-77.32507,-10.1097],[-77.31998,-10.12738],[-77.34234,-10.13084],[-77.33518,-10.14423],[-77.34491,-10.15956],[-77.35789,-10.15118],[-77.38013,-10.14685],[-77.39331,-10.13281],[-77.40065,-10.13215],[-77.41884,-10.14109],[-77.43683,-10.14252],[-77.44423,-10.14718]]]}},{"type":"Feature","properties":{"ubigeo":"021708","nombre":"Pararin"},"geometry":{"type":"Polygon","coordinates":[[[-77.62099,-10.02531],[-77.62695,-10.04471],[-77.63831,-10.05182],[-77.6425,-10.07041],[-77.64603,-10.07516],[-77.64259,-10.08665],[-77.63079,-10.09947],[-77.61446,-10.10556],[-77.60035,-10.11881],[-77.59072,-10.12234],[-77.58148,-10.13122],[-77.5744,-10.14321],[-77.56686,-10.16531],[-77.57475,-10.17387],[-77.57452,-10.1849],[-77.582,-10.18797],[-77.57542,-10.19638],[-77.57567,-10.22295],[-77.57161,-10.2347],[-77.5677,-10.23615],[-77.57532,-10.24986],[-77.58373,-10.24581],[-77.59168,-10.23722],[-77.60803,-10.24051],[-77.62175,-10.23087],[-77.6357,-10.2241],[-77.64249,-10.22512],[-77.65263,-10.21921],[-77.66709,-10.21643],[-77.6744,-10.20671],[-77.67585,-10.19615],[-77.6731,-10.18494],[-77.66262,-10.16891],[-77.65626,-10.15198],[-77.66013,-10.14391],[-77.674,-10.13956],[-77.68548,-10.14149],[-77.69325,-10.14602],[-77.69878,-10.14139],[-77.69811,-10.12852],[-77.69968,-10.10853],[-77.71726,-10.09269],[-77.72187,-10.07868],[-77.71891,-10.06303],[-77.70997,-10.05245],[-77.72987,-10.04364],[-77.74494,-10.04248],[-77.74916,-10.04556],[-77.75595,-10.03973],[-77.75999,-10.03153],[-77.7705,-10.0251],[-77.77528,-10.00419],[-77.76888,-9.99069],[-77.76393,-9.9899],[-77.76341,-9.9951],[-77.75497,-9.99771],[-77.75063,-10.00621],[-77.74251,-10.00915],[-77.73524,-10.00753],[-77.72753,-10.01379],[-77.71235,-10.0126],[-77.69315,-10.01607],[-77.68313,-10.02111],[-77.6703,-10.01987],[-77.65443,-10.02102],[-77.64568,-10.02377],[-77.63141,-10.02202],[-77.62099,-10.02531]]]}},{"type":"Feature","properties":{"ubigeo":"021709","nombre":"Tapacocha"},"geometry":{"type":"Polygon","coordinates":[[[-77.56442,-10.04807],[-77.5745,-10.03691],[-77.58673,-10.04216],[-77.61085,-10.04462],[-77.62695,-10.04471],[-77.62099,-10.02531],[-77.61552,-10.02471],[-77.61081,-10.01803],[-77.59019,-10.00396],[-77.58325,-9.99532],[-77.56706,-9.99651],[-77.55812,-9.9939],[-77.55381,-9.98685],[-77.54325,-9.99274],[-77.53338,-9.98928],[-77.52708,-9.98069],[-77.51572,-9.97899],[-77.50629,-9.96638],[-77.49773,-9.96099],[-77.48866,-9.94283],[-77.47914,-9.94134],[-77.47022,-9.94934],[-77.46371,-9.94959],[-77.45468,-9.93977],[-77.44359,-9.95318],[-77.45231,-9.95609],[-77.46272,-9.9658],[-77.47523,-9.97167],[-77.48537,-9.9815],[-77.49105,-9.99282],[-77.52185,-10.01978],[-77.52945,-10.02819],[-77.53674,-10.0413],[-77.5524,-10.0404],[-77.56442,-10.04807]]]}},{"type":"Feature","properties":{"ubigeo":"021710","nombre":"Ticapampa"},"geometry":{"type":"Polygon","coordinates":[[[-77.48895,-9.81984],[-77.50194,-9.81325],[-77.50688,-9.79906],[-77.52145,-9.79227],[-77.52169,-9.77457],[-77.52528,-9.76553],[-77.51328,-9.75701],[-77.50192,-9.75926],[-77.49432,-9.76517],[-77.48905,-9.76465],[-77.47664,-9.74854],[-77.44709,-9.73579],[-77.43627,-9.73708],[-77.41321,-9.73528],[-77.40062,-9.72523],[-77.39486,-9.71765],[-77.38318,-9.7108],[-77.36778,-9.72038],[-77.35936,-9.71174],[-77.34587,-9.70918],[-77.34061,-9.7039],[-77.34189,-9.69434],[-77.33776,-9.68203],[-77.32692,-9.67893],[-77.32465,-9.67627],[-77.31099,-9.67431],[-77.29729,-9.66608],[-77.29507,-9.65879],[-77.27593,-9.65381],[-77.26971,-9.64874],[-77.26361,-9.65627],[-77.26501,-9.66058],[-77.25431,-9.66978],[-77.2545,-9.67547],[-77.24906,-9.67981],[-77.25144,-9.68863],[-77.25991,-9.69602],[-77.28309,-9.70184],[-77.30464,-9.71125],[-77.32358,-9.71562],[-77.34079,-9.73813],[-77.36133,-9.74545],[-77.37613,-9.76387],[-77.38109,-9.77928],[-77.39711,-9.77323],[-77.40965,-9.77241],[-77.42858,-9.77683],[-77.43858,-9.77458],[-77.44045,-9.78234],[-77.45944,-9.78858],[-77.47317,-9.79848],[-77.47402,-9.80813],[-77.47937,-9.81729],[-77.48895,-9.81984]]]}},{"type":"Feature","properties":{"ubigeo":"021801","nombre":"Chimbote"},"geometry":{"type":"Polygon","coordinates":[[[-78.19585,-8.98597],[-78.21957,-8.99],[-78.22788,-9.00159],[-78.2522,-9.00561],[-78.25933,-9.01184],[-78.27222,-9.00672],[-78.27556,-9.01292],[-78.2844,-9.01944],[-78.28603,-9.01533],[-78.30302,-9.00843],[-78.30893,-9.00982],[-78.31886,-9.00651],[-78.32524,-9.00899],[-78.33391,-9.0027],[-78.35247,-9.01321],[-78.3649,-9.00753],[-78.37632,-9.01025],[-78.3775,-9.01486],[-78.38747,-9.01993],[-78.39104,-9.02689],[-78.39781,-9.02809],[-78.40524,-9.01095],[-78.42266,-9.00615],[-78.42828,-9.01385],[-78.43411,-9.01462],[-78.44352,-9.0223],[-78.45374,-9.02571],[-78.46526,-9.03808],[-78.46853,-9.04538],[-78.48228,-9.05438],[-78.49169,-9.05351],[-78.50211,-9.06458],[-78.51423,-9.07183],[-78.5287,-9.07455],[-78.53754,-9.08885],[-78.54374,-9.08525],[-78.54613,-9.09344],[-78.53832,-9.10102],[-78.5401,-9.10856],[-78.54499,-9.1097],[-78.55311,-9.11901],[-78.55382,-9.14068],[-78.55869,-9.14701],[-78.55862,-9.13342],[-78.56213,-9.11744],[-78.57408,-9.09421],[-78.58875,-9.07959],[-78.60585,-9.07544],[-78.6097,-9.07981],[-78.61409,-9.07242],[-78.6226,-9.07675],[-78.63002,-9.07285],[-78.63329,-9.06678],[-78.631,-9.05751],[-78.63865,-9.04748],[-78.62852,-9.04854],[-78.62713,-9.03963],[-78.61949,-9.03403],[-78.60272,-9.0301],[-78.5983,-9.02474],[-78.59064,-9.02858],[-78.57104,-9.01971],[-78.58456,-8.9792],[-78.58257,-8.97663],[-78.60482,-8.95487],[-78.58994,-8.94262],[-78.58962,-8.92497],[-78.58607,-8.92115],[-78.57979,-8.90544],[-78.57648,-8.88905],[-78.58245,-8.8666],[-78.58828,-8.85868],[-78.58218,-8.84534],[-78.5758,-8.81973],[-78.56514,-8.79673],[-78.56534,-8.7926],[-78.55161,-8.77504],[-78.52937,-8.76311],[-78.51814,-8.75298],[-78.4933,-8.74983],[-78.48482,-8.75054],[-78.46793,-8.74153],[-78.44823,-8.73693],[-78.42533,-8.7239],[-78.41012,-8.70821],[-78.4023,-8.70747],[-78.39733,-8.70256],[-78.37917,-8.69657],[-78.3732,-8.68724],[-78.35481,-8.67328],[-78.33728,-8.67568],[-78.33348,-8.66646],[-78.31645,-8.6653],[-78.31095,-8.66721],[-78.29479,-8.65881],[-78.28767,-8.6625],[-78.27266,-8.65631],[-78.24613,-8.65836],[-78.23557,-8.65292],[-78.23856,-8.65908],[-78.2358,-8.67785],[-78.23615,-8.68789],[-78.23252,-8.69383],[-78.22901,-8.71411],[-78.22511,-8.72368],[-78.2127,-8.73596],[-78.20759,-8.74745],[-78.19895,-8.75452],[-78.19836,-8.7593],[-78.20811,-8.76951],[-78.21315,-8.78091],[-78.22766,-8.77915],[-78.23541,-8.78082],[-78.24708,-8.79028],[-78.25369,-8.80037],[-78.25279,-8.81854],[-78.24842,-8.82324],[-78.24557,-8.83826],[-78.23998,-8.84212],[-78.22665,-8.84522],[-78.21246,-8.85627],[-78.20449,-8.85658],[-78.20084,-8.86405],[-78.23599,-8.89032],[-78.23758,-8.90022],[-78.23524,-8.90796],[-78.22535,-8.92358],[-78.2126,-8.93363],[-78.20288,-8.93404],[-78.19075,-8.93974],[-78.19172,-8.94623],[-78.18224,-8.96622],[-78.19585,-8.98597]]]}},{"type":"Feature","properties":{"ubigeo":"021802","nombre":"Cáceres del Perú"},"geometry":{"type":"Polygon","coordinates":[[[-77.95099,-8.90888],[-77.94197,-8.92002],[-77.94031,-8.92611],[-77.94572,-8.93027],[-77.94611,-8.93736],[-77.95232,-8.94545],[-77.9554,-8.95594],[-77.94213,-8.9687],[-77.94244,-8.97858],[-77.95599,-8.98223],[-77.95723,-8.98624],[-77.9715,-8.99986],[-77.97993,-9.01271],[-77.99716,-9.01722],[-77.99854,-9.02421],[-78.0046,-9.02963],[-78.01048,-9.04153],[-78.021,-9.05078],[-78.03653,-9.04934],[-78.05003,-9.04415],[-78.05863,-9.04469],[-78.06787,-9.05876],[-78.08755,-9.06182],[-78.09295,-9.06751],[-78.10354,-9.06655],[-78.10797,-9.07256],[-78.12118,-9.07014],[-78.14331,-9.08149],[-78.1471,-9.0798],[-78.16592,-9.08688],[-78.17314,-9.08372],[-78.18334,-9.07377],[-78.18846,-9.06088],[-78.18448,-9.04525],[-78.18903,-9.03473],[-78.1944,-9.02983],[-78.19194,-9.00948],[-78.18819,-9.00547],[-78.18978,-8.99772],[-78.19461,-8.9947],[-78.19585,-8.98597],[-78.18224,-8.96622],[-78.19172,-8.94623],[-78.19075,-8.93974],[-78.18368,-8.93654],[-78.17796,-8.92656],[-78.17861,-8.91708],[-78.1725,-8.90871],[-78.16173,-8.90839],[-78.15591,-8.89559],[-78.16292,-8.88547],[-78.16494,-8.8715],[-78.15074,-8.86301],[-78.14319,-8.86115],[-78.13215,-8.86725],[-78.12018,-8.86208],[-78.09914,-8.86572],[-78.09901,-8.85918],[-78.09315,-8.85513],[-78.08268,-8.85819],[-78.06369,-8.86964],[-78.04433,-8.86139],[-78.03691,-8.86201],[-78.02791,-8.849],[-78.01341,-8.84022],[-78.00077,-8.84192],[-77.99725,-8.84585],[-77.98672,-8.84735],[-77.98657,-8.85552],[-77.97848,-8.87403],[-77.98337,-8.88042],[-77.97989,-8.88527],[-77.97268,-8.88343],[-77.96206,-8.89069],[-77.95628,-8.89889],[-77.95703,-8.90587],[-77.95099,-8.90888]]]}},{"type":"Feature","properties":{"ubigeo":"021803","nombre":"Coishco"},"geometry":{"type":"Polygon","coordinates":[[[-78.63865,-9.04748],[-78.63597,-9.04431],[-78.63456,-9.02889],[-78.62657,-9.02457],[-78.62256,-9.01685],[-78.61267,-9.00887],[-78.59969,-9.01816],[-78.5983,-9.02474],[-78.60272,-9.0301],[-78.61949,-9.03403],[-78.62713,-9.03963],[-78.62852,-9.04854],[-78.63865,-9.04748]]]}},{"type":"Feature","properties":{"ubigeo":"021804","nombre":"Macate"},"geometry":{"type":"Polygon","coordinates":[[[-78.03587,-8.67229],[-78.03046,-8.67573],[-78.02216,-8.67431],[-78.01674,-8.66691],[-78.00884,-8.66698],[-78.00492,-8.67363],[-77.99803,-8.67512],[-77.98899,-8.68355],[-77.98377,-8.68237],[-77.97211,-8.68862],[-77.97203,-8.692],[-77.98645,-8.69499],[-77.98689,-8.70018],[-77.99551,-8.70715],[-78.00114,-8.7265],[-78.00478,-8.72865],[-78.00646,-8.73997],[-78.01377,-8.7495],[-78.01459,-8.76636],[-78.0038,-8.77931],[-78.00222,-8.78762],[-77.99581,-8.79814],[-77.99145,-8.79939],[-77.9949,-8.80828],[-77.9885,-8.82242],[-77.99364,-8.83605],[-78.00077,-8.84192],[-78.01341,-8.84022],[-78.02791,-8.849],[-78.03691,-8.86201],[-78.04433,-8.86139],[-78.06369,-8.86964],[-78.08268,-8.85819],[-78.09315,-8.85513],[-78.09901,-8.85918],[-78.09914,-8.86572],[-78.12018,-8.86208],[-78.13215,-8.86725],[-78.14319,-8.86115],[-78.15074,-8.86301],[-78.16494,-8.8715],[-78.16292,-8.88547],[-78.15591,-8.89559],[-78.16173,-8.90839],[-78.1725,-8.90871],[-78.17861,-8.91708],[-78.17796,-8.92656],[-78.18368,-8.93654],[-78.19075,-8.93974],[-78.20288,-8.93404],[-78.2126,-8.93363],[-78.22535,-8.92358],[-78.23524,-8.90796],[-78.23758,-8.90022],[-78.23599,-8.89032],[-78.20084,-8.86405],[-78.20449,-8.85658],[-78.21246,-8.85627],[-78.22665,-8.84522],[-78.23998,-8.84212],[-78.24557,-8.83826],[-78.24842,-8.82324],[-78.25279,-8.81854],[-78.25369,-8.80037],[-78.24708,-8.79028],[-78.23541,-8.78082],[-78.22766,-8.77915],[-78.21315,-8.78091],[-78.20811,-8.76951],[-78.19836,-8.7593],[-78.19895,-8.75452],[-78.20759,-8.74745],[-78.2127,-8.73596],[-78.22511,-8.72368],[-78.22901,-8.71411],[-78.23252,-8.69383],[-78.23615,-8.68789],[-78.2358,-8.67785],[-78.23856,-8.65908],[-78.23557,-8.65292],[-78.23227,-8.65804],[-78.21477,-8.6626],[-78.20407,-8.66001],[-78.1944,-8.67364],[-78.19446,-8.68792],[-78.18471,-8.69402],[-78.16851,-8.6928],[-78.16371,-8.69447],[-78.15724,-8.68626],[-78.15821,-8.67529],[-78.14648,-8.66832],[-78.14025,-8.67338],[-78.13396,-8.67322],[-78.11388,-8.66185],[-78.1058,-8.65982],[-78.09505,-8.66256],[-78.08923,-8.65942],[-78.07279,-8.65682],[-78.05709,-8.66483],[-78.04602,-8.66296],[-78.04007,-8.67179],[-78.03587,-8.67229]]]}},{"type":"Feature","properties":{"ubigeo":"021805","nombre":"Moro"},"geometry":{"type":"Polygon","coordinates":[[[-78.03717,-9.24371],[-78.04307,-9.24449],[-78.04868,-9.25478],[-78.04961,-9.26249],[-78.0561,-9.2747],[-78.06193,-9.27036],[-78.07821,-9.2682],[-78.08204,-9.26476],[-78.09316,-9.2665],[-78.10636,-9.26451],[-78.11575,-9.25734],[-78.14126,-9.26859],[-78.15121,-9.25895],[-78.15529,-9.25105],[-78.16324,-9.2471],[-78.17547,-9.24703],[-78.19662,-9.22571],[-78.198,-9.21872],[-78.21346,-9.20812],[-78.23048,-9.19044],[-78.23611,-9.17569],[-78.23471,-9.16741],[-78.21158,-9.14682],[-78.20682,-9.14556],[-78.18969,-9.13137],[-78.18607,-9.12144],[-78.19583,-9.09899],[-78.19564,-9.0909],[-78.18948,-9.08387],[-78.19355,-9.07516],[-78.19303,-9.05805],[-78.18448,-9.04525],[-78.18846,-9.06088],[-78.18334,-9.07377],[-78.17314,-9.08372],[-78.16592,-9.08688],[-78.1471,-9.0798],[-78.14331,-9.08149],[-78.12118,-9.07014],[-78.10797,-9.07256],[-78.10354,-9.06655],[-78.09295,-9.06751],[-78.08755,-9.06182],[-78.06787,-9.05876],[-78.05863,-9.04469],[-78.05003,-9.04415],[-78.03653,-9.04934],[-78.021,-9.05078],[-78.02395,-9.06034],[-78.0405,-9.075],[-78.05933,-9.08613],[-78.06071,-9.09139],[-78.05671,-9.10105],[-78.06156,-9.11638],[-78.06222,-9.12843],[-78.05173,-9.14084],[-78.03587,-9.14544],[-78.02629,-9.1653],[-78.0171,-9.16694],[-78.02133,-9.17146],[-78.03821,-9.17301],[-78.0456,-9.17667],[-78.07346,-9.17424],[-78.06681,-9.18597],[-78.06609,-9.20971],[-78.06775,-9.21481],[-78.06044,-9.22149],[-78.059,-9.23116],[-78.05155,-9.23289],[-78.03717,-9.24371]]]}},{"type":"Feature","properties":{"ubigeo":"021806","nombre":"Nepeña"},"geometry":{"type":"Polygon","coordinates":[[[-78.18448,-9.04525],[-78.19303,-9.05805],[-78.19355,-9.07516],[-78.18948,-9.08387],[-78.19564,-9.0909],[-78.19583,-9.09899],[-78.18607,-9.12144],[-78.18969,-9.13137],[-78.20682,-9.14556],[-78.21158,-9.14682],[-78.23471,-9.16741],[-78.23611,-9.17569],[-78.23048,-9.19044],[-78.21346,-9.20812],[-78.22774,-9.20829],[-78.23283,-9.21188],[-78.24135,-9.20504],[-78.2608,-9.20092],[-78.26931,-9.21191],[-78.27711,-9.21365],[-78.28111,-9.22279],[-78.29184,-9.21579],[-78.29985,-9.21686],[-78.30172,-9.22255],[-78.31907,-9.23462],[-78.32941,-9.24953],[-78.33708,-9.2503],[-78.33372,-9.26076],[-78.34529,-9.26494],[-78.35965,-9.26302],[-78.36383,-9.26629],[-78.36943,-9.26],[-78.37829,-9.26097],[-78.38028,-9.25587],[-78.39672,-9.25274],[-78.39819,-9.24589],[-78.41629,-9.24964],[-78.42711,-9.25421],[-78.44231,-9.24807],[-78.44844,-9.23921],[-78.45066,-9.21281],[-78.46769,-9.19],[-78.45804,-9.18002],[-78.43727,-9.17956],[-78.43215,-9.17618],[-78.4228,-9.18158],[-78.42027,-9.17613],[-78.41429,-9.17621],[-78.4048,-9.16575],[-78.40731,-9.15644],[-78.39764,-9.15694],[-78.38915,-9.14517],[-78.37916,-9.13541],[-78.36797,-9.13226],[-78.36815,-9.11563],[-78.3533,-9.1125],[-78.33424,-9.10572],[-78.32266,-9.09167],[-78.30907,-9.08501],[-78.29836,-9.06834],[-78.29063,-9.06396],[-78.29558,-9.04544],[-78.29945,-9.04096],[-78.28623,-9.02786],[-78.2844,-9.01944],[-78.27556,-9.01292],[-78.27222,-9.00672],[-78.25933,-9.01184],[-78.2522,-9.00561],[-78.22788,-9.00159],[-78.21957,-8.99],[-78.19585,-8.98597],[-78.19461,-8.9947],[-78.18978,-8.99772],[-78.18819,-9.00547],[-78.19194,-9.00948],[-78.1944,-9.02983],[-78.18903,-9.03473],[-78.18448,-9.04525]]]}},{"type":"Feature","properties":{"ubigeo":"021807","nombre":"Samanco"},"geometry":{"type":"Polygon","coordinates":[[[-78.39782,-9.33606],[-78.40381,-9.34713],[-78.41735,-9.35524],[-78.42789,-9.3493],[-78.4254,-9.3413],[-78.43522,-9.33766],[-78.43872,-9.34061],[-78.44294,-9.32703],[-78.45153,-9.33],[-78.45849,-9.32625],[-78.45842,-9.31779],[-78.46591,-9.31521],[-78.47545,-9.32026],[-78.47218,-9.32862],[-78.48182,-9.33273],[-78.47945,-9.3221],[-78.48739,-9.32091],[-78.49502,-9.3055],[-78.50137,-9.30105],[-78.49656,-9.29623],[-78.49943,-9.28622],[-78.51441,-9.27684],[-78.52337,-9.27759],[-78.52396,-9.27019],[-78.51738,-9.27096],[-78.50707,-9.25729],[-78.49753,-9.25792],[-78.4918,-9.25087],[-78.49026,-9.23776],[-78.4847,-9.21677],[-78.4882,-9.20169],[-78.48123,-9.19235],[-78.46769,-9.19],[-78.45066,-9.21281],[-78.44844,-9.23921],[-78.44231,-9.24807],[-78.42711,-9.25421],[-78.41629,-9.24964],[-78.39819,-9.24589],[-78.39672,-9.25274],[-78.38028,-9.25587],[-78.37829,-9.26097],[-78.36943,-9.26],[-78.36383,-9.26629],[-78.36967,-9.27647],[-78.37151,-9.2872],[-78.38582,-9.3053],[-78.38362,-9.32619],[-78.38966,-9.32657],[-78.39782,-9.33606]]]}},{"type":"Feature","properties":{"ubigeo":"021808","nombre":"Santa"},"geometry":{"type":"Polygon","coordinates":[[[-78.62256,-9.01685],[-78.62489,-9.01205],[-78.64085,-9.0009],[-78.65811,-8.99372],[-78.65806,-8.98597],[-78.65131,-8.99094],[-78.64406,-8.98327],[-78.64492,-8.96923],[-78.62973,-8.97089],[-78.61951,-8.96653],[-78.60482,-8.95487],[-78.58257,-8.97663],[-78.58456,-8.9792],[-78.57104,-9.01971],[-78.59064,-9.02858],[-78.5983,-9.02474],[-78.59969,-9.01816],[-78.61267,-9.00887],[-78.62256,-9.01685]]]}},{"type":"Feature","properties":{"ubigeo":"021809","nombre":"Nuevo Chimbote"},"geometry":{"type":"Polygon","coordinates":[[[-78.46769,-9.19],[-78.48123,-9.19235],[-78.4882,-9.20169],[-78.49775,-9.18814],[-78.5083,-9.18038],[-78.53324,-9.17462],[-78.55175,-9.17653],[-78.56493,-9.18462],[-78.56623,-9.19432],[-78.55676,-9.20348],[-78.55969,-9.20979],[-78.55289,-9.2281],[-78.55388,-9.23512],[-78.56944,-9.22379],[-78.56767,-9.21888],[-78.5762,-9.21379],[-78.5752,-9.20606],[-78.58174,-9.20176],[-78.57685,-9.19671],[-78.59412,-9.19279],[-78.60086,-9.17945],[-78.60603,-9.17455],[-78.60777,-9.16053],[-78.59785,-9.16731],[-78.58476,-9.16408],[-78.5838,-9.16962],[-78.57224,-9.17157],[-78.56539,-9.16463],[-78.55869,-9.14701],[-78.55382,-9.14068],[-78.55311,-9.11901],[-78.54499,-9.1097],[-78.5401,-9.10856],[-78.53832,-9.10102],[-78.54613,-9.09344],[-78.54374,-9.08525],[-78.53754,-9.08885],[-78.5287,-9.07455],[-78.51423,-9.07183],[-78.50211,-9.06458],[-78.49169,-9.05351],[-78.48228,-9.05438],[-78.46853,-9.04538],[-78.46526,-9.03808],[-78.45374,-9.02571],[-78.44352,-9.0223],[-78.43411,-9.01462],[-78.42828,-9.01385],[-78.42266,-9.00615],[-78.40524,-9.01095],[-78.39781,-9.02809],[-78.39104,-9.02689],[-78.38747,-9.01993],[-78.3775,-9.01486],[-78.37632,-9.01025],[-78.3649,-9.00753],[-78.35247,-9.01321],[-78.33391,-9.0027],[-78.32524,-9.00899],[-78.31886,-9.00651],[-78.30893,-9.00982],[-78.30302,-9.00843],[-78.28603,-9.01533],[-78.2844,-9.01944],[-78.28623,-9.02786],[-78.29945,-9.04096],[-78.29558,-9.04544],[-78.29063,-9.06396],[-78.29836,-9.06834],[-78.30907,-9.08501],[-78.32266,-9.09167],[-78.33424,-9.10572],[-78.3533,-9.1125],[-78.36815,-9.11563],[-78.36797,-9.13226],[-78.37916,-9.13541],[-78.38915,-9.14517],[-78.39764,-9.15694],[-78.40731,-9.15644],[-78.4048,-9.16575],[-78.41429,-9.17621],[-78.42027,-9.17613],[-78.4228,-9.18158],[-78.43215,-9.17618],[-78.43727,-9.17956],[-78.45804,-9.18002],[-78.46769,-9.19]]]}},{"type":"Feature","properties":{"ubigeo":"021901","nombre":"Sihuas"},"geometry":{"type":"Polygon","coordinates":[[[-77.60821,-8.58736],[-77.61346,-8.58444],[-77.61894,-8.57108],[-77.62886,-8.55912],[-77.63499,-8.55694],[-77.64511,-8.54363],[-77.64712,-8.5367],[-77.65328,-8.53073],[-77.65283,-8.50771],[-77.64474,-8.50704],[-77.63007,-8.51101],[-77.62169,-8.50584],[-77.61638,-8.49615],[-77.61011,-8.50382],[-77.60726,-8.5133],[-77.59445,-8.52035],[-77.59099,-8.52849],[-77.57751,-8.54324],[-77.58084,-8.5556],[-77.59977,-8.58064],[-77.60821,-8.58736]]]}},{"type":"Feature","properties":{"ubigeo":"021902","nombre":"Acobamba"},"geometry":{"type":"Polygon","coordinates":[[[-77.47525,-8.31793],[-77.48525,-8.32364],[-77.49141,-8.33072],[-77.50506,-8.33898],[-77.51478,-8.34894],[-77.54172,-8.35582],[-77.54748,-8.35085],[-77.56198,-8.35129],[-77.58076,-8.35556],[-77.58929,-8.33361],[-77.5962,-8.33086],[-77.6162,-8.31656],[-77.62789,-8.32097],[-77.63438,-8.31202],[-77.64185,-8.31321],[-77.64814,-8.30839],[-77.65974,-8.30804],[-77.65997,-8.30237],[-77.64334,-8.28869],[-77.63563,-8.26921],[-77.62691,-8.26707],[-77.61149,-8.26852],[-77.58773,-8.26062],[-77.58202,-8.26213],[-77.57034,-8.25518],[-77.56541,-8.24455],[-77.56571,-8.23739],[-77.55276,-8.23642],[-77.53597,-8.24105],[-77.52783,-8.24722],[-77.52863,-8.26569],[-77.52143,-8.2707],[-77.50583,-8.2734],[-77.49137,-8.28255],[-77.48659,-8.29761],[-77.48763,-8.30355],[-77.47947,-8.31682],[-77.47525,-8.31793]]]}},{"type":"Feature","properties":{"ubigeo":"021903","nombre":"Alfonso Ugarte"},"geometry":{"type":"Polygon","coordinates":[[[-77.37063,-8.49926],[-77.36602,-8.50709],[-77.37291,-8.51462],[-77.39177,-8.52673],[-77.4002,-8.52668],[-77.41008,-8.5354],[-77.41397,-8.53315],[-77.41873,-8.52167],[-77.41393,-8.50787],[-77.42607,-8.48727],[-77.44084,-8.47252],[-77.45833,-8.47188],[-77.4622,-8.47973],[-77.47453,-8.48169],[-77.48,-8.48765],[-77.4969,-8.48054],[-77.50637,-8.46828],[-77.51246,-8.46387],[-77.51752,-8.46681],[-77.52886,-8.46274],[-77.53228,-8.45812],[-77.51813,-8.44498],[-77.50668,-8.44048],[-77.49012,-8.43863],[-77.48404,-8.4353],[-77.47034,-8.43746],[-77.46013,-8.42027],[-77.44748,-8.41136],[-77.43791,-8.41633],[-77.43836,-8.42233],[-77.43067,-8.4306],[-77.41834,-8.43965],[-77.40546,-8.44148],[-77.40391,-8.45199],[-77.39898,-8.46415],[-77.40227,-8.47206],[-77.40034,-8.48197],[-77.3863,-8.49408],[-77.37063,-8.49926]]]}},{"type":"Feature","properties":{"ubigeo":"021904","nombre":"Cashapampa"},"geometry":{"type":"Polygon","coordinates":[[[-77.69566,-8.60233],[-77.71032,-8.59081],[-77.70656,-8.58337],[-77.6961,-8.58296],[-77.68866,-8.57636],[-77.69055,-8.56951],[-77.68728,-8.56879],[-77.67956,-8.55655],[-77.6777,-8.54804],[-77.66391,-8.5444],[-77.64712,-8.5367],[-77.64511,-8.54363],[-77.63499,-8.55694],[-77.62886,-8.55912],[-77.61894,-8.57108],[-77.61346,-8.58444],[-77.60821,-8.58736],[-77.60299,-8.60118],[-77.60996,-8.60844],[-77.61313,-8.61651],[-77.62781,-8.62661],[-77.64222,-8.62772],[-77.65127,-8.63084],[-77.6667,-8.62051],[-77.6787,-8.61836],[-77.68311,-8.6064],[-77.69566,-8.60233]]]}},{"type":"Feature","properties":{"ubigeo":"021905","nombre":"Chingalpo"},"geometry":{"type":"Polygon","coordinates":[[[-77.54172,-8.35582],[-77.54995,-8.35792],[-77.55972,-8.38041],[-77.56455,-8.39989],[-77.58726,-8.40587],[-77.59638,-8.40486],[-77.61364,-8.41564],[-77.62703,-8.4138],[-77.63884,-8.41613],[-77.64351,-8.42271],[-77.65776,-8.43023],[-77.66371,-8.42393],[-77.66586,-8.41097],[-77.68251,-8.39541],[-77.69115,-8.39809],[-77.70482,-8.39158],[-77.70281,-8.38544],[-77.7164,-8.37421],[-77.72962,-8.3708],[-77.74138,-8.35958],[-77.74286,-8.35548],[-77.7358,-8.34551],[-77.71946,-8.33931],[-77.72315,-8.3309],[-77.70774,-8.31579],[-77.70568,-8.30938],[-77.69262,-8.30412],[-77.6867,-8.30428],[-77.67602,-8.31153],[-77.66629,-8.31203],[-77.65974,-8.30804],[-77.64814,-8.30839],[-77.64185,-8.31321],[-77.63438,-8.31202],[-77.62789,-8.32097],[-77.6162,-8.31656],[-77.5962,-8.33086],[-77.58929,-8.33361],[-77.58076,-8.35556],[-77.56198,-8.35129],[-77.54748,-8.35085],[-77.54172,-8.35582]]]}},{"type":"Feature","properties":{"ubigeo":"021906","nombre":"Huayllabamba"},"geometry":{"type":"Polygon","coordinates":[[[-77.41008,-8.5354],[-77.43117,-8.54875],[-77.44137,-8.5611],[-77.44603,-8.57085],[-77.46432,-8.58057],[-77.47573,-8.57624],[-77.48343,-8.57885],[-77.49265,-8.57556],[-77.4983,-8.57803],[-77.51246,-8.57644],[-77.52963,-8.58337],[-77.54198,-8.59613],[-77.55181,-8.59703],[-77.57301,-8.59553],[-77.57817,-8.59854],[-77.59977,-8.58064],[-77.58084,-8.5556],[-77.57751,-8.54324],[-77.59099,-8.52849],[-77.59445,-8.52035],[-77.60726,-8.5133],[-77.61011,-8.50382],[-77.61638,-8.49615],[-77.61984,-8.48454],[-77.61193,-8.47164],[-77.61002,-8.45998],[-77.60348,-8.45664],[-77.6114,-8.44319],[-77.62092,-8.44042],[-77.63286,-8.446],[-77.64293,-8.44346],[-77.65776,-8.43023],[-77.64351,-8.42271],[-77.63884,-8.41613],[-77.62703,-8.4138],[-77.61364,-8.41564],[-77.59638,-8.40486],[-77.59254,-8.40694],[-77.58897,-8.42406],[-77.58005,-8.43256],[-77.57476,-8.43128],[-77.55536,-8.45039],[-77.55513,-8.45526],[-77.54234,-8.4674],[-77.53653,-8.46954],[-77.52886,-8.46274],[-77.51752,-8.46681],[-77.51246,-8.46387],[-77.50637,-8.46828],[-77.4969,-8.48054],[-77.48,-8.48765],[-77.47453,-8.48169],[-77.4622,-8.47973],[-77.45833,-8.47188],[-77.44084,-8.47252],[-77.42607,-8.48727],[-77.41393,-8.50787],[-77.41873,-8.52167],[-77.41397,-8.53315],[-77.41008,-8.5354]]]}},{"type":"Feature","properties":{"ubigeo":"021907","nombre":"Quiches"},"geometry":{"type":"Polygon","coordinates":[[[-77.44736,-8.36882],[-77.44848,-8.38162],[-77.4386,-8.39791],[-77.43791,-8.41633],[-77.44748,-8.41136],[-77.46013,-8.42027],[-77.47034,-8.43746],[-77.48404,-8.4353],[-77.49012,-8.43863],[-77.50668,-8.44048],[-77.51813,-8.44498],[-77.53228,-8.45812],[-77.52886,-8.46274],[-77.53653,-8.46954],[-77.54234,-8.4674],[-77.55513,-8.45526],[-77.55536,-8.45039],[-77.57476,-8.43128],[-77.58005,-8.43256],[-77.58897,-8.42406],[-77.59254,-8.40694],[-77.59638,-8.40486],[-77.58726,-8.40587],[-77.56455,-8.39989],[-77.55972,-8.38041],[-77.54995,-8.35792],[-77.54172,-8.35582],[-77.51478,-8.34894],[-77.50506,-8.33898],[-77.49141,-8.33072],[-77.48525,-8.32364],[-77.47525,-8.31793],[-77.47799,-8.32655],[-77.47064,-8.33244],[-77.46381,-8.33126],[-77.4589,-8.33566],[-77.45744,-8.34626],[-77.45944,-8.35494],[-77.45436,-8.35624],[-77.44837,-8.36814],[-77.44736,-8.36882]]]}},{"type":"Feature","properties":{"ubigeo":"021908","nombre":"Ragash"},"geometry":{"type":"Polygon","coordinates":[[[-77.61638,-8.49615],[-77.62169,-8.50584],[-77.63007,-8.51101],[-77.64474,-8.50704],[-77.65283,-8.50771],[-77.65328,-8.53073],[-77.64712,-8.5367],[-77.66391,-8.5444],[-77.6777,-8.54804],[-77.67956,-8.55655],[-77.68728,-8.56879],[-77.69055,-8.56951],[-77.69102,-8.55759],[-77.71386,-8.5416],[-77.70848,-8.53093],[-77.71196,-8.52236],[-77.70416,-8.50987],[-77.71501,-8.50252],[-77.71833,-8.48974],[-77.73578,-8.47749],[-77.73932,-8.47227],[-77.7414,-8.46],[-77.75166,-8.4533],[-77.76481,-8.44099],[-77.76507,-8.42808],[-77.75543,-8.41634],[-77.76062,-8.4104],[-77.75915,-8.40337],[-77.77167,-8.39648],[-77.78218,-8.40324],[-77.79886,-8.38119],[-77.78456,-8.37789],[-77.77096,-8.36973],[-77.76147,-8.36944],[-77.75895,-8.36354],[-77.75347,-8.36504],[-77.74138,-8.35958],[-77.72962,-8.3708],[-77.7164,-8.37421],[-77.70281,-8.38544],[-77.70482,-8.39158],[-77.69115,-8.39809],[-77.68251,-8.39541],[-77.66586,-8.41097],[-77.66371,-8.42393],[-77.65776,-8.43023],[-77.64293,-8.44346],[-77.63286,-8.446],[-77.62092,-8.44042],[-77.6114,-8.44319],[-77.60348,-8.45664],[-77.61002,-8.45998],[-77.61193,-8.47164],[-77.61984,-8.48454],[-77.61638,-8.49615]]]}},{"type":"Feature","properties":{"ubigeo":"021909","nombre":"San Juan"},"geometry":{"type":"Polygon","coordinates":[[[-77.57817,-8.59854],[-77.58755,-8.6115],[-77.58739,-8.62685],[-77.58337,-8.63053],[-77.57587,-8.62873],[-77.55305,-8.64237],[-77.54408,-8.66217],[-77.54488,-8.67402],[-77.5409,-8.67852],[-77.52992,-8.68091],[-77.52289,-8.69541],[-77.53868,-8.70175],[-77.5453,-8.71148],[-77.55616,-8.71966],[-77.56216,-8.7278],[-77.57198,-8.72852],[-77.58596,-8.74059],[-77.58278,-8.74973],[-77.59274,-8.75767],[-77.60139,-8.74505],[-77.60924,-8.74529],[-77.61438,-8.75099],[-77.6261,-8.73869],[-77.63894,-8.73395],[-77.64536,-8.72437],[-77.65573,-8.72348],[-77.66377,-8.70498],[-77.67237,-8.70126],[-77.67169,-8.69305],[-77.68638,-8.68244],[-77.69099,-8.68189],[-77.70077,-8.67324],[-77.71627,-8.66345],[-77.72073,-8.65653],[-77.72144,-8.65006],[-77.71616,-8.6444],[-77.71364,-8.63183],[-77.70302,-8.6298],[-77.70239,-8.62107],[-77.70862,-8.6123],[-77.69566,-8.60233],[-77.68311,-8.6064],[-77.6787,-8.61836],[-77.6667,-8.62051],[-77.65127,-8.63084],[-77.64222,-8.62772],[-77.62781,-8.62661],[-77.61313,-8.61651],[-77.60996,-8.60844],[-77.60299,-8.60118],[-77.60821,-8.58736],[-77.59977,-8.58064],[-77.57817,-8.59854]]]}},{"type":"Feature","properties":{"ubigeo":"021910","nombre":"Sicsibamba"},"geometry":{"type":"Polygon","coordinates":[[[-77.48601,-8.68343],[-77.49353,-8.68824],[-77.49648,-8.69702],[-77.50608,-8.69458],[-77.52033,-8.69785],[-77.52289,-8.69541],[-77.52992,-8.68091],[-77.5409,-8.67852],[-77.54488,-8.67402],[-77.54408,-8.66217],[-77.55305,-8.64237],[-77.57587,-8.62873],[-77.58337,-8.63053],[-77.58739,-8.62685],[-77.58755,-8.6115],[-77.57817,-8.59854],[-77.57301,-8.59553],[-77.55181,-8.59703],[-77.54198,-8.59613],[-77.52963,-8.58337],[-77.51246,-8.57644],[-77.4983,-8.57803],[-77.49265,-8.57556],[-77.48343,-8.57885],[-77.47573,-8.57624],[-77.48992,-8.59067],[-77.49656,-8.60736],[-77.50156,-8.61436],[-77.50371,-8.62902],[-77.50126,-8.64006],[-77.50507,-8.65124],[-77.50296,-8.66579],[-77.49657,-8.6746],[-77.48601,-8.68343]]]}},{"type":"Feature","properties":{"ubigeo":"022001","nombre":"Yungay"},"geometry":{"type":"Polygon","coordinates":[[[-77.59428,-9.13199],[-77.60072,-9.14389],[-77.6146,-9.15561],[-77.61743,-9.16607],[-77.63762,-9.17862],[-77.67185,-9.17701],[-77.66992,-9.1734],[-77.68187,-9.1648],[-77.69309,-9.15961],[-77.68023,-9.15987],[-77.67344,-9.15139],[-77.67337,-9.1391],[-77.64857,-9.1284],[-77.65563,-9.12813],[-77.67543,-9.13388],[-77.68353,-9.13945],[-77.70129,-9.14245],[-77.71419,-9.15322],[-77.71996,-9.16126],[-77.72691,-9.16469],[-77.73631,-9.17487],[-77.74049,-9.17693],[-77.74922,-9.17083],[-77.75064,-9.16027],[-77.75491,-9.15806],[-77.76364,-9.12626],[-77.77304,-9.10171],[-77.78294,-9.08321],[-77.77055,-9.08089],[-77.76431,-9.07507],[-77.74655,-9.06753],[-77.74505,-9.06411],[-77.733,-9.06386],[-77.72845,-9.06959],[-77.71962,-9.06714],[-77.70619,-9.05852],[-77.69981,-9.05693],[-77.692,-9.04418],[-77.67845,-9.03275],[-77.66949,-9.03478],[-77.65561,-9.01874],[-77.63236,-9.00976],[-77.62931,-9.00147],[-77.61456,-8.99381],[-77.59995,-8.99728],[-77.58653,-8.99819],[-77.58006,-9.00286],[-77.58402,-9.02022],[-77.57695,-9.02616],[-77.58078,-9.03252],[-77.59075,-9.03974],[-77.59073,-9.0523],[-77.58807,-9.06179],[-77.57691,-9.07687],[-77.57379,-9.08647],[-77.58092,-9.09572],[-77.59043,-9.09896],[-77.60132,-9.10894],[-77.60399,-9.12043],[-77.59428,-9.13199]]]}},{"type":"Feature","properties":{"ubigeo":"022002","nombre":"Cascapara"},"geometry":{"type":"Polygon","coordinates":[[[-77.901,-9.44223],[-77.91031,-9.43595],[-77.91114,-9.43064],[-77.91899,-9.41893],[-77.92692,-9.41158],[-77.93269,-9.39491],[-77.92453,-9.39258],[-77.91678,-9.38152],[-77.90938,-9.35394],[-77.8987,-9.34436],[-77.88973,-9.33943],[-77.885,-9.33082],[-77.87512,-9.32819],[-77.86782,-9.31933],[-77.85757,-9.31705],[-77.85549,-9.31276],[-77.83426,-9.31172],[-77.82003,-9.29677],[-77.81842,-9.29188],[-77.80906,-9.29315],[-77.80474,-9.28666],[-77.80858,-9.26624],[-77.80613,-9.25902],[-77.81634,-9.24158],[-77.82263,-9.23601],[-77.81547,-9.22659],[-77.80386,-9.22429],[-77.79752,-9.22919],[-77.78231,-9.21722],[-77.76706,-9.22078],[-77.75205,-9.21956],[-77.7415,-9.21432],[-77.73323,-9.21547],[-77.72322,-9.20681],[-77.71429,-9.20816],[-77.71392,-9.22664],[-77.73289,-9.24316],[-77.74553,-9.24489],[-77.75763,-9.25341],[-77.77574,-9.26229],[-77.79281,-9.27778],[-77.79396,-9.28524],[-77.78388,-9.2932],[-77.78284,-9.30219],[-77.79041,-9.31255],[-77.79181,-9.3194],[-77.79916,-9.32621],[-77.8053,-9.33883],[-77.83121,-9.3443],[-77.83622,-9.34276],[-77.85584,-9.35933],[-77.86334,-9.36179],[-77.86884,-9.37422],[-77.87147,-9.38709],[-77.88509,-9.40247],[-77.89236,-9.42942],[-77.901,-9.44223]]]}},{"type":"Feature","properties":{"ubigeo":"022003","nombre":"Mancos"},"geometry":{"type":"Polygon","coordinates":[[[-77.66489,-9.2431],[-77.67504,-9.24012],[-77.68064,-9.24645],[-77.6893,-9.22416],[-77.69001,-9.21088],[-77.70752,-9.19667],[-77.71824,-9.19051],[-77.72057,-9.18183],[-77.70775,-9.1801],[-77.69546,-9.17082],[-77.69117,-9.16469],[-77.69437,-9.18379],[-77.67185,-9.17701],[-77.63762,-9.17862],[-77.61743,-9.16607],[-77.6146,-9.15561],[-77.60072,-9.14389],[-77.59428,-9.13199],[-77.58892,-9.1587],[-77.59079,-9.17153],[-77.59558,-9.18417],[-77.61674,-9.21411],[-77.62585,-9.21045],[-77.64405,-9.19727],[-77.65123,-9.20661],[-77.65932,-9.22492],[-77.66138,-9.23984],[-77.66489,-9.2431]]]}},{"type":"Feature","properties":{"ubigeo":"022004","nombre":"Matacoto"},"geometry":{"type":"Polygon","coordinates":[[[-77.72057,-9.18183],[-77.71824,-9.19051],[-77.72447,-9.19865],[-77.72322,-9.20681],[-77.73323,-9.21547],[-77.7415,-9.21432],[-77.75205,-9.21956],[-77.76706,-9.22078],[-77.78231,-9.21722],[-77.78103,-9.19808],[-77.77719,-9.18154],[-77.77903,-9.17842],[-77.78152,-9.1477],[-77.78019,-9.13478],[-77.78359,-9.11692],[-77.77304,-9.10171],[-77.76364,-9.12626],[-77.75491,-9.15806],[-77.75064,-9.16027],[-77.74922,-9.17083],[-77.74049,-9.17693],[-77.73631,-9.17487],[-77.72057,-9.18183]]]}},{"type":"Feature","properties":{"ubigeo":"022005","nombre":"Quillo"},"geometry":{"type":"Polygon","coordinates":[[[-77.93269,-9.39491],[-77.93291,-9.39898],[-77.94956,-9.41258],[-77.95581,-9.4229],[-77.96973,-9.42777],[-77.97991,-9.4396],[-77.99295,-9.44661],[-78.00303,-9.43676],[-78.00949,-9.43448],[-78.02015,-9.42451],[-78.03018,-9.41849],[-78.03388,-9.41],[-78.00952,-9.39033],[-78.00332,-9.38097],[-78.01663,-9.36773],[-78.02757,-9.36513],[-78.04227,-9.35333],[-78.05359,-9.33679],[-78.05965,-9.3355],[-78.05396,-9.3242],[-78.05493,-9.30374],[-78.06229,-9.29242],[-78.0561,-9.2834],[-78.0561,-9.2747],[-78.04961,-9.26249],[-78.04868,-9.25478],[-78.04307,-9.24449],[-78.03717,-9.24371],[-78.02421,-9.24837],[-78.00485,-9.2464],[-78.00003,-9.24326],[-77.98635,-9.24573],[-77.97542,-9.24404],[-77.97122,-9.25051],[-77.95845,-9.25399],[-77.94989,-9.2468],[-77.92783,-9.24612],[-77.91822,-9.25219],[-77.90343,-9.25276],[-77.89513,-9.26145],[-77.88609,-9.25977],[-77.87672,-9.25035],[-77.86127,-9.25119],[-77.85245,-9.24161],[-77.8491,-9.22877],[-77.83947,-9.21757],[-77.82956,-9.21725],[-77.82311,-9.22216],[-77.81634,-9.22127],[-77.81547,-9.22659],[-77.82263,-9.23601],[-77.81634,-9.24158],[-77.80613,-9.25902],[-77.80858,-9.26624],[-77.80474,-9.28666],[-77.80906,-9.29315],[-77.81842,-9.29188],[-77.82003,-9.29677],[-77.83426,-9.31172],[-77.85549,-9.31276],[-77.85757,-9.31705],[-77.86782,-9.31933],[-77.87512,-9.32819],[-77.885,-9.33082],[-77.88973,-9.33943],[-77.8987,-9.34436],[-77.90938,-9.35394],[-77.91678,-9.38152],[-77.92453,-9.39258],[-77.93269,-9.39491]]]}},{"type":"Feature","properties":{"ubigeo":"022006","nombre":"Ranrahirca"},"geometry":{"type":"Polygon","coordinates":[[[-77.72057,-9.18183],[-77.73631,-9.17487],[-77.72691,-9.16469],[-77.71996,-9.16126],[-77.71419,-9.15322],[-77.70129,-9.14245],[-77.68353,-9.13945],[-77.67543,-9.13388],[-77.65563,-9.12813],[-77.64857,-9.1284],[-77.67337,-9.1391],[-77.67344,-9.15139],[-77.68023,-9.15987],[-77.69309,-9.15961],[-77.68187,-9.1648],[-77.66992,-9.1734],[-77.67185,-9.17701],[-77.69437,-9.18379],[-77.69117,-9.16469],[-77.69546,-9.17082],[-77.70775,-9.1801],[-77.72057,-9.18183]]]}},{"type":"Feature","properties":{"ubigeo":"022007","nombre":"Shupluy"},"geometry":{"type":"Polygon","coordinates":[[[-77.75741,-9.34428],[-77.74771,-9.35042],[-77.74271,-9.35943],[-77.7442,-9.37071],[-77.75326,-9.38334],[-77.7567,-9.39481],[-77.76583,-9.40065],[-77.76064,-9.41373],[-77.76624,-9.42186],[-77.77892,-9.42509],[-77.80397,-9.42231],[-77.80967,-9.42587],[-77.8192,-9.423],[-77.83323,-9.42598],[-77.83863,-9.42404],[-77.84458,-9.41233],[-77.857,-9.40273],[-77.86715,-9.41373],[-77.88245,-9.42541],[-77.89236,-9.42942],[-77.88509,-9.40247],[-77.87147,-9.38709],[-77.86884,-9.37422],[-77.86334,-9.36179],[-77.85584,-9.35933],[-77.83622,-9.34276],[-77.83121,-9.3443],[-77.8053,-9.33883],[-77.79916,-9.32621],[-77.79181,-9.3194],[-77.79041,-9.31255],[-77.78284,-9.30219],[-77.78388,-9.2932],[-77.79396,-9.28524],[-77.79281,-9.27778],[-77.77574,-9.26229],[-77.75763,-9.25341],[-77.74553,-9.24489],[-77.73289,-9.24316],[-77.71392,-9.22664],[-77.71429,-9.20816],[-77.72322,-9.20681],[-77.72447,-9.19865],[-77.71824,-9.19051],[-77.70752,-9.19667],[-77.69001,-9.21088],[-77.6893,-9.22416],[-77.701,-9.23376],[-77.70347,-9.24195],[-77.71198,-9.24504],[-77.71959,-9.25825],[-77.72451,-9.2764],[-77.73348,-9.27975],[-77.74399,-9.2903],[-77.75121,-9.28867],[-77.76565,-9.29232],[-77.7767,-9.31565],[-77.77125,-9.33395],[-77.76487,-9.3353],[-77.75741,-9.34428]]]}},{"type":"Feature","properties":{"ubigeo":"022008","nombre":"Yanama"},"geometry":{"type":"Polygon","coordinates":[[[-77.54463,-8.93474],[-77.54649,-8.94719],[-77.55506,-8.95333],[-77.56192,-8.95367],[-77.55722,-8.96206],[-77.55625,-8.97845],[-77.55273,-8.98782],[-77.53793,-8.99749],[-77.51787,-9.0052],[-77.50836,-9.00476],[-77.49734,-9.00793],[-77.48654,-9.00727],[-77.47087,-8.99766],[-77.45565,-8.99463],[-77.44514,-8.99018],[-77.42877,-8.99149],[-77.42171,-8.99477],[-77.4104,-8.99146],[-77.39748,-8.99537],[-77.38633,-8.99508],[-77.3677,-8.97975],[-77.3595,-8.97724],[-77.36417,-8.98628],[-77.36071,-9.01021],[-77.36325,-9.01806],[-77.36068,-9.02433],[-77.36265,-9.03817],[-77.35768,-9.05903],[-77.362,-9.06499],[-77.39123,-9.05687],[-77.41062,-9.05784],[-77.41814,-9.06],[-77.4257,-9.05711],[-77.43735,-9.05925],[-77.43767,-9.06811],[-77.44808,-9.08595],[-77.45702,-9.08791],[-77.46583,-9.10017],[-77.48053,-9.10661],[-77.49046,-9.10667],[-77.49995,-9.10631],[-77.51807,-9.09449],[-77.52366,-9.09537],[-77.53034,-9.08292],[-77.54347,-9.0852],[-77.56305,-9.08347],[-77.57379,-9.08647],[-77.57691,-9.07687],[-77.58807,-9.06179],[-77.59073,-9.0523],[-77.59075,-9.03974],[-77.58078,-9.03252],[-77.57695,-9.02616],[-77.58402,-9.02022],[-77.58006,-9.00286],[-77.58653,-8.99819],[-77.59995,-8.99728],[-77.61456,-8.99381],[-77.62072,-8.97569],[-77.61334,-8.96376],[-77.61362,-8.95652],[-77.604,-8.94287],[-77.58792,-8.94079],[-77.582,-8.93128],[-77.58317,-8.91708],[-77.57427,-8.90044],[-77.56345,-8.90337],[-77.54433,-8.92866],[-77.54463,-8.93474]]]}}]}