{"type":"FeatureCollection","features":[{"type":"Feature","properties":{"ubigeo":"030101","nombre":"Abancay"},"geometry":{"type":"Polygon","coordinates":[[[-72.82195,-13.57079],[-72.81426,-13.5904],[-72.80125,-13.59898],[-72.79864,-13.60461],[-72.7823,-13.61702],[-72.76089,-13.62416],[-72.74616,-13.63392],[-72.7392,-13.64708],[-72.74454,-13.66224],[-72.76272,-13.67301],[-72.75853,-13.67884],[-72.76147,-13.68293],[-72.7637,-13.69809],[-72.77005,-13.70068],[-72.78225,-13.71748],[-72.79544,-13.71284],[-72.80362,-13.70337],[-72.81941,-13.70401],[-72.83771,-13.71346],[-72.85873,-13.71173],[-72.86612,-13.70771],[-72.87495,-13.69843],[-72.8945,-13.69313],[-72.90424,-13.68392],[-72.91659,-13.68815],[-72.92649,-13.6729],[-72.93628,-13.66792],[-72.93883,-13.65878],[-72.94463,-13.65213],[-72.95429,-13.63781],[-72.97777,-13.62706],[-72.99591,-13.60362],[-73.01295,-13.57441],[-73.00239,-13.57229],[-73,-13.56525],[-72.97742,-13.5482],[-72.95936,-13.55108],[-72.95245,-13.54816],[-72.93639,-13.55086],[-72.93158,-13.55616],[-72.9223,-13.56352],[-72.91878,-13.57432],[-72.90489,-13.58043],[-72.89531,-13.59377],[-72.88495,-13.604],[-72.87904,-13.62504],[-72.8723,-13.63003],[-72.86623,-13.61966],[-72.8555,-13.61589],[-72.84816,-13.60173],[-72.84809,-13.59593],[-72.83148,-13.58627],[-72.82195,-13.57079]]]}},{"type":"Feature","properties":{"ubigeo":"030102","nombre":"Chacoche"},"geometry":{"type":"Polygon","coordinates":[[[-73.01974,-14.11262],[-73.01664,-14.09589],[-73.0266,-14.08783],[-73.02633,-14.07667],[-73.02808,-14.06428],[-73.02405,-14.06234],[-73.02235,-14.04788],[-73.028,-14.04419],[-73.02236,-14.0337],[-73.0219,-14.02102],[-73.0293,-14.01178],[-73.02449,-13.99204],[-73.03496,-13.97459],[-73.03557,-13.95723],[-73.03941,-13.92377],[-73.0376,-13.90528],[-73.04535,-13.90048],[-73.04256,-13.8928],[-73.02768,-13.8856],[-73.02762,-13.87253],[-73.0195,-13.87984],[-73.01794,-13.89029],[-73.00898,-13.8975],[-73.00622,-13.90612],[-72.987,-13.92098],[-72.97929,-13.93173],[-72.96905,-13.93862],[-72.96474,-13.95654],[-72.96478,-13.96538],[-72.96092,-13.97077],[-72.95239,-13.9723],[-72.94892,-13.96889],[-72.9278,-13.98105],[-72.92059,-13.98356],[-72.91238,-13.99618],[-72.91933,-14.00643],[-72.92989,-14.00764],[-72.92648,-14.01412],[-72.9298,-14.01981],[-72.92914,-14.03014],[-72.93265,-14.0365],[-72.94314,-14.03504],[-72.95395,-14.04933],[-72.96527,-14.05645],[-72.98495,-14.07383],[-72.98906,-14.08104],[-72.99023,-14.09738],[-73.00474,-14.12052],[-73.01974,-14.11262]]]}},{"type":"Feature","properties":{"ubigeo":"030103","nombre":"Circa"},"geometry":{"type":"Polygon","coordinates":[[[-72.89235,-14.17039],[-72.90181,-14.16509],[-72.90784,-14.16707],[-72.9068,-14.15775],[-72.91368,-14.14729],[-72.92329,-14.14305],[-72.92928,-14.13625],[-72.93497,-14.13835],[-72.93647,-14.14819],[-72.94421,-14.15107],[-72.95306,-14.14065],[-72.96289,-14.13959],[-72.97498,-14.13041],[-72.97532,-14.12163],[-72.98029,-14.11834],[-72.9905,-14.1211],[-73.00474,-14.12052],[-72.99023,-14.09738],[-72.98906,-14.08104],[-72.98495,-14.07383],[-72.96527,-14.05645],[-72.95395,-14.04933],[-72.94314,-14.03504],[-72.93265,-14.0365],[-72.92914,-14.03014],[-72.9298,-14.01981],[-72.92648,-14.01412],[-72.92989,-14.00764],[-72.91933,-14.00643],[-72.91238,-13.99618],[-72.92059,-13.98356],[-72.9278,-13.98105],[-72.94892,-13.96889],[-72.95239,-13.9723],[-72.96092,-13.97077],[-72.96478,-13.96538],[-72.96474,-13.95654],[-72.96905,-13.93862],[-72.97929,-13.93173],[-72.987,-13.92098],[-73.00622,-13.90612],[-73.00898,-13.8975],[-73.01794,-13.89029],[-73.0195,-13.87984],[-73.02762,-13.87253],[-73.02419,-13.86247],[-73.01767,-13.85937],[-73.00275,-13.85975],[-72.9962,-13.86264],[-72.9852,-13.8619],[-72.98049,-13.85529],[-72.98389,-13.84706],[-72.97108,-13.83477],[-72.95936,-13.8114],[-72.9596,-13.79748],[-72.95573,-13.79174],[-72.94389,-13.78578],[-72.93678,-13.77879],[-72.93221,-13.78766],[-72.93071,-13.79986],[-72.91986,-13.80841],[-72.91388,-13.8221],[-72.91397,-13.83148],[-72.90502,-13.83562],[-72.88998,-13.82953],[-72.87404,-13.82982],[-72.86905,-13.83581],[-72.85613,-13.84379],[-72.85244,-13.85819],[-72.8455,-13.86332],[-72.83752,-13.86427],[-72.83099,-13.87406],[-72.82341,-13.87447],[-72.81853,-13.87893],[-72.82054,-13.89847],[-72.81021,-13.89948],[-72.79839,-13.89256],[-72.78549,-13.89081],[-72.77441,-13.89422],[-72.7719,-13.90869],[-72.77507,-13.917],[-72.76191,-13.93986],[-72.76625,-13.95597],[-72.75798,-13.96345],[-72.76325,-13.97897],[-72.78272,-13.9823],[-72.78892,-13.98046],[-72.79113,-14.00338],[-72.7971,-14.00697],[-72.80352,-14.01977],[-72.80491,-14.03538],[-72.79438,-14.05474],[-72.79916,-14.06254],[-72.79852,-14.07126],[-72.80561,-14.0734],[-72.80574,-14.08056],[-72.81721,-14.09545],[-72.833,-14.09663],[-72.84159,-14.09349],[-72.84844,-14.0974],[-72.85123,-14.09407],[-72.85911,-14.09863],[-72.85565,-14.10858],[-72.86203,-14.1186],[-72.87562,-14.12287],[-72.87935,-14.1321],[-72.87506,-14.13386],[-72.88092,-14.14447],[-72.88701,-14.14628],[-72.88687,-14.16161],[-72.89235,-14.17039]]]}},{"type":"Feature","properties":{"ubigeo":"030104","nombre":"Curahuasi"},"geometry":{"type":"Polygon","coordinates":[[[-72.4,-13.63332],[-72.39982,-13.64185],[-72.41306,-13.64565],[-72.42188,-13.65061],[-72.42321,-13.65832],[-72.42861,-13.66261],[-72.43107,-13.67641],[-72.43722,-13.68083],[-72.43933,-13.69983],[-72.43802,-13.70598],[-72.44579,-13.73444],[-72.44712,-13.75806],[-72.4493,-13.76383],[-72.45552,-13.77571],[-72.45386,-13.78227],[-72.46038,-13.79021],[-72.46958,-13.77072],[-72.49178,-13.75061],[-72.49753,-13.75169],[-72.50143,-13.74694],[-72.51106,-13.75039],[-72.5159,-13.74821],[-72.52706,-13.751],[-72.54258,-13.74793],[-72.55352,-13.75082],[-72.56712,-13.74314],[-72.57662,-13.74356],[-72.57356,-13.73185],[-72.5921,-13.73032],[-72.59691,-13.73903],[-72.60684,-13.74265],[-72.60925,-13.74896],[-72.61863,-13.74812],[-72.63124,-13.7517],[-72.64227,-13.75805],[-72.6401,-13.76661],[-72.6487,-13.77202],[-72.65674,-13.76911],[-72.66367,-13.77356],[-72.66958,-13.77034],[-72.67892,-13.776],[-72.69308,-13.77415],[-72.70245,-13.76574],[-72.70399,-13.75962],[-72.69674,-13.7483],[-72.7019,-13.74457],[-72.71017,-13.7464],[-72.71205,-13.73386],[-72.72502,-13.73087],[-72.72763,-13.72304],[-72.73459,-13.71448],[-72.73066,-13.70845],[-72.73501,-13.69991],[-72.74904,-13.70434],[-72.7605,-13.70221],[-72.7637,-13.69809],[-72.76147,-13.68293],[-72.75853,-13.67884],[-72.76272,-13.67301],[-72.74454,-13.66224],[-72.7392,-13.64708],[-72.74616,-13.63392],[-72.76089,-13.62416],[-72.7823,-13.61702],[-72.79864,-13.60461],[-72.80125,-13.59898],[-72.81426,-13.5904],[-72.82195,-13.57079],[-72.82926,-13.56282],[-72.83086,-13.55594],[-72.81859,-13.5529],[-72.81691,-13.54617],[-72.80921,-13.54098],[-72.79401,-13.53563],[-72.78918,-13.52727],[-72.77086,-13.51351],[-72.75272,-13.49081],[-72.75032,-13.4782],[-72.74545,-13.4829],[-72.73138,-13.48534],[-72.7297,-13.49055],[-72.71629,-13.49043],[-72.70924,-13.50118],[-72.7021,-13.50298],[-72.6957,-13.51036],[-72.68025,-13.51481],[-72.67207,-13.5221],[-72.66836,-13.51728],[-72.65677,-13.51335],[-72.64805,-13.5194],[-72.64921,-13.52431],[-72.64243,-13.53154],[-72.63688,-13.54214],[-72.62584,-13.53556],[-72.61299,-13.54606],[-72.60207,-13.54418],[-72.59619,-13.54989],[-72.59339,-13.56217],[-72.58762,-13.56039],[-72.57593,-13.56276],[-72.56905,-13.55952],[-72.56304,-13.55142],[-72.54812,-13.55602],[-72.53338,-13.57239],[-72.52495,-13.56662],[-72.51348,-13.57398],[-72.50492,-13.57417],[-72.49177,-13.58262],[-72.48641,-13.5919],[-72.47698,-13.58826],[-72.46632,-13.5878],[-72.45961,-13.59055],[-72.45129,-13.59997],[-72.43616,-13.60539],[-72.4214,-13.60608],[-72.41832,-13.61472],[-72.40948,-13.62025],[-72.4,-13.63332]]]}},{"type":"Feature","properties":{"ubigeo":"030105","nombre":"Huanipaca"},"geometry":{"type":"Polygon","coordinates":[[[-72.85907,-13.41864],[-72.85708,-13.4241],[-72.85668,-13.44443],[-72.8506,-13.45447],[-72.84225,-13.46203],[-72.83892,-13.46957],[-72.84689,-13.48696],[-72.84591,-13.49435],[-72.85711,-13.50396],[-72.8594,-13.51095],[-72.8551,-13.51451],[-72.85503,-13.52248],[-72.87248,-13.53844],[-72.87732,-13.54495],[-72.88797,-13.54945],[-72.89626,-13.54876],[-72.8997,-13.55462],[-72.91965,-13.55409],[-72.92425,-13.55215],[-72.93158,-13.55616],[-72.93639,-13.55086],[-72.95245,-13.54816],[-72.95936,-13.55108],[-72.97742,-13.5482],[-73,-13.56525],[-73.00239,-13.57229],[-73.01295,-13.57441],[-73.01596,-13.56481],[-73.02731,-13.5606],[-73.03609,-13.56435],[-73.04199,-13.56248],[-73.04403,-13.55036],[-73.04175,-13.54116],[-73.04775,-13.53197],[-73.0558,-13.52492],[-73.08543,-13.51146],[-73.09396,-13.50303],[-73.10558,-13.49797],[-73.11314,-13.48937],[-73.1264,-13.48646],[-73.13272,-13.4719],[-73.13904,-13.46539],[-73.14215,-13.44901],[-73.15488,-13.44292],[-73.16016,-13.44334],[-73.15772,-13.43737],[-73.14865,-13.43521],[-73.14987,-13.42328],[-73.14411,-13.41912],[-73.12609,-13.44005],[-73.10888,-13.43574],[-73.10338,-13.44859],[-73.08801,-13.44417],[-73.07488,-13.44306],[-73.0588,-13.43655],[-73.04405,-13.41196],[-73.03157,-13.41354],[-73.02802,-13.41982],[-73.01513,-13.42667],[-73.00471,-13.42039],[-72.99988,-13.41082],[-72.98763,-13.40429],[-72.9856,-13.39786],[-72.97649,-13.3882],[-72.95191,-13.38961],[-72.94341,-13.38622],[-72.92596,-13.38307],[-72.91031,-13.38476],[-72.90924,-13.38928],[-72.89813,-13.38792],[-72.88884,-13.39943],[-72.88991,-13.40799],[-72.88631,-13.41587],[-72.86579,-13.41588],[-72.85907,-13.41864]]]}},{"type":"Feature","properties":{"ubigeo":"030106","nombre":"Lambrama"},"geometry":{"type":"Polygon","coordinates":[[[-72.67892,-13.776],[-72.67558,-13.7879],[-72.66922,-13.79521],[-72.6578,-13.8003],[-72.65591,-13.81119],[-72.64011,-13.81888],[-72.63787,-13.83049],[-72.64505,-13.83692],[-72.64397,-13.8483],[-72.63795,-13.86223],[-72.64692,-13.85719],[-72.65666,-13.86417],[-72.66248,-13.8649],[-72.67472,-13.87327],[-72.68229,-13.88696],[-72.69563,-13.89329],[-72.70502,-13.89435],[-72.71103,-13.90312],[-72.72748,-13.90778],[-72.7358,-13.9145],[-72.73937,-13.92922],[-72.73251,-13.93369],[-72.72685,-13.94732],[-72.73713,-13.95089],[-72.74918,-13.96653],[-72.75798,-13.96345],[-72.76625,-13.95597],[-72.76191,-13.93986],[-72.77507,-13.917],[-72.7719,-13.90869],[-72.77441,-13.89422],[-72.78549,-13.89081],[-72.79839,-13.89256],[-72.81021,-13.89948],[-72.82054,-13.89847],[-72.81853,-13.87893],[-72.82341,-13.87447],[-72.83099,-13.87406],[-72.83752,-13.86427],[-72.8455,-13.86332],[-72.85244,-13.85819],[-72.85613,-13.84379],[-72.86905,-13.83581],[-72.87404,-13.82982],[-72.88998,-13.82953],[-72.90502,-13.83562],[-72.91397,-13.83148],[-72.91388,-13.8221],[-72.91986,-13.80841],[-72.93071,-13.79986],[-72.93221,-13.78766],[-72.93678,-13.77879],[-72.93516,-13.7721],[-72.92748,-13.76865],[-72.922,-13.74435],[-72.92212,-13.7202],[-72.91778,-13.7167],[-72.9131,-13.69958],[-72.91659,-13.68815],[-72.90424,-13.68392],[-72.8945,-13.69313],[-72.87495,-13.69843],[-72.86612,-13.70771],[-72.85873,-13.71173],[-72.83771,-13.71346],[-72.81941,-13.70401],[-72.80362,-13.70337],[-72.79544,-13.71284],[-72.78225,-13.71748],[-72.77005,-13.70068],[-72.7637,-13.69809],[-72.7605,-13.70221],[-72.74904,-13.70434],[-72.73501,-13.69991],[-72.73066,-13.70845],[-72.73459,-13.71448],[-72.72763,-13.72304],[-72.72502,-13.73087],[-72.71205,-13.73386],[-72.71017,-13.7464],[-72.7019,-13.74457],[-72.69674,-13.7483],[-72.70399,-13.75962],[-72.70245,-13.76574],[-72.69308,-13.77415],[-72.67892,-13.776]]]}},{"type":"Feature","properties":{"ubigeo":"030107","nombre":"Pichirhua"},"geometry":{"type":"Polygon","coordinates":[[[-72.93678,-13.77879],[-72.94389,-13.78578],[-72.95573,-13.79174],[-72.9596,-13.79748],[-72.95936,-13.8114],[-72.97108,-13.83477],[-72.98389,-13.84706],[-72.98049,-13.85529],[-72.9852,-13.8619],[-72.9962,-13.86264],[-73.00275,-13.85975],[-73.01767,-13.85937],[-73.02419,-13.86247],[-73.02762,-13.87253],[-73.02768,-13.8856],[-73.04256,-13.8928],[-73.04535,-13.90048],[-73.05553,-13.89634],[-73.07374,-13.89699],[-73.08024,-13.89104],[-73.09887,-13.86845],[-73.10709,-13.8659],[-73.11751,-13.85093],[-73.12448,-13.84598],[-73.12753,-13.83858],[-73.13982,-13.82869],[-73.14327,-13.8223],[-73.16139,-13.8157],[-73.1719,-13.80364],[-73.16685,-13.79791],[-73.16645,-13.791],[-73.1603,-13.77679],[-73.14232,-13.76778],[-73.13152,-13.76672],[-73.12293,-13.76044],[-73.11958,-13.75344],[-73.10308,-13.76305],[-73.09558,-13.75364],[-73.09178,-13.74337],[-73.0837,-13.74347],[-73.0787,-13.74822],[-73.0775,-13.73241],[-73.07329,-13.73113],[-73.06893,-13.73098],[-73.06053,-13.72044],[-73.05137,-13.72176],[-73.04935,-13.71498],[-73.0401,-13.71475],[-73.02621,-13.70774],[-73.01501,-13.71329],[-73.00702,-13.71171],[-72.99689,-13.70411],[-72.97774,-13.70027],[-72.96607,-13.67942],[-72.96042,-13.67571],[-72.95583,-13.66272],[-72.94463,-13.65213],[-72.93883,-13.65878],[-72.93628,-13.66792],[-72.92649,-13.6729],[-72.91659,-13.68815],[-72.9131,-13.69958],[-72.91778,-13.7167],[-72.92212,-13.7202],[-72.922,-13.74435],[-72.92748,-13.76865],[-72.93516,-13.7721],[-72.93678,-13.77879]]]}},{"type":"Feature","properties":{"ubigeo":"030108","nombre":"San Pedro de Cachora"},"geometry":{"type":"Polygon","coordinates":[[[-72.75032,-13.4782],[-72.75272,-13.49081],[-72.77086,-13.51351],[-72.78918,-13.52727],[-72.79401,-13.53563],[-72.80921,-13.54098],[-72.81691,-13.54617],[-72.81859,-13.5529],[-72.83086,-13.55594],[-72.85238,-13.55497],[-72.8682,-13.54487],[-72.87732,-13.54495],[-72.87248,-13.53844],[-72.85503,-13.52248],[-72.8551,-13.51451],[-72.8594,-13.51095],[-72.85711,-13.50396],[-72.84591,-13.49435],[-72.84689,-13.48696],[-72.83892,-13.46957],[-72.84225,-13.46203],[-72.8506,-13.45447],[-72.85668,-13.44443],[-72.85708,-13.4241],[-72.85907,-13.41864],[-72.83827,-13.42707],[-72.8264,-13.42182],[-72.81626,-13.42652],[-72.80575,-13.42194],[-72.79341,-13.42612],[-72.793,-13.43631],[-72.79702,-13.45124],[-72.78946,-13.45792],[-72.78065,-13.45654],[-72.77286,-13.44888],[-72.77012,-13.45389],[-72.75887,-13.46262],[-72.75134,-13.47236],[-72.75032,-13.4782]]]}},{"type":"Feature","properties":{"ubigeo":"030109","nombre":"Tamburco"},"geometry":{"type":"Polygon","coordinates":[[[-72.82195,-13.57079],[-72.83148,-13.58627],[-72.84809,-13.59593],[-72.84816,-13.60173],[-72.8555,-13.61589],[-72.86623,-13.61966],[-72.8723,-13.63003],[-72.87904,-13.62504],[-72.88495,-13.604],[-72.89531,-13.59377],[-72.90489,-13.58043],[-72.91878,-13.57432],[-72.9223,-13.56352],[-72.93158,-13.55616],[-72.92425,-13.55215],[-72.91965,-13.55409],[-72.8997,-13.55462],[-72.89626,-13.54876],[-72.88797,-13.54945],[-72.87732,-13.54495],[-72.8682,-13.54487],[-72.85238,-13.55497],[-72.83086,-13.55594],[-72.82926,-13.56282],[-72.82195,-13.57079]]]}},{"type":"Feature","properties":{"ubigeo":"030201","nombre":"Andahuaylas"},"geometry":{"type":"Polygon","coordinates":[[[-73.31368,-13.73488],[-73.32864,-13.73275],[-73.33464,-13.72461],[-73.34192,-13.72308],[-73.37214,-13.70798],[-73.37824,-13.71517],[-73.37352,-13.72585],[-73.37509,-13.74024],[-73.38348,-13.75085],[-73.38659,-13.76738],[-73.37349,-13.80094],[-73.3658,-13.80957],[-73.35818,-13.82726],[-73.35657,-13.83751],[-73.36042,-13.85408],[-73.34862,-13.87366],[-73.34196,-13.88792],[-73.33309,-13.89405],[-73.32223,-13.89567],[-73.31488,-13.9013],[-73.32111,-13.90529],[-73.33185,-13.90658],[-73.33785,-13.91397],[-73.35454,-13.92656],[-73.35663,-13.91536],[-73.36465,-13.91106],[-73.37494,-13.8992],[-73.38795,-13.8966],[-73.39356,-13.89148],[-73.40974,-13.89138],[-73.41321,-13.88321],[-73.41166,-13.86874],[-73.40613,-13.85605],[-73.40451,-13.84586],[-73.41047,-13.83393],[-73.41531,-13.83337],[-73.41782,-13.82624],[-73.41135,-13.81596],[-73.41751,-13.8094],[-73.42528,-13.80686],[-73.42624,-13.8015],[-73.4335,-13.79691],[-73.43332,-13.77356],[-73.42827,-13.75597],[-73.43216,-13.74487],[-73.42875,-13.73345],[-73.42475,-13.71971],[-73.43077,-13.69611],[-73.42155,-13.68694],[-73.42482,-13.67199],[-73.42249,-13.66004],[-73.41353,-13.65418],[-73.40877,-13.63537],[-73.41378,-13.62759],[-73.40841,-13.60559],[-73.4033,-13.60592],[-73.39152,-13.61648],[-73.38306,-13.63931],[-73.37633,-13.64934],[-73.36764,-13.65724],[-73.36752,-13.67218],[-73.35676,-13.67899],[-73.35298,-13.69612],[-73.33946,-13.69836],[-73.3342,-13.70772],[-73.32337,-13.7124],[-73.32207,-13.72601],[-73.31368,-13.73488]]]}},{"type":"Feature","properties":{"ubigeo":"030202","nombre":"Andarapa"},"geometry":{"type":"Polygon","coordinates":[[[-73.30881,-13.55187],[-73.31219,-13.56041],[-73.31885,-13.56489],[-73.34024,-13.56393],[-73.34566,-13.56701],[-73.37202,-13.55863],[-73.37715,-13.55426],[-73.39396,-13.5505],[-73.41643,-13.55457],[-73.42301,-13.55862],[-73.4325,-13.55302],[-73.43546,-13.5416],[-73.43459,-13.53363],[-73.4434,-13.51568],[-73.45863,-13.50015],[-73.47265,-13.48911],[-73.47006,-13.4846],[-73.47676,-13.47473],[-73.4644,-13.46511],[-73.46337,-13.45926],[-73.45291,-13.44466],[-73.44539,-13.43036],[-73.43608,-13.42996],[-73.42892,-13.43787],[-73.40958,-13.43673],[-73.40332,-13.44475],[-73.38664,-13.43986],[-73.36964,-13.44225],[-73.36599,-13.43676],[-73.34716,-13.43483],[-73.34116,-13.44131],[-73.33298,-13.4444],[-73.3322,-13.45614],[-73.33237,-13.47405],[-73.32799,-13.49124],[-73.31678,-13.50596],[-73.32062,-13.51837],[-73.32391,-13.53777],[-73.30881,-13.55187]]]}},{"type":"Feature","properties":{"ubigeo":"030203","nombre":"Chiara"},"geometry":{"type":"Polygon","coordinates":[[[-73.54128,-13.84146],[-73.54444,-13.8551],[-73.54979,-13.86312],[-73.548,-13.88582],[-73.5451,-13.89215],[-73.54579,-13.90234],[-73.54111,-13.90919],[-73.54891,-13.91122],[-73.55316,-13.92633],[-73.56072,-13.92655],[-73.57243,-13.93609],[-73.5806,-13.94589],[-73.58626,-13.92248],[-73.58922,-13.9174],[-73.60455,-13.91971],[-73.62254,-13.91425],[-73.63129,-13.90888],[-73.63699,-13.91369],[-73.64012,-13.92516],[-73.6546,-13.93905],[-73.65647,-13.92995],[-73.66303,-13.92371],[-73.67915,-13.91632],[-73.68547,-13.9051],[-73.68909,-13.89076],[-73.69385,-13.88599],[-73.69283,-13.87648],[-73.69463,-13.86136],[-73.66207,-13.83526],[-73.64795,-13.82156],[-73.62356,-13.84519],[-73.59456,-13.84431],[-73.59822,-13.83029],[-73.57853,-13.83027],[-73.57391,-13.82764],[-73.56048,-13.83326],[-73.55075,-13.8398],[-73.54128,-13.84146]]]}},{"type":"Feature","properties":{"ubigeo":"030204","nombre":"Huancarama"},"geometry":{"type":"Polygon","coordinates":[[[-72.94463,-13.65213],[-72.95583,-13.66272],[-72.96042,-13.67571],[-72.96607,-13.67942],[-72.97774,-13.70027],[-72.99689,-13.70411],[-73.00702,-13.71171],[-73.01501,-13.71329],[-73.02621,-13.70774],[-73.0401,-13.71475],[-73.04935,-13.71498],[-73.05137,-13.72176],[-73.06053,-13.72044],[-73.06893,-13.73098],[-73.07329,-13.73113],[-73.07448,-13.72458],[-73.07014,-13.72075],[-73.06788,-13.70347],[-73.07429,-13.69823],[-73.09585,-13.68987],[-73.09532,-13.67356],[-73.11171,-13.64988],[-73.1124,-13.6421],[-73.11025,-13.63283],[-73.10407,-13.63036],[-73.08956,-13.63312],[-73.08356,-13.62612],[-73.07425,-13.62922],[-73.07098,-13.62653],[-73.05694,-13.62818],[-73.04201,-13.63575],[-73.03053,-13.63749],[-73.02262,-13.62484],[-73.03084,-13.61423],[-73.02349,-13.59322],[-73.03336,-13.58324],[-73.04199,-13.56248],[-73.03609,-13.56435],[-73.02731,-13.5606],[-73.01596,-13.56481],[-73.01295,-13.57441],[-72.99591,-13.60362],[-72.97777,-13.62706],[-72.95429,-13.63781],[-72.94463,-13.65213]]]}},{"type":"Feature","properties":{"ubigeo":"030205","nombre":"Huancaray"},"geometry":{"type":"Polygon","coordinates":[[[-73.51756,-13.84384],[-73.53177,-13.84403],[-73.54128,-13.84146],[-73.55075,-13.8398],[-73.56048,-13.83326],[-73.57391,-13.82764],[-73.57437,-13.81767],[-73.59302,-13.81137],[-73.58902,-13.79943],[-73.58359,-13.79488],[-73.57769,-13.78313],[-73.58187,-13.77867],[-73.5806,-13.7656],[-73.59147,-13.75795],[-73.5951,-13.74667],[-73.5996,-13.74441],[-73.60035,-13.72893],[-73.58831,-13.73168],[-73.58147,-13.7369],[-73.57907,-13.72193],[-73.56637,-13.71371],[-73.55549,-13.71372],[-73.53918,-13.70182],[-73.53324,-13.69302],[-73.52823,-13.70135],[-73.5234,-13.7173],[-73.50706,-13.71143],[-73.49846,-13.71353],[-73.49851,-13.73091],[-73.5037,-13.74218],[-73.5074,-13.757],[-73.51676,-13.7664],[-73.51711,-13.7796],[-73.52218,-13.78445],[-73.523,-13.80001],[-73.52075,-13.81132],[-73.51532,-13.8147],[-73.5134,-13.83487],[-73.51756,-13.84384]]]}},{"type":"Feature","properties":{"ubigeo":"030206","nombre":"Huayana"},"geometry":{"type":"Polygon","coordinates":[[[-73.61558,-14.06943],[-73.6184,-14.05896],[-73.62578,-14.04902],[-73.62049,-14.04144],[-73.62167,-14.03267],[-73.61832,-14.02613],[-73.61968,-14.01669],[-73.60562,-14.01923],[-73.59123,-14.01652],[-73.57892,-14.00941],[-73.57271,-14],[-73.57353,-13.98414],[-73.56563,-13.97848],[-73.55083,-13.95317],[-73.55316,-13.92633],[-73.54317,-13.91865],[-73.5347,-13.92311],[-73.52403,-13.92471],[-73.52351,-13.91959],[-73.51435,-13.91158],[-73.50278,-13.91417],[-73.4968,-13.92088],[-73.49587,-13.92983],[-73.48862,-13.93456],[-73.49208,-13.95071],[-73.509,-13.96436],[-73.52322,-13.96984],[-73.52958,-13.98302],[-73.52404,-13.99006],[-73.5152,-13.99183],[-73.50774,-14.00052],[-73.51594,-14.02373],[-73.52984,-14.02887],[-73.53831,-14.0257],[-73.54946,-14.02601],[-73.56558,-14.03279],[-73.571,-14.03733],[-73.58389,-14.04028],[-73.58958,-14.04646],[-73.59051,-14.05768],[-73.59487,-14.06452],[-73.6095,-14.06408],[-73.61558,-14.06943]]]}},{"type":"Feature","properties":{"ubigeo":"030207","nombre":"Kishuara"},"geometry":{"type":"Polygon","coordinates":[[[-73.07329,-13.73113],[-73.0775,-13.73241],[-73.0787,-13.74822],[-73.0837,-13.74347],[-73.09178,-13.74337],[-73.09558,-13.75364],[-73.10308,-13.76305],[-73.11958,-13.75344],[-73.12293,-13.76044],[-73.13152,-13.76672],[-73.14232,-13.76778],[-73.1603,-13.77679],[-73.16645,-13.791],[-73.16685,-13.79791],[-73.1719,-13.80364],[-73.18276,-13.80034],[-73.18487,-13.7887],[-73.19515,-13.78145],[-73.20052,-13.78137],[-73.21444,-13.75987],[-73.22295,-13.75734],[-73.21792,-13.74713],[-73.22046,-13.74207],[-73.20712,-13.73098],[-73.20452,-13.71869],[-73.2096,-13.71027],[-73.2061,-13.70753],[-73.19905,-13.68648],[-73.20428,-13.67524],[-73.2133,-13.67113],[-73.22575,-13.66125],[-73.22806,-13.65264],[-73.22994,-13.63707],[-73.22772,-13.63213],[-73.22729,-13.61462],[-73.22075,-13.58479],[-73.21394,-13.57824],[-73.2071,-13.56198],[-73.22852,-13.54693],[-73.22881,-13.54191],[-73.21017,-13.53976],[-73.20314,-13.53605],[-73.19496,-13.52661],[-73.17134,-13.52233],[-73.15829,-13.52374],[-73.15205,-13.52906],[-73.13616,-13.53384],[-73.14171,-13.55079],[-73.13483,-13.56506],[-73.14059,-13.57253],[-73.14891,-13.57559],[-73.14901,-13.58192],[-73.14311,-13.58736],[-73.14086,-13.60084],[-73.13674,-13.60547],[-73.14192,-13.61181],[-73.13601,-13.62504],[-73.1124,-13.6421],[-73.11171,-13.64988],[-73.09532,-13.67356],[-73.09585,-13.68987],[-73.07429,-13.69823],[-73.06788,-13.70347],[-73.07014,-13.72075],[-73.07448,-13.72458],[-73.07329,-13.73113]]]}},{"type":"Feature","properties":{"ubigeo":"030208","nombre":"Pacobamba"},"geometry":{"type":"Polygon","coordinates":[[[-73.04199,-13.56248],[-73.03336,-13.58324],[-73.02349,-13.59322],[-73.03084,-13.61423],[-73.02262,-13.62484],[-73.03053,-13.63749],[-73.04201,-13.63575],[-73.05694,-13.62818],[-73.07098,-13.62653],[-73.07425,-13.62922],[-73.08356,-13.62612],[-73.08956,-13.63312],[-73.10407,-13.63036],[-73.11025,-13.63283],[-73.1124,-13.6421],[-73.13601,-13.62504],[-73.14192,-13.61181],[-73.13674,-13.60547],[-73.14086,-13.60084],[-73.14311,-13.58736],[-73.14901,-13.58192],[-73.14891,-13.57559],[-73.14059,-13.57253],[-73.13483,-13.56506],[-73.14171,-13.55079],[-73.13616,-13.53384],[-73.15205,-13.52906],[-73.15829,-13.52374],[-73.17134,-13.52233],[-73.19496,-13.52661],[-73.20314,-13.53605],[-73.21017,-13.53976],[-73.22881,-13.54191],[-73.23346,-13.52395],[-73.23962,-13.51063],[-73.23357,-13.50077],[-73.23724,-13.49188],[-73.23646,-13.47666],[-73.22357,-13.46906],[-73.22015,-13.46308],[-73.22318,-13.44978],[-73.20977,-13.43254],[-73.21188,-13.41906],[-73.20442,-13.41173],[-73.18635,-13.41906],[-73.18974,-13.42736],[-73.18408,-13.43191],[-73.18612,-13.44113],[-73.17619,-13.45121],[-73.16754,-13.45228],[-73.16016,-13.44334],[-73.15488,-13.44292],[-73.14215,-13.44901],[-73.13904,-13.46539],[-73.13272,-13.4719],[-73.1264,-13.48646],[-73.11314,-13.48937],[-73.10558,-13.49797],[-73.09396,-13.50303],[-73.08543,-13.51146],[-73.0558,-13.52492],[-73.04775,-13.53197],[-73.04175,-13.54116],[-73.04403,-13.55036],[-73.04199,-13.56248]]]}},{"type":"Feature","properties":{"ubigeo":"030209","nombre":"Pacucha"},"geometry":{"type":"Polygon","coordinates":[[[-73.4033,-13.60592],[-73.40841,-13.60559],[-73.41397,-13.60109],[-73.41703,-13.58129],[-73.41632,-13.5693],[-73.42301,-13.55862],[-73.41643,-13.55457],[-73.39396,-13.5505],[-73.37715,-13.55426],[-73.37202,-13.55863],[-73.34566,-13.56701],[-73.34024,-13.56393],[-73.31885,-13.56489],[-73.31219,-13.56041],[-73.30881,-13.55187],[-73.2845,-13.56273],[-73.2824,-13.56536],[-73.25483,-13.58065],[-73.25481,-13.58649],[-73.24187,-13.58178],[-73.24175,-13.56441],[-73.23842,-13.5502],[-73.22881,-13.54191],[-73.22852,-13.54693],[-73.2071,-13.56198],[-73.21394,-13.57824],[-73.22075,-13.58479],[-73.22729,-13.61462],[-73.22772,-13.63213],[-73.22994,-13.63707],[-73.22806,-13.65264],[-73.23708,-13.64808],[-73.25467,-13.65048],[-73.26188,-13.64938],[-73.27073,-13.658],[-73.27914,-13.65469],[-73.29143,-13.64321],[-73.30232,-13.64873],[-73.3095,-13.64455],[-73.31858,-13.644],[-73.33036,-13.6366],[-73.35513,-13.6277],[-73.36639,-13.62065],[-73.37708,-13.61069],[-73.3982,-13.60506],[-73.4033,-13.60592]]]}},{"type":"Feature","properties":{"ubigeo":"030210","nombre":"Pampachiri"},"geometry":{"type":"Polygon","coordinates":[[[-73.4602,-14.44034],[-73.4669,-14.44665],[-73.47299,-14.44652],[-73.472,-14.4587],[-73.47704,-14.4697],[-73.47532,-14.47573],[-73.49024,-14.49105],[-73.49328,-14.50722],[-73.49082,-14.52773],[-73.4865,-14.53503],[-73.50701,-14.54431],[-73.52075,-14.53355],[-73.52386,-14.51159],[-73.53246,-14.50724],[-73.53668,-14.4982],[-73.53506,-14.49154],[-73.54577,-14.48269],[-73.55456,-14.4807],[-73.5514,-14.465],[-73.56899,-14.45933],[-73.57473,-14.44329],[-73.57389,-14.43197],[-73.57961,-14.42526],[-73.58175,-14.41613],[-73.57302,-14.4159],[-73.55964,-14.40991],[-73.55386,-14.40122],[-73.55515,-14.38893],[-73.55351,-14.37751],[-73.54699,-14.36654],[-73.54218,-14.36549],[-73.53384,-14.35429],[-73.52801,-14.32256],[-73.51719,-14.30936],[-73.51225,-14.26816],[-73.51814,-14.26322],[-73.52117,-14.25031],[-73.51883,-14.2469],[-73.52336,-14.22833],[-73.52884,-14.22775],[-73.52862,-14.22112],[-73.54406,-14.20866],[-73.5452,-14.19698],[-73.55313,-14.19211],[-73.55772,-14.17618],[-73.56485,-14.16771],[-73.56931,-14.15506],[-73.57794,-14.14473],[-73.58194,-14.13059],[-73.58268,-14.11985],[-73.58662,-14.11034],[-73.56441,-14.11289],[-73.5602,-14.11712],[-73.55272,-14.11409],[-73.54751,-14.11692],[-73.54634,-14.12738],[-73.53181,-14.13137],[-73.52609,-14.12814],[-73.51387,-14.13026],[-73.5045,-14.14363],[-73.48677,-14.14577],[-73.46568,-14.13689],[-73.45725,-14.12596],[-73.44397,-14.12091],[-73.43185,-14.1117],[-73.40981,-14.10734],[-73.41054,-14.11937],[-73.39985,-14.13463],[-73.4047,-14.14686],[-73.39654,-14.15943],[-73.40057,-14.16617],[-73.41118,-14.16606],[-73.41537,-14.18063],[-73.41021,-14.18463],[-73.39731,-14.18783],[-73.39376,-14.20723],[-73.39543,-14.21251],[-73.3859,-14.21824],[-73.37957,-14.23393],[-73.38059,-14.25752],[-73.37437,-14.26577],[-73.37595,-14.27569],[-73.37007,-14.27833],[-73.3702,-14.28575],[-73.37711,-14.29456],[-73.37642,-14.30041],[-73.36877,-14.31074],[-73.37047,-14.32027],[-73.38219,-14.32291],[-73.40224,-14.33401],[-73.40903,-14.33609],[-73.42125,-14.34597],[-73.42578,-14.35517],[-73.42671,-14.37493],[-73.4367,-14.38174],[-73.45313,-14.40255],[-73.44812,-14.41764],[-73.45973,-14.43222],[-73.4602,-14.44034]]]}},{"type":"Feature","properties":{"ubigeo":"030211","nombre":"Pomacocha"},"geometry":{"type":"Polygon","coordinates":[[[-73.40981,-14.10734],[-73.43185,-14.1117],[-73.44397,-14.12091],[-73.45725,-14.12596],[-73.46568,-14.13689],[-73.48677,-14.14577],[-73.5045,-14.14363],[-73.51387,-14.13026],[-73.52609,-14.12814],[-73.53181,-14.13137],[-73.54634,-14.12738],[-73.54751,-14.11692],[-73.55272,-14.11409],[-73.5602,-14.11712],[-73.56441,-14.11289],[-73.58662,-14.11034],[-73.59178,-14.10956],[-73.60373,-14.09341],[-73.60884,-14.09232],[-73.61439,-14.07652],[-73.61558,-14.06943],[-73.6095,-14.06408],[-73.59487,-14.06452],[-73.59016,-14.06671],[-73.57688,-14.06155],[-73.5667,-14.06093],[-73.55156,-14.07008],[-73.54443,-14.08378],[-73.53875,-14.08774],[-73.52509,-14.08852],[-73.52015,-14.10639],[-73.51605,-14.11067],[-73.50816,-14.1111],[-73.48881,-14.10557],[-73.47849,-14.08982],[-73.46312,-14.08173],[-73.45526,-14.07266],[-73.44136,-14.06651],[-73.41099,-14.0506],[-73.39535,-14.05562],[-73.37712,-14.07597],[-73.37865,-14.09185],[-73.38329,-14.09753],[-73.39115,-14.0971],[-73.39872,-14.10387],[-73.40981,-14.10734]]]}},{"type":"Feature","properties":{"ubigeo":"030212","nombre":"San Antonio de Cachi"},"geometry":{"type":"Polygon","coordinates":[[[-73.57391,-13.82764],[-73.57853,-13.83027],[-73.59822,-13.83029],[-73.59456,-13.84431],[-73.62356,-13.84519],[-73.64795,-13.82156],[-73.66207,-13.83526],[-73.69463,-13.86136],[-73.69692,-13.8498],[-73.71465,-13.83456],[-73.72426,-13.8212],[-73.72869,-13.81612],[-73.73354,-13.80144],[-73.74326,-13.78733],[-73.7413,-13.77861],[-73.74789,-13.76337],[-73.7344,-13.7541],[-73.72566,-13.75556],[-73.7164,-13.75039],[-73.70916,-13.75191],[-73.69292,-13.74942],[-73.68595,-13.74561],[-73.6875,-13.73994],[-73.66954,-13.73823],[-73.67371,-13.73074],[-73.66274,-13.72881],[-73.65722,-13.73237],[-73.62896,-13.73658],[-73.6228,-13.73254],[-73.60618,-13.72877],[-73.60035,-13.72893],[-73.5996,-13.74441],[-73.5951,-13.74667],[-73.59147,-13.75795],[-73.5806,-13.7656],[-73.58187,-13.77867],[-73.57769,-13.78313],[-73.58359,-13.79488],[-73.58902,-13.79943],[-73.59302,-13.81137],[-73.57437,-13.81767],[-73.57391,-13.82764]]]}},{"type":"Feature","properties":{"ubigeo":"030213","nombre":"San Jerónimo"},"geometry":{"type":"Polygon","coordinates":[[[-73.18276,-13.80034],[-73.19583,-13.80787],[-73.19569,-13.81695],[-73.21942,-13.82763],[-73.23685,-13.82274],[-73.24501,-13.81506],[-73.24986,-13.80924],[-73.26296,-13.81272],[-73.28877,-13.80336],[-73.28627,-13.78977],[-73.28779,-13.77315],[-73.29764,-13.76478],[-73.30268,-13.75174],[-73.31309,-13.74184],[-73.31368,-13.73488],[-73.32207,-13.72601],[-73.32337,-13.7124],[-73.3342,-13.70772],[-73.33946,-13.69836],[-73.35298,-13.69612],[-73.35676,-13.67899],[-73.36752,-13.67218],[-73.36764,-13.65724],[-73.37633,-13.64934],[-73.38306,-13.63931],[-73.39152,-13.61648],[-73.4033,-13.60592],[-73.3982,-13.60506],[-73.37708,-13.61069],[-73.36639,-13.62065],[-73.35513,-13.6277],[-73.33036,-13.6366],[-73.31858,-13.644],[-73.3095,-13.64455],[-73.30232,-13.64873],[-73.29143,-13.64321],[-73.27914,-13.65469],[-73.27073,-13.658],[-73.26188,-13.64938],[-73.25467,-13.65048],[-73.23708,-13.64808],[-73.22806,-13.65264],[-73.22575,-13.66125],[-73.2133,-13.67113],[-73.20428,-13.67524],[-73.19905,-13.68648],[-73.2061,-13.70753],[-73.2096,-13.71027],[-73.20452,-13.71869],[-73.20712,-13.73098],[-73.22046,-13.74207],[-73.21792,-13.74713],[-73.22295,-13.75734],[-73.21444,-13.75987],[-73.20052,-13.78137],[-73.19515,-13.78145],[-73.18487,-13.7887],[-73.18276,-13.80034]]]}},{"type":"Feature","properties":{"ubigeo":"030214","nombre":"San Miguel de Chaccrampa"},"geometry":{"type":"Polygon","coordinates":[[[-73.61968,-14.01669],[-73.6272,-14.00064],[-73.62589,-13.99491],[-73.63112,-13.98711],[-73.64276,-13.97854],[-73.64222,-13.96244],[-73.64816,-13.95111],[-73.6546,-13.93905],[-73.64012,-13.92516],[-73.63699,-13.91369],[-73.63129,-13.90888],[-73.62254,-13.91425],[-73.60455,-13.91971],[-73.58922,-13.9174],[-73.58626,-13.92248],[-73.5806,-13.94589],[-73.57243,-13.93609],[-73.56072,-13.92655],[-73.55316,-13.92633],[-73.55083,-13.95317],[-73.56563,-13.97848],[-73.57353,-13.98414],[-73.57271,-14],[-73.57892,-14.00941],[-73.59123,-14.01652],[-73.60562,-14.01923],[-73.61968,-14.01669]]]}},{"type":"Feature","properties":{"ubigeo":"030215","nombre":"Santa María de Chicmo"},"geometry":{"type":"Polygon","coordinates":[[[-73.60035,-13.72893],[-73.60618,-13.72877],[-73.61204,-13.72048],[-73.61497,-13.70363],[-73.61392,-13.69888],[-73.60561,-13.69191],[-73.60162,-13.66412],[-73.59367,-13.65654],[-73.59285,-13.6465],[-73.60698,-13.62222],[-73.60443,-13.60993],[-73.58349,-13.60762],[-73.5704,-13.59626],[-73.56225,-13.60363],[-73.55125,-13.60857],[-73.54165,-13.60559],[-73.53163,-13.61644],[-73.51989,-13.60358],[-73.50048,-13.59619],[-73.49914,-13.60382],[-73.49186,-13.61685],[-73.49353,-13.62303],[-73.48243,-13.63687],[-73.47363,-13.64153],[-73.46707,-13.6647],[-73.48021,-13.67011],[-73.48333,-13.68281],[-73.49409,-13.68681],[-73.49858,-13.69185],[-73.49846,-13.71353],[-73.50706,-13.71143],[-73.5234,-13.7173],[-73.52823,-13.70135],[-73.53324,-13.69302],[-73.53918,-13.70182],[-73.55549,-13.71372],[-73.56637,-13.71371],[-73.57907,-13.72193],[-73.58147,-13.7369],[-73.58831,-13.73168],[-73.60035,-13.72893]]]}},{"type":"Feature","properties":{"ubigeo":"030216","nombre":"Talavera"},"geometry":{"type":"Polygon","coordinates":[[[-73.40841,-13.60559],[-73.41378,-13.62759],[-73.40877,-13.63537],[-73.41353,-13.65418],[-73.42249,-13.66004],[-73.42482,-13.67199],[-73.42155,-13.68694],[-73.43077,-13.69611],[-73.42475,-13.71971],[-73.42875,-13.73345],[-73.43688,-13.72847],[-73.45538,-13.73569],[-73.47206,-13.73628],[-73.47577,-13.72699],[-73.48776,-13.71494],[-73.49846,-13.71353],[-73.49858,-13.69185],[-73.49409,-13.68681],[-73.48333,-13.68281],[-73.48021,-13.67011],[-73.46707,-13.6647],[-73.47363,-13.64153],[-73.48243,-13.63687],[-73.49353,-13.62303],[-73.49186,-13.61685],[-73.49914,-13.60382],[-73.50048,-13.59619],[-73.50131,-13.58889],[-73.49208,-13.57733],[-73.4783,-13.57988],[-73.47524,-13.58373],[-73.45075,-13.59001],[-73.45613,-13.58168],[-73.45922,-13.5696],[-73.45759,-13.56145],[-73.45965,-13.54959],[-73.48016,-13.52059],[-73.48346,-13.50631],[-73.47637,-13.49912],[-73.47265,-13.48911],[-73.45863,-13.50015],[-73.4434,-13.51568],[-73.43459,-13.53363],[-73.43546,-13.5416],[-73.4325,-13.55302],[-73.42301,-13.55862],[-73.41632,-13.5693],[-73.41703,-13.58129],[-73.41397,-13.60109],[-73.40841,-13.60559]]]}},{"type":"Feature","properties":{"ubigeo":"030217","nombre":"Tumay Huaraca"},"geometry":{"type":"Polygon","coordinates":[[[-73.34572,-13.93699],[-73.34732,-13.9483],[-73.35209,-13.95156],[-73.35952,-13.96469],[-73.35428,-13.99098],[-73.35973,-13.99414],[-73.36576,-14.01703],[-73.37726,-14.0277],[-73.37875,-14.03355],[-73.37286,-14.06],[-73.37272,-14.07134],[-73.37712,-14.07597],[-73.39535,-14.05562],[-73.41099,-14.0506],[-73.44136,-14.06651],[-73.45526,-14.07266],[-73.46312,-14.08173],[-73.47849,-14.08982],[-73.48881,-14.10557],[-73.50816,-14.1111],[-73.51605,-14.11067],[-73.52015,-14.10639],[-73.52509,-14.08852],[-73.53875,-14.08774],[-73.54443,-14.08378],[-73.55156,-14.07008],[-73.5667,-14.06093],[-73.57688,-14.06155],[-73.59016,-14.06671],[-73.59487,-14.06452],[-73.59051,-14.05768],[-73.58958,-14.04646],[-73.58389,-14.04028],[-73.571,-14.03733],[-73.56558,-14.03279],[-73.54946,-14.02601],[-73.53831,-14.0257],[-73.52984,-14.02887],[-73.51594,-14.02373],[-73.50774,-14.00052],[-73.5152,-13.99183],[-73.52404,-13.99006],[-73.52958,-13.98302],[-73.52322,-13.96984],[-73.509,-13.96436],[-73.49208,-13.95071],[-73.48862,-13.93456],[-73.49587,-13.92983],[-73.4968,-13.92088],[-73.50278,-13.91417],[-73.51435,-13.91158],[-73.52351,-13.91959],[-73.52403,-13.92471],[-73.5347,-13.92311],[-73.54317,-13.91865],[-73.55316,-13.92633],[-73.54891,-13.91122],[-73.54111,-13.90919],[-73.54579,-13.90234],[-73.5451,-13.89215],[-73.548,-13.88582],[-73.54979,-13.86312],[-73.54444,-13.8551],[-73.54128,-13.84146],[-73.53177,-13.84403],[-73.51756,-13.84384],[-73.50931,-13.8532],[-73.50096,-13.85114],[-73.4879,-13.85608],[-73.48311,-13.85287],[-73.47995,-13.84282],[-73.46308,-13.84223],[-73.45724,-13.84792],[-73.44912,-13.84341],[-73.43843,-13.84579],[-73.42109,-13.83229],[-73.41782,-13.82624],[-73.41531,-13.83337],[-73.41047,-13.83393],[-73.40451,-13.84586],[-73.40613,-13.85605],[-73.41166,-13.86874],[-73.41321,-13.88321],[-73.40974,-13.89138],[-73.39356,-13.89148],[-73.38795,-13.8966],[-73.37494,-13.8992],[-73.36465,-13.91106],[-73.35663,-13.91536],[-73.35454,-13.92656],[-73.34572,-13.93699]]]}},{"type":"Feature","properties":{"ubigeo":"030218","nombre":"Turpo"},"geometry":{"type":"Polygon","coordinates":[[[-73.41782,-13.82624],[-73.42109,-13.83229],[-73.43843,-13.84579],[-73.44912,-13.84341],[-73.45724,-13.84792],[-73.46308,-13.84223],[-73.47995,-13.84282],[-73.48311,-13.85287],[-73.4879,-13.85608],[-73.50096,-13.85114],[-73.50931,-13.8532],[-73.51756,-13.84384],[-73.5134,-13.83487],[-73.51532,-13.8147],[-73.52075,-13.81132],[-73.523,-13.80001],[-73.52218,-13.78445],[-73.51711,-13.7796],[-73.51676,-13.7664],[-73.5074,-13.757],[-73.5037,-13.74218],[-73.49851,-13.73091],[-73.49846,-13.71353],[-73.48776,-13.71494],[-73.47577,-13.72699],[-73.47206,-13.73628],[-73.45538,-13.73569],[-73.43688,-13.72847],[-73.42875,-13.73345],[-73.43216,-13.74487],[-73.42827,-13.75597],[-73.43332,-13.77356],[-73.4335,-13.79691],[-73.42624,-13.8015],[-73.42528,-13.80686],[-73.41751,-13.8094],[-73.41135,-13.81596],[-73.41782,-13.82624]]]}},{"type":"Feature","properties":{"ubigeo":"030219","nombre":"Kaquiabamba"},"geometry":{"type":"Polygon","coordinates":[[[-73.22881,-13.54191],[-73.23842,-13.5502],[-73.24175,-13.56441],[-73.24187,-13.58178],[-73.25481,-13.58649],[-73.25483,-13.58065],[-73.2824,-13.56536],[-73.2845,-13.56273],[-73.30881,-13.55187],[-73.32391,-13.53777],[-73.32062,-13.51837],[-73.31678,-13.50596],[-73.32799,-13.49124],[-73.33237,-13.47405],[-73.3322,-13.45614],[-73.32524,-13.45732],[-73.31708,-13.45383],[-73.3132,-13.44718],[-73.29093,-13.45619],[-73.28216,-13.4549],[-73.26102,-13.46773],[-73.24502,-13.46558],[-73.23646,-13.47666],[-73.23724,-13.49188],[-73.23357,-13.50077],[-73.23962,-13.51063],[-73.23346,-13.52395],[-73.22881,-13.54191]]]}},{"type":"Feature","properties":{"ubigeo":"030220","nombre":"José María Arguedas"},"geometry":{"type":"Polygon","coordinates":[[[-73.24501,-13.81506],[-73.2529,-13.83174],[-73.26323,-13.84074],[-73.26245,-13.84957],[-73.27023,-13.8544],[-73.27991,-13.86772],[-73.27723,-13.87528],[-73.28339,-13.89182],[-73.29607,-13.8959],[-73.31488,-13.9013],[-73.32223,-13.89567],[-73.33309,-13.89405],[-73.34196,-13.88792],[-73.34862,-13.87366],[-73.36042,-13.85408],[-73.35657,-13.83751],[-73.35818,-13.82726],[-73.3658,-13.80957],[-73.37349,-13.80094],[-73.38659,-13.76738],[-73.38348,-13.75085],[-73.37509,-13.74024],[-73.37352,-13.72585],[-73.37824,-13.71517],[-73.37214,-13.70798],[-73.34192,-13.72308],[-73.33464,-13.72461],[-73.32864,-13.73275],[-73.31368,-13.73488],[-73.31309,-13.74184],[-73.30268,-13.75174],[-73.29764,-13.76478],[-73.28779,-13.77315],[-73.28627,-13.78977],[-73.28877,-13.80336],[-73.26296,-13.81272],[-73.24986,-13.80924],[-73.24501,-13.81506]]]}},{"type":"Feature","properties":{"ubigeo":"030301","nombre":"Antabamba"},"geometry":{"type":"Polygon","coordinates":[[[-72.65183,-14.66903],[-72.65713,-14.67401],[-72.67904,-14.67878],[-72.69064,-14.68866],[-72.69763,-14.67906],[-72.71521,-14.68007],[-72.72471,-14.6759],[-72.72607,-14.66619],[-72.723,-14.6573],[-72.72582,-14.64403],[-72.72935,-14.64655],[-72.74158,-14.64491],[-72.74377,-14.6497],[-72.76157,-14.66292],[-72.77041,-14.66471],[-72.77948,-14.66071],[-72.7897,-14.65021],[-72.78739,-14.62443],[-72.79404,-14.61561],[-72.79189,-14.60521],[-72.80029,-14.59529],[-72.80472,-14.57986],[-72.81714,-14.58042],[-72.82157,-14.57279],[-72.81876,-14.56069],[-72.80687,-14.54701],[-72.82648,-14.52805],[-72.83574,-14.53008],[-72.84105,-14.51062],[-72.84886,-14.50804],[-72.85137,-14.49596],[-72.84641,-14.48591],[-72.84904,-14.47418],[-72.84696,-14.46829],[-72.85425,-14.46014],[-72.85543,-14.45326],[-72.86735,-14.44529],[-72.86542,-14.44019],[-72.8763,-14.43028],[-72.88626,-14.41451],[-72.89773,-14.40966],[-72.89629,-14.3954],[-72.90279,-14.38174],[-72.90119,-14.37985],[-72.89622,-14.35211],[-72.87965,-14.34786],[-72.8681,-14.3572],[-72.85748,-14.3601],[-72.85373,-14.37187],[-72.84197,-14.37922],[-72.83397,-14.37809],[-72.83206,-14.38206],[-72.8222,-14.38459],[-72.80845,-14.38205],[-72.79365,-14.38637],[-72.7837,-14.39223],[-72.77223,-14.38521],[-72.75167,-14.39223],[-72.7496,-14.39974],[-72.73621,-14.40608],[-72.72597,-14.41505],[-72.71153,-14.41967],[-72.70015,-14.41823],[-72.69089,-14.4211],[-72.67885,-14.43259],[-72.66133,-14.44339],[-72.65908,-14.44921],[-72.66236,-14.46225],[-72.65672,-14.48293],[-72.64406,-14.48416],[-72.65779,-14.49986],[-72.64835,-14.54178],[-72.65086,-14.55536],[-72.63906,-14.56634],[-72.63727,-14.57711],[-72.64183,-14.58048],[-72.63766,-14.58662],[-72.62683,-14.5932],[-72.62397,-14.60306],[-72.62709,-14.60852],[-72.62342,-14.61594],[-72.63209,-14.62196],[-72.6288,-14.63338],[-72.63069,-14.63977],[-72.639,-14.63868],[-72.64049,-14.65081],[-72.65595,-14.65811],[-72.65183,-14.66903]]]}},{"type":"Feature","properties":{"ubigeo":"030302","nombre":"El Oro"},"geometry":{"type":"Polygon","coordinates":[[[-73.00474,-14.12052],[-72.9905,-14.1211],[-72.98029,-14.11834],[-72.97532,-14.12163],[-72.97498,-14.13041],[-72.98422,-14.14038],[-72.98284,-14.14693],[-72.98913,-14.15086],[-72.9952,-14.14887],[-73.00959,-14.15034],[-73.01008,-14.15926],[-73.01566,-14.16097],[-73.02798,-14.18205],[-73.03193,-14.19559],[-73.04702,-14.21398],[-73.05983,-14.22104],[-73.07634,-14.20631],[-73.07261,-14.18998],[-73.06832,-14.18637],[-73.06865,-14.16093],[-73.07608,-14.15595],[-73.07897,-14.14717],[-73.06467,-14.14244],[-73.06286,-14.1382],[-73.05316,-14.136],[-73.0549,-14.12974],[-73.04986,-14.12214],[-73.03283,-14.11625],[-73.03111,-14.10729],[-73.01974,-14.11262],[-73.00474,-14.12052]]]}},{"type":"Feature","properties":{"ubigeo":"030303","nombre":"Huaquirca"},"geometry":{"type":"Polygon","coordinates":[[[-72.66236,-14.46225],[-72.65908,-14.44921],[-72.66133,-14.44339],[-72.67885,-14.43259],[-72.69089,-14.4211],[-72.70015,-14.41823],[-72.71153,-14.41967],[-72.72597,-14.41505],[-72.73621,-14.40608],[-72.7496,-14.39974],[-72.75167,-14.39223],[-72.77223,-14.38521],[-72.7837,-14.39223],[-72.79365,-14.38637],[-72.80845,-14.38205],[-72.8222,-14.38459],[-72.83206,-14.38206],[-72.83397,-14.37809],[-72.84197,-14.37922],[-72.85373,-14.37187],[-72.85748,-14.3601],[-72.8681,-14.3572],[-72.87965,-14.34786],[-72.89622,-14.35211],[-72.90119,-14.37985],[-72.90279,-14.38174],[-72.90812,-14.37629],[-72.92667,-14.37052],[-72.92641,-14.36506],[-72.93269,-14.35477],[-72.95052,-14.33248],[-72.94632,-14.32371],[-72.92802,-14.3177],[-72.92721,-14.29208],[-72.90947,-14.28069],[-72.90115,-14.26954],[-72.89416,-14.27192],[-72.87309,-14.26701],[-72.86217,-14.27748],[-72.84707,-14.2743],[-72.83786,-14.27974],[-72.83148,-14.27908],[-72.82404,-14.2721],[-72.81149,-14.26555],[-72.8082,-14.27206],[-72.80022,-14.26943],[-72.79605,-14.29229],[-72.78634,-14.29095],[-72.76854,-14.27777],[-72.76108,-14.2696],[-72.76128,-14.26286],[-72.74924,-14.25965],[-72.74294,-14.26486],[-72.73447,-14.26023],[-72.72559,-14.26462],[-72.72329,-14.27009],[-72.70961,-14.27556],[-72.71177,-14.28057],[-72.71018,-14.2915],[-72.70534,-14.29878],[-72.70927,-14.30596],[-72.69542,-14.32051],[-72.70085,-14.33417],[-72.70922,-14.34302],[-72.69294,-14.35031],[-72.68874,-14.34773],[-72.6868,-14.35599],[-72.67045,-14.36217],[-72.66489,-14.35401],[-72.65958,-14.35591],[-72.64351,-14.35194],[-72.63622,-14.35623],[-72.63432,-14.36589],[-72.66135,-14.39362],[-72.66056,-14.40812],[-72.64946,-14.41808],[-72.65304,-14.42688],[-72.64414,-14.43284],[-72.64145,-14.45026],[-72.6475,-14.45905],[-72.66236,-14.46225]]]}},{"type":"Feature","properties":{"ubigeo":"030304","nombre":"Juan Espinoza Medrano"},"geometry":{"type":"Polygon","coordinates":[[[-72.7897,-14.65021],[-72.80317,-14.66708],[-72.80593,-14.67556],[-72.81792,-14.68743],[-72.82858,-14.70263],[-72.8269,-14.71201],[-72.83275,-14.72034],[-72.83336,-14.73628],[-72.8397,-14.74499],[-72.84257,-14.75766],[-72.84636,-14.75994],[-72.84682,-14.75982],[-72.85193,-14.75221],[-72.85175,-14.74426],[-72.85584,-14.7387],[-72.857,-14.72813],[-72.86431,-14.72668],[-72.86564,-14.71068],[-72.8854,-14.70597],[-72.89059,-14.70067],[-72.91179,-14.69676],[-72.91879,-14.68516],[-72.927,-14.68844],[-72.93373,-14.69546],[-72.95531,-14.68268],[-72.96261,-14.66916],[-72.97111,-14.65968],[-72.97378,-14.65257],[-72.98239,-14.65421],[-72.98505,-14.66031],[-72.99849,-14.66247],[-73.0067,-14.65086],[-73.00941,-14.63739],[-73.0174,-14.63071],[-73.01329,-14.61434],[-73.01491,-14.60529],[-73.01229,-14.59371],[-73.01427,-14.58539],[-72.99744,-14.5814],[-72.99651,-14.5732],[-72.99014,-14.56402],[-72.99525,-14.56145],[-72.99498,-14.55059],[-72.98791,-14.54923],[-72.98434,-14.54338],[-72.99076,-14.54111],[-72.99641,-14.5336],[-72.99117,-14.51962],[-72.99644,-14.51296],[-72.99398,-14.49757],[-72.99776,-14.48208],[-72.98728,-14.47247],[-72.98773,-14.45749],[-72.97977,-14.44921],[-72.9805,-14.44115],[-73.00239,-14.43135],[-73.00822,-14.42548],[-73.01396,-14.41809],[-73.00109,-14.39956],[-72.99412,-14.39717],[-72.98966,-14.38859],[-72.98354,-14.38437],[-72.96285,-14.37798],[-72.95527,-14.3715],[-72.94368,-14.37139],[-72.93545,-14.37583],[-72.92667,-14.37052],[-72.90812,-14.37629],[-72.90279,-14.38174],[-72.89629,-14.3954],[-72.89773,-14.40966],[-72.88626,-14.41451],[-72.8763,-14.43028],[-72.86542,-14.44019],[-72.86735,-14.44529],[-72.85543,-14.45326],[-72.85425,-14.46014],[-72.84696,-14.46829],[-72.84904,-14.47418],[-72.84641,-14.48591],[-72.85137,-14.49596],[-72.84886,-14.50804],[-72.84105,-14.51062],[-72.83574,-14.53008],[-72.82648,-14.52805],[-72.80687,-14.54701],[-72.81876,-14.56069],[-72.82157,-14.57279],[-72.81714,-14.58042],[-72.80472,-14.57986],[-72.80029,-14.59529],[-72.79189,-14.60521],[-72.79404,-14.61561],[-72.78739,-14.62443],[-72.7897,-14.65021]]]}},{"type":"Feature","properties":{"ubigeo":"030305","nombre":"Oropesa"},"geometry":{"type":"Polygon","coordinates":[[[-72.35095,-14.30371],[-72.34469,-14.30604],[-72.33891,-14.32673],[-72.35348,-14.32991],[-72.36847,-14.35092],[-72.36529,-14.36559],[-72.37093,-14.3687],[-72.36651,-14.38801],[-72.36658,-14.41979],[-72.36929,-14.42761],[-72.36167,-14.42861],[-72.35763,-14.43596],[-72.36388,-14.44947],[-72.36392,-14.45976],[-72.36856,-14.46381],[-72.38186,-14.46747],[-72.39308,-14.48185],[-72.40193,-14.48385],[-72.42746,-14.47902],[-72.4405,-14.48175],[-72.4427,-14.4946],[-72.45164,-14.50229],[-72.45976,-14.50447],[-72.47317,-14.51954],[-72.49164,-14.53354],[-72.4942,-14.54563],[-72.50291,-14.55166],[-72.49383,-14.5661],[-72.4847,-14.5736],[-72.48399,-14.58202],[-72.46943,-14.59118],[-72.46742,-14.60198],[-72.4617,-14.60587],[-72.46489,-14.62075],[-72.46378,-14.6425],[-72.47177,-14.6614],[-72.4771,-14.6582],[-72.48281,-14.66487],[-72.50566,-14.66468],[-72.51115,-14.67144],[-72.52539,-14.66713],[-72.5434,-14.67465],[-72.56078,-14.67838],[-72.57725,-14.68662],[-72.58456,-14.6962],[-72.5851,-14.70786],[-72.59438,-14.71368],[-72.59447,-14.7088],[-72.60216,-14.70279],[-72.59987,-14.68898],[-72.61102,-14.67613],[-72.62527,-14.67547],[-72.63471,-14.66867],[-72.65183,-14.66903],[-72.65595,-14.65811],[-72.64049,-14.65081],[-72.639,-14.63868],[-72.63069,-14.63977],[-72.6288,-14.63338],[-72.63209,-14.62196],[-72.62342,-14.61594],[-72.62709,-14.60852],[-72.62397,-14.60306],[-72.62683,-14.5932],[-72.63766,-14.58662],[-72.64183,-14.58048],[-72.63727,-14.57711],[-72.63906,-14.56634],[-72.65086,-14.55536],[-72.64835,-14.54178],[-72.65779,-14.49986],[-72.64406,-14.48416],[-72.65672,-14.48293],[-72.66236,-14.46225],[-72.6475,-14.45905],[-72.64145,-14.45026],[-72.64414,-14.43284],[-72.65304,-14.42688],[-72.64946,-14.41808],[-72.66056,-14.40812],[-72.66135,-14.39362],[-72.63432,-14.36589],[-72.63622,-14.35623],[-72.6272,-14.3412],[-72.63729,-14.32681],[-72.63625,-14.31902],[-72.62333,-14.3073],[-72.62232,-14.28833],[-72.62617,-14.28279],[-72.61643,-14.28411],[-72.61375,-14.28055],[-72.61412,-14.2671],[-72.60706,-14.25049],[-72.60206,-14.24716],[-72.60079,-14.23851],[-72.59631,-14.24261],[-72.58453,-14.24468],[-72.5761,-14.25292],[-72.56989,-14.25458],[-72.55442,-14.23872],[-72.53667,-14.22539],[-72.51893,-14.22235],[-72.50771,-14.20715],[-72.49308,-14.20776],[-72.48434,-14.20022],[-72.47976,-14.20167],[-72.47292,-14.21368],[-72.45141,-14.22802],[-72.44344,-14.22638],[-72.43975,-14.23265],[-72.43915,-14.24508],[-72.42893,-14.26034],[-72.42779,-14.2683],[-72.41714,-14.27961],[-72.4048,-14.28367],[-72.403,-14.29046],[-72.39423,-14.29035],[-72.3899,-14.29798],[-72.37711,-14.29917],[-72.3715,-14.28479],[-72.36385,-14.28696],[-72.35721,-14.30287],[-72.35095,-14.30371]]]}},{"type":"Feature","properties":{"ubigeo":"030306","nombre":"Pachaconas"},"geometry":{"type":"Polygon","coordinates":[[[-72.88491,-14.23387],[-72.89138,-14.24003],[-72.91871,-14.25248],[-72.9269,-14.25102],[-72.94005,-14.25805],[-72.95579,-14.26143],[-72.96794,-14.26188],[-72.97701,-14.25681],[-72.9868,-14.26568],[-73.00612,-14.27276],[-72.99231,-14.28255],[-72.99153,-14.28867],[-73.00112,-14.29642],[-73.00286,-14.30163],[-73.01913,-14.31101],[-73.02678,-14.30622],[-73.03864,-14.31345],[-73.04968,-14.31662],[-73.05192,-14.31311],[-73.06979,-14.30935],[-73.07076,-14.27658],[-73.0691,-14.27308],[-73.05329,-14.2689],[-73.04578,-14.2631],[-73.04259,-14.25232],[-73.05073,-14.24645],[-73.05198,-14.23405],[-73.05983,-14.22104],[-73.04702,-14.21398],[-73.03193,-14.19559],[-73.02798,-14.18205],[-73.01566,-14.16097],[-73.01008,-14.15926],[-73.00959,-14.15034],[-72.9952,-14.14887],[-72.98913,-14.15086],[-72.98284,-14.14693],[-72.98422,-14.14038],[-72.97498,-14.13041],[-72.96289,-14.13959],[-72.95306,-14.14065],[-72.94421,-14.15107],[-72.93647,-14.14819],[-72.93497,-14.13835],[-72.92928,-14.13625],[-72.92329,-14.14305],[-72.91368,-14.14729],[-72.9068,-14.15775],[-72.90784,-14.16707],[-72.90181,-14.16509],[-72.89235,-14.17039],[-72.89512,-14.17829],[-72.89131,-14.18376],[-72.88675,-14.19989],[-72.89112,-14.21234],[-72.8993,-14.2174],[-72.90126,-14.22455],[-72.88491,-14.23387]]]}},{"type":"Feature","properties":{"ubigeo":"030307","nombre":"Sabaino"},"geometry":{"type":"Polygon","coordinates":[[[-72.87309,-14.26701],[-72.89416,-14.27192],[-72.90115,-14.26954],[-72.90947,-14.28069],[-72.92721,-14.29208],[-72.92802,-14.3177],[-72.94632,-14.32371],[-72.95052,-14.33248],[-72.93269,-14.35477],[-72.92641,-14.36506],[-72.92667,-14.37052],[-72.93545,-14.37583],[-72.94368,-14.37139],[-72.95527,-14.3715],[-72.96285,-14.37798],[-72.98354,-14.38437],[-72.98966,-14.38859],[-72.99412,-14.39717],[-73.00109,-14.39956],[-73.01396,-14.41809],[-73.02126,-14.40913],[-73.02149,-14.39934],[-73.03283,-14.39059],[-73.03806,-14.39018],[-73.03884,-14.37697],[-73.04343,-14.37041],[-73.04865,-14.35287],[-73.04752,-14.34503],[-73.05898,-14.3454],[-73.06733,-14.3417],[-73.07211,-14.33292],[-73.08264,-14.32878],[-73.07259,-14.31008],[-73.06979,-14.30935],[-73.05192,-14.31311],[-73.04968,-14.31662],[-73.03864,-14.31345],[-73.02678,-14.30622],[-73.01913,-14.31101],[-73.00286,-14.30163],[-73.00112,-14.29642],[-72.99153,-14.28867],[-72.99231,-14.28255],[-73.00612,-14.27276],[-72.9868,-14.26568],[-72.97701,-14.25681],[-72.96794,-14.26188],[-72.95579,-14.26143],[-72.94005,-14.25805],[-72.9269,-14.25102],[-72.91871,-14.25248],[-72.89138,-14.24003],[-72.88491,-14.23387],[-72.87961,-14.24463],[-72.87482,-14.24756],[-72.86726,-14.25911],[-72.87309,-14.26701]]]}},{"type":"Feature","properties":{"ubigeo":"030401","nombre":"Chalhuanca"},"geometry":{"type":"Polygon","coordinates":[[[-73.21996,-14.19936],[-73.22147,-14.22173],[-73.21571,-14.23375],[-73.21589,-14.23928],[-73.20709,-14.24344],[-73.20751,-14.25145],[-73.19359,-14.26739],[-73.1823,-14.26582],[-73.15945,-14.27419],[-73.15582,-14.27237],[-73.14422,-14.28149],[-73.13438,-14.28322],[-73.12186,-14.28],[-73.11486,-14.28444],[-73.10793,-14.29358],[-73.09665,-14.28959],[-73.08676,-14.30197],[-73.07259,-14.31008],[-73.08264,-14.32878],[-73.09005,-14.33872],[-73.10079,-14.3465],[-73.11586,-14.34755],[-73.13173,-14.34281],[-73.13752,-14.34433],[-73.15209,-14.35783],[-73.16861,-14.36873],[-73.17514,-14.36792],[-73.17973,-14.35246],[-73.20554,-14.34895],[-73.22482,-14.34857],[-73.23122,-14.3527],[-73.23069,-14.36342],[-73.24174,-14.37114],[-73.25134,-14.37494],[-73.25017,-14.38159],[-73.25393,-14.39254],[-73.26113,-14.39094],[-73.26539,-14.39649],[-73.2731,-14.39772],[-73.28175,-14.38909],[-73.28864,-14.37055],[-73.30423,-14.3527],[-73.31733,-14.35206],[-73.31655,-14.34236],[-73.32821,-14.33876],[-73.33175,-14.33483],[-73.33002,-14.31788],[-73.32282,-14.3099],[-73.32124,-14.29858],[-73.32462,-14.29427],[-73.3273,-14.28111],[-73.32143,-14.26951],[-73.31147,-14.2628],[-73.30358,-14.25289],[-73.31811,-14.23094],[-73.32241,-14.22719],[-73.31876,-14.20895],[-73.32529,-14.20457],[-73.30263,-14.19402],[-73.2882,-14.19607],[-73.26934,-14.1933],[-73.26134,-14.19405],[-73.25005,-14.18637],[-73.23452,-14.18793],[-73.21996,-14.19936]]]}},{"type":"Feature","properties":{"ubigeo":"030402","nombre":"Capaya"},"geometry":{"type":"Polygon","coordinates":[[[-73.29921,-14.1287],[-73.29789,-14.13101],[-73.31648,-14.14296],[-73.3269,-14.14264],[-73.34315,-14.14948],[-73.37051,-14.15182],[-73.37812,-14.15655],[-73.39654,-14.15943],[-73.4047,-14.14686],[-73.39985,-14.13463],[-73.41054,-14.11937],[-73.40981,-14.10734],[-73.39872,-14.10387],[-73.39115,-14.0971],[-73.38329,-14.09753],[-73.37865,-14.09185],[-73.37712,-14.07597],[-73.37272,-14.07134],[-73.36188,-14.06754],[-73.35373,-14.07427],[-73.34944,-14.0708],[-73.33664,-14.07326],[-73.31818,-14.08449],[-73.30656,-14.09658],[-73.3021,-14.10583],[-73.29341,-14.11595],[-73.28769,-14.12868],[-73.29921,-14.1287]]]}},{"type":"Feature","properties":{"ubigeo":"030403","nombre":"Caraybamba"},"geometry":{"type":"Polygon","coordinates":[[[-73.00822,-14.42548],[-73.01168,-14.44094],[-73.02966,-14.45249],[-73.04484,-14.46699],[-73.052,-14.46695],[-73.0511,-14.47464],[-73.05526,-14.48711],[-73.07267,-14.49986],[-73.07749,-14.49874],[-73.09677,-14.51063],[-73.10289,-14.52392],[-73.11315,-14.52624],[-73.11905,-14.51563],[-73.12585,-14.51208],[-73.12975,-14.49806],[-73.12738,-14.4898],[-73.13181,-14.47917],[-73.13967,-14.47012],[-73.14846,-14.44941],[-73.14544,-14.43897],[-73.14904,-14.43164],[-73.15909,-14.42508],[-73.16037,-14.41908],[-73.16921,-14.40494],[-73.17347,-14.40221],[-73.17489,-14.39175],[-73.17928,-14.3853],[-73.16861,-14.36873],[-73.15209,-14.35783],[-73.13752,-14.34433],[-73.13173,-14.34281],[-73.11586,-14.34755],[-73.10079,-14.3465],[-73.09005,-14.33872],[-73.08264,-14.32878],[-73.07211,-14.33292],[-73.06733,-14.3417],[-73.05898,-14.3454],[-73.04752,-14.34503],[-73.04865,-14.35287],[-73.04343,-14.37041],[-73.03884,-14.37697],[-73.03806,-14.39018],[-73.03283,-14.39059],[-73.02149,-14.39934],[-73.02126,-14.40913],[-73.01396,-14.41809],[-73.00822,-14.42548]]]}},{"type":"Feature","properties":{"ubigeo":"030404","nombre":"Chapimarca"},"geometry":{"type":"Polygon","coordinates":[[[-73.18358,-14.01321],[-73.17712,-14.00373],[-73.17413,-13.99089],[-73.16216,-13.98731],[-73.15676,-13.97497],[-73.1472,-13.97744],[-73.13495,-13.97494],[-73.12659,-13.97661],[-73.11636,-13.96953],[-73.11213,-13.96183],[-73.11034,-13.94292],[-73.09678,-13.94032],[-73.08282,-13.93356],[-73.08044,-13.93546],[-73.06928,-13.93104],[-73.0683,-13.92638],[-73.04861,-13.90765],[-73.04535,-13.90048],[-73.0376,-13.90528],[-73.03941,-13.92377],[-73.03557,-13.95723],[-73.03496,-13.97459],[-73.02449,-13.99204],[-73.0293,-14.01178],[-73.0219,-14.02102],[-73.02236,-14.0337],[-73.028,-14.04419],[-73.02235,-14.04788],[-73.02405,-14.06234],[-73.02808,-14.06428],[-73.02633,-14.07667],[-73.04098,-14.07737],[-73.04814,-14.08389],[-73.05848,-14.08643],[-73.06373,-14.08187],[-73.07633,-14.08593],[-73.09076,-14.08427],[-73.09775,-14.07963],[-73.10216,-14.08409],[-73.10781,-14.07234],[-73.11507,-14.06926],[-73.12019,-14.06029],[-73.12762,-14.05973],[-73.13405,-14.0429],[-73.13995,-14.03945],[-73.157,-14.0404],[-73.1628,-14.03335],[-73.1726,-14.02849],[-73.17473,-14.02103],[-73.18358,-14.01321]]]}},{"type":"Feature","properties":{"ubigeo":"030405","nombre":"Colcabamba"},"geometry":{"type":"Polygon","coordinates":[[[-73.15676,-13.97497],[-73.16216,-13.98731],[-73.17413,-13.99089],[-73.17712,-14.00373],[-73.18358,-14.01321],[-73.18383,-14.01337],[-73.20071,-14.01409],[-73.20469,-14.01942],[-73.22556,-14.03944],[-73.23523,-14.04209],[-73.23733,-14.0542],[-73.24008,-14.0505],[-73.25211,-14.04713],[-73.25954,-14.02445],[-73.26853,-14.01549],[-73.26944,-14.00492],[-73.27893,-13.99483],[-73.28288,-13.97835],[-73.29388,-13.96579],[-73.29507,-13.94692],[-73.30363,-13.94295],[-73.30253,-13.93883],[-73.31424,-13.93369],[-73.32483,-13.9383],[-73.33187,-13.93608],[-73.34572,-13.93699],[-73.35454,-13.92656],[-73.33785,-13.91397],[-73.33185,-13.90658],[-73.32111,-13.90529],[-73.31488,-13.9013],[-73.29607,-13.8959],[-73.29521,-13.90661],[-73.29063,-13.90893],[-73.28454,-13.92039],[-73.27608,-13.92805],[-73.27539,-13.93314],[-73.28221,-13.94582],[-73.27169,-13.95031],[-73.26422,-13.96316],[-73.26025,-13.97516],[-73.23877,-13.98641],[-73.2282,-13.98509],[-73.21646,-13.99227],[-73.20511,-13.99176],[-73.20302,-13.98842],[-73.17935,-13.98105],[-73.1775,-13.97506],[-73.16588,-13.97223],[-73.15676,-13.97497]]]}},{"type":"Feature","properties":{"ubigeo":"030406","nombre":"Cotaruse"},"geometry":{"type":"Polygon","coordinates":[[[-73.00822,-14.42548],[-73.00239,-14.43135],[-72.9805,-14.44115],[-72.97977,-14.44921],[-72.98773,-14.45749],[-72.98728,-14.47247],[-72.99776,-14.48208],[-72.99398,-14.49757],[-72.99644,-14.51296],[-72.99117,-14.51962],[-72.99641,-14.5336],[-72.99076,-14.54111],[-72.98434,-14.54338],[-72.98791,-14.54923],[-72.99498,-14.55059],[-72.99525,-14.56145],[-72.99014,-14.56402],[-72.99651,-14.5732],[-72.99744,-14.5814],[-73.01427,-14.58539],[-73.01229,-14.59371],[-73.01491,-14.60529],[-73.01329,-14.61434],[-73.0174,-14.63071],[-73.02229,-14.62716],[-73.03061,-14.62761],[-73.04329,-14.62373],[-73.0402,-14.6515],[-73.04625,-14.65869],[-73.05763,-14.66114],[-73.0649,-14.66557],[-73.07843,-14.65606],[-73.09652,-14.65044],[-73.10233,-14.65876],[-73.10444,-14.66787],[-73.11005,-14.66992],[-73.10464,-14.68299],[-73.10649,-14.69065],[-73.11341,-14.69347],[-73.12115,-14.69158],[-73.1253,-14.68116],[-73.13196,-14.68153],[-73.15324,-14.67435],[-73.16162,-14.68167],[-73.17807,-14.68545],[-73.19041,-14.70577],[-73.21107,-14.70584],[-73.21827,-14.70161],[-73.22765,-14.70972],[-73.24508,-14.71238],[-73.25611,-14.70901],[-73.26362,-14.70979],[-73.26537,-14.71552],[-73.27995,-14.73163],[-73.28973,-14.73273],[-73.2968,-14.72375],[-73.31416,-14.71586],[-73.32833,-14.71736],[-73.34187,-14.70779],[-73.35081,-14.70403],[-73.35224,-14.69457],[-73.35827,-14.68339],[-73.36437,-14.68165],[-73.37009,-14.68816],[-73.37087,-14.69662],[-73.38087,-14.70406],[-73.3904,-14.71606],[-73.39848,-14.73608],[-73.40455,-14.7655],[-73.40912,-14.77121],[-73.41628,-14.77131],[-73.43713,-14.78425],[-73.44128,-14.79333],[-73.45412,-14.80582],[-73.45473,-14.82101],[-73.45782,-14.82331],[-73.46562,-14.84026],[-73.47106,-14.83864],[-73.48503,-14.84257],[-73.49936,-14.82875],[-73.51294,-14.82643],[-73.51589,-14.81698],[-73.52819,-14.8017],[-73.53422,-14.79884],[-73.54957,-14.80143],[-73.55352,-14.78936],[-73.56528,-14.77583],[-73.56238,-14.75424],[-73.56506,-14.73371],[-73.57178,-14.72753],[-73.5703,-14.71967],[-73.5761,-14.71765],[-73.57673,-14.71169],[-73.57122,-14.70718],[-73.57527,-14.70112],[-73.5711,-14.68727],[-73.56212,-14.68012],[-73.55323,-14.68037],[-73.54052,-14.67335],[-73.5297,-14.67427],[-73.51967,-14.6699],[-73.51006,-14.6501],[-73.51336,-14.6331],[-73.52102,-14.61943],[-73.533,-14.58892],[-73.53338,-14.58102],[-73.52562,-14.5722],[-73.51912,-14.57067],[-73.51165,-14.56366],[-73.51054,-14.54883],[-73.50701,-14.54431],[-73.4865,-14.53503],[-73.49082,-14.52773],[-73.49328,-14.50722],[-73.49024,-14.49105],[-73.47532,-14.47573],[-73.47704,-14.4697],[-73.472,-14.4587],[-73.47299,-14.44652],[-73.4669,-14.44665],[-73.4602,-14.44034],[-73.45463,-14.44274],[-73.43569,-14.44289],[-73.42543,-14.4523],[-73.40908,-14.45251],[-73.38678,-14.44862],[-73.3394,-14.46692],[-73.31511,-14.45933],[-73.29995,-14.46358],[-73.29667,-14.4568],[-73.28793,-14.44967],[-73.2826,-14.43303],[-73.27503,-14.43111],[-73.27245,-14.42321],[-73.27449,-14.41048],[-73.2731,-14.39772],[-73.26539,-14.39649],[-73.26113,-14.39094],[-73.25393,-14.39254],[-73.25017,-14.38159],[-73.25134,-14.37494],[-73.24174,-14.37114],[-73.23069,-14.36342],[-73.23122,-14.3527],[-73.22482,-14.34857],[-73.20554,-14.34895],[-73.17973,-14.35246],[-73.17514,-14.36792],[-73.16861,-14.36873],[-73.17928,-14.3853],[-73.17489,-14.39175],[-73.17347,-14.40221],[-73.16921,-14.40494],[-73.16037,-14.41908],[-73.15909,-14.42508],[-73.14904,-14.43164],[-73.14544,-14.43897],[-73.14846,-14.44941],[-73.13967,-14.47012],[-73.13181,-14.47917],[-73.12738,-14.4898],[-73.12975,-14.49806],[-73.12585,-14.51208],[-73.11905,-14.51563],[-73.11315,-14.52624],[-73.10289,-14.52392],[-73.09677,-14.51063],[-73.07749,-14.49874],[-73.07267,-14.49986],[-73.05526,-14.48711],[-73.0511,-14.47464],[-73.052,-14.46695],[-73.04484,-14.46699],[-73.02966,-14.45249],[-73.01168,-14.44094],[-73.00822,-14.42548]]]}},{"type":"Feature","properties":{"ubigeo":"030407","nombre":"Ihuayllo"},"geometry":{"type":"Polygon","coordinates":[[[-73.29921,-14.1287],[-73.28769,-14.12868],[-73.2828,-14.12006],[-73.28249,-14.1032],[-73.2757,-14.08668],[-73.26005,-14.07816],[-73.24269,-14.05538],[-73.23733,-14.0542],[-73.23523,-14.04209],[-73.22556,-14.03944],[-73.20469,-14.01942],[-73.20071,-14.01409],[-73.18383,-14.01337],[-73.19695,-14.0232],[-73.19914,-14.03438],[-73.20659,-14.04191],[-73.20674,-14.05398],[-73.21294,-14.06883],[-73.2194,-14.07542],[-73.22112,-14.09701],[-73.21673,-14.1055],[-73.21642,-14.11746],[-73.23638,-14.12453],[-73.23067,-14.14036],[-73.22517,-14.1448],[-73.22713,-14.1538],[-73.2374,-14.15866],[-73.24262,-14.15573],[-73.25362,-14.15705],[-73.27244,-14.14638],[-73.2838,-14.14567],[-73.29198,-14.13193],[-73.29921,-14.1287]]]}},{"type":"Feature","properties":{"ubigeo":"030408","nombre":"Justo Apu Sahuaraura"},"geometry":{"type":"Polygon","coordinates":[[[-73.21996,-14.19936],[-73.23452,-14.18793],[-73.24202,-14.17666],[-73.2374,-14.15866],[-73.22713,-14.1538],[-73.22517,-14.1448],[-73.23067,-14.14036],[-73.23638,-14.12453],[-73.21642,-14.11746],[-73.21673,-14.1055],[-73.22112,-14.09701],[-73.2194,-14.07542],[-73.21294,-14.06883],[-73.20674,-14.05398],[-73.20659,-14.04191],[-73.19914,-14.03438],[-73.19695,-14.0232],[-73.18383,-14.01337],[-73.18358,-14.01321],[-73.18607,-14.03155],[-73.18388,-14.03513],[-73.18941,-14.05299],[-73.18544,-14.05984],[-73.18622,-14.06967],[-73.18165,-14.08894],[-73.17686,-14.09655],[-73.17685,-14.10359],[-73.16718,-14.11188],[-73.16768,-14.12174],[-73.16024,-14.13265],[-73.15632,-14.14317],[-73.15562,-14.16486],[-73.16749,-14.18002],[-73.16947,-14.18745],[-73.18078,-14.19294],[-73.20241,-14.19903],[-73.20633,-14.19341],[-73.21658,-14.19524],[-73.21996,-14.19936]]]}},{"type":"Feature","properties":{"ubigeo":"030409","nombre":"Lucre"},"geometry":{"type":"Polygon","coordinates":[[[-73.19818,-13.94303],[-73.21088,-13.94609],[-73.21842,-13.95848],[-73.20957,-13.96749],[-73.1959,-13.97394],[-73.1775,-13.97506],[-73.17935,-13.98105],[-73.20302,-13.98842],[-73.20511,-13.99176],[-73.21646,-13.99227],[-73.2282,-13.98509],[-73.23877,-13.98641],[-73.26025,-13.97516],[-73.26422,-13.96316],[-73.27169,-13.95031],[-73.28221,-13.94582],[-73.27539,-13.93314],[-73.27608,-13.92805],[-73.28454,-13.92039],[-73.29063,-13.90893],[-73.29521,-13.90661],[-73.29607,-13.8959],[-73.28339,-13.89182],[-73.27723,-13.87528],[-73.27991,-13.86772],[-73.27023,-13.8544],[-73.26245,-13.84957],[-73.26323,-13.84074],[-73.2529,-13.83174],[-73.24501,-13.81506],[-73.23685,-13.82274],[-73.21942,-13.82763],[-73.21964,-13.8356],[-73.23138,-13.84318],[-73.23721,-13.86107],[-73.23522,-13.89554],[-73.23009,-13.91237],[-73.20553,-13.93042],[-73.19818,-13.94303]]]}},{"type":"Feature","properties":{"ubigeo":"030410","nombre":"Pocohuanca"},"geometry":{"type":"Polygon","coordinates":[[[-73.06979,-14.30935],[-73.07259,-14.31008],[-73.08676,-14.30197],[-73.09665,-14.28959],[-73.10135,-14.27911],[-73.10268,-14.25694],[-73.10747,-14.24703],[-73.11475,-14.24194],[-73.12502,-14.21909],[-73.12554,-14.20528],[-73.12507,-14.19968],[-73.11852,-14.19061],[-73.11858,-14.18184],[-73.12281,-14.17682],[-73.10362,-14.15381],[-73.07897,-14.14717],[-73.07608,-14.15595],[-73.06865,-14.16093],[-73.06832,-14.18637],[-73.07261,-14.18998],[-73.07634,-14.20631],[-73.05983,-14.22104],[-73.05198,-14.23405],[-73.05073,-14.24645],[-73.04259,-14.25232],[-73.04578,-14.2631],[-73.05329,-14.2689],[-73.0691,-14.27308],[-73.07076,-14.27658],[-73.06979,-14.30935]]]}},{"type":"Feature","properties":{"ubigeo":"030411","nombre":"San Juan de Chacña"},"geometry":{"type":"Polygon","coordinates":[[[-73.21942,-13.82763],[-73.19569,-13.81695],[-73.18446,-13.82518],[-73.1757,-13.82581],[-73.16018,-13.84036],[-73.15816,-13.8471],[-73.16192,-13.8592],[-73.17365,-13.88238],[-73.17322,-13.88741],[-73.16592,-13.89912],[-73.16043,-13.91395],[-73.14781,-13.93104],[-73.13654,-13.94284],[-73.14017,-13.94903],[-73.14907,-13.94996],[-73.16102,-13.94345],[-73.17853,-13.94972],[-73.18969,-13.94825],[-73.19818,-13.94303],[-73.20553,-13.93042],[-73.23009,-13.91237],[-73.23522,-13.89554],[-73.23721,-13.86107],[-73.23138,-13.84318],[-73.21964,-13.8356],[-73.21942,-13.82763]]]}},{"type":"Feature","properties":{"ubigeo":"030412","nombre":"Sañayca"},"geometry":{"type":"Polygon","coordinates":[[[-73.2731,-14.39772],[-73.27449,-14.41048],[-73.27245,-14.42321],[-73.27503,-14.43111],[-73.2826,-14.43303],[-73.28793,-14.44967],[-73.29667,-14.4568],[-73.29995,-14.46358],[-73.31511,-14.45933],[-73.3394,-14.46692],[-73.38678,-14.44862],[-73.40908,-14.45251],[-73.42543,-14.4523],[-73.43569,-14.44289],[-73.45463,-14.44274],[-73.4602,-14.44034],[-73.45973,-14.43222],[-73.44812,-14.41764],[-73.45313,-14.40255],[-73.4367,-14.38174],[-73.42671,-14.37493],[-73.42578,-14.35517],[-73.42125,-14.34597],[-73.40903,-14.33609],[-73.40224,-14.33401],[-73.38219,-14.32291],[-73.37047,-14.32027],[-73.36877,-14.31074],[-73.37642,-14.30041],[-73.37711,-14.29456],[-73.3702,-14.28575],[-73.37007,-14.27833],[-73.37595,-14.27569],[-73.37437,-14.26577],[-73.38059,-14.25752],[-73.37957,-14.23393],[-73.3859,-14.21824],[-73.39543,-14.21251],[-73.39376,-14.20723],[-73.39731,-14.18783],[-73.41021,-14.18463],[-73.41537,-14.18063],[-73.41118,-14.16606],[-73.40057,-14.16617],[-73.39654,-14.15943],[-73.37812,-14.15655],[-73.37051,-14.15182],[-73.34315,-14.14948],[-73.3269,-14.14264],[-73.31648,-14.14296],[-73.29789,-14.13101],[-73.29929,-14.13935],[-73.32373,-14.16518],[-73.32328,-14.18066],[-73.3178,-14.19379],[-73.32529,-14.20457],[-73.31876,-14.20895],[-73.32241,-14.22719],[-73.31811,-14.23094],[-73.30358,-14.25289],[-73.31147,-14.2628],[-73.32143,-14.26951],[-73.3273,-14.28111],[-73.32462,-14.29427],[-73.32124,-14.29858],[-73.32282,-14.3099],[-73.33002,-14.31788],[-73.33175,-14.33483],[-73.32821,-14.33876],[-73.31655,-14.34236],[-73.31733,-14.35206],[-73.30423,-14.3527],[-73.28864,-14.37055],[-73.28175,-14.38909],[-73.2731,-14.39772]]]}},{"type":"Feature","properties":{"ubigeo":"030413","nombre":"Soraya"},"geometry":{"type":"Polygon","coordinates":[[[-73.23452,-14.18793],[-73.25005,-14.18637],[-73.26134,-14.19405],[-73.26934,-14.1933],[-73.2882,-14.19607],[-73.30263,-14.19402],[-73.32529,-14.20457],[-73.3178,-14.19379],[-73.32328,-14.18066],[-73.32373,-14.16518],[-73.29929,-14.13935],[-73.29789,-14.13101],[-73.29921,-14.1287],[-73.29198,-14.13193],[-73.2838,-14.14567],[-73.27244,-14.14638],[-73.25362,-14.15705],[-73.24262,-14.15573],[-73.2374,-14.15866],[-73.24202,-14.17666],[-73.23452,-14.18793]]]}},{"type":"Feature","properties":{"ubigeo":"030414","nombre":"Tapairihua"},"geometry":{"type":"Polygon","coordinates":[[[-73.01974,-14.11262],[-73.03111,-14.10729],[-73.03283,-14.11625],[-73.04986,-14.12214],[-73.0549,-14.12974],[-73.05316,-14.136],[-73.06286,-14.1382],[-73.06467,-14.14244],[-73.07897,-14.14717],[-73.10362,-14.15381],[-73.12281,-14.17682],[-73.11858,-14.18184],[-73.11852,-14.19061],[-73.12507,-14.19968],[-73.12554,-14.20528],[-73.13385,-14.1994],[-73.14428,-14.179],[-73.14481,-14.16057],[-73.15275,-14.14522],[-73.15632,-14.14317],[-73.16024,-14.13265],[-73.16768,-14.12174],[-73.16718,-14.11188],[-73.17685,-14.10359],[-73.17686,-14.09655],[-73.18165,-14.08894],[-73.18622,-14.06967],[-73.18544,-14.05984],[-73.18941,-14.05299],[-73.18388,-14.03513],[-73.18607,-14.03155],[-73.18358,-14.01321],[-73.17473,-14.02103],[-73.1726,-14.02849],[-73.1628,-14.03335],[-73.157,-14.0404],[-73.13995,-14.03945],[-73.13405,-14.0429],[-73.12762,-14.05973],[-73.12019,-14.06029],[-73.11507,-14.06926],[-73.10781,-14.07234],[-73.10216,-14.08409],[-73.09775,-14.07963],[-73.09076,-14.08427],[-73.07633,-14.08593],[-73.06373,-14.08187],[-73.05848,-14.08643],[-73.04814,-14.08389],[-73.04098,-14.07737],[-73.02633,-14.07667],[-73.0266,-14.08783],[-73.01664,-14.09589],[-73.01974,-14.11262]]]}},{"type":"Feature","properties":{"ubigeo":"030415","nombre":"Tintay"},"geometry":{"type":"Polygon","coordinates":[[[-73.04535,-13.90048],[-73.04861,-13.90765],[-73.0683,-13.92638],[-73.06928,-13.93104],[-73.08044,-13.93546],[-73.08282,-13.93356],[-73.09678,-13.94032],[-73.11034,-13.94292],[-73.11213,-13.96183],[-73.11636,-13.96953],[-73.12659,-13.97661],[-73.13495,-13.97494],[-73.1472,-13.97744],[-73.15676,-13.97497],[-73.16588,-13.97223],[-73.1775,-13.97506],[-73.1959,-13.97394],[-73.20957,-13.96749],[-73.21842,-13.95848],[-73.21088,-13.94609],[-73.19818,-13.94303],[-73.18969,-13.94825],[-73.17853,-13.94972],[-73.16102,-13.94345],[-73.14907,-13.94996],[-73.14017,-13.94903],[-73.13654,-13.94284],[-73.14781,-13.93104],[-73.16043,-13.91395],[-73.16592,-13.89912],[-73.17322,-13.88741],[-73.17365,-13.88238],[-73.16192,-13.8592],[-73.15816,-13.8471],[-73.16018,-13.84036],[-73.1757,-13.82581],[-73.18446,-13.82518],[-73.19569,-13.81695],[-73.19583,-13.80787],[-73.18276,-13.80034],[-73.1719,-13.80364],[-73.16139,-13.8157],[-73.14327,-13.8223],[-73.13982,-13.82869],[-73.12753,-13.83858],[-73.12448,-13.84598],[-73.11751,-13.85093],[-73.10709,-13.8659],[-73.09887,-13.86845],[-73.08024,-13.89104],[-73.07374,-13.89699],[-73.05553,-13.89634],[-73.04535,-13.90048]]]}},{"type":"Feature","properties":{"ubigeo":"030416","nombre":"Toraya"},"geometry":{"type":"Polygon","coordinates":[[[-73.28769,-14.12868],[-73.29341,-14.11595],[-73.3021,-14.10583],[-73.30656,-14.09658],[-73.31818,-14.08449],[-73.33664,-14.07326],[-73.34944,-14.0708],[-73.35373,-14.07427],[-73.36188,-14.06754],[-73.37272,-14.07134],[-73.37286,-14.06],[-73.37875,-14.03355],[-73.37726,-14.0277],[-73.36576,-14.01703],[-73.35973,-13.99414],[-73.35428,-13.99098],[-73.35952,-13.96469],[-73.35209,-13.95156],[-73.34732,-13.9483],[-73.34572,-13.93699],[-73.33187,-13.93608],[-73.32483,-13.9383],[-73.31424,-13.93369],[-73.30253,-13.93883],[-73.30363,-13.94295],[-73.29507,-13.94692],[-73.29388,-13.96579],[-73.28288,-13.97835],[-73.27893,-13.99483],[-73.26944,-14.00492],[-73.26853,-14.01549],[-73.25954,-14.02445],[-73.25211,-14.04713],[-73.24008,-14.0505],[-73.23733,-14.0542],[-73.24269,-14.05538],[-73.26005,-14.07816],[-73.2757,-14.08668],[-73.28249,-14.1032],[-73.2828,-14.12006],[-73.28769,-14.12868]]]}},{"type":"Feature","properties":{"ubigeo":"030417","nombre":"Yanaca"},"geometry":{"type":"Polygon","coordinates":[[[-73.09665,-14.28959],[-73.10793,-14.29358],[-73.11486,-14.28444],[-73.12186,-14.28],[-73.13438,-14.28322],[-73.14422,-14.28149],[-73.15582,-14.27237],[-73.15945,-14.27419],[-73.1823,-14.26582],[-73.19359,-14.26739],[-73.20751,-14.25145],[-73.20709,-14.24344],[-73.21589,-14.23928],[-73.21571,-14.23375],[-73.22147,-14.22173],[-73.21996,-14.19936],[-73.21658,-14.19524],[-73.20633,-14.19341],[-73.20241,-14.19903],[-73.18078,-14.19294],[-73.16947,-14.18745],[-73.16749,-14.18002],[-73.15562,-14.16486],[-73.15632,-14.14317],[-73.15275,-14.14522],[-73.14481,-14.16057],[-73.14428,-14.179],[-73.13385,-14.1994],[-73.12554,-14.20528],[-73.12502,-14.21909],[-73.11475,-14.24194],[-73.10747,-14.24703],[-73.10268,-14.25694],[-73.10135,-14.27911],[-73.09665,-14.28959]]]}},{"type":"Feature","properties":{"ubigeo":"030501","nombre":"Tambobamba"},"geometry":{"type":"Polygon","coordinates":[[[-72.1347,-13.78351],[-72.11933,-13.82153],[-72.11292,-13.82292],[-72.10846,-13.83178],[-72.1056,-13.8512],[-72.09901,-13.86742],[-72.09326,-13.87509],[-72.09124,-13.88539],[-72.09665,-13.89714],[-72.1004,-13.91681],[-72.09524,-13.92587],[-72.09638,-13.94993],[-72.10431,-13.95573],[-72.10622,-13.96959],[-72.10051,-13.97364],[-72.09895,-13.98512],[-72.11108,-14.01362],[-72.11865,-14.02244],[-72.12878,-14.0202],[-72.14139,-14.02814],[-72.16003,-14.02757],[-72.17847,-14.03343],[-72.18071,-14.04605],[-72.18931,-14.06424],[-72.19322,-14.06625],[-72.19404,-14.06272],[-72.20924,-14.06132],[-72.2186,-14.06843],[-72.23334,-14.07118],[-72.24147,-14.06703],[-72.2485,-14.07246],[-72.24918,-14.07974],[-72.25917,-14.08999],[-72.2709,-14.07856],[-72.28483,-14.07408],[-72.28831,-14.05922],[-72.30329,-14.05243],[-72.30947,-14.05882],[-72.31827,-14.06],[-72.33159,-14.05383],[-72.33205,-14.03245],[-72.3348,-14.02554],[-72.3351,-14.00457],[-72.3313,-14.00072],[-72.33889,-13.99322],[-72.3421,-13.9821],[-72.33647,-13.96251],[-72.33875,-13.96098],[-72.33167,-13.93801],[-72.3244,-13.92378],[-72.30554,-13.91097],[-72.30352,-13.90555],[-72.31113,-13.89399],[-72.30531,-13.87859],[-72.28467,-13.85915],[-72.2777,-13.84803],[-72.27755,-13.82529],[-72.27202,-13.81621],[-72.25754,-13.80474],[-72.25013,-13.78814],[-72.24383,-13.76007],[-72.24461,-13.74488],[-72.25252,-13.73592],[-72.25291,-13.72304],[-72.23954,-13.70974],[-72.23068,-13.70607],[-72.22867,-13.71406],[-72.23188,-13.72172],[-72.20637,-13.72807],[-72.18674,-13.74594],[-72.17709,-13.74412],[-72.16636,-13.74742],[-72.16235,-13.75702],[-72.15401,-13.76515],[-72.15379,-13.77135],[-72.14755,-13.77924],[-72.1347,-13.78351]]]}},{"type":"Feature","properties":{"ubigeo":"030502","nombre":"Cotabambas"},"geometry":{"type":"Polygon","coordinates":[[[-72.30531,-13.87859],[-72.31875,-13.8669],[-72.32049,-13.84433],[-72.33881,-13.82137],[-72.35235,-13.82405],[-72.37383,-13.82076],[-72.38953,-13.82166],[-72.3936,-13.81961],[-72.38554,-13.80648],[-72.3851,-13.79877],[-72.39423,-13.78497],[-72.4086,-13.7752],[-72.42148,-13.7749],[-72.43659,-13.77082],[-72.4493,-13.76383],[-72.44712,-13.75806],[-72.44579,-13.73444],[-72.43802,-13.70598],[-72.43933,-13.69983],[-72.43722,-13.68083],[-72.43107,-13.67641],[-72.42861,-13.66261],[-72.42321,-13.65832],[-72.42188,-13.65061],[-72.41306,-13.64565],[-72.39982,-13.64185],[-72.39847,-13.64832],[-72.40444,-13.65384],[-72.40175,-13.65951],[-72.38793,-13.66406],[-72.3789,-13.66155],[-72.36944,-13.66566],[-72.35654,-13.68034],[-72.34187,-13.68421],[-72.33422,-13.69101],[-72.31485,-13.69848],[-72.31638,-13.70514],[-72.31234,-13.70849],[-72.29917,-13.70445],[-72.29729,-13.69648],[-72.29028,-13.69006],[-72.28276,-13.69094],[-72.27742,-13.68415],[-72.26616,-13.68501],[-72.26137,-13.68219],[-72.25059,-13.69295],[-72.24525,-13.68738],[-72.24478,-13.69821],[-72.23068,-13.70607],[-72.23954,-13.70974],[-72.25291,-13.72304],[-72.25252,-13.73592],[-72.24461,-13.74488],[-72.24383,-13.76007],[-72.25013,-13.78814],[-72.25754,-13.80474],[-72.27202,-13.81621],[-72.27755,-13.82529],[-72.2777,-13.84803],[-72.28467,-13.85915],[-72.30531,-13.87859]]]}},{"type":"Feature","properties":{"ubigeo":"030503","nombre":"Coyllurqui"},"geometry":{"type":"Polygon","coordinates":[[[-72.33159,-14.05383],[-72.34763,-14.06331],[-72.35936,-14.08173],[-72.36856,-14.07973],[-72.37348,-14.07568],[-72.38914,-14.07824],[-72.39361,-14.07141],[-72.40394,-14.07156],[-72.40561,-14.07789],[-72.41137,-14.07926],[-72.42229,-14.06697],[-72.41711,-14.05428],[-72.42018,-14.04186],[-72.42046,-14.02855],[-72.4458,-14.01504],[-72.44135,-14.00231],[-72.44682,-13.99344],[-72.45337,-13.97218],[-72.45635,-13.93893],[-72.45182,-13.9324],[-72.44999,-13.92231],[-72.45769,-13.90666],[-72.47335,-13.89474],[-72.48089,-13.87929],[-72.47859,-13.86062],[-72.47069,-13.84987],[-72.47588,-13.81377],[-72.46787,-13.79689],[-72.46038,-13.79021],[-72.45386,-13.78227],[-72.45552,-13.77571],[-72.4493,-13.76383],[-72.43659,-13.77082],[-72.42148,-13.7749],[-72.4086,-13.7752],[-72.39423,-13.78497],[-72.3851,-13.79877],[-72.38554,-13.80648],[-72.3936,-13.81961],[-72.38953,-13.82166],[-72.37383,-13.82076],[-72.35235,-13.82405],[-72.33881,-13.82137],[-72.32049,-13.84433],[-72.31875,-13.8669],[-72.30531,-13.87859],[-72.31113,-13.89399],[-72.30352,-13.90555],[-72.30554,-13.91097],[-72.3244,-13.92378],[-72.33167,-13.93801],[-72.33875,-13.96098],[-72.33647,-13.96251],[-72.3421,-13.9821],[-72.33889,-13.99322],[-72.3313,-14.00072],[-72.3351,-14.00457],[-72.3348,-14.02554],[-72.33205,-14.03245],[-72.33159,-14.05383]]]}},{"type":"Feature","properties":{"ubigeo":"030504","nombre":"Haquira"},"geometry":{"type":"Polygon","coordinates":[[[-72.31973,-14.44063],[-72.32594,-14.43874],[-72.33877,-14.42833],[-72.35763,-14.43596],[-72.36167,-14.42861],[-72.36929,-14.42761],[-72.36658,-14.41979],[-72.36651,-14.38801],[-72.37093,-14.3687],[-72.36529,-14.36559],[-72.36847,-14.35092],[-72.35348,-14.32991],[-72.33891,-14.32673],[-72.34469,-14.30604],[-72.35095,-14.30371],[-72.34307,-14.29173],[-72.34591,-14.2849],[-72.33691,-14.27511],[-72.33033,-14.27383],[-72.31688,-14.26392],[-72.30336,-14.26568],[-72.29814,-14.25023],[-72.28349,-14.2408],[-72.27566,-14.24045],[-72.26994,-14.23301],[-72.27113,-14.22256],[-72.26689,-14.21363],[-72.25308,-14.20576],[-72.22841,-14.19825],[-72.22557,-14.19136],[-72.2268,-14.18297],[-72.22013,-14.17815],[-72.1866,-14.18403],[-72.18329,-14.18704],[-72.1723,-14.18504],[-72.16136,-14.1748],[-72.15292,-14.15879],[-72.14408,-14.15308],[-72.14598,-14.14828],[-72.14558,-14.13714],[-72.13864,-14.13142],[-72.13834,-14.12341],[-72.12611,-14.11109],[-72.11391,-14.11116],[-72.10068,-14.12069],[-72.0764,-14.11751],[-72.07179,-14.11057],[-72.05908,-14.1087],[-72.06444,-14.11588],[-72.05667,-14.12881],[-72.06294,-14.13804],[-72.06149,-14.14185],[-72.06993,-14.14991],[-72.0879,-14.16322],[-72.08942,-14.16987],[-72.0952,-14.17373],[-72.08905,-14.19096],[-72.08314,-14.19599],[-72.07648,-14.20743],[-72.08579,-14.20906],[-72.09561,-14.22015],[-72.09924,-14.22943],[-72.10782,-14.23565],[-72.11568,-14.24556],[-72.13627,-14.25982],[-72.14321,-14.25617],[-72.16117,-14.26379],[-72.16996,-14.27383],[-72.17028,-14.29118],[-72.17645,-14.29944],[-72.18659,-14.3048],[-72.18711,-14.31322],[-72.19916,-14.31527],[-72.20558,-14.32025],[-72.20754,-14.33177],[-72.21622,-14.33409],[-72.22455,-14.34908],[-72.23952,-14.34847],[-72.24039,-14.36151],[-72.24874,-14.38614],[-72.24951,-14.40293],[-72.26978,-14.40445],[-72.28045,-14.41078],[-72.29567,-14.41188],[-72.28902,-14.42248],[-72.29818,-14.42859],[-72.30569,-14.42875],[-72.31111,-14.43708],[-72.31973,-14.44063]]]}},{"type":"Feature","properties":{"ubigeo":"030505","nombre":"Mara"},"geometry":{"type":"Polygon","coordinates":[[[-72.05859,-14.10834],[-72.05908,-14.1087],[-72.07179,-14.11057],[-72.0764,-14.11751],[-72.10068,-14.12069],[-72.11391,-14.11116],[-72.12611,-14.11109],[-72.13834,-14.12341],[-72.13864,-14.13142],[-72.14558,-14.13714],[-72.14598,-14.14828],[-72.17038,-14.14711],[-72.17911,-14.13848],[-72.17991,-14.12029],[-72.18615,-14.12193],[-72.20335,-14.11726],[-72.19883,-14.07692],[-72.19322,-14.06625],[-72.18931,-14.06424],[-72.18071,-14.04605],[-72.17847,-14.03343],[-72.16003,-14.02757],[-72.14139,-14.02814],[-72.12878,-14.0202],[-72.11865,-14.02244],[-72.11108,-14.01362],[-72.09895,-13.98512],[-72.10051,-13.97364],[-72.10622,-13.96959],[-72.10431,-13.95573],[-72.09638,-13.94993],[-72.09524,-13.92587],[-72.1004,-13.91681],[-72.09665,-13.89714],[-72.09124,-13.88539],[-72.08111,-13.88948],[-72.07783,-13.90673],[-72.06201,-13.92087],[-72.05568,-13.93485],[-72.05605,-13.95239],[-72.06012,-13.96568],[-72.0568,-13.97202],[-72.05815,-13.9871],[-72.05551,-13.99251],[-72.05167,-14.01239],[-72.05315,-14.03153],[-72.06262,-14.0447],[-72.06342,-14.06415],[-72.0679,-14.07654],[-72.06177,-14.0824],[-72.06441,-14.09129],[-72.05859,-14.10834]]]}},{"type":"Feature","properties":{"ubigeo":"030506","nombre":"Challhuahuacho"},"geometry":{"type":"Polygon","coordinates":[[[-72.14598,-14.14828],[-72.14408,-14.15308],[-72.15292,-14.15879],[-72.16136,-14.1748],[-72.1723,-14.18504],[-72.18329,-14.18704],[-72.1866,-14.18403],[-72.22013,-14.17815],[-72.2268,-14.18297],[-72.22557,-14.19136],[-72.22841,-14.19825],[-72.25308,-14.20576],[-72.26689,-14.21363],[-72.27113,-14.22256],[-72.26994,-14.23301],[-72.27566,-14.24045],[-72.28349,-14.2408],[-72.29814,-14.25023],[-72.30336,-14.26568],[-72.31688,-14.26392],[-72.33033,-14.27383],[-72.33691,-14.27511],[-72.34591,-14.2849],[-72.34307,-14.29173],[-72.35095,-14.30371],[-72.35721,-14.30287],[-72.36385,-14.28696],[-72.3715,-14.28479],[-72.37711,-14.29917],[-72.3899,-14.29798],[-72.39423,-14.29035],[-72.403,-14.29046],[-72.4048,-14.28367],[-72.41714,-14.27961],[-72.42779,-14.2683],[-72.42893,-14.26034],[-72.43915,-14.24508],[-72.43975,-14.23265],[-72.44344,-14.22638],[-72.45141,-14.22802],[-72.47292,-14.21368],[-72.47976,-14.20167],[-72.47076,-14.19553],[-72.46254,-14.18314],[-72.45189,-14.18621],[-72.43334,-14.19763],[-72.42101,-14.20837],[-72.41137,-14.21175],[-72.39798,-14.21181],[-72.38634,-14.20668],[-72.38764,-14.19658],[-72.38262,-14.18856],[-72.38554,-14.17731],[-72.38172,-14.16819],[-72.36764,-14.15526],[-72.3594,-14.15264],[-72.34984,-14.14306],[-72.36476,-14.1308],[-72.36741,-14.11833],[-72.37601,-14.11307],[-72.37195,-14.08811],[-72.36856,-14.07973],[-72.35936,-14.08173],[-72.34763,-14.06331],[-72.33159,-14.05383],[-72.31827,-14.06],[-72.30947,-14.05882],[-72.30329,-14.05243],[-72.28831,-14.05922],[-72.28483,-14.07408],[-72.2709,-14.07856],[-72.25917,-14.08999],[-72.24918,-14.07974],[-72.2485,-14.07246],[-72.24147,-14.06703],[-72.23334,-14.07118],[-72.2186,-14.06843],[-72.20924,-14.06132],[-72.19404,-14.06272],[-72.19322,-14.06625],[-72.19883,-14.07692],[-72.20335,-14.11726],[-72.18615,-14.12193],[-72.17991,-14.12029],[-72.17911,-14.13848],[-72.17038,-14.14711],[-72.14598,-14.14828]]]}},{"type":"Feature","properties":{"ubigeo":"030601","nombre":"Chincheros"},"geometry":{"type":"Polygon","coordinates":[[[-73.71967,-13.45831],[-73.7079,-13.46825],[-73.70155,-13.47485],[-73.70041,-13.49122],[-73.70674,-13.52223],[-73.70467,-13.5309],[-73.69514,-13.54352],[-73.68994,-13.56351],[-73.69974,-13.57348],[-73.70979,-13.57445],[-73.71149,-13.58166],[-73.72076,-13.5911],[-73.75515,-13.57496],[-73.76479,-13.56538],[-73.76622,-13.55922],[-73.77722,-13.55234],[-73.79395,-13.55339],[-73.80367,-13.55788],[-73.80976,-13.53847],[-73.81101,-13.52127],[-73.81717,-13.50532],[-73.81427,-13.49934],[-73.78558,-13.49621],[-73.78309,-13.47268],[-73.77191,-13.45863],[-73.75038,-13.4475],[-73.74265,-13.452],[-73.73982,-13.45784],[-73.7347,-13.45108],[-73.7292,-13.45084],[-73.71967,-13.45831]]]}},{"type":"Feature","properties":{"ubigeo":"030602","nombre":"Anco_Huallo"},"geometry":{"type":"Polygon","coordinates":[[[-73.6375,-13.49782],[-73.63341,-13.50588],[-73.63167,-13.52107],[-73.63749,-13.52667],[-73.63908,-13.54731],[-73.63563,-13.55756],[-73.64197,-13.56268],[-73.63951,-13.56577],[-73.64373,-13.58114],[-73.64181,-13.5851],[-73.63307,-13.58433],[-73.6321,-13.59259],[-73.65267,-13.60401],[-73.66934,-13.61541],[-73.67368,-13.62414],[-73.68611,-13.61996],[-73.69206,-13.60637],[-73.69206,-13.57244],[-73.68994,-13.56351],[-73.69514,-13.54352],[-73.70467,-13.5309],[-73.70674,-13.52223],[-73.70041,-13.49122],[-73.70155,-13.47485],[-73.7079,-13.46825],[-73.70079,-13.46903],[-73.6803,-13.48366],[-73.6648,-13.48958],[-73.66021,-13.48667],[-73.65469,-13.49073],[-73.64657,-13.48986],[-73.6375,-13.49782]]]}},{"type":"Feature","properties":{"ubigeo":"030603","nombre":"Cocharcas"},"geometry":{"type":"Polygon","coordinates":[[[-73.68611,-13.61996],[-73.70045,-13.63593],[-73.70009,-13.63968],[-73.70846,-13.65789],[-73.71194,-13.66074],[-73.71475,-13.67412],[-73.72306,-13.68189],[-73.72713,-13.68432],[-73.73012,-13.67677],[-73.72776,-13.66908],[-73.73237,-13.66767],[-73.74362,-13.65556],[-73.75065,-13.65628],[-73.75665,-13.65074],[-73.78272,-13.6408],[-73.79192,-13.64096],[-73.79899,-13.62278],[-73.80578,-13.61266],[-73.7958,-13.60432],[-73.80552,-13.5747],[-73.8071,-13.56243],[-73.80367,-13.55788],[-73.79395,-13.55339],[-73.77722,-13.55234],[-73.76622,-13.55922],[-73.76479,-13.56538],[-73.75515,-13.57496],[-73.72076,-13.5911],[-73.71149,-13.58166],[-73.70979,-13.57445],[-73.69974,-13.57348],[-73.68994,-13.56351],[-73.69206,-13.57244],[-73.69206,-13.60637],[-73.68611,-13.61996]]]}},{"type":"Feature","properties":{"ubigeo":"030604","nombre":"Huaccana"},"geometry":{"type":"Polygon","coordinates":[[[-73.57502,-13.33802],[-73.57853,-13.33969],[-73.58996,-13.34594],[-73.60459,-13.35098],[-73.61935,-13.35245],[-73.62332,-13.35827],[-73.63869,-13.36198],[-73.64636,-13.36876],[-73.66497,-13.37911],[-73.67256,-13.39109],[-73.68443,-13.39397],[-73.69158,-13.40269],[-73.70107,-13.408],[-73.70986,-13.42061],[-73.7092,-13.43383],[-73.71832,-13.44753],[-73.71967,-13.45831],[-73.7292,-13.45084],[-73.7347,-13.45108],[-73.73982,-13.45784],[-73.74346,-13.43265],[-73.74347,-13.42182],[-73.7472,-13.41925],[-73.7455,-13.41132],[-73.73564,-13.40656],[-73.72684,-13.40566],[-73.72085,-13.39376],[-73.72953,-13.37948],[-73.73222,-13.37075],[-73.73987,-13.3624],[-73.74561,-13.36054],[-73.7578,-13.34451],[-73.77582,-13.33053],[-73.77638,-13.3263],[-73.78685,-13.31729],[-73.79953,-13.3107],[-73.8065,-13.31116],[-73.80796,-13.3038],[-73.82282,-13.28505],[-73.82056,-13.27758],[-73.82584,-13.27085],[-73.82299,-13.25751],[-73.82321,-13.24733],[-73.81281,-13.24224],[-73.80791,-13.22153],[-73.80737,-13.21387],[-73.79997,-13.21454],[-73.79936,-13.20395],[-73.78642,-13.19221],[-73.77393,-13.18515],[-73.7726,-13.17512],[-73.75644,-13.17071],[-73.73755,-13.17719],[-73.73036,-13.18366],[-73.72835,-13.19484],[-73.74002,-13.21178],[-73.73498,-13.22255],[-73.73086,-13.24265],[-73.73634,-13.25491],[-73.72674,-13.26174],[-73.72803,-13.26781],[-73.70658,-13.26932],[-73.70019,-13.2651],[-73.69495,-13.27407],[-73.67353,-13.28484],[-73.6645,-13.28155],[-73.66003,-13.29039],[-73.64195,-13.29948],[-73.63572,-13.31066],[-73.62765,-13.3137],[-73.6247,-13.32141],[-73.61129,-13.3233],[-73.60854,-13.33078],[-73.60251,-13.32824],[-73.59493,-13.33048],[-73.5867,-13.33934],[-73.57502,-13.33802]]]}},{"type":"Feature","properties":{"ubigeo":"030605","nombre":"Ocobamba"},"geometry":{"type":"Polygon","coordinates":[[[-73.47265,-13.48911],[-73.47637,-13.49912],[-73.48346,-13.50631],[-73.48016,-13.52059],[-73.45965,-13.54959],[-73.45759,-13.56145],[-73.45922,-13.5696],[-73.45613,-13.58168],[-73.45075,-13.59001],[-73.47524,-13.58373],[-73.4783,-13.57988],[-73.49208,-13.57733],[-73.50131,-13.58889],[-73.50048,-13.59619],[-73.51989,-13.60358],[-73.53163,-13.61644],[-73.54165,-13.60559],[-73.55125,-13.60857],[-73.56225,-13.60363],[-73.5704,-13.59626],[-73.56902,-13.57991],[-73.56572,-13.57358],[-73.56562,-13.56218],[-73.56079,-13.54864],[-73.55384,-13.5445],[-73.54618,-13.53536],[-73.5355,-13.53096],[-73.53287,-13.51622],[-73.54499,-13.51313],[-73.55289,-13.50771],[-73.56175,-13.50576],[-73.57657,-13.5074],[-73.58397,-13.50364],[-73.59184,-13.49254],[-73.60011,-13.49132],[-73.59747,-13.48367],[-73.59738,-13.46806],[-73.57824,-13.45062],[-73.56845,-13.43949],[-73.5653,-13.43104],[-73.55619,-13.43196],[-73.54583,-13.44138],[-73.53649,-13.43905],[-73.5325,-13.43311],[-73.52199,-13.42772],[-73.51098,-13.40838],[-73.5111,-13.38297],[-73.49851,-13.3929],[-73.4879,-13.41284],[-73.48668,-13.42257],[-73.48091,-13.43137],[-73.4741,-13.43291],[-73.46943,-13.42922],[-73.46148,-13.43404],[-73.44539,-13.43036],[-73.45291,-13.44466],[-73.46337,-13.45926],[-73.4644,-13.46511],[-73.47676,-13.47473],[-73.47006,-13.4846],[-73.47265,-13.48911]]]}},{"type":"Feature","properties":{"ubigeo":"030606","nombre":"Ongoy"},"geometry":{"type":"Polygon","coordinates":[[[-73.64657,-13.48986],[-73.65469,-13.49073],[-73.66021,-13.48667],[-73.6648,-13.48958],[-73.6803,-13.48366],[-73.70079,-13.46903],[-73.7079,-13.46825],[-73.71967,-13.45831],[-73.71832,-13.44753],[-73.7092,-13.43383],[-73.70986,-13.42061],[-73.70107,-13.408],[-73.69158,-13.40269],[-73.68443,-13.39397],[-73.67256,-13.39109],[-73.66497,-13.37911],[-73.64636,-13.36876],[-73.63869,-13.36198],[-73.62332,-13.35827],[-73.61935,-13.35245],[-73.60459,-13.35098],[-73.58996,-13.34594],[-73.57853,-13.33969],[-73.58746,-13.36574],[-73.58746,-13.38571],[-73.58966,-13.39308],[-73.59752,-13.39239],[-73.60333,-13.39908],[-73.59653,-13.41137],[-73.57949,-13.41745],[-73.5718,-13.42823],[-73.59532,-13.42779],[-73.60619,-13.41763],[-73.61753,-13.42064],[-73.62804,-13.41952],[-73.63245,-13.41579],[-73.63913,-13.42262],[-73.64588,-13.43582],[-73.64973,-13.44848],[-73.6581,-13.45878],[-73.65165,-13.46728],[-73.65174,-13.47822],[-73.64729,-13.48049],[-73.64657,-13.48986]]]}},{"type":"Feature","properties":{"ubigeo":"030607","nombre":"Uranmarca"},"geometry":{"type":"Polygon","coordinates":[[[-73.60618,-13.72877],[-73.6228,-13.73254],[-73.62896,-13.73658],[-73.65722,-13.73237],[-73.66274,-13.72881],[-73.67371,-13.73074],[-73.6794,-13.72453],[-73.68982,-13.71923],[-73.70193,-13.70528],[-73.71198,-13.70735],[-73.71561,-13.69995],[-73.71349,-13.69116],[-73.72306,-13.68189],[-73.71475,-13.67412],[-73.71194,-13.66074],[-73.70846,-13.65789],[-73.70009,-13.63968],[-73.70045,-13.63593],[-73.68611,-13.61996],[-73.67368,-13.62414],[-73.66934,-13.61541],[-73.65267,-13.60401],[-73.6321,-13.59259],[-73.62751,-13.59726],[-73.61734,-13.60037],[-73.60443,-13.60993],[-73.60698,-13.62222],[-73.59285,-13.6465],[-73.59367,-13.65654],[-73.60162,-13.66412],[-73.60561,-13.69191],[-73.61392,-13.69888],[-73.61497,-13.70363],[-73.61204,-13.72048],[-73.60618,-13.72877]]]}},{"type":"Feature","properties":{"ubigeo":"030608","nombre":"Ranracancha"},"geometry":{"type":"Polygon","coordinates":[[[-73.60443,-13.60993],[-73.61734,-13.60037],[-73.62751,-13.59726],[-73.6321,-13.59259],[-73.63307,-13.58433],[-73.64181,-13.5851],[-73.64373,-13.58114],[-73.63951,-13.56577],[-73.64197,-13.56268],[-73.63563,-13.55756],[-73.63908,-13.54731],[-73.63749,-13.52667],[-73.63167,-13.52107],[-73.63341,-13.50588],[-73.6375,-13.49782],[-73.63093,-13.49897],[-73.61491,-13.49397],[-73.60011,-13.49132],[-73.59184,-13.49254],[-73.58397,-13.50364],[-73.57657,-13.5074],[-73.56175,-13.50576],[-73.55289,-13.50771],[-73.54499,-13.51313],[-73.53287,-13.51622],[-73.5355,-13.53096],[-73.54618,-13.53536],[-73.55384,-13.5445],[-73.56079,-13.54864],[-73.56562,-13.56218],[-73.56572,-13.57358],[-73.56902,-13.57991],[-73.5704,-13.59626],[-73.58349,-13.60762],[-73.60443,-13.60993]]]}},{"type":"Feature","properties":{"ubigeo":"030609","nombre":"Rocchacc"},"geometry":{"type":"Polygon","coordinates":[[[-73.5653,-13.43104],[-73.56845,-13.43949],[-73.57824,-13.45062],[-73.59738,-13.46806],[-73.59747,-13.48367],[-73.60011,-13.49132],[-73.61491,-13.49397],[-73.63093,-13.49897],[-73.6375,-13.49782],[-73.64657,-13.48986],[-73.64729,-13.48049],[-73.65174,-13.47822],[-73.65165,-13.46728],[-73.6581,-13.45878],[-73.64973,-13.44848],[-73.64588,-13.43582],[-73.63913,-13.42262],[-73.63245,-13.41579],[-73.62804,-13.41952],[-73.61753,-13.42064],[-73.60619,-13.41763],[-73.59532,-13.42779],[-73.5718,-13.42823],[-73.5653,-13.43104]]]}},{"type":"Feature","properties":{"ubigeo":"030610","nombre":"El Porvenir"},"geometry":{"type":"Polygon","coordinates":[[[-73.5111,-13.38297],[-73.51098,-13.40838],[-73.52199,-13.42772],[-73.5325,-13.43311],[-73.53649,-13.43905],[-73.54583,-13.44138],[-73.55619,-13.43196],[-73.5653,-13.43104],[-73.5718,-13.42823],[-73.57949,-13.41745],[-73.59653,-13.41137],[-73.60333,-13.39908],[-73.59752,-13.39239],[-73.58966,-13.39308],[-73.58746,-13.38571],[-73.58746,-13.36574],[-73.57853,-13.33969],[-73.57502,-13.33802],[-73.57176,-13.34183],[-73.57418,-13.3511],[-73.57017,-13.36332],[-73.5585,-13.36621],[-73.54429,-13.36387],[-73.53984,-13.37052],[-73.5303,-13.37348],[-73.52718,-13.38366],[-73.52159,-13.38772],[-73.5148,-13.3848],[-73.5111,-13.38297]]]}},{"type":"Feature","properties":{"ubigeo":"030611","nombre":"Los Chankas"},"geometry":{"type":"Polygon","coordinates":[[[-73.80705,-13.31483],[-73.8065,-13.31116],[-73.79953,-13.3107],[-73.78685,-13.31729],[-73.77638,-13.3263],[-73.77582,-13.33053],[-73.7578,-13.34451],[-73.74561,-13.36054],[-73.73987,-13.3624],[-73.73222,-13.37075],[-73.72953,-13.37948],[-73.72085,-13.39376],[-73.72684,-13.40566],[-73.73564,-13.40656],[-73.7455,-13.41132],[-73.7472,-13.41925],[-73.74347,-13.42182],[-73.74346,-13.43265],[-73.76334,-13.43667],[-73.7808,-13.43205],[-73.78772,-13.44737],[-73.78729,-13.45722],[-73.79411,-13.46541],[-73.81313,-13.46758],[-73.82802,-13.46652],[-73.8348,-13.47018],[-73.83414,-13.46144],[-73.83855,-13.45417],[-73.82905,-13.44523],[-73.82739,-13.43374],[-73.8393,-13.41945],[-73.83686,-13.41656],[-73.84651,-13.40253],[-73.84696,-13.39743],[-73.83891,-13.38678],[-73.83796,-13.37374],[-73.83494,-13.36882],[-73.82867,-13.34454],[-73.82799,-13.33651],[-73.83199,-13.33066],[-73.82321,-13.3245],[-73.82073,-13.3181],[-73.80705,-13.31483]]]}},{"type":"Feature","properties":{"ubigeo":"030612","nombre":"Ahuayro"},"geometry":{"type":"Polygon","coordinates":[[[-73.81717,-13.50532],[-73.81999,-13.50292],[-73.82312,-13.48434],[-73.8348,-13.47018],[-73.82802,-13.46652],[-73.81313,-13.46758],[-73.79411,-13.46541],[-73.78729,-13.45722],[-73.78772,-13.44737],[-73.7808,-13.43205],[-73.76334,-13.43667],[-73.74346,-13.43265],[-73.73982,-13.45784],[-73.74265,-13.452],[-73.75038,-13.4475],[-73.77191,-13.45863],[-73.78309,-13.47268],[-73.78558,-13.49621],[-73.81427,-13.49934],[-73.81717,-13.50532]]]}},{"type":"Feature","properties":{"ubigeo":"030701","nombre":"Chuquibambilla"},"geometry":{"type":"Polygon","coordinates":[[[-72.6369,-14.06311],[-72.64557,-14.07702],[-72.65668,-14.08573],[-72.67153,-14.10381],[-72.67662,-14.11369],[-72.67683,-14.12065],[-72.68402,-14.13033],[-72.68947,-14.14489],[-72.68916,-14.15062],[-72.69496,-14.16317],[-72.702,-14.17217],[-72.70146,-14.18404],[-72.70811,-14.19231],[-72.71101,-14.20594],[-72.7217,-14.21337],[-72.73043,-14.20441],[-72.76102,-14.20575],[-72.76953,-14.20814],[-72.77308,-14.21941],[-72.7845,-14.21039],[-72.79806,-14.21411],[-72.8064,-14.2091],[-72.81465,-14.20856],[-72.81577,-14.21651],[-72.8327,-14.2186],[-72.83797,-14.23031],[-72.84493,-14.22438],[-72.85998,-14.22777],[-72.86675,-14.23845],[-72.87961,-14.24463],[-72.88491,-14.23387],[-72.90126,-14.22455],[-72.8993,-14.2174],[-72.89112,-14.21234],[-72.88675,-14.19989],[-72.89131,-14.18376],[-72.89512,-14.17829],[-72.89235,-14.17039],[-72.88687,-14.16161],[-72.88701,-14.14628],[-72.88092,-14.14447],[-72.87506,-14.13386],[-72.87935,-14.1321],[-72.87562,-14.12287],[-72.86203,-14.1186],[-72.85565,-14.10858],[-72.85911,-14.09863],[-72.85123,-14.09407],[-72.84844,-14.0974],[-72.84159,-14.09349],[-72.833,-14.09663],[-72.81721,-14.09545],[-72.80574,-14.08056],[-72.80561,-14.0734],[-72.79852,-14.07126],[-72.79916,-14.06254],[-72.79438,-14.05474],[-72.80491,-14.03538],[-72.80352,-14.01977],[-72.7971,-14.00697],[-72.79113,-14.00338],[-72.78892,-13.98046],[-72.78272,-13.9823],[-72.76325,-13.97897],[-72.75798,-13.96345],[-72.74918,-13.96653],[-72.74499,-13.97509],[-72.72207,-13.98079],[-72.71716,-13.98362],[-72.70627,-13.99765],[-72.71873,-14.00632],[-72.72144,-14.02139],[-72.70718,-14.03721],[-72.69808,-14.04219],[-72.68552,-14.05983],[-72.68202,-14.06914],[-72.67435,-14.07465],[-72.65533,-14.06429],[-72.6369,-14.06311]]]}},{"type":"Feature","properties":{"ubigeo":"030702","nombre":"Curpahuasi"},"geometry":{"type":"Polygon","coordinates":[[[-72.55439,-13.96601],[-72.56246,-13.9765],[-72.55716,-13.98585],[-72.56048,-13.99483],[-72.56499,-13.99518],[-72.57539,-14.00246],[-72.57445,-14.00731],[-72.57754,-14.02537],[-72.58926,-14.03489],[-72.59912,-14.03994],[-72.60933,-14.04898],[-72.61229,-14.06237],[-72.61706,-14.06696],[-72.6213,-14.06972],[-72.6369,-14.06311],[-72.65533,-14.06429],[-72.67435,-14.07465],[-72.68202,-14.06914],[-72.68552,-14.05983],[-72.69808,-14.04219],[-72.70718,-14.03721],[-72.72144,-14.02139],[-72.71873,-14.00632],[-72.70627,-13.99765],[-72.71716,-13.98362],[-72.72207,-13.98079],[-72.74499,-13.97509],[-72.74918,-13.96653],[-72.73713,-13.95089],[-72.72685,-13.94732],[-72.73251,-13.93369],[-72.73937,-13.92922],[-72.7358,-13.9145],[-72.72748,-13.90778],[-72.71103,-13.90312],[-72.70502,-13.89435],[-72.69563,-13.89329],[-72.68229,-13.88696],[-72.67472,-13.87327],[-72.66248,-13.8649],[-72.65666,-13.86417],[-72.64692,-13.85719],[-72.63795,-13.86223],[-72.63138,-13.86866],[-72.62335,-13.88297],[-72.61054,-13.88425],[-72.61066,-13.89211],[-72.61508,-13.89691],[-72.60498,-13.9187],[-72.59359,-13.91122],[-72.58525,-13.91341],[-72.57782,-13.91974],[-72.56799,-13.93676],[-72.55924,-13.9479],[-72.55439,-13.96601]]]}},{"type":"Feature","properties":{"ubigeo":"030703","nombre":"Gamarra"},"geometry":{"type":"Polygon","coordinates":[[[-72.48089,-13.87929],[-72.50188,-13.91495],[-72.51662,-13.921],[-72.51711,-13.92579],[-72.52415,-13.92909],[-72.52713,-13.93654],[-72.53509,-13.94114],[-72.54072,-13.95123],[-72.55439,-13.96601],[-72.55924,-13.9479],[-72.56799,-13.93676],[-72.57782,-13.91974],[-72.58525,-13.91341],[-72.59359,-13.91122],[-72.60498,-13.9187],[-72.61508,-13.89691],[-72.61066,-13.89211],[-72.61054,-13.88425],[-72.62335,-13.88297],[-72.63138,-13.86866],[-72.63795,-13.86223],[-72.64397,-13.8483],[-72.64505,-13.83692],[-72.63787,-13.83049],[-72.64011,-13.81888],[-72.65591,-13.81119],[-72.6578,-13.8003],[-72.66922,-13.79521],[-72.67558,-13.7879],[-72.67892,-13.776],[-72.66958,-13.77034],[-72.66367,-13.77356],[-72.65674,-13.76911],[-72.6487,-13.77202],[-72.6401,-13.76661],[-72.64227,-13.75805],[-72.63124,-13.7517],[-72.61863,-13.74812],[-72.60925,-13.74896],[-72.60684,-13.74265],[-72.59691,-13.73903],[-72.5921,-13.73032],[-72.57356,-13.73185],[-72.57662,-13.74356],[-72.56712,-13.74314],[-72.55352,-13.75082],[-72.54258,-13.74793],[-72.52706,-13.751],[-72.5159,-13.74821],[-72.51106,-13.75039],[-72.50143,-13.74694],[-72.49753,-13.75169],[-72.49178,-13.75061],[-72.46958,-13.77072],[-72.46038,-13.79021],[-72.46787,-13.79689],[-72.47588,-13.81377],[-72.47069,-13.84987],[-72.47859,-13.86062],[-72.48089,-13.87929]]]}},{"type":"Feature","properties":{"ubigeo":"030704","nombre":"Huayllati"},"geometry":{"type":"Polygon","coordinates":[[[-72.56499,-13.99518],[-72.56048,-13.99483],[-72.55716,-13.98585],[-72.56246,-13.9765],[-72.55439,-13.96601],[-72.54072,-13.95123],[-72.53509,-13.94114],[-72.52713,-13.93654],[-72.52415,-13.92909],[-72.51711,-13.92579],[-72.51662,-13.921],[-72.50188,-13.91495],[-72.48089,-13.87929],[-72.47335,-13.89474],[-72.45769,-13.90666],[-72.44999,-13.92231],[-72.45182,-13.9324],[-72.45635,-13.93893],[-72.45337,-13.97218],[-72.44682,-13.99344],[-72.44135,-14.00231],[-72.4458,-14.01504],[-72.4525,-14.01023],[-72.46406,-14.01544],[-72.46676,-14.02116],[-72.47338,-14.02166],[-72.4785,-14.03229],[-72.49222,-14.03389],[-72.51297,-14.01386],[-72.52415,-14.01028],[-72.53087,-14.00413],[-72.54116,-14.00201],[-72.55118,-14.00477],[-72.56284,-14.00161],[-72.56499,-13.99518]]]}},{"type":"Feature","properties":{"ubigeo":"030705","nombre":"Mamara"},"geometry":{"type":"Polygon","coordinates":[[[-72.60079,-14.23851],[-72.61388,-14.22739],[-72.62081,-14.21878],[-72.6273,-14.19472],[-72.62364,-14.19296],[-72.62189,-14.19847],[-72.60877,-14.19832],[-72.60171,-14.20653],[-72.59878,-14.19976],[-72.58703,-14.18653],[-72.57367,-14.18291],[-72.56789,-14.17348],[-72.55185,-14.17604],[-72.54187,-14.18499],[-72.52765,-14.18941],[-72.52379,-14.19359],[-72.5108,-14.19566],[-72.50771,-14.20715],[-72.51893,-14.22235],[-72.53667,-14.22539],[-72.55442,-14.23872],[-72.56989,-14.25458],[-72.5761,-14.25292],[-72.58453,-14.24468],[-72.59631,-14.24261],[-72.60079,-14.23851]]]}},{"type":"Feature","properties":{"ubigeo":"030706","nombre":"Micaela Bastidas"},"geometry":{"type":"Polygon","coordinates":[[[-72.50771,-14.20715],[-72.5108,-14.19566],[-72.52379,-14.19359],[-72.52765,-14.18941],[-72.54187,-14.18499],[-72.55185,-14.17604],[-72.56789,-14.17348],[-72.57309,-14.16895],[-72.5887,-14.16403],[-72.5983,-14.15618],[-72.61693,-14.15306],[-72.63053,-14.15646],[-72.6433,-14.15171],[-72.63922,-14.14734],[-72.64292,-14.12385],[-72.63946,-14.10846],[-72.63502,-14.10304],[-72.63653,-14.09277],[-72.62547,-14.08304],[-72.62185,-14.07181],[-72.61706,-14.06696],[-72.61229,-14.06237],[-72.59587,-14.07798],[-72.59391,-14.09875],[-72.58711,-14.10681],[-72.56654,-14.11046],[-72.56309,-14.11891],[-72.55534,-14.11773],[-72.54229,-14.12441],[-72.54101,-14.14419],[-72.53155,-14.14383],[-72.52557,-14.15154],[-72.50683,-14.16256],[-72.49927,-14.16365],[-72.49659,-14.1723],[-72.48419,-14.18893],[-72.48434,-14.20022],[-72.49308,-14.20776],[-72.50771,-14.20715]]]}},{"type":"Feature","properties":{"ubigeo":"030707","nombre":"Pataypampa"},"geometry":{"type":"Polygon","coordinates":[[[-72.64329,-14.15701],[-72.64002,-14.18106],[-72.64314,-14.19695],[-72.66579,-14.21311],[-72.67381,-14.22489],[-72.7177,-14.22714],[-72.72432,-14.23723],[-72.74279,-14.24569],[-72.74551,-14.25738],[-72.74924,-14.25965],[-72.76128,-14.26286],[-72.76108,-14.2696],[-72.76854,-14.27777],[-72.78634,-14.29095],[-72.79605,-14.29229],[-72.80022,-14.26943],[-72.8082,-14.27206],[-72.81149,-14.26555],[-72.82404,-14.2721],[-72.83148,-14.27908],[-72.83786,-14.27974],[-72.84707,-14.2743],[-72.86217,-14.27748],[-72.87309,-14.26701],[-72.86726,-14.25911],[-72.87482,-14.24756],[-72.87961,-14.24463],[-72.86675,-14.23845],[-72.85998,-14.22777],[-72.84493,-14.22438],[-72.83797,-14.23031],[-72.8327,-14.2186],[-72.81577,-14.21651],[-72.81465,-14.20856],[-72.8064,-14.2091],[-72.79806,-14.21411],[-72.7845,-14.21039],[-72.77308,-14.21941],[-72.76953,-14.20814],[-72.76102,-14.20575],[-72.73043,-14.20441],[-72.7217,-14.21337],[-72.71101,-14.20594],[-72.70811,-14.19231],[-72.70146,-14.18404],[-72.702,-14.17217],[-72.69496,-14.16317],[-72.68916,-14.15062],[-72.68715,-14.15551],[-72.67544,-14.15811],[-72.65894,-14.15756],[-72.6433,-14.15171],[-72.64329,-14.15701]]]}},{"type":"Feature","properties":{"ubigeo":"030708","nombre":"Progreso"},"geometry":{"type":"Polygon","coordinates":[[[-72.4458,-14.01504],[-72.42046,-14.02855],[-72.42018,-14.04186],[-72.41711,-14.05428],[-72.42229,-14.06697],[-72.41137,-14.07926],[-72.40561,-14.07789],[-72.40394,-14.07156],[-72.39361,-14.07141],[-72.38914,-14.07824],[-72.37348,-14.07568],[-72.36856,-14.07973],[-72.37195,-14.08811],[-72.37601,-14.11307],[-72.36741,-14.11833],[-72.36476,-14.1308],[-72.34984,-14.14306],[-72.3594,-14.15264],[-72.36764,-14.15526],[-72.38172,-14.16819],[-72.38554,-14.17731],[-72.38262,-14.18856],[-72.38764,-14.19658],[-72.38634,-14.20668],[-72.39798,-14.21181],[-72.41137,-14.21175],[-72.42101,-14.20837],[-72.43334,-14.19763],[-72.45189,-14.18621],[-72.46254,-14.18314],[-72.45912,-14.18067],[-72.4588,-14.15941],[-72.46331,-14.14888],[-72.463,-14.13807],[-72.45795,-14.1289],[-72.46265,-14.12188],[-72.47254,-14.11813],[-72.48486,-14.11671],[-72.49784,-14.1037],[-72.50189,-14.10213],[-72.50338,-14.09112],[-72.50804,-14.08901],[-72.51161,-14.06182],[-72.52067,-14.05174],[-72.53087,-14.05119],[-72.54606,-14.0463],[-72.56067,-14.0384],[-72.56696,-14.0215],[-72.56671,-14.01496],[-72.57445,-14.00731],[-72.57539,-14.00246],[-72.56499,-13.99518],[-72.56284,-14.00161],[-72.55118,-14.00477],[-72.54116,-14.00201],[-72.53087,-14.00413],[-72.52415,-14.01028],[-72.51297,-14.01386],[-72.49222,-14.03389],[-72.4785,-14.03229],[-72.47338,-14.02166],[-72.46676,-14.02116],[-72.46406,-14.01544],[-72.4525,-14.01023],[-72.4458,-14.01504]]]}},{"type":"Feature","properties":{"ubigeo":"030709","nombre":"San Antonio"},"geometry":{"type":"Polygon","coordinates":[[[-72.62364,-14.19296],[-72.62907,-14.17414],[-72.63496,-14.16938],[-72.63698,-14.16044],[-72.64329,-14.15701],[-72.6433,-14.15171],[-72.63053,-14.15646],[-72.61693,-14.15306],[-72.5983,-14.15618],[-72.5887,-14.16403],[-72.57309,-14.16895],[-72.56789,-14.17348],[-72.57367,-14.18291],[-72.58703,-14.18653],[-72.59878,-14.19976],[-72.60171,-14.20653],[-72.60877,-14.19832],[-72.62189,-14.19847],[-72.62364,-14.19296]]]}},{"type":"Feature","properties":{"ubigeo":"030710","nombre":"Santa Rosa"},"geometry":{"type":"Polygon","coordinates":[[[-72.6433,-14.15171],[-72.65894,-14.15756],[-72.67544,-14.15811],[-72.68715,-14.15551],[-72.68916,-14.15062],[-72.68947,-14.14489],[-72.68402,-14.13033],[-72.67683,-14.12065],[-72.67662,-14.11369],[-72.67153,-14.10381],[-72.65668,-14.08573],[-72.63653,-14.09277],[-72.63502,-14.10304],[-72.63946,-14.10846],[-72.64292,-14.12385],[-72.63922,-14.14734],[-72.6433,-14.15171]]]}},{"type":"Feature","properties":{"ubigeo":"030711","nombre":"Turpay"},"geometry":{"type":"Polygon","coordinates":[[[-72.60079,-14.23851],[-72.60206,-14.24716],[-72.60706,-14.25049],[-72.61412,-14.2671],[-72.61375,-14.28055],[-72.61643,-14.28411],[-72.62617,-14.28279],[-72.64458,-14.26202],[-72.66003,-14.26171],[-72.66618,-14.2538],[-72.67424,-14.24943],[-72.66707,-14.24293],[-72.66647,-14.2344],[-72.67381,-14.22489],[-72.66579,-14.21311],[-72.64314,-14.19695],[-72.64002,-14.18106],[-72.64329,-14.15701],[-72.63698,-14.16044],[-72.63496,-14.16938],[-72.62907,-14.17414],[-72.62364,-14.19296],[-72.6273,-14.19472],[-72.62081,-14.21878],[-72.61388,-14.22739],[-72.60079,-14.23851]]]}},{"type":"Feature","properties":{"ubigeo":"030712","nombre":"Vilcabamba"},"geometry":{"type":"Polygon","coordinates":[[[-72.63653,-14.09277],[-72.65668,-14.08573],[-72.64557,-14.07702],[-72.6369,-14.06311],[-72.6213,-14.06972],[-72.61706,-14.06696],[-72.62185,-14.07181],[-72.62547,-14.08304],[-72.63653,-14.09277]]]}},{"type":"Feature","properties":{"ubigeo":"030713","nombre":"Virundo"},"geometry":{"type":"Polygon","coordinates":[[[-72.62617,-14.28279],[-72.62232,-14.28833],[-72.62333,-14.3073],[-72.63625,-14.31902],[-72.63729,-14.32681],[-72.6272,-14.3412],[-72.63622,-14.35623],[-72.64351,-14.35194],[-72.65958,-14.35591],[-72.66489,-14.35401],[-72.67045,-14.36217],[-72.6868,-14.35599],[-72.68874,-14.34773],[-72.69294,-14.35031],[-72.70922,-14.34302],[-72.70085,-14.33417],[-72.69542,-14.32051],[-72.70927,-14.30596],[-72.70534,-14.29878],[-72.71018,-14.2915],[-72.71177,-14.28057],[-72.70961,-14.27556],[-72.72329,-14.27009],[-72.72559,-14.26462],[-72.73447,-14.26023],[-72.74294,-14.26486],[-72.74924,-14.25965],[-72.74551,-14.25738],[-72.74279,-14.24569],[-72.72432,-14.23723],[-72.7177,-14.22714],[-72.67381,-14.22489],[-72.66647,-14.2344],[-72.66707,-14.24293],[-72.67424,-14.24943],[-72.66618,-14.2538],[-72.66003,-14.26171],[-72.64458,-14.26202],[-72.62617,-14.28279]]]}},{"type":"Feature","properties":{"ubigeo":"030714","nombre":"Curasco"},"geometry":{"type":"Polygon","coordinates":[[[-72.47976,-14.20167],[-72.48434,-14.20022],[-72.48419,-14.18893],[-72.49659,-14.1723],[-72.49927,-14.16365],[-72.50683,-14.16256],[-72.52557,-14.15154],[-72.53155,-14.14383],[-72.54101,-14.14419],[-72.54229,-14.12441],[-72.55534,-14.11773],[-72.56309,-14.11891],[-72.56654,-14.11046],[-72.58711,-14.10681],[-72.59391,-14.09875],[-72.59587,-14.07798],[-72.61229,-14.06237],[-72.60933,-14.04898],[-72.59912,-14.03994],[-72.58926,-14.03489],[-72.57754,-14.02537],[-72.57445,-14.00731],[-72.56671,-14.01496],[-72.56696,-14.0215],[-72.56067,-14.0384],[-72.54606,-14.0463],[-72.53087,-14.05119],[-72.52067,-14.05174],[-72.51161,-14.06182],[-72.50804,-14.08901],[-72.50338,-14.09112],[-72.50189,-14.10213],[-72.49784,-14.1037],[-72.48486,-14.11671],[-72.47254,-14.11813],[-72.46265,-14.12188],[-72.45795,-14.1289],[-72.463,-14.13807],[-72.46331,-14.14888],[-72.4588,-14.15941],[-72.45912,-14.18067],[-72.46254,-14.18314],[-72.47076,-14.19553],[-72.47976,-14.20167]]]}}]}