{"type":"FeatureCollection","features":[{"type":"Feature","properties":{"ubigeo":"040101","nombre":"Arequipa"},"geometry":{"type":"Polygon","coordinates":[[[-71.51651,-16.40293],[-71.51333,-16.41039],[-71.51501,-16.41002],[-71.52476,-16.41207],[-71.54453,-16.42224],[-71.56666,-16.43414],[-71.55155,-16.41585],[-71.55227,-16.40752],[-71.54694,-16.39581],[-71.53987,-16.39241],[-71.53272,-16.374],[-71.53338,-16.3865],[-71.52859,-16.39054],[-71.52662,-16.39613],[-71.51651,-16.40293]]]}},{"type":"Feature","properties":{"ubigeo":"040102","nombre":"Alto Selva Alegre"},"geometry":{"type":"Polygon","coordinates":[[[-71.52859,-16.39054],[-71.53338,-16.3865],[-71.53272,-16.374],[-71.53622,-16.3683],[-71.53727,-16.35489],[-71.53457,-16.33345],[-71.53016,-16.32714],[-71.50464,-16.31177],[-71.49485,-16.31088],[-71.48512,-16.30357],[-71.47438,-16.29194],[-71.46597,-16.29218],[-71.46007,-16.28453],[-71.42517,-16.29042],[-71.41061,-16.29621],[-71.42507,-16.30508],[-71.43461,-16.31728],[-71.44523,-16.3224],[-71.44616,-16.32733],[-71.46217,-16.3389],[-71.47821,-16.35585],[-71.51171,-16.37633],[-71.51774,-16.38502],[-71.52859,-16.39054]]]}},{"type":"Feature","properties":{"ubigeo":"040103","nombre":"Cayma"},"geometry":{"type":"Polygon","coordinates":[[[-71.41061,-16.29621],[-71.42517,-16.29042],[-71.46007,-16.28453],[-71.46597,-16.29218],[-71.47438,-16.29194],[-71.48512,-16.30357],[-71.49485,-16.31088],[-71.50464,-16.31177],[-71.53016,-16.32714],[-71.53457,-16.33345],[-71.53727,-16.35489],[-71.53622,-16.3683],[-71.53582,-16.3761],[-71.54629,-16.39212],[-71.55173,-16.39097],[-71.55431,-16.37809],[-71.55228,-16.37062],[-71.55466,-16.35977],[-71.55323,-16.35074],[-71.55669,-16.34584],[-71.5519,-16.32749],[-71.54562,-16.31972],[-71.54505,-16.30888],[-71.54981,-16.29203],[-71.54204,-16.27546],[-71.53676,-16.27112],[-71.5297,-16.25877],[-71.52857,-16.2401],[-71.51863,-16.22156],[-71.5116,-16.21893],[-71.50068,-16.21956],[-71.50563,-16.20025],[-71.49555,-16.19331],[-71.47646,-16.1847],[-71.46729,-16.16733],[-71.45888,-16.16471],[-71.42737,-16.17045],[-71.42102,-16.18852],[-71.41202,-16.20165],[-71.41247,-16.20859],[-71.38867,-16.2068],[-71.35974,-16.21332],[-71.34797,-16.22304],[-71.33857,-16.22566],[-71.34077,-16.24136],[-71.3558,-16.25326],[-71.3821,-16.28823],[-71.39699,-16.29583],[-71.41061,-16.29621]]]}},{"type":"Feature","properties":{"ubigeo":"040104","nombre":"Cerro Colorado"},"geometry":{"type":"Polygon","coordinates":[[[-71.55173,-16.39097],[-71.55952,-16.39407],[-71.56661,-16.40468],[-71.60216,-16.40748],[-71.6057,-16.40788],[-71.61546,-16.405],[-71.60722,-16.39375],[-71.62723,-16.39928],[-71.64761,-16.39974],[-71.65072,-16.39256],[-71.64691,-16.37807],[-71.6384,-16.36916],[-71.63056,-16.34124],[-71.6143,-16.31698],[-71.61171,-16.3089],[-71.60127,-16.30115],[-71.59568,-16.29217],[-71.59736,-16.2803],[-71.59276,-16.27727],[-71.59558,-16.25945],[-71.60063,-16.25159],[-71.59094,-16.24335],[-71.58852,-16.22778],[-71.59025,-16.21966],[-71.57764,-16.20076],[-71.57115,-16.19813],[-71.56167,-16.20057],[-71.55066,-16.19906],[-71.53512,-16.19288],[-71.51323,-16.18971],[-71.50563,-16.20025],[-71.50068,-16.21956],[-71.5116,-16.21893],[-71.51863,-16.22156],[-71.52857,-16.2401],[-71.5297,-16.25877],[-71.53676,-16.27112],[-71.54204,-16.27546],[-71.54981,-16.29203],[-71.54505,-16.30888],[-71.54562,-16.31972],[-71.5519,-16.32749],[-71.55669,-16.34584],[-71.55323,-16.35074],[-71.55466,-16.35977],[-71.55228,-16.37062],[-71.55431,-16.37809],[-71.55173,-16.39097]]]}},{"type":"Feature","properties":{"ubigeo":"040105","nombre":"Characato"},"geometry":{"type":"Polygon","coordinates":[[[-71.2393,-16.43134],[-71.2621,-16.43204],[-71.27357,-16.43784],[-71.28621,-16.43927],[-71.29977,-16.44617],[-71.32135,-16.45331],[-71.3387,-16.46323],[-71.34879,-16.4737],[-71.36494,-16.48015],[-71.3778,-16.47461],[-71.38532,-16.47416],[-71.39546,-16.47775],[-71.39718,-16.48232],[-71.40792,-16.49027],[-71.44829,-16.49479],[-71.45302,-16.4847],[-71.46377,-16.48115],[-71.47139,-16.48522],[-71.49081,-16.48502],[-71.50266,-16.48852],[-71.51616,-16.48475],[-71.50259,-16.4677],[-71.49187,-16.46153],[-71.47316,-16.46824],[-71.4558,-16.45796],[-71.44289,-16.45477],[-71.4332,-16.45493],[-71.41393,-16.46133],[-71.41431,-16.45735],[-71.40638,-16.43522],[-71.40682,-16.42857],[-71.39294,-16.44053],[-71.38761,-16.43688],[-71.36446,-16.44179],[-71.34085,-16.43877],[-71.33311,-16.44088],[-71.30888,-16.43715],[-71.30072,-16.43112],[-71.28033,-16.42318],[-71.27665,-16.41598],[-71.26293,-16.40342],[-71.25407,-16.40395],[-71.23983,-16.42475],[-71.2393,-16.43134]]]}},{"type":"Feature","properties":{"ubigeo":"040106","nombre":"Chiguata"},"geometry":{"type":"Polygon","coordinates":[[[-71.40682,-16.42857],[-71.42361,-16.42787],[-71.42779,-16.41955],[-71.42995,-16.41721],[-71.44701,-16.41508],[-71.45012,-16.40563],[-71.44668,-16.40088],[-71.45108,-16.39303],[-71.44817,-16.39093],[-71.4445,-16.37605],[-71.42637,-16.35111],[-71.42059,-16.32057],[-71.41061,-16.29621],[-71.39739,-16.29944],[-71.3601,-16.3039],[-71.35449,-16.30943],[-71.3442,-16.31083],[-71.32456,-16.30815],[-71.32015,-16.30969],[-71.27587,-16.36763],[-71.25407,-16.40395],[-71.26293,-16.40342],[-71.27665,-16.41598],[-71.28033,-16.42318],[-71.30072,-16.43112],[-71.30888,-16.43715],[-71.33311,-16.44088],[-71.34085,-16.43877],[-71.36446,-16.44179],[-71.38761,-16.43688],[-71.39294,-16.44053],[-71.40682,-16.42857]]]}},{"type":"Feature","properties":{"ubigeo":"040107","nombre":"Jacobo Hunter"},"geometry":{"type":"Polygon","coordinates":[[[-71.5611,-16.49409],[-71.56658,-16.49651],[-71.57413,-16.49108],[-71.5752,-16.47993],[-71.58384,-16.46637],[-71.58512,-16.45746],[-71.57548,-16.44818],[-71.56666,-16.43414],[-71.54453,-16.42224],[-71.54677,-16.43336],[-71.53782,-16.43649],[-71.54099,-16.45206],[-71.55128,-16.45604],[-71.55795,-16.46492],[-71.55409,-16.47698],[-71.55602,-16.48765],[-71.5611,-16.49409]]]}},{"type":"Feature","properties":{"ubigeo":"040108","nombre":"La Joya"},"geometry":{"type":"Polygon","coordinates":[[[-71.66698,-16.70163],[-71.67094,-16.70569],[-71.703,-16.69859],[-71.73443,-16.70054],[-71.74801,-16.69823],[-71.76524,-16.70824],[-71.86951,-16.78598],[-71.86932,-16.76616],[-71.87073,-16.71343],[-71.90997,-16.67504],[-71.88652,-16.64225],[-71.87318,-16.62558],[-71.91727,-16.60328],[-71.9155,-16.59134],[-71.91028,-16.58332],[-71.90228,-16.57769],[-71.896,-16.56748],[-71.89529,-16.5509],[-71.88926,-16.48485],[-71.88377,-16.481],[-71.8778,-16.48256],[-71.87837,-16.47363],[-71.86938,-16.46416],[-71.85912,-16.44521],[-71.8612,-16.43069],[-71.85891,-16.4244],[-71.85986,-16.4092],[-71.85558,-16.40552],[-71.83513,-16.40239],[-71.83053,-16.39849],[-71.81451,-16.39767],[-71.79741,-16.39306],[-71.78142,-16.3973],[-71.76892,-16.40371],[-71.77204,-16.41075],[-71.76899,-16.41572],[-71.77135,-16.42229],[-71.76537,-16.43087],[-71.76161,-16.4269],[-71.73948,-16.43161],[-71.73703,-16.44049],[-71.74226,-16.44201],[-71.75037,-16.45807],[-71.75909,-16.45936],[-71.76431,-16.4655],[-71.76717,-16.48058],[-71.77612,-16.48493],[-71.77147,-16.4923],[-71.74958,-16.50995],[-71.74123,-16.51],[-71.72771,-16.52206],[-71.71844,-16.52497],[-71.71526,-16.53218],[-71.70537,-16.54149],[-71.699,-16.55147],[-71.69985,-16.55887],[-71.68678,-16.5688],[-71.69926,-16.5885],[-71.69282,-16.59319],[-71.6776,-16.59905],[-71.66735,-16.59449],[-71.66357,-16.58916],[-71.6529,-16.58444],[-71.64201,-16.58484],[-71.63885,-16.58791],[-71.62793,-16.58604],[-71.62495,-16.59568],[-71.63245,-16.59922],[-71.63312,-16.60837],[-71.63777,-16.61547],[-71.63721,-16.62165],[-71.64299,-16.62631],[-71.64949,-16.62491],[-71.66091,-16.63438],[-71.66964,-16.63579],[-71.66636,-16.64187],[-71.67004,-16.65234],[-71.6687,-16.65732],[-71.675,-16.65866],[-71.67471,-16.67178],[-71.66946,-16.68863],[-71.67056,-16.69673],[-71.66698,-16.70163]]]}},{"type":"Feature","properties":{"ubigeo":"040109","nombre":"Mariano Melgar"},"geometry":{"type":"Polygon","coordinates":[[[-71.51333,-16.41039],[-71.51651,-16.40293],[-71.50286,-16.39224],[-71.49495,-16.39142],[-71.47125,-16.36841],[-71.45648,-16.35586],[-71.45051,-16.34737],[-71.43107,-16.33346],[-71.42059,-16.32057],[-71.42637,-16.35111],[-71.4445,-16.37605],[-71.44817,-16.39093],[-71.45108,-16.39303],[-71.46958,-16.40264],[-71.48293,-16.40203],[-71.50617,-16.41017],[-71.51333,-16.41039]]]}},{"type":"Feature","properties":{"ubigeo":"040110","nombre":"Miraflores"},"geometry":{"type":"Polygon","coordinates":[[[-71.51651,-16.40293],[-71.52662,-16.39613],[-71.52859,-16.39054],[-71.51774,-16.38502],[-71.51171,-16.37633],[-71.47821,-16.35585],[-71.46217,-16.3389],[-71.44616,-16.32733],[-71.44523,-16.3224],[-71.43461,-16.31728],[-71.42507,-16.30508],[-71.41061,-16.29621],[-71.42059,-16.32057],[-71.43107,-16.33346],[-71.45051,-16.34737],[-71.45648,-16.35586],[-71.47125,-16.36841],[-71.49495,-16.39142],[-71.50286,-16.39224],[-71.51651,-16.40293]]]}},{"type":"Feature","properties":{"ubigeo":"040111","nombre":"Mollebaya"},"geometry":{"type":"Polygon","coordinates":[[[-71.42494,-16.53108],[-71.43773,-16.52707],[-71.44059,-16.52229],[-71.45786,-16.51826],[-71.46285,-16.52186],[-71.47799,-16.52289],[-71.48292,-16.51784],[-71.49654,-16.51771],[-71.51015,-16.51282],[-71.51705,-16.50178],[-71.525,-16.48943],[-71.50714,-16.49262],[-71.50266,-16.48852],[-71.49081,-16.48502],[-71.47139,-16.48522],[-71.46377,-16.48115],[-71.45302,-16.4847],[-71.44829,-16.49479],[-71.43562,-16.50407],[-71.42494,-16.53108]]]}},{"type":"Feature","properties":{"ubigeo":"040112","nombre":"Paucarpata"},"geometry":{"type":"Polygon","coordinates":[[[-71.50128,-16.44907],[-71.51035,-16.43421],[-71.51672,-16.42022],[-71.51501,-16.41002],[-71.51333,-16.41039],[-71.50617,-16.41017],[-71.48293,-16.40203],[-71.46958,-16.40264],[-71.45108,-16.39303],[-71.44668,-16.40088],[-71.45012,-16.40563],[-71.44701,-16.41508],[-71.42995,-16.41721],[-71.42779,-16.41955],[-71.43963,-16.42604],[-71.45571,-16.42975],[-71.46342,-16.43783],[-71.48647,-16.43766],[-71.49613,-16.44081],[-71.50128,-16.44907]]]}},{"type":"Feature","properties":{"ubigeo":"040113","nombre":"Pocsi"},"geometry":{"type":"Polygon","coordinates":[[[-71.24934,-16.48236],[-71.25502,-16.49694],[-71.26314,-16.50939],[-71.27781,-16.52042],[-71.28547,-16.53396],[-71.29244,-16.53958],[-71.30383,-16.54329],[-71.32038,-16.55332],[-71.33719,-16.54739],[-71.34735,-16.55102],[-71.3719,-16.55012],[-71.37838,-16.55293],[-71.38351,-16.54657],[-71.39087,-16.55014],[-71.39906,-16.54411],[-71.41297,-16.54744],[-71.41926,-16.5462],[-71.41847,-16.53677],[-71.42494,-16.53108],[-71.43562,-16.50407],[-71.44829,-16.49479],[-71.40792,-16.49027],[-71.39718,-16.48232],[-71.39546,-16.47775],[-71.38532,-16.47416],[-71.3778,-16.47461],[-71.36494,-16.48015],[-71.34879,-16.4737],[-71.3387,-16.46323],[-71.32135,-16.45331],[-71.29977,-16.44617],[-71.28621,-16.43927],[-71.27357,-16.43784],[-71.2621,-16.43204],[-71.2393,-16.43134],[-71.23872,-16.44485],[-71.24381,-16.45007],[-71.2421,-16.46306],[-71.24564,-16.46686],[-71.24329,-16.47442],[-71.24934,-16.48236]]]}},{"type":"Feature","properties":{"ubigeo":"040114","nombre":"Polobaya"},"geometry":{"type":"Polygon","coordinates":[[[-71.42594,-16.74142],[-71.44064,-16.73039],[-71.45277,-16.73362],[-71.45572,-16.74207],[-71.45233,-16.7464],[-71.45457,-16.75644],[-71.46271,-16.7571],[-71.46524,-16.762],[-71.48122,-16.76381],[-71.47916,-16.76055],[-71.4776,-16.74042],[-71.48308,-16.72703],[-71.47477,-16.70842],[-71.48213,-16.68428],[-71.47521,-16.67842],[-71.47076,-16.66511],[-71.46014,-16.65383],[-71.44819,-16.64826],[-71.44404,-16.64277],[-71.44704,-16.63513],[-71.43082,-16.62381],[-71.42525,-16.61745],[-71.42455,-16.60795],[-71.41242,-16.60327],[-71.40468,-16.59542],[-71.40535,-16.58518],[-71.40168,-16.56881],[-71.39087,-16.55014],[-71.38351,-16.54657],[-71.37838,-16.55293],[-71.3719,-16.55012],[-71.34735,-16.55102],[-71.33719,-16.54739],[-71.32038,-16.55332],[-71.30383,-16.54329],[-71.29244,-16.53958],[-71.28547,-16.53396],[-71.27781,-16.52042],[-71.26314,-16.50939],[-71.25502,-16.49694],[-71.24934,-16.48236],[-71.23707,-16.50212],[-71.23824,-16.51674],[-71.24277,-16.52563],[-71.2448,-16.55023],[-71.25275,-16.57257],[-71.25933,-16.5774],[-71.26284,-16.58491],[-71.2593,-16.59106],[-71.2615,-16.60666],[-71.27318,-16.60702],[-71.27915,-16.61582],[-71.28037,-16.65764],[-71.28474,-16.66701],[-71.2839,-16.68224],[-71.29364,-16.69056],[-71.29604,-16.70743],[-71.28581,-16.71635],[-71.28909,-16.72646],[-71.29597,-16.73219],[-71.31143,-16.73868],[-71.31242,-16.74297],[-71.32757,-16.75226],[-71.33103,-16.74806],[-71.34698,-16.74224],[-71.35329,-16.72495],[-71.36943,-16.71968],[-71.39456,-16.7312],[-71.4009,-16.72814],[-71.41768,-16.7383],[-71.42594,-16.74142]]]}},{"type":"Feature","properties":{"ubigeo":"040115","nombre":"Quequeña"},"geometry":{"type":"Polygon","coordinates":[[[-71.39087,-16.55014],[-71.40168,-16.56881],[-71.40977,-16.57171],[-71.43179,-16.56386],[-71.44919,-16.56518],[-71.45743,-16.56157],[-71.47596,-16.54266],[-71.4899,-16.53594],[-71.49018,-16.52483],[-71.49654,-16.51771],[-71.48292,-16.51784],[-71.47799,-16.52289],[-71.46285,-16.52186],[-71.45786,-16.51826],[-71.44059,-16.52229],[-71.43773,-16.52707],[-71.42494,-16.53108],[-71.41847,-16.53677],[-71.41926,-16.5462],[-71.41297,-16.54744],[-71.39906,-16.54411],[-71.39087,-16.55014]]]}},{"type":"Feature","properties":{"ubigeo":"040116","nombre":"Sabandia"},"geometry":{"type":"Polygon","coordinates":[[[-71.51616,-16.48475],[-71.52141,-16.47885],[-71.51814,-16.46514],[-71.52077,-16.46301],[-71.51328,-16.45531],[-71.50128,-16.44907],[-71.49613,-16.44081],[-71.48647,-16.43766],[-71.46342,-16.43783],[-71.45571,-16.42975],[-71.43963,-16.42604],[-71.42779,-16.41955],[-71.42361,-16.42787],[-71.40682,-16.42857],[-71.40638,-16.43522],[-71.41431,-16.45735],[-71.41393,-16.46133],[-71.4332,-16.45493],[-71.44289,-16.45477],[-71.4558,-16.45796],[-71.47316,-16.46824],[-71.49187,-16.46153],[-71.50259,-16.4677],[-71.51616,-16.48475]]]}},{"type":"Feature","properties":{"ubigeo":"040117","nombre":"Sachaca"},"geometry":{"type":"Polygon","coordinates":[[[-71.55227,-16.40752],[-71.55155,-16.41585],[-71.56666,-16.43414],[-71.57548,-16.44818],[-71.58474,-16.44226],[-71.58585,-16.43446],[-71.60216,-16.40748],[-71.56661,-16.40468],[-71.55867,-16.40862],[-71.55227,-16.40752]]]}},{"type":"Feature","properties":{"ubigeo":"040118","nombre":"San Juan de Siguas"},"geometry":{"type":"Polygon","coordinates":[[[-72.19511,-16.48334],[-72.19875,-16.47715],[-72.19951,-16.45872],[-72.19923,-16.45241],[-72.19128,-16.438],[-72.1805,-16.40859],[-72.16707,-16.38575],[-72.1605,-16.36938],[-72.14433,-16.35058],[-72.12861,-16.34147],[-72.12695,-16.35128],[-72.13111,-16.36334],[-72.13792,-16.37297],[-72.13073,-16.37622],[-72.14071,-16.38882],[-72.15082,-16.41525],[-72.1615,-16.42746],[-72.16668,-16.42969],[-72.17198,-16.43928],[-72.18599,-16.45537],[-72.18645,-16.46697],[-72.19511,-16.48334]]]}},{"type":"Feature","properties":{"ubigeo":"040119","nombre":"San Juan de Tarucani"},"geometry":{"type":"Polygon","coordinates":[[[-70.96383,-16.39974],[-70.96877,-16.40861],[-70.97524,-16.41216],[-70.9737,-16.42587],[-70.9649,-16.43716],[-70.96483,-16.4463],[-70.95293,-16.46099],[-70.95544,-16.47163],[-70.9672,-16.48111],[-70.97952,-16.48057],[-70.99245,-16.49587],[-71.0115,-16.49828],[-71.01833,-16.48742],[-71.03726,-16.48569],[-71.04447,-16.4691],[-71.04179,-16.4671],[-71.04811,-16.45508],[-71.05305,-16.46157],[-71.06495,-16.46181],[-71.07265,-16.46576],[-71.07827,-16.45856],[-71.09161,-16.45758],[-71.0934,-16.46229],[-71.10587,-16.46166],[-71.1102,-16.46579],[-71.12392,-16.46097],[-71.13639,-16.46971],[-71.13952,-16.47497],[-71.15793,-16.47097],[-71.18269,-16.47263],[-71.19703,-16.47166],[-71.20634,-16.4638],[-71.21914,-16.46057],[-71.22948,-16.4619],[-71.23621,-16.46601],[-71.2421,-16.46306],[-71.24381,-16.45007],[-71.23872,-16.44485],[-71.2393,-16.43134],[-71.23983,-16.42475],[-71.25407,-16.40395],[-71.27587,-16.36763],[-71.32015,-16.30969],[-71.32456,-16.30815],[-71.3442,-16.31083],[-71.35449,-16.30943],[-71.3601,-16.3039],[-71.39739,-16.29944],[-71.41061,-16.29621],[-71.39699,-16.29583],[-71.3821,-16.28823],[-71.3558,-16.25326],[-71.34077,-16.24136],[-71.33857,-16.22566],[-71.32559,-16.20553],[-71.32541,-16.19292],[-71.31903,-16.18032],[-71.31687,-16.16872],[-71.32085,-16.16726],[-71.32282,-16.15846],[-71.31395,-16.14342],[-71.31208,-16.13266],[-71.31465,-16.12719],[-71.32361,-16.1222],[-71.33782,-16.1076],[-71.34493,-16.09525],[-71.34269,-16.09064],[-71.34927,-16.08251],[-71.36183,-16.07921],[-71.36412,-16.07401],[-71.36001,-16.05751],[-71.36214,-16.04545],[-71.35979,-16.03652],[-71.35343,-16.03156],[-71.34612,-16.03224],[-71.34076,-16.02759],[-71.31849,-16.02856],[-71.31124,-16.02215],[-71.3003,-16.01902],[-71.29727,-16.01014],[-71.28831,-16.00455],[-71.29794,-15.98518],[-71.30759,-15.97724],[-71.31509,-15.96675],[-71.3086,-15.9549],[-71.30256,-15.95131],[-71.29387,-15.95222],[-71.28817,-15.95685],[-71.27668,-15.95415],[-71.27306,-15.95693],[-71.27398,-15.96584],[-71.26889,-15.97401],[-71.26942,-15.98003],[-71.24648,-15.99974],[-71.23157,-16.00194],[-71.2081,-16.02359],[-71.20168,-16.0256],[-71.19415,-16.01522],[-71.17408,-16.00668],[-71.16869,-16.00831],[-71.15263,-16.00188],[-71.15128,-15.99335],[-71.14445,-15.9837],[-71.13344,-15.9859],[-71.12216,-15.98462],[-71.11594,-15.98824],[-71.10301,-15.98406],[-71.08533,-15.98298],[-71.08725,-15.99637],[-71.0769,-16.0042],[-71.06768,-16.00417],[-71.0553,-15.99561],[-71.04389,-15.98101],[-71.03609,-15.98023],[-71.0308,-15.9753],[-71.01192,-15.97202],[-71.00353,-15.96832],[-70.96135,-15.9696],[-70.95702,-15.96343],[-70.94942,-15.96149],[-70.93585,-15.96222],[-70.9231,-15.95426],[-70.91892,-15.94808],[-70.90625,-15.94326],[-70.90042,-15.94624],[-70.87551,-15.94726],[-70.86896,-15.94055],[-70.86671,-15.92969],[-70.84534,-15.92193],[-70.83683,-15.94002],[-70.83917,-15.94425],[-70.8322,-15.9491],[-70.84087,-15.95884],[-70.84195,-15.971],[-70.82655,-15.97851],[-70.8202,-15.97847],[-70.82753,-15.98915],[-70.82861,-15.99921],[-70.81656,-16.00276],[-70.81487,-16.01217],[-70.81813,-16.01746],[-70.82012,-16.03161],[-70.80665,-16.0423],[-70.80451,-16.05513],[-70.81257,-16.05396],[-70.85674,-16.05634],[-70.86449,-16.06716],[-70.86681,-16.08008],[-70.87811,-16.08144],[-70.87506,-16.09458],[-70.88548,-16.10092],[-70.89376,-16.10283],[-70.88613,-16.11814],[-70.86711,-16.12848],[-70.87193,-16.14288],[-70.86747,-16.14669],[-70.86783,-16.15387],[-70.87859,-16.16662],[-70.87431,-16.17104],[-70.86107,-16.17475],[-70.85413,-16.1928],[-70.85389,-16.20248],[-70.85844,-16.21122],[-70.86653,-16.21839],[-70.86578,-16.22627],[-70.85051,-16.22798],[-70.84514,-16.23241],[-70.84641,-16.23815],[-70.85388,-16.24147],[-70.872,-16.2657],[-70.87648,-16.28155],[-70.88614,-16.28527],[-70.90343,-16.27761],[-70.91579,-16.2824],[-70.921,-16.28769],[-70.93911,-16.29893],[-70.94035,-16.31032],[-70.94625,-16.31384],[-70.95702,-16.3084],[-70.98629,-16.30995],[-70.98513,-16.32539],[-70.98001,-16.3318],[-70.97781,-16.3488],[-70.97276,-16.35375],[-70.97557,-16.36224],[-70.9696,-16.37226],[-70.9754,-16.38891],[-70.97385,-16.3942],[-70.96383,-16.39974]],[[-71.1468,-16.32511],[-71.14812,-16.3329],[-71.13638,-16.34232],[-71.14385,-16.35182],[-71.17188,-16.35091],[-71.19736,-16.35691],[-71.20319,-16.36615],[-71.20242,-16.37285],[-71.19138,-16.38645],[-71.17162,-16.37693],[-71.16226,-16.38307],[-71.15035,-16.38492],[-71.13717,-16.3991],[-71.12423,-16.39834],[-71.11539,-16.40027],[-71.10323,-16.4087],[-71.09542,-16.40909],[-71.08734,-16.40222],[-71.08804,-16.39529],[-71.09212,-16.4017],[-71.09523,-16.39725],[-71.08813,-16.39231],[-71.08759,-16.3811],[-71.09117,-16.38063],[-71.0938,-16.36528],[-71.09791,-16.35564],[-71.09644,-16.35077],[-71.10159,-16.34142],[-71.11234,-16.33619],[-71.12093,-16.32783],[-71.1468,-16.32511]]]}},{"type":"Feature","properties":{"ubigeo":"040120","nombre":"Santa Isabel de Siguas"},"geometry":{"type":"Polygon","coordinates":[[[-72.08462,-16.39665],[-72.13073,-16.37622],[-72.13792,-16.37297],[-72.13111,-16.36334],[-72.12695,-16.35128],[-72.12861,-16.34147],[-72.14433,-16.35058],[-72.14461,-16.3407],[-72.13074,-16.31012],[-72.12019,-16.29762],[-72.11282,-16.28366],[-72.10847,-16.28042],[-72.08559,-16.24541],[-72.0829,-16.23042],[-72.07475,-16.22206],[-72.07348,-16.20947],[-72.08723,-16.20115],[-72.09132,-16.18932],[-72.08277,-16.18947],[-72.07054,-16.1991],[-72.06393,-16.20013],[-72.0566,-16.20749],[-72.0435,-16.18876],[-72.03127,-16.17629],[-72.02731,-16.16942],[-72.01187,-16.16116],[-71.99623,-16.13861],[-71.98716,-16.13803],[-71.97417,-16.14138],[-71.96548,-16.13729],[-71.95734,-16.14373],[-71.96662,-16.15848],[-71.97486,-16.16477],[-71.97735,-16.17116],[-71.99107,-16.18679],[-71.99078,-16.19628],[-71.99708,-16.21299],[-72.00422,-16.21613],[-72.02149,-16.23597],[-72.0226,-16.25232],[-72.03374,-16.26127],[-72.04502,-16.27558],[-72.05261,-16.29688],[-72.06073,-16.31186],[-72.06532,-16.32781],[-72.06957,-16.3581],[-72.07248,-16.36255],[-72.07623,-16.38113],[-72.08462,-16.39665]]]}},{"type":"Feature","properties":{"ubigeo":"040121","nombre":"Santa Rita de Siguas"},"geometry":{"type":"Polygon","coordinates":[[[-72.28337,-16.63458],[-72.28289,-16.62141],[-72.27846,-16.60927],[-72.26202,-16.58395],[-72.24293,-16.56146],[-72.23731,-16.54702],[-72.21339,-16.5152],[-72.20901,-16.5035],[-72.19769,-16.49145],[-72.19511,-16.48334],[-72.18645,-16.46697],[-72.18599,-16.45537],[-72.17198,-16.43928],[-72.16668,-16.42969],[-72.1615,-16.42746],[-72.15082,-16.41525],[-72.14071,-16.38882],[-72.13073,-16.37622],[-72.08462,-16.39665],[-72.03378,-16.41929],[-72.03569,-16.43659],[-72.04358,-16.45539],[-72.05048,-16.46597],[-72.05169,-16.48236],[-72.05628,-16.4918],[-72.05914,-16.51233],[-72.06262,-16.52543],[-72.07033,-16.5301],[-72.07508,-16.54067],[-72.07348,-16.5546],[-72.07617,-16.56345],[-72.07432,-16.56989],[-72.07859,-16.5763],[-72.07562,-16.60628],[-72.08358,-16.6175],[-72.09527,-16.6208],[-72.12239,-16.62417],[-72.12517,-16.62746],[-72.14738,-16.62902],[-72.15657,-16.63109],[-72.17025,-16.62618],[-72.18021,-16.62868],[-72.18944,-16.62598],[-72.19738,-16.62819],[-72.2137,-16.62694],[-72.22412,-16.63617],[-72.23244,-16.63303],[-72.23927,-16.6378],[-72.25004,-16.63846],[-72.25454,-16.62816],[-72.27482,-16.62671],[-72.28337,-16.63458]]]}},{"type":"Feature","properties":{"ubigeo":"040122","nombre":"Socabaya"},"geometry":{"type":"Polygon","coordinates":[[[-71.51616,-16.48475],[-71.50266,-16.48852],[-71.50714,-16.49262],[-71.525,-16.48943],[-71.51705,-16.50178],[-71.52441,-16.50804],[-71.52884,-16.50493],[-71.53938,-16.50535],[-71.54581,-16.49405],[-71.55284,-16.49726],[-71.5611,-16.49409],[-71.55602,-16.48765],[-71.55409,-16.47698],[-71.55795,-16.46492],[-71.55128,-16.45604],[-71.54099,-16.45206],[-71.53782,-16.43649],[-71.53148,-16.43463],[-71.51328,-16.45531],[-71.52077,-16.46301],[-71.51814,-16.46514],[-71.52141,-16.47885],[-71.51616,-16.48475]]]}},{"type":"Feature","properties":{"ubigeo":"040123","nombre":"Tiabaya"},"geometry":{"type":"Polygon","coordinates":[[[-71.57413,-16.49108],[-71.58415,-16.49926],[-71.58248,-16.50792],[-71.59574,-16.51967],[-71.60262,-16.50649],[-71.60544,-16.50574],[-71.61134,-16.4855],[-71.62289,-16.46996],[-71.62519,-16.46134],[-71.62119,-16.45362],[-71.60797,-16.45051],[-71.61704,-16.44152],[-71.61309,-16.42933],[-71.61734,-16.41953],[-71.61494,-16.41314],[-71.6057,-16.40788],[-71.60216,-16.40748],[-71.58585,-16.43446],[-71.58474,-16.44226],[-71.57548,-16.44818],[-71.58512,-16.45746],[-71.58384,-16.46637],[-71.5752,-16.47993],[-71.57413,-16.49108]]]}},{"type":"Feature","properties":{"ubigeo":"040124","nombre":"Uchumayo"},"geometry":{"type":"Polygon","coordinates":[[[-71.6057,-16.40788],[-71.61494,-16.41314],[-71.61734,-16.41953],[-71.61309,-16.42933],[-71.61704,-16.44152],[-71.60797,-16.45051],[-71.62119,-16.45362],[-71.62519,-16.46134],[-71.62289,-16.46996],[-71.61134,-16.4855],[-71.60544,-16.50574],[-71.60262,-16.50649],[-71.59574,-16.51967],[-71.59722,-16.52198],[-71.62115,-16.52403],[-71.62376,-16.54154],[-71.64899,-16.55814],[-71.66446,-16.55573],[-71.69906,-16.54095],[-71.70537,-16.54149],[-71.71526,-16.53218],[-71.71844,-16.52497],[-71.72771,-16.52206],[-71.74123,-16.51],[-71.74958,-16.50995],[-71.77147,-16.4923],[-71.77612,-16.48493],[-71.76717,-16.48058],[-71.76431,-16.4655],[-71.75909,-16.45936],[-71.75037,-16.45807],[-71.74226,-16.44201],[-71.73703,-16.44049],[-71.73948,-16.43161],[-71.76161,-16.4269],[-71.76537,-16.43087],[-71.77135,-16.42229],[-71.76899,-16.41572],[-71.77204,-16.41075],[-71.76892,-16.40371],[-71.78142,-16.3973],[-71.79741,-16.39306],[-71.81451,-16.39767],[-71.82169,-16.38544],[-71.8183,-16.38064],[-71.80763,-16.37486],[-71.80391,-16.37587],[-71.79704,-16.37896],[-71.78831,-16.37604],[-71.78836,-16.38272],[-71.77878,-16.38149],[-71.7538,-16.36619],[-71.75085,-16.37374],[-71.73146,-16.38072],[-71.73318,-16.39356],[-71.72236,-16.39134],[-71.71504,-16.39439],[-71.69764,-16.38416],[-71.69321,-16.39347],[-71.68323,-16.39293],[-71.65733,-16.39497],[-71.65072,-16.39256],[-71.64761,-16.39974],[-71.62723,-16.39928],[-71.60722,-16.39375],[-71.61546,-16.405],[-71.6057,-16.40788]]]}},{"type":"Feature","properties":{"ubigeo":"040125","nombre":"Vitor"},"geometry":{"type":"Polygon","coordinates":[[[-71.80391,-16.37587],[-71.80763,-16.37486],[-71.8183,-16.38064],[-71.82169,-16.38544],[-71.81451,-16.39767],[-71.83053,-16.39849],[-71.83513,-16.40239],[-71.85558,-16.40552],[-71.85986,-16.4092],[-71.85891,-16.4244],[-71.8612,-16.43069],[-71.85912,-16.44521],[-71.86938,-16.46416],[-71.87837,-16.47363],[-71.8778,-16.48256],[-71.88377,-16.481],[-71.88926,-16.48485],[-71.89529,-16.5509],[-71.896,-16.56748],[-71.90228,-16.57769],[-71.91028,-16.58332],[-71.9155,-16.59134],[-71.91727,-16.60328],[-71.87318,-16.62558],[-71.88652,-16.64225],[-71.90997,-16.67504],[-71.91663,-16.68601],[-71.93895,-16.71609],[-71.96004,-16.74664],[-71.98805,-16.78533],[-71.9967,-16.79955],[-72.00209,-16.79642],[-72.01449,-16.79679],[-72.02174,-16.79199],[-72.03834,-16.79224],[-72.03856,-16.7845],[-72.04836,-16.77954],[-72.0631,-16.78058],[-72.06691,-16.78443],[-72.07214,-16.77752],[-72.0826,-16.77032],[-72.09693,-16.76757],[-72.10697,-16.77194],[-72.10896,-16.776],[-72.12193,-16.77916],[-72.12644,-16.76923],[-72.1319,-16.76666],[-72.12759,-16.75659],[-72.13181,-16.75282],[-72.13216,-16.74409],[-72.14582,-16.74364],[-72.15508,-16.73385],[-72.16136,-16.73087],[-72.16452,-16.72023],[-72.17882,-16.70804],[-72.19589,-16.7026],[-72.19565,-16.68682],[-72.20501,-16.6851],[-72.21308,-16.67796],[-72.22162,-16.67478],[-72.23161,-16.66573],[-72.24447,-16.66847],[-72.25507,-16.66664],[-72.26167,-16.66045],[-72.27382,-16.65661],[-72.28065,-16.64418],[-72.28337,-16.63458],[-72.27482,-16.62671],[-72.25454,-16.62816],[-72.25004,-16.63846],[-72.23927,-16.6378],[-72.23244,-16.63303],[-72.22412,-16.63617],[-72.2137,-16.62694],[-72.19738,-16.62819],[-72.18944,-16.62598],[-72.18021,-16.62868],[-72.17025,-16.62618],[-72.15657,-16.63109],[-72.14738,-16.62902],[-72.12517,-16.62746],[-72.12239,-16.62417],[-72.09527,-16.6208],[-72.08358,-16.6175],[-72.07562,-16.60628],[-72.07859,-16.5763],[-72.07432,-16.56989],[-72.07617,-16.56345],[-72.07348,-16.5546],[-72.07508,-16.54067],[-72.07033,-16.5301],[-72.06262,-16.52543],[-72.05914,-16.51233],[-72.05628,-16.4918],[-72.05169,-16.48236],[-72.05048,-16.46597],[-72.04358,-16.45539],[-72.03569,-16.43659],[-72.03378,-16.41929],[-72.08462,-16.39665],[-72.07623,-16.38113],[-72.07248,-16.36255],[-72.06957,-16.3581],[-72.06532,-16.32781],[-72.06073,-16.31186],[-72.05261,-16.29688],[-72.04502,-16.27558],[-72.03374,-16.26127],[-72.0226,-16.25232],[-72.02149,-16.23597],[-72.00422,-16.21613],[-71.99708,-16.21299],[-71.99078,-16.19628],[-71.99107,-16.18679],[-71.97735,-16.17116],[-71.97486,-16.16477],[-71.96662,-16.15848],[-71.95734,-16.14373],[-71.94636,-16.14243],[-71.92872,-16.14829],[-71.91272,-16.1589],[-71.90692,-16.1582],[-71.89853,-16.16854],[-71.89767,-16.18344],[-71.89124,-16.18611],[-71.88136,-16.21274],[-71.87432,-16.22029],[-71.87226,-16.227],[-71.861,-16.23838],[-71.85896,-16.24353],[-71.84291,-16.2574],[-71.83232,-16.26227],[-71.82065,-16.27667],[-71.82087,-16.283],[-71.81367,-16.28818],[-71.81178,-16.29459],[-71.80215,-16.30026],[-71.80062,-16.31098],[-71.79504,-16.31876],[-71.79478,-16.32767],[-71.79049,-16.33003],[-71.79068,-16.35071],[-71.79291,-16.35401],[-71.8055,-16.35764],[-71.80605,-16.37168],[-71.80391,-16.37587]]]}},{"type":"Feature","properties":{"ubigeo":"040126","nombre":"Yanahuara"},"geometry":{"type":"Polygon","coordinates":[[[-71.55227,-16.40752],[-71.55867,-16.40862],[-71.56661,-16.40468],[-71.55952,-16.39407],[-71.55173,-16.39097],[-71.54629,-16.39212],[-71.53582,-16.3761],[-71.53622,-16.3683],[-71.53272,-16.374],[-71.53987,-16.39241],[-71.54694,-16.39581],[-71.55227,-16.40752]]]}},{"type":"Feature","properties":{"ubigeo":"040127","nombre":"Yarabamba"},"geometry":{"type":"Polygon","coordinates":[[[-71.51705,-16.50178],[-71.51015,-16.51282],[-71.49654,-16.51771],[-71.49018,-16.52483],[-71.4899,-16.53594],[-71.47596,-16.54266],[-71.45743,-16.56157],[-71.44919,-16.56518],[-71.43179,-16.56386],[-71.40977,-16.57171],[-71.40168,-16.56881],[-71.40535,-16.58518],[-71.40468,-16.59542],[-71.41242,-16.60327],[-71.42455,-16.60795],[-71.42525,-16.61745],[-71.43082,-16.62381],[-71.44704,-16.63513],[-71.44404,-16.64277],[-71.44819,-16.64826],[-71.46014,-16.65383],[-71.47076,-16.66511],[-71.47521,-16.67842],[-71.48213,-16.68428],[-71.47477,-16.70842],[-71.48308,-16.72703],[-71.4776,-16.74042],[-71.47916,-16.76055],[-71.48122,-16.76381],[-71.49268,-16.76786],[-71.50062,-16.76662],[-71.51029,-16.75866],[-71.5149,-16.75137],[-71.51286,-16.74504],[-71.53134,-16.7286],[-71.5306,-16.71324],[-71.53548,-16.70076],[-71.54512,-16.68931],[-71.55465,-16.68428],[-71.57156,-16.69949],[-71.57484,-16.69596],[-71.59369,-16.68658],[-71.59877,-16.68781],[-71.60656,-16.68317],[-71.62037,-16.68191],[-71.62873,-16.68368],[-71.63882,-16.70444],[-71.64932,-16.69495],[-71.65965,-16.7012],[-71.66698,-16.70163],[-71.67056,-16.69673],[-71.66946,-16.68863],[-71.67471,-16.67178],[-71.675,-16.65866],[-71.6687,-16.65732],[-71.67004,-16.65234],[-71.66636,-16.64187],[-71.66964,-16.63579],[-71.66091,-16.63438],[-71.64949,-16.62491],[-71.64299,-16.62631],[-71.63721,-16.62165],[-71.63777,-16.61547],[-71.63312,-16.60837],[-71.63245,-16.59922],[-71.62495,-16.59568],[-71.62793,-16.58604],[-71.63885,-16.58791],[-71.64201,-16.58484],[-71.6529,-16.58444],[-71.66357,-16.58916],[-71.66735,-16.59449],[-71.6776,-16.59905],[-71.69282,-16.59319],[-71.69926,-16.5885],[-71.68678,-16.5688],[-71.69985,-16.55887],[-71.699,-16.55147],[-71.70537,-16.54149],[-71.69906,-16.54095],[-71.66446,-16.55573],[-71.64899,-16.55814],[-71.62376,-16.54154],[-71.62115,-16.52403],[-71.59722,-16.52198],[-71.59574,-16.51967],[-71.58248,-16.50792],[-71.58415,-16.49926],[-71.57413,-16.49108],[-71.56658,-16.49651],[-71.5611,-16.49409],[-71.55284,-16.49726],[-71.54581,-16.49405],[-71.53938,-16.50535],[-71.52884,-16.50493],[-71.52441,-16.50804],[-71.51705,-16.50178]]]}},{"type":"Feature","properties":{"ubigeo":"040128","nombre":"Yura"},"geometry":{"type":"Polygon","coordinates":[[[-71.33857,-16.22566],[-71.34797,-16.22304],[-71.35974,-16.21332],[-71.38867,-16.2068],[-71.41247,-16.20859],[-71.41202,-16.20165],[-71.42102,-16.18852],[-71.42737,-16.17045],[-71.45888,-16.16471],[-71.46729,-16.16733],[-71.47646,-16.1847],[-71.49555,-16.19331],[-71.50563,-16.20025],[-71.51323,-16.18971],[-71.53512,-16.19288],[-71.55066,-16.19906],[-71.56167,-16.20057],[-71.57115,-16.19813],[-71.57764,-16.20076],[-71.59025,-16.21966],[-71.58852,-16.22778],[-71.59094,-16.24335],[-71.60063,-16.25159],[-71.59558,-16.25945],[-71.59276,-16.27727],[-71.59736,-16.2803],[-71.59568,-16.29217],[-71.60127,-16.30115],[-71.61171,-16.3089],[-71.6143,-16.31698],[-71.63056,-16.34124],[-71.6384,-16.36916],[-71.64691,-16.37807],[-71.65072,-16.39256],[-71.65733,-16.39497],[-71.68323,-16.39293],[-71.69321,-16.39347],[-71.69764,-16.38416],[-71.71504,-16.39439],[-71.72236,-16.39134],[-71.73318,-16.39356],[-71.73146,-16.38072],[-71.75085,-16.37374],[-71.7538,-16.36619],[-71.77878,-16.38149],[-71.78836,-16.38272],[-71.78831,-16.37604],[-71.79704,-16.37896],[-71.80391,-16.37587],[-71.80605,-16.37168],[-71.8055,-16.35764],[-71.79291,-16.35401],[-71.79068,-16.35071],[-71.79049,-16.33003],[-71.79478,-16.32767],[-71.79504,-16.31876],[-71.80062,-16.31098],[-71.80215,-16.30026],[-71.81178,-16.29459],[-71.81367,-16.28818],[-71.82087,-16.283],[-71.82065,-16.27667],[-71.83232,-16.26227],[-71.84291,-16.2574],[-71.85896,-16.24353],[-71.861,-16.23838],[-71.87226,-16.227],[-71.87432,-16.22029],[-71.88136,-16.21274],[-71.89124,-16.18611],[-71.89767,-16.18344],[-71.89853,-16.16854],[-71.90692,-16.1582],[-71.9044,-16.15116],[-71.88945,-16.14612],[-71.88306,-16.13839],[-71.86987,-16.13018],[-71.8648,-16.10474],[-71.84812,-16.09446],[-71.84077,-16.08637],[-71.83652,-16.0694],[-71.82697,-16.05875],[-71.81829,-16.06235],[-71.81516,-16.05082],[-71.8074,-16.04962],[-71.79179,-16.0394],[-71.77434,-16.03319],[-71.7641,-16.03353],[-71.75542,-16.03043],[-71.73796,-16.0162],[-71.73556,-16.00265],[-71.73086,-15.99985],[-71.72454,-15.98906],[-71.70695,-15.98375],[-71.70668,-15.96092],[-71.71146,-15.94618],[-71.70434,-15.93371],[-71.692,-15.9334],[-71.68169,-15.94722],[-71.67501,-15.94982],[-71.66113,-15.96447],[-71.65205,-15.9832],[-71.65197,-15.98756],[-71.64264,-15.98769],[-71.62655,-15.97917],[-71.61153,-15.98322],[-71.6003,-15.98213],[-71.58799,-15.98847],[-71.57761,-15.99088],[-71.56073,-15.97765],[-71.54244,-15.95238],[-71.53169,-15.94423],[-71.52917,-15.92996],[-71.50484,-15.92545],[-71.4901,-15.93216],[-71.46829,-15.92652],[-71.45626,-15.93038],[-71.45097,-15.93497],[-71.44261,-15.92604],[-71.43034,-15.92843],[-71.42635,-15.93127],[-71.41551,-15.93012],[-71.40831,-15.92614],[-71.3983,-15.92534],[-71.37806,-15.92895],[-71.37051,-15.92692],[-71.3371,-15.94173],[-71.32478,-15.93988],[-71.31052,-15.95078],[-71.3086,-15.9549],[-71.31509,-15.96675],[-71.30759,-15.97724],[-71.29794,-15.98518],[-71.28831,-16.00455],[-71.29727,-16.01014],[-71.3003,-16.01902],[-71.31124,-16.02215],[-71.31849,-16.02856],[-71.34076,-16.02759],[-71.34612,-16.03224],[-71.35343,-16.03156],[-71.35979,-16.03652],[-71.36214,-16.04545],[-71.36001,-16.05751],[-71.36412,-16.07401],[-71.36183,-16.07921],[-71.34927,-16.08251],[-71.34269,-16.09064],[-71.34493,-16.09525],[-71.33782,-16.1076],[-71.32361,-16.1222],[-71.31465,-16.12719],[-71.31208,-16.13266],[-71.31395,-16.14342],[-71.32282,-16.15846],[-71.32085,-16.16726],[-71.31687,-16.16872],[-71.31903,-16.18032],[-71.32541,-16.19292],[-71.32559,-16.20553],[-71.33857,-16.22566]]]}},{"type":"Feature","properties":{"ubigeo":"040129","nombre":"José Luis Bustamante Y Rivero"},"geometry":{"type":"Polygon","coordinates":[[[-71.51328,-16.45531],[-71.53148,-16.43463],[-71.53782,-16.43649],[-71.54677,-16.43336],[-71.54453,-16.42224],[-71.52476,-16.41207],[-71.51501,-16.41002],[-71.51672,-16.42022],[-71.51035,-16.43421],[-71.50128,-16.44907],[-71.51328,-16.45531]]]}},{"type":"Feature","properties":{"ubigeo":"040201","nombre":"Camaná"},"geometry":{"type":"Polygon","coordinates":[[[-72.70341,-16.65333],[-72.72518,-16.6481],[-72.72363,-16.61579],[-72.72556,-16.61539],[-72.72452,-16.60958],[-72.71513,-16.61155],[-72.70051,-16.61316],[-72.6995,-16.6302],[-72.70197,-16.63639],[-72.70341,-16.65333]]]}},{"type":"Feature","properties":{"ubigeo":"040202","nombre":"José María Quimper"},"geometry":{"type":"Polygon","coordinates":[[[-72.71513,-16.61155],[-72.72452,-16.60958],[-72.72556,-16.61539],[-72.7515,-16.61004],[-72.75568,-16.61178],[-72.76012,-16.60372],[-72.75735,-16.58942],[-72.75117,-16.57592],[-72.74071,-16.57906],[-72.72907,-16.57952],[-72.72849,-16.5854],[-72.72132,-16.58796],[-72.71401,-16.58599],[-72.71178,-16.59193],[-72.71187,-16.6061],[-72.71513,-16.61155]]]}},{"type":"Feature","properties":{"ubigeo":"040203","nombre":"Mariano Nicolás Valcárcel"},"geometry":{"type":"Polygon","coordinates":[[[-72.98544,-16.02264],[-72.99482,-16.03557],[-72.99878,-16.04976],[-73.01088,-16.06834],[-73.01278,-16.08865],[-73.02144,-16.0975],[-73.02365,-16.11084],[-73.02847,-16.11378],[-73.0349,-16.13709],[-73.03829,-16.13994],[-73.03864,-16.16197],[-73.04377,-16.16978],[-73.04322,-16.17586],[-73.06582,-16.18436],[-73.07978,-16.18513],[-73.09273,-16.19439],[-73.10637,-16.20096],[-73.11013,-16.20979],[-73.12037,-16.22284],[-73.13133,-16.23278],[-73.15269,-16.23076],[-73.16192,-16.2372],[-73.17125,-16.23683],[-73.18235,-16.2319],[-73.18842,-16.2235],[-73.19985,-16.21954],[-73.19771,-16.21187],[-73.20085,-16.19487],[-73.20547,-16.18354],[-73.20377,-16.17529],[-73.20716,-16.169],[-73.20323,-16.15299],[-73.20837,-16.14742],[-73.22204,-16.11923],[-73.22089,-16.11168],[-73.22322,-16.09776],[-73.2226,-16.08259],[-73.2248,-16.0763],[-73.22384,-16.06386],[-73.2309,-16.05717],[-73.22993,-16.05147],[-73.23462,-16.0362],[-73.23205,-16.02898],[-73.24029,-15.99821],[-73.22877,-15.99707],[-73.22136,-15.99217],[-73.22499,-15.98497],[-73.2233,-15.96203],[-73.22988,-15.95311],[-73.22516,-15.92673],[-73.22922,-15.92431],[-73.22958,-15.91569],[-73.23543,-15.90793],[-73.23299,-15.89103],[-73.2293,-15.88401],[-73.23325,-15.87405],[-73.22111,-15.87809],[-73.21497,-15.87748],[-73.20908,-15.88365],[-73.20004,-15.88324],[-73.18938,-15.89622],[-73.18871,-15.9045],[-73.17404,-15.91211],[-73.16763,-15.9267],[-73.16639,-15.9389],[-73.16161,-15.9462],[-73.1613,-15.9596],[-73.1549,-15.96823],[-73.15117,-15.97967],[-73.15598,-15.98927],[-73.16884,-15.99247],[-73.17635,-16.00054],[-73.17528,-16.00687],[-73.16372,-16.01868],[-73.15913,-16.01789],[-73.13951,-16.00559],[-73.1235,-16.01264],[-73.11674,-15.99668],[-73.10685,-15.9885],[-73.09842,-15.99737],[-73.09003,-16.00038],[-73.08842,-16.00785],[-73.07678,-16.00973],[-73.06492,-16.01859],[-73.05679,-16.01586],[-73.04099,-16.01787],[-73.03117,-16.01546],[-73.01941,-16.01937],[-72.99789,-16.01932],[-72.98544,-16.02264]]]}},{"type":"Feature","properties":{"ubigeo":"040204","nombre":"Mariscal Cáceres"},"geometry":{"type":"Polygon","coordinates":[[[-72.75117,-16.57592],[-72.75735,-16.58942],[-72.76012,-16.60372],[-72.75568,-16.61178],[-72.7515,-16.61004],[-72.72556,-16.61539],[-72.72363,-16.61579],[-72.72518,-16.6481],[-72.752,-16.63811],[-72.7719,-16.6288],[-72.79021,-16.61578],[-72.82016,-16.5903],[-72.84531,-16.56716],[-72.88512,-16.53915],[-72.91629,-16.52037],[-72.93072,-16.51993],[-72.94295,-16.51549],[-72.96362,-16.51847],[-72.9742,-16.51439],[-72.98685,-16.51744],[-72.99168,-16.51258],[-73.00413,-16.50703],[-73.0117,-16.51236],[-73.015,-16.50915],[-73.01318,-16.50208],[-72.99849,-16.49096],[-72.98285,-16.48264],[-72.97414,-16.46892],[-72.96401,-16.45935],[-72.95476,-16.44068],[-72.94993,-16.43722],[-72.94156,-16.42349],[-72.93156,-16.4121],[-72.92122,-16.40406],[-72.92114,-16.39213],[-72.9128,-16.38207],[-72.91685,-16.37835],[-72.88295,-16.34741],[-72.8607,-16.33456],[-72.80104,-16.30453],[-72.79924,-16.30418],[-72.79793,-16.3085],[-72.7877,-16.3117],[-72.76288,-16.32507],[-72.75203,-16.32676],[-72.74599,-16.33962],[-72.72128,-16.35524],[-72.71036,-16.36729],[-72.70622,-16.37902],[-72.69953,-16.38811],[-72.70702,-16.40144],[-72.71271,-16.3997],[-72.71979,-16.407],[-72.72228,-16.41404],[-72.73044,-16.4198],[-72.73386,-16.43213],[-72.72805,-16.44004],[-72.73175,-16.45135],[-72.73963,-16.45574],[-72.74919,-16.46889],[-72.75494,-16.48245],[-72.76424,-16.49332],[-72.76792,-16.51224],[-72.76764,-16.5194],[-72.77231,-16.53565],[-72.77023,-16.54754],[-72.76246,-16.55006],[-72.75887,-16.5416],[-72.75346,-16.53785],[-72.75191,-16.5528],[-72.75426,-16.55863],[-72.75117,-16.57592]]]}},{"type":"Feature","properties":{"ubigeo":"040205","nombre":"Nicolás de Pierola"},"geometry":{"type":"Polygon","coordinates":[[[-72.60469,-16.53719],[-72.61405,-16.53184],[-72.6196,-16.53253],[-72.63004,-16.5399],[-72.64832,-16.54511],[-72.67241,-16.55608],[-72.6761,-16.56109],[-72.68118,-16.57903],[-72.69353,-16.58292],[-72.69778,-16.58701],[-72.70622,-16.58728],[-72.71178,-16.59193],[-72.71401,-16.58599],[-72.72132,-16.58796],[-72.72849,-16.5854],[-72.72907,-16.57952],[-72.74071,-16.57906],[-72.75117,-16.57592],[-72.75426,-16.55863],[-72.75191,-16.5528],[-72.75346,-16.53785],[-72.75887,-16.5416],[-72.76246,-16.55006],[-72.77023,-16.54754],[-72.77231,-16.53565],[-72.76764,-16.5194],[-72.76792,-16.51224],[-72.76424,-16.49332],[-72.75494,-16.48245],[-72.74919,-16.46889],[-72.73963,-16.45574],[-72.73175,-16.45135],[-72.72805,-16.44004],[-72.73386,-16.43213],[-72.73044,-16.4198],[-72.72228,-16.41404],[-72.71979,-16.407],[-72.71271,-16.3997],[-72.70702,-16.40144],[-72.69953,-16.38811],[-72.70622,-16.37902],[-72.69688,-16.39144],[-72.68208,-16.40155],[-72.6699,-16.42443],[-72.6503,-16.43598],[-72.64095,-16.4476],[-72.62336,-16.45701],[-72.61831,-16.45519],[-72.60293,-16.45996],[-72.59683,-16.44785],[-72.59712,-16.43606],[-72.59363,-16.43048],[-72.58233,-16.42196],[-72.57345,-16.42103],[-72.57207,-16.41226],[-72.55969,-16.39745],[-72.54622,-16.39878],[-72.53351,-16.40983],[-72.52296,-16.41009],[-72.51937,-16.40294],[-72.50639,-16.39401],[-72.50212,-16.37824],[-72.48348,-16.35733],[-72.47771,-16.3695],[-72.46635,-16.38316],[-72.46976,-16.38608],[-72.48471,-16.45109],[-72.50088,-16.47912],[-72.51196,-16.49142],[-72.53345,-16.49316],[-72.53949,-16.50696],[-72.54623,-16.51282],[-72.57157,-16.51208],[-72.60469,-16.53719]]]}},{"type":"Feature","properties":{"ubigeo":"040206","nombre":"Ocoña"},"geometry":{"type":"Polygon","coordinates":[[[-72.79924,-16.30418],[-72.80104,-16.30453],[-72.8607,-16.33456],[-72.88295,-16.34741],[-72.91685,-16.37835],[-72.9128,-16.38207],[-72.92114,-16.39213],[-72.92122,-16.40406],[-72.93156,-16.4121],[-72.94156,-16.42349],[-72.94993,-16.43722],[-72.95476,-16.44068],[-72.96401,-16.45935],[-72.97414,-16.46892],[-72.98285,-16.48264],[-72.99849,-16.49096],[-73.01318,-16.50208],[-73.015,-16.50915],[-73.03478,-16.4995],[-73.05296,-16.49783],[-73.05334,-16.4894],[-73.06389,-16.48158],[-73.07757,-16.47519],[-73.0992,-16.45787],[-73.11023,-16.45191],[-73.11932,-16.45374],[-73.13347,-16.44885],[-73.1489,-16.43855],[-73.15114,-16.42997],[-73.15916,-16.41993],[-73.16861,-16.41732],[-73.17543,-16.41957],[-73.18258,-16.41394],[-73.18726,-16.4158],[-73.20337,-16.40262],[-73.21523,-16.40016],[-73.22112,-16.40336],[-73.225,-16.41277],[-73.23452,-16.41172],[-73.24607,-16.40633],[-73.24917,-16.40982],[-73.26039,-16.40928],[-73.26036,-16.40199],[-73.27221,-16.3982],[-73.2916,-16.40541],[-73.28561,-16.39948],[-73.2827,-16.38307],[-73.27466,-16.37112],[-73.24226,-16.35631],[-73.23785,-16.34971],[-73.23594,-16.33296],[-73.23083,-16.32441],[-73.22784,-16.31272],[-73.22941,-16.30542],[-73.2235,-16.30293],[-73.21593,-16.2858],[-73.20419,-16.28522],[-73.19507,-16.27815],[-73.19845,-16.24821],[-73.20162,-16.23388],[-73.19985,-16.21954],[-73.18842,-16.2235],[-73.18235,-16.2319],[-73.17125,-16.23683],[-73.16192,-16.2372],[-73.15269,-16.23076],[-73.13133,-16.23278],[-73.12037,-16.22284],[-73.11013,-16.20979],[-73.10637,-16.20096],[-73.09273,-16.19439],[-73.07978,-16.18513],[-73.06582,-16.18436],[-73.04322,-16.17586],[-73.04377,-16.16978],[-73.03864,-16.16197],[-73.03829,-16.13994],[-73.0349,-16.13709],[-73.02847,-16.11378],[-73.02365,-16.11084],[-73.02144,-16.0975],[-73.01278,-16.08865],[-73.01088,-16.06834],[-72.99878,-16.04976],[-72.99482,-16.03557],[-72.98544,-16.02264],[-72.96485,-16.03286],[-72.93958,-16.03683],[-72.9345,-16.0323],[-72.91215,-16.0302],[-72.89581,-16.04136],[-72.89036,-16.04655],[-72.88039,-16.04976],[-72.8758,-16.05752],[-72.86593,-16.08678],[-72.85801,-16.09686],[-72.85093,-16.11471],[-72.84334,-16.12618],[-72.84635,-16.13466],[-72.84337,-16.13999],[-72.84478,-16.15032],[-72.84122,-16.17446],[-72.83546,-16.17879],[-72.81714,-16.20291],[-72.81489,-16.21557],[-72.81013,-16.22145],[-72.81011,-16.24417],[-72.80649,-16.25364],[-72.80924,-16.26982],[-72.80492,-16.27849],[-72.79918,-16.29836],[-72.79924,-16.30418]]]}},{"type":"Feature","properties":{"ubigeo":"040207","nombre":"Quilca"},"geometry":{"type":"Polygon","coordinates":[[[-72.28337,-16.63458],[-72.28065,-16.64418],[-72.27382,-16.65661],[-72.26167,-16.66045],[-72.25507,-16.66664],[-72.24447,-16.66847],[-72.23161,-16.66573],[-72.22162,-16.67478],[-72.21308,-16.67796],[-72.20501,-16.6851],[-72.19565,-16.68682],[-72.19589,-16.7026],[-72.17882,-16.70804],[-72.16452,-16.72023],[-72.16136,-16.73087],[-72.15508,-16.73385],[-72.14582,-16.74364],[-72.13216,-16.74409],[-72.13181,-16.75282],[-72.12759,-16.75659],[-72.1319,-16.76666],[-72.13307,-16.77203],[-72.15295,-16.79468],[-72.16421,-16.79732],[-72.16962,-16.79422],[-72.17946,-16.7976],[-72.18472,-16.79388],[-72.19282,-16.79909],[-72.20558,-16.79903],[-72.21517,-16.80787],[-72.21076,-16.8172],[-72.21977,-16.82377],[-72.22384,-16.83455],[-72.20675,-16.83928],[-72.20267,-16.84445],[-72.1963,-16.84355],[-72.17199,-16.84989],[-72.15902,-16.86163],[-72.15489,-16.86946],[-72.14651,-16.87549],[-72.14637,-16.88071],[-72.15652,-16.8887],[-72.16396,-16.88945],[-72.17625,-16.90554],[-72.17651,-16.91666],[-72.18449,-16.92477],[-72.19569,-16.9268],[-72.19983,-16.91497],[-72.21152,-16.90245],[-72.22478,-16.8997],[-72.22684,-16.89583],[-72.23252,-16.90055],[-72.24148,-16.89083],[-72.25049,-16.88489],[-72.2634,-16.88566],[-72.27779,-16.87372],[-72.28828,-16.87525],[-72.29182,-16.86591],[-72.2887,-16.86039],[-72.29333,-16.85764],[-72.29633,-16.84486],[-72.29242,-16.84143],[-72.29542,-16.82742],[-72.29909,-16.82644],[-72.31219,-16.81346],[-72.31038,-16.80739],[-72.3152,-16.80288],[-72.32582,-16.80314],[-72.33162,-16.79499],[-72.33057,-16.78987],[-72.3477,-16.77624],[-72.36476,-16.7606],[-72.37426,-16.76075],[-72.3726,-16.75303],[-72.38116,-16.75577],[-72.38706,-16.75009],[-72.39886,-16.75226],[-72.40394,-16.74093],[-72.41529,-16.73712],[-72.42431,-16.72351],[-72.4449,-16.70969],[-72.44722,-16.70396],[-72.45648,-16.69954],[-72.47034,-16.69772],[-72.50446,-16.68896],[-72.54319,-16.67806],[-72.56316,-16.67388],[-72.57243,-16.67386],[-72.59367,-16.66733],[-72.61237,-16.66408],[-72.61638,-16.65917],[-72.6153,-16.65009],[-72.62075,-16.64118],[-72.62191,-16.62769],[-72.61956,-16.62233],[-72.62163,-16.59793],[-72.61088,-16.58364],[-72.61008,-16.5699],[-72.59697,-16.55504],[-72.59225,-16.55475],[-72.5868,-16.54091],[-72.58299,-16.55948],[-72.56832,-16.56314],[-72.56497,-16.5734],[-72.54694,-16.5633],[-72.52647,-16.56581],[-72.52351,-16.57509],[-72.51516,-16.56995],[-72.49844,-16.57159],[-72.49537,-16.55996],[-72.48916,-16.55739],[-72.48044,-16.56511],[-72.46104,-16.5606],[-72.45506,-16.55655],[-72.45068,-16.57214],[-72.45593,-16.58767],[-72.45194,-16.59914],[-72.44215,-16.59716],[-72.43433,-16.60572],[-72.41761,-16.60618],[-72.40643,-16.60402],[-72.40462,-16.60959],[-72.39241,-16.61183],[-72.37352,-16.60659],[-72.36446,-16.59147],[-72.35393,-16.58933],[-72.34056,-16.59413],[-72.33112,-16.59288],[-72.32662,-16.59831],[-72.32632,-16.60741],[-72.31787,-16.60371],[-72.31631,-16.59369],[-72.30849,-16.58315],[-72.2887,-16.58621],[-72.25423,-16.53341],[-72.23952,-16.53425],[-72.23076,-16.52696],[-72.21498,-16.50507],[-72.21579,-16.50161],[-72.20501,-16.4946],[-72.19934,-16.48381],[-72.19951,-16.45872],[-72.19875,-16.47715],[-72.19511,-16.48334],[-72.19769,-16.49145],[-72.20901,-16.5035],[-72.21339,-16.5152],[-72.23731,-16.54702],[-72.24293,-16.56146],[-72.26202,-16.58395],[-72.27846,-16.60927],[-72.28289,-16.62141],[-72.28337,-16.63458]]]}},{"type":"Feature","properties":{"ubigeo":"040208","nombre":"Samuel Pastor"},"geometry":{"type":"Polygon","coordinates":[[[-72.5868,-16.54091],[-72.59225,-16.55475],[-72.59697,-16.55504],[-72.61008,-16.5699],[-72.61088,-16.58364],[-72.62163,-16.59793],[-72.61956,-16.62233],[-72.62191,-16.62769],[-72.62075,-16.64118],[-72.6153,-16.65009],[-72.61638,-16.65917],[-72.61237,-16.66408],[-72.65297,-16.65917],[-72.67033,-16.6583],[-72.70341,-16.65333],[-72.70197,-16.63639],[-72.6995,-16.6302],[-72.70051,-16.61316],[-72.71513,-16.61155],[-72.71187,-16.6061],[-72.71178,-16.59193],[-72.70622,-16.58728],[-72.69778,-16.58701],[-72.69353,-16.58292],[-72.68118,-16.57903],[-72.6761,-16.56109],[-72.67241,-16.55608],[-72.64832,-16.54511],[-72.63004,-16.5399],[-72.6196,-16.53253],[-72.61405,-16.53184],[-72.60469,-16.53719],[-72.59304,-16.54191],[-72.5868,-16.54091]]]}},{"type":"Feature","properties":{"ubigeo":"040301","nombre":"Caravelí"},"geometry":{"type":"Polygon","coordinates":[[[-73.23462,-16.0362],[-73.24292,-16.04399],[-73.24877,-16.04502],[-73.25559,-16.05628],[-73.26694,-16.05614],[-73.28054,-16.06455],[-73.30022,-16.05541],[-73.30623,-16.04616],[-73.30824,-16.033],[-73.31738,-16.02403],[-73.33237,-16.01963],[-73.33226,-16.00832],[-73.34746,-15.9957],[-73.35287,-15.98694],[-73.36096,-15.98312],[-73.36675,-15.97547],[-73.36636,-15.96339],[-73.36124,-15.95084],[-73.35899,-15.93432],[-73.36199,-15.92379],[-73.35919,-15.91921],[-73.36395,-15.91461],[-73.36401,-15.90055],[-73.3721,-15.89169],[-73.38432,-15.88257],[-73.40681,-15.87949],[-73.41073,-15.8765],[-73.40652,-15.86341],[-73.41242,-15.8599],[-73.41769,-15.84422],[-73.4217,-15.84146],[-73.4244,-15.82919],[-73.42242,-15.82073],[-73.43358,-15.82099],[-73.44887,-15.8085],[-73.44993,-15.79179],[-73.45393,-15.77684],[-73.45794,-15.7752],[-73.46301,-15.76294],[-73.47305,-15.75926],[-73.48848,-15.75876],[-73.49208,-15.74512],[-73.50127,-15.73461],[-73.44162,-15.67824],[-73.33582,-15.66444],[-73.2254,-15.66399],[-73.23898,-15.68007],[-73.24113,-15.69872],[-73.24471,-15.71187],[-73.24015,-15.71874],[-73.2515,-15.74622],[-73.25543,-15.75147],[-73.25665,-15.76744],[-73.25145,-15.77771],[-73.25701,-15.79043],[-73.25475,-15.80351],[-73.25556,-15.81441],[-73.26244,-15.8255],[-73.26054,-15.83468],[-73.24969,-15.85684],[-73.25062,-15.86835],[-73.244,-15.87324],[-73.23325,-15.87405],[-73.2293,-15.88401],[-73.23299,-15.89103],[-73.23543,-15.90793],[-73.22958,-15.91569],[-73.22922,-15.92431],[-73.22516,-15.92673],[-73.22988,-15.95311],[-73.2233,-15.96203],[-73.22499,-15.98497],[-73.22136,-15.99217],[-73.22877,-15.99707],[-73.24029,-15.99821],[-73.23205,-16.02898],[-73.23462,-16.0362]]]}},{"type":"Feature","properties":{"ubigeo":"040302","nombre":"Acarí"},"geometry":{"type":"Polygon","coordinates":[[[-74.39278,-15.19743],[-74.3899,-15.20714],[-74.39938,-15.2174],[-74.39457,-15.22676],[-74.39373,-15.23648],[-74.38788,-15.25178],[-74.3997,-15.26586],[-74.39821,-15.27805],[-74.41485,-15.29542],[-74.41295,-15.30162],[-74.42592,-15.31172],[-74.43484,-15.3284],[-74.43344,-15.33853],[-74.43584,-15.34486],[-74.45358,-15.3458],[-74.44881,-15.3581],[-74.46365,-15.37288],[-74.46644,-15.37915],[-74.46635,-15.3931],[-74.46292,-15.40098],[-74.46648,-15.41695],[-74.4614,-15.41989],[-74.46081,-15.43352],[-74.46805,-15.43567],[-74.47387,-15.44385],[-74.46774,-15.45255],[-74.48159,-15.46961],[-74.4811,-15.47771],[-74.48591,-15.48188],[-74.48602,-15.49191],[-74.50863,-15.49856],[-74.50982,-15.50654],[-74.50495,-15.52595],[-74.51277,-15.53796],[-74.52245,-15.56138],[-74.53272,-15.57198],[-74.53476,-15.58438],[-74.52282,-15.59669],[-74.5344,-15.60977],[-74.56532,-15.6331],[-74.5778,-15.64026],[-74.60266,-15.64639],[-74.62387,-15.64794],[-74.65198,-15.65637],[-74.63844,-15.64951],[-74.63393,-15.63839],[-74.63641,-15.61876],[-74.64099,-15.60898],[-74.63725,-15.60417],[-74.63502,-15.57307],[-74.63033,-15.56939],[-74.63059,-15.55974],[-74.62696,-15.55542],[-74.62955,-15.54812],[-74.63668,-15.54606],[-74.63248,-15.53117],[-74.63448,-15.52021],[-74.63142,-15.51726],[-74.63769,-15.50235],[-74.63889,-15.4922],[-74.6361,-15.47514],[-74.63615,-15.4599],[-74.6327,-15.44587],[-74.63836,-15.43416],[-74.65078,-15.41893],[-74.65228,-15.39324],[-74.64901,-15.389],[-74.65027,-15.36072],[-74.65661,-15.34281],[-74.64983,-15.33212],[-74.64425,-15.32799],[-74.64986,-15.3115],[-74.66056,-15.30551],[-74.66301,-15.28889],[-74.67067,-15.28372],[-74.67555,-15.27029],[-74.68917,-15.25534],[-74.69306,-15.24703],[-74.70959,-15.23444],[-74.71324,-15.22808],[-74.71059,-15.21299],[-74.70186,-15.21015],[-74.69484,-15.19341],[-74.70031,-15.19118],[-74.70737,-15.17575],[-74.72184,-15.14901],[-74.71384,-15.1417],[-74.71664,-15.13701],[-74.70464,-15.1397],[-74.69974,-15.13706],[-74.68945,-15.13907],[-74.67996,-15.13256],[-74.65204,-15.13913],[-74.63784,-15.1318],[-74.62825,-15.1245],[-74.60597,-15.1485],[-74.59436,-15.14661],[-74.58509,-15.14911],[-74.57246,-15.14094],[-74.55252,-15.13994],[-74.53397,-15.14644],[-74.51267,-15.14879],[-74.50183,-15.16055],[-74.48819,-15.1637],[-74.46576,-15.17348],[-74.45142,-15.17597],[-74.43769,-15.16781],[-74.41833,-15.16903],[-74.39872,-15.18146],[-74.39278,-15.19743]]]}},{"type":"Feature","properties":{"ubigeo":"040303","nombre":"Atico"},"geometry":{"type":"Polygon","coordinates":[[[-73.19985,-16.21954],[-73.20162,-16.23388],[-73.19845,-16.24821],[-73.19507,-16.27815],[-73.20419,-16.28522],[-73.21593,-16.2858],[-73.2235,-16.30293],[-73.22941,-16.30542],[-73.22784,-16.31272],[-73.23083,-16.32441],[-73.23594,-16.33296],[-73.23785,-16.34971],[-73.24226,-16.35631],[-73.27466,-16.37112],[-73.2827,-16.38307],[-73.28561,-16.39948],[-73.2916,-16.40541],[-73.29746,-16.39294],[-73.29927,-16.38292],[-73.30481,-16.37974],[-73.30331,-16.36975],[-73.30707,-16.36247],[-73.30062,-16.35785],[-73.3026,-16.34943],[-73.31005,-16.34618],[-73.3142,-16.3387],[-73.3317,-16.32924],[-73.3756,-16.31329],[-73.39097,-16.30907],[-73.40513,-16.29935],[-73.45126,-16.28131],[-73.46159,-16.27863],[-73.47581,-16.27944],[-73.48197,-16.28367],[-73.49713,-16.2733],[-73.51864,-16.26341],[-73.52742,-16.26202],[-73.53093,-16.25706],[-73.55119,-16.25062],[-73.55933,-16.24449],[-73.56741,-16.24954],[-73.58861,-16.24087],[-73.60258,-16.23993],[-73.60604,-16.23594],[-73.61993,-16.23009],[-73.63316,-16.22935],[-73.6395,-16.23285],[-73.64579,-16.22943],[-73.65054,-16.23187],[-73.65866,-16.22777],[-73.66428,-16.23073],[-73.67621,-16.22356],[-73.69402,-16.23142],[-73.69459,-16.23795],[-73.70136,-16.24047],[-73.69649,-16.23121],[-73.69937,-16.2207],[-73.70734,-16.21407],[-73.72066,-16.20706],[-73.72788,-16.19525],[-73.75493,-16.18406],[-73.77174,-16.175],[-73.8008,-16.16867],[-73.81118,-16.16285],[-73.8345,-16.15473],[-73.85336,-16.14192],[-73.86935,-16.13554],[-73.879,-16.12261],[-73.88087,-16.11644],[-73.88939,-16.10935],[-73.90166,-16.10358],[-73.89355,-16.08105],[-73.88488,-16.06665],[-73.876,-16.06843],[-73.87416,-16.06215],[-73.87633,-16.04802],[-73.88293,-16.0399],[-73.87934,-16.03281],[-73.88354,-16.02903],[-73.88164,-16.01835],[-73.86837,-15.99996],[-73.85413,-15.98675],[-73.84571,-15.97621],[-73.84091,-15.96081],[-73.83137,-15.9395],[-73.82849,-15.92861],[-73.824,-15.92389],[-73.81292,-15.89856],[-73.81103,-15.88466],[-73.80096,-15.87268],[-73.80202,-15.85429],[-73.80476,-15.84688],[-73.79965,-15.83542],[-73.78921,-15.83008],[-73.79039,-15.81938],[-73.78298,-15.81633],[-73.76714,-15.79425],[-73.75778,-15.79395],[-73.7427,-15.79783],[-73.73688,-15.80524],[-73.72328,-15.80452],[-73.72015,-15.79999],[-73.72497,-15.79153],[-73.7196,-15.78273],[-73.71214,-15.78392],[-73.70448,-15.7913],[-73.69196,-15.79447],[-73.6787,-15.79075],[-73.67271,-15.79225],[-73.66666,-15.78754],[-73.65691,-15.79341],[-73.63582,-15.79828],[-73.6219,-15.78131],[-73.61179,-15.77964],[-73.60772,-15.77212],[-73.59151,-15.76976],[-73.57575,-15.75958],[-73.56588,-15.75023],[-73.55578,-15.75171],[-73.54715,-15.75104],[-73.53667,-15.74403],[-73.52058,-15.74056],[-73.5144,-15.74162],[-73.50127,-15.73461],[-73.49208,-15.74512],[-73.48848,-15.75876],[-73.47305,-15.75926],[-73.46301,-15.76294],[-73.45794,-15.7752],[-73.45393,-15.77684],[-73.44993,-15.79179],[-73.44887,-15.8085],[-73.43358,-15.82099],[-73.42242,-15.82073],[-73.4244,-15.82919],[-73.4217,-15.84146],[-73.41769,-15.84422],[-73.41242,-15.8599],[-73.40652,-15.86341],[-73.41073,-15.8765],[-73.40681,-15.87949],[-73.38432,-15.88257],[-73.3721,-15.89169],[-73.36401,-15.90055],[-73.36395,-15.91461],[-73.35919,-15.91921],[-73.36199,-15.92379],[-73.35899,-15.93432],[-73.36124,-15.95084],[-73.36636,-15.96339],[-73.36675,-15.97547],[-73.36096,-15.98312],[-73.35287,-15.98694],[-73.34746,-15.9957],[-73.33226,-16.00832],[-73.33237,-16.01963],[-73.31738,-16.02403],[-73.30824,-16.033],[-73.30623,-16.04616],[-73.30022,-16.05541],[-73.28054,-16.06455],[-73.26694,-16.05614],[-73.25559,-16.05628],[-73.24877,-16.04502],[-73.24292,-16.04399],[-73.23462,-16.0362],[-73.22993,-16.05147],[-73.2309,-16.05717],[-73.22384,-16.06386],[-73.2248,-16.0763],[-73.2226,-16.08259],[-73.22322,-16.09776],[-73.22089,-16.11168],[-73.22204,-16.11923],[-73.20837,-16.14742],[-73.20323,-16.15299],[-73.20716,-16.169],[-73.20377,-16.17529],[-73.20547,-16.18354],[-73.20085,-16.19487],[-73.19771,-16.21187],[-73.19985,-16.21954]]]}},{"type":"Feature","properties":{"ubigeo":"040304","nombre":"Atiquipa"},"geometry":{"type":"Polygon","coordinates":[[[-74.21777,-15.66109],[-74.22356,-15.67681],[-74.21999,-15.6908],[-74.23261,-15.69686],[-74.25097,-15.71775],[-74.26025,-15.72213],[-74.26309,-15.72758],[-74.26389,-15.74559],[-74.26788,-15.75904],[-74.26933,-15.77311],[-74.2772,-15.78307],[-74.2874,-15.77917],[-74.29697,-15.79163],[-74.28967,-15.81668],[-74.29142,-15.83694],[-74.29417,-15.84121],[-74.3103,-15.84652],[-74.31391,-15.84021],[-74.31834,-15.84755],[-74.3279,-15.84872],[-74.32763,-15.84218],[-74.35113,-15.84198],[-74.36173,-15.83844],[-74.36317,-15.83195],[-74.3741,-15.83542],[-74.38739,-15.82782],[-74.3933,-15.82931],[-74.41373,-15.81434],[-74.42277,-15.81078],[-74.43929,-15.79456],[-74.44762,-15.77337],[-74.45324,-15.76638],[-74.44594,-15.75794],[-74.43537,-15.7546],[-74.42818,-15.75886],[-74.42093,-15.75836],[-74.41637,-15.75196],[-74.4095,-15.74949],[-74.40215,-15.75383],[-74.39053,-15.75239],[-74.38794,-15.74528],[-74.37547,-15.73952],[-74.37156,-15.7299],[-74.35729,-15.72493],[-74.35078,-15.71278],[-74.34647,-15.69751],[-74.35046,-15.68719],[-74.34415,-15.68335],[-74.34117,-15.67207],[-74.33145,-15.6651],[-74.33125,-15.65915],[-74.32497,-15.64871],[-74.31373,-15.63726],[-74.30501,-15.62334],[-74.29633,-15.6189],[-74.28429,-15.61676],[-74.28669,-15.6079],[-74.28008,-15.58846],[-74.28622,-15.57422],[-74.28642,-15.56362],[-74.29473,-15.56433],[-74.30644,-15.55074],[-74.30445,-15.54304],[-74.29574,-15.52995],[-74.28641,-15.52317],[-74.28659,-15.51538],[-74.28335,-15.5067],[-74.2663,-15.50464],[-74.26158,-15.49423],[-74.24118,-15.48104],[-74.23296,-15.48617],[-74.21397,-15.48573],[-74.19374,-15.49166],[-74.19382,-15.49644],[-74.20259,-15.50837],[-74.20274,-15.52073],[-74.21649,-15.52909],[-74.22298,-15.53697],[-74.23492,-15.55734],[-74.2254,-15.56607],[-74.22669,-15.58935],[-74.22285,-15.59858],[-74.22996,-15.619],[-74.22253,-15.64507],[-74.22186,-15.65437],[-74.21777,-15.66109]]]}},{"type":"Feature","properties":{"ubigeo":"040305","nombre":"Bella Unión"},"geometry":{"type":"Polygon","coordinates":[[[-74.65198,-15.65637],[-74.68584,-15.6425],[-74.68784,-15.63576],[-74.72851,-15.61169],[-74.74968,-15.60038],[-74.78566,-15.58393],[-74.82783,-15.56839],[-74.83012,-15.53597],[-74.83338,-15.52071],[-74.84028,-15.50611],[-74.85224,-15.48807],[-74.86363,-15.45519],[-74.86196,-15.44609],[-74.86544,-15.43766],[-74.86815,-15.414],[-74.87788,-15.40047],[-74.87943,-15.37448],[-74.89534,-15.33328],[-74.89668,-15.32359],[-74.89286,-15.30851],[-74.89625,-15.28519],[-74.90143,-15.26781],[-74.90832,-15.25213],[-74.90709,-15.24292],[-74.89753,-15.22383],[-74.88923,-15.20334],[-74.88555,-15.17933],[-74.87836,-15.16532],[-74.86758,-15.15584],[-74.86038,-15.15808],[-74.85521,-15.15383],[-74.83605,-15.14558],[-74.81592,-15.1395],[-74.79137,-15.12192],[-74.77783,-15.10768],[-74.7649,-15.10234],[-74.76229,-15.09806],[-74.75258,-15.1134],[-74.73853,-15.12339],[-74.72606,-15.12214],[-74.72144,-15.12465],[-74.71664,-15.13701],[-74.71384,-15.1417],[-74.72184,-15.14901],[-74.70737,-15.17575],[-74.70031,-15.19118],[-74.69484,-15.19341],[-74.70186,-15.21015],[-74.71059,-15.21299],[-74.71324,-15.22808],[-74.70959,-15.23444],[-74.69306,-15.24703],[-74.68917,-15.25534],[-74.67555,-15.27029],[-74.67067,-15.28372],[-74.66301,-15.28889],[-74.66056,-15.30551],[-74.64986,-15.3115],[-74.64425,-15.32799],[-74.64983,-15.33212],[-74.65661,-15.34281],[-74.65027,-15.36072],[-74.64901,-15.389],[-74.65228,-15.39324],[-74.65078,-15.41893],[-74.63836,-15.43416],[-74.6327,-15.44587],[-74.63615,-15.4599],[-74.6361,-15.47514],[-74.63889,-15.4922],[-74.63769,-15.50235],[-74.63142,-15.51726],[-74.63448,-15.52021],[-74.63248,-15.53117],[-74.63668,-15.54606],[-74.62955,-15.54812],[-74.62696,-15.55542],[-74.63059,-15.55974],[-74.63033,-15.56939],[-74.63502,-15.57307],[-74.63725,-15.60417],[-74.64099,-15.60898],[-74.63641,-15.61876],[-74.63393,-15.63839],[-74.63844,-15.64951],[-74.65198,-15.65637]]]}},{"type":"Feature","properties":{"ubigeo":"040306","nombre":"Cahuacho"},"geometry":{"type":"Polygon","coordinates":[[[-73.20541,-15.5106],[-73.20372,-15.51897],[-73.21231,-15.54603],[-73.21745,-15.55129],[-73.22634,-15.5703],[-73.21857,-15.59387],[-73.22218,-15.60294],[-73.22054,-15.6237],[-73.21696,-15.62975],[-73.21731,-15.64639],[-73.225,-15.66376],[-73.2254,-15.66399],[-73.33582,-15.66444],[-73.44162,-15.67824],[-73.50127,-15.73461],[-73.5144,-15.74162],[-73.52058,-15.74056],[-73.53667,-15.74403],[-73.54715,-15.75104],[-73.55578,-15.75171],[-73.55266,-15.73428],[-73.558,-15.72829],[-73.56474,-15.71092],[-73.56626,-15.69961],[-73.5743,-15.68992],[-73.58577,-15.66227],[-73.58977,-15.64264],[-73.59724,-15.63295],[-73.59813,-15.62474],[-73.60935,-15.61162],[-73.61638,-15.60876],[-73.62336,-15.5953],[-73.62925,-15.57797],[-73.63771,-15.57244],[-73.64407,-15.55798],[-73.6344,-15.54795],[-73.64795,-15.54226],[-73.64998,-15.52676],[-73.66445,-15.51494],[-73.65285,-15.5048],[-73.64333,-15.48994],[-73.63044,-15.48116],[-73.62824,-15.47097],[-73.61982,-15.46067],[-73.6217,-15.4436],[-73.61825,-15.43945],[-73.61788,-15.42707],[-73.62351,-15.42111],[-73.61286,-15.41923],[-73.59972,-15.40707],[-73.59291,-15.40362],[-73.57841,-15.40679],[-73.5574,-15.40861],[-73.53664,-15.39792],[-73.52957,-15.39205],[-73.50345,-15.38303],[-73.47811,-15.37962],[-73.4411,-15.35572],[-73.42815,-15.36139],[-73.43093,-15.37834],[-73.42112,-15.38002],[-73.41744,-15.3761],[-73.40331,-15.39148],[-73.39217,-15.39874],[-73.36728,-15.38755],[-73.36105,-15.38792],[-73.34749,-15.39445],[-73.33628,-15.40515],[-73.31264,-15.40005],[-73.30661,-15.39551],[-73.29453,-15.39233],[-73.2876,-15.39589],[-73.2748,-15.39296],[-73.2617,-15.4045],[-73.25855,-15.4177],[-73.25206,-15.42551],[-73.25395,-15.431],[-73.24721,-15.44084],[-73.24818,-15.44963],[-73.23577,-15.47157],[-73.22521,-15.48146],[-73.21845,-15.4942],[-73.21999,-15.50001],[-73.20541,-15.5106]]]}},{"type":"Feature","properties":{"ubigeo":"040307","nombre":"Chala"},"geometry":{"type":"Polygon","coordinates":[[[-74.20962,-15.88792],[-74.22129,-15.88456],[-74.23193,-15.87858],[-74.2416,-15.8787],[-74.25047,-15.86894],[-74.24841,-15.86249],[-74.25268,-15.85423],[-74.2752,-15.84046],[-74.29142,-15.83694],[-74.28967,-15.81668],[-74.29697,-15.79163],[-74.2874,-15.77917],[-74.2772,-15.78307],[-74.26933,-15.77311],[-74.26788,-15.75904],[-74.26389,-15.74559],[-74.26309,-15.72758],[-74.26025,-15.72213],[-74.25097,-15.71775],[-74.23261,-15.69686],[-74.21999,-15.6908],[-74.22356,-15.67681],[-74.21777,-15.66109],[-74.20037,-15.66498],[-74.19359,-15.67432],[-74.18301,-15.67739],[-74.17368,-15.6743],[-74.16203,-15.68805],[-74.14851,-15.69322],[-74.14354,-15.70136],[-74.13675,-15.6994],[-74.11572,-15.70494],[-74.10763,-15.69585],[-74.09414,-15.68546],[-74.08179,-15.681],[-74.07745,-15.67524],[-74.06429,-15.67391],[-74.05763,-15.66957],[-74.069,-15.68952],[-74.07645,-15.71905],[-74.08488,-15.72691],[-74.09076,-15.74769],[-74.10057,-15.7558],[-74.10178,-15.76592],[-74.10608,-15.76782],[-74.11639,-15.78379],[-74.11716,-15.79516],[-74.11485,-15.80623],[-74.12504,-15.81262],[-74.13335,-15.8305],[-74.14984,-15.84138],[-74.18082,-15.84638],[-74.19084,-15.83734],[-74.19488,-15.85959],[-74.20473,-15.88192],[-74.20962,-15.88792]]]}},{"type":"Feature","properties":{"ubigeo":"040308","nombre":"Chaparra"},"geometry":{"type":"Polygon","coordinates":[[[-73.90166,-16.10358],[-73.92401,-16.09213],[-73.93098,-16.08508],[-73.9536,-16.07401],[-73.95943,-16.06061],[-73.97514,-16.05252],[-73.98994,-16.03901],[-73.99841,-16.04225],[-74.00748,-16.03382],[-74.01829,-16.0364],[-74.02046,-16.0258],[-74.03308,-16.01806],[-74.03237,-16.00877],[-74.02483,-15.99445],[-74.0425,-15.96417],[-74.05445,-15.95452],[-74.10112,-15.93158],[-74.11962,-15.9241],[-74.15244,-15.90865],[-74.1753,-15.89692],[-74.19567,-15.89253],[-74.20962,-15.88792],[-74.20473,-15.88192],[-74.19488,-15.85959],[-74.19084,-15.83734],[-74.18082,-15.84638],[-74.14984,-15.84138],[-74.13335,-15.8305],[-74.12504,-15.81262],[-74.11485,-15.80623],[-74.11716,-15.79516],[-74.11639,-15.78379],[-74.10608,-15.76782],[-74.10178,-15.76592],[-74.10057,-15.7558],[-74.09076,-15.74769],[-74.08488,-15.72691],[-74.07645,-15.71905],[-74.069,-15.68952],[-74.05763,-15.66957],[-74.04087,-15.65712],[-74.03588,-15.64765],[-74.02386,-15.64774],[-74.00598,-15.64157],[-73.99482,-15.64249],[-73.97344,-15.63298],[-73.95528,-15.62999],[-73.93681,-15.61669],[-73.93197,-15.61027],[-73.93264,-15.60464],[-73.92646,-15.60165],[-73.91359,-15.60397],[-73.90131,-15.60007],[-73.88881,-15.58778],[-73.87794,-15.5879],[-73.87244,-15.58295],[-73.87214,-15.57306],[-73.86843,-15.56146],[-73.85041,-15.55752],[-73.84138,-15.56658],[-73.84634,-15.57618],[-73.84338,-15.58288],[-73.84623,-15.59028],[-73.84261,-15.60442],[-73.84981,-15.60918],[-73.85226,-15.62621],[-73.851,-15.63673],[-73.8619,-15.66883],[-73.85367,-15.67623],[-73.84277,-15.6734],[-73.82729,-15.6829],[-73.82313,-15.68868],[-73.79765,-15.68221],[-73.78444,-15.68935],[-73.76704,-15.69007],[-73.7645,-15.69327],[-73.74168,-15.66823],[-73.73471,-15.68556],[-73.73373,-15.69896],[-73.73647,-15.71065],[-73.73039,-15.71969],[-73.73463,-15.72736],[-73.73447,-15.73507],[-73.7279,-15.74936],[-73.71127,-15.76021],[-73.70927,-15.76866],[-73.71214,-15.78392],[-73.7196,-15.78273],[-73.72497,-15.79153],[-73.72015,-15.79999],[-73.72328,-15.80452],[-73.73688,-15.80524],[-73.7427,-15.79783],[-73.75778,-15.79395],[-73.76714,-15.79425],[-73.78298,-15.81633],[-73.79039,-15.81938],[-73.78921,-15.83008],[-73.79965,-15.83542],[-73.80476,-15.84688],[-73.80202,-15.85429],[-73.80096,-15.87268],[-73.81103,-15.88466],[-73.81292,-15.89856],[-73.824,-15.92389],[-73.82849,-15.92861],[-73.83137,-15.9395],[-73.84091,-15.96081],[-73.84571,-15.97621],[-73.85413,-15.98675],[-73.86837,-15.99996],[-73.88164,-16.01835],[-73.88354,-16.02903],[-73.87934,-16.03281],[-73.88293,-16.0399],[-73.87633,-16.04802],[-73.87416,-16.06215],[-73.876,-16.06843],[-73.88488,-16.06665],[-73.89355,-16.08105],[-73.90166,-16.10358]]]}},{"type":"Feature","properties":{"ubigeo":"040309","nombre":"Huanuhuanu"},"geometry":{"type":"Polygon","coordinates":[[[-73.85041,-15.55752],[-73.86843,-15.56146],[-73.87214,-15.57306],[-73.87244,-15.58295],[-73.87794,-15.5879],[-73.88881,-15.58778],[-73.90131,-15.60007],[-73.91359,-15.60397],[-73.92646,-15.60165],[-73.93264,-15.60464],[-73.93197,-15.61027],[-73.93681,-15.61669],[-73.95528,-15.62999],[-73.97344,-15.63298],[-73.99482,-15.64249],[-74.00598,-15.64157],[-74.02386,-15.64774],[-74.03588,-15.64765],[-74.04087,-15.65712],[-74.05763,-15.66957],[-74.06429,-15.67391],[-74.07745,-15.67524],[-74.08179,-15.681],[-74.09414,-15.68546],[-74.10763,-15.69585],[-74.11572,-15.70494],[-74.13675,-15.6994],[-74.14354,-15.70136],[-74.14851,-15.69322],[-74.16203,-15.68805],[-74.17368,-15.6743],[-74.18301,-15.67739],[-74.19359,-15.67432],[-74.20037,-15.66498],[-74.21777,-15.66109],[-74.22186,-15.65437],[-74.22253,-15.64507],[-74.22996,-15.619],[-74.22285,-15.59858],[-74.22669,-15.58935],[-74.2254,-15.56607],[-74.23492,-15.55734],[-74.22298,-15.53697],[-74.21649,-15.52909],[-74.20274,-15.52073],[-74.20259,-15.50837],[-74.19382,-15.49644],[-74.19374,-15.49166],[-74.18502,-15.48573],[-74.16647,-15.48396],[-74.16098,-15.47765],[-74.15383,-15.45554],[-74.14844,-15.44938],[-74.15348,-15.44721],[-74.15126,-15.42875],[-74.13998,-15.42664],[-74.13395,-15.41661],[-74.12369,-15.41152],[-74.11554,-15.41185],[-74.11308,-15.40498],[-74.09452,-15.392],[-74.08553,-15.39133],[-74.07095,-15.40401],[-74.06543,-15.40219],[-74.05373,-15.41773],[-74.04553,-15.44338],[-74.03729,-15.45608],[-74.04269,-15.46793],[-74.03876,-15.48297],[-74.04513,-15.49282],[-74.0497,-15.49269],[-74.06161,-15.4999],[-74.07525,-15.50345],[-74.07919,-15.51572],[-74.07127,-15.53415],[-74.06728,-15.53929],[-74.07576,-15.55046],[-74.07413,-15.56009],[-74.07919,-15.58098],[-74.08493,-15.59154],[-74.08164,-15.61437],[-74.08474,-15.61891],[-74.06865,-15.62989],[-74.06342,-15.62962],[-74.05095,-15.62228],[-74.04692,-15.61625],[-74.03349,-15.61002],[-74.01939,-15.59917],[-74.00943,-15.56804],[-74.01028,-15.5594],[-73.99646,-15.55339],[-73.98823,-15.54087],[-73.97989,-15.53952],[-73.96107,-15.52392],[-73.95241,-15.51388],[-73.95469,-15.512],[-73.9464,-15.49553],[-73.94596,-15.4904],[-73.91251,-15.45625],[-73.8939,-15.44935],[-73.88864,-15.4391],[-73.87656,-15.43915],[-73.87323,-15.44719],[-73.86225,-15.45012],[-73.85407,-15.48247],[-73.85455,-15.50281],[-73.84578,-15.51267],[-73.85147,-15.54988],[-73.85041,-15.55752]]]}},{"type":"Feature","properties":{"ubigeo":"040310","nombre":"Jaqui"},"geometry":{"type":"Polygon","coordinates":[[[-74.28659,-15.51538],[-74.30092,-15.51217],[-74.32583,-15.51459],[-74.33789,-15.5171],[-74.34995,-15.5133],[-74.36187,-15.5062],[-74.37578,-15.50803],[-74.3782,-15.51135],[-74.36929,-15.52031],[-74.37196,-15.52511],[-74.38998,-15.53586],[-74.39879,-15.55501],[-74.40901,-15.55875],[-74.42584,-15.55751],[-74.4375,-15.56467],[-74.44433,-15.57487],[-74.44715,-15.58408],[-74.45766,-15.58904],[-74.46436,-15.57918],[-74.48338,-15.56234],[-74.4873,-15.5563],[-74.48839,-15.5418],[-74.49619,-15.53755],[-74.50495,-15.52595],[-74.50982,-15.50654],[-74.50863,-15.49856],[-74.48602,-15.49191],[-74.48591,-15.48188],[-74.4811,-15.47771],[-74.48159,-15.46961],[-74.46774,-15.45255],[-74.47387,-15.44385],[-74.46805,-15.43567],[-74.46081,-15.43352],[-74.4614,-15.41989],[-74.46648,-15.41695],[-74.46292,-15.40098],[-74.46635,-15.3931],[-74.46644,-15.37915],[-74.46365,-15.37288],[-74.44881,-15.3581],[-74.45358,-15.3458],[-74.43584,-15.34486],[-74.43344,-15.33853],[-74.43484,-15.3284],[-74.42592,-15.31172],[-74.41295,-15.30162],[-74.40946,-15.30849],[-74.3979,-15.3156],[-74.38897,-15.31725],[-74.37785,-15.33188],[-74.35992,-15.3327],[-74.35526,-15.3398],[-74.34582,-15.33635],[-74.33365,-15.35326],[-74.32017,-15.35481],[-74.30972,-15.35894],[-74.31553,-15.36516],[-74.31731,-15.37263],[-74.32843,-15.39099],[-74.32424,-15.41406],[-74.32558,-15.41956],[-74.31676,-15.44219],[-74.30226,-15.45147],[-74.31118,-15.46273],[-74.30453,-15.47529],[-74.30012,-15.47839],[-74.27872,-15.47873],[-74.26594,-15.47471],[-74.25545,-15.48074],[-74.24118,-15.48104],[-74.26158,-15.49423],[-74.2663,-15.50464],[-74.28335,-15.5067],[-74.28659,-15.51538]]]}},{"type":"Feature","properties":{"ubigeo":"040311","nombre":"Lomas"},"geometry":{"type":"Polygon","coordinates":[[[-74.82783,-15.56839],[-74.84425,-15.56524],[-74.85111,-15.57333],[-74.85423,-15.56991],[-74.84647,-15.56255],[-74.84776,-15.55454],[-74.86848,-15.53568],[-74.90997,-15.51211],[-74.93539,-15.50178],[-74.96723,-15.49052],[-74.97363,-15.49057],[-74.98039,-15.48196],[-74.98537,-15.46986],[-75.00684,-15.46004],[-75.02608,-15.45763],[-75.03213,-15.46102],[-75.05637,-15.45463],[-75.07333,-15.44294],[-75.06111,-15.43528],[-75.04965,-15.4345],[-75.04555,-15.43033],[-75.02892,-15.40428],[-75.01849,-15.38241],[-75.01635,-15.36445],[-75.01656,-15.3511],[-75.00703,-15.339],[-75.00388,-15.33023],[-74.99498,-15.32251],[-74.98241,-15.31683],[-74.9682,-15.29942],[-74.96442,-15.285],[-74.96364,-15.2539],[-74.95902,-15.24605],[-74.9459,-15.23149],[-74.93987,-15.20601],[-74.92931,-15.1924],[-74.9172,-15.18178],[-74.89985,-15.17395],[-74.88852,-15.16123],[-74.8706,-15.15123],[-74.85521,-15.15383],[-74.86038,-15.15808],[-74.86758,-15.15584],[-74.87836,-15.16532],[-74.88555,-15.17933],[-74.88923,-15.20334],[-74.89753,-15.22383],[-74.90709,-15.24292],[-74.90832,-15.25213],[-74.90143,-15.26781],[-74.89625,-15.28519],[-74.89286,-15.30851],[-74.89668,-15.32359],[-74.89534,-15.33328],[-74.87943,-15.37448],[-74.87788,-15.40047],[-74.86815,-15.414],[-74.86544,-15.43766],[-74.86196,-15.44609],[-74.86363,-15.45519],[-74.85224,-15.48807],[-74.84028,-15.50611],[-74.83338,-15.52071],[-74.83012,-15.53597],[-74.82783,-15.56839]]]}},{"type":"Feature","properties":{"ubigeo":"040312","nombre":"Quicacha"},"geometry":{"type":"Polygon","coordinates":[[[-73.62351,-15.42111],[-73.61788,-15.42707],[-73.61825,-15.43945],[-73.6217,-15.4436],[-73.61982,-15.46067],[-73.62824,-15.47097],[-73.63044,-15.48116],[-73.64333,-15.48994],[-73.65285,-15.5048],[-73.66445,-15.51494],[-73.64998,-15.52676],[-73.64795,-15.54226],[-73.6344,-15.54795],[-73.64407,-15.55798],[-73.63771,-15.57244],[-73.62925,-15.57797],[-73.62336,-15.5953],[-73.61638,-15.60876],[-73.60935,-15.61162],[-73.59813,-15.62474],[-73.59724,-15.63295],[-73.58977,-15.64264],[-73.58577,-15.66227],[-73.5743,-15.68992],[-73.56626,-15.69961],[-73.56474,-15.71092],[-73.558,-15.72829],[-73.55266,-15.73428],[-73.55578,-15.75171],[-73.56588,-15.75023],[-73.57575,-15.75958],[-73.59151,-15.76976],[-73.60772,-15.77212],[-73.61179,-15.77964],[-73.6219,-15.78131],[-73.63582,-15.79828],[-73.65691,-15.79341],[-73.66666,-15.78754],[-73.67271,-15.79225],[-73.6787,-15.79075],[-73.69196,-15.79447],[-73.70448,-15.7913],[-73.71214,-15.78392],[-73.70927,-15.76866],[-73.71127,-15.76021],[-73.7279,-15.74936],[-73.73447,-15.73507],[-73.73463,-15.72736],[-73.73039,-15.71969],[-73.73647,-15.71065],[-73.73373,-15.69896],[-73.73471,-15.68556],[-73.74168,-15.66823],[-73.7645,-15.69327],[-73.76704,-15.69007],[-73.78444,-15.68935],[-73.79765,-15.68221],[-73.82313,-15.68868],[-73.82729,-15.6829],[-73.84277,-15.6734],[-73.85367,-15.67623],[-73.8619,-15.66883],[-73.851,-15.63673],[-73.85226,-15.62621],[-73.84981,-15.60918],[-73.84261,-15.60442],[-73.84623,-15.59028],[-73.84338,-15.58288],[-73.84634,-15.57618],[-73.84138,-15.56658],[-73.85041,-15.55752],[-73.85147,-15.54988],[-73.84578,-15.51267],[-73.85455,-15.50281],[-73.85407,-15.48247],[-73.86225,-15.45012],[-73.87323,-15.44719],[-73.87656,-15.43915],[-73.86827,-15.42613],[-73.8688,-15.41726],[-73.87349,-15.4114],[-73.86971,-15.40025],[-73.87708,-15.38916],[-73.87128,-15.38232],[-73.87434,-15.37208],[-73.87486,-15.35507],[-73.87864,-15.34287],[-73.88362,-15.3383],[-73.86921,-15.33171],[-73.86611,-15.32466],[-73.86005,-15.32612],[-73.83258,-15.32712],[-73.80799,-15.32427],[-73.80259,-15.32642],[-73.79858,-15.33469],[-73.79199,-15.34004],[-73.78326,-15.33762],[-73.77645,-15.34032],[-73.77932,-15.3464],[-73.76964,-15.35704],[-73.75887,-15.38527],[-73.73062,-15.40734],[-73.70652,-15.42072],[-73.69456,-15.43478],[-73.68806,-15.43718],[-73.66991,-15.43021],[-73.65161,-15.41628],[-73.62351,-15.42111]]]}},{"type":"Feature","properties":{"ubigeo":"040313","nombre":"Yauca"},"geometry":{"type":"Polygon","coordinates":[[[-74.45324,-15.76638],[-74.45551,-15.76028],[-74.46274,-15.75543],[-74.45975,-15.7429],[-74.46283,-15.72652],[-74.47246,-15.71948],[-74.50235,-15.70677],[-74.53156,-15.70083],[-74.55378,-15.69327],[-74.61579,-15.66778],[-74.65198,-15.65637],[-74.62387,-15.64794],[-74.60266,-15.64639],[-74.5778,-15.64026],[-74.56532,-15.6331],[-74.5344,-15.60977],[-74.52282,-15.59669],[-74.53476,-15.58438],[-74.53272,-15.57198],[-74.52245,-15.56138],[-74.51277,-15.53796],[-74.50495,-15.52595],[-74.49619,-15.53755],[-74.48839,-15.5418],[-74.4873,-15.5563],[-74.48338,-15.56234],[-74.46436,-15.57918],[-74.45766,-15.58904],[-74.44715,-15.58408],[-74.44433,-15.57487],[-74.4375,-15.56467],[-74.42584,-15.55751],[-74.40901,-15.55875],[-74.39879,-15.55501],[-74.38998,-15.53586],[-74.37196,-15.52511],[-74.36929,-15.52031],[-74.3782,-15.51135],[-74.37578,-15.50803],[-74.36187,-15.5062],[-74.34995,-15.5133],[-74.33789,-15.5171],[-74.32583,-15.51459],[-74.30092,-15.51217],[-74.28659,-15.51538],[-74.28641,-15.52317],[-74.29574,-15.52995],[-74.30445,-15.54304],[-74.30644,-15.55074],[-74.29473,-15.56433],[-74.28642,-15.56362],[-74.28622,-15.57422],[-74.28008,-15.58846],[-74.28669,-15.6079],[-74.28429,-15.61676],[-74.29633,-15.6189],[-74.30501,-15.62334],[-74.31373,-15.63726],[-74.32497,-15.64871],[-74.33125,-15.65915],[-74.33145,-15.6651],[-74.34117,-15.67207],[-74.34415,-15.68335],[-74.35046,-15.68719],[-74.34647,-15.69751],[-74.35078,-15.71278],[-74.35729,-15.72493],[-74.37156,-15.7299],[-74.37547,-15.73952],[-74.38794,-15.74528],[-74.39053,-15.75239],[-74.40215,-15.75383],[-74.4095,-15.74949],[-74.41637,-15.75196],[-74.42093,-15.75836],[-74.42818,-15.75886],[-74.43537,-15.7546],[-74.44594,-15.75794],[-74.45324,-15.76638]]]}},{"type":"Feature","properties":{"ubigeo":"040401","nombre":"Aplao"},"geometry":{"type":"Polygon","coordinates":[[[-72.44381,-15.84933],[-72.44604,-15.86049],[-72.45063,-15.86643],[-72.45549,-15.88236],[-72.46791,-15.90175],[-72.46313,-15.9149],[-72.46135,-15.93769],[-72.46826,-15.95898],[-72.47195,-15.96361],[-72.46559,-15.97516],[-72.4675,-15.99372],[-72.4732,-16.00216],[-72.48342,-16.00876],[-72.4811,-16.01632],[-72.48426,-16.02586],[-72.47608,-16.0615],[-72.47997,-16.07626],[-72.48533,-16.08086],[-72.49111,-16.09227],[-72.48471,-16.10603],[-72.47351,-16.11665],[-72.46967,-16.13055],[-72.47768,-16.14727],[-72.4776,-16.15476],[-72.46611,-16.18163],[-72.47106,-16.19016],[-72.49619,-16.18529],[-72.50076,-16.17463],[-72.50653,-16.16846],[-72.5076,-16.15521],[-72.51376,-16.13567],[-72.51897,-16.1316],[-72.52156,-16.11983],[-72.53342,-16.1082],[-72.54298,-16.10919],[-72.55847,-16.09316],[-72.57067,-16.09662],[-72.57182,-16.11327],[-72.57628,-16.12478],[-72.59727,-16.12817],[-72.60232,-16.13829],[-72.61794,-16.13647],[-72.62763,-16.13289],[-72.63986,-16.13781],[-72.64083,-16.14554],[-72.63195,-16.1683],[-72.63508,-16.18624],[-72.63376,-16.20741],[-72.64322,-16.21813],[-72.64463,-16.22933],[-72.6508,-16.24185],[-72.65108,-16.24781],[-72.66365,-16.24758],[-72.66849,-16.23896],[-72.67703,-16.23566],[-72.68741,-16.21851],[-72.6845,-16.19497],[-72.68985,-16.17392],[-72.69394,-16.16399],[-72.68675,-16.13761],[-72.6872,-16.11981],[-72.69862,-16.10983],[-72.70785,-16.09176],[-72.71318,-16.06328],[-72.71312,-16.05379],[-72.70697,-16.02672],[-72.70159,-16.0084],[-72.69678,-15.99856],[-72.69024,-15.99676],[-72.68667,-15.9841],[-72.67867,-15.98115],[-72.6748,-15.99549],[-72.67364,-16.01025],[-72.6653,-16.01763],[-72.66244,-16.01493],[-72.6493,-16.01728],[-72.63283,-16.01589],[-72.62489,-16.01209],[-72.6013,-16.01742],[-72.59515,-16.02589],[-72.58603,-16.0291],[-72.57607,-16.02755],[-72.58586,-16.00809],[-72.58282,-16.0055],[-72.58543,-15.99632],[-72.60153,-15.98735],[-72.60665,-15.97157],[-72.59193,-15.9652],[-72.58714,-15.94999],[-72.59144,-15.93628],[-72.57912,-15.93753],[-72.55004,-15.92244],[-72.5445,-15.92264],[-72.52756,-15.91173],[-72.51865,-15.90881],[-72.51004,-15.89942],[-72.50746,-15.89086],[-72.51394,-15.87995],[-72.52836,-15.86257],[-72.53526,-15.83553],[-72.54172,-15.82307],[-72.54552,-15.80829],[-72.53428,-15.8042],[-72.52676,-15.80859],[-72.51774,-15.80865],[-72.50848,-15.80389],[-72.50363,-15.79736],[-72.49556,-15.79758],[-72.48851,-15.79177],[-72.47555,-15.78596],[-72.47058,-15.78769],[-72.47011,-15.79915],[-72.46477,-15.80754],[-72.46253,-15.81855],[-72.4534,-15.82612],[-72.44923,-15.84236],[-72.44381,-15.84933]]]}},{"type":"Feature","properties":{"ubigeo":"040402","nombre":"Andagua"},"geometry":{"type":"Polygon","coordinates":[[[-72.39064,-15.59831],[-72.40553,-15.5954],[-72.41187,-15.58499],[-72.40919,-15.58258],[-72.4099,-15.56535],[-72.39491,-15.5545],[-72.39635,-15.54562],[-72.40716,-15.54023],[-72.41367,-15.54023],[-72.42054,-15.53301],[-72.43477,-15.53372],[-72.443,-15.52366],[-72.44963,-15.52015],[-72.46946,-15.52921],[-72.48055,-15.52005],[-72.49772,-15.51432],[-72.50348,-15.51668],[-72.51048,-15.50907],[-72.52652,-15.50539],[-72.51606,-15.49662],[-72.51159,-15.48926],[-72.50759,-15.47506],[-72.51477,-15.46402],[-72.51559,-15.45086],[-72.52343,-15.43892],[-72.52041,-15.41021],[-72.51167,-15.39874],[-72.48924,-15.39575],[-72.48589,-15.3928],[-72.46054,-15.38802],[-72.45126,-15.38912],[-72.44067,-15.3982],[-72.43157,-15.40874],[-72.41593,-15.42312],[-72.40015,-15.43017],[-72.39494,-15.4401],[-72.38587,-15.4347],[-72.34037,-15.42566],[-72.33859,-15.41203],[-72.33035,-15.4039],[-72.32912,-15.39256],[-72.32478,-15.38701],[-72.3158,-15.39066],[-72.30737,-15.38846],[-72.30257,-15.38343],[-72.28824,-15.38185],[-72.28544,-15.39069],[-72.27783,-15.38833],[-72.26311,-15.37606],[-72.25689,-15.38002],[-72.2327,-15.37994],[-72.24807,-15.4096],[-72.25182,-15.4307],[-72.26867,-15.43814],[-72.27396,-15.46804],[-72.28672,-15.4808],[-72.29358,-15.4813],[-72.31248,-15.49275],[-72.30108,-15.49407],[-72.29726,-15.50197],[-72.28881,-15.50661],[-72.2569,-15.54288],[-72.26218,-15.55375],[-72.26346,-15.56722],[-72.25921,-15.57715],[-72.25969,-15.58579],[-72.27029,-15.5855],[-72.27847,-15.57537],[-72.2944,-15.57654],[-72.30576,-15.58669],[-72.31016,-15.60081],[-72.32959,-15.60413],[-72.33183,-15.60119],[-72.34542,-15.60343],[-72.35423,-15.60932],[-72.35924,-15.60261],[-72.37727,-15.59881],[-72.39064,-15.59831]]]}},{"type":"Feature","properties":{"ubigeo":"040403","nombre":"Ayo"},"geometry":{"type":"Polygon","coordinates":[[[-72.23331,-15.71184],[-72.23723,-15.72334],[-72.24469,-15.7295],[-72.24528,-15.73581],[-72.25385,-15.74095],[-72.26423,-15.74123],[-72.27602,-15.73064],[-72.29057,-15.72688],[-72.29793,-15.71934],[-72.30576,-15.72164],[-72.31517,-15.71805],[-72.32954,-15.72198],[-72.34268,-15.71955],[-72.35035,-15.72209],[-72.35816,-15.73045],[-72.35966,-15.72127],[-72.3644,-15.71713],[-72.3673,-15.69897],[-72.37221,-15.69655],[-72.37329,-15.68011],[-72.37129,-15.66594],[-72.36713,-15.66003],[-72.38531,-15.62657],[-72.39005,-15.61837],[-72.38673,-15.60561],[-72.39064,-15.59831],[-72.37727,-15.59881],[-72.35924,-15.60261],[-72.35423,-15.60932],[-72.34542,-15.60343],[-72.33183,-15.60119],[-72.32959,-15.60413],[-72.31016,-15.60081],[-72.30576,-15.58669],[-72.2944,-15.57654],[-72.27847,-15.57537],[-72.27029,-15.5855],[-72.25969,-15.58579],[-72.25921,-15.57715],[-72.26346,-15.56722],[-72.26218,-15.55375],[-72.2569,-15.54288],[-72.25052,-15.53816],[-72.23605,-15.53573],[-72.21807,-15.52728],[-72.20024,-15.52979],[-72.19697,-15.53428],[-72.19437,-15.55026],[-72.19666,-15.56033],[-72.19513,-15.57561],[-72.20226,-15.57926],[-72.21214,-15.59983],[-72.20676,-15.60804],[-72.20769,-15.62191],[-72.20319,-15.62456],[-72.20499,-15.63542],[-72.22018,-15.64445],[-72.2256,-15.65437],[-72.22782,-15.67322],[-72.23759,-15.6994],[-72.23331,-15.71184]]]}},{"type":"Feature","properties":{"ubigeo":"040404","nombre":"Chachas"},"geometry":{"type":"Polygon","coordinates":[[[-72.20024,-15.52979],[-72.21807,-15.52728],[-72.23605,-15.53573],[-72.25052,-15.53816],[-72.2569,-15.54288],[-72.28881,-15.50661],[-72.29726,-15.50197],[-72.30108,-15.49407],[-72.31248,-15.49275],[-72.29358,-15.4813],[-72.28672,-15.4808],[-72.27396,-15.46804],[-72.26867,-15.43814],[-72.25182,-15.4307],[-72.24807,-15.4096],[-72.2327,-15.37994],[-72.25689,-15.38002],[-72.26311,-15.37606],[-72.26314,-15.3674],[-72.25771,-15.35244],[-72.26484,-15.34546],[-72.27186,-15.31845],[-72.26624,-15.30757],[-72.26642,-15.28701],[-72.26254,-15.28377],[-72.26521,-15.27627],[-72.25874,-15.26206],[-72.25166,-15.2539],[-72.23819,-15.23112],[-72.24647,-15.2122],[-72.25392,-15.2039],[-72.25711,-15.19266],[-72.25031,-15.18575],[-72.23875,-15.18443],[-72.21896,-15.17709],[-72.21527,-15.17361],[-72.21075,-15.15667],[-72.2006,-15.13346],[-72.20635,-15.13112],[-72.19978,-15.11622],[-72.19678,-15.10205],[-72.18588,-15.0875],[-72.17838,-15.07327],[-72.16846,-15.07032],[-72.13882,-15.0695],[-72.12361,-15.05869],[-72.11445,-15.03731],[-72.11051,-15.03266],[-72.10487,-15.00833],[-72.11744,-14.99565],[-72.12051,-14.98858],[-72.10747,-14.96901],[-72.10221,-14.95493],[-72.07972,-14.93965],[-72.07192,-14.93739],[-72.0615,-14.93851],[-72.05532,-14.94229],[-72.04573,-14.94148],[-72.04109,-14.93021],[-72.04646,-14.90678],[-72.03396,-14.89866],[-72.03452,-14.88792],[-72.02683,-14.87602],[-72.02006,-14.8775],[-72.00494,-14.88632],[-71.99112,-14.87652],[-71.9759,-14.86947],[-71.9724,-14.8591],[-71.96416,-14.84607],[-71.95185,-14.83733],[-71.95399,-14.85092],[-71.95216,-14.86815],[-71.94318,-14.87742],[-71.93848,-14.90375],[-71.9414,-14.91359],[-71.93958,-14.91979],[-71.93136,-14.92225],[-71.92898,-14.92948],[-71.92049,-14.93503],[-71.9138,-14.95729],[-71.92133,-14.96834],[-71.93282,-14.96593],[-71.93886,-14.97743],[-71.94639,-14.97835],[-71.95192,-14.98847],[-71.9551,-15.01658],[-71.95514,-15.02817],[-71.95976,-15.04056],[-71.97551,-15.05447],[-71.98238,-15.0637],[-71.98148,-15.06973],[-71.97272,-15.0808],[-71.95892,-15.08278],[-71.95615,-15.09298],[-71.94703,-15.11027],[-71.95345,-15.11962],[-71.96971,-15.13545],[-71.98329,-15.14316],[-71.99744,-15.14314],[-72.01199,-15.15406],[-72.02374,-15.15897],[-72.03799,-15.15973],[-72.04591,-15.16738],[-72.02853,-15.1861],[-72.02538,-15.19553],[-72.02799,-15.20057],[-72.04232,-15.20935],[-72.05229,-15.22132],[-72.05446,-15.2363],[-72.06122,-15.24633],[-72.06163,-15.25424],[-72.0752,-15.25081],[-72.10651,-15.25695],[-72.11053,-15.27786],[-72.10647,-15.29356],[-72.10962,-15.29878],[-72.13234,-15.30877],[-72.14227,-15.30939],[-72.13217,-15.32158],[-72.1277,-15.337],[-72.11079,-15.355],[-72.11977,-15.36688],[-72.12493,-15.37018],[-72.13316,-15.38212],[-72.14719,-15.39237],[-72.15235,-15.4031],[-72.16589,-15.40585],[-72.16927,-15.41368],[-72.16598,-15.43482],[-72.15984,-15.44158],[-72.16712,-15.46027],[-72.16266,-15.4619],[-72.16184,-15.46943],[-72.16682,-15.47926],[-72.17631,-15.48285],[-72.18003,-15.49032],[-72.17707,-15.49874],[-72.18373,-15.51399],[-72.19051,-15.51568],[-72.20024,-15.52979]]]}},{"type":"Feature","properties":{"ubigeo":"040405","nombre":"Chilcaymarca"},"geometry":{"type":"Polygon","coordinates":[[[-72.44067,-15.3982],[-72.43527,-15.38792],[-72.43266,-15.37079],[-72.42714,-15.36814],[-72.43169,-15.35704],[-72.42942,-15.35316],[-72.43244,-15.33549],[-72.43966,-15.3105],[-72.43842,-15.30156],[-72.42795,-15.28128],[-72.41959,-15.27053],[-72.40593,-15.26471],[-72.40279,-15.25908],[-72.38132,-15.25012],[-72.37486,-15.24974],[-72.36644,-15.26737],[-72.35544,-15.26859],[-72.35064,-15.27642],[-72.36374,-15.29357],[-72.36598,-15.30513],[-72.3646,-15.31529],[-72.34611,-15.31998],[-72.33459,-15.33521],[-72.33196,-15.34218],[-72.32226,-15.34922],[-72.32584,-15.36026],[-72.32217,-15.36358],[-72.32955,-15.37583],[-72.32436,-15.37868],[-72.32478,-15.38701],[-72.32912,-15.39256],[-72.33035,-15.4039],[-72.33859,-15.41203],[-72.34037,-15.42566],[-72.38587,-15.4347],[-72.39494,-15.4401],[-72.40015,-15.43017],[-72.41593,-15.42312],[-72.43157,-15.40874],[-72.44067,-15.3982]]]}},{"type":"Feature","properties":{"ubigeo":"040406","nombre":"Choco"},"geometry":{"type":"Polygon","coordinates":[[[-72.00987,-15.58243],[-72.01914,-15.57855],[-72.03319,-15.58044],[-72.04005,-15.59429],[-72.06462,-15.59678],[-72.07331,-15.60483],[-72.08238,-15.608],[-72.09808,-15.60331],[-72.1079,-15.60645],[-72.12126,-15.61464],[-72.13808,-15.62907],[-72.1395,-15.6344],[-72.15629,-15.65401],[-72.16315,-15.65971],[-72.1857,-15.66798],[-72.20492,-15.68067],[-72.20907,-15.68151],[-72.21744,-15.69262],[-72.22529,-15.69919],[-72.23331,-15.71184],[-72.23759,-15.6994],[-72.22782,-15.67322],[-72.2256,-15.65437],[-72.22018,-15.64445],[-72.20499,-15.63542],[-72.20319,-15.62456],[-72.20769,-15.62191],[-72.20676,-15.60804],[-72.21214,-15.59983],[-72.20226,-15.57926],[-72.19513,-15.57561],[-72.19666,-15.56033],[-72.19437,-15.55026],[-72.19697,-15.53428],[-72.20024,-15.52979],[-72.19051,-15.51568],[-72.18373,-15.51399],[-72.17707,-15.49874],[-72.18003,-15.49032],[-72.17631,-15.48285],[-72.16682,-15.47926],[-72.16184,-15.46943],[-72.16266,-15.4619],[-72.16712,-15.46027],[-72.15984,-15.44158],[-72.16598,-15.43482],[-72.16927,-15.41368],[-72.16589,-15.40585],[-72.15235,-15.4031],[-72.14719,-15.39237],[-72.13316,-15.38212],[-72.12493,-15.37018],[-72.11977,-15.36688],[-72.11079,-15.355],[-72.1277,-15.337],[-72.13217,-15.32158],[-72.14227,-15.30939],[-72.13234,-15.30877],[-72.10962,-15.29878],[-72.10647,-15.29356],[-72.11053,-15.27786],[-72.10651,-15.25695],[-72.0752,-15.25081],[-72.06163,-15.25424],[-72.06122,-15.24633],[-72.05446,-15.2363],[-72.05229,-15.22132],[-72.04232,-15.20935],[-72.02799,-15.20057],[-72.02538,-15.19553],[-72.02853,-15.1861],[-72.04591,-15.16738],[-72.03799,-15.15973],[-72.02374,-15.15897],[-72.01199,-15.15406],[-71.99744,-15.14314],[-71.98329,-15.14316],[-71.96971,-15.13545],[-71.96829,-15.14065],[-71.95291,-15.1513],[-71.94308,-15.1529],[-71.91582,-15.16759],[-71.9064,-15.1665],[-71.90141,-15.1708],[-71.90508,-15.18116],[-71.91893,-15.19609],[-71.92293,-15.22024],[-71.94598,-15.22696],[-71.94419,-15.24809],[-71.95158,-15.25102],[-71.95969,-15.26952],[-71.95888,-15.27698],[-71.96511,-15.29162],[-71.96295,-15.31181],[-71.9739,-15.31551],[-71.97799,-15.33026],[-71.9841,-15.33787],[-71.98545,-15.3603],[-71.98022,-15.36912],[-71.98489,-15.37586],[-71.98801,-15.3949],[-71.99342,-15.39909],[-71.99204,-15.40804],[-71.99532,-15.42523],[-71.99397,-15.44058],[-71.99918,-15.44732],[-71.9973,-15.45245],[-72.00102,-15.46191],[-71.99715,-15.4741],[-71.99908,-15.49383],[-71.99512,-15.49517],[-71.99729,-15.51579],[-72.00395,-15.52845],[-71.99964,-15.53359],[-71.99849,-15.5448],[-71.99055,-15.54906],[-71.99564,-15.55733],[-71.9949,-15.5683],[-72.00193,-15.57551],[-72.0034,-15.58188],[-72.00987,-15.58243]]]}},{"type":"Feature","properties":{"ubigeo":"040407","nombre":"Huancarqui"},"geometry":{"type":"Polygon","coordinates":[[[-72.27064,-16.13688],[-72.2743,-16.13881],[-72.29182,-16.13887],[-72.3134,-16.13573],[-72.32473,-16.13926],[-72.33758,-16.14928],[-72.35475,-16.15809],[-72.36882,-16.16133],[-72.38493,-16.17137],[-72.39223,-16.18006],[-72.40387,-16.19988],[-72.41126,-16.2071],[-72.42454,-16.21246],[-72.43198,-16.20542],[-72.42632,-16.18836],[-72.42982,-16.17839],[-72.43915,-16.17763],[-72.46611,-16.18163],[-72.4776,-16.15476],[-72.47768,-16.14727],[-72.46967,-16.13055],[-72.47351,-16.11665],[-72.48471,-16.10603],[-72.49111,-16.09227],[-72.48533,-16.08086],[-72.47997,-16.07626],[-72.47608,-16.0615],[-72.48426,-16.02586],[-72.4811,-16.01632],[-72.48342,-16.00876],[-72.4732,-16.00216],[-72.4675,-15.99372],[-72.46559,-15.97516],[-72.47195,-15.96361],[-72.46826,-15.95898],[-72.46135,-15.93769],[-72.46313,-15.9149],[-72.46791,-15.90175],[-72.45549,-15.88236],[-72.45063,-15.86643],[-72.44604,-15.86049],[-72.44381,-15.84933],[-72.44144,-15.84478],[-72.43445,-15.84515],[-72.42855,-15.85063],[-72.4136,-15.85374],[-72.4028,-15.85819],[-72.38198,-15.8476],[-72.37491,-15.83693],[-72.36458,-15.83883],[-72.3507,-15.83437],[-72.34679,-15.83936],[-72.33631,-15.84117],[-72.32678,-15.8354],[-72.3289,-15.83004],[-72.31293,-15.81426],[-72.30136,-15.81981],[-72.29619,-15.83081],[-72.29963,-15.85053],[-72.29784,-15.87262],[-72.2906,-15.87484],[-72.28241,-15.88385],[-72.28757,-15.88791],[-72.29167,-15.90249],[-72.2909,-15.91138],[-72.29653,-15.92104],[-72.29259,-15.92693],[-72.28079,-15.93159],[-72.26968,-15.94141],[-72.25875,-15.94275],[-72.24127,-15.94944],[-72.23166,-15.9599],[-72.22536,-15.96147],[-72.22839,-15.97215],[-72.23914,-15.97949],[-72.24405,-15.99707],[-72.24866,-15.99851],[-72.25165,-16.00759],[-72.24767,-16.01401],[-72.23672,-16.01936],[-72.22918,-16.03154],[-72.23334,-16.04237],[-72.24314,-16.05312],[-72.25485,-16.05875],[-72.25843,-16.06513],[-72.2581,-16.07794],[-72.25285,-16.09429],[-72.25981,-16.10787],[-72.26511,-16.12956],[-72.27064,-16.13688]]]}},{"type":"Feature","properties":{"ubigeo":"040408","nombre":"Machaguay"},"geometry":{"type":"Polygon","coordinates":[[[-72.38531,-15.62657],[-72.39441,-15.62937],[-72.40694,-15.64194],[-72.41504,-15.64294],[-72.42372,-15.64979],[-72.43101,-15.6593],[-72.43043,-15.66645],[-72.4477,-15.67241],[-72.45483,-15.6719],[-72.45964,-15.6837],[-72.46059,-15.70073],[-72.45451,-15.72478],[-72.45947,-15.72581],[-72.47375,-15.72056],[-72.47905,-15.72359],[-72.47961,-15.7324],[-72.48283,-15.72481],[-72.48109,-15.71152],[-72.48815,-15.69752],[-72.4882,-15.69237],[-72.49877,-15.69626],[-72.50931,-15.68189],[-72.5134,-15.66891],[-72.51113,-15.66306],[-72.5238,-15.64285],[-72.52879,-15.63842],[-72.53436,-15.62441],[-72.53144,-15.61913],[-72.52916,-15.60044],[-72.52958,-15.58813],[-72.53275,-15.576],[-72.54475,-15.55732],[-72.54828,-15.54834],[-72.55762,-15.5422],[-72.54361,-15.53438],[-72.52652,-15.50539],[-72.51048,-15.50907],[-72.50348,-15.51668],[-72.49772,-15.51432],[-72.48055,-15.52005],[-72.46946,-15.52921],[-72.44963,-15.52015],[-72.443,-15.52366],[-72.43477,-15.53372],[-72.42054,-15.53301],[-72.41367,-15.54023],[-72.40716,-15.54023],[-72.39635,-15.54562],[-72.39491,-15.5545],[-72.4099,-15.56535],[-72.40919,-15.58258],[-72.41187,-15.58499],[-72.40553,-15.5954],[-72.39064,-15.59831],[-72.38673,-15.60561],[-72.39005,-15.61837],[-72.38531,-15.62657]]]}},{"type":"Feature","properties":{"ubigeo":"040409","nombre":"Orcopampa"},"geometry":{"type":"Polygon","coordinates":[[[-72.26311,-15.37606],[-72.27783,-15.38833],[-72.28544,-15.39069],[-72.28824,-15.38185],[-72.30257,-15.38343],[-72.30737,-15.38846],[-72.3158,-15.39066],[-72.32478,-15.38701],[-72.32436,-15.37868],[-72.32955,-15.37583],[-72.32217,-15.36358],[-72.32584,-15.36026],[-72.32226,-15.34922],[-72.33196,-15.34218],[-72.33459,-15.33521],[-72.34611,-15.31998],[-72.3646,-15.31529],[-72.36598,-15.30513],[-72.36374,-15.29357],[-72.35064,-15.27642],[-72.35544,-15.26859],[-72.36644,-15.26737],[-72.37486,-15.24974],[-72.36467,-15.2419],[-72.36651,-15.23418],[-72.37136,-15.23199],[-72.37693,-15.19779],[-72.37466,-15.18802],[-72.36443,-15.17271],[-72.35755,-15.15324],[-72.35969,-15.13883],[-72.3697,-15.13555],[-72.36982,-15.11858],[-72.36613,-15.11141],[-72.3604,-15.11023],[-72.35498,-15.09736],[-72.3469,-15.09506],[-72.32777,-15.09695],[-72.317,-15.0944],[-72.30878,-15.0813],[-72.29935,-15.07298],[-72.29668,-15.06725],[-72.28635,-15.06462],[-72.28511,-15.0583],[-72.26547,-15.04325],[-72.2653,-15.03713],[-72.25893,-15.02144],[-72.25419,-14.9995],[-72.25864,-14.98672],[-72.25682,-14.9728],[-72.26094,-14.96579],[-72.25575,-14.96139],[-72.25336,-14.94626],[-72.24521,-14.94432],[-72.23866,-14.93511],[-72.22728,-14.93076],[-72.22551,-14.92385],[-72.20962,-14.90937],[-72.19947,-14.9093],[-72.1932,-14.90513],[-72.18015,-14.90203],[-72.17725,-14.89795],[-72.16563,-14.89605],[-72.1668,-14.89051],[-72.15885,-14.88446],[-72.14771,-14.8814],[-72.1195,-14.88902],[-72.11002,-14.88771],[-72.09957,-14.89286],[-72.10666,-14.89998],[-72.10947,-14.91889],[-72.10293,-14.93587],[-72.10221,-14.95493],[-72.10747,-14.96901],[-72.12051,-14.98858],[-72.11744,-14.99565],[-72.10487,-15.00833],[-72.11051,-15.03266],[-72.11445,-15.03731],[-72.12361,-15.05869],[-72.13882,-15.0695],[-72.16846,-15.07032],[-72.17838,-15.07327],[-72.18588,-15.0875],[-72.19678,-15.10205],[-72.19978,-15.11622],[-72.20635,-15.13112],[-72.2006,-15.13346],[-72.21075,-15.15667],[-72.21527,-15.17361],[-72.21896,-15.17709],[-72.23875,-15.18443],[-72.25031,-15.18575],[-72.25711,-15.19266],[-72.25392,-15.2039],[-72.24647,-15.2122],[-72.23819,-15.23112],[-72.25166,-15.2539],[-72.25874,-15.26206],[-72.26521,-15.27627],[-72.26254,-15.28377],[-72.26642,-15.28701],[-72.26624,-15.30757],[-72.27186,-15.31845],[-72.26484,-15.34546],[-72.25771,-15.35244],[-72.26314,-15.3674],[-72.26311,-15.37606]]]}},{"type":"Feature","properties":{"ubigeo":"040410","nombre":"Pampacolca"},"geometry":{"type":"Polygon","coordinates":[[[-72.53229,-15.70315],[-72.52164,-15.71081],[-72.51474,-15.72156],[-72.52618,-15.73525],[-72.51205,-15.75002],[-72.51428,-15.75936],[-72.50712,-15.76684],[-72.52045,-15.77533],[-72.52542,-15.79067],[-72.52955,-15.7921],[-72.53428,-15.8042],[-72.54552,-15.80829],[-72.55307,-15.80107],[-72.5591,-15.79991],[-72.56343,-15.79826],[-72.57616,-15.78295],[-72.57977,-15.77256],[-72.58932,-15.76031],[-72.59091,-15.74901],[-72.60291,-15.73227],[-72.603,-15.72765],[-72.61818,-15.7197],[-72.62547,-15.70231],[-72.63406,-15.70775],[-72.63917,-15.70071],[-72.64611,-15.7099],[-72.65072,-15.70769],[-72.66332,-15.7106],[-72.67032,-15.70347],[-72.68024,-15.68482],[-72.68377,-15.66988],[-72.69571,-15.65824],[-72.7038,-15.65536],[-72.70282,-15.6327],[-72.70929,-15.62837],[-72.71107,-15.61947],[-72.71676,-15.61176],[-72.72352,-15.60302],[-72.71874,-15.58836],[-72.70232,-15.56881],[-72.69038,-15.55836],[-72.68242,-15.55809],[-72.67456,-15.55076],[-72.6637,-15.5496],[-72.6607,-15.54589],[-72.63642,-15.55227],[-72.62875,-15.55971],[-72.62716,-15.576],[-72.62116,-15.58847],[-72.62299,-15.60566],[-72.61539,-15.61875],[-72.60471,-15.63058],[-72.59605,-15.65751],[-72.58913,-15.66418],[-72.57444,-15.66944],[-72.55762,-15.68653],[-72.54459,-15.69264],[-72.54065,-15.6989],[-72.53229,-15.70315]]]}},{"type":"Feature","properties":{"ubigeo":"040411","nombre":"Tipan"},"geometry":{"type":"Polygon","coordinates":[[[-72.47058,-15.78769],[-72.47555,-15.78596],[-72.48851,-15.79177],[-72.49556,-15.79758],[-72.50363,-15.79736],[-72.50848,-15.80389],[-72.51774,-15.80865],[-72.52676,-15.80859],[-72.53428,-15.8042],[-72.52955,-15.7921],[-72.52542,-15.79067],[-72.52045,-15.77533],[-72.50712,-15.76684],[-72.51428,-15.75936],[-72.51205,-15.75002],[-72.52618,-15.73525],[-72.51474,-15.72156],[-72.52164,-15.71081],[-72.53229,-15.70315],[-72.51443,-15.69712],[-72.50988,-15.69074],[-72.50931,-15.68189],[-72.49877,-15.69626],[-72.4882,-15.69237],[-72.48815,-15.69752],[-72.48109,-15.71152],[-72.48283,-15.72481],[-72.47961,-15.7324],[-72.47665,-15.74221],[-72.46974,-15.75412],[-72.46679,-15.76956],[-72.47082,-15.77556],[-72.47058,-15.78769]]]}},{"type":"Feature","properties":{"ubigeo":"040412","nombre":"Uñon"},"geometry":{"type":"Polygon","coordinates":[[[-72.31293,-15.81426],[-72.3289,-15.83004],[-72.32678,-15.8354],[-72.33631,-15.84117],[-72.34679,-15.83936],[-72.3507,-15.83437],[-72.36458,-15.83883],[-72.37491,-15.83693],[-72.38198,-15.8476],[-72.4028,-15.85819],[-72.4136,-15.85374],[-72.42855,-15.85063],[-72.43445,-15.84515],[-72.44144,-15.84478],[-72.44381,-15.84933],[-72.44923,-15.84236],[-72.4534,-15.82612],[-72.46253,-15.81855],[-72.46477,-15.80754],[-72.47011,-15.79915],[-72.47058,-15.78769],[-72.47082,-15.77556],[-72.46679,-15.76956],[-72.46974,-15.75412],[-72.47665,-15.74221],[-72.47961,-15.7324],[-72.47905,-15.72359],[-72.47375,-15.72056],[-72.45947,-15.72581],[-72.45451,-15.72478],[-72.46059,-15.70073],[-72.45964,-15.6837],[-72.45483,-15.6719],[-72.4477,-15.67241],[-72.43043,-15.66645],[-72.43101,-15.6593],[-72.42372,-15.64979],[-72.41504,-15.64294],[-72.40694,-15.64194],[-72.39441,-15.62937],[-72.38531,-15.62657],[-72.36713,-15.66003],[-72.37129,-15.66594],[-72.37329,-15.68011],[-72.37221,-15.69655],[-72.3673,-15.69897],[-72.3644,-15.71713],[-72.35966,-15.72127],[-72.35816,-15.73045],[-72.35035,-15.72209],[-72.34268,-15.71955],[-72.32954,-15.72198],[-72.31517,-15.71805],[-72.30576,-15.72164],[-72.29793,-15.71934],[-72.29057,-15.72688],[-72.27602,-15.73064],[-72.26423,-15.74123],[-72.25385,-15.74095],[-72.24528,-15.73581],[-72.24377,-15.73863],[-72.25421,-15.74935],[-72.2542,-15.75624],[-72.26072,-15.76182],[-72.27619,-15.78339],[-72.27571,-15.80243],[-72.28442,-15.80193],[-72.29318,-15.79404],[-72.3038,-15.80155],[-72.30571,-15.80854],[-72.31293,-15.81426]]]}},{"type":"Feature","properties":{"ubigeo":"040413","nombre":"Uraca"},"geometry":{"type":"Polygon","coordinates":[[[-72.36882,-16.16133],[-72.35764,-16.17034],[-72.35909,-16.17953],[-72.35862,-16.20161],[-72.36926,-16.2115],[-72.36724,-16.21966],[-72.36903,-16.25611],[-72.37502,-16.28212],[-72.3677,-16.2916],[-72.37965,-16.28894],[-72.39406,-16.29769],[-72.39335,-16.30378],[-72.40126,-16.31236],[-72.4256,-16.31302],[-72.43723,-16.31955],[-72.4425,-16.33142],[-72.44379,-16.36548],[-72.46635,-16.38316],[-72.47771,-16.3695],[-72.48348,-16.35733],[-72.50212,-16.37824],[-72.50639,-16.39401],[-72.51937,-16.40294],[-72.52296,-16.41009],[-72.53351,-16.40983],[-72.54622,-16.39878],[-72.55969,-16.39745],[-72.57207,-16.41226],[-72.57345,-16.42103],[-72.58233,-16.42196],[-72.59363,-16.43048],[-72.60319,-16.41523],[-72.60995,-16.39725],[-72.60902,-16.38709],[-72.6206,-16.35403],[-72.63385,-16.33705],[-72.64214,-16.31605],[-72.65154,-16.30239],[-72.65554,-16.29112],[-72.65227,-16.26326],[-72.65365,-16.25461],[-72.65108,-16.24781],[-72.6508,-16.24185],[-72.64463,-16.22933],[-72.64322,-16.21813],[-72.63376,-16.20741],[-72.63508,-16.18624],[-72.63195,-16.1683],[-72.64083,-16.14554],[-72.63986,-16.13781],[-72.62763,-16.13289],[-72.61794,-16.13647],[-72.60232,-16.13829],[-72.59727,-16.12817],[-72.57628,-16.12478],[-72.57182,-16.11327],[-72.57067,-16.09662],[-72.55847,-16.09316],[-72.54298,-16.10919],[-72.53342,-16.1082],[-72.52156,-16.11983],[-72.51897,-16.1316],[-72.51376,-16.13567],[-72.5076,-16.15521],[-72.50653,-16.16846],[-72.50076,-16.17463],[-72.49619,-16.18529],[-72.47106,-16.19016],[-72.46611,-16.18163],[-72.43915,-16.17763],[-72.42982,-16.17839],[-72.42632,-16.18836],[-72.43198,-16.20542],[-72.42454,-16.21246],[-72.41126,-16.2071],[-72.40387,-16.19988],[-72.39223,-16.18006],[-72.38493,-16.17137],[-72.36882,-16.16133]]]}},{"type":"Feature","properties":{"ubigeo":"040414","nombre":"Viraco"},"geometry":{"type":"Polygon","coordinates":[[[-72.50931,-15.68189],[-72.50988,-15.69074],[-72.51443,-15.69712],[-72.53229,-15.70315],[-72.54065,-15.6989],[-72.54459,-15.69264],[-72.55762,-15.68653],[-72.57444,-15.66944],[-72.58913,-15.66418],[-72.59605,-15.65751],[-72.60471,-15.63058],[-72.61539,-15.61875],[-72.62299,-15.60566],[-72.62116,-15.58847],[-72.62716,-15.576],[-72.62875,-15.55971],[-72.61689,-15.55593],[-72.60882,-15.55967],[-72.6009,-15.55029],[-72.58639,-15.55076],[-72.57068,-15.53865],[-72.56292,-15.53758],[-72.55762,-15.5422],[-72.54828,-15.54834],[-72.54475,-15.55732],[-72.53275,-15.576],[-72.52958,-15.58813],[-72.52916,-15.60044],[-72.53144,-15.61913],[-72.53436,-15.62441],[-72.52879,-15.63842],[-72.5238,-15.64285],[-72.51113,-15.66306],[-72.5134,-15.66891],[-72.50931,-15.68189]]]}},{"type":"Feature","properties":{"ubigeo":"040501","nombre":"Chivay"},"geometry":{"type":"Polygon","coordinates":[[[-71.62234,-15.65297],[-71.61651,-15.64806],[-71.6154,-15.64021],[-71.59723,-15.62758],[-71.59273,-15.61671],[-71.58637,-15.61351],[-71.58681,-15.60318],[-71.58377,-15.60052],[-71.58043,-15.58586],[-71.58199,-15.58315],[-71.57254,-15.57221],[-71.5786,-15.57189],[-71.577,-15.56183],[-71.56536,-15.55949],[-71.55739,-15.55333],[-71.55706,-15.53883],[-71.54608,-15.53415],[-71.53565,-15.533],[-71.5264,-15.5234],[-71.50994,-15.52609],[-71.49866,-15.52093],[-71.49391,-15.52403],[-71.49094,-15.53546],[-71.48318,-15.53967],[-71.47654,-15.55933],[-71.47062,-15.57037],[-71.47292,-15.57831],[-71.46995,-15.5873],[-71.48192,-15.60183],[-71.50499,-15.61343],[-71.52505,-15.62756],[-71.53372,-15.63165],[-71.52564,-15.65337],[-71.52129,-15.67188],[-71.52113,-15.68303],[-71.51041,-15.69508],[-71.50533,-15.70426],[-71.50886,-15.71466],[-71.50735,-15.72115],[-71.51398,-15.73289],[-71.52301,-15.73389],[-71.52673,-15.74225],[-71.54802,-15.74515],[-71.54904,-15.75224],[-71.56229,-15.76305],[-71.57033,-15.75159],[-71.57926,-15.745],[-71.59409,-15.73918],[-71.60577,-15.73025],[-71.61349,-15.71199],[-71.61523,-15.69818],[-71.62327,-15.68851],[-71.62473,-15.67931],[-71.62234,-15.65297]]]}},{"type":"Feature","properties":{"ubigeo":"040502","nombre":"Achoma"},"geometry":{"type":"Polygon","coordinates":[[[-71.65205,-15.9832],[-71.66113,-15.96447],[-71.67501,-15.94982],[-71.68169,-15.94722],[-71.692,-15.9334],[-71.70434,-15.93371],[-71.7047,-15.9268],[-71.71241,-15.92055],[-71.72771,-15.91497],[-71.74267,-15.89495],[-71.75134,-15.88901],[-71.76186,-15.8989],[-71.77104,-15.90203],[-71.78415,-15.88365],[-71.77768,-15.8708],[-71.7778,-15.85364],[-71.77137,-15.83643],[-71.77353,-15.81731],[-71.77012,-15.80941],[-71.76,-15.80323],[-71.76116,-15.79762],[-71.76959,-15.78768],[-71.76942,-15.77827],[-71.76174,-15.76511],[-71.75711,-15.76143],[-71.75059,-15.7481],[-71.73882,-15.73647],[-71.73515,-15.72674],[-71.73594,-15.71321],[-71.73176,-15.7011],[-71.72724,-15.69863],[-71.72789,-15.69198],[-71.71908,-15.68335],[-71.72542,-15.68444],[-71.74001,-15.66722],[-71.7329,-15.65158],[-71.73744,-15.64561],[-71.73135,-15.64408],[-71.71857,-15.6483],[-71.71474,-15.65505],[-71.69289,-15.65144],[-71.67921,-15.6611],[-71.67686,-15.66237],[-71.66219,-15.68915],[-71.66328,-15.69816],[-71.66866,-15.71264],[-71.66454,-15.72328],[-71.66055,-15.75213],[-71.65732,-15.7641],[-71.66068,-15.77797],[-71.66847,-15.79736],[-71.68352,-15.81964],[-71.66624,-15.83325],[-71.66161,-15.84362],[-71.64503,-15.85304],[-71.63818,-15.84837],[-71.62263,-15.84861],[-71.61316,-15.84582],[-71.60242,-15.84956],[-71.59303,-15.8603],[-71.5929,-15.86616],[-71.60011,-15.87341],[-71.60273,-15.88982],[-71.5986,-15.90004],[-71.61047,-15.92069],[-71.62147,-15.93295],[-71.63069,-15.9385],[-71.63255,-15.94978],[-71.63568,-15.94984],[-71.64031,-15.96242],[-71.64753,-15.96979],[-71.65205,-15.9832]]]}},{"type":"Feature","properties":{"ubigeo":"040503","nombre":"Cabanaconde"},"geometry":{"type":"Polygon","coordinates":[[[-71.91713,-15.59472],[-71.90062,-15.60231],[-71.89287,-15.59651],[-71.8848,-15.59483],[-71.86457,-15.59751],[-71.85887,-15.59515],[-71.84671,-15.60255],[-71.83098,-15.60352],[-71.82411,-15.61434],[-71.81082,-15.62366],[-71.81556,-15.629],[-71.82315,-15.64573],[-71.82543,-15.66259],[-71.83131,-15.67633],[-71.8372,-15.68041],[-71.84415,-15.69201],[-71.8428,-15.69695],[-71.85425,-15.71981],[-71.86597,-15.71761],[-71.87081,-15.72591],[-71.87751,-15.72433],[-71.88841,-15.73637],[-71.90504,-15.74693],[-71.90868,-15.75396],[-71.91654,-15.76014],[-71.93788,-15.76429],[-71.9491,-15.77015],[-71.95761,-15.77921],[-71.97355,-15.78521],[-71.98705,-15.79922],[-72.00348,-15.79904],[-72.02174,-15.78634],[-72.02161,-15.77663],[-72.02671,-15.77472],[-72.03484,-15.76284],[-72.04157,-15.74305],[-72.04209,-15.72535],[-72.04664,-15.7248],[-72.05923,-15.71244],[-72.05634,-15.70629],[-72.05894,-15.69593],[-72.06767,-15.6801],[-72.08363,-15.67326],[-72.08562,-15.66607],[-72.07089,-15.66875],[-72.06242,-15.66309],[-72.06612,-15.65377],[-72.07552,-15.6506],[-72.08042,-15.64378],[-72.09738,-15.63237],[-72.09851,-15.61972],[-72.1079,-15.60645],[-72.09808,-15.60331],[-72.08238,-15.608],[-72.07331,-15.60483],[-72.06462,-15.59678],[-72.04005,-15.59429],[-72.03319,-15.58044],[-72.01914,-15.57855],[-72.00987,-15.58243],[-72.00197,-15.59119],[-71.99844,-15.60239],[-71.99073,-15.6047],[-71.97589,-15.59457],[-71.96903,-15.59848],[-71.96096,-15.59412],[-71.94727,-15.59451],[-71.93874,-15.59986],[-71.91713,-15.59472]]]}},{"type":"Feature","properties":{"ubigeo":"040504","nombre":"Callalli"},"geometry":{"type":"Polygon","coordinates":[[[-71.03897,-15.40517],[-71.03,-15.42163],[-71.02712,-15.43204],[-71.00591,-15.44168],[-70.99396,-15.45484],[-70.99447,-15.46988],[-71.00569,-15.48267],[-71.01517,-15.48917],[-71.01773,-15.50288],[-71.01025,-15.51131],[-71.00803,-15.51924],[-71.01795,-15.52785],[-71.01272,-15.5387],[-71.00719,-15.54295],[-71.00405,-15.55952],[-71.00734,-15.56289],[-70.99968,-15.57435],[-71.00087,-15.58353],[-71.00678,-15.59692],[-71.00621,-15.60243],[-71.01938,-15.61215],[-71.0386,-15.6181],[-71.05952,-15.63337],[-71.07339,-15.63624],[-71.07834,-15.63169],[-71.08976,-15.64246],[-71.09926,-15.66072],[-71.1016,-15.67546],[-71.11636,-15.6865],[-71.13235,-15.7045],[-71.13647,-15.69472],[-71.15142,-15.70044],[-71.17237,-15.69012],[-71.19379,-15.6846],[-71.20123,-15.67625],[-71.20612,-15.67483],[-71.21325,-15.68064],[-71.22079,-15.68146],[-71.24095,-15.67612],[-71.24874,-15.66498],[-71.27418,-15.6518],[-71.28599,-15.65098],[-71.30406,-15.64029],[-71.30171,-15.63311],[-71.30662,-15.62965],[-71.32159,-15.62888],[-71.3314,-15.62205],[-71.33219,-15.61585],[-71.3392,-15.61451],[-71.36086,-15.63476],[-71.36618,-15.63398],[-71.37627,-15.62575],[-71.38563,-15.62387],[-71.38544,-15.63272],[-71.39153,-15.63673],[-71.39239,-15.64671],[-71.40273,-15.65695],[-71.4071,-15.67052],[-71.41426,-15.67721],[-71.42673,-15.67965],[-71.44109,-15.67648],[-71.45166,-15.67718],[-71.47108,-15.68598],[-71.47766,-15.69607],[-71.49032,-15.70779],[-71.49194,-15.71627],[-71.50149,-15.73195],[-71.51124,-15.73607],[-71.51398,-15.73289],[-71.50735,-15.72115],[-71.50886,-15.71466],[-71.50533,-15.70426],[-71.51041,-15.69508],[-71.52113,-15.68303],[-71.52129,-15.67188],[-71.52564,-15.65337],[-71.53372,-15.63165],[-71.52505,-15.62756],[-71.50499,-15.61343],[-71.48192,-15.60183],[-71.46995,-15.5873],[-71.47292,-15.57831],[-71.47062,-15.57037],[-71.47654,-15.55933],[-71.48318,-15.53967],[-71.49094,-15.53546],[-71.49391,-15.52403],[-71.49866,-15.52093],[-71.49315,-15.51353],[-71.4815,-15.51256],[-71.4742,-15.50234],[-71.4652,-15.49731],[-71.46257,-15.49183],[-71.44956,-15.49148],[-71.43819,-15.48696],[-71.43172,-15.47646],[-71.4334,-15.46864],[-71.43018,-15.45684],[-71.42301,-15.45212],[-71.41562,-15.43775],[-71.41472,-15.43169],[-71.40448,-15.42827],[-71.39999,-15.42244],[-71.39003,-15.42033],[-71.38271,-15.42643],[-71.37957,-15.43429],[-71.3714,-15.43178],[-71.35878,-15.43649],[-71.35068,-15.43174],[-71.34589,-15.41336],[-71.3485,-15.40642],[-71.34238,-15.40133],[-71.33977,-15.39256],[-71.32738,-15.37834],[-71.32586,-15.37301],[-71.31435,-15.3621],[-71.31062,-15.35338],[-71.29712,-15.35068],[-71.28873,-15.34538],[-71.2866,-15.33892],[-71.27887,-15.33503],[-71.26515,-15.32394],[-71.26032,-15.31189],[-71.24042,-15.28458],[-71.24338,-15.27255],[-71.2394,-15.26473],[-71.22865,-15.2606],[-71.22477,-15.25062],[-71.21622,-15.24967],[-71.20964,-15.2439],[-71.20208,-15.24513],[-71.19691,-15.2526],[-71.20068,-15.26187],[-71.19016,-15.27439],[-71.18051,-15.27516],[-71.1654,-15.28888],[-71.1629,-15.30891],[-71.16624,-15.32087],[-71.16267,-15.33248],[-71.15381,-15.34085],[-71.15034,-15.36249],[-71.16578,-15.37395],[-71.17158,-15.38849],[-71.16904,-15.39809],[-71.17408,-15.41142],[-71.17433,-15.42446],[-71.15327,-15.43983],[-71.13872,-15.43789],[-71.12943,-15.42817],[-71.11926,-15.42758],[-71.11156,-15.43678],[-71.10845,-15.44809],[-71.10179,-15.45483],[-71.08829,-15.45829],[-71.08202,-15.45707],[-71.07175,-15.44927],[-71.07545,-15.4383],[-71.06213,-15.43396],[-71.04408,-15.41812],[-71.03897,-15.40517]]]}},{"type":"Feature","properties":{"ubigeo":"040505","nombre":"Caylloma"},"geometry":{"type":"Polygon","coordinates":[[[-71.58914,-15.12888],[-71.57705,-15.14835],[-71.58184,-15.16739],[-71.58788,-15.17427],[-71.59223,-15.17771],[-71.59081,-15.19154],[-71.5948,-15.20206],[-71.6088,-15.21168],[-71.62294,-15.21229],[-71.61803,-15.2302],[-71.62254,-15.23899],[-71.62124,-15.24774],[-71.62665,-15.25148],[-71.62644,-15.26785],[-71.6318,-15.27876],[-71.63098,-15.29036],[-71.62607,-15.30445],[-71.62833,-15.32076],[-71.63263,-15.32341],[-71.62907,-15.33751],[-71.60477,-15.35758],[-71.60426,-15.36145],[-71.6112,-15.37138],[-71.59364,-15.37806],[-71.59233,-15.38908],[-71.58978,-15.39739],[-71.59844,-15.39835],[-71.60627,-15.40853],[-71.62021,-15.40211],[-71.63184,-15.41344],[-71.63757,-15.41597],[-71.65034,-15.41588],[-71.66817,-15.41478],[-71.67944,-15.41685],[-71.68957,-15.39741],[-71.69412,-15.38021],[-71.70356,-15.3751],[-71.70792,-15.36149],[-71.71349,-15.35721],[-71.72794,-15.35233],[-71.73589,-15.35286],[-71.74512,-15.35987],[-71.75584,-15.36201],[-71.77357,-15.37911],[-71.78584,-15.38784],[-71.81638,-15.39652],[-71.83903,-15.39405],[-71.8423,-15.39898],[-71.86256,-15.40778],[-71.86687,-15.39746],[-71.85972,-15.38479],[-71.86558,-15.37071],[-71.86532,-15.36418],[-71.85699,-15.3536],[-71.86067,-15.33663],[-71.86787,-15.31644],[-71.87416,-15.31607],[-71.88853,-15.30395],[-71.90175,-15.2902],[-71.90513,-15.27906],[-71.90265,-15.27326],[-71.90997,-15.25281],[-71.91694,-15.24716],[-71.93056,-15.2436],[-71.94419,-15.24809],[-71.94598,-15.22696],[-71.92293,-15.22024],[-71.91893,-15.19609],[-71.90508,-15.18116],[-71.90141,-15.1708],[-71.9064,-15.1665],[-71.91582,-15.16759],[-71.94308,-15.1529],[-71.95291,-15.1513],[-71.96829,-15.14065],[-71.96971,-15.13545],[-71.95345,-15.11962],[-71.94703,-15.11027],[-71.95615,-15.09298],[-71.95892,-15.08278],[-71.97272,-15.0808],[-71.98148,-15.06973],[-71.98238,-15.0637],[-71.97551,-15.05447],[-71.95976,-15.04056],[-71.95514,-15.02817],[-71.9551,-15.01658],[-71.95192,-14.98847],[-71.94639,-14.97835],[-71.93886,-14.97743],[-71.93282,-14.96593],[-71.92133,-14.96834],[-71.9138,-14.95729],[-71.92049,-14.93503],[-71.92898,-14.92948],[-71.93136,-14.92225],[-71.93958,-14.91979],[-71.9414,-14.91359],[-71.93848,-14.90375],[-71.94318,-14.87742],[-71.95216,-14.86815],[-71.95399,-14.85092],[-71.95185,-14.83733],[-71.94817,-14.82829],[-71.93997,-14.82281],[-71.91748,-14.83142],[-71.91597,-14.83418],[-71.90652,-14.82626],[-71.90944,-14.81084],[-71.90255,-14.79676],[-71.8939,-14.7896],[-71.87667,-14.80044],[-71.87402,-14.8064],[-71.87261,-14.82398],[-71.86864,-14.82819],[-71.86909,-14.83597],[-71.86429,-14.84551],[-71.85467,-14.85766],[-71.86342,-14.87336],[-71.86124,-14.88145],[-71.85209,-14.88809],[-71.82892,-14.88798],[-71.82634,-14.89204],[-71.83054,-14.89861],[-71.8276,-14.90606],[-71.81668,-14.90734],[-71.79762,-14.89598],[-71.79039,-14.89922],[-71.78946,-14.90707],[-71.76623,-14.92805],[-71.75362,-14.93345],[-71.74596,-14.93987],[-71.74772,-14.9483],[-71.75573,-14.95545],[-71.76038,-14.96676],[-71.76867,-14.9784],[-71.77024,-14.98448],[-71.76347,-14.9948],[-71.76372,-15.00382],[-71.76746,-15.01052],[-71.79234,-15.017],[-71.81136,-15.02357],[-71.82293,-15.03499],[-71.83874,-15.04263],[-71.84932,-15.04509],[-71.84844,-15.05188],[-71.84016,-15.0654],[-71.83763,-15.07484],[-71.83267,-15.07706],[-71.81548,-15.07822],[-71.81211,-15.07275],[-71.80296,-15.06744],[-71.7863,-15.06955],[-71.77254,-15.08244],[-71.76549,-15.07868],[-71.75637,-15.08465],[-71.74112,-15.07994],[-71.72126,-15.08395],[-71.71558,-15.08816],[-71.70194,-15.08835],[-71.69108,-15.09118],[-71.67918,-15.08849],[-71.66795,-15.0919],[-71.6636,-15.10092],[-71.66372,-15.10858],[-71.64903,-15.12067],[-71.63602,-15.13914],[-71.61761,-15.14606],[-71.60291,-15.13918],[-71.60149,-15.13264],[-71.58914,-15.12888]]]}},{"type":"Feature","properties":{"ubigeo":"040506","nombre":"Coporaque"},"geometry":{"type":"Polygon","coordinates":[[[-71.62234,-15.65297],[-71.63111,-15.65434],[-71.6452,-15.64673],[-71.64896,-15.63895],[-71.66001,-15.64129],[-71.67219,-15.65786],[-71.67921,-15.6611],[-71.67631,-15.64364],[-71.68183,-15.6346],[-71.68359,-15.61603],[-71.68159,-15.58505],[-71.6848,-15.58222],[-71.67757,-15.56563],[-71.68238,-15.55238],[-71.68701,-15.54748],[-71.6834,-15.53442],[-71.68977,-15.52402],[-71.67906,-15.51707],[-71.66237,-15.51642],[-71.65262,-15.52004],[-71.64676,-15.52627],[-71.64845,-15.53977],[-71.63766,-15.55269],[-71.62809,-15.55919],[-71.61724,-15.56047],[-71.612,-15.5574],[-71.60058,-15.56746],[-71.5786,-15.57189],[-71.57254,-15.57221],[-71.58199,-15.58315],[-71.58043,-15.58586],[-71.58377,-15.60052],[-71.58681,-15.60318],[-71.58637,-15.61351],[-71.59273,-15.61671],[-71.59723,-15.62758],[-71.6154,-15.64021],[-71.61651,-15.64806],[-71.62234,-15.65297]]]}},{"type":"Feature","properties":{"ubigeo":"040507","nombre":"Huambo"},"geometry":{"type":"Polygon","coordinates":[[[-72.22536,-15.96147],[-72.23166,-15.9599],[-72.24127,-15.94944],[-72.25875,-15.94275],[-72.26968,-15.94141],[-72.28079,-15.93159],[-72.29259,-15.92693],[-72.29653,-15.92104],[-72.2909,-15.91138],[-72.29167,-15.90249],[-72.28757,-15.88791],[-72.28241,-15.88385],[-72.2906,-15.87484],[-72.29784,-15.87262],[-72.29963,-15.85053],[-72.29619,-15.83081],[-72.30136,-15.81981],[-72.31293,-15.81426],[-72.30571,-15.80854],[-72.3038,-15.80155],[-72.29318,-15.79404],[-72.28442,-15.80193],[-72.27571,-15.80243],[-72.27619,-15.78339],[-72.26072,-15.76182],[-72.2542,-15.75624],[-72.25421,-15.74935],[-72.24377,-15.73863],[-72.24528,-15.73581],[-72.24469,-15.7295],[-72.23723,-15.72334],[-72.23331,-15.71184],[-72.22529,-15.69919],[-72.21744,-15.69262],[-72.20907,-15.68151],[-72.20492,-15.68067],[-72.1857,-15.66798],[-72.16315,-15.65971],[-72.15629,-15.65401],[-72.1395,-15.6344],[-72.13808,-15.62907],[-72.12126,-15.61464],[-72.1079,-15.60645],[-72.09851,-15.61972],[-72.09738,-15.63237],[-72.08042,-15.64378],[-72.07552,-15.6506],[-72.06612,-15.65377],[-72.06242,-15.66309],[-72.07089,-15.66875],[-72.08562,-15.66607],[-72.08363,-15.67326],[-72.06767,-15.6801],[-72.05894,-15.69593],[-72.05634,-15.70629],[-72.05923,-15.71244],[-72.04664,-15.7248],[-72.04209,-15.72535],[-72.04157,-15.74305],[-72.03484,-15.76284],[-72.02671,-15.77472],[-72.02161,-15.77663],[-72.02174,-15.78634],[-72.00348,-15.79904],[-71.98705,-15.79922],[-71.99323,-15.80519],[-71.99686,-15.81393],[-72.0102,-15.8301],[-72.01187,-15.84564],[-72.01997,-15.84629],[-72.02287,-15.84143],[-72.0365,-15.82955],[-72.0474,-15.83422],[-72.05016,-15.84432],[-72.06812,-15.86462],[-72.0752,-15.87481],[-72.09623,-15.88405],[-72.10107,-15.89115],[-72.11016,-15.89104],[-72.12057,-15.90077],[-72.13023,-15.90668],[-72.1296,-15.91366],[-72.14428,-15.91273],[-72.15396,-15.9167],[-72.16549,-15.90632],[-72.16864,-15.91665],[-72.17796,-15.9242],[-72.1854,-15.93682],[-72.1968,-15.9418],[-72.20163,-15.94691],[-72.21046,-15.94327],[-72.22536,-15.96147]]]}},{"type":"Feature","properties":{"ubigeo":"040508","nombre":"Huanca"},"geometry":{"type":"Polygon","coordinates":[[[-71.70434,-15.93371],[-71.71146,-15.94618],[-71.70668,-15.96092],[-71.70695,-15.98375],[-71.72454,-15.98906],[-71.73086,-15.99985],[-71.73556,-16.00265],[-71.73796,-16.0162],[-71.75542,-16.03043],[-71.7641,-16.03353],[-71.77434,-16.03319],[-71.79179,-16.0394],[-71.8074,-16.04962],[-71.81516,-16.05082],[-71.81829,-16.06235],[-71.82697,-16.05875],[-71.83652,-16.0694],[-71.84077,-16.08637],[-71.84812,-16.09446],[-71.8648,-16.10474],[-71.86987,-16.13018],[-71.88306,-16.13839],[-71.88945,-16.14612],[-71.9044,-16.15116],[-71.90692,-16.1582],[-71.91272,-16.1589],[-71.92872,-16.14829],[-71.94636,-16.14243],[-71.95734,-16.14373],[-71.96548,-16.13729],[-71.97417,-16.14138],[-71.98716,-16.13803],[-71.99623,-16.13861],[-71.98895,-16.13552],[-71.97616,-16.12486],[-71.96489,-16.12011],[-71.96056,-16.11453],[-71.93804,-16.10683],[-71.92365,-16.09902],[-71.91348,-16.08802],[-71.91514,-16.07638],[-71.90881,-16.06063],[-71.904,-16.06008],[-71.90334,-16.05197],[-71.89385,-16.04706],[-71.89003,-16.03653],[-71.89405,-16.02503],[-71.89119,-16.01102],[-71.89537,-15.98989],[-71.90334,-15.99083],[-71.90453,-15.98417],[-71.91191,-15.98041],[-71.90483,-15.97692],[-71.89131,-15.98011],[-71.87747,-15.97029],[-71.87328,-15.95766],[-71.8768,-15.94325],[-71.87258,-15.93536],[-71.87779,-15.93223],[-71.86958,-15.92303],[-71.85784,-15.9211],[-71.84321,-15.91055],[-71.83117,-15.91312],[-71.82572,-15.90675],[-71.82074,-15.89243],[-71.80506,-15.89448],[-71.79988,-15.88793],[-71.78415,-15.88365],[-71.77104,-15.90203],[-71.76186,-15.8989],[-71.75134,-15.88901],[-71.74267,-15.89495],[-71.72771,-15.91497],[-71.71241,-15.92055],[-71.7047,-15.9268],[-71.70434,-15.93371]]]}},{"type":"Feature","properties":{"ubigeo":"040509","nombre":"Ichupampa"},"geometry":{"type":"Polygon","coordinates":[[[-71.67921,-15.6611],[-71.69289,-15.65144],[-71.71474,-15.65505],[-71.71857,-15.6483],[-71.73135,-15.64408],[-71.73744,-15.64561],[-71.73819,-15.63406],[-71.73045,-15.62674],[-71.72631,-15.61815],[-71.72651,-15.61062],[-71.72091,-15.59126],[-71.72121,-15.58033],[-71.73183,-15.56618],[-71.72435,-15.55335],[-71.72496,-15.53986],[-71.73588,-15.5175],[-71.73161,-15.51351],[-71.72028,-15.51047],[-71.70475,-15.51365],[-71.68977,-15.52402],[-71.6834,-15.53442],[-71.68701,-15.54748],[-71.68238,-15.55238],[-71.67757,-15.56563],[-71.6848,-15.58222],[-71.68159,-15.58505],[-71.68359,-15.61603],[-71.68183,-15.6346],[-71.67631,-15.64364],[-71.67921,-15.6611]]]}},{"type":"Feature","properties":{"ubigeo":"040510","nombre":"Lari"},"geometry":{"type":"Polygon","coordinates":[[[-71.67906,-15.51707],[-71.68977,-15.52402],[-71.70475,-15.51365],[-71.72028,-15.51047],[-71.73161,-15.51351],[-71.73588,-15.5175],[-71.72496,-15.53986],[-71.72435,-15.55335],[-71.73183,-15.56618],[-71.72121,-15.58033],[-71.72091,-15.59126],[-71.72651,-15.61062],[-71.72631,-15.61815],[-71.73045,-15.62674],[-71.73819,-15.63406],[-71.73744,-15.64561],[-71.73949,-15.64106],[-71.75699,-15.63554],[-71.78278,-15.63256],[-71.78779,-15.63551],[-71.79262,-15.63033],[-71.81082,-15.62366],[-71.80168,-15.61409],[-71.79331,-15.59376],[-71.79522,-15.58665],[-71.78874,-15.56862],[-71.79895,-15.5616],[-71.7986,-15.55051],[-71.8141,-15.55332],[-71.82161,-15.5499],[-71.81913,-15.51696],[-71.82155,-15.50768],[-71.82133,-15.49321],[-71.8292,-15.48265],[-71.82619,-15.47004],[-71.83121,-15.455],[-71.84517,-15.46329],[-71.85259,-15.46534],[-71.85735,-15.46063],[-71.8679,-15.46063],[-71.87673,-15.4395],[-71.86615,-15.43499],[-71.86137,-15.42911],[-71.85974,-15.41418],[-71.86256,-15.40778],[-71.8423,-15.39898],[-71.83903,-15.39405],[-71.81638,-15.39652],[-71.78584,-15.38784],[-71.77357,-15.37911],[-71.75584,-15.36201],[-71.74512,-15.35987],[-71.73589,-15.35286],[-71.72794,-15.35233],[-71.71349,-15.35721],[-71.70792,-15.36149],[-71.70356,-15.3751],[-71.69412,-15.38021],[-71.68957,-15.39741],[-71.67944,-15.41685],[-71.66817,-15.41478],[-71.65034,-15.41588],[-71.65778,-15.42102],[-71.66103,-15.43165],[-71.67628,-15.45513],[-71.67726,-15.48029],[-71.67545,-15.49539],[-71.68114,-15.50607],[-71.67906,-15.51707]]]}},{"type":"Feature","properties":{"ubigeo":"040511","nombre":"Lluta"},"geometry":{"type":"Polygon","coordinates":[[[-71.7778,-15.85364],[-71.77768,-15.8708],[-71.78415,-15.88365],[-71.79988,-15.88793],[-71.80506,-15.89448],[-71.82074,-15.89243],[-71.82572,-15.90675],[-71.83117,-15.91312],[-71.84321,-15.91055],[-71.85784,-15.9211],[-71.86958,-15.92303],[-71.87779,-15.93223],[-71.87258,-15.93536],[-71.8768,-15.94325],[-71.87328,-15.95766],[-71.87747,-15.97029],[-71.89131,-15.98011],[-71.90483,-15.97692],[-71.91191,-15.98041],[-71.90453,-15.98417],[-71.90334,-15.99083],[-71.89537,-15.98989],[-71.89119,-16.01102],[-71.89405,-16.02503],[-71.89003,-16.03653],[-71.89385,-16.04706],[-71.90334,-16.05197],[-71.904,-16.06008],[-71.90881,-16.06063],[-71.91514,-16.07638],[-71.91348,-16.08802],[-71.92365,-16.09902],[-71.93804,-16.10683],[-71.96056,-16.11453],[-71.96489,-16.12011],[-71.97616,-16.12486],[-71.98895,-16.13552],[-71.99623,-16.13861],[-72.01187,-16.16116],[-72.02731,-16.16942],[-72.03127,-16.17629],[-72.0435,-16.18876],[-72.0566,-16.20749],[-72.06393,-16.20013],[-72.07054,-16.1991],[-72.08277,-16.18947],[-72.09132,-16.18932],[-72.09103,-16.17898],[-72.09549,-16.16403],[-72.09512,-16.14571],[-72.09846,-16.13017],[-72.08864,-16.12023],[-72.08574,-16.10773],[-72.08825,-16.09869],[-72.08457,-16.08935],[-72.08725,-16.07321],[-72.09355,-16.06451],[-72.08574,-16.04936],[-72.08717,-16.03967],[-72.10069,-16.03833],[-72.10024,-16.04268],[-72.11778,-16.05567],[-72.12582,-16.0562],[-72.14178,-16.04852],[-72.15211,-16.05059],[-72.16629,-16.06071],[-72.17188,-16.07689],[-72.17915,-16.08798],[-72.18453,-16.09166],[-72.18453,-16.10208],[-72.19444,-16.10357],[-72.2031,-16.10087],[-72.21013,-16.11095],[-72.21639,-16.12627],[-72.21649,-16.13209],[-72.22443,-16.14328],[-72.27064,-16.13688],[-72.26511,-16.12956],[-72.25981,-16.10787],[-72.25285,-16.09429],[-72.2581,-16.07794],[-72.25843,-16.06513],[-72.25485,-16.05875],[-72.24314,-16.05312],[-72.23334,-16.04237],[-72.22918,-16.03154],[-72.23672,-16.01936],[-72.24767,-16.01401],[-72.25165,-16.00759],[-72.24866,-15.99851],[-72.24405,-15.99707],[-72.23914,-15.97949],[-72.22839,-15.97215],[-72.22536,-15.96147],[-72.21046,-15.94327],[-72.20163,-15.94691],[-72.1968,-15.9418],[-72.1854,-15.93682],[-72.17796,-15.9242],[-72.16864,-15.91665],[-72.16549,-15.90632],[-72.15396,-15.9167],[-72.14428,-15.91273],[-72.1296,-15.91366],[-72.13023,-15.90668],[-72.12057,-15.90077],[-72.11016,-15.89104],[-72.10107,-15.89115],[-72.09623,-15.88405],[-72.0752,-15.87481],[-72.06812,-15.86462],[-72.05016,-15.84432],[-72.0474,-15.83422],[-72.0365,-15.82955],[-72.02287,-15.84143],[-72.01997,-15.84629],[-72.01187,-15.84564],[-72.0102,-15.8301],[-71.99686,-15.81393],[-71.99323,-15.80519],[-71.98705,-15.79922],[-71.97355,-15.78521],[-71.95761,-15.77921],[-71.9491,-15.77015],[-71.93788,-15.76429],[-71.91654,-15.76014],[-71.90868,-15.75396],[-71.90504,-15.74693],[-71.88841,-15.73637],[-71.87751,-15.72433],[-71.87081,-15.72591],[-71.86805,-15.73526],[-71.85624,-15.74164],[-71.86366,-15.74635],[-71.86236,-15.75723],[-71.85841,-15.76287],[-71.85999,-15.77167],[-71.85579,-15.77606],[-71.8549,-15.78535],[-71.86371,-15.79803],[-71.85259,-15.80941],[-71.8336,-15.82387],[-71.82002,-15.82518],[-71.80743,-15.8313],[-71.79886,-15.83974],[-71.79065,-15.84352],[-71.7778,-15.85364]]]}},{"type":"Feature","properties":{"ubigeo":"040512","nombre":"Maca"},"geometry":{"type":"Polygon","coordinates":[[[-71.7778,-15.85364],[-71.79065,-15.84352],[-71.79886,-15.83974],[-71.80743,-15.8313],[-71.82002,-15.82518],[-71.8336,-15.82387],[-71.85259,-15.80941],[-71.86371,-15.79803],[-71.8549,-15.78535],[-71.85579,-15.77606],[-71.85999,-15.77167],[-71.85841,-15.76287],[-71.86236,-15.75723],[-71.86366,-15.74635],[-71.85624,-15.74164],[-71.86805,-15.73526],[-71.87081,-15.72591],[-71.86597,-15.71761],[-71.85425,-15.71981],[-71.8428,-15.69695],[-71.84415,-15.69201],[-71.8372,-15.68041],[-71.83131,-15.67633],[-71.82543,-15.66259],[-71.82315,-15.64573],[-71.81556,-15.629],[-71.81082,-15.62366],[-71.79262,-15.63033],[-71.78779,-15.63551],[-71.78278,-15.63256],[-71.75699,-15.63554],[-71.73949,-15.64106],[-71.73744,-15.64561],[-71.7329,-15.65158],[-71.74001,-15.66722],[-71.72542,-15.68444],[-71.71908,-15.68335],[-71.72789,-15.69198],[-71.72724,-15.69863],[-71.73176,-15.7011],[-71.73594,-15.71321],[-71.73515,-15.72674],[-71.73882,-15.73647],[-71.75059,-15.7481],[-71.75711,-15.76143],[-71.76174,-15.76511],[-71.76942,-15.77827],[-71.76959,-15.78768],[-71.76116,-15.79762],[-71.76,-15.80323],[-71.77012,-15.80941],[-71.77353,-15.81731],[-71.77137,-15.83643],[-71.7778,-15.85364]]]}},{"type":"Feature","properties":{"ubigeo":"040513","nombre":"Madrigal"},"geometry":{"type":"Polygon","coordinates":[[[-71.91713,-15.59472],[-71.92664,-15.5781],[-71.92318,-15.57308],[-71.90496,-15.56238],[-71.90031,-15.55549],[-71.89291,-15.55426],[-71.90009,-15.53311],[-71.90598,-15.52842],[-71.91617,-15.52803],[-71.91294,-15.5129],[-71.91343,-15.4998],[-71.90852,-15.48897],[-71.89586,-15.48295],[-71.88658,-15.47182],[-71.88304,-15.46385],[-71.8679,-15.46063],[-71.85735,-15.46063],[-71.85259,-15.46534],[-71.84517,-15.46329],[-71.83121,-15.455],[-71.82619,-15.47004],[-71.8292,-15.48265],[-71.82133,-15.49321],[-71.82155,-15.50768],[-71.81913,-15.51696],[-71.82161,-15.5499],[-71.8141,-15.55332],[-71.7986,-15.55051],[-71.79895,-15.5616],[-71.78874,-15.56862],[-71.79522,-15.58665],[-71.79331,-15.59376],[-71.80168,-15.61409],[-71.81082,-15.62366],[-71.82411,-15.61434],[-71.83098,-15.60352],[-71.84671,-15.60255],[-71.85887,-15.59515],[-71.86457,-15.59751],[-71.8848,-15.59483],[-71.89287,-15.59651],[-71.90062,-15.60231],[-71.91713,-15.59472]]]}},{"type":"Feature","properties":{"ubigeo":"040514","nombre":"San Antonio de Chuca"},"geometry":{"type":"Polygon","coordinates":[[[-70.84534,-15.92193],[-70.86671,-15.92969],[-70.86896,-15.94055],[-70.87551,-15.94726],[-70.90042,-15.94624],[-70.90625,-15.94326],[-70.91892,-15.94808],[-70.9231,-15.95426],[-70.93585,-15.96222],[-70.94942,-15.96149],[-70.95702,-15.96343],[-70.96135,-15.9696],[-71.00353,-15.96832],[-71.01192,-15.97202],[-71.0308,-15.9753],[-71.03609,-15.98023],[-71.04389,-15.98101],[-71.0553,-15.99561],[-71.06768,-16.00417],[-71.0769,-16.0042],[-71.08725,-15.99637],[-71.08533,-15.98298],[-71.10301,-15.98406],[-71.11594,-15.98824],[-71.12216,-15.98462],[-71.13344,-15.9859],[-71.14445,-15.9837],[-71.15128,-15.99335],[-71.15263,-16.00188],[-71.16869,-16.00831],[-71.17408,-16.00668],[-71.19415,-16.01522],[-71.20168,-16.0256],[-71.2081,-16.02359],[-71.23157,-16.00194],[-71.24648,-15.99974],[-71.26942,-15.98003],[-71.26889,-15.97401],[-71.27398,-15.96584],[-71.27306,-15.95693],[-71.27668,-15.95415],[-71.28817,-15.95685],[-71.29387,-15.95222],[-71.30256,-15.95131],[-71.3086,-15.9549],[-71.31052,-15.95078],[-71.32478,-15.93988],[-71.3371,-15.94173],[-71.37051,-15.92692],[-71.37806,-15.92895],[-71.3983,-15.92534],[-71.40831,-15.92614],[-71.41551,-15.93012],[-71.42635,-15.93127],[-71.43034,-15.92843],[-71.42134,-15.92359],[-71.40882,-15.9037],[-71.39001,-15.89135],[-71.38459,-15.8797],[-71.36215,-15.86131],[-71.34003,-15.87061],[-71.32881,-15.86866],[-71.31314,-15.85911],[-71.31581,-15.84829],[-71.30989,-15.84575],[-71.31226,-15.83874],[-71.30973,-15.83263],[-71.29937,-15.82165],[-71.2877,-15.82526],[-71.27763,-15.82549],[-71.26671,-15.822],[-71.26526,-15.80974],[-71.27841,-15.79013],[-71.27735,-15.78458],[-71.28301,-15.77308],[-71.28296,-15.76507],[-71.27267,-15.76325],[-71.25059,-15.76728],[-71.24385,-15.77018],[-71.22156,-15.75559],[-71.22012,-15.73669],[-71.20252,-15.71756],[-71.20103,-15.70423],[-71.20929,-15.69359],[-71.2081,-15.683],[-71.20123,-15.67625],[-71.19379,-15.6846],[-71.17237,-15.69012],[-71.15142,-15.70044],[-71.13647,-15.69472],[-71.13235,-15.7045],[-71.11636,-15.6865],[-71.1016,-15.67546],[-71.09926,-15.66072],[-71.08976,-15.64246],[-71.07834,-15.63169],[-71.07339,-15.63624],[-71.05952,-15.63337],[-71.0386,-15.6181],[-71.01938,-15.61215],[-71.00621,-15.60243],[-71.00678,-15.59692],[-71.00087,-15.58353],[-70.99968,-15.57435],[-70.98303,-15.59704],[-70.96648,-15.60671],[-70.96128,-15.60621],[-70.924,-15.633],[-70.91798,-15.6438],[-70.91587,-15.66389],[-70.91825,-15.67344],[-70.91756,-15.68738],[-70.90919,-15.70378],[-70.90013,-15.71215],[-70.90391,-15.73535],[-70.90719,-15.7397],[-70.92331,-15.74701],[-70.92575,-15.75747],[-70.93322,-15.77067],[-70.94227,-15.77455],[-70.93614,-15.78484],[-70.91982,-15.79998],[-70.91984,-15.80558],[-70.90701,-15.82902],[-70.89523,-15.84778],[-70.89054,-15.85125],[-70.89537,-15.85991],[-70.8935,-15.86671],[-70.89626,-15.87671],[-70.89382,-15.88691],[-70.88591,-15.89346],[-70.87497,-15.88763],[-70.86578,-15.88939],[-70.86049,-15.90288],[-70.85545,-15.9058],[-70.84534,-15.92193]]]}},{"type":"Feature","properties":{"ubigeo":"040515","nombre":"Sibayo"},"geometry":{"type":"Polygon","coordinates":[[[-71.49866,-15.52093],[-71.50994,-15.52609],[-71.51338,-15.51097],[-71.51144,-15.49538],[-71.51684,-15.48614],[-71.51958,-15.47335],[-71.51952,-15.46149],[-71.5257,-15.45086],[-71.53876,-15.44479],[-71.54047,-15.43169],[-71.56247,-15.42252],[-71.56947,-15.41037],[-71.57819,-15.40132],[-71.58368,-15.39095],[-71.59233,-15.38908],[-71.59364,-15.37806],[-71.6112,-15.37138],[-71.60426,-15.36145],[-71.60477,-15.35758],[-71.62907,-15.33751],[-71.63263,-15.32341],[-71.62833,-15.32076],[-71.62607,-15.30445],[-71.63098,-15.29036],[-71.6318,-15.27876],[-71.62644,-15.26785],[-71.62665,-15.25148],[-71.62124,-15.24774],[-71.62254,-15.23899],[-71.61803,-15.2302],[-71.62294,-15.21229],[-71.6088,-15.21168],[-71.5948,-15.20206],[-71.59081,-15.19154],[-71.59223,-15.17771],[-71.58788,-15.17427],[-71.58123,-15.17974],[-71.57661,-15.19478],[-71.56749,-15.20055],[-71.56282,-15.21202],[-71.55068,-15.21677],[-71.54972,-15.2357],[-71.5565,-15.24301],[-71.555,-15.25613],[-71.55981,-15.26421],[-71.55485,-15.275],[-71.54653,-15.28128],[-71.55191,-15.29],[-71.56697,-15.30636],[-71.56207,-15.31127],[-71.56438,-15.31644],[-71.56068,-15.32538],[-71.54596,-15.33537],[-71.54237,-15.34451],[-71.5448,-15.35538],[-71.54037,-15.36364],[-71.52559,-15.36638],[-71.51912,-15.37251],[-71.51934,-15.38876],[-71.51289,-15.3984],[-71.5,-15.40317],[-71.48652,-15.39838],[-71.4804,-15.40406],[-71.46754,-15.40628],[-71.46787,-15.41757],[-71.45842,-15.42951],[-71.4566,-15.43911],[-71.43823,-15.44045],[-71.42413,-15.43708],[-71.41879,-15.4296],[-71.41472,-15.43169],[-71.41562,-15.43775],[-71.42301,-15.45212],[-71.43018,-15.45684],[-71.4334,-15.46864],[-71.43172,-15.47646],[-71.43819,-15.48696],[-71.44956,-15.49148],[-71.46257,-15.49183],[-71.4652,-15.49731],[-71.4742,-15.50234],[-71.4815,-15.51256],[-71.49315,-15.51353],[-71.49866,-15.52093]]]}},{"type":"Feature","properties":{"ubigeo":"040516","nombre":"Tapay"},"geometry":{"type":"Polygon","coordinates":[[[-71.8679,-15.46063],[-71.88304,-15.46385],[-71.88658,-15.47182],[-71.89586,-15.48295],[-71.90852,-15.48897],[-71.91343,-15.4998],[-71.91294,-15.5129],[-71.91617,-15.52803],[-71.90598,-15.52842],[-71.90009,-15.53311],[-71.89291,-15.55426],[-71.90031,-15.55549],[-71.90496,-15.56238],[-71.92318,-15.57308],[-71.92664,-15.5781],[-71.91713,-15.59472],[-71.93874,-15.59986],[-71.94727,-15.59451],[-71.96096,-15.59412],[-71.96903,-15.59848],[-71.97589,-15.59457],[-71.99073,-15.6047],[-71.99844,-15.60239],[-72.00197,-15.59119],[-72.00987,-15.58243],[-72.0034,-15.58188],[-72.00193,-15.57551],[-71.9949,-15.5683],[-71.99564,-15.55733],[-71.99055,-15.54906],[-71.99849,-15.5448],[-71.99964,-15.53359],[-72.00395,-15.52845],[-71.99729,-15.51579],[-71.99512,-15.49517],[-71.99908,-15.49383],[-71.99715,-15.4741],[-72.00102,-15.46191],[-71.9973,-15.45245],[-71.99918,-15.44732],[-71.99397,-15.44058],[-71.99532,-15.42523],[-71.99204,-15.40804],[-71.99342,-15.39909],[-71.98801,-15.3949],[-71.98489,-15.37586],[-71.98022,-15.36912],[-71.98545,-15.3603],[-71.9841,-15.33787],[-71.97799,-15.33026],[-71.9739,-15.31551],[-71.96295,-15.31181],[-71.96511,-15.29162],[-71.95888,-15.27698],[-71.95969,-15.26952],[-71.95158,-15.25102],[-71.94419,-15.24809],[-71.93056,-15.2436],[-71.91694,-15.24716],[-71.90997,-15.25281],[-71.90265,-15.27326],[-71.90513,-15.27906],[-71.90175,-15.2902],[-71.88853,-15.30395],[-71.87416,-15.31607],[-71.86787,-15.31644],[-71.86067,-15.33663],[-71.85699,-15.3536],[-71.86532,-15.36418],[-71.86558,-15.37071],[-71.85972,-15.38479],[-71.86687,-15.39746],[-71.86256,-15.40778],[-71.85974,-15.41418],[-71.86137,-15.42911],[-71.86615,-15.43499],[-71.87673,-15.4395],[-71.8679,-15.46063]]]}},{"type":"Feature","properties":{"ubigeo":"040517","nombre":"Tisco"},"geometry":{"type":"Polygon","coordinates":[[[-71.21539,-15.04889],[-71.20769,-15.05049],[-71.20956,-15.05903],[-71.20684,-15.07189],[-71.19536,-15.09019],[-71.18258,-15.08892],[-71.18001,-15.0923],[-71.16754,-15.09581],[-71.1633,-15.09972],[-71.16165,-15.1093],[-71.14358,-15.12056],[-71.14381,-15.12898],[-71.15806,-15.14729],[-71.16835,-15.14904],[-71.17274,-15.15915],[-71.18039,-15.16262],[-71.18446,-15.17021],[-71.17438,-15.17643],[-71.16945,-15.18878],[-71.16052,-15.19829],[-71.16205,-15.21031],[-71.17235,-15.21769],[-71.18317,-15.23354],[-71.19178,-15.23325],[-71.20208,-15.24513],[-71.20964,-15.2439],[-71.21622,-15.24967],[-71.22477,-15.25062],[-71.22865,-15.2606],[-71.2394,-15.26473],[-71.24338,-15.27255],[-71.24042,-15.28458],[-71.26032,-15.31189],[-71.26515,-15.32394],[-71.27887,-15.33503],[-71.2866,-15.33892],[-71.28873,-15.34538],[-71.29712,-15.35068],[-71.31062,-15.35338],[-71.31435,-15.3621],[-71.32586,-15.37301],[-71.32738,-15.37834],[-71.33977,-15.39256],[-71.34238,-15.40133],[-71.3485,-15.40642],[-71.34589,-15.41336],[-71.35068,-15.43174],[-71.35878,-15.43649],[-71.3714,-15.43178],[-71.37957,-15.43429],[-71.38271,-15.42643],[-71.39003,-15.42033],[-71.39999,-15.42244],[-71.40448,-15.42827],[-71.41472,-15.43169],[-71.41879,-15.4296],[-71.42413,-15.43708],[-71.43823,-15.44045],[-71.4566,-15.43911],[-71.45842,-15.42951],[-71.46787,-15.41757],[-71.46754,-15.40628],[-71.4804,-15.40406],[-71.48652,-15.39838],[-71.5,-15.40317],[-71.51289,-15.3984],[-71.51934,-15.38876],[-71.51912,-15.37251],[-71.52559,-15.36638],[-71.54037,-15.36364],[-71.5448,-15.35538],[-71.54237,-15.34451],[-71.54596,-15.33537],[-71.56068,-15.32538],[-71.56438,-15.31644],[-71.56207,-15.31127],[-71.56697,-15.30636],[-71.55191,-15.29],[-71.54653,-15.28128],[-71.55485,-15.275],[-71.55981,-15.26421],[-71.555,-15.25613],[-71.5565,-15.24301],[-71.54972,-15.2357],[-71.55068,-15.21677],[-71.56282,-15.21202],[-71.56749,-15.20055],[-71.57661,-15.19478],[-71.58123,-15.17974],[-71.58788,-15.17427],[-71.58184,-15.16739],[-71.57705,-15.14835],[-71.58914,-15.12888],[-71.58383,-15.096],[-71.57778,-15.08787],[-71.57063,-15.06121],[-71.54649,-15.06849],[-71.5396,-15.07429],[-71.51896,-15.07642],[-71.51171,-15.07945],[-71.49978,-15.06739],[-71.49092,-15.06447],[-71.48587,-15.0591],[-71.48221,-15.04772],[-71.4846,-15.03933],[-71.50367,-15.02733],[-71.50372,-15.02095],[-71.51017,-15.00463],[-71.5077,-14.99787],[-71.50705,-14.97628],[-71.48123,-14.98195],[-71.46504,-14.98407],[-71.45758,-14.97955],[-71.4475,-14.97979],[-71.44581,-14.99197],[-71.44138,-14.99668],[-71.43082,-14.99808],[-71.42673,-15.00212],[-71.43043,-15.00797],[-71.42215,-15.012],[-71.41737,-15.03373],[-71.41066,-15.03546],[-71.39687,-15.04524],[-71.38751,-15.06126],[-71.37974,-15.06455],[-71.37268,-15.07911],[-71.36185,-15.07914],[-71.35425,-15.0923],[-71.34516,-15.09262],[-71.32915,-15.10038],[-71.32491,-15.11689],[-71.31563,-15.12022],[-71.30688,-15.11233],[-71.29756,-15.10862],[-71.28728,-15.09719],[-71.26831,-15.08127],[-71.26023,-15.07691],[-71.26692,-15.06591],[-71.2572,-15.06251],[-71.25365,-15.05762],[-71.24191,-15.0578],[-71.2403,-15.06156],[-71.22729,-15.06946],[-71.2238,-15.06741],[-71.21539,-15.04889]]]}},{"type":"Feature","properties":{"ubigeo":"040518","nombre":"Tuti"},"geometry":{"type":"Polygon","coordinates":[[[-71.5786,-15.57189],[-71.60058,-15.56746],[-71.612,-15.5574],[-71.61724,-15.56047],[-71.62809,-15.55919],[-71.63766,-15.55269],[-71.64845,-15.53977],[-71.64676,-15.52627],[-71.65262,-15.52004],[-71.66237,-15.51642],[-71.67906,-15.51707],[-71.68114,-15.50607],[-71.67545,-15.49539],[-71.67726,-15.48029],[-71.67628,-15.45513],[-71.66103,-15.43165],[-71.65778,-15.42102],[-71.65034,-15.41588],[-71.63757,-15.41597],[-71.63184,-15.41344],[-71.62021,-15.40211],[-71.60627,-15.40853],[-71.59844,-15.39835],[-71.58978,-15.39739],[-71.59233,-15.38908],[-71.58368,-15.39095],[-71.57819,-15.40132],[-71.56947,-15.41037],[-71.56247,-15.42252],[-71.54047,-15.43169],[-71.53876,-15.44479],[-71.5257,-15.45086],[-71.51952,-15.46149],[-71.51958,-15.47335],[-71.51684,-15.48614],[-71.51144,-15.49538],[-71.51338,-15.51097],[-71.50994,-15.52609],[-71.5264,-15.5234],[-71.53565,-15.533],[-71.54608,-15.53415],[-71.55706,-15.53883],[-71.55739,-15.55333],[-71.56536,-15.55949],[-71.577,-15.56183],[-71.5786,-15.57189]]]}},{"type":"Feature","properties":{"ubigeo":"040519","nombre":"Yanque"},"geometry":{"type":"Polygon","coordinates":[[[-71.43034,-15.92843],[-71.44261,-15.92604],[-71.45097,-15.93497],[-71.45626,-15.93038],[-71.46829,-15.92652],[-71.4901,-15.93216],[-71.50484,-15.92545],[-71.52917,-15.92996],[-71.53169,-15.94423],[-71.54244,-15.95238],[-71.56073,-15.97765],[-71.57761,-15.99088],[-71.58799,-15.98847],[-71.6003,-15.98213],[-71.61153,-15.98322],[-71.62655,-15.97917],[-71.64264,-15.98769],[-71.65197,-15.98756],[-71.65205,-15.9832],[-71.64753,-15.96979],[-71.64031,-15.96242],[-71.63568,-15.94984],[-71.63255,-15.94978],[-71.63069,-15.9385],[-71.62147,-15.93295],[-71.61047,-15.92069],[-71.5986,-15.90004],[-71.60273,-15.88982],[-71.60011,-15.87341],[-71.5929,-15.86616],[-71.59303,-15.8603],[-71.60242,-15.84956],[-71.61316,-15.84582],[-71.62263,-15.84861],[-71.63818,-15.84837],[-71.64503,-15.85304],[-71.66161,-15.84362],[-71.66624,-15.83325],[-71.68352,-15.81964],[-71.66847,-15.79736],[-71.66068,-15.77797],[-71.65732,-15.7641],[-71.66055,-15.75213],[-71.66454,-15.72328],[-71.66866,-15.71264],[-71.66328,-15.69816],[-71.66219,-15.68915],[-71.67686,-15.66237],[-71.67921,-15.6611],[-71.67219,-15.65786],[-71.66001,-15.64129],[-71.64896,-15.63895],[-71.6452,-15.64673],[-71.63111,-15.65434],[-71.62234,-15.65297],[-71.62473,-15.67931],[-71.62327,-15.68851],[-71.61523,-15.69818],[-71.61349,-15.71199],[-71.60577,-15.73025],[-71.59409,-15.73918],[-71.57926,-15.745],[-71.57033,-15.75159],[-71.56229,-15.76305],[-71.54904,-15.75224],[-71.54802,-15.74515],[-71.52673,-15.74225],[-71.52301,-15.73389],[-71.51398,-15.73289],[-71.51124,-15.73607],[-71.50149,-15.73195],[-71.49194,-15.71627],[-71.49032,-15.70779],[-71.47766,-15.69607],[-71.47108,-15.68598],[-71.45166,-15.67718],[-71.44109,-15.67648],[-71.42673,-15.67965],[-71.41426,-15.67721],[-71.4071,-15.67052],[-71.40273,-15.65695],[-71.39239,-15.64671],[-71.39153,-15.63673],[-71.38544,-15.63272],[-71.38563,-15.62387],[-71.37627,-15.62575],[-71.36618,-15.63398],[-71.36086,-15.63476],[-71.3392,-15.61451],[-71.33219,-15.61585],[-71.3314,-15.62205],[-71.32159,-15.62888],[-71.30662,-15.62965],[-71.30171,-15.63311],[-71.30406,-15.64029],[-71.28599,-15.65098],[-71.27418,-15.6518],[-71.24874,-15.66498],[-71.24095,-15.67612],[-71.22079,-15.68146],[-71.21325,-15.68064],[-71.20612,-15.67483],[-71.20123,-15.67625],[-71.2081,-15.683],[-71.20929,-15.69359],[-71.20103,-15.70423],[-71.20252,-15.71756],[-71.22012,-15.73669],[-71.22156,-15.75559],[-71.24385,-15.77018],[-71.25059,-15.76728],[-71.27267,-15.76325],[-71.28296,-15.76507],[-71.28301,-15.77308],[-71.27735,-15.78458],[-71.27841,-15.79013],[-71.26526,-15.80974],[-71.26671,-15.822],[-71.27763,-15.82549],[-71.2877,-15.82526],[-71.29937,-15.82165],[-71.30973,-15.83263],[-71.31226,-15.83874],[-71.30989,-15.84575],[-71.31581,-15.84829],[-71.31314,-15.85911],[-71.32881,-15.86866],[-71.34003,-15.87061],[-71.36215,-15.86131],[-71.38459,-15.8797],[-71.39001,-15.89135],[-71.40882,-15.9037],[-71.42134,-15.92359],[-71.43034,-15.92843]]]}},{"type":"Feature","properties":{"ubigeo":"040520","nombre":"Majes"},"geometry":{"type":"Polygon","coordinates":[[[-72.14433,-16.35058],[-72.1605,-16.36938],[-72.16707,-16.38575],[-72.1805,-16.40859],[-72.19128,-16.438],[-72.19923,-16.45241],[-72.19951,-16.45872],[-72.19934,-16.48381],[-72.20501,-16.4946],[-72.21579,-16.50161],[-72.21498,-16.50507],[-72.23076,-16.52696],[-72.23952,-16.53425],[-72.25423,-16.53341],[-72.2887,-16.58621],[-72.30849,-16.58315],[-72.31631,-16.59369],[-72.31787,-16.60371],[-72.32632,-16.60741],[-72.32662,-16.59831],[-72.33112,-16.59288],[-72.34056,-16.59413],[-72.35393,-16.58933],[-72.36446,-16.59147],[-72.37352,-16.60659],[-72.39241,-16.61183],[-72.40462,-16.60959],[-72.40643,-16.60402],[-72.41761,-16.60618],[-72.43433,-16.60572],[-72.44215,-16.59716],[-72.45194,-16.59914],[-72.45593,-16.58767],[-72.45068,-16.57214],[-72.45506,-16.55655],[-72.46104,-16.5606],[-72.48044,-16.56511],[-72.48916,-16.55739],[-72.49537,-16.55996],[-72.49844,-16.57159],[-72.51516,-16.56995],[-72.52351,-16.57509],[-72.52647,-16.56581],[-72.54694,-16.5633],[-72.56497,-16.5734],[-72.56832,-16.56314],[-72.58299,-16.55948],[-72.5868,-16.54091],[-72.59304,-16.54191],[-72.60469,-16.53719],[-72.57157,-16.51208],[-72.54623,-16.51282],[-72.53949,-16.50696],[-72.53345,-16.49316],[-72.51196,-16.49142],[-72.50088,-16.47912],[-72.48471,-16.45109],[-72.46976,-16.38608],[-72.46635,-16.38316],[-72.44379,-16.36548],[-72.4425,-16.33142],[-72.43723,-16.31955],[-72.4256,-16.31302],[-72.40126,-16.31236],[-72.39335,-16.30378],[-72.39406,-16.29769],[-72.37965,-16.28894],[-72.3677,-16.2916],[-72.37502,-16.28212],[-72.36903,-16.25611],[-72.36724,-16.21966],[-72.36926,-16.2115],[-72.35862,-16.20161],[-72.35909,-16.17953],[-72.35764,-16.17034],[-72.36882,-16.16133],[-72.35475,-16.15809],[-72.33758,-16.14928],[-72.32473,-16.13926],[-72.3134,-16.13573],[-72.29182,-16.13887],[-72.2743,-16.13881],[-72.27064,-16.13688],[-72.22443,-16.14328],[-72.21649,-16.13209],[-72.21639,-16.12627],[-72.21013,-16.11095],[-72.2031,-16.10087],[-72.19444,-16.10357],[-72.18453,-16.10208],[-72.18453,-16.09166],[-72.17915,-16.08798],[-72.17188,-16.07689],[-72.16629,-16.06071],[-72.15211,-16.05059],[-72.14178,-16.04852],[-72.12582,-16.0562],[-72.11778,-16.05567],[-72.10024,-16.04268],[-72.10069,-16.03833],[-72.08717,-16.03967],[-72.08574,-16.04936],[-72.09355,-16.06451],[-72.08725,-16.07321],[-72.08457,-16.08935],[-72.08825,-16.09869],[-72.08574,-16.10773],[-72.08864,-16.12023],[-72.09846,-16.13017],[-72.09512,-16.14571],[-72.09549,-16.16403],[-72.09103,-16.17898],[-72.09132,-16.18932],[-72.08723,-16.20115],[-72.07348,-16.20947],[-72.07475,-16.22206],[-72.0829,-16.23042],[-72.08559,-16.24541],[-72.10847,-16.28042],[-72.11282,-16.28366],[-72.12019,-16.29762],[-72.13074,-16.31012],[-72.14461,-16.3407],[-72.14433,-16.35058]]]}},{"type":"Feature","properties":{"ubigeo":"040601","nombre":"Chuquibamba"},"geometry":{"type":"Polygon","coordinates":[[[-72.67867,-15.98115],[-72.68667,-15.9841],[-72.69024,-15.99676],[-72.69678,-15.99856],[-72.70159,-16.0084],[-72.70697,-16.02672],[-72.71312,-16.05379],[-72.71318,-16.06328],[-72.70785,-16.09176],[-72.69862,-16.10983],[-72.6872,-16.11981],[-72.68675,-16.13761],[-72.69394,-16.16399],[-72.68985,-16.17392],[-72.6845,-16.19497],[-72.68741,-16.21851],[-72.67703,-16.23566],[-72.66849,-16.23896],[-72.66365,-16.24758],[-72.65108,-16.24781],[-72.65365,-16.25461],[-72.65227,-16.26326],[-72.65554,-16.29112],[-72.65154,-16.30239],[-72.64214,-16.31605],[-72.63385,-16.33705],[-72.6206,-16.35403],[-72.60902,-16.38709],[-72.60995,-16.39725],[-72.60319,-16.41523],[-72.59363,-16.43048],[-72.59712,-16.43606],[-72.59683,-16.44785],[-72.60293,-16.45996],[-72.61831,-16.45519],[-72.62336,-16.45701],[-72.64095,-16.4476],[-72.6503,-16.43598],[-72.6699,-16.42443],[-72.68208,-16.40155],[-72.69688,-16.39144],[-72.70622,-16.37902],[-72.71036,-16.36729],[-72.72128,-16.35524],[-72.74599,-16.33962],[-72.75203,-16.32676],[-72.76288,-16.32507],[-72.7877,-16.3117],[-72.79793,-16.3085],[-72.79924,-16.30418],[-72.79918,-16.29836],[-72.80492,-16.27849],[-72.80924,-16.26982],[-72.80649,-16.25364],[-72.81011,-16.24417],[-72.81013,-16.22145],[-72.81489,-16.21557],[-72.81714,-16.20291],[-72.83546,-16.17879],[-72.84122,-16.17446],[-72.84478,-16.15032],[-72.84337,-16.13999],[-72.84635,-16.13466],[-72.84334,-16.12618],[-72.85093,-16.11471],[-72.85801,-16.09686],[-72.86593,-16.08678],[-72.8758,-16.05752],[-72.88039,-16.04976],[-72.89036,-16.04655],[-72.89581,-16.04136],[-72.88223,-16.03054],[-72.87569,-16.01755],[-72.86246,-16.00827],[-72.84173,-16.0104],[-72.83342,-16.00899],[-72.82682,-16.01421],[-72.82461,-16.02203],[-72.81568,-16.02152],[-72.80684,-16.00337],[-72.79909,-16.00293],[-72.78999,-15.99791],[-72.78651,-15.97688],[-72.78066,-15.9695],[-72.77239,-15.96589],[-72.76435,-15.95638],[-72.75808,-15.95317],[-72.75329,-15.94126],[-72.75441,-15.93637],[-72.7465,-15.92122],[-72.74408,-15.90278],[-72.73692,-15.8945],[-72.73594,-15.88566],[-72.73923,-15.8692],[-72.73162,-15.84882],[-72.7226,-15.83518],[-72.72053,-15.82647],[-72.72746,-15.81483],[-72.74373,-15.79588],[-72.75151,-15.78324],[-72.74197,-15.78032],[-72.7362,-15.77237],[-72.74227,-15.75558],[-72.74284,-15.73528],[-72.7514,-15.7329],[-72.76315,-15.72441],[-72.77483,-15.71913],[-72.76504,-15.70916],[-72.75957,-15.67658],[-72.75444,-15.66832],[-72.75497,-15.65911],[-72.74257,-15.63499],[-72.73647,-15.62992],[-72.72831,-15.63069],[-72.72311,-15.61794],[-72.71676,-15.61176],[-72.71107,-15.61947],[-72.70929,-15.62837],[-72.70282,-15.6327],[-72.7038,-15.65536],[-72.69571,-15.65824],[-72.68377,-15.66988],[-72.68024,-15.68482],[-72.67032,-15.70347],[-72.66332,-15.7106],[-72.65072,-15.70769],[-72.64611,-15.7099],[-72.63917,-15.70071],[-72.63406,-15.70775],[-72.62547,-15.70231],[-72.61818,-15.7197],[-72.603,-15.72765],[-72.60291,-15.73227],[-72.59091,-15.74901],[-72.58932,-15.76031],[-72.57977,-15.77256],[-72.57616,-15.78295],[-72.56343,-15.79826],[-72.5591,-15.79991],[-72.5636,-15.80526],[-72.56515,-15.81474],[-72.57732,-15.82388],[-72.589,-15.82585],[-72.5948,-15.82364],[-72.60264,-15.82846],[-72.61253,-15.8285],[-72.61549,-15.8367],[-72.62331,-15.84286],[-72.64149,-15.84445],[-72.64132,-15.84977],[-72.64887,-15.86085],[-72.64445,-15.87264],[-72.65323,-15.88032],[-72.65689,-15.89492],[-72.65471,-15.91643],[-72.65687,-15.93088],[-72.66345,-15.9412],[-72.6694,-15.96299],[-72.67867,-15.98115]]]}},{"type":"Feature","properties":{"ubigeo":"040602","nombre":"Andaray"},"geometry":{"type":"Polygon","coordinates":[[[-72.71676,-15.61176],[-72.72311,-15.61794],[-72.72831,-15.63069],[-72.73647,-15.62992],[-72.74257,-15.63499],[-72.75497,-15.65911],[-72.75444,-15.66832],[-72.75957,-15.67658],[-72.76504,-15.70916],[-72.77483,-15.71913],[-72.76315,-15.72441],[-72.7514,-15.7329],[-72.74284,-15.73528],[-72.74227,-15.75558],[-72.7362,-15.77237],[-72.74197,-15.78032],[-72.75151,-15.78324],[-72.74373,-15.79588],[-72.72746,-15.81483],[-72.72053,-15.82647],[-72.7226,-15.83518],[-72.73162,-15.84882],[-72.73923,-15.8692],[-72.73594,-15.88566],[-72.73692,-15.8945],[-72.74408,-15.90278],[-72.7465,-15.92122],[-72.75441,-15.93637],[-72.75329,-15.94126],[-72.75808,-15.95317],[-72.76435,-15.95638],[-72.77239,-15.96589],[-72.78066,-15.9695],[-72.78651,-15.97688],[-72.78999,-15.99791],[-72.79909,-16.00293],[-72.80684,-16.00337],[-72.81568,-16.02152],[-72.82461,-16.02203],[-72.82682,-16.01421],[-72.83342,-16.00899],[-72.84173,-16.0104],[-72.86246,-16.00827],[-72.87569,-16.01755],[-72.88223,-16.03054],[-72.89581,-16.04136],[-72.91215,-16.0302],[-72.9345,-16.0323],[-72.93958,-16.03683],[-72.96485,-16.03286],[-72.98544,-16.02264],[-72.99789,-16.01932],[-73.0015,-16.00346],[-73.00049,-15.9701],[-72.98477,-15.95553],[-72.97365,-15.95704],[-72.96768,-15.95486],[-72.95885,-15.95761],[-72.95962,-15.93672],[-72.97303,-15.9259],[-72.98247,-15.92765],[-72.99648,-15.92311],[-73.01259,-15.9097],[-73.00955,-15.90091],[-73.01849,-15.88879],[-73.01327,-15.87769],[-73.00545,-15.87023],[-72.98846,-15.86069],[-72.97921,-15.85597],[-72.96169,-15.85645],[-72.9535,-15.85943],[-72.93814,-15.85252],[-72.93103,-15.8411],[-72.93075,-15.83557],[-72.91413,-15.83136],[-72.91024,-15.82609],[-72.91213,-15.81783],[-72.90246,-15.80188],[-72.88612,-15.79362],[-72.87572,-15.78118],[-72.86666,-15.77966],[-72.85563,-15.76026],[-72.84529,-15.75557],[-72.84402,-15.7512],[-72.82227,-15.72781],[-72.81682,-15.71645],[-72.81566,-15.69499],[-72.80592,-15.68328],[-72.8097,-15.67498],[-72.80535,-15.6643],[-72.80931,-15.65155],[-72.81212,-15.63239],[-72.81019,-15.62633],[-72.7947,-15.60863],[-72.77964,-15.59721],[-72.77281,-15.58957],[-72.75333,-15.5807],[-72.74816,-15.57368],[-72.73743,-15.57153],[-72.72825,-15.56509],[-72.72094,-15.55474],[-72.72042,-15.54611],[-72.70925,-15.54213],[-72.70096,-15.54248],[-72.6929,-15.53661],[-72.6685,-15.535],[-72.6607,-15.54589],[-72.6637,-15.5496],[-72.67456,-15.55076],[-72.68242,-15.55809],[-72.69038,-15.55836],[-72.70232,-15.56881],[-72.71874,-15.58836],[-72.72352,-15.60302],[-72.71676,-15.61176]]]}},{"type":"Feature","properties":{"ubigeo":"040603","nombre":"Cayarani"},"geometry":{"type":"Polygon","coordinates":[[[-71.95185,-14.83733],[-71.96416,-14.84607],[-71.9724,-14.8591],[-71.9759,-14.86947],[-71.99112,-14.87652],[-72.00494,-14.88632],[-72.02006,-14.8775],[-72.02683,-14.87602],[-72.03452,-14.88792],[-72.03396,-14.89866],[-72.04646,-14.90678],[-72.04109,-14.93021],[-72.04573,-14.94148],[-72.05532,-14.94229],[-72.0615,-14.93851],[-72.07192,-14.93739],[-72.07972,-14.93965],[-72.10221,-14.95493],[-72.10293,-14.93587],[-72.10947,-14.91889],[-72.10666,-14.89998],[-72.09957,-14.89286],[-72.11002,-14.88771],[-72.1195,-14.88902],[-72.14771,-14.8814],[-72.15885,-14.88446],[-72.1668,-14.89051],[-72.16563,-14.89605],[-72.17725,-14.89795],[-72.18015,-14.90203],[-72.1932,-14.90513],[-72.19947,-14.9093],[-72.20962,-14.90937],[-72.22551,-14.92385],[-72.22728,-14.93076],[-72.23866,-14.93511],[-72.24521,-14.94432],[-72.25336,-14.94626],[-72.25575,-14.96139],[-72.26094,-14.96579],[-72.25682,-14.9728],[-72.25864,-14.98672],[-72.25419,-14.9995],[-72.25893,-15.02144],[-72.2653,-15.03713],[-72.26547,-15.04325],[-72.28511,-15.0583],[-72.28635,-15.06462],[-72.29668,-15.06725],[-72.29935,-15.07298],[-72.30878,-15.0813],[-72.317,-15.0944],[-72.32777,-15.09695],[-72.3469,-15.09506],[-72.35498,-15.09736],[-72.3604,-15.11023],[-72.36613,-15.11141],[-72.36982,-15.11858],[-72.3697,-15.13555],[-72.35969,-15.13883],[-72.35755,-15.15324],[-72.36443,-15.17271],[-72.37466,-15.18802],[-72.37693,-15.19779],[-72.37136,-15.23199],[-72.36651,-15.23418],[-72.36467,-15.2419],[-72.37486,-15.24974],[-72.38132,-15.25012],[-72.40279,-15.25908],[-72.40593,-15.26471],[-72.41959,-15.27053],[-72.42795,-15.28128],[-72.43842,-15.30156],[-72.43966,-15.3105],[-72.43244,-15.33549],[-72.42942,-15.35316],[-72.43169,-15.35704],[-72.42714,-15.36814],[-72.43266,-15.37079],[-72.43527,-15.38792],[-72.44067,-15.3982],[-72.45126,-15.38912],[-72.46054,-15.38802],[-72.48589,-15.3928],[-72.48924,-15.39575],[-72.51167,-15.39874],[-72.52041,-15.41021],[-72.52689,-15.41085],[-72.53318,-15.41788],[-72.54261,-15.41867],[-72.55524,-15.39478],[-72.55209,-15.38172],[-72.56844,-15.38142],[-72.56238,-15.37554],[-72.55833,-15.36167],[-72.55283,-15.35706],[-72.55631,-15.34337],[-72.5572,-15.32544],[-72.55471,-15.32086],[-72.5444,-15.27986],[-72.53754,-15.28068],[-72.52894,-15.27065],[-72.53315,-15.26407],[-72.52937,-15.24508],[-72.51999,-15.24083],[-72.51613,-15.22806],[-72.51762,-15.21747],[-72.52818,-15.19766],[-72.51884,-15.1835],[-72.50602,-15.17799],[-72.49716,-15.16927],[-72.501,-15.16602],[-72.50581,-15.15308],[-72.49753,-15.14558],[-72.49895,-15.13419],[-72.49236,-15.12937],[-72.4875,-15.11114],[-72.48857,-15.09845],[-72.49585,-15.0881],[-72.49867,-15.07942],[-72.51517,-15.07287],[-72.51476,-15.06828],[-72.52692,-15.05862],[-72.51999,-15.0487],[-72.50673,-15.04907],[-72.49125,-15.04006],[-72.47592,-15.03604],[-72.46326,-15.02904],[-72.46184,-15.02279],[-72.47235,-15.01653],[-72.46712,-15.00988],[-72.454,-15.00748],[-72.43787,-14.99822],[-72.41032,-14.9933],[-72.40303,-14.98374],[-72.4027,-14.96695],[-72.39916,-14.95748],[-72.38217,-14.95519],[-72.3707,-14.95648],[-72.36665,-14.94765],[-72.34501,-14.93849],[-72.33722,-14.93848],[-72.33247,-14.93212],[-72.32307,-14.93092],[-72.31489,-14.92254],[-72.30547,-14.90765],[-72.30193,-14.8957],[-72.303,-14.88652],[-72.30889,-14.88],[-72.30672,-14.87328],[-72.31032,-14.86405],[-72.30698,-14.85556],[-72.31019,-14.84239],[-72.31544,-14.83386],[-72.29192,-14.81837],[-72.26465,-14.81112],[-72.25229,-14.80366],[-72.24467,-14.81181],[-72.23911,-14.81224],[-72.22375,-14.80506],[-72.22029,-14.79993],[-72.2136,-14.80326],[-72.20279,-14.79787],[-72.20237,-14.78837],[-72.19057,-14.77883],[-72.18087,-14.77697],[-72.16525,-14.78054],[-72.15967,-14.78634],[-72.15401,-14.77713],[-72.1447,-14.77771],[-72.13479,-14.78351],[-72.13168,-14.7894],[-72.13612,-14.7987],[-72.13809,-14.8133],[-72.13293,-14.81682],[-72.12869,-14.8306],[-72.11919,-14.83474],[-72.10766,-14.84724],[-72.09809,-14.84987],[-72.09025,-14.8568],[-72.08547,-14.86913],[-72.0796,-14.87388],[-72.07687,-14.88347],[-72.06309,-14.88788],[-72.05516,-14.88364],[-72.04639,-14.88711],[-72.04314,-14.88088],[-72.04712,-14.87506],[-72.04228,-14.86267],[-72.04327,-14.85173],[-72.04038,-14.83969],[-72.02529,-14.82963],[-72.02526,-14.82346],[-72.03425,-14.81199],[-72.04054,-14.80976],[-72.03504,-14.80293],[-72.0345,-14.79294],[-72.03894,-14.78813],[-72.04096,-14.77877],[-72.03709,-14.76966],[-72.03977,-14.75699],[-72.04318,-14.75413],[-72.04779,-14.73877],[-72.04195,-14.72015],[-72.04498,-14.71648],[-72.04186,-14.69437],[-72.03615,-14.68178],[-72.02535,-14.6741],[-72.02449,-14.66773],[-72.01583,-14.65839],[-72.01467,-14.64837],[-72.00797,-14.64073],[-72.00146,-14.64173],[-71.98791,-14.63295],[-71.97621,-14.64591],[-71.97619,-14.65405],[-71.96363,-14.66376],[-71.95844,-14.67108],[-71.95116,-14.6725],[-71.94989,-14.6779],[-71.94122,-14.68532],[-71.93066,-14.68809],[-71.93613,-14.69386],[-71.95179,-14.70431],[-71.94597,-14.71082],[-71.95781,-14.72602],[-71.95847,-14.73311],[-71.94868,-14.74423],[-71.94317,-14.74529],[-71.93058,-14.76114],[-71.92779,-14.77306],[-71.92899,-14.78496],[-71.924,-14.7898],[-71.91442,-14.79207],[-71.91023,-14.78885],[-71.90332,-14.79196],[-71.8939,-14.7896],[-71.90255,-14.79676],[-71.90944,-14.81084],[-71.90652,-14.82626],[-71.91597,-14.83418],[-71.91748,-14.83142],[-71.93997,-14.82281],[-71.94817,-14.82829],[-71.95185,-14.83733]]]}},{"type":"Feature","properties":{"ubigeo":"040604","nombre":"Chichas"},"geometry":{"type":"Polygon","coordinates":[[[-72.80597,-15.58983],[-72.81187,-15.59095],[-72.82298,-15.58691],[-72.84111,-15.59291],[-72.85239,-15.60239],[-72.85571,-15.61314],[-72.86968,-15.62423],[-72.88299,-15.62716],[-72.88735,-15.63836],[-72.90508,-15.65051],[-72.91278,-15.64782],[-72.91782,-15.63535],[-72.9389,-15.62424],[-72.95432,-15.61329],[-72.97508,-15.61294],[-72.98224,-15.61087],[-72.98619,-15.60525],[-73.00804,-15.60494],[-73.02003,-15.6065],[-73.01865,-15.59904],[-73.02509,-15.58753],[-73.03146,-15.58342],[-73.04762,-15.57832],[-73.06355,-15.59083],[-73.0742,-15.58707],[-73.08939,-15.59483],[-73.10644,-15.57763],[-73.11696,-15.572],[-73.10504,-15.56289],[-73.09451,-15.56489],[-73.08298,-15.56149],[-73.07568,-15.55006],[-73.05985,-15.54304],[-73.03786,-15.52431],[-73.03496,-15.51878],[-73.005,-15.50404],[-72.9975,-15.50343],[-72.98957,-15.49412],[-72.98111,-15.47754],[-72.98519,-15.4602],[-72.98193,-15.44373],[-72.97602,-15.43128],[-72.97801,-15.42409],[-72.97575,-15.41353],[-72.96542,-15.39777],[-72.96168,-15.39596],[-72.9454,-15.39937],[-72.93378,-15.39448],[-72.90533,-15.40209],[-72.89317,-15.41001],[-72.89501,-15.4237],[-72.88335,-15.43929],[-72.88038,-15.44754],[-72.89052,-15.46885],[-72.89227,-15.48388],[-72.89791,-15.49566],[-72.89815,-15.50508],[-72.90497,-15.5147],[-72.89972,-15.523],[-72.89839,-15.53152],[-72.88778,-15.54372],[-72.86943,-15.55467],[-72.8594,-15.5552],[-72.84518,-15.55171],[-72.84281,-15.54888],[-72.82098,-15.54924],[-72.81129,-15.55522],[-72.79804,-15.58158],[-72.80597,-15.58983]]]}},{"type":"Feature","properties":{"ubigeo":"040605","nombre":"Iray"},"geometry":{"type":"Polygon","coordinates":[[[-72.67867,-15.98115],[-72.6694,-15.96299],[-72.66345,-15.9412],[-72.65687,-15.93088],[-72.65471,-15.91643],[-72.65689,-15.89492],[-72.65323,-15.88032],[-72.64445,-15.87264],[-72.64887,-15.86085],[-72.64132,-15.84977],[-72.64149,-15.84445],[-72.62331,-15.84286],[-72.61549,-15.8367],[-72.61253,-15.8285],[-72.60264,-15.82846],[-72.5948,-15.82364],[-72.589,-15.82585],[-72.57732,-15.82388],[-72.56515,-15.81474],[-72.5636,-15.80526],[-72.5591,-15.79991],[-72.55307,-15.80107],[-72.54552,-15.80829],[-72.54172,-15.82307],[-72.53526,-15.83553],[-72.52836,-15.86257],[-72.51394,-15.87995],[-72.50746,-15.89086],[-72.51004,-15.89942],[-72.51865,-15.90881],[-72.52756,-15.91173],[-72.5445,-15.92264],[-72.55004,-15.92244],[-72.57912,-15.93753],[-72.59144,-15.93628],[-72.58714,-15.94999],[-72.59193,-15.9652],[-72.60665,-15.97157],[-72.60153,-15.98735],[-72.58543,-15.99632],[-72.58282,-16.0055],[-72.58586,-16.00809],[-72.57607,-16.02755],[-72.58603,-16.0291],[-72.59515,-16.02589],[-72.6013,-16.01742],[-72.62489,-16.01209],[-72.63283,-16.01589],[-72.6493,-16.01728],[-72.66244,-16.01493],[-72.6653,-16.01763],[-72.67364,-16.01025],[-72.6748,-15.99549],[-72.67867,-15.98115]]]}},{"type":"Feature","properties":{"ubigeo":"040606","nombre":"Río Grande"},"geometry":{"type":"Polygon","coordinates":[[[-72.99789,-16.01932],[-73.01941,-16.01937],[-73.03117,-16.01546],[-73.04099,-16.01787],[-73.05679,-16.01586],[-73.06492,-16.01859],[-73.07678,-16.00973],[-73.08842,-16.00785],[-73.09003,-16.00038],[-73.09842,-15.99737],[-73.10685,-15.9885],[-73.11674,-15.99668],[-73.1235,-16.01264],[-73.13951,-16.00559],[-73.15913,-16.01789],[-73.16372,-16.01868],[-73.17528,-16.00687],[-73.17635,-16.00054],[-73.16884,-15.99247],[-73.15598,-15.98927],[-73.15117,-15.97967],[-73.1549,-15.96823],[-73.1613,-15.9596],[-73.16161,-15.9462],[-73.16639,-15.9389],[-73.16763,-15.9267],[-73.17404,-15.91211],[-73.18871,-15.9045],[-73.18938,-15.89622],[-73.20004,-15.88324],[-73.20908,-15.88365],[-73.21497,-15.87748],[-73.22111,-15.87809],[-73.23325,-15.87405],[-73.244,-15.87324],[-73.25062,-15.86835],[-73.24969,-15.85684],[-73.26054,-15.83468],[-73.26244,-15.8255],[-73.25556,-15.81441],[-73.25475,-15.80351],[-73.25701,-15.79043],[-73.25145,-15.77771],[-73.25665,-15.76744],[-73.25543,-15.75147],[-73.2515,-15.74622],[-73.24015,-15.71874],[-73.24471,-15.71187],[-73.24113,-15.69872],[-73.23898,-15.68007],[-73.2254,-15.66399],[-73.225,-15.66376],[-73.22678,-15.67091],[-73.22212,-15.68803],[-73.21641,-15.69475],[-73.20941,-15.69422],[-73.20168,-15.70678],[-73.19099,-15.71941],[-73.18836,-15.73985],[-73.19278,-15.75801],[-73.19038,-15.76974],[-73.17343,-15.7827],[-73.16844,-15.77911],[-73.15881,-15.78997],[-73.14866,-15.78991],[-73.14331,-15.79369],[-73.12785,-15.78946],[-73.11554,-15.79904],[-73.09792,-15.82041],[-73.0993,-15.84052],[-73.09325,-15.84762],[-73.09377,-15.85656],[-73.08315,-15.86499],[-73.05962,-15.87092],[-73.04544,-15.8658],[-73.04408,-15.85588],[-73.0303,-15.84493],[-73.02276,-15.84411],[-73.01441,-15.84876],[-73.00319,-15.84808],[-72.98846,-15.86069],[-73.00545,-15.87023],[-73.01327,-15.87769],[-73.01849,-15.88879],[-73.00955,-15.90091],[-73.01259,-15.9097],[-72.99648,-15.92311],[-72.98247,-15.92765],[-72.97303,-15.9259],[-72.95962,-15.93672],[-72.95885,-15.95761],[-72.96768,-15.95486],[-72.97365,-15.95704],[-72.98477,-15.95553],[-73.00049,-15.9701],[-73.0015,-16.00346],[-72.99789,-16.01932]]]}},{"type":"Feature","properties":{"ubigeo":"040607","nombre":"Salamanca"},"geometry":{"type":"Polygon","coordinates":[[[-72.52652,-15.50539],[-72.54361,-15.53438],[-72.55762,-15.5422],[-72.56292,-15.53758],[-72.57068,-15.53865],[-72.58639,-15.55076],[-72.6009,-15.55029],[-72.60882,-15.55967],[-72.61689,-15.55593],[-72.62875,-15.55971],[-72.63642,-15.55227],[-72.6607,-15.54589],[-72.6685,-15.535],[-72.6929,-15.53661],[-72.70096,-15.54248],[-72.70925,-15.54213],[-72.72042,-15.54611],[-72.72094,-15.55474],[-72.72825,-15.56509],[-72.73743,-15.57153],[-72.74816,-15.57368],[-72.75333,-15.5807],[-72.77281,-15.58957],[-72.77964,-15.59721],[-72.7947,-15.60863],[-72.81019,-15.62633],[-72.81179,-15.61944],[-72.80924,-15.60174],[-72.81042,-15.59569],[-72.80597,-15.58983],[-72.79804,-15.58158],[-72.81129,-15.55522],[-72.82098,-15.54924],[-72.84281,-15.54888],[-72.84518,-15.55171],[-72.8594,-15.5552],[-72.86943,-15.55467],[-72.88778,-15.54372],[-72.89839,-15.53152],[-72.89972,-15.523],[-72.90497,-15.5147],[-72.89815,-15.50508],[-72.89791,-15.49566],[-72.89227,-15.48388],[-72.89052,-15.46885],[-72.88038,-15.44754],[-72.88335,-15.43929],[-72.89501,-15.4237],[-72.89317,-15.41001],[-72.88998,-15.40349],[-72.87742,-15.40279],[-72.87507,-15.40609],[-72.86102,-15.39598],[-72.85625,-15.37588],[-72.84562,-15.3638],[-72.84105,-15.34934],[-72.84347,-15.34393],[-72.8372,-15.31788],[-72.83014,-15.31219],[-72.81137,-15.30355],[-72.81214,-15.29686],[-72.8037,-15.29097],[-72.80013,-15.28308],[-72.78848,-15.2742],[-72.78977,-15.26188],[-72.78779,-15.25183],[-72.78278,-15.24419],[-72.76958,-15.24817],[-72.73963,-15.25317],[-72.72882,-15.25182],[-72.70662,-15.24422],[-72.6934,-15.24316],[-72.68294,-15.24233],[-72.66119,-15.23337],[-72.64627,-15.2395],[-72.63705,-15.23286],[-72.63212,-15.22546],[-72.6198,-15.22046],[-72.60998,-15.22004],[-72.60502,-15.22455],[-72.59825,-15.22261],[-72.58932,-15.20853],[-72.57189,-15.20027],[-72.54189,-15.20434],[-72.52818,-15.19766],[-72.51762,-15.21747],[-72.51613,-15.22806],[-72.51999,-15.24083],[-72.52937,-15.24508],[-72.53315,-15.26407],[-72.52894,-15.27065],[-72.53754,-15.28068],[-72.5444,-15.27986],[-72.55471,-15.32086],[-72.5572,-15.32544],[-72.55631,-15.34337],[-72.55283,-15.35706],[-72.55833,-15.36167],[-72.56238,-15.37554],[-72.56844,-15.38142],[-72.55209,-15.38172],[-72.55524,-15.39478],[-72.54261,-15.41867],[-72.53318,-15.41788],[-72.52689,-15.41085],[-72.52041,-15.41021],[-72.52343,-15.43892],[-72.51559,-15.45086],[-72.51477,-15.46402],[-72.50759,-15.47506],[-72.51159,-15.48926],[-72.51606,-15.49662],[-72.52652,-15.50539]]]}},{"type":"Feature","properties":{"ubigeo":"040608","nombre":"Yanaquihua"},"geometry":{"type":"Polygon","coordinates":[[[-73.11696,-15.572],[-73.10644,-15.57763],[-73.08939,-15.59483],[-73.0742,-15.58707],[-73.06355,-15.59083],[-73.04762,-15.57832],[-73.03146,-15.58342],[-73.02509,-15.58753],[-73.01865,-15.59904],[-73.02003,-15.6065],[-73.00804,-15.60494],[-72.98619,-15.60525],[-72.98224,-15.61087],[-72.97508,-15.61294],[-72.95432,-15.61329],[-72.9389,-15.62424],[-72.91782,-15.63535],[-72.91278,-15.64782],[-72.90508,-15.65051],[-72.88735,-15.63836],[-72.88299,-15.62716],[-72.86968,-15.62423],[-72.85571,-15.61314],[-72.85239,-15.60239],[-72.84111,-15.59291],[-72.82298,-15.58691],[-72.81187,-15.59095],[-72.80597,-15.58983],[-72.81042,-15.59569],[-72.80924,-15.60174],[-72.81179,-15.61944],[-72.81019,-15.62633],[-72.81212,-15.63239],[-72.80931,-15.65155],[-72.80535,-15.6643],[-72.8097,-15.67498],[-72.80592,-15.68328],[-72.81566,-15.69499],[-72.81682,-15.71645],[-72.82227,-15.72781],[-72.84402,-15.7512],[-72.84529,-15.75557],[-72.85563,-15.76026],[-72.86666,-15.77966],[-72.87572,-15.78118],[-72.88612,-15.79362],[-72.90246,-15.80188],[-72.91213,-15.81783],[-72.91024,-15.82609],[-72.91413,-15.83136],[-72.93075,-15.83557],[-72.93103,-15.8411],[-72.93814,-15.85252],[-72.9535,-15.85943],[-72.96169,-15.85645],[-72.97921,-15.85597],[-72.98846,-15.86069],[-73.00319,-15.84808],[-73.01441,-15.84876],[-73.02276,-15.84411],[-73.0303,-15.84493],[-73.04408,-15.85588],[-73.04544,-15.8658],[-73.05962,-15.87092],[-73.08315,-15.86499],[-73.09377,-15.85656],[-73.09325,-15.84762],[-73.0993,-15.84052],[-73.09792,-15.82041],[-73.11554,-15.79904],[-73.12785,-15.78946],[-73.14331,-15.79369],[-73.14866,-15.78991],[-73.15881,-15.78997],[-73.16844,-15.77911],[-73.17343,-15.7827],[-73.19038,-15.76974],[-73.19278,-15.75801],[-73.18836,-15.73985],[-73.19099,-15.71941],[-73.20168,-15.70678],[-73.20941,-15.69422],[-73.21641,-15.69475],[-73.22212,-15.68803],[-73.22678,-15.67091],[-73.225,-15.66376],[-73.21731,-15.64639],[-73.21696,-15.62975],[-73.22054,-15.6237],[-73.22218,-15.60294],[-73.21857,-15.59387],[-73.22634,-15.5703],[-73.21745,-15.55129],[-73.21231,-15.54603],[-73.20372,-15.51897],[-73.20541,-15.5106],[-73.19602,-15.51736],[-73.18884,-15.52716],[-73.18092,-15.52891],[-73.16604,-15.5388],[-73.16125,-15.54587],[-73.12858,-15.56738],[-73.11696,-15.572]]]}},{"type":"Feature","properties":{"ubigeo":"040701","nombre":"Mollendo"},"geometry":{"type":"Polygon","coordinates":[[[-71.85236,-16.9617],[-71.85645,-16.97094],[-71.8677,-16.97211],[-71.87163,-16.9801],[-71.88989,-17.00096],[-71.8921,-17.0102],[-71.90061,-17.02319],[-71.91375,-17.03029],[-71.91661,-17.03573],[-71.92693,-17.04146],[-71.93175,-17.0517],[-71.94075,-17.05588],[-71.94156,-17.06225],[-71.9485,-17.06763],[-71.98142,-17.04844],[-72.01027,-17.03356],[-72.01612,-17.03322],[-72.02257,-17.02269],[-72.02995,-17.02357],[-72.03438,-17.01761],[-72.04812,-17.01623],[-72.04996,-16.9866],[-72.05569,-16.97],[-72.05284,-16.96557],[-72.05265,-16.95139],[-72.05645,-16.94198],[-72.04949,-16.9297],[-72.05146,-16.92585],[-72.04214,-16.90893],[-72.03599,-16.88806],[-72.02635,-16.87992],[-72.02583,-16.87335],[-72.00519,-16.81179],[-71.9967,-16.79955],[-71.98805,-16.78533],[-71.96004,-16.74664],[-71.93895,-16.71609],[-71.91663,-16.68601],[-71.90997,-16.67504],[-71.87073,-16.71343],[-71.86932,-16.76616],[-71.86951,-16.78598],[-71.76524,-16.70824],[-71.74801,-16.69823],[-71.73443,-16.70054],[-71.703,-16.69859],[-71.67094,-16.70569],[-71.66698,-16.70163],[-71.66728,-16.70864],[-71.67204,-16.71387],[-71.66763,-16.72238],[-71.6788,-16.75615],[-71.67762,-16.76762],[-71.67965,-16.77804],[-71.67829,-16.78906],[-71.68641,-16.80209],[-71.6957,-16.80664],[-71.69925,-16.81978],[-71.69857,-16.82817],[-71.7032,-16.84993],[-71.70648,-16.85555],[-71.704,-16.86691],[-71.69841,-16.87542],[-71.69284,-16.8935],[-71.69508,-16.90501],[-71.70668,-16.90324],[-71.70772,-16.89993],[-71.73457,-16.89081],[-71.73774,-16.88422],[-71.75046,-16.87896],[-71.75731,-16.88355],[-71.76846,-16.89827],[-71.79045,-16.91464],[-71.80094,-16.91212],[-71.80987,-16.899],[-71.8191,-16.89373],[-71.82032,-16.88618],[-71.82772,-16.8771],[-71.84982,-16.87088],[-71.85791,-16.87272],[-71.85875,-16.8771],[-71.86859,-16.88471],[-71.87883,-16.89602],[-71.87128,-16.90392],[-71.87481,-16.91046],[-71.87253,-16.92662],[-71.86261,-16.93722],[-71.86129,-16.94242],[-71.85373,-16.94795],[-71.85236,-16.9617]]]}},{"type":"Feature","properties":{"ubigeo":"040702","nombre":"Cocachacra"},"geometry":{"type":"Polygon","coordinates":[[[-71.42594,-16.74142],[-71.42969,-16.75134],[-71.42939,-16.77473],[-71.43646,-16.79563],[-71.44371,-16.80468],[-71.44411,-16.81755],[-71.44195,-16.82902],[-71.43579,-16.83683],[-71.44045,-16.84147],[-71.44085,-16.86128],[-71.43505,-16.8793],[-71.43033,-16.8881],[-71.42214,-16.8964],[-71.42514,-16.90695],[-71.42417,-16.91976],[-71.43122,-16.92693],[-71.43971,-16.92794],[-71.44135,-16.93242],[-71.45597,-16.93419],[-71.46594,-16.95057],[-71.45954,-16.96082],[-71.44489,-16.95648],[-71.43436,-16.96029],[-71.4221,-16.95508],[-71.40579,-16.95584],[-71.40183,-16.96052],[-71.4013,-16.96985],[-71.39463,-16.9734],[-71.39092,-16.98049],[-71.39512,-16.98497],[-71.39379,-16.99771],[-71.38916,-17.0025],[-71.38461,-17.02111],[-71.37234,-17.01904],[-71.36491,-17.01446],[-71.3596,-17.02353],[-71.34848,-17.02474],[-71.33942,-17.02176],[-71.33122,-17.03329],[-71.32037,-17.04002],[-71.31897,-17.04421],[-71.32581,-17.0564],[-71.34257,-17.06625],[-71.3499,-17.06261],[-71.36385,-17.0725],[-71.37224,-17.0729],[-71.37926,-17.07822],[-71.39738,-17.08626],[-71.40734,-17.09333],[-71.41537,-17.10486],[-71.41972,-17.10653],[-71.43475,-17.09927],[-71.4408,-17.0936],[-71.45496,-17.08964],[-71.46471,-17.08935],[-71.47887,-17.08194],[-71.48203,-17.0772],[-71.48914,-17.08226],[-71.50211,-17.08216],[-71.51469,-17.07922],[-71.54938,-17.07584],[-71.56031,-17.07642],[-71.56816,-17.07166],[-71.58224,-17.06922],[-71.59048,-17.07429],[-71.59956,-17.08557],[-71.61615,-17.0864],[-71.62962,-17.09213],[-71.65051,-17.09081],[-71.65343,-17.08642],[-71.65956,-17.08826],[-71.66853,-17.09917],[-71.67712,-17.10258],[-71.68617,-17.0979],[-71.70504,-17.09519],[-71.717,-17.10301],[-71.71891,-17.11206],[-71.73719,-17.1127],[-71.74389,-17.11844],[-71.75652,-17.11915],[-71.78172,-17.10968],[-71.78572,-17.10084],[-71.79293,-17.09527],[-71.78671,-17.07495],[-71.78152,-17.06702],[-71.78281,-17.05161],[-71.78903,-17.03243],[-71.80865,-17.03379],[-71.82982,-17.03076],[-71.83308,-17.02211],[-71.82632,-17.00931],[-71.82493,-16.99232],[-71.81718,-16.98945],[-71.81258,-16.97781],[-71.81978,-16.96868],[-71.8302,-16.96747],[-71.8468,-16.96038],[-71.85236,-16.9617],[-71.85373,-16.94795],[-71.86129,-16.94242],[-71.86261,-16.93722],[-71.87253,-16.92662],[-71.87481,-16.91046],[-71.87128,-16.90392],[-71.87883,-16.89602],[-71.86859,-16.88471],[-71.85875,-16.8771],[-71.85791,-16.87272],[-71.84982,-16.87088],[-71.82772,-16.8771],[-71.82032,-16.88618],[-71.8191,-16.89373],[-71.80987,-16.899],[-71.80094,-16.91212],[-71.79045,-16.91464],[-71.76846,-16.89827],[-71.75731,-16.88355],[-71.75046,-16.87896],[-71.73774,-16.88422],[-71.73457,-16.89081],[-71.70772,-16.89993],[-71.70668,-16.90324],[-71.69508,-16.90501],[-71.69284,-16.8935],[-71.69841,-16.87542],[-71.704,-16.86691],[-71.70648,-16.85555],[-71.7032,-16.84993],[-71.69857,-16.82817],[-71.69925,-16.81978],[-71.6957,-16.80664],[-71.68641,-16.80209],[-71.67829,-16.78906],[-71.67965,-16.77804],[-71.67762,-16.76762],[-71.6788,-16.75615],[-71.66763,-16.72238],[-71.67204,-16.71387],[-71.66728,-16.70864],[-71.66698,-16.70163],[-71.65965,-16.7012],[-71.64932,-16.69495],[-71.63882,-16.70444],[-71.62873,-16.68368],[-71.62037,-16.68191],[-71.60656,-16.68317],[-71.59877,-16.68781],[-71.59369,-16.68658],[-71.57484,-16.69596],[-71.57156,-16.69949],[-71.55465,-16.68428],[-71.54512,-16.68931],[-71.53548,-16.70076],[-71.5306,-16.71324],[-71.53134,-16.7286],[-71.51286,-16.74504],[-71.5149,-16.75137],[-71.51029,-16.75866],[-71.50062,-16.76662],[-71.49268,-16.76786],[-71.48122,-16.76381],[-71.46524,-16.762],[-71.46271,-16.7571],[-71.45457,-16.75644],[-71.45233,-16.7464],[-71.45572,-16.74207],[-71.45277,-16.73362],[-71.44064,-16.73039],[-71.42594,-16.74142]]]}},{"type":"Feature","properties":{"ubigeo":"040703","nombre":"Dean Valdivia"},"geometry":{"type":"Polygon","coordinates":[[[-71.83833,-17.17026],[-71.85773,-17.15887],[-71.88989,-17.128],[-71.89263,-17.12417],[-71.88284,-17.11612],[-71.88316,-17.10853],[-71.87851,-17.10202],[-71.87782,-17.09363],[-71.88426,-17.08451],[-71.87793,-17.07711],[-71.87734,-17.06518],[-71.86546,-17.06019],[-71.86272,-17.0482],[-71.84793,-17.03706],[-71.82982,-17.03076],[-71.80865,-17.03379],[-71.78903,-17.03243],[-71.78281,-17.05161],[-71.78152,-17.06702],[-71.78671,-17.07495],[-71.79293,-17.09527],[-71.78572,-17.10084],[-71.78172,-17.10968],[-71.75652,-17.11915],[-71.76524,-17.12902],[-71.77552,-17.13556],[-71.7981,-17.14458],[-71.80815,-17.15405],[-71.81655,-17.15173],[-71.82006,-17.15568],[-71.83425,-17.16196],[-71.84073,-17.16146],[-71.83833,-17.17026]]]}},{"type":"Feature","properties":{"ubigeo":"040704","nombre":"Islay"},"geometry":{"type":"Polygon","coordinates":[[[-72.04812,-17.01623],[-72.07357,-17.02236],[-72.08789,-17.01267],[-72.09516,-17.01199],[-72.10429,-17.01643],[-72.11192,-17.01588],[-72.11273,-17.00584],[-72.10389,-16.99735],[-72.12348,-16.97618],[-72.11955,-16.9697],[-72.12754,-16.96691],[-72.13338,-16.97036],[-72.13575,-16.96444],[-72.14385,-16.96579],[-72.14893,-16.96204],[-72.14569,-16.95678],[-72.16233,-16.95123],[-72.1659,-16.9386],[-72.17298,-16.94079],[-72.17836,-16.9352],[-72.18456,-16.93556],[-72.18449,-16.92477],[-72.17651,-16.91666],[-72.17625,-16.90554],[-72.16396,-16.88945],[-72.15652,-16.8887],[-72.14637,-16.88071],[-72.14651,-16.87549],[-72.15489,-16.86946],[-72.15902,-16.86163],[-72.17199,-16.84989],[-72.1963,-16.84355],[-72.20267,-16.84445],[-72.20675,-16.83928],[-72.22384,-16.83455],[-72.21977,-16.82377],[-72.21076,-16.8172],[-72.21517,-16.80787],[-72.20558,-16.79903],[-72.19282,-16.79909],[-72.18472,-16.79388],[-72.17946,-16.7976],[-72.16962,-16.79422],[-72.16421,-16.79732],[-72.15295,-16.79468],[-72.13307,-16.77203],[-72.1319,-16.76666],[-72.12644,-16.76923],[-72.12193,-16.77916],[-72.10896,-16.776],[-72.10697,-16.77194],[-72.09693,-16.76757],[-72.0826,-16.77032],[-72.07214,-16.77752],[-72.06691,-16.78443],[-72.0631,-16.78058],[-72.04836,-16.77954],[-72.03856,-16.7845],[-72.03834,-16.79224],[-72.02174,-16.79199],[-72.01449,-16.79679],[-72.00209,-16.79642],[-71.9967,-16.79955],[-72.00519,-16.81179],[-72.02583,-16.87335],[-72.02635,-16.87992],[-72.03599,-16.88806],[-72.04214,-16.90893],[-72.05146,-16.92585],[-72.04949,-16.9297],[-72.05645,-16.94198],[-72.05265,-16.95139],[-72.05284,-16.96557],[-72.05569,-16.97],[-72.04996,-16.9866],[-72.04812,-17.01623]]]}},{"type":"Feature","properties":{"ubigeo":"040705","nombre":"Mejia"},"geometry":{"type":"Polygon","coordinates":[[[-71.89263,-17.12417],[-71.92265,-17.08751],[-71.9485,-17.06763],[-71.94156,-17.06225],[-71.94075,-17.05588],[-71.93175,-17.0517],[-71.92693,-17.04146],[-71.91661,-17.03573],[-71.91375,-17.03029],[-71.90061,-17.02319],[-71.8921,-17.0102],[-71.88989,-17.00096],[-71.87163,-16.9801],[-71.8677,-16.97211],[-71.85645,-16.97094],[-71.85236,-16.9617],[-71.8468,-16.96038],[-71.8302,-16.96747],[-71.81978,-16.96868],[-71.81258,-16.97781],[-71.81718,-16.98945],[-71.82493,-16.99232],[-71.82632,-17.00931],[-71.83308,-17.02211],[-71.82982,-17.03076],[-71.84793,-17.03706],[-71.86272,-17.0482],[-71.86546,-17.06019],[-71.87734,-17.06518],[-71.87793,-17.07711],[-71.88426,-17.08451],[-71.87782,-17.09363],[-71.87851,-17.10202],[-71.88316,-17.10853],[-71.88284,-17.11612],[-71.89263,-17.12417]]]}},{"type":"Feature","properties":{"ubigeo":"040706","nombre":"Punta de Bombón"},"geometry":{"type":"Polygon","coordinates":[[[-71.4908,-17.28501],[-71.50326,-17.2782],[-71.50932,-17.26861],[-71.52407,-17.26533],[-71.52807,-17.27125],[-71.53413,-17.25553],[-71.54359,-17.25509],[-71.54474,-17.25909],[-71.55717,-17.25613],[-71.56402,-17.26157],[-71.56992,-17.25444],[-71.57609,-17.25356],[-71.60828,-17.24277],[-71.63142,-17.23273],[-71.66464,-17.22039],[-71.69037,-17.21199],[-71.7289,-17.20255],[-71.77607,-17.19473],[-71.81222,-17.18431],[-71.83356,-17.1749],[-71.83833,-17.17026],[-71.84073,-17.16146],[-71.83425,-17.16196],[-71.82006,-17.15568],[-71.81655,-17.15173],[-71.80815,-17.15405],[-71.7981,-17.14458],[-71.77552,-17.13556],[-71.76524,-17.12902],[-71.75652,-17.11915],[-71.74389,-17.11844],[-71.73719,-17.1127],[-71.71891,-17.11206],[-71.717,-17.10301],[-71.70504,-17.09519],[-71.68617,-17.0979],[-71.67712,-17.10258],[-71.66853,-17.09917],[-71.65956,-17.08826],[-71.65343,-17.08642],[-71.65051,-17.09081],[-71.62962,-17.09213],[-71.61615,-17.0864],[-71.59956,-17.08557],[-71.59048,-17.07429],[-71.58224,-17.06922],[-71.56816,-17.07166],[-71.56031,-17.07642],[-71.54938,-17.07584],[-71.51469,-17.07922],[-71.50211,-17.08216],[-71.48914,-17.08226],[-71.48203,-17.0772],[-71.47887,-17.08194],[-71.46471,-17.08935],[-71.45496,-17.08964],[-71.4408,-17.0936],[-71.43475,-17.09927],[-71.41972,-17.10653],[-71.41537,-17.10486],[-71.40734,-17.09333],[-71.39738,-17.08626],[-71.37926,-17.07822],[-71.37224,-17.0729],[-71.36385,-17.0725],[-71.3499,-17.06261],[-71.34257,-17.06625],[-71.32581,-17.0564],[-71.32365,-17.06179],[-71.31589,-17.06528],[-71.31561,-17.07861],[-71.31051,-17.08094],[-71.30781,-17.09014],[-71.30225,-17.09385],[-71.30584,-17.10367],[-71.31628,-17.11611],[-71.31633,-17.12474],[-71.32698,-17.13649],[-71.35139,-17.14741],[-71.35947,-17.15632],[-71.37044,-17.17417],[-71.38086,-17.18571],[-71.41087,-17.21259],[-71.4217,-17.23463],[-71.43648,-17.24405],[-71.44096,-17.25172],[-71.45744,-17.25216],[-71.46686,-17.25548],[-71.4712,-17.26526],[-71.4793,-17.27028],[-71.48371,-17.27914],[-71.4908,-17.28501]]]}},{"type":"Feature","properties":{"ubigeo":"040801","nombre":"Cotahuasi"},"geometry":{"type":"Polygon","coordinates":[[[-72.88998,-15.40349],[-72.88679,-15.39328],[-72.87763,-15.37716],[-72.88022,-15.35468],[-72.88958,-15.34022],[-72.89238,-15.33041],[-72.8896,-15.32161],[-72.89073,-15.31284],[-72.88698,-15.2989],[-72.89306,-15.28586],[-72.89336,-15.28001],[-72.88616,-15.27247],[-72.88448,-15.26079],[-72.88757,-15.25389],[-72.89671,-15.25256],[-72.90409,-15.24651],[-72.91763,-15.24399],[-72.93358,-15.23338],[-72.93565,-15.22688],[-72.9418,-15.22297],[-72.93465,-15.21448],[-72.92148,-15.20879],[-72.91737,-15.19753],[-72.91169,-15.19149],[-72.90642,-15.20094],[-72.89992,-15.20448],[-72.89271,-15.1992],[-72.88337,-15.19834],[-72.87892,-15.19163],[-72.86729,-15.19197],[-72.85869,-15.18084],[-72.85433,-15.19202],[-72.84573,-15.20616],[-72.8462,-15.21643],[-72.84196,-15.22263],[-72.82758,-15.22619],[-72.82364,-15.2351],[-72.8046,-15.2486],[-72.78779,-15.25183],[-72.78977,-15.26188],[-72.78848,-15.2742],[-72.80013,-15.28308],[-72.8037,-15.29097],[-72.81214,-15.29686],[-72.81137,-15.30355],[-72.83014,-15.31219],[-72.8372,-15.31788],[-72.84347,-15.34393],[-72.84105,-15.34934],[-72.84562,-15.3638],[-72.85625,-15.37588],[-72.86102,-15.39598],[-72.87507,-15.40609],[-72.87742,-15.40279],[-72.88998,-15.40349]]]}},{"type":"Feature","properties":{"ubigeo":"040802","nombre":"Alca"},"geometry":{"type":"Polygon","coordinates":[[[-72.6934,-15.24316],[-72.6953,-15.23696],[-72.71353,-15.22468],[-72.71912,-15.21695],[-72.73048,-15.20829],[-72.74989,-15.20233],[-72.75605,-15.1968],[-72.76883,-15.19617],[-72.77402,-15.19316],[-72.78623,-15.17857],[-72.79903,-15.16932],[-72.81438,-15.16313],[-72.81849,-15.15114],[-72.80938,-15.14747],[-72.77963,-15.14435],[-72.76473,-15.12922],[-72.7695,-15.11851],[-72.76579,-15.10307],[-72.76585,-15.09303],[-72.76185,-15.08711],[-72.74767,-15.08364],[-72.74237,-15.07778],[-72.73933,-15.0815],[-72.73608,-15.09698],[-72.72739,-15.10097],[-72.72273,-15.11111],[-72.71709,-15.11387],[-72.70665,-15.11174],[-72.70014,-15.11495],[-72.68675,-15.11431],[-72.67109,-15.12064],[-72.66288,-15.13073],[-72.6506,-15.13924],[-72.63972,-15.15793],[-72.64276,-15.18272],[-72.63852,-15.19524],[-72.63402,-15.19926],[-72.62933,-15.22113],[-72.63212,-15.22546],[-72.63705,-15.23286],[-72.64627,-15.2395],[-72.66119,-15.23337],[-72.68294,-15.24233],[-72.6934,-15.24316]]]}},{"type":"Feature","properties":{"ubigeo":"040803","nombre":"Charcana"},"geometry":{"type":"Polygon","coordinates":[[[-72.95022,-15.23234],[-72.95873,-15.24166],[-72.98474,-15.24591],[-72.99101,-15.25139],[-73.01515,-15.2609],[-73.02662,-15.24542],[-73.03316,-15.23066],[-73.05029,-15.24346],[-73.05249,-15.25355],[-73.06017,-15.25997],[-73.06726,-15.27106],[-73.07473,-15.2745],[-73.08467,-15.27202],[-73.0983,-15.25779],[-73.11857,-15.2553],[-73.12926,-15.26554],[-73.14696,-15.25778],[-73.13955,-15.25593],[-73.13611,-15.24411],[-73.13168,-15.24079],[-73.12109,-15.23162],[-73.11684,-15.22285],[-73.1109,-15.19738],[-73.11075,-15.18611],[-73.10145,-15.18769],[-73.09941,-15.18094],[-73.08287,-15.16397],[-73.07469,-15.16336],[-73.07357,-15.15787],[-73.06051,-15.14431],[-73.04875,-15.14178],[-73.04756,-15.13435],[-73.03595,-15.1337],[-73.02538,-15.14227],[-73.01473,-15.15734],[-73.00968,-15.16863],[-72.99483,-15.18434],[-72.99149,-15.19741],[-72.98429,-15.20724],[-72.97551,-15.21297],[-72.96867,-15.21173],[-72.95913,-15.2167],[-72.95197,-15.22504],[-72.95022,-15.23234]]]}},{"type":"Feature","properties":{"ubigeo":"040804","nombre":"Huaynacotas"},"geometry":{"type":"Polygon","coordinates":[[[-72.59438,-14.71368],[-72.59225,-14.72705],[-72.59613,-14.73401],[-72.5964,-14.74351],[-72.59225,-14.75866],[-72.59936,-14.76294],[-72.60653,-14.76204],[-72.61726,-14.76854],[-72.62148,-14.76571],[-72.63499,-14.76861],[-72.64748,-14.76871],[-72.6645,-14.78672],[-72.66703,-14.80297],[-72.67283,-14.81796],[-72.67581,-14.83452],[-72.68025,-14.84055],[-72.67621,-14.85176],[-72.68048,-14.87188],[-72.68116,-14.88398],[-72.68716,-14.89117],[-72.68539,-14.89773],[-72.6994,-14.91767],[-72.71357,-14.92953],[-72.7262,-14.96192],[-72.72031,-14.97474],[-72.72014,-14.98199],[-72.71161,-14.99166],[-72.7154,-15.01408],[-72.71136,-15.02197],[-72.71479,-15.02587],[-72.7127,-15.04666],[-72.70939,-15.05109],[-72.71196,-15.05938],[-72.72095,-15.06263],[-72.72712,-15.0749],[-72.74237,-15.07778],[-72.74767,-15.08364],[-72.76185,-15.08711],[-72.76585,-15.09303],[-72.76579,-15.10307],[-72.7695,-15.11851],[-72.76473,-15.12922],[-72.77963,-15.14435],[-72.80938,-15.14747],[-72.81849,-15.15114],[-72.82104,-15.15187],[-72.8347,-15.17455],[-72.844,-15.17539],[-72.84773,-15.18032],[-72.85869,-15.18084],[-72.86729,-15.19197],[-72.87892,-15.19163],[-72.88337,-15.19834],[-72.89271,-15.1992],[-72.89992,-15.20448],[-72.8998,-15.19564],[-72.88457,-15.18429],[-72.88416,-15.17911],[-72.86795,-15.15764],[-72.86526,-15.149],[-72.85408,-15.12932],[-72.84759,-15.12442],[-72.84959,-15.11654],[-72.84682,-15.10763],[-72.84929,-15.10233],[-72.84321,-15.09311],[-72.85088,-15.0815],[-72.84948,-15.07256],[-72.85626,-15.06839],[-72.85061,-15.04457],[-72.84541,-15.03472],[-72.8483,-15.02451],[-72.86389,-15.01595],[-72.86195,-15.00922],[-72.85152,-14.99959],[-72.84506,-14.99716],[-72.82895,-14.98363],[-72.82497,-14.96648],[-72.82683,-14.95454],[-72.83323,-14.94429],[-72.84082,-14.93802],[-72.84063,-14.93342],[-72.8478,-14.92515],[-72.84563,-14.9111],[-72.84826,-14.90151],[-72.86327,-14.89599],[-72.86562,-14.88619],[-72.86058,-14.88024],[-72.86889,-14.87439],[-72.87193,-14.86748],[-72.86869,-14.85885],[-72.87543,-14.85039],[-72.87651,-14.8433],[-72.86671,-14.83303],[-72.8656,-14.82368],[-72.87163,-14.81472],[-72.87099,-14.808],[-72.8553,-14.79817],[-72.83862,-14.79526],[-72.83579,-14.78107],[-72.84156,-14.76385],[-72.84636,-14.75994],[-72.84257,-14.75766],[-72.8397,-14.74499],[-72.83336,-14.73628],[-72.83275,-14.72034],[-72.8269,-14.71201],[-72.82858,-14.70263],[-72.81792,-14.68743],[-72.80593,-14.67556],[-72.80317,-14.66708],[-72.7897,-14.65021],[-72.77948,-14.66071],[-72.77041,-14.66471],[-72.76157,-14.66292],[-72.74377,-14.6497],[-72.74158,-14.64491],[-72.72935,-14.64655],[-72.72582,-14.64403],[-72.723,-14.6573],[-72.72607,-14.66619],[-72.72471,-14.6759],[-72.71521,-14.68007],[-72.69763,-14.67906],[-72.69064,-14.68866],[-72.67904,-14.67878],[-72.65713,-14.67401],[-72.65183,-14.66903],[-72.63471,-14.66867],[-72.62527,-14.67547],[-72.61102,-14.67613],[-72.59987,-14.68898],[-72.60216,-14.70279],[-72.59447,-14.7088],[-72.59438,-14.71368]]]}},{"type":"Feature","properties":{"ubigeo":"040805","nombre":"Pampamarca"},"geometry":{"type":"Polygon","coordinates":[[[-72.84636,-14.75994],[-72.84156,-14.76385],[-72.83579,-14.78107],[-72.83862,-14.79526],[-72.8553,-14.79817],[-72.87099,-14.808],[-72.87163,-14.81472],[-72.8656,-14.82368],[-72.86671,-14.83303],[-72.87651,-14.8433],[-72.87543,-14.85039],[-72.86869,-14.85885],[-72.87193,-14.86748],[-72.86889,-14.87439],[-72.86058,-14.88024],[-72.86562,-14.88619],[-72.86327,-14.89599],[-72.84826,-14.90151],[-72.84563,-14.9111],[-72.8478,-14.92515],[-72.84063,-14.93342],[-72.84082,-14.93802],[-72.83323,-14.94429],[-72.82683,-14.95454],[-72.82497,-14.96648],[-72.82895,-14.98363],[-72.84506,-14.99716],[-72.85152,-14.99959],[-72.86195,-15.00922],[-72.86389,-15.01595],[-72.8483,-15.02451],[-72.84541,-15.03472],[-72.85061,-15.04457],[-72.85626,-15.06839],[-72.84948,-15.07256],[-72.85088,-15.0815],[-72.84321,-15.09311],[-72.84929,-15.10233],[-72.84682,-15.10763],[-72.84959,-15.11654],[-72.84759,-15.12442],[-72.85408,-15.12932],[-72.86526,-15.149],[-72.86795,-15.15764],[-72.88416,-15.17911],[-72.88457,-15.18429],[-72.8998,-15.19564],[-72.89992,-15.20448],[-72.90642,-15.20094],[-72.91169,-15.19149],[-72.91737,-15.19753],[-72.92148,-15.20879],[-72.93465,-15.21448],[-72.9418,-15.22297],[-72.95022,-15.23234],[-72.95197,-15.22504],[-72.95913,-15.2167],[-72.96867,-15.21173],[-72.97551,-15.21297],[-72.98429,-15.20724],[-72.99149,-15.19741],[-72.99483,-15.18434],[-73.00968,-15.16863],[-73.01473,-15.15734],[-73.02538,-15.14227],[-73.03595,-15.1337],[-73.02673,-15.12976],[-73.02276,-15.13189],[-73.01921,-15.12216],[-73.01999,-15.11077],[-73.02453,-15.09176],[-73.01598,-15.07599],[-73.00619,-15.06829],[-73.00438,-15.05786],[-73.00775,-15.0503],[-73.00485,-15.04346],[-73.00535,-15.00932],[-72.99885,-14.99372],[-72.99268,-14.98764],[-72.98296,-14.98371],[-72.98299,-14.97208],[-72.98666,-14.9561],[-72.99172,-14.95243],[-72.9952,-14.94297],[-73.02135,-14.9155],[-73.03146,-14.90005],[-73.02649,-14.89108],[-73.02659,-14.88385],[-73.01877,-14.87141],[-73.01421,-14.85571],[-73.00478,-14.84166],[-73.00278,-14.81499],[-72.99323,-14.80412],[-72.97932,-14.80613],[-72.96927,-14.79515],[-72.96307,-14.79317],[-72.9548,-14.77746],[-72.94273,-14.76541],[-72.92992,-14.75817],[-72.92058,-14.75793],[-72.91062,-14.76949],[-72.89361,-14.77198],[-72.88234,-14.77143],[-72.87161,-14.76142],[-72.85892,-14.76382],[-72.84682,-14.75982],[-72.84636,-14.75994]]]}},{"type":"Feature","properties":{"ubigeo":"040806","nombre":"Puyca"},"geometry":{"type":"Polygon","coordinates":[[[-72.31544,-14.83386],[-72.31019,-14.84239],[-72.30698,-14.85556],[-72.31032,-14.86405],[-72.30672,-14.87328],[-72.30889,-14.88],[-72.303,-14.88652],[-72.30193,-14.8957],[-72.30547,-14.90765],[-72.31489,-14.92254],[-72.32307,-14.93092],[-72.33247,-14.93212],[-72.33722,-14.93848],[-72.34501,-14.93849],[-72.36665,-14.94765],[-72.3707,-14.95648],[-72.38217,-14.95519],[-72.39916,-14.95748],[-72.4027,-14.96695],[-72.40303,-14.98374],[-72.41032,-14.9933],[-72.43787,-14.99822],[-72.454,-15.00748],[-72.46712,-15.00988],[-72.47235,-15.01653],[-72.46184,-15.02279],[-72.46326,-15.02904],[-72.47592,-15.03604],[-72.49125,-15.04006],[-72.50673,-15.04907],[-72.51999,-15.0487],[-72.52692,-15.05862],[-72.51476,-15.06828],[-72.51517,-15.07287],[-72.49867,-15.07942],[-72.49585,-15.0881],[-72.48857,-15.09845],[-72.4875,-15.11114],[-72.49236,-15.12937],[-72.49895,-15.13419],[-72.49753,-15.14558],[-72.50581,-15.15308],[-72.501,-15.16602],[-72.49716,-15.16927],[-72.50602,-15.17799],[-72.51884,-15.1835],[-72.52818,-15.19766],[-72.54189,-15.20434],[-72.57189,-15.20027],[-72.58932,-15.20853],[-72.59825,-15.22261],[-72.60502,-15.22455],[-72.60998,-15.22004],[-72.6198,-15.22046],[-72.63212,-15.22546],[-72.62933,-15.22113],[-72.63402,-15.19926],[-72.63852,-15.19524],[-72.64276,-15.18272],[-72.63972,-15.15793],[-72.6506,-15.13924],[-72.66288,-15.13073],[-72.67109,-15.12064],[-72.68675,-15.11431],[-72.70014,-15.11495],[-72.70665,-15.11174],[-72.71709,-15.11387],[-72.72273,-15.11111],[-72.72739,-15.10097],[-72.73608,-15.09698],[-72.73933,-15.0815],[-72.74237,-15.07778],[-72.72712,-15.0749],[-72.72095,-15.06263],[-72.71196,-15.05938],[-72.70939,-15.05109],[-72.7127,-15.04666],[-72.71479,-15.02587],[-72.71136,-15.02197],[-72.7154,-15.01408],[-72.71161,-14.99166],[-72.72014,-14.98199],[-72.72031,-14.97474],[-72.7262,-14.96192],[-72.71357,-14.92953],[-72.6994,-14.91767],[-72.68539,-14.89773],[-72.68716,-14.89117],[-72.68116,-14.88398],[-72.68048,-14.87188],[-72.67621,-14.85176],[-72.68025,-14.84055],[-72.67581,-14.83452],[-72.67283,-14.81796],[-72.66703,-14.80297],[-72.6645,-14.78672],[-72.64748,-14.76871],[-72.63499,-14.76861],[-72.62148,-14.76571],[-72.61726,-14.76854],[-72.60653,-14.76204],[-72.59936,-14.76294],[-72.59225,-14.75866],[-72.5964,-14.74351],[-72.59613,-14.73401],[-72.59225,-14.72705],[-72.59438,-14.71368],[-72.5851,-14.70786],[-72.58456,-14.6962],[-72.57725,-14.68662],[-72.56078,-14.67838],[-72.5434,-14.67465],[-72.52539,-14.66713],[-72.51115,-14.67144],[-72.50566,-14.66468],[-72.48281,-14.66487],[-72.4771,-14.6582],[-72.47177,-14.6614],[-72.46314,-14.66811],[-72.46026,-14.67622],[-72.46846,-14.6931],[-72.47194,-14.70579],[-72.48613,-14.71254],[-72.48846,-14.72346],[-72.48264,-14.73041],[-72.48697,-14.74063],[-72.47957,-14.75486],[-72.47295,-14.75738],[-72.46864,-14.76402],[-72.47095,-14.77477],[-72.46918,-14.78699],[-72.4619,-14.78286],[-72.4509,-14.78411],[-72.44471,-14.79078],[-72.43538,-14.78991],[-72.43041,-14.79999],[-72.42308,-14.80275],[-72.41811,-14.81067],[-72.41863,-14.82024],[-72.40648,-14.82709],[-72.39568,-14.82501],[-72.3625,-14.82878],[-72.35014,-14.82779],[-72.31544,-14.83386]]]}},{"type":"Feature","properties":{"ubigeo":"040807","nombre":"Quechualla"},"geometry":{"type":"Polygon","coordinates":[[[-73.06825,-15.34146],[-73.08225,-15.34235],[-73.08812,-15.33567],[-73.1009,-15.3347],[-73.10746,-15.33684],[-73.1209,-15.33153],[-73.12554,-15.32591],[-73.12987,-15.30613],[-73.14845,-15.30704],[-73.15798,-15.31436],[-73.16419,-15.314],[-73.17213,-15.30608],[-73.16351,-15.29578],[-73.16004,-15.28636],[-73.15295,-15.28306],[-73.14954,-15.27366],[-73.15069,-15.26133],[-73.14696,-15.25778],[-73.12926,-15.26554],[-73.11857,-15.2553],[-73.0983,-15.25779],[-73.08467,-15.27202],[-73.07473,-15.2745],[-73.06726,-15.27106],[-73.06017,-15.25997],[-73.05249,-15.25355],[-73.05029,-15.24346],[-73.03316,-15.23066],[-73.02662,-15.24542],[-73.01515,-15.2609],[-72.99101,-15.25139],[-72.98474,-15.24591],[-72.95873,-15.24166],[-72.96515,-15.24495],[-72.96742,-15.25786],[-72.98113,-15.26303],[-72.97712,-15.27367],[-72.98164,-15.29238],[-72.99199,-15.28979],[-73.00371,-15.29159],[-73.00982,-15.2859],[-73.012,-15.2778],[-73.01985,-15.3024],[-73.03126,-15.30602],[-73.02741,-15.31303],[-73.04525,-15.32361],[-73.04274,-15.33791],[-73.04507,-15.34369],[-73.05251,-15.34648],[-73.06825,-15.34146]]]}},{"type":"Feature","properties":{"ubigeo":"040808","nombre":"Sayla"},"geometry":{"type":"Polygon","coordinates":[[[-73.28364,-15.38039],[-73.29062,-15.37132],[-73.29364,-15.36],[-73.2896,-15.34442],[-73.2902,-15.33598],[-73.27773,-15.31818],[-73.28242,-15.31233],[-73.28492,-15.29494],[-73.27995,-15.29034],[-73.26274,-15.28638],[-73.24593,-15.28609],[-73.24228,-15.28975],[-73.22157,-15.29797],[-73.20661,-15.29404],[-73.18518,-15.30582],[-73.17455,-15.30661],[-73.18305,-15.31883],[-73.1889,-15.3316],[-73.19367,-15.33635],[-73.20732,-15.33498],[-73.22581,-15.33999],[-73.23563,-15.34445],[-73.24661,-15.3438],[-73.25524,-15.35465],[-73.25584,-15.36514],[-73.27225,-15.37813],[-73.28364,-15.38039]]]}},{"type":"Feature","properties":{"ubigeo":"040809","nombre":"Tauria"},"geometry":{"type":"Polygon","coordinates":[[[-73.19602,-15.51736],[-73.20541,-15.5106],[-73.21999,-15.50001],[-73.21845,-15.4942],[-73.22521,-15.48146],[-73.23577,-15.47157],[-73.24818,-15.44963],[-73.24721,-15.44084],[-73.25395,-15.431],[-73.25206,-15.42551],[-73.25855,-15.4177],[-73.2617,-15.4045],[-73.2748,-15.39296],[-73.27911,-15.39108],[-73.28364,-15.38039],[-73.27225,-15.37813],[-73.25584,-15.36514],[-73.25524,-15.35465],[-73.24661,-15.3438],[-73.23563,-15.34445],[-73.22581,-15.33999],[-73.20732,-15.33498],[-73.19367,-15.33635],[-73.1889,-15.3316],[-73.18305,-15.31883],[-73.17455,-15.30661],[-73.17213,-15.30608],[-73.16419,-15.314],[-73.15798,-15.31436],[-73.14845,-15.30704],[-73.12987,-15.30613],[-73.12554,-15.32591],[-73.1209,-15.33153],[-73.10746,-15.33684],[-73.1009,-15.3347],[-73.08812,-15.33567],[-73.08225,-15.34235],[-73.06825,-15.34146],[-73.0685,-15.34615],[-73.07729,-15.35564],[-73.08491,-15.37525],[-73.07775,-15.38236],[-73.07549,-15.39731],[-73.07798,-15.40218],[-73.09046,-15.40717],[-73.09918,-15.42236],[-73.09034,-15.43594],[-73.09315,-15.45531],[-73.10867,-15.45825],[-73.11488,-15.45652],[-73.1234,-15.45951],[-73.13496,-15.45891],[-73.14093,-15.47048],[-73.13876,-15.47809],[-73.14079,-15.48711],[-73.16132,-15.49282],[-73.17167,-15.50327],[-73.17374,-15.50864],[-73.18357,-15.51682],[-73.19602,-15.51736]]]}},{"type":"Feature","properties":{"ubigeo":"040810","nombre":"Tomepampa"},"geometry":{"type":"Polygon","coordinates":[[[-72.78779,-15.25183],[-72.8046,-15.2486],[-72.82364,-15.2351],[-72.82758,-15.22619],[-72.84196,-15.22263],[-72.8462,-15.21643],[-72.84573,-15.20616],[-72.85433,-15.19202],[-72.85869,-15.18084],[-72.84773,-15.18032],[-72.844,-15.17539],[-72.8347,-15.17455],[-72.82104,-15.15187],[-72.81849,-15.15114],[-72.81438,-15.16313],[-72.79903,-15.16932],[-72.78623,-15.17857],[-72.77402,-15.19316],[-72.76883,-15.19617],[-72.75605,-15.1968],[-72.74989,-15.20233],[-72.73048,-15.20829],[-72.71912,-15.21695],[-72.71353,-15.22468],[-72.6953,-15.23696],[-72.6934,-15.24316],[-72.70662,-15.24422],[-72.72882,-15.25182],[-72.73963,-15.25317],[-72.76958,-15.24817],[-72.78278,-15.24419],[-72.78779,-15.25183]]]}},{"type":"Feature","properties":{"ubigeo":"040811","nombre":"Toro"},"geometry":{"type":"Polygon","coordinates":[[[-72.89317,-15.41001],[-72.90533,-15.40209],[-72.93378,-15.39448],[-72.9454,-15.39937],[-72.96168,-15.39596],[-72.96542,-15.39777],[-72.97575,-15.41353],[-72.97801,-15.42409],[-72.97602,-15.43128],[-72.98193,-15.44373],[-72.98519,-15.4602],[-72.98111,-15.47754],[-72.98957,-15.49412],[-72.9975,-15.50343],[-73.005,-15.50404],[-73.03496,-15.51878],[-73.03786,-15.52431],[-73.05985,-15.54304],[-73.07568,-15.55006],[-73.08298,-15.56149],[-73.09451,-15.56489],[-73.10504,-15.56289],[-73.11696,-15.572],[-73.12858,-15.56738],[-73.16125,-15.54587],[-73.16604,-15.5388],[-73.18092,-15.52891],[-73.18884,-15.52716],[-73.19602,-15.51736],[-73.18357,-15.51682],[-73.17374,-15.50864],[-73.17167,-15.50327],[-73.16132,-15.49282],[-73.14079,-15.48711],[-73.13876,-15.47809],[-73.14093,-15.47048],[-73.13496,-15.45891],[-73.1234,-15.45951],[-73.11488,-15.45652],[-73.10867,-15.45825],[-73.09315,-15.45531],[-73.09034,-15.43594],[-73.09918,-15.42236],[-73.09046,-15.40717],[-73.07798,-15.40218],[-73.07549,-15.39731],[-73.07775,-15.38236],[-73.08491,-15.37525],[-73.07729,-15.35564],[-73.0685,-15.34615],[-73.06825,-15.34146],[-73.05251,-15.34648],[-73.04507,-15.34369],[-73.04274,-15.33791],[-73.04525,-15.32361],[-73.02741,-15.31303],[-73.03126,-15.30602],[-73.01985,-15.3024],[-73.012,-15.2778],[-73.00982,-15.2859],[-73.00371,-15.29159],[-72.99199,-15.28979],[-72.98164,-15.29238],[-72.97712,-15.27367],[-72.98113,-15.26303],[-72.96742,-15.25786],[-72.96515,-15.24495],[-72.95873,-15.24166],[-72.95022,-15.23234],[-72.9418,-15.22297],[-72.93565,-15.22688],[-72.93358,-15.23338],[-72.91763,-15.24399],[-72.90409,-15.24651],[-72.89671,-15.25256],[-72.88757,-15.25389],[-72.88448,-15.26079],[-72.88616,-15.27247],[-72.89336,-15.28001],[-72.89306,-15.28586],[-72.88698,-15.2989],[-72.89073,-15.31284],[-72.8896,-15.32161],[-72.89238,-15.33041],[-72.88958,-15.34022],[-72.88022,-15.35468],[-72.87763,-15.37716],[-72.88679,-15.39328],[-72.88998,-15.40349],[-72.89317,-15.41001]]]}}]}