{"type":"FeatureCollection","features":[{"type":"Feature","properties":{"ubigeo":"050101","nombre":"Ayacucho"},"geometry":{"type":"Polygon","coordinates":[[[-74.21857,-13.1618],[-74.21568,-13.16592],[-74.22344,-13.16398],[-74.22687,-13.16882],[-74.22826,-13.17723],[-74.23867,-13.19292],[-74.25496,-13.19302],[-74.26029,-13.1985],[-74.26091,-13.20549],[-74.2713,-13.19728],[-74.26767,-13.19417],[-74.27661,-13.17403],[-74.28939,-13.16141],[-74.28591,-13.14939],[-74.28042,-13.14819],[-74.28315,-13.13752],[-74.2819,-13.13006],[-74.28175,-13.12139],[-74.28685,-13.11073],[-74.2736,-13.09182],[-74.27546,-13.07891],[-74.2736,-13.07141],[-74.27203,-13.0696],[-74.2616,-13.07533],[-74.25375,-13.07292],[-74.23317,-13.0783],[-74.2292,-13.08445],[-74.23132,-13.09124],[-74.2112,-13.11497],[-74.21644,-13.11852],[-74.21376,-13.12784],[-74.22949,-13.13454],[-74.21472,-13.14846],[-74.21876,-13.1512],[-74.21857,-13.1618]]]}},{"type":"Feature","properties":{"ubigeo":"050102","nombre":"Acocro"},"geometry":{"type":"Polygon","coordinates":[[[-73.9614,-13.18726],[-73.96143,-13.20096],[-73.9638,-13.20695],[-73.94594,-13.2291],[-73.94773,-13.24111],[-73.94486,-13.26657],[-73.93054,-13.2834],[-73.9246,-13.28504],[-73.92205,-13.29179],[-73.92565,-13.30036],[-73.91967,-13.30777],[-73.92554,-13.32408],[-73.93317,-13.32764],[-73.94244,-13.3392],[-73.94371,-13.34986],[-73.95579,-13.3597],[-73.95764,-13.37328],[-73.96234,-13.37798],[-73.96208,-13.38814],[-73.95638,-13.39769],[-73.95666,-13.41975],[-73.99251,-13.44133],[-73.9999,-13.4401],[-74.01309,-13.44266],[-74.02165,-13.43959],[-74.03586,-13.44416],[-74.04482,-13.4409],[-74.04752,-13.41679],[-74.0589,-13.40894],[-74.05859,-13.39646],[-74.07088,-13.38758],[-74.07351,-13.37913],[-74.08084,-13.37633],[-74.07912,-13.36469],[-74.08511,-13.36129],[-74.09202,-13.35171],[-74.09826,-13.35593],[-74.11134,-13.34971],[-74.10798,-13.3456],[-74.10673,-13.33167],[-74.10287,-13.32624],[-74.09691,-13.30541],[-74.1105,-13.29802],[-74.11744,-13.28838],[-74.12336,-13.28501],[-74.11558,-13.26992],[-74.11527,-13.26491],[-74.10691,-13.25122],[-74.10648,-13.23621],[-74.09966,-13.22561],[-74.08952,-13.20237],[-74.09136,-13.19015],[-74.08579,-13.17254],[-74.09125,-13.16737],[-74.09241,-13.16049],[-74.0823,-13.16599],[-74.07012,-13.17898],[-74.05895,-13.1856],[-74.05387,-13.19523],[-74.04096,-13.19473],[-74.03132,-13.20723],[-74.01356,-13.19371],[-74.00199,-13.19576],[-73.98693,-13.19368],[-73.98059,-13.1887],[-73.9688,-13.17286],[-73.96686,-13.18519],[-73.9614,-13.18726]]]}},{"type":"Feature","properties":{"ubigeo":"050103","nombre":"Acos Vinchos"},"geometry":{"type":"Polygon","coordinates":[[[-74.01623,-13.10955],[-74.01735,-13.11818],[-74.00726,-13.12425],[-74.00903,-13.1296],[-73.99704,-13.14619],[-73.99341,-13.14814],[-73.99392,-13.16188],[-73.98199,-13.17088],[-73.9688,-13.17286],[-73.98059,-13.1887],[-73.98693,-13.19368],[-74.00199,-13.19576],[-74.01356,-13.19371],[-74.03132,-13.20723],[-74.04096,-13.19473],[-74.05387,-13.19523],[-74.05895,-13.1856],[-74.07012,-13.17898],[-74.0823,-13.16599],[-74.09241,-13.16049],[-74.09661,-13.15553],[-74.09311,-13.14414],[-74.10095,-13.13503],[-74.12728,-13.13087],[-74.11897,-13.11596],[-74.12526,-13.10896],[-74.12582,-13.10194],[-74.12132,-13.08914],[-74.11257,-13.08402],[-74.10543,-13.06747],[-74.10059,-13.06321],[-74.09125,-13.06194],[-74.08395,-13.04792],[-74.0682,-13.03675],[-74.06573,-13.03194],[-74.05433,-13.03475],[-74.052,-13.04014],[-74.05673,-13.05394],[-74.06085,-13.05632],[-74.05813,-13.0627],[-74.04991,-13.06613],[-74.04647,-13.08596],[-74.03728,-13.09739],[-74.02682,-13.09241],[-74.02074,-13.09878],[-74.01623,-13.10955]]]}},{"type":"Feature","properties":{"ubigeo":"050104","nombre":"Carmen Alto"},"geometry":{"type":"Polygon","coordinates":[[[-74.26091,-13.20549],[-74.26029,-13.1985],[-74.25496,-13.19302],[-74.23867,-13.19292],[-74.22826,-13.17723],[-74.22687,-13.16882],[-74.21893,-13.17376],[-74.2099,-13.18342],[-74.212,-13.18947],[-74.22208,-13.1942],[-74.22758,-13.20398],[-74.22542,-13.20831],[-74.22902,-13.21592],[-74.22602,-13.22188],[-74.24151,-13.24134],[-74.2476,-13.23289],[-74.24463,-13.21903],[-74.2481,-13.21229],[-74.26091,-13.20549]]]}},{"type":"Feature","properties":{"ubigeo":"050105","nombre":"Chiara"},"geometry":{"type":"Polygon","coordinates":[[[-74.0589,-13.40894],[-74.06251,-13.41625],[-74.07275,-13.42034],[-74.07058,-13.43408],[-74.08047,-13.45058],[-74.07769,-13.46643],[-74.06598,-13.48172],[-74.06844,-13.48944],[-74.06596,-13.50071],[-74.0679,-13.50665],[-74.0509,-13.5346],[-74.05563,-13.53574],[-74.06216,-13.53353],[-74.07251,-13.53832],[-74.07845,-13.53268],[-74.08514,-13.53606],[-74.09949,-13.53623],[-74.12591,-13.52879],[-74.13878,-13.5133],[-74.14578,-13.5136],[-74.15194,-13.50903],[-74.16013,-13.49701],[-74.16581,-13.46865],[-74.17209,-13.45374],[-74.18648,-13.43809],[-74.19362,-13.4338],[-74.19577,-13.41807],[-74.19943,-13.41083],[-74.19643,-13.40305],[-74.20619,-13.40423],[-74.21291,-13.41375],[-74.22669,-13.41672],[-74.2375,-13.41379],[-74.24724,-13.42034],[-74.25911,-13.41528],[-74.26213,-13.39635],[-74.27412,-13.3918],[-74.2689,-13.37481],[-74.26063,-13.37306],[-74.25179,-13.36159],[-74.2463,-13.35087],[-74.2412,-13.34763],[-74.23659,-13.33674],[-74.24412,-13.33226],[-74.24638,-13.32349],[-74.24144,-13.30982],[-74.24665,-13.28575],[-74.24051,-13.27799],[-74.24253,-13.26251],[-74.24637,-13.25385],[-74.24113,-13.24172],[-74.22904,-13.23221],[-74.21766,-13.22691],[-74.21051,-13.21882],[-74.21219,-13.21038],[-74.2001,-13.20199],[-74.19363,-13.20462],[-74.18965,-13.2125],[-74.1877,-13.22484],[-74.17302,-13.23517],[-74.16058,-13.253],[-74.15185,-13.25555],[-74.1394,-13.27489],[-74.12336,-13.28501],[-74.11744,-13.28838],[-74.1105,-13.29802],[-74.09691,-13.30541],[-74.10287,-13.32624],[-74.10673,-13.33167],[-74.10798,-13.3456],[-74.11134,-13.34971],[-74.09826,-13.35593],[-74.09202,-13.35171],[-74.08511,-13.36129],[-74.07912,-13.36469],[-74.08084,-13.37633],[-74.07351,-13.37913],[-74.07088,-13.38758],[-74.05859,-13.39646],[-74.0589,-13.40894]]]}},{"type":"Feature","properties":{"ubigeo":"050106","nombre":"Ocros"},"geometry":{"type":"Polygon","coordinates":[[[-73.8348,-13.47018],[-73.85322,-13.46862],[-73.86503,-13.46523],[-73.88369,-13.47604],[-73.88796,-13.48398],[-73.89656,-13.48609],[-73.90117,-13.4825],[-73.92175,-13.49728],[-73.93019,-13.49938],[-73.93577,-13.49682],[-73.95215,-13.50095],[-73.96597,-13.5003],[-73.97753,-13.49518],[-73.97649,-13.4864],[-73.99275,-13.47721],[-73.98591,-13.47199],[-73.98403,-13.46137],[-73.99442,-13.45525],[-73.99251,-13.44133],[-73.95666,-13.41975],[-73.95638,-13.39769],[-73.96208,-13.38814],[-73.96234,-13.37798],[-73.95764,-13.37328],[-73.95579,-13.3597],[-73.94371,-13.34986],[-73.94244,-13.3392],[-73.93317,-13.32764],[-73.92554,-13.32408],[-73.91967,-13.30777],[-73.92565,-13.30036],[-73.92205,-13.29179],[-73.9246,-13.28504],[-73.91707,-13.27766],[-73.89688,-13.27897],[-73.88679,-13.27538],[-73.87026,-13.26157],[-73.86193,-13.25933],[-73.84651,-13.25904],[-73.84854,-13.2748],[-73.85576,-13.28375],[-73.86581,-13.28957],[-73.86815,-13.30384],[-73.85811,-13.30935],[-73.82988,-13.30374],[-73.81408,-13.30752],[-73.80705,-13.31483],[-73.82073,-13.3181],[-73.82321,-13.3245],[-73.83199,-13.33066],[-73.82799,-13.33651],[-73.82867,-13.34454],[-73.83494,-13.36882],[-73.83796,-13.37374],[-73.83891,-13.38678],[-73.84696,-13.39743],[-73.84651,-13.40253],[-73.83686,-13.41656],[-73.8393,-13.41945],[-73.82739,-13.43374],[-73.82905,-13.44523],[-73.83855,-13.45417],[-73.83414,-13.46144],[-73.8348,-13.47018]]]}},{"type":"Feature","properties":{"ubigeo":"050107","nombre":"Pacaycasa"},"geometry":{"type":"Polygon","coordinates":[[[-74.18351,-13.04974],[-74.17439,-13.05939],[-74.17462,-13.06627],[-74.1964,-13.07703],[-74.20824,-13.08704],[-74.2292,-13.08445],[-74.23317,-13.0783],[-74.25375,-13.07292],[-74.2616,-13.07533],[-74.27203,-13.0696],[-74.27441,-13.05993],[-74.27251,-13.05368],[-74.27623,-13.03653],[-74.27165,-13.03185],[-74.28026,-13.002],[-74.2568,-13.01795],[-74.25474,-13.02215],[-74.24305,-13.02699],[-74.21379,-13.03442],[-74.18888,-13.05082],[-74.18351,-13.04974]]]}},{"type":"Feature","properties":{"ubigeo":"050108","nombre":"Quinua"},"geometry":{"type":"Polygon","coordinates":[[[-74.12728,-13.13087],[-74.13557,-13.13094],[-74.14494,-13.12475],[-74.15175,-13.11432],[-74.15796,-13.11824],[-74.16858,-13.11469],[-74.19007,-13.11496],[-74.19497,-13.10781],[-74.2006,-13.10604],[-74.20398,-13.09817],[-74.21895,-13.09302],[-74.2292,-13.08445],[-74.20824,-13.08704],[-74.1964,-13.07703],[-74.17462,-13.06627],[-74.17439,-13.05939],[-74.18351,-13.04974],[-74.16435,-13.04315],[-74.16088,-13.03754],[-74.14573,-13.029],[-74.13616,-13.02142],[-74.12775,-13.0093],[-74.11869,-13.0066],[-74.10631,-13.00507],[-74.09822,-13],[-74.09104,-12.99067],[-74.07738,-12.98495],[-74.07707,-12.99398],[-74.06849,-13.00472],[-74.066,-13.01648],[-74.06904,-13.02277],[-74.06573,-13.03194],[-74.0682,-13.03675],[-74.08395,-13.04792],[-74.09125,-13.06194],[-74.10059,-13.06321],[-74.10543,-13.06747],[-74.11257,-13.08402],[-74.12132,-13.08914],[-74.12582,-13.10194],[-74.12526,-13.10896],[-74.11897,-13.11596],[-74.12728,-13.13087]]]}},{"type":"Feature","properties":{"ubigeo":"050109","nombre":"San José de Ticllas"},"geometry":{"type":"Polygon","coordinates":[[[-74.2819,-13.13006],[-74.29326,-13.13729],[-74.29734,-13.15284],[-74.30232,-13.1594],[-74.32115,-13.1616],[-74.33159,-13.17212],[-74.34435,-13.17371],[-74.35031,-13.17439],[-74.36866,-13.15868],[-74.38957,-13.15175],[-74.38925,-13.12831],[-74.38595,-13.12914],[-74.3653,-13.12205],[-74.36629,-13.11615],[-74.35366,-13.10778],[-74.34554,-13.10819],[-74.33285,-13.10492],[-74.33001,-13.09279],[-74.32376,-13.09097],[-74.30686,-13.07829],[-74.29892,-13.06382],[-74.28872,-13.06595],[-74.28014,-13.07419],[-74.2736,-13.07141],[-74.27546,-13.07891],[-74.2736,-13.09182],[-74.28685,-13.11073],[-74.28175,-13.12139],[-74.2819,-13.13006]]]}},{"type":"Feature","properties":{"ubigeo":"050110","nombre":"San Juan Bautista"},"geometry":{"type":"Polygon","coordinates":[[[-74.19051,-13.17489],[-74.19393,-13.19475],[-74.2001,-13.20199],[-74.21219,-13.21038],[-74.21051,-13.21882],[-74.21766,-13.22691],[-74.22904,-13.23221],[-74.24113,-13.24172],[-74.24151,-13.24134],[-74.22602,-13.22188],[-74.22902,-13.21592],[-74.22542,-13.20831],[-74.22758,-13.20398],[-74.22208,-13.1942],[-74.212,-13.18947],[-74.2099,-13.18342],[-74.21893,-13.17376],[-74.22687,-13.16882],[-74.22344,-13.16398],[-74.21568,-13.16592],[-74.19051,-13.17489]]]}},{"type":"Feature","properties":{"ubigeo":"050111","nombre":"Santiago de Pischa"},"geometry":{"type":"Polygon","coordinates":[[[-74.38925,-13.12831],[-74.41087,-13.1197],[-74.41151,-13.106],[-74.40992,-13.08842],[-74.41111,-13.07887],[-74.40088,-13.05441],[-74.38947,-13.04187],[-74.38924,-13.03444],[-74.37991,-13.02449],[-74.36804,-13.02117],[-74.35784,-13.0258],[-74.34588,-13.02584],[-74.33702,-13.0324],[-74.33133,-13.04321],[-74.31035,-13.05961],[-74.29892,-13.06382],[-74.30686,-13.07829],[-74.32376,-13.09097],[-74.33001,-13.09279],[-74.33285,-13.10492],[-74.34554,-13.10819],[-74.35366,-13.10778],[-74.36629,-13.11615],[-74.3653,-13.12205],[-74.38595,-13.12914],[-74.38925,-13.12831]]]}},{"type":"Feature","properties":{"ubigeo":"050112","nombre":"Socos"},"geometry":{"type":"Polygon","coordinates":[[[-74.24151,-13.24134],[-74.24113,-13.24172],[-74.24637,-13.25385],[-74.24253,-13.26251],[-74.24051,-13.27799],[-74.24665,-13.28575],[-74.24144,-13.30982],[-74.24638,-13.32349],[-74.24412,-13.33226],[-74.23659,-13.33674],[-74.2412,-13.34763],[-74.2463,-13.35087],[-74.25179,-13.36159],[-74.26063,-13.37306],[-74.2689,-13.37481],[-74.27412,-13.3918],[-74.28201,-13.38716],[-74.28448,-13.37821],[-74.29095,-13.3744],[-74.29645,-13.36459],[-74.30494,-13.35746],[-74.30624,-13.34339],[-74.31304,-13.325],[-74.30343,-13.30637],[-74.3049,-13.30231],[-74.29831,-13.28864],[-74.29575,-13.27849],[-74.30198,-13.26354],[-74.29912,-13.25741],[-74.30739,-13.2564],[-74.31505,-13.2496],[-74.31654,-13.23881],[-74.32296,-13.23278],[-74.33039,-13.21638],[-74.33891,-13.20686],[-74.33905,-13.19834],[-74.35039,-13.18143],[-74.34435,-13.17371],[-74.33159,-13.17212],[-74.32115,-13.1616],[-74.30232,-13.1594],[-74.29734,-13.15284],[-74.29326,-13.13729],[-74.2819,-13.13006],[-74.28315,-13.13752],[-74.28042,-13.14819],[-74.28591,-13.14939],[-74.28939,-13.16141],[-74.27661,-13.17403],[-74.26767,-13.19417],[-74.2713,-13.19728],[-74.26091,-13.20549],[-74.2481,-13.21229],[-74.24463,-13.21903],[-74.2476,-13.23289],[-74.24151,-13.24134]]]}},{"type":"Feature","properties":{"ubigeo":"050113","nombre":"Tambillo"},"geometry":{"type":"Polygon","coordinates":[[[-74.09241,-13.16049],[-74.09125,-13.16737],[-74.08579,-13.17254],[-74.09136,-13.19015],[-74.08952,-13.20237],[-74.09966,-13.22561],[-74.10648,-13.23621],[-74.10691,-13.25122],[-74.11527,-13.26491],[-74.11558,-13.26992],[-74.12336,-13.28501],[-74.1394,-13.27489],[-74.15185,-13.25555],[-74.16058,-13.253],[-74.17302,-13.23517],[-74.1877,-13.22484],[-74.18965,-13.2125],[-74.19363,-13.20462],[-74.2001,-13.20199],[-74.19393,-13.19475],[-74.19051,-13.17489],[-74.18868,-13.1536],[-74.18926,-13.1413],[-74.18666,-13.13871],[-74.18437,-13.13264],[-74.18887,-13.12143],[-74.19545,-13.1153],[-74.19497,-13.10781],[-74.19007,-13.11496],[-74.16858,-13.11469],[-74.15796,-13.11824],[-74.15175,-13.11432],[-74.14494,-13.12475],[-74.13557,-13.13094],[-74.12728,-13.13087],[-74.10095,-13.13503],[-74.09311,-13.14414],[-74.09661,-13.15553],[-74.09241,-13.16049]]]}},{"type":"Feature","properties":{"ubigeo":"050114","nombre":"Vinchos"},"geometry":{"type":"Polygon","coordinates":[[[-74.27412,-13.3918],[-74.27936,-13.40831],[-74.30432,-13.42133],[-74.31657,-13.42635],[-74.33028,-13.42478],[-74.33601,-13.43875],[-74.35354,-13.44053],[-74.35879,-13.43648],[-74.36717,-13.43606],[-74.37022,-13.42826],[-74.37838,-13.41904],[-74.38498,-13.42562],[-74.38273,-13.43188],[-74.3946,-13.44479],[-74.40176,-13.43437],[-74.41348,-13.44007],[-74.41745,-13.44647],[-74.42433,-13.44478],[-74.43176,-13.44912],[-74.45213,-13.44914],[-74.45821,-13.45172],[-74.46662,-13.44928],[-74.47575,-13.45314],[-74.48693,-13.4442],[-74.50632,-13.43648],[-74.51493,-13.42929],[-74.52709,-13.42355],[-74.52753,-13.41376],[-74.53158,-13.4034],[-74.54754,-13.39579],[-74.55485,-13.38969],[-74.56344,-13.3919],[-74.57168,-13.38712],[-74.57041,-13.3753],[-74.57649,-13.36625],[-74.57112,-13.35205],[-74.57112,-13.3454],[-74.56684,-13.34178],[-74.58636,-13.3349],[-74.60083,-13.33216],[-74.62565,-13.33708],[-74.63283,-13.34478],[-74.65123,-13.3334],[-74.65651,-13.3338],[-74.66763,-13.32662],[-74.67094,-13.30851],[-74.67709,-13.29443],[-74.68606,-13.28637],[-74.67193,-13.27492],[-74.6635,-13.27148],[-74.65239,-13.27119],[-74.64465,-13.27414],[-74.63757,-13.26359],[-74.63221,-13.26034],[-74.62219,-13.24398],[-74.60069,-13.22739],[-74.60164,-13.22182],[-74.59563,-13.21285],[-74.58698,-13.2113],[-74.58481,-13.20309],[-74.57942,-13.20134],[-74.58034,-13.19453],[-74.57098,-13.18467],[-74.55953,-13.18513],[-74.55317,-13.18898],[-74.54447,-13.19939],[-74.53072,-13.19552],[-74.52561,-13.18959],[-74.51706,-13.19669],[-74.50685,-13.19391],[-74.49417,-13.1866],[-74.48199,-13.19252],[-74.46795,-13.18772],[-74.45844,-13.19004],[-74.44928,-13.17863],[-74.43492,-13.16988],[-74.42979,-13.16348],[-74.42043,-13.15954],[-74.41031,-13.16028],[-74.39775,-13.16872],[-74.39834,-13.16036],[-74.38957,-13.15175],[-74.36866,-13.15868],[-74.35031,-13.17439],[-74.34435,-13.17371],[-74.35039,-13.18143],[-74.33905,-13.19834],[-74.33891,-13.20686],[-74.33039,-13.21638],[-74.32296,-13.23278],[-74.31654,-13.23881],[-74.31505,-13.2496],[-74.30739,-13.2564],[-74.29912,-13.25741],[-74.30198,-13.26354],[-74.29575,-13.27849],[-74.29831,-13.28864],[-74.3049,-13.30231],[-74.30343,-13.30637],[-74.31304,-13.325],[-74.30624,-13.34339],[-74.30494,-13.35746],[-74.29645,-13.36459],[-74.29095,-13.3744],[-74.28448,-13.37821],[-74.28201,-13.38716],[-74.27412,-13.3918]]]}},{"type":"Feature","properties":{"ubigeo":"050115","nombre":"Jesús Nazareno"},"geometry":{"type":"Polygon","coordinates":[[[-74.18666,-13.13871],[-74.20303,-13.13388],[-74.21135,-13.15734],[-74.21857,-13.1618],[-74.21876,-13.1512],[-74.21472,-13.14846],[-74.22949,-13.13454],[-74.21376,-13.12784],[-74.21644,-13.11852],[-74.2112,-13.11497],[-74.23132,-13.09124],[-74.2292,-13.08445],[-74.21895,-13.09302],[-74.20398,-13.09817],[-74.2006,-13.10604],[-74.19497,-13.10781],[-74.19545,-13.1153],[-74.18887,-13.12143],[-74.18437,-13.13264],[-74.18666,-13.13871]]]}},{"type":"Feature","properties":{"ubigeo":"050116","nombre":"Andrés Avelino Cáceres Dorregaray"},"geometry":{"type":"Polygon","coordinates":[[[-74.19051,-13.17489],[-74.21568,-13.16592],[-74.21857,-13.1618],[-74.21135,-13.15734],[-74.20303,-13.13388],[-74.18666,-13.13871],[-74.18926,-13.1413],[-74.18868,-13.1536],[-74.19051,-13.17489]]]}},{"type":"Feature","properties":{"ubigeo":"050201","nombre":"Cangallo"},"geometry":{"type":"Polygon","coordinates":[[[-74.05007,-13.68265],[-74.07603,-13.67884],[-74.08248,-13.6745],[-74.09323,-13.67293],[-74.10041,-13.66645],[-74.09768,-13.66212],[-74.11732,-13.64957],[-74.12857,-13.63844],[-74.13948,-13.63294],[-74.1474,-13.63352],[-74.15442,-13.63976],[-74.16792,-13.636],[-74.18226,-13.63991],[-74.1964,-13.63858],[-74.206,-13.6326],[-74.20531,-13.61548],[-74.19082,-13.60676],[-74.19608,-13.5943],[-74.18912,-13.59305],[-74.17713,-13.59995],[-74.16854,-13.59716],[-74.16703,-13.59117],[-74.15169,-13.59277],[-74.1524,-13.58496],[-74.15974,-13.56477],[-74.15079,-13.5517],[-74.14943,-13.54498],[-74.15901,-13.5347],[-74.1532,-13.52445],[-74.15194,-13.50903],[-74.14578,-13.5136],[-74.13878,-13.5133],[-74.12591,-13.52879],[-74.09949,-13.53623],[-74.08514,-13.53606],[-74.07845,-13.53268],[-74.07251,-13.53832],[-74.06216,-13.53353],[-74.05563,-13.53574],[-74.05864,-13.54256],[-74.05595,-13.55498],[-74.0582,-13.56537],[-74.06373,-13.57448],[-74.05632,-13.58529],[-74.05957,-13.5934],[-74.05098,-13.60012],[-74.03932,-13.60484],[-74.03584,-13.61517],[-74.03908,-13.63168],[-74.04651,-13.63592],[-74.0521,-13.64609],[-74.05009,-13.651],[-74.05435,-13.66892],[-74.05102,-13.67219],[-74.05007,-13.68265]]]}},{"type":"Feature","properties":{"ubigeo":"050202","nombre":"Chuschi"},"geometry":{"type":"Polygon","coordinates":[[[-74.30753,-13.48906],[-74.31414,-13.5087],[-74.32422,-13.51056],[-74.33719,-13.52056],[-74.34133,-13.53135],[-74.34366,-13.54757],[-74.3423,-13.55591],[-74.32395,-13.57226],[-74.30579,-13.58499],[-74.29822,-13.59557],[-74.29714,-13.60739],[-74.28993,-13.62198],[-74.27857,-13.63354],[-74.28909,-13.63392],[-74.30133,-13.63272],[-74.31173,-13.62574],[-74.3192,-13.62653],[-74.35314,-13.61118],[-74.36839,-13.6028],[-74.40122,-13.5927],[-74.41602,-13.59596],[-74.42584,-13.59369],[-74.43507,-13.58782],[-74.43792,-13.57705],[-74.4363,-13.55691],[-74.43264,-13.55163],[-74.44112,-13.53591],[-74.44277,-13.52355],[-74.45296,-13.529],[-74.46441,-13.53033],[-74.48207,-13.51946],[-74.48493,-13.50805],[-74.49436,-13.50506],[-74.50255,-13.50825],[-74.51099,-13.50364],[-74.53056,-13.50434],[-74.53771,-13.50704],[-74.55051,-13.48646],[-74.54301,-13.48168],[-74.54354,-13.47409],[-74.55343,-13.47396],[-74.55853,-13.46992],[-74.57548,-13.466],[-74.59587,-13.43311],[-74.60145,-13.43264],[-74.61053,-13.41975],[-74.62555,-13.41814],[-74.6286,-13.40675],[-74.62454,-13.39257],[-74.60963,-13.37742],[-74.59683,-13.37011],[-74.57912,-13.34916],[-74.57112,-13.3454],[-74.57112,-13.35205],[-74.57649,-13.36625],[-74.57041,-13.3753],[-74.57168,-13.38712],[-74.56344,-13.3919],[-74.55485,-13.38969],[-74.54754,-13.39579],[-74.53158,-13.4034],[-74.52753,-13.41376],[-74.52709,-13.42355],[-74.51493,-13.42929],[-74.50632,-13.43648],[-74.48693,-13.4442],[-74.47575,-13.45314],[-74.46662,-13.44928],[-74.45821,-13.45172],[-74.45213,-13.44914],[-74.43176,-13.44912],[-74.42433,-13.44478],[-74.41745,-13.44647],[-74.41348,-13.44007],[-74.40176,-13.43437],[-74.3946,-13.44479],[-74.38273,-13.43188],[-74.38498,-13.42562],[-74.37838,-13.41904],[-74.37022,-13.42826],[-74.36717,-13.43606],[-74.35879,-13.43648],[-74.35354,-13.44053],[-74.33601,-13.43875],[-74.32751,-13.43444],[-74.31251,-13.44326],[-74.31292,-13.45773],[-74.30579,-13.46972],[-74.30448,-13.47846],[-74.30753,-13.48906]]]}},{"type":"Feature","properties":{"ubigeo":"050203","nombre":"Los Morochucos"},"geometry":{"type":"Polygon","coordinates":[[[-74.19608,-13.5943],[-74.20979,-13.58896],[-74.21051,-13.57728],[-74.22066,-13.579],[-74.23546,-13.57701],[-74.23984,-13.58068],[-74.24604,-13.57472],[-74.25289,-13.55864],[-74.26127,-13.54501],[-74.26741,-13.54364],[-74.26606,-13.53641],[-74.26677,-13.51533],[-74.27571,-13.50308],[-74.2755,-13.49541],[-74.2818,-13.48467],[-74.29963,-13.48489],[-74.30753,-13.48906],[-74.30448,-13.47846],[-74.30579,-13.46972],[-74.31292,-13.45773],[-74.31251,-13.44326],[-74.32751,-13.43444],[-74.33601,-13.43875],[-74.33028,-13.42478],[-74.31657,-13.42635],[-74.30432,-13.42133],[-74.27936,-13.40831],[-74.27412,-13.3918],[-74.26213,-13.39635],[-74.25911,-13.41528],[-74.24724,-13.42034],[-74.2375,-13.41379],[-74.22669,-13.41672],[-74.21291,-13.41375],[-74.20619,-13.40423],[-74.19643,-13.40305],[-74.19943,-13.41083],[-74.19577,-13.41807],[-74.19362,-13.4338],[-74.18648,-13.43809],[-74.17209,-13.45374],[-74.16581,-13.46865],[-74.16013,-13.49701],[-74.15194,-13.50903],[-74.1532,-13.52445],[-74.15901,-13.5347],[-74.14943,-13.54498],[-74.15079,-13.5517],[-74.15974,-13.56477],[-74.1524,-13.58496],[-74.15169,-13.59277],[-74.16703,-13.59117],[-74.16854,-13.59716],[-74.17713,-13.59995],[-74.18912,-13.59305],[-74.19608,-13.5943]]]}},{"type":"Feature","properties":{"ubigeo":"050204","nombre":"María Parado de Bellido"},"geometry":{"type":"Polygon","coordinates":[[[-74.206,-13.6326],[-74.22264,-13.62839],[-74.2364,-13.6316],[-74.24368,-13.62845],[-74.25568,-13.62963],[-74.25973,-13.63268],[-74.27857,-13.63354],[-74.28993,-13.62198],[-74.29714,-13.60739],[-74.29822,-13.59557],[-74.30579,-13.58499],[-74.32395,-13.57226],[-74.3423,-13.55591],[-74.34366,-13.54757],[-74.34133,-13.53135],[-74.33719,-13.52056],[-74.32422,-13.51056],[-74.31414,-13.5087],[-74.30753,-13.48906],[-74.29963,-13.48489],[-74.2818,-13.48467],[-74.2755,-13.49541],[-74.27571,-13.50308],[-74.26677,-13.51533],[-74.26606,-13.53641],[-74.26741,-13.54364],[-74.26127,-13.54501],[-74.25289,-13.55864],[-74.24604,-13.57472],[-74.23984,-13.58068],[-74.23546,-13.57701],[-74.22066,-13.579],[-74.21051,-13.57728],[-74.20979,-13.58896],[-74.19608,-13.5943],[-74.19082,-13.60676],[-74.20531,-13.61548],[-74.206,-13.6326]]]}},{"type":"Feature","properties":{"ubigeo":"050205","nombre":"Paras"},"geometry":{"type":"Polygon","coordinates":[[[-74.57112,-13.3454],[-74.57912,-13.34916],[-74.59683,-13.37011],[-74.60963,-13.37742],[-74.62454,-13.39257],[-74.6286,-13.40675],[-74.62555,-13.41814],[-74.61053,-13.41975],[-74.60145,-13.43264],[-74.59587,-13.43311],[-74.57548,-13.466],[-74.55853,-13.46992],[-74.55343,-13.47396],[-74.54354,-13.47409],[-74.54301,-13.48168],[-74.55051,-13.48646],[-74.53771,-13.50704],[-74.54297,-13.5159],[-74.54923,-13.51726],[-74.55197,-13.5251],[-74.55042,-13.53238],[-74.55618,-13.54287],[-74.56147,-13.56257],[-74.55179,-13.56941],[-74.55371,-13.58941],[-74.55188,-13.59728],[-74.57092,-13.58507],[-74.57668,-13.58517],[-74.59913,-13.57796],[-74.61095,-13.57148],[-74.62717,-13.55675],[-74.63937,-13.55544],[-74.64822,-13.55964],[-74.65516,-13.55664],[-74.6576,-13.56358],[-74.66299,-13.56038],[-74.67682,-13.57464],[-74.68226,-13.57299],[-74.68789,-13.58025],[-74.70165,-13.58162],[-74.70949,-13.58516],[-74.72016,-13.58101],[-74.7353,-13.58394],[-74.73908,-13.58028],[-74.75121,-13.5887],[-74.75767,-13.58812],[-74.76665,-13.58019],[-74.78242,-13.57851],[-74.79132,-13.56439],[-74.7912,-13.55994],[-74.79957,-13.54747],[-74.81583,-13.53537],[-74.82956,-13.5343],[-74.83271,-13.52718],[-74.84041,-13.51984],[-74.84008,-13.51162],[-74.84522,-13.50834],[-74.84758,-13.49931],[-74.85506,-13.4945],[-74.86218,-13.48179],[-74.87579,-13.47446],[-74.88328,-13.4751],[-74.89043,-13.46979],[-74.9021,-13.46644],[-74.89977,-13.45229],[-74.90358,-13.42946],[-74.89266,-13.41446],[-74.89772,-13.39531],[-74.8877,-13.38002],[-74.8788,-13.37487],[-74.86875,-13.3599],[-74.84671,-13.35328],[-74.83329,-13.35644],[-74.81809,-13.35534],[-74.81211,-13.35754],[-74.78666,-13.34816],[-74.77009,-13.34633],[-74.76386,-13.34139],[-74.76232,-13.32694],[-74.75226,-13.32824],[-74.74519,-13.33812],[-74.73675,-13.34483],[-74.73855,-13.35285],[-74.72831,-13.36219],[-74.69946,-13.36351],[-74.68782,-13.3528],[-74.67817,-13.35066],[-74.66243,-13.35508],[-74.65813,-13.35149],[-74.6468,-13.35133],[-74.63283,-13.34478],[-74.62565,-13.33708],[-74.60083,-13.33216],[-74.58636,-13.3349],[-74.56684,-13.34178],[-74.57112,-13.3454]]]}},{"type":"Feature","properties":{"ubigeo":"050206","nombre":"Totos"},"geometry":{"type":"Polygon","coordinates":[[[-74.55188,-13.59728],[-74.55371,-13.58941],[-74.55179,-13.56941],[-74.56147,-13.56257],[-74.55618,-13.54287],[-74.55042,-13.53238],[-74.55197,-13.5251],[-74.54923,-13.51726],[-74.54297,-13.5159],[-74.53771,-13.50704],[-74.53056,-13.50434],[-74.51099,-13.50364],[-74.50255,-13.50825],[-74.49436,-13.50506],[-74.48493,-13.50805],[-74.48207,-13.51946],[-74.46441,-13.53033],[-74.45296,-13.529],[-74.44277,-13.52355],[-74.44112,-13.53591],[-74.43264,-13.55163],[-74.4363,-13.55691],[-74.43792,-13.57705],[-74.43507,-13.58782],[-74.44375,-13.58553],[-74.4564,-13.58663],[-74.47029,-13.59326],[-74.47908,-13.5924],[-74.49124,-13.59802],[-74.50057,-13.59773],[-74.51764,-13.60301],[-74.51398,-13.6105],[-74.52047,-13.6155],[-74.53457,-13.60788],[-74.53519,-13.60436],[-74.55188,-13.59728]]]}},{"type":"Feature","properties":{"ubigeo":"050301","nombre":"Sancos"},"geometry":{"type":"Polygon","coordinates":[[[-74.32433,-13.88001],[-74.32685,-13.89569],[-74.33109,-13.90611],[-74.3211,-13.92799],[-74.32111,-13.93526],[-74.31678,-13.944],[-74.32114,-13.94666],[-74.31819,-13.96048],[-74.3233,-13.97238],[-74.32928,-13.97493],[-74.3367,-13.99069],[-74.33878,-14.01321],[-74.33603,-14.02483],[-74.33169,-14.02749],[-74.315,-14.08058],[-74.32501,-14.09516],[-74.32887,-14.09578],[-74.32962,-14.10471],[-74.32054,-14.11956],[-74.30532,-14.12612],[-74.32945,-14.12863],[-74.33614,-14.14811],[-74.3548,-14.15127],[-74.36766,-14.15864],[-74.3829,-14.16127],[-74.39232,-14.16705],[-74.40279,-14.16017],[-74.42279,-14.15233],[-74.43908,-14.14897],[-74.45421,-14.15138],[-74.4645,-14.1483],[-74.47215,-14.15285],[-74.4961,-14.14631],[-74.52757,-14.14608],[-74.54129,-14.16406],[-74.57064,-14.14966],[-74.57265,-14.13532],[-74.58696,-14.14017],[-74.59488,-14.13306],[-74.61076,-14.13767],[-74.6232,-14.13714],[-74.62879,-14.12348],[-74.63567,-14.11832],[-74.63429,-14.1089],[-74.62589,-14.10602],[-74.62085,-14.09257],[-74.62708,-14.08934],[-74.63394,-14.09495],[-74.64055,-14.09445],[-74.64729,-14.08713],[-74.65069,-14.08943],[-74.67379,-14.07896],[-74.6767,-14.06854],[-74.6868,-14.07129],[-74.69036,-14.07644],[-74.69835,-14.07862],[-74.69799,-14.09409],[-74.70728,-14.10012],[-74.71716,-14.09692],[-74.7189,-14.11152],[-74.72572,-14.11704],[-74.74155,-14.119],[-74.75027,-14.12335],[-74.76087,-14.12044],[-74.763,-14.10937],[-74.76986,-14.09917],[-74.77253,-14.09032],[-74.76533,-14.08658],[-74.75871,-14.0786],[-74.76569,-14.07183],[-74.7686,-14.04458],[-74.77399,-14.04466],[-74.78388,-14.01695],[-74.77908,-13.99628],[-74.78502,-13.99158],[-74.7791,-13.98237],[-74.76949,-13.98369],[-74.76795,-13.97855],[-74.77501,-13.96225],[-74.77643,-13.94853],[-74.78592,-13.92879],[-74.78518,-13.9206],[-74.77876,-13.90886],[-74.77701,-13.8975],[-74.78521,-13.89195],[-74.78285,-13.87915],[-74.76739,-13.86659],[-74.76228,-13.8514],[-74.76036,-13.83149],[-74.767,-13.81475],[-74.77508,-13.8038],[-74.77824,-13.79465],[-74.7776,-13.7828],[-74.76721,-13.78513],[-74.76258,-13.78025],[-74.75334,-13.78034],[-74.74523,-13.78564],[-74.7385,-13.79624],[-74.7346,-13.79184],[-74.72019,-13.78811],[-74.71646,-13.79523],[-74.70765,-13.79628],[-74.70107,-13.80134],[-74.70027,-13.80732],[-74.68374,-13.80805],[-74.67737,-13.82118],[-74.66855,-13.82213],[-74.65532,-13.83167],[-74.64324,-13.83436],[-74.63906,-13.83845],[-74.62646,-13.83317],[-74.61692,-13.84454],[-74.61567,-13.85117],[-74.62511,-13.85987],[-74.62355,-13.86969],[-74.61422,-13.87596],[-74.60867,-13.8756],[-74.60563,-13.89215],[-74.6102,-13.89788],[-74.60917,-13.90348],[-74.59872,-13.9145],[-74.59661,-13.92472],[-74.58321,-13.91938],[-74.57868,-13.91431],[-74.56869,-13.92288],[-74.55607,-13.92208],[-74.54402,-13.929],[-74.53445,-13.92582],[-74.5312,-13.93615],[-74.51309,-13.9365],[-74.49925,-13.94097],[-74.49916,-13.94653],[-74.48966,-13.96203],[-74.47863,-13.95592],[-74.46089,-13.93692],[-74.45243,-13.93435],[-74.43903,-13.93993],[-74.42765,-13.93359],[-74.42669,-13.92965],[-74.41363,-13.92075],[-74.40345,-13.90472],[-74.38419,-13.90926],[-74.37702,-13.89223],[-74.35771,-13.87283],[-74.35014,-13.8741],[-74.34858,-13.86294],[-74.34394,-13.85885],[-74.33788,-13.84571],[-74.33356,-13.85977],[-74.32725,-13.86936],[-74.32433,-13.88001]]]}},{"type":"Feature","properties":{"ubigeo":"050302","nombre":"Carapo"},"geometry":{"type":"Polygon","coordinates":[[[-74.22737,-13.80616],[-74.22633,-13.81694],[-74.2209,-13.82395],[-74.22864,-13.83955],[-74.24082,-13.85098],[-74.23697,-13.85721],[-74.24191,-13.86888],[-74.24868,-13.87694],[-74.25216,-13.88611],[-74.26582,-13.87554],[-74.27354,-13.87622],[-74.27794,-13.88525],[-74.28467,-13.89187],[-74.30102,-13.89504],[-74.31475,-13.88255],[-74.32433,-13.88001],[-74.32725,-13.86936],[-74.33356,-13.85977],[-74.33788,-13.84571],[-74.33598,-13.84083],[-74.34402,-13.83563],[-74.3532,-13.82108],[-74.38224,-13.80773],[-74.38489,-13.80224],[-74.39606,-13.80322],[-74.40471,-13.79615],[-74.41948,-13.7938],[-74.42587,-13.79756],[-74.41764,-13.78818],[-74.39244,-13.7804],[-74.36249,-13.7594],[-74.37152,-13.74454],[-74.37129,-13.73691],[-74.36452,-13.73652],[-74.3503,-13.74503],[-74.34042,-13.75831],[-74.33138,-13.7637],[-74.32268,-13.76284],[-74.32491,-13.75134],[-74.31845,-13.74658],[-74.31556,-13.73364],[-74.30668,-13.75213],[-74.29805,-13.75602],[-74.2781,-13.75835],[-74.27321,-13.75613],[-74.26306,-13.76132],[-74.25406,-13.75899],[-74.24091,-13.78345],[-74.23148,-13.78783],[-74.22576,-13.79982],[-74.22737,-13.80616]]]}},{"type":"Feature","properties":{"ubigeo":"050303","nombre":"Sacsamarca"},"geometry":{"type":"Polygon","coordinates":[[[-74.11026,-13.90817],[-74.10662,-13.91446],[-74.10934,-13.92639],[-74.10397,-13.93843],[-74.10098,-13.95254],[-74.10331,-13.96106],[-74.11498,-13.97934],[-74.11894,-13.98933],[-74.10242,-13.99133],[-74.09929,-14.00874],[-74.10704,-14.02268],[-74.11604,-14.02887],[-74.17443,-14.10471],[-74.1891,-14.10343],[-74.20798,-14.1269],[-74.23947,-14.13201],[-74.25412,-14.13212],[-74.26138,-14.13488],[-74.27051,-14.1313],[-74.27784,-14.13391],[-74.2914,-14.13249],[-74.30532,-14.12612],[-74.32054,-14.11956],[-74.32962,-14.10471],[-74.32887,-14.09578],[-74.32501,-14.09516],[-74.315,-14.08058],[-74.33169,-14.02749],[-74.33603,-14.02483],[-74.33878,-14.01321],[-74.3367,-13.99069],[-74.32928,-13.97493],[-74.3233,-13.97238],[-74.31819,-13.96048],[-74.32114,-13.94666],[-74.31678,-13.944],[-74.32111,-13.93526],[-74.3211,-13.92799],[-74.33109,-13.90611],[-74.32685,-13.89569],[-74.32433,-13.88001],[-74.31475,-13.88255],[-74.30102,-13.89504],[-74.28467,-13.89187],[-74.27794,-13.88525],[-74.27354,-13.87622],[-74.26582,-13.87554],[-74.25216,-13.88611],[-74.24868,-13.87694],[-74.24191,-13.86888],[-74.23697,-13.85721],[-74.24082,-13.85098],[-74.22864,-13.83955],[-74.2209,-13.82395],[-74.22633,-13.81694],[-74.22737,-13.80616],[-74.21641,-13.80451],[-74.20456,-13.81299],[-74.18902,-13.81386],[-74.18592,-13.81977],[-74.17729,-13.82532],[-74.17436,-13.83097],[-74.16564,-13.8349],[-74.15976,-13.84137],[-74.15836,-13.86798],[-74.15369,-13.87446],[-74.14564,-13.87652],[-74.14246,-13.88546],[-74.12433,-13.89333],[-74.12026,-13.89232],[-74.11214,-13.89845],[-74.11026,-13.90817]]]}},{"type":"Feature","properties":{"ubigeo":"050304","nombre":"Santiago de Lucanamarca"},"geometry":{"type":"Polygon","coordinates":[[[-74.42587,-13.79756],[-74.41948,-13.7938],[-74.40471,-13.79615],[-74.39606,-13.80322],[-74.38489,-13.80224],[-74.38224,-13.80773],[-74.3532,-13.82108],[-74.34402,-13.83563],[-74.33598,-13.84083],[-74.33788,-13.84571],[-74.34394,-13.85885],[-74.34858,-13.86294],[-74.35014,-13.8741],[-74.35771,-13.87283],[-74.37702,-13.89223],[-74.38419,-13.90926],[-74.40345,-13.90472],[-74.41363,-13.92075],[-74.42669,-13.92965],[-74.42765,-13.93359],[-74.43903,-13.93993],[-74.45243,-13.93435],[-74.46089,-13.93692],[-74.47863,-13.95592],[-74.48966,-13.96203],[-74.49916,-13.94653],[-74.49925,-13.94097],[-74.51309,-13.9365],[-74.5312,-13.93615],[-74.53445,-13.92582],[-74.54402,-13.929],[-74.55607,-13.92208],[-74.56869,-13.92288],[-74.57868,-13.91431],[-74.58321,-13.91938],[-74.59661,-13.92472],[-74.59872,-13.9145],[-74.60917,-13.90348],[-74.6102,-13.89788],[-74.60563,-13.89215],[-74.60867,-13.8756],[-74.61422,-13.87596],[-74.62355,-13.86969],[-74.62511,-13.85987],[-74.61567,-13.85117],[-74.61692,-13.84454],[-74.62646,-13.83317],[-74.63906,-13.83845],[-74.64324,-13.83436],[-74.65532,-13.83167],[-74.66855,-13.82213],[-74.67737,-13.82118],[-74.68374,-13.80805],[-74.70027,-13.80732],[-74.70107,-13.80134],[-74.70765,-13.79628],[-74.71646,-13.79523],[-74.72019,-13.78811],[-74.7346,-13.79184],[-74.7385,-13.79624],[-74.74523,-13.78564],[-74.75334,-13.78034],[-74.76258,-13.78025],[-74.76653,-13.77223],[-74.75648,-13.76323],[-74.7406,-13.75965],[-74.70728,-13.74526],[-74.70195,-13.74655],[-74.68455,-13.74314],[-74.67338,-13.74746],[-74.64885,-13.74414],[-74.63546,-13.74024],[-74.63353,-13.73214],[-74.62413,-13.72227],[-74.61668,-13.71026],[-74.62023,-13.69643],[-74.60452,-13.69535],[-74.58923,-13.69852],[-74.58346,-13.70667],[-74.57192,-13.71551],[-74.56047,-13.71916],[-74.54737,-13.71823],[-74.53505,-13.70905],[-74.52608,-13.71534],[-74.52406,-13.73225],[-74.51711,-13.73731],[-74.50649,-13.73773],[-74.49713,-13.7412],[-74.49259,-13.74703],[-74.4912,-13.7588],[-74.47846,-13.76109],[-74.46604,-13.77276],[-74.45385,-13.77598],[-74.44081,-13.78972],[-74.42587,-13.79756]]]}},{"type":"Feature","properties":{"ubigeo":"050401","nombre":"Huanta"},"geometry":{"type":"Polygon","coordinates":[[[-74.14873,-12.87245],[-74.14424,-12.87775],[-74.14307,-12.88725],[-74.13528,-12.88946],[-74.12887,-12.90647],[-74.13066,-12.91444],[-74.14058,-12.92092],[-74.14447,-12.92884],[-74.1535,-12.92703],[-74.15947,-12.93774],[-74.17326,-12.9406],[-74.17797,-12.94739],[-74.18815,-12.95213],[-74.19589,-12.96223],[-74.20408,-12.96772],[-74.22307,-12.96661],[-74.22934,-12.97069],[-74.24318,-12.97289],[-74.24759,-12.97709],[-74.25496,-12.9756],[-74.26187,-12.98067],[-74.27199,-12.98035],[-74.28111,-12.9845],[-74.29272,-12.98239],[-74.29921,-12.95861],[-74.296,-12.93613],[-74.28881,-12.93717],[-74.28584,-12.92819],[-74.27908,-12.9257],[-74.25693,-12.90758],[-74.24716,-12.90577],[-74.23083,-12.89718],[-74.22137,-12.88493],[-74.22445,-12.87114],[-74.21938,-12.86763],[-74.22139,-12.86056],[-74.21752,-12.83758],[-74.21138,-12.83095],[-74.21147,-12.82064],[-74.19351,-12.81822],[-74.17913,-12.82734],[-74.17913,-12.8318],[-74.16905,-12.84001],[-74.171,-12.85854],[-74.1615,-12.86488],[-74.14873,-12.87245]]]}},{"type":"Feature","properties":{"ubigeo":"050402","nombre":"Ayahuanco"},"geometry":{"type":"Polygon","coordinates":[[[-74.19251,-12.53672],[-74.19477,-12.54603],[-74.1997,-12.55168],[-74.20516,-12.55134],[-74.20958,-12.56984],[-74.20866,-12.58049],[-74.2138,-12.58551],[-74.22891,-12.58985],[-74.23128,-12.60318],[-74.23521,-12.60729],[-74.23521,-12.61849],[-74.24382,-12.62534],[-74.23631,-12.63873],[-74.24624,-12.64187],[-74.24989,-12.64635],[-74.26813,-12.64322],[-74.30296,-12.64191],[-74.31585,-12.6394],[-74.32849,-12.63242],[-74.34165,-12.63017],[-74.33844,-12.61714],[-74.32835,-12.61526],[-74.32402,-12.6045],[-74.32975,-12.60542],[-74.36329,-12.59427],[-74.36688,-12.59005],[-74.36719,-12.5751],[-74.38353,-12.57083],[-74.38718,-12.56475],[-74.38378,-12.55883],[-74.38427,-12.54485],[-74.39995,-12.52361],[-74.39717,-12.51763],[-74.39841,-12.50455],[-74.40321,-12.49669],[-74.41113,-12.49774],[-74.41512,-12.49066],[-74.41094,-12.47955],[-74.40355,-12.47516],[-74.40158,-12.46748],[-74.40925,-12.45192],[-74.38806,-12.43851],[-74.37475,-12.43159],[-74.37078,-12.43427],[-74.36864,-12.44752],[-74.35431,-12.4538],[-74.34626,-12.45198],[-74.31357,-12.43353],[-74.30649,-12.43074],[-74.29667,-12.42189],[-74.28331,-12.41722],[-74.27161,-12.41717],[-74.25186,-12.41079],[-74.25003,-12.42213],[-74.26363,-12.44423],[-74.26484,-12.45123],[-74.25807,-12.4562],[-74.25705,-12.46556],[-74.26041,-12.49137],[-74.25178,-12.50077],[-74.24328,-12.50541],[-74.23573,-12.51344],[-74.21392,-12.51638],[-74.20179,-12.53133],[-74.19251,-12.53672]]]}},{"type":"Feature","properties":{"ubigeo":"050403","nombre":"Huamanguilla"},"geometry":{"type":"Polygon","coordinates":[[[-74.18351,-13.04974],[-74.18888,-13.05082],[-74.21379,-13.03442],[-74.24305,-13.02699],[-74.22873,-13.01315],[-74.22481,-13.00355],[-74.21555,-13.0126],[-74.20458,-13.0012],[-74.19098,-12.99526],[-74.18628,-12.98872],[-74.16312,-12.97589],[-74.1581,-12.9671],[-74.15961,-12.95352],[-74.15685,-12.94654],[-74.14509,-12.93806],[-74.14447,-12.92884],[-74.14058,-12.92092],[-74.13066,-12.91444],[-74.12535,-12.91623],[-74.11746,-12.92614],[-74.11675,-12.9387],[-74.10649,-12.95036],[-74.11212,-12.95897],[-74.10571,-12.97079],[-74.10481,-12.98468],[-74.11394,-12.98693],[-74.11671,-12.99113],[-74.11869,-13.0066],[-74.12775,-13.0093],[-74.13616,-13.02142],[-74.14573,-13.029],[-74.16088,-13.03754],[-74.16435,-13.04315],[-74.18351,-13.04974]]]}},{"type":"Feature","properties":{"ubigeo":"050404","nombre":"Iguain"},"geometry":{"type":"Polygon","coordinates":[[[-74.24305,-13.02699],[-74.25474,-13.02215],[-74.2568,-13.01795],[-74.28026,-13.002],[-74.28771,-12.99495],[-74.29272,-12.98239],[-74.28111,-12.9845],[-74.27199,-12.98035],[-74.26187,-12.98067],[-74.25496,-12.9756],[-74.24759,-12.97709],[-74.24318,-12.97289],[-74.22934,-12.97069],[-74.22307,-12.96661],[-74.20408,-12.96772],[-74.19589,-12.96223],[-74.18815,-12.95213],[-74.17797,-12.94739],[-74.17326,-12.9406],[-74.15947,-12.93774],[-74.1535,-12.92703],[-74.14447,-12.92884],[-74.14509,-12.93806],[-74.15685,-12.94654],[-74.15961,-12.95352],[-74.1581,-12.9671],[-74.16312,-12.97589],[-74.18628,-12.98872],[-74.19098,-12.99526],[-74.20458,-13.0012],[-74.21555,-13.0126],[-74.22481,-13.00355],[-74.22873,-13.01315],[-74.24305,-13.02699]]]}},{"type":"Feature","properties":{"ubigeo":"050405","nombre":"Luricocha"},"geometry":{"type":"Polygon","coordinates":[[[-74.296,-12.93613],[-74.30358,-12.92973],[-74.31504,-12.9313],[-74.32767,-12.92839],[-74.33006,-12.91542],[-74.32027,-12.89638],[-74.31945,-12.88728],[-74.32789,-12.86985],[-74.33325,-12.85175],[-74.32963,-12.83615],[-74.32362,-12.83251],[-74.31333,-12.83494],[-74.30571,-12.82745],[-74.297,-12.83142],[-74.2924,-12.82476],[-74.29461,-12.81261],[-74.2984,-12.80655],[-74.29499,-12.79888],[-74.28554,-12.79972],[-74.28499,-12.78788],[-74.28791,-12.77268],[-74.27679,-12.77726],[-74.27571,-12.78158],[-74.26496,-12.79367],[-74.24599,-12.80615],[-74.22477,-12.8085],[-74.21968,-12.81694],[-74.21147,-12.82064],[-74.21138,-12.83095],[-74.21752,-12.83758],[-74.22139,-12.86056],[-74.21938,-12.86763],[-74.22445,-12.87114],[-74.22137,-12.88493],[-74.23083,-12.89718],[-74.24716,-12.90577],[-74.25693,-12.90758],[-74.27908,-12.9257],[-74.28584,-12.92819],[-74.28881,-12.93717],[-74.296,-12.93613]]]}},{"type":"Feature","properties":{"ubigeo":"050406","nombre":"Santillana"},"geometry":{"type":"Polygon","coordinates":[[[-74.20235,-12.70528],[-74.20843,-12.70948],[-74.21187,-12.73039],[-74.2168,-12.7421],[-74.21173,-12.754],[-74.21711,-12.75538],[-74.2273,-12.78037],[-74.23289,-12.7852],[-74.24765,-12.78663],[-74.25652,-12.77769],[-74.27244,-12.76863],[-74.28335,-12.76939],[-74.28791,-12.77268],[-74.29328,-12.76645],[-74.2892,-12.75801],[-74.29708,-12.74858],[-74.30809,-12.73965],[-74.31739,-12.73778],[-74.32523,-12.74485],[-74.33256,-12.74103],[-74.33134,-12.73733],[-74.34036,-12.73283],[-74.34145,-12.72558],[-74.34908,-12.71822],[-74.34877,-12.71243],[-74.33974,-12.68914],[-74.3331,-12.68863],[-74.32753,-12.68127],[-74.32779,-12.67084],[-74.33164,-12.65714],[-74.33178,-12.64502],[-74.33699,-12.64096],[-74.34165,-12.63017],[-74.32849,-12.63242],[-74.31585,-12.6394],[-74.30296,-12.64191],[-74.26813,-12.64322],[-74.24989,-12.64635],[-74.24624,-12.64187],[-74.23631,-12.63873],[-74.21962,-12.63998],[-74.2173,-12.64343],[-74.20303,-12.65075],[-74.20288,-12.66269],[-74.20388,-12.66894],[-74.19294,-12.68624],[-74.19905,-12.69511],[-74.20235,-12.70528]]]}},{"type":"Feature","properties":{"ubigeo":"050407","nombre":"Sivia"},"geometry":{"type":"Polygon","coordinates":[[[-73.83093,-12.53078],[-73.83005,-12.54136],[-73.83361,-12.55464],[-73.83266,-12.5751],[-73.84427,-12.58811],[-73.84809,-12.60508],[-73.85945,-12.62221],[-73.8538,-12.64547],[-73.86637,-12.65329],[-73.86998,-12.66244],[-73.86724,-12.66966],[-73.87,-12.67814],[-73.87822,-12.68874],[-73.88811,-12.71105],[-73.91366,-12.72164],[-73.93478,-12.72178],[-73.94268,-12.72918],[-73.94859,-12.72802],[-73.96021,-12.73418],[-73.96934,-12.73553],[-73.97833,-12.74811],[-73.98809,-12.74987],[-73.9917,-12.75409],[-74.00574,-12.7561],[-74.01481,-12.76545],[-74.02144,-12.76417],[-74.02708,-12.75601],[-74.04091,-12.74765],[-74.05963,-12.7527],[-74.06966,-12.7485],[-74.07791,-12.73446],[-74.0834,-12.73008],[-74.094,-12.73285],[-74.11798,-12.73417],[-74.12898,-12.72939],[-74.14556,-12.70964],[-74.1448,-12.69651],[-74.15147,-12.68724],[-74.14781,-12.67933],[-74.14601,-12.67657],[-74.15428,-12.66283],[-74.16655,-12.65127],[-74.16764,-12.64171],[-74.16021,-12.63346],[-74.15862,-12.62512],[-74.14611,-12.60736],[-74.14242,-12.59438],[-74.14298,-12.57908],[-74.13105,-12.56415],[-74.12717,-12.55097],[-74.11939,-12.53951],[-74.11471,-12.53796],[-74.11053,-12.52724],[-74.09932,-12.51627],[-74.10012,-12.50767],[-74.08071,-12.48911],[-74.07438,-12.48068],[-74.07469,-12.4736],[-74.06317,-12.46279],[-74.06151,-12.45053],[-74.05484,-12.44505],[-74.04402,-12.4416],[-74.02811,-12.44445],[-74.02026,-12.46373],[-74.00568,-12.4813],[-73.97635,-12.48736],[-73.96658,-12.482],[-73.94273,-12.47465],[-73.93379,-12.4822],[-73.91973,-12.46421],[-73.91261,-12.46045],[-73.89831,-12.44843],[-73.88953,-12.43641],[-73.87746,-12.43727],[-73.86859,-12.46396],[-73.85471,-12.48752],[-73.85222,-12.49999],[-73.85501,-12.51284],[-73.85288,-12.52303],[-73.85536,-12.5299],[-73.84581,-12.53913],[-73.83093,-12.53078]]]}},{"type":"Feature","properties":{"ubigeo":"050408","nombre":"Llochegua"},"geometry":{"type":"Polygon","coordinates":[[[-73.92104,-12.38252],[-73.90529,-12.3933],[-73.89993,-12.40296],[-73.88679,-12.4054],[-73.88081,-12.42084],[-73.87746,-12.43727],[-73.88953,-12.43641],[-73.89831,-12.44843],[-73.91261,-12.46045],[-73.91973,-12.46421],[-73.93379,-12.4822],[-73.94273,-12.47465],[-73.96658,-12.482],[-73.97635,-12.48736],[-74.00568,-12.4813],[-74.02026,-12.46373],[-74.02811,-12.44445],[-74.04402,-12.4416],[-74.05484,-12.44505],[-74.06151,-12.45053],[-74.06317,-12.46279],[-74.07469,-12.4736],[-74.07438,-12.48068],[-74.08071,-12.48911],[-74.10012,-12.50767],[-74.09932,-12.51627],[-74.11053,-12.52724],[-74.11471,-12.53796],[-74.11939,-12.53951],[-74.12717,-12.55097],[-74.13105,-12.56415],[-74.14298,-12.57908],[-74.1505,-12.56673],[-74.16218,-12.56008],[-74.17011,-12.54981],[-74.19251,-12.53672],[-74.20179,-12.53133],[-74.21392,-12.51638],[-74.23573,-12.51344],[-74.24328,-12.50541],[-74.25178,-12.50077],[-74.26041,-12.49137],[-74.25705,-12.46556],[-74.25807,-12.4562],[-74.26484,-12.45123],[-74.26363,-12.44423],[-74.25003,-12.42213],[-74.25186,-12.41079],[-74.2415,-12.3963],[-74.23923,-12.40826],[-74.23293,-12.41018],[-74.22759,-12.40517],[-74.22062,-12.40969],[-74.20791,-12.40464],[-74.20182,-12.40993],[-74.1899,-12.41016],[-74.17967,-12.40404],[-74.17115,-12.40421],[-74.16539,-12.39987],[-74.15306,-12.40121],[-74.14948,-12.39859],[-74.12958,-12.39505],[-74.12366,-12.39615],[-74.1149,-12.38587],[-74.10581,-12.37923],[-74.09841,-12.38578],[-74.08878,-12.38782],[-74.07913,-12.37607],[-74.0702,-12.37422],[-74.05836,-12.38024],[-74.04387,-12.37962],[-74.03941,-12.38328],[-74.01474,-12.36691],[-74.00937,-12.35838],[-74.00834,-12.34513],[-74.01126,-12.3316],[-73.99288,-12.33508],[-73.98161,-12.33341],[-73.97358,-12.3379],[-73.96604,-12.33781],[-73.97007,-12.34781],[-73.95982,-12.35135],[-73.94574,-12.35244],[-73.94091,-12.36557],[-73.93413,-12.36789],[-73.92682,-12.37967],[-73.92104,-12.38252]]]}},{"type":"Feature","properties":{"ubigeo":"050409","nombre":"Canayre"},"geometry":{"type":"Polygon","coordinates":[[[-73.96604,-12.33781],[-73.97358,-12.3379],[-73.98161,-12.33341],[-73.99288,-12.33508],[-74.01126,-12.3316],[-74.00834,-12.34513],[-74.00937,-12.35838],[-74.01474,-12.36691],[-74.03941,-12.38328],[-74.04387,-12.37962],[-74.05836,-12.38024],[-74.0702,-12.37422],[-74.07913,-12.37607],[-74.08878,-12.38782],[-74.09841,-12.38578],[-74.10581,-12.37923],[-74.1149,-12.38587],[-74.12366,-12.39615],[-74.12958,-12.39505],[-74.14948,-12.39859],[-74.15306,-12.40121],[-74.16539,-12.39987],[-74.17115,-12.40421],[-74.17967,-12.40404],[-74.1899,-12.41016],[-74.20182,-12.40993],[-74.20791,-12.40464],[-74.22062,-12.40969],[-74.22759,-12.40517],[-74.23293,-12.41018],[-74.23923,-12.40826],[-74.2415,-12.3963],[-74.23804,-12.37795],[-74.23454,-12.37043],[-74.2339,-12.35968],[-74.2192,-12.34312],[-74.21656,-12.33362],[-74.20565,-12.32108],[-74.20586,-12.31586],[-74.19125,-12.30469],[-74.18735,-12.30664],[-74.18762,-12.31438],[-74.17968,-12.31742],[-74.17666,-12.31415],[-74.16525,-12.31317],[-74.15932,-12.32114],[-74.14733,-12.32438],[-74.14034,-12.31615],[-74.13116,-12.31461],[-74.12918,-12.33208],[-74.12144,-12.3336],[-74.11229,-12.31926],[-74.10598,-12.31534],[-74.10137,-12.30401],[-74.09836,-12.28491],[-74.07674,-12.2819],[-74.07101,-12.2771],[-74.05744,-12.27505],[-74.05505,-12.26932],[-74.04481,-12.2664],[-74.04022,-12.26147],[-74.03099,-12.27057],[-74.01896,-12.27841],[-74.00968,-12.27886],[-74.00198,-12.28403],[-73.99418,-12.27993],[-73.98638,-12.26832],[-73.98713,-12.26135],[-73.98045,-12.24259],[-73.9811,-12.24991],[-73.9771,-12.26342],[-73.97108,-12.27341],[-73.97223,-12.29433],[-73.974,-12.30576],[-73.96764,-12.32488],[-73.96604,-12.33781]]]}},{"type":"Feature","properties":{"ubigeo":"050410","nombre":"Uchuraccay"},"geometry":{"type":"Polygon","coordinates":[[[-73.9917,-12.75409],[-73.99652,-12.77416],[-73.99527,-12.78127],[-73.98768,-12.79663],[-73.99418,-12.81139],[-73.99874,-12.82868],[-73.99601,-12.83779],[-74.00386,-12.84379],[-74.01483,-12.83941],[-74.02233,-12.84305],[-74.03141,-12.85292],[-74.04104,-12.85718],[-74.04523,-12.86576],[-74.05518,-12.86676],[-74.06092,-12.87291],[-74.07063,-12.87519],[-74.07231,-12.87004],[-74.0815,-12.86064],[-74.08787,-12.86632],[-74.09712,-12.86658],[-74.10808,-12.85203],[-74.12699,-12.85436],[-74.13675,-12.86027],[-74.13974,-12.86887],[-74.14873,-12.87245],[-74.1615,-12.86488],[-74.14948,-12.84569],[-74.14993,-12.83294],[-74.14287,-12.81937],[-74.14467,-12.80942],[-74.13872,-12.79323],[-74.144,-12.7885],[-74.14947,-12.77673],[-74.15727,-12.77317],[-74.15275,-12.76064],[-74.15658,-12.75314],[-74.15392,-12.74419],[-74.16061,-12.74404],[-74.17551,-12.73504],[-74.18238,-12.71996],[-74.19144,-12.71638],[-74.20235,-12.70528],[-74.19905,-12.69511],[-74.19294,-12.68624],[-74.20388,-12.66894],[-74.20288,-12.66269],[-74.19558,-12.6587],[-74.17736,-12.66618],[-74.1676,-12.67658],[-74.15918,-12.66965],[-74.15358,-12.67022],[-74.14781,-12.67933],[-74.15147,-12.68724],[-74.1448,-12.69651],[-74.14556,-12.70964],[-74.12898,-12.72939],[-74.11798,-12.73417],[-74.094,-12.73285],[-74.0834,-12.73008],[-74.07791,-12.73446],[-74.06966,-12.7485],[-74.05963,-12.7527],[-74.04091,-12.74765],[-74.02708,-12.75601],[-74.02144,-12.76417],[-74.01481,-12.76545],[-74.00574,-12.7561],[-73.9917,-12.75409]]]}},{"type":"Feature","properties":{"ubigeo":"050411","nombre":"Pucacolpa"},"geometry":{"type":"Polygon","coordinates":[[[-74.18735,-12.30664],[-74.19125,-12.30469],[-74.20586,-12.31586],[-74.20565,-12.32108],[-74.21656,-12.33362],[-74.2192,-12.34312],[-74.2339,-12.35968],[-74.23454,-12.37043],[-74.23804,-12.37795],[-74.2415,-12.3963],[-74.25186,-12.41079],[-74.27161,-12.41717],[-74.28331,-12.41722],[-74.29667,-12.42189],[-74.30649,-12.43074],[-74.31357,-12.43353],[-74.34626,-12.45198],[-74.35431,-12.4538],[-74.36864,-12.44752],[-74.37078,-12.43427],[-74.37475,-12.43159],[-74.38806,-12.43851],[-74.40925,-12.45192],[-74.42245,-12.44521],[-74.44629,-12.448],[-74.45211,-12.44429],[-74.4591,-12.44575],[-74.47509,-12.44377],[-74.50716,-12.44806],[-74.52205,-12.43613],[-74.51695,-12.42895],[-74.51754,-12.41844],[-74.52195,-12.40867],[-74.53447,-12.41039],[-74.53941,-12.39951],[-74.53912,-12.39315],[-74.54818,-12.38402],[-74.54843,-12.37514],[-74.56462,-12.36091],[-74.57164,-12.37199],[-74.57599,-12.37317],[-74.57458,-12.35703],[-74.57564,-12.34598],[-74.58118,-12.33267],[-74.58009,-12.32299],[-74.57478,-12.31957],[-74.57223,-12.30978],[-74.55212,-12.28734],[-74.54277,-12.29365],[-74.53392,-12.29512],[-74.53026,-12.30048],[-74.51926,-12.30428],[-74.51393,-12.31222],[-74.50629,-12.31218],[-74.49568,-12.28626],[-74.48564,-12.27693],[-74.48025,-12.27836],[-74.47637,-12.27277],[-74.46397,-12.27355],[-74.45614,-12.27008],[-74.44153,-12.27213],[-74.43658,-12.2853],[-74.42896,-12.29042],[-74.424,-12.28951],[-74.4164,-12.30477],[-74.40798,-12.29207],[-74.3861,-12.27362],[-74.38481,-12.26863],[-74.39176,-12.26199],[-74.39368,-12.25247],[-74.37627,-12.23013],[-74.37715,-12.21459],[-74.38082,-12.20463],[-74.38886,-12.19267],[-74.38737,-12.18798],[-74.38111,-12.18608],[-74.3821,-12.17861],[-74.36375,-12.17568],[-74.3493,-12.16788],[-74.34595,-12.17374],[-74.35149,-12.1764],[-74.34424,-12.19533],[-74.33419,-12.19446],[-74.33067,-12.21208],[-74.33652,-12.21493],[-74.32187,-12.22978],[-74.3144,-12.23039],[-74.31267,-12.22451],[-74.29726,-12.22604],[-74.29149,-12.22305],[-74.2917,-12.22991],[-74.28407,-12.24064],[-74.27052,-12.23914],[-74.26318,-12.24646],[-74.25815,-12.2559],[-74.24903,-12.2575],[-74.24711,-12.26821],[-74.24098,-12.27059],[-74.23305,-12.26746],[-74.22383,-12.27706],[-74.21804,-12.27808],[-74.22088,-12.28611],[-74.21578,-12.29198],[-74.22193,-12.29831],[-74.21545,-12.30339],[-74.20695,-12.29828],[-74.19989,-12.30255],[-74.19337,-12.30191],[-74.18735,-12.30664]]]}},{"type":"Feature","properties":{"ubigeo":"050412","nombre":"Chaca"},"geometry":{"type":"Polygon","coordinates":[[[-74.21147,-12.82064],[-74.21968,-12.81694],[-74.22477,-12.8085],[-74.24599,-12.80615],[-74.26496,-12.79367],[-74.27571,-12.78158],[-74.27679,-12.77726],[-74.28791,-12.77268],[-74.28335,-12.76939],[-74.27244,-12.76863],[-74.25652,-12.77769],[-74.24765,-12.78663],[-74.23289,-12.7852],[-74.2273,-12.78037],[-74.21711,-12.75538],[-74.21173,-12.754],[-74.2168,-12.7421],[-74.21187,-12.73039],[-74.20843,-12.70948],[-74.20235,-12.70528],[-74.19144,-12.71638],[-74.18238,-12.71996],[-74.17551,-12.73504],[-74.16061,-12.74404],[-74.15392,-12.74419],[-74.15658,-12.75314],[-74.15275,-12.76064],[-74.15727,-12.77317],[-74.14947,-12.77673],[-74.144,-12.7885],[-74.13872,-12.79323],[-74.14467,-12.80942],[-74.14287,-12.81937],[-74.14993,-12.83294],[-74.14948,-12.84569],[-74.1615,-12.86488],[-74.171,-12.85854],[-74.16905,-12.84001],[-74.17913,-12.8318],[-74.17913,-12.82734],[-74.19351,-12.81822],[-74.21147,-12.82064]]]}},{"type":"Feature","properties":{"ubigeo":"050413","nombre":"Putis"},"geometry":{"type":"Polygon","coordinates":[[[-74.23631,-12.63873],[-74.24382,-12.62534],[-74.23521,-12.61849],[-74.23521,-12.60729],[-74.23128,-12.60318],[-74.22891,-12.58985],[-74.2138,-12.58551],[-74.20866,-12.58049],[-74.20958,-12.56984],[-74.20516,-12.55134],[-74.1997,-12.55168],[-74.19477,-12.54603],[-74.19251,-12.53672],[-74.17011,-12.54981],[-74.16218,-12.56008],[-74.1505,-12.56673],[-74.14298,-12.57908],[-74.14242,-12.59438],[-74.14611,-12.60736],[-74.15862,-12.62512],[-74.16021,-12.63346],[-74.16764,-12.64171],[-74.16655,-12.65127],[-74.15428,-12.66283],[-74.14601,-12.67657],[-74.14781,-12.67933],[-74.15358,-12.67022],[-74.15918,-12.66965],[-74.1676,-12.67658],[-74.17736,-12.66618],[-74.19558,-12.6587],[-74.20288,-12.66269],[-74.20303,-12.65075],[-74.2173,-12.64343],[-74.21962,-12.63998],[-74.23631,-12.63873]]]}},{"type":"Feature","properties":{"ubigeo":"050501","nombre":"San Miguel"},"geometry":{"type":"Polygon","coordinates":[[[-73.85242,-13.07462],[-73.86773,-13.06578],[-73.87291,-13.05997],[-73.87757,-13.05571],[-73.88769,-13.05369],[-73.89577,-13.03967],[-73.90529,-13.03764],[-73.90683,-13.02773],[-73.91296,-13.01151],[-73.92533,-13.00474],[-73.93474,-13.00619],[-73.93899,-13.01184],[-73.94446,-13.03159],[-73.95385,-13.03716],[-73.96357,-13.04753],[-73.97527,-13.04553],[-73.98725,-13.0486],[-73.9905,-13.05294],[-74.00033,-13.05531],[-74.02759,-13.07133],[-74.03558,-13.07034],[-74.04294,-13.06236],[-74.06085,-13.05632],[-74.05673,-13.05394],[-74.052,-13.04014],[-74.05433,-13.03475],[-74.06573,-13.03194],[-74.06904,-13.02277],[-74.066,-13.01648],[-74.06849,-13.00472],[-74.07707,-12.99398],[-74.07738,-12.98495],[-74.06279,-12.98059],[-74.0544,-12.98405],[-74.0474,-12.99353],[-74.04231,-12.98694],[-74.03168,-12.98001],[-74.02082,-12.98707],[-74.00825,-12.98964],[-73.99838,-12.98434],[-73.98751,-12.97315],[-73.98873,-12.96482],[-73.9822,-12.95904],[-73.9673,-12.9549],[-73.95637,-12.94896],[-73.94011,-12.94941],[-73.92888,-12.94685],[-73.92367,-12.93934],[-73.92501,-12.93413],[-73.91696,-12.92687],[-73.92365,-12.91769],[-73.91806,-12.90958],[-73.91178,-12.91205],[-73.90737,-12.90334],[-73.90003,-12.89996],[-73.87039,-12.90489],[-73.8707,-12.91901],[-73.8573,-12.9249],[-73.86003,-12.93066],[-73.8577,-12.93958],[-73.85219,-12.94052],[-73.84493,-12.95288],[-73.85429,-12.95882],[-73.85609,-12.96701],[-73.86233,-12.9738],[-73.86206,-12.98699],[-73.85448,-12.98958],[-73.85284,-12.99519],[-73.83866,-12.99645],[-73.83459,-12.99918],[-73.83018,-13.01114],[-73.83399,-13.01771],[-73.8304,-13.02098],[-73.83639,-13.03182],[-73.84596,-13.03419],[-73.85473,-13.05528],[-73.85242,-13.07462]]]}},{"type":"Feature","properties":{"ubigeo":"050502","nombre":"Anco"},"geometry":{"type":"Polygon","coordinates":[[[-73.52181,-12.99825],[-73.51701,-13.00712],[-73.49968,-13.01019],[-73.48866,-12.99941],[-73.47735,-13.00056],[-73.47986,-13.01907],[-73.47797,-13.03226],[-73.48088,-13.03885],[-73.49076,-13.04371],[-73.48913,-13.06779],[-73.48436,-13.06726],[-73.48087,-13.05643],[-73.47597,-13.05736],[-73.46539,-13.06731],[-73.46193,-13.07998],[-73.44884,-13.08028],[-73.45585,-13.0913],[-73.45375,-13.09774],[-73.45838,-13.09995],[-73.46101,-13.1106],[-73.46842,-13.1102],[-73.47453,-13.10018],[-73.48244,-13.09968],[-73.48785,-13.1081],[-73.48094,-13.12122],[-73.48154,-13.12563],[-73.50011,-13.13811],[-73.50712,-13.13674],[-73.52117,-13.13856],[-73.53642,-13.13371],[-73.55204,-13.13425],[-73.5617,-13.14112],[-73.56344,-13.14701],[-73.57375,-13.14865],[-73.58111,-13.15356],[-73.6029,-13.17281],[-73.63228,-13.17127],[-73.63776,-13.16743],[-73.64625,-13.16927],[-73.65939,-13.17666],[-73.67009,-13.16927],[-73.68919,-13.18728],[-73.70714,-13.19064],[-73.71584,-13.18954],[-73.72835,-13.19484],[-73.73036,-13.18366],[-73.73755,-13.17719],[-73.75644,-13.17071],[-73.7726,-13.17512],[-73.78203,-13.16169],[-73.78259,-13.15695],[-73.80621,-13.13912],[-73.81538,-13.14272],[-73.84141,-13.13792],[-73.85274,-13.13713],[-73.85322,-13.13418],[-73.83611,-13.10775],[-73.84526,-13.09971],[-73.85242,-13.07462],[-73.85473,-13.05528],[-73.84596,-13.03419],[-73.83639,-13.03182],[-73.82541,-13.03643],[-73.81514,-13.03388],[-73.80325,-13.04433],[-73.79382,-13.046],[-73.78856,-13.04228],[-73.79009,-13.03338],[-73.78468,-13.02854],[-73.77539,-13.02676],[-73.76711,-13.02907],[-73.76307,-13.02611],[-73.75025,-13.02627],[-73.73389,-13.03469],[-73.73479,-13.02472],[-73.72442,-13.01688],[-73.71517,-13.02414],[-73.70644,-13.02529],[-73.69202,-13.00762],[-73.68616,-12.99704],[-73.66875,-12.99516],[-73.65957,-12.98695],[-73.6576,-12.97135],[-73.64197,-12.95598],[-73.62856,-12.95033],[-73.62516,-12.94496],[-73.61483,-12.94178],[-73.6026,-12.92094],[-73.59377,-12.9143],[-73.58917,-12.91464],[-73.58665,-12.93256],[-73.57926,-12.94686],[-73.57336,-12.94654],[-73.56685,-12.95295],[-73.56161,-12.9633],[-73.54764,-12.95908],[-73.54055,-12.95041],[-73.52764,-12.95217],[-73.51122,-12.94404],[-73.50921,-12.93272],[-73.49967,-12.93048],[-73.49608,-12.93847],[-73.5009,-12.94657],[-73.50893,-12.94949],[-73.51068,-12.95543],[-73.50679,-12.96735],[-73.50804,-12.9719],[-73.53003,-12.98527],[-73.52166,-12.99069],[-73.52181,-12.99825]]]}},{"type":"Feature","properties":{"ubigeo":"050503","nombre":"Ayna"},"geometry":{"type":"Polygon","coordinates":[[[-73.76004,-12.64965],[-73.77088,-12.65895],[-73.78336,-12.66479],[-73.80444,-12.6713],[-73.82936,-12.68651],[-73.83959,-12.69673],[-73.85009,-12.71292],[-73.84844,-12.71738],[-73.85069,-12.74061],[-73.86348,-12.75353],[-73.86646,-12.76598],[-73.87949,-12.78279],[-73.885,-12.78537],[-73.89107,-12.79885],[-73.88675,-12.80569],[-73.89263,-12.82554],[-73.90482,-12.84328],[-73.90604,-12.85357],[-73.90057,-12.85999],[-73.90523,-12.86695],[-73.91205,-12.86586],[-73.91777,-12.85999],[-73.93442,-12.85094],[-73.94273,-12.86019],[-73.95911,-12.85594],[-73.96588,-12.85614],[-73.96748,-12.85003],[-73.97689,-12.84587],[-73.98605,-12.83801],[-73.99601,-12.83779],[-73.99874,-12.82868],[-73.99418,-12.81139],[-73.98768,-12.79663],[-73.99527,-12.78127],[-73.99652,-12.77416],[-73.9917,-12.75409],[-73.98809,-12.74987],[-73.97833,-12.74811],[-73.96934,-12.73553],[-73.96021,-12.73418],[-73.94859,-12.72802],[-73.94268,-12.72918],[-73.93478,-12.72178],[-73.91366,-12.72164],[-73.88811,-12.71105],[-73.87822,-12.68874],[-73.87,-12.67814],[-73.86724,-12.66966],[-73.86998,-12.66244],[-73.86637,-12.65329],[-73.8538,-12.64547],[-73.85945,-12.62221],[-73.84809,-12.60508],[-73.84427,-12.58811],[-73.83266,-12.5751],[-73.83361,-12.55464],[-73.83005,-12.54136],[-73.83093,-12.53078],[-73.82239,-12.53726],[-73.82184,-12.54597],[-73.81285,-12.55702],[-73.80511,-12.57527],[-73.80314,-12.58637],[-73.80459,-12.59451],[-73.80095,-12.59901],[-73.80117,-12.61302],[-73.79605,-12.61893],[-73.78582,-12.62344],[-73.77029,-12.64283],[-73.76004,-12.64965]]]}},{"type":"Feature","properties":{"ubigeo":"050504","nombre":"Chilcas"},"geometry":{"type":"Polygon","coordinates":[[[-73.7726,-13.17512],[-73.77393,-13.18515],[-73.78642,-13.19221],[-73.79936,-13.20395],[-73.79997,-13.21454],[-73.80737,-13.21387],[-73.80791,-13.22153],[-73.82291,-13.23352],[-73.83906,-13.23144],[-73.84979,-13.2323],[-73.85928,-13.22278],[-73.86453,-13.20456],[-73.87313,-13.19507],[-73.88112,-13.19717],[-73.89216,-13.19411],[-73.89718,-13.18916],[-73.90747,-13.18681],[-73.9233,-13.17382],[-73.92994,-13.17113],[-73.94845,-13.17556],[-73.95061,-13.18357],[-73.9614,-13.18726],[-73.96686,-13.18519],[-73.9688,-13.17286],[-73.96347,-13.15284],[-73.9546,-13.14085],[-73.94889,-13.13748],[-73.94329,-13.12766],[-73.93112,-13.11958],[-73.91726,-13.11554],[-73.91021,-13.12079],[-73.89842,-13.1146],[-73.89279,-13.11555],[-73.87826,-13.1236],[-73.86172,-13.12415],[-73.85322,-13.13418],[-73.85274,-13.13713],[-73.84141,-13.13792],[-73.81538,-13.14272],[-73.80621,-13.13912],[-73.78259,-13.15695],[-73.78203,-13.16169],[-73.7726,-13.17512]]]}},{"type":"Feature","properties":{"ubigeo":"050505","nombre":"Chungui"},"geometry":{"type":"Polygon","coordinates":[[[-73.41112,-13.19301],[-73.41378,-13.18496],[-73.42114,-13.18096],[-73.43395,-13.18706],[-73.44517,-13.20682],[-73.46101,-13.21511],[-73.4631,-13.21943],[-73.47709,-13.22411],[-73.49447,-13.2418],[-73.50496,-13.24774],[-73.52066,-13.23979],[-73.52614,-13.23944],[-73.54419,-13.24614],[-73.53695,-13.25959],[-73.53013,-13.25774],[-73.52238,-13.26295],[-73.52061,-13.27638],[-73.51382,-13.2837],[-73.51516,-13.28869],[-73.50634,-13.28816],[-73.50564,-13.28088],[-73.49072,-13.27716],[-73.49117,-13.29907],[-73.49932,-13.3132],[-73.50226,-13.33141],[-73.51412,-13.34342],[-73.51634,-13.35703],[-73.51964,-13.36196],[-73.5182,-13.37932],[-73.5148,-13.3848],[-73.52159,-13.38772],[-73.52718,-13.38366],[-73.5303,-13.37348],[-73.53984,-13.37052],[-73.54429,-13.36387],[-73.5585,-13.36621],[-73.57017,-13.36332],[-73.57418,-13.3511],[-73.57176,-13.34183],[-73.57502,-13.33802],[-73.5867,-13.33934],[-73.59493,-13.33048],[-73.60251,-13.32824],[-73.60854,-13.33078],[-73.61129,-13.3233],[-73.6247,-13.32141],[-73.62765,-13.3137],[-73.63572,-13.31066],[-73.64195,-13.29948],[-73.66003,-13.29039],[-73.6645,-13.28155],[-73.67353,-13.28484],[-73.69495,-13.27407],[-73.70019,-13.2651],[-73.70658,-13.26932],[-73.72803,-13.26781],[-73.72674,-13.26174],[-73.73634,-13.25491],[-73.73086,-13.24265],[-73.73498,-13.22255],[-73.74002,-13.21178],[-73.72835,-13.19484],[-73.71584,-13.18954],[-73.70714,-13.19064],[-73.68919,-13.18728],[-73.67009,-13.16927],[-73.65939,-13.17666],[-73.64625,-13.16927],[-73.63776,-13.16743],[-73.63228,-13.17127],[-73.6029,-13.17281],[-73.58111,-13.15356],[-73.57375,-13.14865],[-73.56344,-13.14701],[-73.5617,-13.14112],[-73.55204,-13.13425],[-73.53642,-13.13371],[-73.52117,-13.13856],[-73.50712,-13.13674],[-73.50011,-13.13811],[-73.48154,-13.12563],[-73.48094,-13.12122],[-73.48785,-13.1081],[-73.48244,-13.09968],[-73.47453,-13.10018],[-73.46842,-13.1102],[-73.46101,-13.1106],[-73.45838,-13.09995],[-73.45375,-13.09774],[-73.44447,-13.10211],[-73.44934,-13.11553],[-73.45459,-13.12189],[-73.43914,-13.12827],[-73.43185,-13.1394],[-73.42729,-13.13181],[-73.42191,-13.13239],[-73.41466,-13.14509],[-73.41582,-13.15288],[-73.40752,-13.16291],[-73.40945,-13.17368],[-73.40269,-13.18069],[-73.40397,-13.189],[-73.41112,-13.19301]]]}},{"type":"Feature","properties":{"ubigeo":"050506","nombre":"Luis Carranza"},"geometry":{"type":"Polygon","coordinates":[[[-73.8065,-13.31116],[-73.80705,-13.31483],[-73.81408,-13.30752],[-73.82988,-13.30374],[-73.85811,-13.30935],[-73.86815,-13.30384],[-73.86581,-13.28957],[-73.85576,-13.28375],[-73.84854,-13.2748],[-73.84651,-13.25904],[-73.86193,-13.25933],[-73.87026,-13.26157],[-73.88679,-13.27538],[-73.89688,-13.27897],[-73.91707,-13.27766],[-73.9246,-13.28504],[-73.93054,-13.2834],[-73.94486,-13.26657],[-73.94773,-13.24111],[-73.94594,-13.2291],[-73.9638,-13.20695],[-73.96143,-13.20096],[-73.9614,-13.18726],[-73.95061,-13.18357],[-73.94845,-13.17556],[-73.92994,-13.17113],[-73.9233,-13.17382],[-73.90747,-13.18681],[-73.89718,-13.18916],[-73.89216,-13.19411],[-73.88112,-13.19717],[-73.87313,-13.19507],[-73.86453,-13.20456],[-73.85928,-13.22278],[-73.84979,-13.2323],[-73.83906,-13.23144],[-73.82291,-13.23352],[-73.80791,-13.22153],[-73.81281,-13.24224],[-73.82321,-13.24733],[-73.82299,-13.25751],[-73.82584,-13.27085],[-73.82056,-13.27758],[-73.82282,-13.28505],[-73.80796,-13.3038],[-73.8065,-13.31116]]]}},{"type":"Feature","properties":{"ubigeo":"050507","nombre":"Santa Rosa"},"geometry":{"type":"Polygon","coordinates":[[[-73.65624,-12.72568],[-73.66542,-12.72538],[-73.67395,-12.73222],[-73.69518,-12.74117],[-73.70237,-12.75757],[-73.7079,-12.76324],[-73.70651,-12.76979],[-73.71898,-12.77831],[-73.7225,-12.78492],[-73.7366,-12.80118],[-73.7385,-12.81902],[-73.75391,-12.82995],[-73.75568,-12.84052],[-73.76709,-12.8491],[-73.774,-12.85016],[-73.77566,-12.8576],[-73.78578,-12.86026],[-73.79336,-12.86763],[-73.79613,-12.88459],[-73.8122,-12.88429],[-73.81429,-12.87697],[-73.82848,-12.87394],[-73.83805,-12.86926],[-73.84688,-12.87654],[-73.85163,-12.87404],[-73.85837,-12.87721],[-73.88648,-12.87619],[-73.88768,-12.86696],[-73.89271,-12.86143],[-73.90057,-12.85999],[-73.90604,-12.85357],[-73.90482,-12.84328],[-73.89263,-12.82554],[-73.88675,-12.80569],[-73.89107,-12.79885],[-73.885,-12.78537],[-73.87949,-12.78279],[-73.86646,-12.76598],[-73.86348,-12.75353],[-73.85069,-12.74061],[-73.84844,-12.71738],[-73.85009,-12.71292],[-73.83959,-12.69673],[-73.82936,-12.68651],[-73.80444,-12.6713],[-73.78336,-12.66479],[-73.77088,-12.65895],[-73.76004,-12.64965],[-73.75152,-12.65252],[-73.74342,-12.65153],[-73.73597,-12.63915],[-73.72555,-12.63665],[-73.71749,-12.65854],[-73.70812,-12.66875],[-73.69833,-12.67213],[-73.69675,-12.68443],[-73.6923,-12.68804],[-73.68246,-12.68781],[-73.67987,-12.69551],[-73.66587,-12.71043],[-73.65624,-12.72568]]]}},{"type":"Feature","properties":{"ubigeo":"050508","nombre":"Tambo"},"geometry":{"type":"Polygon","coordinates":[[[-73.88648,-12.87619],[-73.90017,-12.89479],[-73.90003,-12.89996],[-73.90737,-12.90334],[-73.91178,-12.91205],[-73.91806,-12.90958],[-73.92365,-12.91769],[-73.91696,-12.92687],[-73.92501,-12.93413],[-73.92367,-12.93934],[-73.92888,-12.94685],[-73.94011,-12.94941],[-73.95637,-12.94896],[-73.9673,-12.9549],[-73.9822,-12.95904],[-73.98873,-12.96482],[-73.98751,-12.97315],[-73.99838,-12.98434],[-74.00825,-12.98964],[-74.02082,-12.98707],[-74.03168,-12.98001],[-74.04231,-12.98694],[-74.0474,-12.99353],[-74.0544,-12.98405],[-74.06279,-12.98059],[-74.07738,-12.98495],[-74.09104,-12.99067],[-74.09822,-13],[-74.10631,-13.00507],[-74.11869,-13.0066],[-74.11671,-12.99113],[-74.11394,-12.98693],[-74.10481,-12.98468],[-74.10571,-12.97079],[-74.11212,-12.95897],[-74.10649,-12.95036],[-74.11675,-12.9387],[-74.11746,-12.92614],[-74.12535,-12.91623],[-74.13066,-12.91444],[-74.12887,-12.90647],[-74.13528,-12.88946],[-74.14307,-12.88725],[-74.14424,-12.87775],[-74.14873,-12.87245],[-74.13974,-12.86887],[-74.13675,-12.86027],[-74.12699,-12.85436],[-74.10808,-12.85203],[-74.09712,-12.86658],[-74.08787,-12.86632],[-74.0815,-12.86064],[-74.07231,-12.87004],[-74.07063,-12.87519],[-74.06092,-12.87291],[-74.05518,-12.86676],[-74.04523,-12.86576],[-74.04104,-12.85718],[-74.03141,-12.85292],[-74.02233,-12.84305],[-74.01483,-12.83941],[-74.00386,-12.84379],[-73.99601,-12.83779],[-73.98605,-12.83801],[-73.97689,-12.84587],[-73.96748,-12.85003],[-73.96588,-12.85614],[-73.95911,-12.85594],[-73.94273,-12.86019],[-73.93442,-12.85094],[-73.91777,-12.85999],[-73.91205,-12.86586],[-73.90523,-12.86695],[-73.90057,-12.85999],[-73.89271,-12.86143],[-73.88768,-12.86696],[-73.88648,-12.87619]]]}},{"type":"Feature","properties":{"ubigeo":"050509","nombre":"Samugari"},"geometry":{"type":"Polygon","coordinates":[[[-73.61761,-12.80084],[-73.62777,-12.81187],[-73.64479,-12.81978],[-73.64256,-12.82944],[-73.63486,-12.83304],[-73.63218,-12.84375],[-73.64306,-12.84401],[-73.65421,-12.85125],[-73.66525,-12.85273],[-73.67483,-12.8606],[-73.68774,-12.87667],[-73.69933,-12.88015],[-73.70915,-12.8701],[-73.72823,-12.85942],[-73.73999,-12.86062],[-73.74262,-12.87176],[-73.73474,-12.87524],[-73.73342,-12.87987],[-73.73896,-12.90243],[-73.73867,-12.90879],[-73.74578,-12.90898],[-73.76123,-12.91522],[-73.75746,-12.92607],[-73.73054,-12.94352],[-73.72813,-12.94728],[-73.7338,-12.94655],[-73.73712,-12.95178],[-73.74519,-12.95394],[-73.76265,-12.95068],[-73.77534,-12.93637],[-73.79002,-12.93455],[-73.80694,-12.93837],[-73.81357,-12.93715],[-73.82414,-12.94268],[-73.82882,-12.94864],[-73.83585,-12.94785],[-73.84493,-12.95288],[-73.85219,-12.94052],[-73.8577,-12.93958],[-73.86003,-12.93066],[-73.8573,-12.9249],[-73.8707,-12.91901],[-73.87039,-12.90489],[-73.90003,-12.89996],[-73.90017,-12.89479],[-73.88648,-12.87619],[-73.85837,-12.87721],[-73.85163,-12.87404],[-73.84688,-12.87654],[-73.83805,-12.86926],[-73.82848,-12.87394],[-73.81429,-12.87697],[-73.8122,-12.88429],[-73.79613,-12.88459],[-73.79336,-12.86763],[-73.78578,-12.86026],[-73.77566,-12.8576],[-73.774,-12.85016],[-73.76709,-12.8491],[-73.75568,-12.84052],[-73.75391,-12.82995],[-73.7385,-12.81902],[-73.7366,-12.80118],[-73.7225,-12.78492],[-73.71898,-12.77831],[-73.70651,-12.76979],[-73.7079,-12.76324],[-73.70237,-12.75757],[-73.69518,-12.74117],[-73.67395,-12.73222],[-73.66542,-12.72538],[-73.65624,-12.72568],[-73.65856,-12.73608],[-73.64478,-12.74485],[-73.63427,-12.75826],[-73.62567,-12.76499],[-73.62409,-12.77122],[-73.62728,-12.78011],[-73.62618,-12.78868],[-73.61761,-12.80084]]]}},{"type":"Feature","properties":{"ubigeo":"050510","nombre":"Anchihuay"},"geometry":{"type":"Polygon","coordinates":[[[-73.53216,-12.89289],[-73.5392,-12.89751],[-73.55876,-12.89755],[-73.56927,-12.9018],[-73.58917,-12.91464],[-73.59377,-12.9143],[-73.6026,-12.92094],[-73.61483,-12.94178],[-73.62516,-12.94496],[-73.62856,-12.95033],[-73.64197,-12.95598],[-73.6576,-12.97135],[-73.65957,-12.98695],[-73.66875,-12.99516],[-73.68616,-12.99704],[-73.69202,-13.00762],[-73.70644,-13.02529],[-73.71517,-13.02414],[-73.72442,-13.01688],[-73.73479,-13.02472],[-73.73389,-13.03469],[-73.75025,-13.02627],[-73.76307,-13.02611],[-73.76711,-13.02907],[-73.77539,-13.02676],[-73.78468,-13.02854],[-73.79009,-13.03338],[-73.78856,-13.04228],[-73.79382,-13.046],[-73.80325,-13.04433],[-73.81514,-13.03388],[-73.82541,-13.03643],[-73.83639,-13.03182],[-73.8304,-13.02098],[-73.83399,-13.01771],[-73.83018,-13.01114],[-73.83459,-12.99918],[-73.83866,-12.99645],[-73.85284,-12.99519],[-73.85448,-12.98958],[-73.86206,-12.98699],[-73.86233,-12.9738],[-73.85609,-12.96701],[-73.85429,-12.95882],[-73.84493,-12.95288],[-73.83585,-12.94785],[-73.82882,-12.94864],[-73.82414,-12.94268],[-73.81357,-12.93715],[-73.80694,-12.93837],[-73.79002,-12.93455],[-73.77534,-12.93637],[-73.76265,-12.95068],[-73.74519,-12.95394],[-73.73712,-12.95178],[-73.7338,-12.94655],[-73.72813,-12.94728],[-73.72067,-12.94932],[-73.71458,-12.94059],[-73.68429,-12.92979],[-73.67509,-12.9307],[-73.66909,-12.92607],[-73.65491,-12.92166],[-73.65235,-12.91457],[-73.64329,-12.91146],[-73.6379,-12.9008],[-73.64011,-12.89463],[-73.6368,-12.88799],[-73.62801,-12.88121],[-73.63196,-12.87071],[-73.62746,-12.8559],[-73.6045,-12.85031],[-73.60101,-12.84568],[-73.59999,-12.8345],[-73.58851,-12.83245],[-73.59081,-12.84429],[-73.5819,-12.85868],[-73.57705,-12.86109],[-73.56065,-12.86887],[-73.53216,-12.89289]]]}},{"type":"Feature","properties":{"ubigeo":"050511","nombre":"Oronccoy"},"geometry":{"type":"Polygon","coordinates":[[[-73.23646,-13.47666],[-73.24502,-13.46558],[-73.26102,-13.46773],[-73.28216,-13.4549],[-73.29093,-13.45619],[-73.3132,-13.44718],[-73.31708,-13.45383],[-73.32524,-13.45732],[-73.3322,-13.45614],[-73.33298,-13.4444],[-73.34116,-13.44131],[-73.34716,-13.43483],[-73.36599,-13.43676],[-73.36964,-13.44225],[-73.38664,-13.43986],[-73.40332,-13.44475],[-73.40958,-13.43673],[-73.42892,-13.43787],[-73.43608,-13.42996],[-73.44539,-13.43036],[-73.46148,-13.43404],[-73.46943,-13.42922],[-73.4741,-13.43291],[-73.48091,-13.43137],[-73.48668,-13.42257],[-73.4879,-13.41284],[-73.49851,-13.3929],[-73.5111,-13.38297],[-73.5148,-13.3848],[-73.5182,-13.37932],[-73.51964,-13.36196],[-73.51634,-13.35703],[-73.51412,-13.34342],[-73.50226,-13.33141],[-73.49932,-13.3132],[-73.49117,-13.29907],[-73.49072,-13.27716],[-73.50564,-13.28088],[-73.50634,-13.28816],[-73.51516,-13.28869],[-73.51382,-13.2837],[-73.52061,-13.27638],[-73.52238,-13.26295],[-73.53013,-13.25774],[-73.53695,-13.25959],[-73.54419,-13.24614],[-73.52614,-13.23944],[-73.52066,-13.23979],[-73.50496,-13.24774],[-73.49447,-13.2418],[-73.47709,-13.22411],[-73.4631,-13.21943],[-73.46101,-13.21511],[-73.44517,-13.20682],[-73.43395,-13.18706],[-73.42114,-13.18096],[-73.41378,-13.18496],[-73.41112,-13.19301],[-73.41474,-13.19716],[-73.40983,-13.21133],[-73.39861,-13.21084],[-73.38232,-13.22487],[-73.38108,-13.24027],[-73.3712,-13.24548],[-73.36984,-13.25934],[-73.36435,-13.26943],[-73.35314,-13.2699],[-73.34621,-13.27844],[-73.34985,-13.29285],[-73.3411,-13.29127],[-73.34836,-13.29824],[-73.34075,-13.31191],[-73.32966,-13.30862],[-73.31959,-13.3226],[-73.3114,-13.32589],[-73.31242,-13.33659],[-73.3036,-13.34263],[-73.30454,-13.34883],[-73.29635,-13.35473],[-73.28958,-13.35499],[-73.28735,-13.37194],[-73.27791,-13.37242],[-73.27135,-13.38057],[-73.25985,-13.38454],[-73.25813,-13.39513],[-73.2526,-13.39273],[-73.25022,-13.40225],[-73.23611,-13.41114],[-73.22768,-13.41078],[-73.21188,-13.41906],[-73.20977,-13.43254],[-73.22318,-13.44978],[-73.22015,-13.46308],[-73.22357,-13.46906],[-73.23646,-13.47666]]]}},{"type":"Feature","properties":{"ubigeo":"050512","nombre":"Unión Progreso"},"geometry":{"type":"Polygon","coordinates":[[[-73.53216,-12.89289],[-73.52368,-12.89948],[-73.52243,-12.90754],[-73.53257,-12.91748],[-73.5335,-12.92442],[-73.52985,-12.93196],[-73.52227,-12.93894],[-73.50921,-12.93272],[-73.51122,-12.94404],[-73.52764,-12.95217],[-73.54055,-12.95041],[-73.54764,-12.95908],[-73.56161,-12.9633],[-73.56685,-12.95295],[-73.57336,-12.94654],[-73.57926,-12.94686],[-73.58665,-12.93256],[-73.58917,-12.91464],[-73.56927,-12.9018],[-73.55876,-12.89755],[-73.5392,-12.89751],[-73.53216,-12.89289]]]}},{"type":"Feature","properties":{"ubigeo":"050513","nombre":"Rio Magdalena"},"geometry":{"type":"Polygon","coordinates":[[[-73.72813,-12.94728],[-73.73054,-12.94352],[-73.75746,-12.92607],[-73.76123,-12.91522],[-73.74578,-12.90898],[-73.73867,-12.90879],[-73.73896,-12.90243],[-73.73342,-12.87987],[-73.73474,-12.87524],[-73.74262,-12.87176],[-73.73999,-12.86062],[-73.72823,-12.85942],[-73.70915,-12.8701],[-73.69933,-12.88015],[-73.68774,-12.87667],[-73.67483,-12.8606],[-73.66525,-12.85273],[-73.65421,-12.85125],[-73.64306,-12.84401],[-73.63218,-12.84375],[-73.63486,-12.83304],[-73.64256,-12.82944],[-73.64479,-12.81978],[-73.62777,-12.81187],[-73.61761,-12.80084],[-73.61545,-12.80802],[-73.60684,-12.80979],[-73.59174,-12.82175],[-73.58851,-12.83245],[-73.59999,-12.8345],[-73.60101,-12.84568],[-73.6045,-12.85031],[-73.62746,-12.8559],[-73.63196,-12.87071],[-73.62801,-12.88121],[-73.6368,-12.88799],[-73.64011,-12.89463],[-73.6379,-12.9008],[-73.64329,-12.91146],[-73.65235,-12.91457],[-73.65491,-12.92166],[-73.66909,-12.92607],[-73.67509,-12.9307],[-73.68429,-12.92979],[-73.71458,-12.94059],[-73.72067,-12.94932],[-73.72813,-12.94728]]]}},{"type":"Feature","properties":{"ubigeo":"050514","nombre":"Ninabamba"},"geometry":{"type":"Polygon","coordinates":[[[-73.9688,-13.17286],[-73.98199,-13.17088],[-73.99392,-13.16188],[-73.99341,-13.14814],[-73.99704,-13.14619],[-74.00903,-13.1296],[-74.00726,-13.12425],[-74.01735,-13.11818],[-74.01623,-13.10955],[-73.99087,-13.10258],[-73.97793,-13.10186],[-73.95966,-13.09426],[-73.94745,-13.0824],[-73.93912,-13.07833],[-73.93171,-13.0843],[-73.90655,-13.08414],[-73.90448,-13.07083],[-73.89896,-13.06893],[-73.88349,-13.07137],[-73.87878,-13.06205],[-73.87291,-13.05997],[-73.86773,-13.06578],[-73.85242,-13.07462],[-73.84526,-13.09971],[-73.83611,-13.10775],[-73.85322,-13.13418],[-73.86172,-13.12415],[-73.87826,-13.1236],[-73.89279,-13.11555],[-73.89842,-13.1146],[-73.91021,-13.12079],[-73.91726,-13.11554],[-73.93112,-13.11958],[-73.94329,-13.12766],[-73.94889,-13.13748],[-73.9546,-13.14085],[-73.96347,-13.15284],[-73.9688,-13.17286]]]}},{"type":"Feature","properties":{"ubigeo":"050515","nombre":"Patibamba"},"geometry":{"type":"Polygon","coordinates":[[[-74.06085,-13.05632],[-74.04294,-13.06236],[-74.03558,-13.07034],[-74.02759,-13.07133],[-74.00033,-13.05531],[-73.9905,-13.05294],[-73.98725,-13.0486],[-73.97527,-13.04553],[-73.96357,-13.04753],[-73.95385,-13.03716],[-73.94446,-13.03159],[-73.93899,-13.01184],[-73.93474,-13.00619],[-73.92533,-13.00474],[-73.91296,-13.01151],[-73.90683,-13.02773],[-73.90529,-13.03764],[-73.89577,-13.03967],[-73.88769,-13.05369],[-73.87757,-13.05571],[-73.87291,-13.05997],[-73.87878,-13.06205],[-73.88349,-13.07137],[-73.89896,-13.06893],[-73.90448,-13.07083],[-73.90655,-13.08414],[-73.93171,-13.0843],[-73.93912,-13.07833],[-73.94745,-13.0824],[-73.95966,-13.09426],[-73.97793,-13.10186],[-73.99087,-13.10258],[-74.01623,-13.10955],[-74.02074,-13.09878],[-74.02682,-13.09241],[-74.03728,-13.09739],[-74.04647,-13.08596],[-74.04991,-13.06613],[-74.05813,-13.0627],[-74.06085,-13.05632]]]}},{"type":"Feature","properties":{"ubigeo":"050601","nombre":"Puquio"},"geometry":{"type":"Polygon","coordinates":[[[-73.82782,-14.68476],[-73.83612,-14.70469],[-73.83565,-14.71722],[-73.82572,-14.72592],[-73.84587,-14.75044],[-73.85545,-14.75663],[-73.85478,-14.76257],[-73.86066,-14.76742],[-73.87057,-14.76715],[-73.87888,-14.76894],[-73.91053,-14.79371],[-73.91122,-14.80247],[-73.91616,-14.80628],[-73.91581,-14.81361],[-73.93086,-14.82909],[-73.93242,-14.84116],[-73.92969,-14.84941],[-73.93974,-14.85786],[-73.95985,-14.85371],[-73.96393,-14.84875],[-73.96559,-14.83546],[-73.9837,-14.81623],[-73.99679,-14.81588],[-74.00383,-14.81284],[-74.01579,-14.81438],[-74.02942,-14.80906],[-74.03941,-14.80131],[-74.04668,-14.79974],[-74.05658,-14.79115],[-74.06939,-14.78357],[-74.07426,-14.77226],[-74.07243,-14.76637],[-74.09058,-14.7565],[-74.09581,-14.75572],[-74.09961,-14.74775],[-74.10936,-14.74096],[-74.11816,-14.74014],[-74.12424,-14.7336],[-74.13362,-14.73439],[-74.14369,-14.74289],[-74.14959,-14.75998],[-74.16092,-14.77051],[-74.16982,-14.75123],[-74.16761,-14.742],[-74.17203,-14.72631],[-74.17102,-14.72022],[-74.17538,-14.71529],[-74.17215,-14.71187],[-74.16796,-14.69719],[-74.16075,-14.68694],[-74.15862,-14.67952],[-74.1626,-14.66183],[-74.17776,-14.64805],[-74.16906,-14.64367],[-74.16735,-14.63521],[-74.17137,-14.62545],[-74.17393,-14.60878],[-74.17252,-14.59563],[-74.17143,-14.58985],[-74.16209,-14.58624],[-74.15095,-14.57612],[-74.1554,-14.56925],[-74.15474,-14.54979],[-74.1686,-14.5463],[-74.1695,-14.53973],[-74.16366,-14.53377],[-74.15643,-14.53473],[-74.15655,-14.51636],[-74.14606,-14.51469],[-74.14183,-14.5183],[-74.12661,-14.51894],[-74.1147,-14.51291],[-74.10055,-14.51723],[-74.08614,-14.53294],[-74.06645,-14.53349],[-74.0401,-14.52781],[-74.02565,-14.51794],[-74.01341,-14.52337],[-74.01469,-14.53308],[-73.99969,-14.55271],[-73.995,-14.55183],[-73.99203,-14.56705],[-73.98289,-14.57957],[-73.9673,-14.58391],[-73.96057,-14.581],[-73.95034,-14.56963],[-73.94687,-14.57494],[-73.93708,-14.57923],[-73.93909,-14.58086],[-73.93709,-14.59697],[-73.92569,-14.60802],[-73.92569,-14.61879],[-73.90423,-14.6329],[-73.89366,-14.63372],[-73.88773,-14.63798],[-73.87047,-14.64077],[-73.85918,-14.6472],[-73.85075,-14.66522],[-73.84517,-14.67098],[-73.83228,-14.67661],[-73.82782,-14.68476]]]}},{"type":"Feature","properties":{"ubigeo":"050602","nombre":"Aucara"},"geometry":{"type":"Polygon","coordinates":[[[-73.95042,-14.18644],[-73.9528,-14.19541],[-73.96766,-14.20878],[-73.97568,-14.22056],[-73.97017,-14.23045],[-73.94249,-14.24188],[-73.93131,-14.23876],[-73.921,-14.24884],[-73.90677,-14.25331],[-73.89658,-14.26283],[-73.91981,-14.26768],[-73.93168,-14.27899],[-73.94781,-14.28045],[-73.95467,-14.27766],[-73.97328,-14.28217],[-73.97655,-14.28984],[-73.98332,-14.29167],[-73.98921,-14.28769],[-73.99993,-14.28633],[-74.01598,-14.2911],[-74.03058,-14.29911],[-74.03381,-14.29134],[-74.0521,-14.28806],[-74.06872,-14.29452],[-74.08299,-14.2927],[-74.09506,-14.28268],[-74.1172,-14.2909],[-74.12398,-14.28707],[-74.13488,-14.29614],[-74.14438,-14.296],[-74.15688,-14.2888],[-74.16535,-14.28997],[-74.17695,-14.28707],[-74.18575,-14.29563],[-74.19918,-14.29647],[-74.21541,-14.29171],[-74.22683,-14.30289],[-74.24062,-14.29971],[-74.24914,-14.29316],[-74.26434,-14.28618],[-74.2734,-14.27802],[-74.27602,-14.27152],[-74.28478,-14.26747],[-74.30755,-14.27224],[-74.31792,-14.27206],[-74.322,-14.26933],[-74.33044,-14.25477],[-74.34288,-14.24811],[-74.34793,-14.2426],[-74.3469,-14.23033],[-74.35341,-14.22891],[-74.36649,-14.2152],[-74.37848,-14.21721],[-74.38396,-14.21329],[-74.41233,-14.18203],[-74.42116,-14.1631],[-74.42279,-14.15233],[-74.40279,-14.16017],[-74.39232,-14.16705],[-74.3829,-14.16127],[-74.36766,-14.15864],[-74.3548,-14.15127],[-74.33614,-14.14811],[-74.32945,-14.12863],[-74.30532,-14.12612],[-74.2914,-14.13249],[-74.27784,-14.13391],[-74.27051,-14.1313],[-74.26138,-14.13488],[-74.25412,-14.13212],[-74.23947,-14.13201],[-74.20798,-14.1269],[-74.1891,-14.10343],[-74.17443,-14.10471],[-74.11604,-14.02887],[-74.10001,-14.02839],[-74.0907,-14.0192],[-74.08157,-14.01966],[-74.07037,-14.02667],[-74.06317,-14.03977],[-74.07185,-14.0465],[-74.07142,-14.05769],[-74.07393,-14.0755],[-74.08546,-14.08881],[-74.08757,-14.09538],[-74.08283,-14.09715],[-74.08123,-14.11268],[-74.07057,-14.11662],[-74.05971,-14.11224],[-74.05341,-14.10463],[-74.03917,-14.0985],[-74.02963,-14.11238],[-74.02552,-14.12798],[-74.01404,-14.13452],[-74.01312,-14.1395],[-74.00407,-14.1479],[-73.99916,-14.15919],[-73.99113,-14.16016],[-73.98304,-14.16998],[-73.96369,-14.17822],[-73.96191,-14.18341],[-73.95042,-14.18644]]]}},{"type":"Feature","properties":{"ubigeo":"050603","nombre":"Cabana"},"geometry":{"type":"Polygon","coordinates":[[[-73.92171,-14.32238],[-73.93415,-14.32139],[-73.94551,-14.32751],[-73.95137,-14.32648],[-73.97546,-14.34036],[-73.9795,-14.34681],[-73.99683,-14.34978],[-74.00818,-14.36321],[-74.00623,-14.37924],[-74.01402,-14.39488],[-74.02095,-14.3943],[-74.02849,-14.40903],[-74.04742,-14.42889],[-74.05428,-14.43044],[-74.06152,-14.45142],[-74.07586,-14.45738],[-74.08395,-14.45663],[-74.08413,-14.45008],[-74.09516,-14.44301],[-74.10827,-14.44944],[-74.11361,-14.45999],[-74.12855,-14.46541],[-74.14222,-14.47503],[-74.14958,-14.47753],[-74.15849,-14.48554],[-74.17055,-14.4684],[-74.17826,-14.46279],[-74.18444,-14.46479],[-74.18943,-14.46003],[-74.20022,-14.46445],[-74.21073,-14.45618],[-74.20983,-14.44311],[-74.21243,-14.43397],[-74.20147,-14.41937],[-74.19066,-14.41564],[-74.17648,-14.40419],[-74.16861,-14.39115],[-74.16846,-14.37426],[-74.181,-14.36083],[-74.18402,-14.34818],[-74.16807,-14.34085],[-74.17266,-14.33177],[-74.17981,-14.30212],[-74.18575,-14.29563],[-74.17695,-14.28707],[-74.16535,-14.28997],[-74.15688,-14.2888],[-74.14438,-14.296],[-74.13488,-14.29614],[-74.12398,-14.28707],[-74.1172,-14.2909],[-74.09506,-14.28268],[-74.08299,-14.2927],[-74.06872,-14.29452],[-74.0521,-14.28806],[-74.03381,-14.29134],[-74.03058,-14.29911],[-74.01598,-14.2911],[-73.99993,-14.28633],[-73.98921,-14.28769],[-73.98332,-14.29167],[-73.97655,-14.28984],[-73.97328,-14.28217],[-73.95467,-14.27766],[-73.94781,-14.28045],[-73.93168,-14.27899],[-73.91981,-14.26768],[-73.89658,-14.26283],[-73.89004,-14.26761],[-73.884,-14.2826],[-73.89146,-14.28588],[-73.89216,-14.29107],[-73.9012,-14.31082],[-73.92171,-14.32238]]]}},{"type":"Feature","properties":{"ubigeo":"050604","nombre":"Carmen Salcedo"},"geometry":{"type":"Polygon","coordinates":[[[-73.93708,-14.57923],[-73.94687,-14.57494],[-73.95034,-14.56963],[-73.96057,-14.581],[-73.9673,-14.58391],[-73.98289,-14.57957],[-73.99203,-14.56705],[-73.995,-14.55183],[-73.99969,-14.55271],[-74.01469,-14.53308],[-74.01341,-14.52337],[-74.02565,-14.51794],[-74.0401,-14.52781],[-74.06645,-14.53349],[-74.08614,-14.53294],[-74.10055,-14.51723],[-74.1147,-14.51291],[-74.12661,-14.51894],[-74.14183,-14.5183],[-74.14606,-14.51469],[-74.1446,-14.50967],[-74.14649,-14.49306],[-74.15849,-14.48554],[-74.14958,-14.47753],[-74.14222,-14.47503],[-74.12855,-14.46541],[-74.11361,-14.45999],[-74.10827,-14.44944],[-74.09516,-14.44301],[-74.08413,-14.45008],[-74.08395,-14.45663],[-74.07586,-14.45738],[-74.06152,-14.45142],[-74.05428,-14.43044],[-74.04742,-14.42889],[-74.02849,-14.40903],[-74.02095,-14.3943],[-74.01402,-14.39488],[-74.00623,-14.37924],[-74.00818,-14.36321],[-73.99683,-14.34978],[-73.9795,-14.34681],[-73.97546,-14.34036],[-73.95137,-14.32648],[-73.94551,-14.32751],[-73.93415,-14.32139],[-73.92171,-14.32238],[-73.91913,-14.33404],[-73.92196,-14.33942],[-73.91218,-14.35041],[-73.9105,-14.37196],[-73.92373,-14.38079],[-73.9214,-14.39609],[-73.90453,-14.41505],[-73.90833,-14.42139],[-73.89717,-14.43258],[-73.88871,-14.42801],[-73.88369,-14.43607],[-73.86828,-14.43275],[-73.85673,-14.4387],[-73.86411,-14.45048],[-73.86421,-14.46539],[-73.86191,-14.48202],[-73.86876,-14.49727],[-73.8842,-14.51047],[-73.8767,-14.50828],[-73.8711,-14.51384],[-73.87226,-14.52494],[-73.88127,-14.53589],[-73.88753,-14.53672],[-73.90068,-14.54973],[-73.93246,-14.57754],[-73.93708,-14.57923]]]}},{"type":"Feature","properties":{"ubigeo":"050605","nombre":"Chaviña"},"geometry":{"type":"Polygon","coordinates":[[[-73.86247,-15.132],[-73.87336,-15.13425],[-73.88325,-15.12802],[-73.90029,-15.1292],[-73.90706,-15.11832],[-73.92181,-15.1108],[-73.92302,-15.10364],[-73.91679,-15.09386],[-73.91603,-15.08572],[-73.91851,-15.07011],[-73.92434,-15.05866],[-73.92641,-15.0446],[-73.91737,-15.03315],[-73.92081,-15.00646],[-73.91775,-14.99802],[-73.92603,-14.98249],[-73.9193,-14.97453],[-73.92147,-14.96125],[-73.92563,-14.9552],[-73.9397,-14.9581],[-73.9628,-14.95299],[-73.97191,-14.95777],[-73.97956,-14.95501],[-73.9814,-14.94624],[-73.99686,-14.93965],[-73.97892,-14.93112],[-73.97645,-14.92381],[-73.95321,-14.91142],[-73.95714,-14.9013],[-73.94915,-14.88737],[-73.94859,-14.8789],[-73.93529,-14.86903],[-73.93974,-14.85786],[-73.92969,-14.84941],[-73.93242,-14.84116],[-73.93086,-14.82909],[-73.91581,-14.81361],[-73.91616,-14.80628],[-73.91122,-14.80247],[-73.91053,-14.79371],[-73.87888,-14.76894],[-73.87057,-14.76715],[-73.86975,-14.77527],[-73.87338,-14.77887],[-73.86898,-14.79304],[-73.87131,-14.80138],[-73.88441,-14.80438],[-73.89366,-14.81104],[-73.89541,-14.82904],[-73.9003,-14.84349],[-73.89756,-14.85708],[-73.8785,-14.87727],[-73.87994,-14.88986],[-73.87748,-14.89464],[-73.85965,-14.90147],[-73.85291,-14.91676],[-73.84246,-14.92114],[-73.84179,-14.93792],[-73.83558,-14.95889],[-73.82083,-14.96842],[-73.81343,-14.97721],[-73.81797,-14.99285],[-73.81406,-14.99569],[-73.81374,-15.00884],[-73.80847,-15.01974],[-73.80896,-15.03754],[-73.80145,-15.04406],[-73.79898,-15.06221],[-73.79548,-15.07228],[-73.80173,-15.08568],[-73.81555,-15.08793],[-73.82656,-15.10282],[-73.83055,-15.10481],[-73.83231,-15.12045],[-73.84129,-15.13334],[-73.8569,-15.13406],[-73.86247,-15.132]]]}},{"type":"Feature","properties":{"ubigeo":"050606","nombre":"Chipao"},"geometry":{"type":"Polygon","coordinates":[[[-73.77344,-14.32225],[-73.76249,-14.3317],[-73.75517,-14.3321],[-73.73826,-14.33816],[-73.72315,-14.33005],[-73.71929,-14.33127],[-73.7067,-14.32416],[-73.69042,-14.32635],[-73.68505,-14.33765],[-73.67688,-14.34632],[-73.66509,-14.35073],[-73.6541,-14.36162],[-73.65525,-14.37304],[-73.6245,-14.37532],[-73.61502,-14.37029],[-73.61321,-14.37916],[-73.60371,-14.3838],[-73.60922,-14.39127],[-73.60979,-14.39791],[-73.59577,-14.40646],[-73.58609,-14.40707],[-73.58175,-14.41613],[-73.57961,-14.42526],[-73.57389,-14.43197],[-73.57473,-14.44329],[-73.56899,-14.45933],[-73.5514,-14.465],[-73.55456,-14.4807],[-73.54577,-14.48269],[-73.53506,-14.49154],[-73.53668,-14.4982],[-73.53246,-14.50724],[-73.54904,-14.51213],[-73.5575,-14.52119],[-73.56379,-14.52068],[-73.57878,-14.54024],[-73.58722,-14.54895],[-73.60499,-14.54165],[-73.61665,-14.56224],[-73.62867,-14.57866],[-73.63469,-14.5909],[-73.64176,-14.59396],[-73.66293,-14.60983],[-73.67168,-14.61971],[-73.70012,-14.63356],[-73.70945,-14.63545],[-73.71641,-14.64124],[-73.72511,-14.63815],[-73.73824,-14.63794],[-73.74486,-14.63446],[-73.75497,-14.63605],[-73.75613,-14.64812],[-73.76335,-14.65079],[-73.78056,-14.63842],[-73.79344,-14.64587],[-73.80304,-14.64472],[-73.81031,-14.63849],[-73.82243,-14.64624],[-73.82704,-14.65889],[-73.82108,-14.67784],[-73.82782,-14.68476],[-73.83228,-14.67661],[-73.84517,-14.67098],[-73.85075,-14.66522],[-73.85918,-14.6472],[-73.87047,-14.64077],[-73.88773,-14.63798],[-73.89366,-14.63372],[-73.90423,-14.6329],[-73.92569,-14.61879],[-73.92569,-14.60802],[-73.93709,-14.59697],[-73.93909,-14.58086],[-73.93708,-14.57923],[-73.93246,-14.57754],[-73.90068,-14.54973],[-73.88753,-14.53672],[-73.88127,-14.53589],[-73.87226,-14.52494],[-73.8711,-14.51384],[-73.8767,-14.50828],[-73.8842,-14.51047],[-73.86876,-14.49727],[-73.86191,-14.48202],[-73.86421,-14.46539],[-73.86411,-14.45048],[-73.85673,-14.4387],[-73.86828,-14.43275],[-73.88369,-14.43607],[-73.88871,-14.42801],[-73.89717,-14.43258],[-73.90833,-14.42139],[-73.90453,-14.41505],[-73.9214,-14.39609],[-73.92373,-14.38079],[-73.9105,-14.37196],[-73.91218,-14.35041],[-73.92196,-14.33942],[-73.91913,-14.33404],[-73.92171,-14.32238],[-73.9012,-14.31082],[-73.89216,-14.29107],[-73.89146,-14.28588],[-73.884,-14.2826],[-73.87861,-14.28871],[-73.87193,-14.28826],[-73.86108,-14.27667],[-73.85018,-14.28125],[-73.84466,-14.27656],[-73.82132,-14.28621],[-73.81499,-14.29362],[-73.80653,-14.29636],[-73.79883,-14.29394],[-73.79307,-14.3015],[-73.79006,-14.31638],[-73.78242,-14.32323],[-73.77344,-14.32225]]]}},{"type":"Feature","properties":{"ubigeo":"050607","nombre":"Huac-Huas"},"geometry":{"type":"Polygon","coordinates":[[[-75.0322,-14.26568],[-75.03951,-14.25417],[-75.05512,-14.25521],[-75.06487,-14.25232],[-75.0721,-14.24593],[-75.07367,-14.23561],[-75.08872,-14.22982],[-75.09018,-14.21419],[-75.08577,-14.20961],[-75.07837,-14.18638],[-75.07638,-14.16591],[-75.06741,-14.1512],[-75.06304,-14.1351],[-75.05905,-14.12962],[-75.05527,-14.12789],[-75.05461,-14.11523],[-75.0434,-14.10108],[-75.03786,-14.0993],[-75.02949,-14.08069],[-75.02913,-14.07195],[-75.0145,-14.06915],[-74.98901,-14.07498],[-74.97414,-14.07479],[-74.95796,-14.08614],[-74.94892,-14.08727],[-74.9451,-14.09356],[-74.9335,-14.09188],[-74.92647,-14.0987],[-74.90789,-14.09215],[-74.8962,-14.1039],[-74.88894,-14.11527],[-74.89181,-14.13189],[-74.89822,-14.13614],[-74.89356,-14.14259],[-74.89881,-14.14777],[-74.90291,-14.15937],[-74.90296,-14.17069],[-74.91327,-14.17978],[-74.92067,-14.19851],[-74.93202,-14.2088],[-74.93803,-14.2102],[-74.95231,-14.2292],[-74.96542,-14.23685],[-74.97124,-14.24596],[-74.98598,-14.24518],[-74.99894,-14.26217],[-75.00336,-14.26227],[-75.01438,-14.27479],[-75.0322,-14.26568]]]}},{"type":"Feature","properties":{"ubigeo":"050608","nombre":"Laramate"},"geometry":{"type":"Polygon","coordinates":[[[-74.57178,-14.25651],[-74.58244,-14.2545],[-74.59039,-14.25815],[-74.6001,-14.25273],[-74.61575,-14.26181],[-74.62728,-14.25935],[-74.63465,-14.26095],[-74.63847,-14.2501],[-74.63333,-14.24108],[-74.65235,-14.23548],[-74.66903,-14.25387],[-74.67605,-14.25764],[-74.68582,-14.25764],[-74.69558,-14.2533],[-74.70883,-14.25952],[-74.72493,-14.26158],[-74.73429,-14.27189],[-74.74772,-14.27032],[-74.75149,-14.27808],[-74.76296,-14.28137],[-74.76177,-14.29019],[-74.76369,-14.30309],[-74.7774,-14.30574],[-74.78973,-14.31701],[-74.80597,-14.32767],[-74.81802,-14.34193],[-74.84056,-14.36085],[-74.86202,-14.36552],[-74.86574,-14.35828],[-74.87532,-14.35705],[-74.88254,-14.36223],[-74.90032,-14.38872],[-74.92218,-14.39576],[-74.94417,-14.41023],[-74.96189,-14.41001],[-74.98122,-14.42249],[-74.98785,-14.42047],[-74.99961,-14.43823],[-75.01593,-14.44608],[-75.02693,-14.46231],[-75.04012,-14.46902],[-75.04204,-14.47359],[-75.06029,-14.47701],[-75.06679,-14.48413],[-75.07039,-14.48255],[-75.08637,-14.48788],[-75.09647,-14.48779],[-75.09489,-14.47897],[-75.08177,-14.47113],[-75.06846,-14.45836],[-75.07019,-14.44916],[-75.06508,-14.4457],[-75.05299,-14.43115],[-75.04611,-14.42529],[-75.03522,-14.42442],[-75.02131,-14.41847],[-75.01867,-14.40895],[-75.00864,-14.39997],[-75.01053,-14.39303],[-75.00368,-14.38493],[-75.00911,-14.3702],[-75.01028,-14.3572],[-75.00331,-14.34002],[-74.98933,-14.33836],[-74.96074,-14.3099],[-74.94342,-14.29721],[-74.93942,-14.28852],[-74.92425,-14.29157],[-74.9163,-14.28477],[-74.90297,-14.2794],[-74.89821,-14.273],[-74.87521,-14.25204],[-74.87216,-14.24497],[-74.86083,-14.23656],[-74.85863,-14.23144],[-74.83934,-14.21734],[-74.83253,-14.21997],[-74.82298,-14.21879],[-74.82259,-14.20824],[-74.81126,-14.20148],[-74.78727,-14.18115],[-74.78233,-14.17516],[-74.7696,-14.16986],[-74.76056,-14.15968],[-74.75356,-14.14563],[-74.76087,-14.12044],[-74.75027,-14.12335],[-74.74155,-14.119],[-74.72572,-14.11704],[-74.7189,-14.11152],[-74.71716,-14.09692],[-74.70728,-14.10012],[-74.69799,-14.09409],[-74.69835,-14.07862],[-74.69036,-14.07644],[-74.6868,-14.07129],[-74.6767,-14.06854],[-74.67379,-14.07896],[-74.65069,-14.08943],[-74.64729,-14.08713],[-74.64055,-14.09445],[-74.63394,-14.09495],[-74.62708,-14.08934],[-74.62085,-14.09257],[-74.62589,-14.10602],[-74.63429,-14.1089],[-74.63567,-14.11832],[-74.62879,-14.12348],[-74.6232,-14.13714],[-74.61076,-14.13767],[-74.59488,-14.13306],[-74.58696,-14.14017],[-74.57265,-14.13532],[-74.57064,-14.14966],[-74.54129,-14.16406],[-74.52757,-14.14608],[-74.4961,-14.14631],[-74.47215,-14.15285],[-74.47318,-14.17479],[-74.48117,-14.18354],[-74.49086,-14.18992],[-74.51508,-14.19765],[-74.52681,-14.20972],[-74.54293,-14.22122],[-74.55054,-14.22981],[-74.55815,-14.22937],[-74.57465,-14.23897],[-74.57618,-14.24656],[-74.57178,-14.25651]]]}},{"type":"Feature","properties":{"ubigeo":"050609","nombre":"Leoncio Prado"},"geometry":{"type":"Polygon","coordinates":[[[-74.67395,-14.87869],[-74.68107,-14.87308],[-74.67582,-14.86207],[-74.68181,-14.85338],[-74.68982,-14.84818],[-74.69384,-14.83816],[-74.72019,-14.83663],[-74.73221,-14.84237],[-74.7506,-14.84225],[-74.75468,-14.83434],[-74.7515,-14.82755],[-74.73959,-14.82419],[-74.72686,-14.82344],[-74.71598,-14.81941],[-74.72029,-14.81246],[-74.73275,-14.81109],[-74.74646,-14.81362],[-74.75694,-14.79505],[-74.76462,-14.7902],[-74.7561,-14.7836],[-74.75601,-14.77113],[-74.75029,-14.76153],[-74.73853,-14.75373],[-74.73448,-14.74085],[-74.73548,-14.73199],[-74.72758,-14.72031],[-74.71587,-14.70952],[-74.73185,-14.71439],[-74.74358,-14.72601],[-74.77642,-14.72893],[-74.79005,-14.73921],[-74.8027,-14.75215],[-74.80999,-14.74824],[-74.81587,-14.73964],[-74.8274,-14.73403],[-74.83001,-14.72005],[-74.84574,-14.70798],[-74.84384,-14.70311],[-74.83792,-14.69634],[-74.84593,-14.68938],[-74.8487,-14.67349],[-74.84658,-14.66615],[-74.82863,-14.65622],[-74.81814,-14.63982],[-74.81045,-14.63161],[-74.79676,-14.6243],[-74.78817,-14.61556],[-74.77365,-14.60472],[-74.76721,-14.60399],[-74.76281,-14.59755],[-74.74463,-14.5823],[-74.73563,-14.58025],[-74.72111,-14.57267],[-74.70763,-14.56336],[-74.69326,-14.56572],[-74.67159,-14.55545],[-74.66407,-14.54874],[-74.64932,-14.55096],[-74.63514,-14.54438],[-74.63093,-14.54809],[-74.61685,-14.54546],[-74.59462,-14.53506],[-74.59343,-14.5243],[-74.58179,-14.52246],[-74.57474,-14.52741],[-74.57226,-14.54785],[-74.56411,-14.54762],[-74.55833,-14.5429],[-74.55095,-14.54675],[-74.54248,-14.54221],[-74.53565,-14.54469],[-74.52691,-14.53472],[-74.51605,-14.53257],[-74.50464,-14.52546],[-74.49162,-14.52755],[-74.46873,-14.52039],[-74.45931,-14.50851],[-74.44881,-14.4992],[-74.44569,-14.51067],[-74.43454,-14.5293],[-74.42714,-14.53646],[-74.42324,-14.54885],[-74.4154,-14.55844],[-74.40618,-14.5803],[-74.38905,-14.59425],[-74.38014,-14.59634],[-74.37487,-14.60936],[-74.38889,-14.61355],[-74.39819,-14.63626],[-74.40264,-14.64232],[-74.42154,-14.65046],[-74.43009,-14.65964],[-74.4328,-14.67134],[-74.41742,-14.67913],[-74.43358,-14.68352],[-74.4512,-14.69404],[-74.45723,-14.70248],[-74.45588,-14.70847],[-74.45852,-14.72022],[-74.46793,-14.72414],[-74.47448,-14.72316],[-74.48826,-14.72663],[-74.49947,-14.73812],[-74.50832,-14.74233],[-74.53889,-14.76623],[-74.54323,-14.77094],[-74.55313,-14.77396],[-74.56303,-14.78179],[-74.56398,-14.78603],[-74.605,-14.81654],[-74.61415,-14.82527],[-74.62155,-14.8364],[-74.63754,-14.84715],[-74.65985,-14.87035],[-74.67395,-14.87869]]]}},{"type":"Feature","properties":{"ubigeo":"050610","nombre":"Llauta"},"geometry":{"type":"Polygon","coordinates":[[[-74.76087,-14.12044],[-74.75356,-14.14563],[-74.76056,-14.15968],[-74.7696,-14.16986],[-74.78233,-14.17516],[-74.78727,-14.18115],[-74.81126,-14.20148],[-74.82259,-14.20824],[-74.82298,-14.21879],[-74.83253,-14.21997],[-74.83934,-14.21734],[-74.85863,-14.23144],[-74.86083,-14.23656],[-74.87216,-14.24497],[-74.87521,-14.25204],[-74.89821,-14.273],[-74.90297,-14.2794],[-74.9163,-14.28477],[-74.92425,-14.29157],[-74.93942,-14.28852],[-74.94342,-14.29721],[-74.96074,-14.3099],[-74.98933,-14.33836],[-75.00331,-14.34002],[-75.01028,-14.3572],[-75.00911,-14.3702],[-75.00368,-14.38493],[-75.01053,-14.39303],[-75.00864,-14.39997],[-75.01867,-14.40895],[-75.02131,-14.41847],[-75.03522,-14.42442],[-75.04611,-14.42529],[-75.05299,-14.43115],[-75.06293,-14.42686],[-75.06824,-14.42897],[-75.07693,-14.42603],[-75.08897,-14.42641],[-75.10127,-14.4332],[-75.10712,-14.43355],[-75.1214,-14.42752],[-75.11914,-14.42113],[-75.12575,-14.41792],[-75.13983,-14.41591],[-75.13154,-14.40483],[-75.13208,-14.39972],[-75.12596,-14.38854],[-75.12004,-14.3837],[-75.11672,-14.37411],[-75.10509,-14.35878],[-75.1081,-14.34794],[-75.09393,-14.31242],[-75.08638,-14.30895],[-75.08138,-14.29714],[-75.07341,-14.299],[-75.06336,-14.29543],[-75.05517,-14.28719],[-75.0497,-14.28654],[-75.03998,-14.27788],[-75.03766,-14.26978],[-75.0322,-14.26568],[-75.01438,-14.27479],[-75.00336,-14.26227],[-74.99894,-14.26217],[-74.98598,-14.24518],[-74.97124,-14.24596],[-74.96542,-14.23685],[-74.95231,-14.2292],[-74.93803,-14.2102],[-74.93202,-14.2088],[-74.92067,-14.19851],[-74.91327,-14.17978],[-74.90296,-14.17069],[-74.90291,-14.15937],[-74.89881,-14.14777],[-74.89356,-14.14259],[-74.89822,-14.13614],[-74.89181,-14.13189],[-74.88894,-14.11527],[-74.8962,-14.1039],[-74.88567,-14.08562],[-74.87811,-14.07625],[-74.86697,-14.07249],[-74.86079,-14.06719],[-74.85274,-14.07621],[-74.84138,-14.0734],[-74.82519,-14.09228],[-74.81007,-14.08699],[-74.799,-14.08668],[-74.79206,-14.08935],[-74.78757,-14.08621],[-74.77253,-14.09032],[-74.76986,-14.09917],[-74.763,-14.10937],[-74.76087,-14.12044]]]}},{"type":"Feature","properties":{"ubigeo":"050611","nombre":"Lucanas"},"geometry":{"type":"Polygon","coordinates":[[[-74.15849,-14.48554],[-74.14649,-14.49306],[-74.1446,-14.50967],[-74.14606,-14.51469],[-74.15655,-14.51636],[-74.15643,-14.53473],[-74.16366,-14.53377],[-74.1695,-14.53973],[-74.1686,-14.5463],[-74.15474,-14.54979],[-74.1554,-14.56925],[-74.15095,-14.57612],[-74.16209,-14.58624],[-74.17143,-14.58985],[-74.17252,-14.59563],[-74.18435,-14.5978],[-74.19904,-14.61514],[-74.20794,-14.61867],[-74.21297,-14.63451],[-74.21957,-14.64013],[-74.21308,-14.66351],[-74.20545,-14.66583],[-74.19579,-14.67414],[-74.1887,-14.70587],[-74.19936,-14.70706],[-74.20524,-14.71145],[-74.21598,-14.71208],[-74.22286,-14.71653],[-74.2383,-14.71531],[-74.24063,-14.71228],[-74.26165,-14.70522],[-74.27057,-14.70498],[-74.27438,-14.69796],[-74.28449,-14.69725],[-74.28937,-14.68773],[-74.29794,-14.68237],[-74.30486,-14.67049],[-74.312,-14.66777],[-74.32077,-14.65811],[-74.32759,-14.65522],[-74.3291,-14.66852],[-74.3426,-14.6829],[-74.34416,-14.69549],[-74.35722,-14.70612],[-74.36191,-14.71898],[-74.36043,-14.72946],[-74.36893,-14.73456],[-74.37504,-14.73061],[-74.38958,-14.73262],[-74.39833,-14.71386],[-74.39698,-14.70729],[-74.40011,-14.69105],[-74.40737,-14.68201],[-74.41742,-14.67913],[-74.4328,-14.67134],[-74.43009,-14.65964],[-74.42154,-14.65046],[-74.40264,-14.64232],[-74.39819,-14.63626],[-74.38889,-14.61355],[-74.37487,-14.60936],[-74.38014,-14.59634],[-74.38905,-14.59425],[-74.40618,-14.5803],[-74.4154,-14.55844],[-74.42324,-14.54885],[-74.42714,-14.53646],[-74.43454,-14.5293],[-74.44569,-14.51067],[-74.44881,-14.4992],[-74.45249,-14.49344],[-74.44685,-14.48791],[-74.45298,-14.48456],[-74.45262,-14.47703],[-74.45915,-14.46553],[-74.45772,-14.45847],[-74.44735,-14.45287],[-74.44511,-14.44326],[-74.43648,-14.4374],[-74.42418,-14.42335],[-74.40552,-14.40653],[-74.41541,-14.40895],[-74.43156,-14.40103],[-74.4473,-14.38059],[-74.45115,-14.39147],[-74.46395,-14.39885],[-74.46694,-14.40312],[-74.47494,-14.3861],[-74.47583,-14.37967],[-74.46092,-14.36659],[-74.45721,-14.35483],[-74.45054,-14.34867],[-74.44306,-14.34725],[-74.43741,-14.33264],[-74.43654,-14.32388],[-74.42454,-14.31719],[-74.42817,-14.31409],[-74.4181,-14.29859],[-74.39564,-14.30396],[-74.37402,-14.30012],[-74.36086,-14.30585],[-74.35031,-14.2972],[-74.34038,-14.30078],[-74.3279,-14.2862],[-74.32659,-14.27427],[-74.31792,-14.27206],[-74.30755,-14.27224],[-74.28478,-14.26747],[-74.27602,-14.27152],[-74.2734,-14.27802],[-74.26434,-14.28618],[-74.24914,-14.29316],[-74.24062,-14.29971],[-74.22683,-14.30289],[-74.21541,-14.29171],[-74.19918,-14.29647],[-74.18575,-14.29563],[-74.17981,-14.30212],[-74.17266,-14.33177],[-74.16807,-14.34085],[-74.18402,-14.34818],[-74.181,-14.36083],[-74.16846,-14.37426],[-74.16861,-14.39115],[-74.17648,-14.40419],[-74.19066,-14.41564],[-74.20147,-14.41937],[-74.21243,-14.43397],[-74.20983,-14.44311],[-74.21073,-14.45618],[-74.20022,-14.46445],[-74.18943,-14.46003],[-74.18444,-14.46479],[-74.17826,-14.46279],[-74.17055,-14.4684],[-74.15849,-14.48554]]]}},{"type":"Feature","properties":{"ubigeo":"050612","nombre":"Ocaña"},"geometry":{"type":"Polygon","coordinates":[[[-74.6689,-14.426],[-74.68211,-14.42083],[-74.69651,-14.40985],[-74.70078,-14.39858],[-74.71401,-14.40424],[-74.71618,-14.41002],[-74.72663,-14.41758],[-74.73941,-14.41918],[-74.75396,-14.43365],[-74.77266,-14.43046],[-74.77748,-14.43417],[-74.78535,-14.43365],[-74.79756,-14.44021],[-74.80469,-14.44773],[-74.82009,-14.45913],[-74.8284,-14.47089],[-74.83042,-14.48008],[-74.83906,-14.48688],[-74.83909,-14.50335],[-74.84374,-14.50925],[-74.85436,-14.51419],[-74.86355,-14.51492],[-74.87072,-14.52019],[-74.87047,-14.53127],[-74.88425,-14.54548],[-74.89542,-14.54508],[-74.90368,-14.54781],[-74.91339,-14.56562],[-74.92441,-14.56841],[-74.93322,-14.57664],[-74.94721,-14.58189],[-74.94755,-14.58854],[-74.95892,-14.60645],[-74.97802,-14.60237],[-74.99679,-14.61181],[-75.01003,-14.60616],[-75.01831,-14.6105],[-75.03416,-14.61129],[-75.05199,-14.62672],[-75.0599,-14.62262],[-75.06349,-14.6075],[-75.06184,-14.59721],[-75.06586,-14.57448],[-75.08009,-14.56901],[-75.07842,-14.55592],[-75.08067,-14.55118],[-75.06764,-14.53844],[-75.0691,-14.52693],[-75.07874,-14.53165],[-75.08796,-14.52786],[-75.09153,-14.52118],[-75.09074,-14.49544],[-75.09647,-14.48779],[-75.08637,-14.48788],[-75.07039,-14.48255],[-75.06679,-14.48413],[-75.06029,-14.47701],[-75.04204,-14.47359],[-75.04012,-14.46902],[-75.02693,-14.46231],[-75.01593,-14.44608],[-74.99961,-14.43823],[-74.98785,-14.42047],[-74.98122,-14.42249],[-74.96189,-14.41001],[-74.94417,-14.41023],[-74.92218,-14.39576],[-74.90032,-14.38872],[-74.88254,-14.36223],[-74.87532,-14.35705],[-74.86574,-14.35828],[-74.86202,-14.36552],[-74.84056,-14.36085],[-74.81802,-14.34193],[-74.80597,-14.32767],[-74.78973,-14.31701],[-74.7774,-14.30574],[-74.76369,-14.30309],[-74.76177,-14.29019],[-74.76296,-14.28137],[-74.75149,-14.27808],[-74.74772,-14.27032],[-74.73429,-14.27189],[-74.72493,-14.26158],[-74.70883,-14.25952],[-74.69558,-14.2533],[-74.68582,-14.25764],[-74.67605,-14.25764],[-74.66903,-14.25387],[-74.65235,-14.23548],[-74.63333,-14.24108],[-74.63847,-14.2501],[-74.63465,-14.26095],[-74.62728,-14.25935],[-74.61575,-14.26181],[-74.6001,-14.25273],[-74.59039,-14.25815],[-74.58244,-14.2545],[-74.57178,-14.25651],[-74.56946,-14.26596],[-74.57836,-14.28012],[-74.57825,-14.2858],[-74.59269,-14.29233],[-74.59833,-14.29265],[-74.6027,-14.30176],[-74.60149,-14.31536],[-74.60707,-14.31646],[-74.61582,-14.34502],[-74.62064,-14.35097],[-74.61724,-14.3581],[-74.626,-14.36923],[-74.63114,-14.36941],[-74.6429,-14.37827],[-74.65017,-14.38853],[-74.6494,-14.39508],[-74.65844,-14.40257],[-74.6689,-14.426]]]}},{"type":"Feature","properties":{"ubigeo":"050613","nombre":"Otoca"},"geometry":{"type":"Polygon","coordinates":[[[-74.44881,-14.4992],[-74.45931,-14.50851],[-74.46873,-14.52039],[-74.49162,-14.52755],[-74.50464,-14.52546],[-74.51605,-14.53257],[-74.52691,-14.53472],[-74.53565,-14.54469],[-74.54248,-14.54221],[-74.55095,-14.54675],[-74.55833,-14.5429],[-74.56411,-14.54762],[-74.57226,-14.54785],[-74.57474,-14.52741],[-74.58179,-14.52246],[-74.59343,-14.5243],[-74.59462,-14.53506],[-74.61685,-14.54546],[-74.63093,-14.54809],[-74.63514,-14.54438],[-74.64932,-14.55096],[-74.66407,-14.54874],[-74.67159,-14.55545],[-74.69326,-14.56572],[-74.70763,-14.56336],[-74.72111,-14.57267],[-74.73563,-14.58025],[-74.74463,-14.5823],[-74.76281,-14.59755],[-74.76721,-14.60399],[-74.77365,-14.60472],[-74.78817,-14.61556],[-74.81134,-14.61524],[-74.82924,-14.61259],[-74.85277,-14.61181],[-74.86014,-14.60741],[-74.86807,-14.59689],[-74.87845,-14.58752],[-74.88396,-14.57622],[-74.87534,-14.55527],[-74.88425,-14.54548],[-74.87047,-14.53127],[-74.87072,-14.52019],[-74.86355,-14.51492],[-74.85436,-14.51419],[-74.84374,-14.50925],[-74.83909,-14.50335],[-74.83906,-14.48688],[-74.83042,-14.48008],[-74.8284,-14.47089],[-74.82009,-14.45913],[-74.80469,-14.44773],[-74.79756,-14.44021],[-74.78535,-14.43365],[-74.77748,-14.43417],[-74.77266,-14.43046],[-74.75396,-14.43365],[-74.73941,-14.41918],[-74.72663,-14.41758],[-74.71618,-14.41002],[-74.71401,-14.40424],[-74.70078,-14.39858],[-74.69651,-14.40985],[-74.68211,-14.42083],[-74.6689,-14.426],[-74.65992,-14.42872],[-74.64955,-14.43698],[-74.62811,-14.44223],[-74.62224,-14.43504],[-74.62096,-14.42619],[-74.61206,-14.4216],[-74.58693,-14.41762],[-74.5768,-14.4139],[-74.56145,-14.39604],[-74.54616,-14.38922],[-74.53694,-14.38891],[-74.52339,-14.37422],[-74.513,-14.3767],[-74.49462,-14.38996],[-74.48399,-14.37983],[-74.47583,-14.37967],[-74.47494,-14.3861],[-74.46694,-14.40312],[-74.46395,-14.39885],[-74.45115,-14.39147],[-74.4473,-14.38059],[-74.43156,-14.40103],[-74.41541,-14.40895],[-74.40552,-14.40653],[-74.42418,-14.42335],[-74.43648,-14.4374],[-74.44511,-14.44326],[-74.44735,-14.45287],[-74.45772,-14.45847],[-74.45915,-14.46553],[-74.45262,-14.47703],[-74.45298,-14.48456],[-74.44685,-14.48791],[-74.45249,-14.49344],[-74.44881,-14.4992]]]}},{"type":"Feature","properties":{"ubigeo":"050614","nombre":"Saisa"},"geometry":{"type":"Polygon","coordinates":[[[-74.4781,-15.11345],[-74.48274,-15.10342],[-74.49315,-15.09316],[-74.49366,-15.07895],[-74.49639,-15.07581],[-74.51822,-15.07373],[-74.52595,-15.06155],[-74.53276,-15.04225],[-74.52188,-15.02749],[-74.51853,-15.01983],[-74.49095,-14.99403],[-74.48479,-14.99265],[-74.47621,-14.98167],[-74.45151,-14.95676],[-74.4525,-14.94626],[-74.44507,-14.92465],[-74.4275,-14.89633],[-74.42444,-14.88806],[-74.41454,-14.87568],[-74.41049,-14.86663],[-74.39698,-14.85033],[-74.391,-14.83892],[-74.37596,-14.82138],[-74.36183,-14.79745],[-74.37138,-14.78382],[-74.36755,-14.77436],[-74.35645,-14.77078],[-74.35427,-14.78172],[-74.34811,-14.77973],[-74.34002,-14.78317],[-74.33757,-14.79302],[-74.331,-14.79387],[-74.32701,-14.78772],[-74.32006,-14.78577],[-74.31225,-14.78975],[-74.30941,-14.79658],[-74.29468,-14.79833],[-74.28911,-14.80298],[-74.28579,-14.82609],[-74.29139,-14.842],[-74.29581,-14.84778],[-74.29152,-14.86287],[-74.2822,-14.86649],[-74.2716,-14.8946],[-74.27098,-14.9145],[-74.26562,-14.93373],[-74.24864,-14.94243],[-74.24171,-14.95569],[-74.23509,-14.96086],[-74.23689,-14.96843],[-74.24615,-14.97272],[-74.25835,-14.99087],[-74.26544,-14.99361],[-74.27702,-15.01064],[-74.28358,-15.0159],[-74.29602,-15.01911],[-74.30202,-15.02886],[-74.3144,-15.03804],[-74.32347,-15.0533],[-74.33545,-15.06405],[-74.34452,-15.06722],[-74.36827,-15.06175],[-74.38149,-15.06367],[-74.39321,-15.06004],[-74.41187,-15.06698],[-74.41846,-15.07319],[-74.42671,-15.07396],[-74.44136,-15.08561],[-74.4509,-15.08599],[-74.46661,-15.10064],[-74.4764,-15.10547],[-74.4781,-15.11345]]]}},{"type":"Feature","properties":{"ubigeo":"050615","nombre":"San Cristóbal"},"geometry":{"type":"Polygon","coordinates":[[[-74.17538,-14.71529],[-74.17102,-14.72022],[-74.17203,-14.72631],[-74.16761,-14.742],[-74.16982,-14.75123],[-74.16092,-14.77051],[-74.16353,-14.7736],[-74.15482,-14.7889],[-74.15199,-14.79776],[-74.15325,-14.80529],[-74.14866,-14.81426],[-74.14987,-14.82215],[-74.15621,-14.83081],[-74.1541,-14.84522],[-74.16644,-14.86068],[-74.17295,-14.86141],[-74.1875,-14.87026],[-74.19305,-14.87706],[-74.19654,-14.89229],[-74.21211,-14.90942],[-74.21676,-14.91127],[-74.21568,-14.92098],[-74.22178,-14.92788],[-74.22388,-14.93795],[-74.22745,-14.93909],[-74.23146,-14.95788],[-74.23509,-14.96086],[-74.24171,-14.95569],[-74.24864,-14.94243],[-74.26562,-14.93373],[-74.27098,-14.9145],[-74.2716,-14.8946],[-74.2822,-14.86649],[-74.29152,-14.86287],[-74.29581,-14.84778],[-74.29139,-14.842],[-74.28579,-14.82609],[-74.28911,-14.80298],[-74.29468,-14.79833],[-74.30941,-14.79658],[-74.31225,-14.78975],[-74.32006,-14.78577],[-74.32701,-14.78772],[-74.331,-14.79387],[-74.33757,-14.79302],[-74.34002,-14.78317],[-74.34811,-14.77973],[-74.35427,-14.78172],[-74.35645,-14.77078],[-74.36755,-14.77436],[-74.36893,-14.76842],[-74.38437,-14.76302],[-74.38641,-14.75514],[-74.39199,-14.75197],[-74.39255,-14.73671],[-74.38958,-14.73262],[-74.37504,-14.73061],[-74.36893,-14.73456],[-74.36043,-14.72946],[-74.36191,-14.71898],[-74.35722,-14.70612],[-74.34416,-14.69549],[-74.3426,-14.6829],[-74.3291,-14.66852],[-74.32759,-14.65522],[-74.32077,-14.65811],[-74.312,-14.66777],[-74.30486,-14.67049],[-74.29794,-14.68237],[-74.28937,-14.68773],[-74.28449,-14.69725],[-74.27438,-14.69796],[-74.27057,-14.70498],[-74.26165,-14.70522],[-74.24063,-14.71228],[-74.2383,-14.71531],[-74.22286,-14.71653],[-74.21598,-14.71208],[-74.20524,-14.71145],[-74.19936,-14.70706],[-74.1887,-14.70587],[-74.17538,-14.71529]]]}},{"type":"Feature","properties":{"ubigeo":"050616","nombre":"San Juan"},"geometry":{"type":"Polygon","coordinates":[[[-74.1887,-14.70587],[-74.19579,-14.67414],[-74.20545,-14.66583],[-74.21308,-14.66351],[-74.21957,-14.64013],[-74.21297,-14.63451],[-74.20794,-14.61867],[-74.19904,-14.61514],[-74.18435,-14.5978],[-74.17252,-14.59563],[-74.17393,-14.60878],[-74.17137,-14.62545],[-74.16735,-14.63521],[-74.16906,-14.64367],[-74.17776,-14.64805],[-74.1626,-14.66183],[-74.15862,-14.67952],[-74.16075,-14.68694],[-74.16796,-14.69719],[-74.17215,-14.71187],[-74.17538,-14.71529],[-74.1887,-14.70587]]]}},{"type":"Feature","properties":{"ubigeo":"050617","nombre":"San Pedro"},"geometry":{"type":"Polygon","coordinates":[[[-73.99686,-14.93965],[-74,-14.93971],[-74.01319,-14.95002],[-74.02202,-14.94057],[-74.03335,-14.9363],[-74.03654,-14.92904],[-74.04581,-14.9207],[-74.04481,-14.89998],[-74.03897,-14.89185],[-74.04051,-14.87456],[-74.05385,-14.85606],[-74.05792,-14.84146],[-74.07111,-14.8506],[-74.06483,-14.86111],[-74.07066,-14.8719],[-74.07088,-14.88909],[-74.07677,-14.89697],[-74.0714,-14.90593],[-74.07774,-14.91062],[-74.09093,-14.90805],[-74.09995,-14.9089],[-74.11314,-14.91621],[-74.12177,-14.91559],[-74.14389,-14.92153],[-74.16173,-14.94812],[-74.17066,-14.955],[-74.17307,-14.97239],[-74.18288,-15.00737],[-74.19323,-15.01299],[-74.19618,-15.02058],[-74.20813,-15.02219],[-74.22678,-15.02834],[-74.23008,-15.03628],[-74.24305,-15.04908],[-74.24617,-15.06238],[-74.24416,-15.0669],[-74.24791,-15.07768],[-74.2459,-15.09517],[-74.2619,-15.11757],[-74.28015,-15.12815],[-74.30493,-15.13279],[-74.31499,-15.13802],[-74.31908,-15.14344],[-74.33303,-15.15142],[-74.33075,-15.15951],[-74.34108,-15.16685],[-74.33947,-15.18114],[-74.34946,-15.17728],[-74.36154,-15.17829],[-74.37305,-15.18898],[-74.38221,-15.19201],[-74.38797,-15.19966],[-74.39278,-15.19743],[-74.39872,-15.18146],[-74.41833,-15.16903],[-74.43769,-15.16781],[-74.45142,-15.17597],[-74.46576,-15.17348],[-74.48819,-15.1637],[-74.50183,-15.16055],[-74.50027,-15.1521],[-74.48992,-15.13789],[-74.4781,-15.11345],[-74.4764,-15.10547],[-74.46661,-15.10064],[-74.4509,-15.08599],[-74.44136,-15.08561],[-74.42671,-15.07396],[-74.41846,-15.07319],[-74.41187,-15.06698],[-74.39321,-15.06004],[-74.38149,-15.06367],[-74.36827,-15.06175],[-74.34452,-15.06722],[-74.33545,-15.06405],[-74.32347,-15.0533],[-74.3144,-15.03804],[-74.30202,-15.02886],[-74.29602,-15.01911],[-74.28358,-15.0159],[-74.27702,-15.01064],[-74.26544,-14.99361],[-74.25835,-14.99087],[-74.24615,-14.97272],[-74.23689,-14.96843],[-74.23509,-14.96086],[-74.23146,-14.95788],[-74.22745,-14.93909],[-74.22388,-14.93795],[-74.22178,-14.92788],[-74.21568,-14.92098],[-74.21676,-14.91127],[-74.21211,-14.90942],[-74.19654,-14.89229],[-74.19305,-14.87706],[-74.1875,-14.87026],[-74.17295,-14.86141],[-74.16644,-14.86068],[-74.1541,-14.84522],[-74.15621,-14.83081],[-74.14987,-14.82215],[-74.14866,-14.81426],[-74.15325,-14.80529],[-74.15199,-14.79776],[-74.15482,-14.7889],[-74.16353,-14.7736],[-74.16092,-14.77051],[-74.14959,-14.75998],[-74.14369,-14.74289],[-74.13362,-14.73439],[-74.12424,-14.7336],[-74.11816,-14.74014],[-74.10936,-14.74096],[-74.09961,-14.74775],[-74.09581,-14.75572],[-74.09058,-14.7565],[-74.07243,-14.76637],[-74.07426,-14.77226],[-74.06939,-14.78357],[-74.05658,-14.79115],[-74.04668,-14.79974],[-74.03941,-14.80131],[-74.02942,-14.80906],[-74.01579,-14.81438],[-74.00383,-14.81284],[-73.99679,-14.81588],[-73.9837,-14.81623],[-73.96559,-14.83546],[-73.96393,-14.84875],[-73.95985,-14.85371],[-73.93974,-14.85786],[-73.93529,-14.86903],[-73.94859,-14.8789],[-73.94915,-14.88737],[-73.95714,-14.9013],[-73.95321,-14.91142],[-73.97645,-14.92381],[-73.97892,-14.93112],[-73.99686,-14.93965]]]}},{"type":"Feature","properties":{"ubigeo":"050618","nombre":"San Pedro de Palco"},"geometry":{"type":"Polygon","coordinates":[[[-74.31792,-14.27206],[-74.32659,-14.27427],[-74.3279,-14.2862],[-74.34038,-14.30078],[-74.35031,-14.2972],[-74.36086,-14.30585],[-74.37402,-14.30012],[-74.39564,-14.30396],[-74.4181,-14.29859],[-74.42817,-14.31409],[-74.42454,-14.31719],[-74.43654,-14.32388],[-74.43741,-14.33264],[-74.44306,-14.34725],[-74.45054,-14.34867],[-74.45721,-14.35483],[-74.46092,-14.36659],[-74.47583,-14.37967],[-74.48399,-14.37983],[-74.49462,-14.38996],[-74.513,-14.3767],[-74.52339,-14.37422],[-74.53694,-14.38891],[-74.54616,-14.38922],[-74.56145,-14.39604],[-74.5768,-14.4139],[-74.58693,-14.41762],[-74.61206,-14.4216],[-74.62096,-14.42619],[-74.62224,-14.43504],[-74.62811,-14.44223],[-74.64955,-14.43698],[-74.65992,-14.42872],[-74.6689,-14.426],[-74.65844,-14.40257],[-74.6494,-14.39508],[-74.65017,-14.38853],[-74.6429,-14.37827],[-74.63114,-14.36941],[-74.626,-14.36923],[-74.61724,-14.3581],[-74.62064,-14.35097],[-74.61582,-14.34502],[-74.60707,-14.31646],[-74.60149,-14.31536],[-74.6027,-14.30176],[-74.59833,-14.29265],[-74.59269,-14.29233],[-74.57825,-14.2858],[-74.57836,-14.28012],[-74.56946,-14.26596],[-74.57178,-14.25651],[-74.57618,-14.24656],[-74.57465,-14.23897],[-74.55815,-14.22937],[-74.55054,-14.22981],[-74.54293,-14.22122],[-74.52681,-14.20972],[-74.51508,-14.19765],[-74.49086,-14.18992],[-74.48117,-14.18354],[-74.47318,-14.17479],[-74.47215,-14.15285],[-74.4645,-14.1483],[-74.45421,-14.15138],[-74.43908,-14.14897],[-74.42279,-14.15233],[-74.42116,-14.1631],[-74.41233,-14.18203],[-74.38396,-14.21329],[-74.37848,-14.21721],[-74.36649,-14.2152],[-74.35341,-14.22891],[-74.3469,-14.23033],[-74.34793,-14.2426],[-74.34288,-14.24811],[-74.33044,-14.25477],[-74.322,-14.26933],[-74.31792,-14.27206]]]}},{"type":"Feature","properties":{"ubigeo":"050619","nombre":"Sancos"},"geometry":{"type":"Polygon","coordinates":[[[-73.90029,-15.1292],[-73.92452,-15.13131],[-73.94378,-15.13809],[-73.95111,-15.14395],[-73.96824,-15.14605],[-73.99126,-15.15922],[-73.99825,-15.16089],[-74.0011,-15.16684],[-74.0146,-15.17531],[-74.03149,-15.1952],[-74.04138,-15.20006],[-74.04854,-15.21054],[-74.06499,-15.22594],[-74.09061,-15.23524],[-74.09646,-15.23413],[-74.11212,-15.23945],[-74.12829,-15.23437],[-74.13738,-15.23379],[-74.14806,-15.22849],[-74.15644,-15.23003],[-74.16778,-15.22463],[-74.17998,-15.22334],[-74.19586,-15.23676],[-74.21409,-15.23347],[-74.22417,-15.23605],[-74.2193,-15.24915],[-74.21631,-15.2661],[-74.20505,-15.28539],[-74.20804,-15.29207],[-74.19147,-15.31587],[-74.20115,-15.32105],[-74.20935,-15.33864],[-74.2129,-15.3526],[-74.22525,-15.36811],[-74.23949,-15.37883],[-74.25196,-15.39955],[-74.25638,-15.4021],[-74.25312,-15.41871],[-74.2443,-15.43853],[-74.24314,-15.46709],[-74.24118,-15.48104],[-74.25545,-15.48074],[-74.26594,-15.47471],[-74.27872,-15.47873],[-74.30012,-15.47839],[-74.30453,-15.47529],[-74.31118,-15.46273],[-74.30226,-15.45147],[-74.31676,-15.44219],[-74.32558,-15.41956],[-74.32424,-15.41406],[-74.32843,-15.39099],[-74.31731,-15.37263],[-74.31553,-15.36516],[-74.30972,-15.35894],[-74.32017,-15.35481],[-74.33365,-15.35326],[-74.34582,-15.33635],[-74.35526,-15.3398],[-74.35992,-15.3327],[-74.37785,-15.33188],[-74.38897,-15.31725],[-74.3979,-15.3156],[-74.40946,-15.30849],[-74.41295,-15.30162],[-74.41485,-15.29542],[-74.39821,-15.27805],[-74.3997,-15.26586],[-74.38788,-15.25178],[-74.39373,-15.23648],[-74.39457,-15.22676],[-74.39938,-15.2174],[-74.3899,-15.20714],[-74.39278,-15.19743],[-74.38797,-15.19966],[-74.38221,-15.19201],[-74.37305,-15.18898],[-74.36154,-15.17829],[-74.34946,-15.17728],[-74.33947,-15.18114],[-74.34108,-15.16685],[-74.33075,-15.15951],[-74.33303,-15.15142],[-74.31908,-15.14344],[-74.31499,-15.13802],[-74.30493,-15.13279],[-74.28015,-15.12815],[-74.2619,-15.11757],[-74.2459,-15.09517],[-74.24791,-15.07768],[-74.24416,-15.0669],[-74.24617,-15.06238],[-74.24305,-15.04908],[-74.23008,-15.03628],[-74.22678,-15.02834],[-74.20813,-15.02219],[-74.19618,-15.02058],[-74.19323,-15.01299],[-74.18288,-15.00737],[-74.17307,-14.97239],[-74.17066,-14.955],[-74.16173,-14.94812],[-74.14389,-14.92153],[-74.12177,-14.91559],[-74.11314,-14.91621],[-74.09995,-14.9089],[-74.09093,-14.90805],[-74.07774,-14.91062],[-74.0714,-14.90593],[-74.07677,-14.89697],[-74.07088,-14.88909],[-74.07066,-14.8719],[-74.06483,-14.86111],[-74.07111,-14.8506],[-74.05792,-14.84146],[-74.05385,-14.85606],[-74.04051,-14.87456],[-74.03897,-14.89185],[-74.04481,-14.89998],[-74.04581,-14.9207],[-74.03654,-14.92904],[-74.03335,-14.9363],[-74.02202,-14.94057],[-74.01319,-14.95002],[-74,-14.93971],[-73.99686,-14.93965],[-73.9814,-14.94624],[-73.97956,-14.95501],[-73.97191,-14.95777],[-73.9628,-14.95299],[-73.9397,-14.9581],[-73.92563,-14.9552],[-73.92147,-14.96125],[-73.9193,-14.97453],[-73.92603,-14.98249],[-73.91775,-14.99802],[-73.92081,-15.00646],[-73.91737,-15.03315],[-73.92641,-15.0446],[-73.92434,-15.05866],[-73.91851,-15.07011],[-73.91603,-15.08572],[-73.91679,-15.09386],[-73.92302,-15.10364],[-73.92181,-15.1108],[-73.90706,-15.11832],[-73.90029,-15.1292]]]}},{"type":"Feature","properties":{"ubigeo":"050620","nombre":"Santa Ana de Huaycahuacho"},"geometry":{"type":"Polygon","coordinates":[[[-73.95042,-14.18644],[-73.95003,-14.18573],[-73.9425,-14.19884],[-73.90714,-14.19174],[-73.87925,-14.2167],[-73.88185,-14.2219],[-73.89125,-14.22594],[-73.89566,-14.23463],[-73.8928,-14.24831],[-73.89658,-14.26283],[-73.90677,-14.25331],[-73.921,-14.24884],[-73.93131,-14.23876],[-73.94249,-14.24188],[-73.97017,-14.23045],[-73.97568,-14.22056],[-73.96766,-14.20878],[-73.9528,-14.19541],[-73.95042,-14.18644]]]}},{"type":"Feature","properties":{"ubigeo":"050621","nombre":"Santa Lucia"},"geometry":{"type":"Polygon","coordinates":[[[-74.36755,-14.77436],[-74.37138,-14.78382],[-74.36183,-14.79745],[-74.37596,-14.82138],[-74.391,-14.83892],[-74.39698,-14.85033],[-74.41049,-14.86663],[-74.41454,-14.87568],[-74.42444,-14.88806],[-74.4275,-14.89633],[-74.44507,-14.92465],[-74.4525,-14.94626],[-74.45151,-14.95676],[-74.47621,-14.98167],[-74.48479,-14.99265],[-74.49095,-14.99403],[-74.51853,-15.01983],[-74.52188,-15.02749],[-74.53276,-15.04225],[-74.52595,-15.06155],[-74.51822,-15.07373],[-74.49639,-15.07581],[-74.49366,-15.07895],[-74.49315,-15.09316],[-74.48274,-15.10342],[-74.4781,-15.11345],[-74.48992,-15.13789],[-74.50027,-15.1521],[-74.50183,-15.16055],[-74.51267,-15.14879],[-74.53397,-15.14644],[-74.55252,-15.13994],[-74.57246,-15.14094],[-74.58509,-15.14911],[-74.59436,-15.14661],[-74.60597,-15.1485],[-74.62825,-15.1245],[-74.63784,-15.1318],[-74.65204,-15.13913],[-74.67996,-15.13256],[-74.68945,-15.13907],[-74.69974,-15.13706],[-74.70464,-15.1397],[-74.71664,-15.13701],[-74.72144,-15.12465],[-74.72606,-15.12214],[-74.73853,-15.12339],[-74.75258,-15.1134],[-74.76229,-15.09806],[-74.75748,-15.09258],[-74.73584,-15.08479],[-74.72961,-15.0854],[-74.70453,-15.07104],[-74.69756,-15.06278],[-74.68689,-15.06148],[-74.67097,-15.05497],[-74.66427,-15.0447],[-74.66719,-15.02803],[-74.66449,-15.00273],[-74.66569,-14.9979],[-74.64773,-14.98198],[-74.64643,-14.97618],[-74.65402,-14.97431],[-74.66417,-14.96352],[-74.66554,-14.9557],[-74.68548,-14.92947],[-74.68471,-14.92564],[-74.67313,-14.91817],[-74.66345,-14.90793],[-74.66392,-14.89234],[-74.67395,-14.87869],[-74.65985,-14.87035],[-74.63754,-14.84715],[-74.62155,-14.8364],[-74.61415,-14.82527],[-74.605,-14.81654],[-74.56398,-14.78603],[-74.56303,-14.78179],[-74.55313,-14.77396],[-74.54323,-14.77094],[-74.53889,-14.76623],[-74.50832,-14.74233],[-74.49947,-14.73812],[-74.48826,-14.72663],[-74.47448,-14.72316],[-74.46793,-14.72414],[-74.45852,-14.72022],[-74.45588,-14.70847],[-74.45723,-14.70248],[-74.4512,-14.69404],[-74.43358,-14.68352],[-74.41742,-14.67913],[-74.40737,-14.68201],[-74.40011,-14.69105],[-74.39698,-14.70729],[-74.39833,-14.71386],[-74.38958,-14.73262],[-74.39255,-14.73671],[-74.39199,-14.75197],[-74.38641,-14.75514],[-74.38437,-14.76302],[-74.36893,-14.76842],[-74.36755,-14.77436]]]}},{"type":"Feature","properties":{"ubigeo":"050701","nombre":"Coracora"},"geometry":{"type":"Polygon","coordinates":[[[-73.56528,-14.77583],[-73.56712,-14.77416],[-73.58337,-14.78116],[-73.59096,-14.78929],[-73.59875,-14.79241],[-73.60781,-14.78943],[-73.61496,-14.76772],[-73.62119,-14.76368],[-73.63966,-14.76395],[-73.64327,-14.75641],[-73.65799,-14.73722],[-73.67836,-14.72909],[-73.69719,-14.73869],[-73.70428,-14.73929],[-73.71558,-14.74638],[-73.72528,-14.7493],[-73.72615,-14.7615],[-73.73126,-14.76877],[-73.71628,-14.77864],[-73.71468,-14.78847],[-73.69867,-14.79973],[-73.67421,-14.80911],[-73.67206,-14.81507],[-73.66271,-14.82449],[-73.65237,-14.82436],[-73.64478,-14.83267],[-73.64577,-14.84552],[-73.64184,-14.8638],[-73.62315,-14.8768],[-73.61601,-14.87858],[-73.5919,-14.89141],[-73.57885,-14.89206],[-73.58153,-14.89895],[-73.59133,-14.90902],[-73.58865,-14.92304],[-73.57105,-14.93303],[-73.56807,-14.93791],[-73.56296,-14.95951],[-73.54808,-14.96264],[-73.54481,-14.96992],[-73.54516,-14.98188],[-73.5491,-14.99141],[-73.54733,-15.01437],[-73.55047,-15.02419],[-73.54642,-15.03487],[-73.54528,-15.05566],[-73.54574,-15.06282],[-73.53607,-15.08123],[-73.5383,-15.09103],[-73.54354,-15.09226],[-73.5509,-15.08137],[-73.55353,-15.0696],[-73.56088,-15.06776],[-73.56287,-15.06165],[-73.57267,-15.04989],[-73.58628,-15.04224],[-73.5925,-15.0455],[-73.60199,-15.0443],[-73.61818,-15.04768],[-73.63105,-15.05386],[-73.64318,-15.04065],[-73.65647,-15.04609],[-73.65673,-15.03067],[-73.65947,-15.01805],[-73.65859,-15.00722],[-73.66408,-15.00285],[-73.66791,-14.99372],[-73.69919,-14.9946],[-73.70403,-15.00768],[-73.7205,-15.02076],[-73.72406,-15.02553],[-73.72635,-15.03989],[-73.74197,-15.05404],[-73.74505,-15.06139],[-73.76801,-15.08138],[-73.77223,-15.09194],[-73.78345,-15.09738],[-73.79307,-15.09547],[-73.80173,-15.08568],[-73.79548,-15.07228],[-73.79898,-15.06221],[-73.80145,-15.04406],[-73.80896,-15.03754],[-73.80847,-15.01974],[-73.81374,-15.00884],[-73.81406,-14.99569],[-73.81797,-14.99285],[-73.81343,-14.97721],[-73.82083,-14.96842],[-73.83558,-14.95889],[-73.84179,-14.93792],[-73.84246,-14.92114],[-73.85291,-14.91676],[-73.85965,-14.90147],[-73.87748,-14.89464],[-73.87994,-14.88986],[-73.8785,-14.87727],[-73.89756,-14.85708],[-73.9003,-14.84349],[-73.89541,-14.82904],[-73.89366,-14.81104],[-73.88441,-14.80438],[-73.87131,-14.80138],[-73.86898,-14.79304],[-73.87338,-14.77887],[-73.86975,-14.77527],[-73.87057,-14.76715],[-73.86066,-14.76742],[-73.85478,-14.76257],[-73.85545,-14.75663],[-73.84587,-14.75044],[-73.82572,-14.72592],[-73.83565,-14.71722],[-73.83612,-14.70469],[-73.82782,-14.68476],[-73.82108,-14.67784],[-73.82704,-14.65889],[-73.82243,-14.64624],[-73.81031,-14.63849],[-73.80304,-14.64472],[-73.79344,-14.64587],[-73.78056,-14.63842],[-73.76335,-14.65079],[-73.75613,-14.64812],[-73.75497,-14.63605],[-73.74486,-14.63446],[-73.73824,-14.63794],[-73.72511,-14.63815],[-73.71641,-14.64124],[-73.70945,-14.63545],[-73.70012,-14.63356],[-73.67168,-14.61971],[-73.66293,-14.60983],[-73.64176,-14.59396],[-73.63469,-14.5909],[-73.62867,-14.57866],[-73.61665,-14.56224],[-73.60499,-14.54165],[-73.58722,-14.54895],[-73.57878,-14.54024],[-73.56379,-14.52068],[-73.5575,-14.52119],[-73.54904,-14.51213],[-73.53246,-14.50724],[-73.52386,-14.51159],[-73.52075,-14.53355],[-73.50701,-14.54431],[-73.51054,-14.54883],[-73.51165,-14.56366],[-73.51912,-14.57067],[-73.52562,-14.5722],[-73.53338,-14.58102],[-73.533,-14.58892],[-73.52102,-14.61943],[-73.51336,-14.6331],[-73.51006,-14.6501],[-73.51967,-14.6699],[-73.5297,-14.67427],[-73.54052,-14.67335],[-73.55323,-14.68037],[-73.56212,-14.68012],[-73.5711,-14.68727],[-73.57527,-14.70112],[-73.57122,-14.70718],[-73.57673,-14.71169],[-73.5761,-14.71765],[-73.5703,-14.71967],[-73.57178,-14.72753],[-73.56506,-14.73371],[-73.56238,-14.75424],[-73.56528,-14.77583]]]}},{"type":"Feature","properties":{"ubigeo":"050702","nombre":"Chumpi"},"geometry":{"type":"Polygon","coordinates":[[[-73.55305,-15.12241],[-73.55563,-15.12152],[-73.61106,-15.11998],[-73.6208,-15.11862],[-73.63669,-15.13004],[-73.65043,-15.12165],[-73.66203,-15.12576],[-73.66578,-15.1478],[-73.67363,-15.16368],[-73.68273,-15.16698],[-73.6838,-15.176],[-73.69397,-15.18661],[-73.69634,-15.20371],[-73.72199,-15.2107],[-73.73887,-15.21107],[-73.74976,-15.19337],[-73.76397,-15.19089],[-73.77211,-15.18434],[-73.78582,-15.1857],[-73.79779,-15.1794],[-73.8116,-15.16497],[-73.82273,-15.16092],[-73.82162,-15.15657],[-73.83606,-15.14895],[-73.85071,-15.13803],[-73.86247,-15.132],[-73.8569,-15.13406],[-73.84129,-15.13334],[-73.83231,-15.12045],[-73.83055,-15.10481],[-73.82656,-15.10282],[-73.81555,-15.08793],[-73.80173,-15.08568],[-73.79307,-15.09547],[-73.78345,-15.09738],[-73.77223,-15.09194],[-73.76801,-15.08138],[-73.74505,-15.06139],[-73.74197,-15.05404],[-73.72635,-15.03989],[-73.72406,-15.02553],[-73.7205,-15.02076],[-73.70403,-15.00768],[-73.69919,-14.9946],[-73.66791,-14.99372],[-73.66408,-15.00285],[-73.65859,-15.00722],[-73.65947,-15.01805],[-73.65673,-15.03067],[-73.65647,-15.04609],[-73.64318,-15.04065],[-73.63105,-15.05386],[-73.61818,-15.04768],[-73.60199,-15.0443],[-73.5925,-15.0455],[-73.58628,-15.04224],[-73.57267,-15.04989],[-73.56287,-15.06165],[-73.56088,-15.06776],[-73.55353,-15.0696],[-73.5509,-15.08137],[-73.54354,-15.09226],[-73.54655,-15.09444],[-73.5523,-15.11271],[-73.55305,-15.12241]]]}},{"type":"Feature","properties":{"ubigeo":"050703","nombre":"Coronel Castañeda"},"geometry":{"type":"Polygon","coordinates":[[[-72.84682,-14.75982],[-72.85892,-14.76382],[-72.87161,-14.76142],[-72.88234,-14.77143],[-72.89361,-14.77198],[-72.91062,-14.76949],[-72.92058,-14.75793],[-72.92992,-14.75817],[-72.94273,-14.76541],[-72.9548,-14.77746],[-72.96307,-14.79317],[-72.96927,-14.79515],[-72.97932,-14.80613],[-72.99323,-14.80412],[-73.00278,-14.81499],[-73.00478,-14.84166],[-73.01421,-14.85571],[-73.03333,-14.84993],[-73.05076,-14.82991],[-73.06119,-14.82553],[-73.07176,-14.82595],[-73.08509,-14.83036],[-73.09461,-14.84332],[-73.11872,-14.84258],[-73.12908,-14.85559],[-73.11671,-14.87252],[-73.13372,-14.88555],[-73.13737,-14.89668],[-73.14617,-14.89664],[-73.16442,-14.91224],[-73.19149,-14.91018],[-73.19407,-14.92156],[-73.20085,-14.92278],[-73.21063,-14.91063],[-73.24102,-14.90517],[-73.2542,-14.89953],[-73.25552,-14.89159],[-73.26974,-14.88607],[-73.27801,-14.88791],[-73.28345,-14.89423],[-73.29596,-14.89139],[-73.30246,-14.89451],[-73.31092,-14.89278],[-73.31973,-14.89511],[-73.33664,-14.89447],[-73.34006,-14.89243],[-73.3579,-14.89781],[-73.37095,-14.90497],[-73.38189,-14.91345],[-73.38323,-14.90521],[-73.39188,-14.89968],[-73.40463,-14.88644],[-73.41137,-14.88439],[-73.41948,-14.8739],[-73.41349,-14.86742],[-73.41199,-14.85631],[-73.40405,-14.85104],[-73.40507,-14.82123],[-73.39944,-14.8076],[-73.40321,-14.80458],[-73.40232,-14.79439],[-73.41628,-14.77131],[-73.40912,-14.77121],[-73.40455,-14.7655],[-73.39848,-14.73608],[-73.3904,-14.71606],[-73.38087,-14.70406],[-73.37087,-14.69662],[-73.37009,-14.68816],[-73.36437,-14.68165],[-73.35827,-14.68339],[-73.35224,-14.69457],[-73.35081,-14.70403],[-73.34187,-14.70779],[-73.32833,-14.71736],[-73.31416,-14.71586],[-73.2968,-14.72375],[-73.28973,-14.73273],[-73.27995,-14.73163],[-73.26537,-14.71552],[-73.26362,-14.70979],[-73.25611,-14.70901],[-73.24508,-14.71238],[-73.22765,-14.70972],[-73.21827,-14.70161],[-73.21107,-14.70584],[-73.19041,-14.70577],[-73.17807,-14.68545],[-73.16162,-14.68167],[-73.15324,-14.67435],[-73.13196,-14.68153],[-73.1253,-14.68116],[-73.12115,-14.69158],[-73.11341,-14.69347],[-73.10649,-14.69065],[-73.10464,-14.68299],[-73.11005,-14.66992],[-73.10444,-14.66787],[-73.10233,-14.65876],[-73.09652,-14.65044],[-73.07843,-14.65606],[-73.0649,-14.66557],[-73.05763,-14.66114],[-73.04625,-14.65869],[-73.0402,-14.6515],[-73.04329,-14.62373],[-73.03061,-14.62761],[-73.02229,-14.62716],[-73.0174,-14.63071],[-73.00941,-14.63739],[-73.0067,-14.65086],[-72.99849,-14.66247],[-72.98505,-14.66031],[-72.98239,-14.65421],[-72.97378,-14.65257],[-72.97111,-14.65968],[-72.96261,-14.66916],[-72.95531,-14.68268],[-72.93373,-14.69546],[-72.927,-14.68844],[-72.91879,-14.68516],[-72.91179,-14.69676],[-72.89059,-14.70067],[-72.8854,-14.70597],[-72.86564,-14.71068],[-72.86431,-14.72668],[-72.857,-14.72813],[-72.85584,-14.7387],[-72.85175,-14.74426],[-72.85193,-14.75221],[-72.84682,-14.75982]]]}},{"type":"Feature","properties":{"ubigeo":"050704","nombre":"Pacapausa"},"geometry":{"type":"Polygon","coordinates":[[[-73.26267,-14.92008],[-73.26713,-14.92876],[-73.27792,-14.93836],[-73.29116,-14.94519],[-73.29561,-14.95521],[-73.31253,-14.96551],[-73.33132,-14.9589],[-73.3444,-14.97195],[-73.34543,-14.98005],[-73.35385,-14.98394],[-73.36726,-14.97908],[-73.38037,-14.98461],[-73.40363,-14.99893],[-73.41469,-15.00945],[-73.42016,-15.01022],[-73.44187,-15.0243],[-73.44636,-15.03411],[-73.45806,-15.0394],[-73.47706,-15.02847],[-73.47612,-15.01125],[-73.47181,-15.00318],[-73.47955,-14.987],[-73.45799,-14.99359],[-73.4504,-14.99036],[-73.44217,-14.98005],[-73.43436,-14.9802],[-73.43064,-14.97325],[-73.42204,-14.97182],[-73.41617,-14.95685],[-73.40614,-14.94875],[-73.39842,-14.93722],[-73.37424,-14.93554],[-73.37432,-14.92751],[-73.38189,-14.91345],[-73.37095,-14.90497],[-73.3579,-14.89781],[-73.34006,-14.89243],[-73.33664,-14.89447],[-73.31973,-14.89511],[-73.31092,-14.89278],[-73.30246,-14.89451],[-73.29596,-14.89139],[-73.28345,-14.89423],[-73.27801,-14.88791],[-73.26974,-14.88607],[-73.25552,-14.89159],[-73.2542,-14.89953],[-73.2635,-14.90462],[-73.26561,-14.91192],[-73.26267,-14.92008]]]}},{"type":"Feature","properties":{"ubigeo":"050705","nombre":"Pullo"},"geometry":{"type":"Polygon","coordinates":[[[-73.73887,-15.21107],[-73.7417,-15.22841],[-73.74182,-15.24234],[-73.73496,-15.25532],[-73.74012,-15.25962],[-73.74017,-15.26598],[-73.74657,-15.25952],[-73.7496,-15.26702],[-73.74144,-15.27969],[-73.74646,-15.28493],[-73.73933,-15.29835],[-73.73904,-15.30791],[-73.72323,-15.32103],[-73.71879,-15.31866],[-73.71074,-15.32538],[-73.69579,-15.32368],[-73.69663,-15.32895],[-73.70441,-15.33922],[-73.70713,-15.35837],[-73.70208,-15.37639],[-73.7007,-15.40476],[-73.69304,-15.41572],[-73.68806,-15.43718],[-73.69456,-15.43478],[-73.70652,-15.42072],[-73.73062,-15.40734],[-73.75887,-15.38527],[-73.76964,-15.35704],[-73.77932,-15.3464],[-73.77645,-15.34032],[-73.78326,-15.33762],[-73.79199,-15.34004],[-73.79858,-15.33469],[-73.80259,-15.32642],[-73.80799,-15.32427],[-73.83258,-15.32712],[-73.86005,-15.32612],[-73.86611,-15.32466],[-73.86921,-15.33171],[-73.88362,-15.3383],[-73.87864,-15.34287],[-73.87486,-15.35507],[-73.87434,-15.37208],[-73.87128,-15.38232],[-73.87708,-15.38916],[-73.86971,-15.40025],[-73.87349,-15.4114],[-73.8688,-15.41726],[-73.86827,-15.42613],[-73.87656,-15.43915],[-73.88864,-15.4391],[-73.8939,-15.44935],[-73.91251,-15.45625],[-73.94596,-15.4904],[-73.9464,-15.49553],[-73.95469,-15.512],[-73.95241,-15.51388],[-73.96107,-15.52392],[-73.97989,-15.53952],[-73.98823,-15.54087],[-73.99646,-15.55339],[-74.01028,-15.5594],[-74.00943,-15.56804],[-74.01939,-15.59917],[-74.03349,-15.61002],[-74.04692,-15.61625],[-74.05095,-15.62228],[-74.06342,-15.62962],[-74.06865,-15.62989],[-74.08474,-15.61891],[-74.08164,-15.61437],[-74.08493,-15.59154],[-74.07919,-15.58098],[-74.07413,-15.56009],[-74.07576,-15.55046],[-74.06728,-15.53929],[-74.07127,-15.53415],[-74.07919,-15.51572],[-74.07525,-15.50345],[-74.06161,-15.4999],[-74.0497,-15.49269],[-74.04513,-15.49282],[-74.03876,-15.48297],[-74.04269,-15.46793],[-74.03729,-15.45608],[-74.04553,-15.44338],[-74.05373,-15.41773],[-74.06543,-15.40219],[-74.07095,-15.40401],[-74.08553,-15.39133],[-74.09452,-15.392],[-74.11308,-15.40498],[-74.11554,-15.41185],[-74.12369,-15.41152],[-74.13395,-15.41661],[-74.13998,-15.42664],[-74.15126,-15.42875],[-74.15348,-15.44721],[-74.14844,-15.44938],[-74.15383,-15.45554],[-74.16098,-15.47765],[-74.16647,-15.48396],[-74.18502,-15.48573],[-74.19374,-15.49166],[-74.21397,-15.48573],[-74.23296,-15.48617],[-74.24118,-15.48104],[-74.24314,-15.46709],[-74.2443,-15.43853],[-74.25312,-15.41871],[-74.25638,-15.4021],[-74.25196,-15.39955],[-74.23949,-15.37883],[-74.22525,-15.36811],[-74.2129,-15.3526],[-74.20935,-15.33864],[-74.20115,-15.32105],[-74.19147,-15.31587],[-74.20804,-15.29207],[-74.20505,-15.28539],[-74.21631,-15.2661],[-74.2193,-15.24915],[-74.22417,-15.23605],[-74.21409,-15.23347],[-74.19586,-15.23676],[-74.17998,-15.22334],[-74.16778,-15.22463],[-74.15644,-15.23003],[-74.14806,-15.22849],[-74.13738,-15.23379],[-74.12829,-15.23437],[-74.11212,-15.23945],[-74.09646,-15.23413],[-74.09061,-15.23524],[-74.06499,-15.22594],[-74.04854,-15.21054],[-74.04138,-15.20006],[-74.03149,-15.1952],[-74.0146,-15.17531],[-74.0011,-15.16684],[-73.99825,-15.16089],[-73.99126,-15.15922],[-73.96824,-15.14605],[-73.95111,-15.14395],[-73.94378,-15.13809],[-73.92452,-15.13131],[-73.90029,-15.1292],[-73.88325,-15.12802],[-73.87336,-15.13425],[-73.86247,-15.132],[-73.85071,-15.13803],[-73.83606,-15.14895],[-73.82162,-15.15657],[-73.82273,-15.16092],[-73.8116,-15.16497],[-73.79779,-15.1794],[-73.78582,-15.1857],[-73.77211,-15.18434],[-73.76397,-15.19089],[-73.74976,-15.19337],[-73.73887,-15.21107]]]}},{"type":"Feature","properties":{"ubigeo":"050706","nombre":"Puyusca"},"geometry":{"type":"Polygon","coordinates":[[[-73.53229,-15.21788],[-73.52871,-15.22293],[-73.52083,-15.22356],[-73.52144,-15.23791],[-73.51443,-15.25214],[-73.50559,-15.26215],[-73.50212,-15.27287],[-73.49283,-15.27608],[-73.48221,-15.2838],[-73.48308,-15.29055],[-73.47489,-15.29185],[-73.46641,-15.30167],[-73.45702,-15.30835],[-73.44854,-15.3189],[-73.4411,-15.34136],[-73.4411,-15.35572],[-73.47811,-15.37962],[-73.50345,-15.38303],[-73.52957,-15.39205],[-73.53664,-15.39792],[-73.5574,-15.40861],[-73.57841,-15.40679],[-73.59291,-15.40362],[-73.59972,-15.40707],[-73.61286,-15.41923],[-73.62351,-15.42111],[-73.65161,-15.41628],[-73.66991,-15.43021],[-73.68806,-15.43718],[-73.69304,-15.41572],[-73.7007,-15.40476],[-73.70208,-15.37639],[-73.70713,-15.35837],[-73.70441,-15.33922],[-73.69663,-15.32895],[-73.69579,-15.32368],[-73.6849,-15.33422],[-73.67229,-15.32878],[-73.65957,-15.31874],[-73.6401,-15.29199],[-73.63919,-15.28531],[-73.64716,-15.27713],[-73.65595,-15.27665],[-73.66724,-15.27088],[-73.68631,-15.27494],[-73.6855,-15.26758],[-73.69202,-15.26254],[-73.69608,-15.24924],[-73.70611,-15.24708],[-73.71652,-15.25121],[-73.7245,-15.26299],[-73.72835,-15.26066],[-73.74017,-15.26598],[-73.74012,-15.25962],[-73.73496,-15.25532],[-73.74182,-15.24234],[-73.7417,-15.22841],[-73.73887,-15.21107],[-73.72199,-15.2107],[-73.69634,-15.20371],[-73.69397,-15.18661],[-73.6838,-15.176],[-73.68273,-15.16698],[-73.67363,-15.16368],[-73.66578,-15.1478],[-73.66203,-15.12576],[-73.65043,-15.12165],[-73.63669,-15.13004],[-73.6208,-15.11862],[-73.61106,-15.11998],[-73.55563,-15.12152],[-73.55305,-15.12241],[-73.54438,-15.12791],[-73.54835,-15.13855],[-73.54669,-15.14509],[-73.55278,-15.14439],[-73.55407,-15.15766],[-73.54711,-15.16506],[-73.54838,-15.17643],[-73.54372,-15.18506],[-73.53875,-15.18646],[-73.53635,-15.19522],[-73.53824,-15.20592],[-73.53675,-15.2159],[-73.53229,-15.21788]]]}},{"type":"Feature","properties":{"ubigeo":"050707","nombre":"San Francisco de Rivacayco"},"geometry":{"type":"Polygon","coordinates":[[[-73.33164,-15.02962],[-73.34427,-15.03728],[-73.35762,-15.03615],[-73.38098,-15.04331],[-73.41237,-15.06185],[-73.42038,-15.06488],[-73.43958,-15.06239],[-73.44807,-15.06139],[-73.45372,-15.05625],[-73.45806,-15.0394],[-73.44636,-15.03411],[-73.44187,-15.0243],[-73.42016,-15.01022],[-73.41469,-15.00945],[-73.40363,-14.99893],[-73.38037,-14.98461],[-73.36726,-14.97908],[-73.35385,-14.98394],[-73.34543,-14.98005],[-73.3444,-14.97195],[-73.33132,-14.9589],[-73.31253,-14.96551],[-73.29561,-14.95521],[-73.29116,-14.94519],[-73.27792,-14.93836],[-73.26713,-14.92876],[-73.26267,-14.92008],[-73.25618,-14.92953],[-73.264,-14.94339],[-73.27259,-14.95079],[-73.26962,-14.9587],[-73.26264,-14.9657],[-73.26387,-14.97605],[-73.27082,-14.97486],[-73.28327,-14.98339],[-73.29976,-14.98197],[-73.3145,-14.98726],[-73.32137,-14.99355],[-73.34245,-15.00355],[-73.33164,-15.02962]]]}},{"type":"Feature","properties":{"ubigeo":"050708","nombre":"Upahuacho"},"geometry":{"type":"Polygon","coordinates":[[[-73.41628,-14.77131],[-73.40232,-14.79439],[-73.40321,-14.80458],[-73.39944,-14.8076],[-73.40507,-14.82123],[-73.40405,-14.85104],[-73.41199,-14.85631],[-73.41349,-14.86742],[-73.41948,-14.8739],[-73.41137,-14.88439],[-73.40463,-14.88644],[-73.39188,-14.89968],[-73.38323,-14.90521],[-73.38189,-14.91345],[-73.37432,-14.92751],[-73.37424,-14.93554],[-73.39842,-14.93722],[-73.40614,-14.94875],[-73.41617,-14.95685],[-73.42204,-14.97182],[-73.43064,-14.97325],[-73.43436,-14.9802],[-73.44217,-14.98005],[-73.4504,-14.99036],[-73.45799,-14.99359],[-73.47955,-14.987],[-73.47181,-15.00318],[-73.47612,-15.01125],[-73.47706,-15.02847],[-73.45806,-15.0394],[-73.46654,-15.03911],[-73.47859,-15.05458],[-73.4856,-15.06058],[-73.49752,-15.0607],[-73.50554,-15.05596],[-73.52032,-15.06108],[-73.53217,-15.05372],[-73.538,-15.06002],[-73.54528,-15.05566],[-73.54642,-15.03487],[-73.55047,-15.02419],[-73.54733,-15.01437],[-73.5491,-14.99141],[-73.54516,-14.98188],[-73.54481,-14.96992],[-73.54808,-14.96264],[-73.56296,-14.95951],[-73.56807,-14.93791],[-73.57105,-14.93303],[-73.58865,-14.92304],[-73.59133,-14.90902],[-73.58153,-14.89895],[-73.57885,-14.89206],[-73.5919,-14.89141],[-73.61601,-14.87858],[-73.62315,-14.8768],[-73.64184,-14.8638],[-73.64577,-14.84552],[-73.64478,-14.83267],[-73.65237,-14.82436],[-73.66271,-14.82449],[-73.67206,-14.81507],[-73.67421,-14.80911],[-73.69867,-14.79973],[-73.71468,-14.78847],[-73.71628,-14.77864],[-73.73126,-14.76877],[-73.72615,-14.7615],[-73.72528,-14.7493],[-73.71558,-14.74638],[-73.70428,-14.73929],[-73.69719,-14.73869],[-73.67836,-14.72909],[-73.65799,-14.73722],[-73.64327,-14.75641],[-73.63966,-14.76395],[-73.62119,-14.76368],[-73.61496,-14.76772],[-73.60781,-14.78943],[-73.59875,-14.79241],[-73.59096,-14.78929],[-73.58337,-14.78116],[-73.56712,-14.77416],[-73.56528,-14.77583],[-73.55352,-14.78936],[-73.54957,-14.80143],[-73.53422,-14.79884],[-73.52819,-14.8017],[-73.51589,-14.81698],[-73.51294,-14.82643],[-73.49936,-14.82875],[-73.48503,-14.84257],[-73.47106,-14.83864],[-73.46562,-14.84026],[-73.45782,-14.82331],[-73.45473,-14.82101],[-73.45412,-14.80582],[-73.44128,-14.79333],[-73.43713,-14.78425],[-73.41628,-14.77131]]]}},{"type":"Feature","properties":{"ubigeo":"050801","nombre":"Pausa"},"geometry":{"type":"Polygon","coordinates":[[[-73.28093,-15.26115],[-73.27648,-15.26888],[-73.28679,-15.29329],[-73.28492,-15.29494],[-73.28242,-15.31233],[-73.27773,-15.31818],[-73.2902,-15.33598],[-73.2896,-15.34442],[-73.29364,-15.36],[-73.29062,-15.37132],[-73.28364,-15.38039],[-73.27911,-15.39108],[-73.2748,-15.39296],[-73.2876,-15.39589],[-73.29453,-15.39233],[-73.30661,-15.39551],[-73.31264,-15.40005],[-73.33628,-15.40515],[-73.34749,-15.39445],[-73.36105,-15.38792],[-73.36728,-15.38755],[-73.39217,-15.39874],[-73.40331,-15.39148],[-73.41744,-15.3761],[-73.42112,-15.38002],[-73.43093,-15.37834],[-73.42815,-15.36139],[-73.4411,-15.35572],[-73.4411,-15.34136],[-73.44854,-15.3189],[-73.44141,-15.31135],[-73.43624,-15.29507],[-73.41778,-15.28863],[-73.40967,-15.28765],[-73.39791,-15.27646],[-73.40159,-15.27008],[-73.40089,-15.25195],[-73.40305,-15.24408],[-73.40009,-15.2352],[-73.39947,-15.21276],[-73.39119,-15.21386],[-73.3965,-15.22152],[-73.38446,-15.22888],[-73.3641,-15.23176],[-73.35946,-15.23544],[-73.34326,-15.24042],[-73.33122,-15.24105],[-73.32368,-15.25071],[-73.32107,-15.2617],[-73.31618,-15.26861],[-73.30849,-15.27217],[-73.29819,-15.26517],[-73.29636,-15.25908],[-73.28093,-15.26115]]]}},{"type":"Feature","properties":{"ubigeo":"050802","nombre":"Colta"},"geometry":{"type":"Polygon","coordinates":[[[-73.25778,-15.21788],[-73.26799,-15.21979],[-73.27169,-15.22442],[-73.28221,-15.226],[-73.28614,-15.24145],[-73.28093,-15.26115],[-73.29636,-15.25908],[-73.29819,-15.26517],[-73.30849,-15.27217],[-73.31618,-15.26861],[-73.32107,-15.2617],[-73.32368,-15.25071],[-73.32188,-15.23909],[-73.32458,-15.2329],[-73.32571,-15.21622],[-73.31116,-15.20393],[-73.30938,-15.19754],[-73.31561,-15.1878],[-73.33283,-15.18456],[-73.32922,-15.1732],[-73.33508,-15.16944],[-73.33871,-15.1556],[-73.33346,-15.14956],[-73.33368,-15.13133],[-73.33008,-15.1256],[-73.32447,-15.12769],[-73.30547,-15.12661],[-73.28583,-15.1143],[-73.27577,-15.11611],[-73.26966,-15.11193],[-73.27151,-15.09989],[-73.26617,-15.08646],[-73.26824,-15.07428],[-73.25666,-15.07364],[-73.25085,-15.06934],[-73.25176,-15.05897],[-73.25908,-15.0488],[-73.25165,-15.0306],[-73.24417,-15.02644],[-73.2349,-15.02672],[-73.22768,-15.02042],[-73.20659,-15.01456],[-73.20195,-15.00769],[-73.1757,-15.01819],[-73.15773,-15.01384],[-73.1505,-15.02733],[-73.14863,-15.03548],[-73.15461,-15.05286],[-73.16653,-15.0651],[-73.17565,-15.06733],[-73.18242,-15.07589],[-73.19163,-15.07242],[-73.19935,-15.07736],[-73.19698,-15.08153],[-73.18591,-15.08756],[-73.18105,-15.09667],[-73.18284,-15.10555],[-73.19543,-15.1175],[-73.19945,-15.13176],[-73.19692,-15.15285],[-73.20073,-15.16142],[-73.21364,-15.14707],[-73.22541,-15.14049],[-73.23113,-15.15282],[-73.23248,-15.16488],[-73.23892,-15.16848],[-73.24547,-15.18275],[-73.23764,-15.19203],[-73.23738,-15.20858],[-73.24996,-15.20959],[-73.25778,-15.21788]]]}},{"type":"Feature","properties":{"ubigeo":"050803","nombre":"Corculla"},"geometry":{"type":"Polygon","coordinates":[[[-73.17213,-15.30608],[-73.17455,-15.30661],[-73.18518,-15.30582],[-73.20661,-15.29404],[-73.22157,-15.29797],[-73.24228,-15.28975],[-73.24593,-15.28609],[-73.26274,-15.28638],[-73.27995,-15.29034],[-73.28492,-15.29494],[-73.28679,-15.29329],[-73.27648,-15.26888],[-73.28093,-15.26115],[-73.28614,-15.24145],[-73.28221,-15.226],[-73.27169,-15.22442],[-73.26799,-15.21979],[-73.25778,-15.21788],[-73.23329,-15.22715],[-73.2143,-15.2298],[-73.21097,-15.22699],[-73.19749,-15.23363],[-73.18574,-15.23283],[-73.17511,-15.23498],[-73.17069,-15.24316],[-73.1601,-15.24614],[-73.15016,-15.24417],[-73.14695,-15.24761],[-73.14696,-15.25778],[-73.15069,-15.26133],[-73.14954,-15.27366],[-73.15295,-15.28306],[-73.16004,-15.28636],[-73.16351,-15.29578],[-73.17213,-15.30608]]]}},{"type":"Feature","properties":{"ubigeo":"050804","nombre":"Lampa"},"geometry":{"type":"Polygon","coordinates":[[[-73.43958,-15.06239],[-73.45053,-15.07442],[-73.44732,-15.08419],[-73.45048,-15.09154],[-73.43724,-15.10639],[-73.44128,-15.1165],[-73.43479,-15.13386],[-73.4276,-15.12267],[-73.40827,-15.12704],[-73.39745,-15.1312],[-73.38282,-15.1335],[-73.37181,-15.14171],[-73.35813,-15.145],[-73.34585,-15.15451],[-73.33871,-15.1556],[-73.33508,-15.16944],[-73.32922,-15.1732],[-73.33283,-15.18456],[-73.31561,-15.1878],[-73.30938,-15.19754],[-73.31116,-15.20393],[-73.32571,-15.21622],[-73.32458,-15.2329],[-73.32188,-15.23909],[-73.32368,-15.25071],[-73.33122,-15.24105],[-73.34326,-15.24042],[-73.35946,-15.23544],[-73.3641,-15.23176],[-73.38446,-15.22888],[-73.3965,-15.22152],[-73.39119,-15.21386],[-73.39947,-15.21276],[-73.40748,-15.21052],[-73.414,-15.2012],[-73.42595,-15.19582],[-73.42783,-15.17916],[-73.44186,-15.17761],[-73.45138,-15.16917],[-73.45619,-15.17373],[-73.47612,-15.17687],[-73.48592,-15.17566],[-73.50356,-15.1826],[-73.50222,-15.19908],[-73.49856,-15.20629],[-73.50438,-15.22169],[-73.5119,-15.22475],[-73.51505,-15.21943],[-73.52529,-15.21545],[-73.53229,-15.21788],[-73.53675,-15.2159],[-73.53824,-15.20592],[-73.53635,-15.19522],[-73.53875,-15.18646],[-73.54372,-15.18506],[-73.54838,-15.17643],[-73.54711,-15.16506],[-73.55407,-15.15766],[-73.55278,-15.14439],[-73.54669,-15.14509],[-73.54835,-15.13855],[-73.54438,-15.12791],[-73.55305,-15.12241],[-73.5523,-15.11271],[-73.54655,-15.09444],[-73.54354,-15.09226],[-73.5383,-15.09103],[-73.53607,-15.08123],[-73.54574,-15.06282],[-73.54528,-15.05566],[-73.538,-15.06002],[-73.53217,-15.05372],[-73.52032,-15.06108],[-73.50554,-15.05596],[-73.49752,-15.0607],[-73.4856,-15.06058],[-73.47859,-15.05458],[-73.46654,-15.03911],[-73.45806,-15.0394],[-73.45372,-15.05625],[-73.44807,-15.06139],[-73.43958,-15.06239]]]}},{"type":"Feature","properties":{"ubigeo":"050805","nombre":"Marcabamba"},"geometry":{"type":"Polygon","coordinates":[[[-73.33871,-15.1556],[-73.34585,-15.15451],[-73.35813,-15.145],[-73.37181,-15.14171],[-73.38282,-15.1335],[-73.39745,-15.1312],[-73.40827,-15.12704],[-73.4276,-15.12267],[-73.43479,-15.13386],[-73.44128,-15.1165],[-73.43724,-15.10639],[-73.45048,-15.09154],[-73.44732,-15.08419],[-73.45053,-15.07442],[-73.43958,-15.06239],[-73.42038,-15.06488],[-73.41237,-15.06185],[-73.38098,-15.04331],[-73.35762,-15.03615],[-73.34427,-15.03728],[-73.33164,-15.02962],[-73.32894,-15.03871],[-73.33075,-15.05301],[-73.3227,-15.06314],[-73.32504,-15.07176],[-73.33249,-15.07941],[-73.32739,-15.09629],[-73.3305,-15.11488],[-73.33008,-15.1256],[-73.33368,-15.13133],[-73.33346,-15.14956],[-73.33871,-15.1556]]]}},{"type":"Feature","properties":{"ubigeo":"050806","nombre":"Oyolo"},"geometry":{"type":"Polygon","coordinates":[[[-73.03595,-15.1337],[-73.04756,-15.13435],[-73.04875,-15.14178],[-73.06051,-15.14431],[-73.07357,-15.15787],[-73.07469,-15.16336],[-73.08287,-15.16397],[-73.09941,-15.18094],[-73.10145,-15.18769],[-73.11075,-15.18611],[-73.1109,-15.19738],[-73.11684,-15.22285],[-73.12109,-15.23162],[-73.13168,-15.24079],[-73.13647,-15.2409],[-73.14453,-15.23323],[-73.15327,-15.23248],[-73.16583,-15.22466],[-73.17069,-15.22468],[-73.182,-15.21758],[-73.19408,-15.20416],[-73.20551,-15.20274],[-73.20881,-15.19863],[-73.21979,-15.19885],[-73.23088,-15.21123],[-73.23738,-15.20858],[-73.23764,-15.19203],[-73.24547,-15.18275],[-73.23892,-15.16848],[-73.23248,-15.16488],[-73.23113,-15.15282],[-73.22541,-15.14049],[-73.21364,-15.14707],[-73.20073,-15.16142],[-73.19692,-15.15285],[-73.19945,-15.13176],[-73.19543,-15.1175],[-73.18284,-15.10555],[-73.18105,-15.09667],[-73.18591,-15.08756],[-73.19698,-15.08153],[-73.19935,-15.07736],[-73.19163,-15.07242],[-73.18242,-15.07589],[-73.17565,-15.06733],[-73.16653,-15.0651],[-73.15461,-15.05286],[-73.14863,-15.03548],[-73.1505,-15.02733],[-73.15773,-15.01384],[-73.1757,-15.01819],[-73.20195,-15.00769],[-73.20659,-15.01456],[-73.22768,-15.02042],[-73.2349,-15.02672],[-73.24417,-15.02644],[-73.25165,-15.0306],[-73.25178,-15.0237],[-73.25724,-15.01616],[-73.25084,-14.98335],[-73.26387,-14.97605],[-73.26264,-14.9657],[-73.26962,-14.9587],[-73.27259,-14.95079],[-73.264,-14.94339],[-73.25618,-14.92953],[-73.26267,-14.92008],[-73.26561,-14.91192],[-73.2635,-14.90462],[-73.2542,-14.89953],[-73.24102,-14.90517],[-73.21063,-14.91063],[-73.20085,-14.92278],[-73.19407,-14.92156],[-73.19149,-14.91018],[-73.16442,-14.91224],[-73.14617,-14.89664],[-73.13737,-14.89668],[-73.13372,-14.88555],[-73.11671,-14.87252],[-73.12908,-14.85559],[-73.11872,-14.84258],[-73.09461,-14.84332],[-73.08509,-14.83036],[-73.07176,-14.82595],[-73.06119,-14.82553],[-73.05076,-14.82991],[-73.03333,-14.84993],[-73.01421,-14.85571],[-73.01877,-14.87141],[-73.02659,-14.88385],[-73.02649,-14.89108],[-73.03146,-14.90005],[-73.02135,-14.9155],[-72.9952,-14.94297],[-72.99172,-14.95243],[-72.98666,-14.9561],[-72.98299,-14.97208],[-72.98296,-14.98371],[-72.99268,-14.98764],[-72.99885,-14.99372],[-73.00535,-15.00932],[-73.00485,-15.04346],[-73.00775,-15.0503],[-73.00438,-15.05786],[-73.00619,-15.06829],[-73.01598,-15.07599],[-73.02453,-15.09176],[-73.01999,-15.11077],[-73.01921,-15.12216],[-73.02276,-15.13189],[-73.02673,-15.12976],[-73.03595,-15.1337]]]}},{"type":"Feature","properties":{"ubigeo":"050807","nombre":"Pararca"},"geometry":{"type":"Polygon","coordinates":[[[-73.40089,-15.25195],[-73.4074,-15.25007],[-73.4192,-15.23564],[-73.42662,-15.23361],[-73.44654,-15.23265],[-73.45498,-15.2236],[-73.47832,-15.2167],[-73.48818,-15.21817],[-73.50098,-15.23002],[-73.51112,-15.22912],[-73.5119,-15.22475],[-73.50438,-15.22169],[-73.49856,-15.20629],[-73.50222,-15.19908],[-73.50356,-15.1826],[-73.48592,-15.17566],[-73.47612,-15.17687],[-73.45619,-15.17373],[-73.45138,-15.16917],[-73.44186,-15.17761],[-73.42783,-15.17916],[-73.42595,-15.19582],[-73.414,-15.2012],[-73.40748,-15.21052],[-73.39947,-15.21276],[-73.40009,-15.2352],[-73.40305,-15.24408],[-73.40089,-15.25195]]]}},{"type":"Feature","properties":{"ubigeo":"050808","nombre":"San Javier de Alpabamba"},"geometry":{"type":"Polygon","coordinates":[[[-73.25165,-15.0306],[-73.25908,-15.0488],[-73.25176,-15.05897],[-73.25085,-15.06934],[-73.25666,-15.07364],[-73.26824,-15.07428],[-73.26617,-15.08646],[-73.27151,-15.09989],[-73.26966,-15.11193],[-73.27577,-15.11611],[-73.28583,-15.1143],[-73.30547,-15.12661],[-73.32447,-15.12769],[-73.33008,-15.1256],[-73.3305,-15.11488],[-73.32739,-15.09629],[-73.33249,-15.07941],[-73.32504,-15.07176],[-73.3227,-15.06314],[-73.33075,-15.05301],[-73.32894,-15.03871],[-73.33164,-15.02962],[-73.34245,-15.00355],[-73.32137,-14.99355],[-73.3145,-14.98726],[-73.29976,-14.98197],[-73.28327,-14.98339],[-73.27082,-14.97486],[-73.26387,-14.97605],[-73.25084,-14.98335],[-73.25724,-15.01616],[-73.25178,-15.0237],[-73.25165,-15.0306]]]}},{"type":"Feature","properties":{"ubigeo":"050809","nombre":"San José de Ushua"},"geometry":{"type":"Polygon","coordinates":[[[-73.14696,-15.25778],[-73.14695,-15.24761],[-73.15016,-15.24417],[-73.1601,-15.24614],[-73.17069,-15.24316],[-73.17511,-15.23498],[-73.18574,-15.23283],[-73.19749,-15.23363],[-73.21097,-15.22699],[-73.2143,-15.2298],[-73.23329,-15.22715],[-73.25778,-15.21788],[-73.24996,-15.20959],[-73.23738,-15.20858],[-73.23088,-15.21123],[-73.21979,-15.19885],[-73.20881,-15.19863],[-73.20551,-15.20274],[-73.19408,-15.20416],[-73.182,-15.21758],[-73.17069,-15.22468],[-73.16583,-15.22466],[-73.15327,-15.23248],[-73.14453,-15.23323],[-73.13647,-15.2409],[-73.13168,-15.24079],[-73.13611,-15.24411],[-73.13955,-15.25593],[-73.14696,-15.25778]]]}},{"type":"Feature","properties":{"ubigeo":"050810","nombre":"Sara Sara"},"geometry":{"type":"Polygon","coordinates":[[[-73.40089,-15.25195],[-73.40159,-15.27008],[-73.39791,-15.27646],[-73.40967,-15.28765],[-73.41778,-15.28863],[-73.43624,-15.29507],[-73.44141,-15.31135],[-73.44854,-15.3189],[-73.45702,-15.30835],[-73.46641,-15.30167],[-73.47489,-15.29185],[-73.48308,-15.29055],[-73.48221,-15.2838],[-73.49283,-15.27608],[-73.50212,-15.27287],[-73.50559,-15.26215],[-73.51443,-15.25214],[-73.52144,-15.23791],[-73.52083,-15.22356],[-73.52871,-15.22293],[-73.53229,-15.21788],[-73.52529,-15.21545],[-73.51505,-15.21943],[-73.5119,-15.22475],[-73.51112,-15.22912],[-73.50098,-15.23002],[-73.48818,-15.21817],[-73.47832,-15.2167],[-73.45498,-15.2236],[-73.44654,-15.23265],[-73.42662,-15.23361],[-73.4192,-15.23564],[-73.4074,-15.25007],[-73.40089,-15.25195]]]}},{"type":"Feature","properties":{"ubigeo":"050901","nombre":"Querobamba"},"geometry":{"type":"Polygon","coordinates":[[[-73.75019,-13.91728],[-73.74958,-13.9261],[-73.75365,-13.94378],[-73.77325,-13.96339],[-73.76568,-13.9775],[-73.76671,-13.98639],[-73.76062,-13.99481],[-73.76144,-14.00782],[-73.7646,-14.01775],[-73.77042,-14.0221],[-73.76087,-14.03063],[-73.74723,-14.03571],[-73.73963,-14.03557],[-73.745,-14.04663],[-73.73691,-14.06521],[-73.73567,-14.07275],[-73.71987,-14.08076],[-73.7145,-14.0889],[-73.7165,-14.09349],[-73.72609,-14.08905],[-73.73832,-14.09178],[-73.75108,-14.10345],[-73.75945,-14.10338],[-73.76865,-14.10707],[-73.7754,-14.11506],[-73.78782,-14.11559],[-73.79772,-14.10944],[-73.79614,-14.10089],[-73.82291,-14.10158],[-73.82544,-14.08757],[-73.8362,-14.07723],[-73.83883,-14.06353],[-73.84886,-14.04925],[-73.85548,-14.04772],[-73.85786,-14.03747],[-73.86626,-14.02199],[-73.87538,-14.01437],[-73.88275,-14.01189],[-73.88539,-13.99644],[-73.88119,-13.98258],[-73.88365,-13.97465],[-73.88914,-13.97266],[-73.8907,-13.96006],[-73.88801,-13.95357],[-73.87739,-13.95254],[-73.86305,-13.93768],[-73.85814,-13.93048],[-73.84369,-13.92244],[-73.83437,-13.9219],[-73.82605,-13.91454],[-73.82276,-13.90153],[-73.81803,-13.89645],[-73.8174,-13.88446],[-73.81041,-13.87887],[-73.80941,-13.87055],[-73.80452,-13.86448],[-73.79913,-13.86643],[-73.7864,-13.86369],[-73.77715,-13.86713],[-73.76685,-13.88368],[-73.76208,-13.88361],[-73.75335,-13.8916],[-73.74572,-13.90638],[-73.75019,-13.91728]]]}},{"type":"Feature","properties":{"ubigeo":"050902","nombre":"Belén"},"geometry":{"type":"Polygon","coordinates":[[[-73.79784,-13.82829],[-73.80431,-13.81795],[-73.80195,-13.80149],[-73.80332,-13.79614],[-73.79256,-13.79246],[-73.78353,-13.78632],[-73.77175,-13.78555],[-73.76963,-13.77831],[-73.76157,-13.78076],[-73.75721,-13.77026],[-73.74789,-13.76337],[-73.7413,-13.77861],[-73.74326,-13.78733],[-73.73354,-13.80144],[-73.72869,-13.81612],[-73.72426,-13.8212],[-73.74171,-13.81998],[-73.7578,-13.82347],[-73.76522,-13.82252],[-73.76722,-13.83514],[-73.78473,-13.83001],[-73.79784,-13.82829]]]}},{"type":"Feature","properties":{"ubigeo":"050903","nombre":"Chalcos"},"geometry":{"type":"Polygon","coordinates":[[[-73.69692,-13.8498],[-73.70421,-13.85647],[-73.71084,-13.8579],[-73.72164,-13.87725],[-73.74247,-13.87592],[-73.75335,-13.8916],[-73.76208,-13.88361],[-73.76685,-13.88368],[-73.77715,-13.86713],[-73.7864,-13.86369],[-73.79913,-13.86643],[-73.80452,-13.86448],[-73.80638,-13.85596],[-73.80345,-13.85045],[-73.80081,-13.83776],[-73.80289,-13.83366],[-73.79784,-13.82829],[-73.78473,-13.83001],[-73.76722,-13.83514],[-73.76522,-13.82252],[-73.7578,-13.82347],[-73.74171,-13.81998],[-73.72426,-13.8212],[-73.71465,-13.83456],[-73.69692,-13.8498]]]}},{"type":"Feature","properties":{"ubigeo":"050904","nombre":"Chilcayoc"},"geometry":{"type":"Polygon","coordinates":[[[-73.69385,-13.88599],[-73.6998,-13.89932],[-73.71645,-13.91119],[-73.72358,-13.91262],[-73.72266,-13.92955],[-73.72934,-13.92817],[-73.75019,-13.91728],[-73.74572,-13.90638],[-73.75335,-13.8916],[-73.74247,-13.87592],[-73.72164,-13.87725],[-73.71084,-13.8579],[-73.70421,-13.85647],[-73.69692,-13.8498],[-73.69463,-13.86136],[-73.69283,-13.87648],[-73.69385,-13.88599]]]}},{"type":"Feature","properties":{"ubigeo":"050905","nombre":"Huacaña"},"geometry":{"type":"Polygon","coordinates":[[[-73.884,-14.2826],[-73.89004,-14.26761],[-73.89658,-14.26283],[-73.8928,-14.24831],[-73.89566,-14.23463],[-73.89125,-14.22594],[-73.88185,-14.2219],[-73.87925,-14.2167],[-73.90714,-14.19174],[-73.9425,-14.19884],[-73.95003,-14.18573],[-73.94659,-14.1788],[-73.94047,-14.17609],[-73.94053,-14.16937],[-73.93058,-14.1654],[-73.9163,-14.15528],[-73.91758,-14.14576],[-73.91431,-14.1406],[-73.90539,-14.14497],[-73.89204,-14.14194],[-73.88039,-14.1366],[-73.87351,-14.14592],[-73.86197,-14.15301],[-73.84794,-14.15638],[-73.8415,-14.16116],[-73.83799,-14.17531],[-73.83028,-14.18878],[-73.81688,-14.19812],[-73.80938,-14.21357],[-73.80905,-14.22342],[-73.81579,-14.23081],[-73.80851,-14.25312],[-73.8097,-14.25815],[-73.8034,-14.26857],[-73.79916,-14.28059],[-73.79883,-14.29394],[-73.80653,-14.29636],[-73.81499,-14.29362],[-73.82132,-14.28621],[-73.84466,-14.27656],[-73.85018,-14.28125],[-73.86108,-14.27667],[-73.87193,-14.28826],[-73.87861,-14.28871],[-73.884,-14.2826]]]}},{"type":"Feature","properties":{"ubigeo":"050906","nombre":"Morcolla"},"geometry":{"type":"Polygon","coordinates":[[[-73.77344,-14.32225],[-73.78242,-14.32323],[-73.79006,-14.31638],[-73.79307,-14.3015],[-73.79883,-14.29394],[-73.79916,-14.28059],[-73.8034,-14.26857],[-73.8097,-14.25815],[-73.80851,-14.25312],[-73.81579,-14.23081],[-73.80905,-14.22342],[-73.80938,-14.21357],[-73.81688,-14.19812],[-73.83028,-14.18878],[-73.83799,-14.17531],[-73.8415,-14.16116],[-73.84794,-14.15638],[-73.86197,-14.15301],[-73.87351,-14.14592],[-73.88039,-14.1366],[-73.89204,-14.14194],[-73.90539,-14.14497],[-73.91431,-14.1406],[-73.91758,-14.14576],[-73.9163,-14.15528],[-73.93058,-14.1654],[-73.94053,-14.16937],[-73.94047,-14.17609],[-73.94659,-14.1788],[-73.95003,-14.18573],[-73.95652,-14.17841],[-73.96461,-14.15894],[-73.96601,-14.13704],[-73.97346,-14.1289],[-73.98176,-14.12517],[-73.98905,-14.1105],[-73.98985,-14.10187],[-73.98606,-14.08985],[-73.97924,-14.10519],[-73.97001,-14.11023],[-73.94551,-14.11164],[-73.93604,-14.11596],[-73.92164,-14.11548],[-73.91202,-14.11963],[-73.91009,-14.10995],[-73.9034,-14.10017],[-73.90663,-14.0896],[-73.90047,-14.08019],[-73.88911,-14.053],[-73.89082,-14.0309],[-73.88263,-14.01663],[-73.88275,-14.01189],[-73.87538,-14.01437],[-73.86626,-14.02199],[-73.85786,-14.03747],[-73.85548,-14.04772],[-73.84886,-14.04925],[-73.83883,-14.06353],[-73.8362,-14.07723],[-73.82544,-14.08757],[-73.82291,-14.10158],[-73.81758,-14.10583],[-73.81338,-14.11596],[-73.80553,-14.12311],[-73.78908,-14.12712],[-73.7831,-14.13186],[-73.77624,-14.12827],[-73.7611,-14.13911],[-73.74997,-14.14142],[-73.73697,-14.13953],[-73.72116,-14.14407],[-73.7129,-14.15305],[-73.73043,-14.1715],[-73.73589,-14.20297],[-73.74409,-14.20766],[-73.74733,-14.21787],[-73.74662,-14.22634],[-73.75637,-14.23419],[-73.76147,-14.24999],[-73.77084,-14.25723],[-73.77004,-14.26844],[-73.77254,-14.27435],[-73.77008,-14.28996],[-73.7628,-14.29772],[-73.77164,-14.31134],[-73.77344,-14.32225]]]}},{"type":"Feature","properties":{"ubigeo":"050907","nombre":"Paico"},"geometry":{"type":"Polygon","coordinates":[[[-73.62167,-14.03267],[-73.63553,-14.03433],[-73.6449,-14.04387],[-73.6565,-14.04784],[-73.6584,-14.0519],[-73.67462,-14.06348],[-73.68207,-14.07662],[-73.68968,-14.08002],[-73.69817,-14.07314],[-73.69321,-14.06246],[-73.70087,-14.05414],[-73.69836,-14.03607],[-73.70305,-14.01256],[-73.70023,-13.99287],[-73.70234,-13.99036],[-73.69645,-13.98074],[-73.69421,-13.96941],[-73.66505,-13.95879],[-73.65051,-13.9567],[-73.64816,-13.95111],[-73.64222,-13.96244],[-73.64276,-13.97854],[-73.63112,-13.98711],[-73.62589,-13.99491],[-73.6272,-14.00064],[-73.61968,-14.01669],[-73.61832,-14.02613],[-73.62167,-14.03267]]]}},{"type":"Feature","properties":{"ubigeo":"050908","nombre":"San Pedro de Larcay"},"geometry":{"type":"Polygon","coordinates":[[[-73.58175,-14.41613],[-73.58609,-14.40707],[-73.59577,-14.40646],[-73.60979,-14.39791],[-73.60922,-14.39127],[-73.60371,-14.3838],[-73.61321,-14.37916],[-73.61502,-14.37029],[-73.6245,-14.37532],[-73.65525,-14.37304],[-73.6541,-14.36162],[-73.66509,-14.35073],[-73.65413,-14.33681],[-73.64263,-14.33232],[-73.63804,-14.3202],[-73.63166,-14.31634],[-73.62634,-14.30779],[-73.61411,-14.30042],[-73.61375,-14.28723],[-73.61658,-14.28109],[-73.62491,-14.29323],[-73.64161,-14.30189],[-73.65764,-14.28512],[-73.67671,-14.28868],[-73.67315,-14.27719],[-73.68015,-14.26708],[-73.68222,-14.25944],[-73.68057,-14.24592],[-73.67165,-14.22801],[-73.66107,-14.22254],[-73.64116,-14.22653],[-73.62568,-14.22546],[-73.60963,-14.23084],[-73.60188,-14.21841],[-73.60446,-14.21156],[-73.61326,-14.2049],[-73.61897,-14.19312],[-73.62789,-14.18705],[-73.63075,-14.18039],[-73.62801,-14.17571],[-73.60532,-14.17025],[-73.60205,-14.15279],[-73.59131,-14.14604],[-73.57794,-14.14473],[-73.56931,-14.15506],[-73.56485,-14.16771],[-73.55772,-14.17618],[-73.55313,-14.19211],[-73.5452,-14.19698],[-73.54406,-14.20866],[-73.52862,-14.22112],[-73.52884,-14.22775],[-73.52336,-14.22833],[-73.51883,-14.2469],[-73.52117,-14.25031],[-73.51814,-14.26322],[-73.51225,-14.26816],[-73.51719,-14.30936],[-73.52801,-14.32256],[-73.53384,-14.35429],[-73.54218,-14.36549],[-73.54699,-14.36654],[-73.55351,-14.37751],[-73.55515,-14.38893],[-73.55386,-14.40122],[-73.55964,-14.40991],[-73.57302,-14.4159],[-73.58175,-14.41613]]]}},{"type":"Feature","properties":{"ubigeo":"050909","nombre":"San Salvador de Quije"},"geometry":{"type":"Polygon","coordinates":[[[-73.64816,-13.95111],[-73.65051,-13.9567],[-73.66505,-13.95879],[-73.69421,-13.96941],[-73.69645,-13.98074],[-73.70234,-13.99036],[-73.70023,-13.99287],[-73.70305,-14.01256],[-73.69836,-14.03607],[-73.70087,-14.05414],[-73.69321,-14.06246],[-73.69817,-14.07314],[-73.68968,-14.08002],[-73.69751,-14.08328],[-73.70375,-14.09669],[-73.7165,-14.09349],[-73.7145,-14.0889],[-73.71987,-14.08076],[-73.73567,-14.07275],[-73.73691,-14.06521],[-73.745,-14.04663],[-73.73963,-14.03557],[-73.74723,-14.03571],[-73.76087,-14.03063],[-73.77042,-14.0221],[-73.7646,-14.01775],[-73.76144,-14.00782],[-73.76062,-13.99481],[-73.76671,-13.98639],[-73.76568,-13.9775],[-73.77325,-13.96339],[-73.75365,-13.94378],[-73.74958,-13.9261],[-73.75019,-13.91728],[-73.72934,-13.92817],[-73.72266,-13.92955],[-73.72358,-13.91262],[-73.71645,-13.91119],[-73.6998,-13.89932],[-73.69385,-13.88599],[-73.68909,-13.89076],[-73.68547,-13.9051],[-73.67915,-13.91632],[-73.66303,-13.92371],[-73.65647,-13.92995],[-73.6546,-13.93905],[-73.64816,-13.95111]]]}},{"type":"Feature","properties":{"ubigeo":"050910","nombre":"Santiago de Paucaray"},"geometry":{"type":"Polygon","coordinates":[[[-73.61439,-14.07652],[-73.62557,-14.08103],[-73.62425,-14.08797],[-73.62988,-14.09707],[-73.62812,-14.12249],[-73.63386,-14.128],[-73.64605,-14.1314],[-73.65674,-14.13709],[-73.66424,-14.1344],[-73.68053,-14.1183],[-73.68414,-14.10785],[-73.70375,-14.09669],[-73.69751,-14.08328],[-73.68968,-14.08002],[-73.68207,-14.07662],[-73.67462,-14.06348],[-73.6584,-14.0519],[-73.6565,-14.04784],[-73.6449,-14.04387],[-73.63553,-14.03433],[-73.62167,-14.03267],[-73.62049,-14.04144],[-73.62578,-14.04902],[-73.6184,-14.05896],[-73.61558,-14.06943],[-73.61439,-14.07652]]]}},{"type":"Feature","properties":{"ubigeo":"050911","nombre":"Soras"},"geometry":{"type":"Polygon","coordinates":[[[-73.57794,-14.14473],[-73.59131,-14.14604],[-73.60205,-14.15279],[-73.60532,-14.17025],[-73.62801,-14.17571],[-73.63075,-14.18039],[-73.62789,-14.18705],[-73.61897,-14.19312],[-73.61326,-14.2049],[-73.60446,-14.21156],[-73.60188,-14.21841],[-73.60963,-14.23084],[-73.62568,-14.22546],[-73.64116,-14.22653],[-73.66107,-14.22254],[-73.67165,-14.22801],[-73.68057,-14.24592],[-73.68222,-14.25944],[-73.68015,-14.26708],[-73.67315,-14.27719],[-73.67671,-14.28868],[-73.65764,-14.28512],[-73.64161,-14.30189],[-73.62491,-14.29323],[-73.61658,-14.28109],[-73.61375,-14.28723],[-73.61411,-14.30042],[-73.62634,-14.30779],[-73.63166,-14.31634],[-73.63804,-14.3202],[-73.64263,-14.33232],[-73.65413,-14.33681],[-73.66509,-14.35073],[-73.67688,-14.34632],[-73.68505,-14.33765],[-73.69042,-14.32635],[-73.7067,-14.32416],[-73.71929,-14.33127],[-73.72315,-14.33005],[-73.73826,-14.33816],[-73.75517,-14.3321],[-73.76249,-14.3317],[-73.77344,-14.32225],[-73.77164,-14.31134],[-73.7628,-14.29772],[-73.77008,-14.28996],[-73.77254,-14.27435],[-73.77004,-14.26844],[-73.77084,-14.25723],[-73.76147,-14.24999],[-73.75637,-14.23419],[-73.74662,-14.22634],[-73.74733,-14.21787],[-73.74409,-14.20766],[-73.73589,-14.20297],[-73.73043,-14.1715],[-73.7129,-14.15305],[-73.72116,-14.14407],[-73.73697,-14.13953],[-73.74997,-14.14142],[-73.7611,-14.13911],[-73.77624,-14.12827],[-73.7831,-14.13186],[-73.78908,-14.12712],[-73.80553,-14.12311],[-73.81338,-14.11596],[-73.81758,-14.10583],[-73.82291,-14.10158],[-73.79614,-14.10089],[-73.79772,-14.10944],[-73.78782,-14.11559],[-73.7754,-14.11506],[-73.76865,-14.10707],[-73.75945,-14.10338],[-73.75108,-14.10345],[-73.73832,-14.09178],[-73.72609,-14.08905],[-73.7165,-14.09349],[-73.70375,-14.09669],[-73.68414,-14.10785],[-73.68053,-14.1183],[-73.66424,-14.1344],[-73.65674,-14.13709],[-73.64605,-14.1314],[-73.63386,-14.128],[-73.62812,-14.12249],[-73.62988,-14.09707],[-73.62425,-14.08797],[-73.62557,-14.08103],[-73.61439,-14.07652],[-73.60884,-14.09232],[-73.60373,-14.09341],[-73.59178,-14.10956],[-73.58662,-14.11034],[-73.58268,-14.11985],[-73.58194,-14.13059],[-73.57794,-14.14473]]]}},{"type":"Feature","properties":{"ubigeo":"051001","nombre":"Huancapi"},"geometry":{"type":"Polygon","coordinates":[[[-74.03857,-13.75447],[-74.0324,-13.76354],[-74.03409,-13.7766],[-74.03163,-13.78746],[-74.02537,-13.79888],[-74.0164,-13.80792],[-74.01303,-13.81878],[-74.006,-13.82372],[-74.0004,-13.81957],[-73.99357,-13.82312],[-73.99647,-13.84588],[-74.0137,-13.85904],[-74.03261,-13.8528],[-74.03749,-13.84705],[-74.04192,-13.84838],[-74.04746,-13.85992],[-74.0647,-13.86078],[-74.07527,-13.8722],[-74.06968,-13.88719],[-74.07583,-13.88797],[-74.09103,-13.89533],[-74.10261,-13.90602],[-74.11026,-13.90817],[-74.11214,-13.89845],[-74.12026,-13.89232],[-74.12433,-13.89333],[-74.14246,-13.88546],[-74.14564,-13.87652],[-74.15369,-13.87446],[-74.15836,-13.86798],[-74.15976,-13.84137],[-74.16564,-13.8349],[-74.17436,-13.83097],[-74.17729,-13.82532],[-74.18592,-13.81977],[-74.18902,-13.81386],[-74.17925,-13.8052],[-74.17884,-13.78502],[-74.17406,-13.78402],[-74.16526,-13.79244],[-74.15087,-13.81401],[-74.14394,-13.81755],[-74.12991,-13.81357],[-74.12698,-13.8064],[-74.11999,-13.80758],[-74.11816,-13.79044],[-74.12442,-13.77677],[-74.126,-13.7603],[-74.12237,-13.74137],[-74.11399,-13.7405],[-74.10531,-13.74579],[-74.09827,-13.73944],[-74.10095,-13.7231],[-74.0967,-13.71203],[-74.10464,-13.69976],[-74.12328,-13.68942],[-74.12787,-13.68018],[-74.13289,-13.67872],[-74.13297,-13.66449],[-74.12577,-13.65999],[-74.11732,-13.64957],[-74.09768,-13.66212],[-74.10041,-13.66645],[-74.1043,-13.66837],[-74.10406,-13.6796],[-74.09771,-13.68758],[-74.09915,-13.69638],[-74.07965,-13.70447],[-74.07466,-13.71204],[-74.06478,-13.71692],[-74.06382,-13.72203],[-74.05383,-13.72936],[-74.04611,-13.73985],[-74.0455,-13.74779],[-74.03857,-13.75447]]]}},{"type":"Feature","properties":{"ubigeo":"051002","nombre":"Alcamenca"},"geometry":{"type":"Polygon","coordinates":[[[-74.11732,-13.64957],[-74.12577,-13.65999],[-74.13297,-13.66449],[-74.13289,-13.67872],[-74.15027,-13.68076],[-74.16594,-13.68653],[-74.17251,-13.69798],[-74.18093,-13.70398],[-74.19198,-13.69965],[-74.20898,-13.70777],[-74.2122,-13.71343],[-74.22301,-13.71512],[-74.23587,-13.70539],[-74.24404,-13.70848],[-74.24852,-13.69853],[-74.26257,-13.69107],[-74.26627,-13.69567],[-74.27451,-13.69144],[-74.28293,-13.66364],[-74.28285,-13.65331],[-74.28686,-13.64961],[-74.28909,-13.63392],[-74.27857,-13.63354],[-74.25973,-13.63268],[-74.25568,-13.62963],[-74.24368,-13.62845],[-74.2364,-13.6316],[-74.22264,-13.62839],[-74.206,-13.6326],[-74.1964,-13.63858],[-74.18226,-13.63991],[-74.16792,-13.636],[-74.15442,-13.63976],[-74.1474,-13.63352],[-74.13948,-13.63294],[-74.12857,-13.63844],[-74.11732,-13.64957]]]}},{"type":"Feature","properties":{"ubigeo":"051003","nombre":"Apongo"},"geometry":{"type":"Polygon","coordinates":[[[-73.88275,-14.01189],[-73.88263,-14.01663],[-73.89082,-14.0309],[-73.90131,-14.02821],[-73.91493,-14.03142],[-73.92435,-14.03783],[-73.93082,-14.03768],[-73.93868,-14.05029],[-73.95642,-14.05986],[-73.96873,-14.05503],[-73.97624,-14.06178],[-73.98566,-14.05822],[-73.99602,-14.06378],[-73.9931,-14.0695],[-73.99851,-14.07132],[-73.99705,-14.07743],[-73.98606,-14.08985],[-73.98985,-14.10187],[-73.98905,-14.1105],[-73.98176,-14.12517],[-73.97346,-14.1289],[-73.96601,-14.13704],[-73.96461,-14.15894],[-73.95652,-14.17841],[-73.95003,-14.18573],[-73.95042,-14.18644],[-73.96191,-14.18341],[-73.96369,-14.17822],[-73.98304,-14.16998],[-73.99113,-14.16016],[-73.99916,-14.15919],[-74.00407,-14.1479],[-74.01312,-14.1395],[-74.01404,-14.13452],[-74.02552,-14.12798],[-74.02963,-14.11238],[-74.03917,-14.0985],[-74.05341,-14.10463],[-74.05971,-14.11224],[-74.07057,-14.11662],[-74.08123,-14.11268],[-74.08283,-14.09715],[-74.08757,-14.09538],[-74.08546,-14.08881],[-74.07393,-14.0755],[-74.07142,-14.05769],[-74.07185,-14.0465],[-74.06317,-14.03977],[-74.07037,-14.02667],[-74.06872,-14.02128],[-74.08066,-14.00881],[-74.08298,-13.9935],[-74.06733,-13.99298],[-74.04978,-13.98265],[-74.03812,-13.98771],[-74.02826,-14.01285],[-74.01687,-14.01926],[-74.00984,-14.03061],[-73.99879,-14.03349],[-73.98975,-14.02884],[-73.98022,-14.02752],[-73.96025,-14.01503],[-73.9538,-14.01536],[-73.93303,-14.00937],[-73.91838,-14.00996],[-73.89755,-13.99902],[-73.88539,-13.99644],[-73.88275,-14.01189]]]}},{"type":"Feature","properties":{"ubigeo":"051004","nombre":"Asquipata"},"geometry":{"type":"Polygon","coordinates":[[[-73.98606,-14.08985],[-73.99705,-14.07743],[-73.99851,-14.07132],[-73.9931,-14.0695],[-73.99602,-14.06378],[-73.98566,-14.05822],[-73.97624,-14.06178],[-73.96873,-14.05503],[-73.95642,-14.05986],[-73.93868,-14.05029],[-73.93082,-14.03768],[-73.92435,-14.03783],[-73.91493,-14.03142],[-73.90131,-14.02821],[-73.89082,-14.0309],[-73.88911,-14.053],[-73.90047,-14.08019],[-73.90663,-14.0896],[-73.9034,-14.10017],[-73.91009,-14.10995],[-73.91202,-14.11963],[-73.92164,-14.11548],[-73.93604,-14.11596],[-73.94551,-14.11164],[-73.97001,-14.11023],[-73.97924,-14.10519],[-73.98606,-14.08985]]]}},{"type":"Feature","properties":{"ubigeo":"051005","nombre":"Canaria"},"geometry":{"type":"Polygon","coordinates":[[[-73.86305,-13.93768],[-73.87739,-13.95254],[-73.88801,-13.95357],[-73.8907,-13.96006],[-73.88914,-13.97266],[-73.88365,-13.97465],[-73.88119,-13.98258],[-73.88539,-13.99644],[-73.89755,-13.99902],[-73.91838,-14.00996],[-73.93303,-14.00937],[-73.9538,-14.01536],[-73.96025,-14.01503],[-73.98022,-14.02752],[-73.98975,-14.02884],[-73.99879,-14.03349],[-74.00984,-14.03061],[-74.01687,-14.01926],[-74.02826,-14.01285],[-74.03812,-13.98771],[-74.04978,-13.98265],[-74.06733,-13.99298],[-74.08298,-13.9935],[-74.08066,-14.00881],[-74.06872,-14.02128],[-74.07037,-14.02667],[-74.08157,-14.01966],[-74.0907,-14.0192],[-74.10001,-14.02839],[-74.11604,-14.02887],[-74.10704,-14.02268],[-74.09929,-14.00874],[-74.10242,-13.99133],[-74.11894,-13.98933],[-74.11498,-13.97934],[-74.10331,-13.96106],[-74.10098,-13.95254],[-74.10397,-13.93843],[-74.10934,-13.92639],[-74.10662,-13.91446],[-74.11026,-13.90817],[-74.10261,-13.90602],[-74.09103,-13.89533],[-74.07583,-13.88797],[-74.06968,-13.88719],[-74.06622,-13.90048],[-74.05861,-13.90406],[-74.04774,-13.9039],[-74.04628,-13.91875],[-74.03714,-13.93669],[-74.02616,-13.92928],[-74.0151,-13.9283],[-73.9979,-13.9311],[-73.99547,-13.92818],[-74.00078,-13.91675],[-73.98578,-13.91962],[-73.97836,-13.92362],[-73.97553,-13.91972],[-73.96401,-13.91582],[-73.95755,-13.91993],[-73.9423,-13.91508],[-73.93461,-13.91004],[-73.92141,-13.91288],[-73.90454,-13.90255],[-73.89041,-13.89769],[-73.88643,-13.89924],[-73.88508,-13.9165],[-73.87523,-13.91828],[-73.87452,-13.92344],[-73.86608,-13.92812],[-73.86902,-13.93844],[-73.86305,-13.93768]]]}},{"type":"Feature","properties":{"ubigeo":"051006","nombre":"Cayara"},"geometry":{"type":"Polygon","coordinates":[[[-73.99357,-13.82312],[-74.0004,-13.81957],[-74.006,-13.82372],[-74.01303,-13.81878],[-74.0164,-13.80792],[-74.02537,-13.79888],[-74.03163,-13.78746],[-74.03409,-13.7766],[-74.0324,-13.76354],[-74.03857,-13.75447],[-74.03248,-13.74865],[-74.02519,-13.75118],[-74.01365,-13.74841],[-74.01013,-13.75835],[-73.99913,-13.76484],[-73.98493,-13.75765],[-73.98021,-13.74754],[-73.97183,-13.75602],[-73.96531,-13.77417],[-73.95998,-13.77832],[-73.95824,-13.78836],[-73.95159,-13.79068],[-73.94632,-13.7992],[-73.93709,-13.8005],[-73.94222,-13.8158],[-73.94967,-13.82282],[-73.95377,-13.83598],[-73.95884,-13.84006],[-73.97126,-13.83797],[-73.99357,-13.82312]]]}},{"type":"Feature","properties":{"ubigeo":"051007","nombre":"Colca"},"geometry":{"type":"Polygon","coordinates":[[[-74.01156,-13.69316],[-73.99927,-13.70446],[-73.99691,-13.71576],[-73.99938,-13.72294],[-73.99117,-13.73275],[-73.98876,-13.74075],[-73.98021,-13.74754],[-73.98493,-13.75765],[-73.99913,-13.76484],[-74.01013,-13.75835],[-74.01365,-13.74841],[-74.02519,-13.75118],[-74.03248,-13.74865],[-74.03857,-13.75447],[-74.0455,-13.74779],[-74.04611,-13.73985],[-74.05383,-13.72936],[-74.06382,-13.72203],[-74.06478,-13.71692],[-74.07466,-13.71204],[-74.07965,-13.70447],[-74.09915,-13.69638],[-74.09771,-13.68758],[-74.10406,-13.6796],[-74.1043,-13.66837],[-74.10041,-13.66645],[-74.09323,-13.67293],[-74.08248,-13.6745],[-74.07603,-13.67884],[-74.05007,-13.68265],[-74.03591,-13.68849],[-74.02391,-13.68844],[-74.01156,-13.69316]]]}},{"type":"Feature","properties":{"ubigeo":"051008","nombre":"Huamanquiquia"},"geometry":{"type":"Polygon","coordinates":[[[-74.25406,-13.75899],[-74.26306,-13.76132],[-74.27321,-13.75613],[-74.2781,-13.75835],[-74.29805,-13.75602],[-74.30668,-13.75213],[-74.31556,-13.73364],[-74.30842,-13.72929],[-74.31505,-13.71746],[-74.31328,-13.70636],[-74.30869,-13.69927],[-74.31114,-13.6854],[-74.3008,-13.67236],[-74.2965,-13.66335],[-74.2983,-13.64061],[-74.28909,-13.63392],[-74.28686,-13.64961],[-74.28285,-13.65331],[-74.28293,-13.66364],[-74.27451,-13.69144],[-74.26627,-13.69567],[-74.26257,-13.69107],[-74.24852,-13.69853],[-74.24404,-13.70848],[-74.23587,-13.70539],[-74.22301,-13.71512],[-74.22941,-13.72927],[-74.23448,-13.7348],[-74.22834,-13.74602],[-74.23418,-13.75152],[-74.25406,-13.75899]]]}},{"type":"Feature","properties":{"ubigeo":"051009","nombre":"Huancaraylla"},"geometry":{"type":"Polygon","coordinates":[[[-74.22737,-13.80616],[-74.22576,-13.79982],[-74.23148,-13.78783],[-74.24091,-13.78345],[-74.25406,-13.75899],[-74.23418,-13.75152],[-74.22834,-13.74602],[-74.23448,-13.7348],[-74.22941,-13.72927],[-74.22301,-13.71512],[-74.2122,-13.71343],[-74.20898,-13.70777],[-74.19198,-13.69965],[-74.18093,-13.70398],[-74.17251,-13.69798],[-74.16594,-13.68653],[-74.15027,-13.68076],[-74.13289,-13.67872],[-74.12787,-13.68018],[-74.12328,-13.68942],[-74.10464,-13.69976],[-74.0967,-13.71203],[-74.10095,-13.7231],[-74.09827,-13.73944],[-74.10531,-13.74579],[-74.11399,-13.7405],[-74.12237,-13.74137],[-74.126,-13.7603],[-74.12442,-13.77677],[-74.11816,-13.79044],[-74.11999,-13.80758],[-74.12698,-13.8064],[-74.12991,-13.81357],[-74.14394,-13.81755],[-74.15087,-13.81401],[-74.16526,-13.79244],[-74.17406,-13.78402],[-74.17884,-13.78502],[-74.17925,-13.8052],[-74.18902,-13.81386],[-74.20456,-13.81299],[-74.21641,-13.80451],[-74.22737,-13.80616]]]}},{"type":"Feature","properties":{"ubigeo":"051010","nombre":"Hualla"},"geometry":{"type":"Polygon","coordinates":[[[-73.89041,-13.89769],[-73.90454,-13.90255],[-73.92141,-13.91288],[-73.93461,-13.91004],[-73.9423,-13.91508],[-73.95755,-13.91993],[-73.96401,-13.91582],[-73.97553,-13.91972],[-73.97836,-13.92362],[-73.98578,-13.91962],[-74.00078,-13.91675],[-73.99547,-13.92818],[-73.9979,-13.9311],[-74.0151,-13.9283],[-74.02616,-13.92928],[-74.03714,-13.93669],[-74.04628,-13.91875],[-74.04774,-13.9039],[-74.05861,-13.90406],[-74.06622,-13.90048],[-74.06968,-13.88719],[-74.07527,-13.8722],[-74.0647,-13.86078],[-74.04746,-13.85992],[-74.04192,-13.84838],[-74.03749,-13.84705],[-74.03261,-13.8528],[-74.0137,-13.85904],[-73.99647,-13.84588],[-73.99357,-13.82312],[-73.97126,-13.83797],[-73.95884,-13.84006],[-73.95377,-13.83598],[-73.94967,-13.82282],[-73.94222,-13.8158],[-73.93709,-13.8005],[-73.92602,-13.81862],[-73.91838,-13.82239],[-73.91119,-13.83217],[-73.91094,-13.84539],[-73.90706,-13.84882],[-73.90806,-13.8628],[-73.9014,-13.8682],[-73.90292,-13.87673],[-73.89774,-13.87975],[-73.89041,-13.89769]]]}},{"type":"Feature","properties":{"ubigeo":"051011","nombre":"Sarhua"},"geometry":{"type":"Polygon","coordinates":[[[-74.31556,-13.73364],[-74.31845,-13.74658],[-74.32491,-13.75134],[-74.32268,-13.76284],[-74.33138,-13.7637],[-74.34042,-13.75831],[-74.3503,-13.74503],[-74.36452,-13.73652],[-74.37129,-13.73691],[-74.37152,-13.74454],[-74.36249,-13.7594],[-74.39244,-13.7804],[-74.41764,-13.78818],[-74.42587,-13.79756],[-74.44081,-13.78972],[-74.45385,-13.77598],[-74.46604,-13.77276],[-74.47846,-13.76109],[-74.4912,-13.7588],[-74.49259,-13.74703],[-74.49713,-13.7412],[-74.50649,-13.73773],[-74.51711,-13.73731],[-74.52406,-13.73225],[-74.52608,-13.71534],[-74.53505,-13.70905],[-74.54007,-13.69017],[-74.52894,-13.67949],[-74.51871,-13.6782],[-74.5126,-13.67105],[-74.50175,-13.66758],[-74.48858,-13.65385],[-74.4807,-13.64979],[-74.46806,-13.64896],[-74.46314,-13.64411],[-74.46578,-13.62803],[-74.45633,-13.61445],[-74.45762,-13.60714],[-74.44317,-13.5965],[-74.43507,-13.58782],[-74.42584,-13.59369],[-74.41602,-13.59596],[-74.40122,-13.5927],[-74.36839,-13.6028],[-74.35314,-13.61118],[-74.3192,-13.62653],[-74.31173,-13.62574],[-74.30133,-13.63272],[-74.28909,-13.63392],[-74.2983,-13.64061],[-74.2965,-13.66335],[-74.3008,-13.67236],[-74.31114,-13.6854],[-74.30869,-13.69927],[-74.31328,-13.70636],[-74.31505,-13.71746],[-74.30842,-13.72929],[-74.31556,-13.73364]]]}},{"type":"Feature","properties":{"ubigeo":"051012","nombre":"Vilcanchos"},"geometry":{"type":"Polygon","coordinates":[[[-74.43507,-13.58782],[-74.44317,-13.5965],[-74.45762,-13.60714],[-74.45633,-13.61445],[-74.46578,-13.62803],[-74.46314,-13.64411],[-74.46806,-13.64896],[-74.4807,-13.64979],[-74.48858,-13.65385],[-74.50175,-13.66758],[-74.5126,-13.67105],[-74.51871,-13.6782],[-74.52894,-13.67949],[-74.54007,-13.69017],[-74.53505,-13.70905],[-74.54737,-13.71823],[-74.56047,-13.71916],[-74.57192,-13.71551],[-74.58346,-13.70667],[-74.58923,-13.69852],[-74.60452,-13.69535],[-74.62023,-13.69643],[-74.61668,-13.71026],[-74.62413,-13.72227],[-74.63353,-13.73214],[-74.63546,-13.74024],[-74.64885,-13.74414],[-74.67338,-13.74746],[-74.68455,-13.74314],[-74.70195,-13.74655],[-74.70728,-13.74526],[-74.7406,-13.75965],[-74.75648,-13.76323],[-74.76653,-13.77223],[-74.75954,-13.75772],[-74.76119,-13.74883],[-74.75389,-13.73698],[-74.76344,-13.72327],[-74.77249,-13.71877],[-74.77539,-13.71054],[-74.77249,-13.69151],[-74.77397,-13.67163],[-74.77802,-13.66365],[-74.78115,-13.64818],[-74.77485,-13.63875],[-74.77742,-13.62449],[-74.7715,-13.61364],[-74.77139,-13.6065],[-74.77696,-13.58867],[-74.78242,-13.57851],[-74.76665,-13.58019],[-74.75767,-13.58812],[-74.75121,-13.5887],[-74.73908,-13.58028],[-74.7353,-13.58394],[-74.72016,-13.58101],[-74.70949,-13.58516],[-74.70165,-13.58162],[-74.68789,-13.58025],[-74.68226,-13.57299],[-74.67682,-13.57464],[-74.66299,-13.56038],[-74.6576,-13.56358],[-74.65516,-13.55664],[-74.64822,-13.55964],[-74.63937,-13.55544],[-74.62717,-13.55675],[-74.61095,-13.57148],[-74.59913,-13.57796],[-74.57668,-13.58517],[-74.57092,-13.58507],[-74.55188,-13.59728],[-74.53519,-13.60436],[-74.53457,-13.60788],[-74.52047,-13.6155],[-74.51398,-13.6105],[-74.51764,-13.60301],[-74.50057,-13.59773],[-74.49124,-13.59802],[-74.47908,-13.5924],[-74.47029,-13.59326],[-74.4564,-13.58663],[-74.44375,-13.58553],[-74.43507,-13.58782]]]}},{"type":"Feature","properties":{"ubigeo":"051101","nombre":"Vilcas Huaman"},"geometry":{"type":"Polygon","coordinates":[[[-73.82801,-13.67944],[-73.84803,-13.69113],[-73.86182,-13.68338],[-73.87293,-13.68477],[-73.87603,-13.69105],[-73.87717,-13.70411],[-73.88278,-13.70707],[-73.88956,-13.71695],[-73.90591,-13.71535],[-73.91789,-13.72134],[-73.93483,-13.715],[-73.95429,-13.71227],[-73.98179,-13.70452],[-73.99243,-13.70637],[-73.99927,-13.70446],[-74.01156,-13.69316],[-74.00394,-13.68036],[-73.99362,-13.66994],[-73.99075,-13.65748],[-73.98186,-13.65286],[-73.97816,-13.64608],[-73.98078,-13.62212],[-73.9621,-13.61322],[-73.95412,-13.6143],[-73.94297,-13.60558],[-73.9291,-13.59867],[-73.92795,-13.5949],[-73.91624,-13.59445],[-73.91104,-13.60767],[-73.9025,-13.60557],[-73.89379,-13.61016],[-73.88949,-13.60008],[-73.88232,-13.60772],[-73.88503,-13.62322],[-73.87303,-13.62444],[-73.87077,-13.61902],[-73.85512,-13.62034],[-73.84449,-13.61604],[-73.84049,-13.60587],[-73.82858,-13.60421],[-73.81782,-13.59395],[-73.811,-13.57752],[-73.80552,-13.5747],[-73.7958,-13.60432],[-73.80578,-13.61266],[-73.79899,-13.62278],[-73.79192,-13.64096],[-73.78272,-13.6408],[-73.75665,-13.65074],[-73.78822,-13.66106],[-73.79756,-13.67187],[-73.81628,-13.67234],[-73.82801,-13.67944]]]}},{"type":"Feature","properties":{"ubigeo":"051102","nombre":"Accomarca"},"geometry":{"type":"Polygon","coordinates":[[[-73.79784,-13.82829],[-73.80289,-13.83366],[-73.80081,-13.83776],[-73.80345,-13.85045],[-73.82439,-13.84218],[-73.84581,-13.83911],[-73.85974,-13.83101],[-73.88691,-13.83414],[-73.89263,-13.83081],[-73.91119,-13.83217],[-73.91838,-13.82239],[-73.92602,-13.81862],[-73.93709,-13.8005],[-73.92307,-13.78624],[-73.91327,-13.76865],[-73.88948,-13.76374],[-73.88074,-13.76486],[-73.86777,-13.77652],[-73.84782,-13.77596],[-73.83215,-13.78289],[-73.82165,-13.79834],[-73.80195,-13.80149],[-73.80431,-13.81795],[-73.79784,-13.82829]]]}},{"type":"Feature","properties":{"ubigeo":"051103","nombre":"Carhuanca"},"geometry":{"type":"Polygon","coordinates":[[[-73.74789,-13.76337],[-73.75721,-13.77026],[-73.766,-13.77049],[-73.78705,-13.76742],[-73.80146,-13.76707],[-73.80755,-13.76198],[-73.81962,-13.75864],[-73.82356,-13.75335],[-73.82571,-13.73714],[-73.81657,-13.71179],[-73.81242,-13.70544],[-73.7995,-13.70583],[-73.78338,-13.70217],[-73.77777,-13.71306],[-73.75991,-13.72361],[-73.7509,-13.72233],[-73.73112,-13.74354],[-73.72566,-13.75556],[-73.7344,-13.7541],[-73.74789,-13.76337]]]}},{"type":"Feature","properties":{"ubigeo":"051104","nombre":"Concepción"},"geometry":{"type":"Polygon","coordinates":[[[-73.81717,-13.50532],[-73.81101,-13.52127],[-73.80976,-13.53847],[-73.80367,-13.55788],[-73.8071,-13.56243],[-73.80552,-13.5747],[-73.811,-13.57752],[-73.81782,-13.59395],[-73.82858,-13.60421],[-73.84049,-13.60587],[-73.84449,-13.61604],[-73.85512,-13.62034],[-73.87077,-13.61902],[-73.87303,-13.62444],[-73.88503,-13.62322],[-73.88232,-13.60772],[-73.88949,-13.60008],[-73.89379,-13.61016],[-73.9025,-13.60557],[-73.91104,-13.60767],[-73.91624,-13.59445],[-73.92795,-13.5949],[-73.93464,-13.58142],[-73.94371,-13.56992],[-73.94595,-13.56011],[-73.94384,-13.55524],[-73.95305,-13.54228],[-73.95318,-13.53487],[-73.96935,-13.53098],[-73.97306,-13.52648],[-73.98908,-13.51811],[-73.98153,-13.51316],[-73.97753,-13.49518],[-73.96597,-13.5003],[-73.95215,-13.50095],[-73.93577,-13.49682],[-73.93019,-13.49938],[-73.92175,-13.49728],[-73.90117,-13.4825],[-73.89656,-13.48609],[-73.88796,-13.48398],[-73.88369,-13.47604],[-73.86503,-13.46523],[-73.85322,-13.46862],[-73.8348,-13.47018],[-73.82312,-13.48434],[-73.81999,-13.50292],[-73.81717,-13.50532]]]}},{"type":"Feature","properties":{"ubigeo":"051105","nombre":"Huambalpa"},"geometry":{"type":"Polygon","coordinates":[[[-73.75721,-13.77026],[-73.76157,-13.78076],[-73.76963,-13.77831],[-73.77175,-13.78555],[-73.78353,-13.78632],[-73.79256,-13.79246],[-73.80332,-13.79614],[-73.80195,-13.80149],[-73.82165,-13.79834],[-73.83215,-13.78289],[-73.84782,-13.77596],[-73.86777,-13.77652],[-73.88074,-13.76486],[-73.88948,-13.76374],[-73.91327,-13.76865],[-73.92307,-13.78624],[-73.93709,-13.8005],[-73.94632,-13.7992],[-73.95159,-13.79068],[-73.95824,-13.78836],[-73.95998,-13.77832],[-73.96531,-13.77417],[-73.97183,-13.75602],[-73.98021,-13.74754],[-73.98876,-13.74075],[-73.99117,-13.73275],[-73.99938,-13.72294],[-73.99691,-13.71576],[-73.99927,-13.70446],[-73.99243,-13.70637],[-73.98179,-13.70452],[-73.95429,-13.71227],[-73.93483,-13.715],[-73.91789,-13.72134],[-73.90591,-13.71535],[-73.88956,-13.71695],[-73.88278,-13.70707],[-73.87717,-13.70411],[-73.87603,-13.69105],[-73.87293,-13.68477],[-73.86182,-13.68338],[-73.84803,-13.69113],[-73.82801,-13.67944],[-73.8285,-13.69973],[-73.81657,-13.71179],[-73.82571,-13.73714],[-73.82356,-13.75335],[-73.81962,-13.75864],[-73.80755,-13.76198],[-73.80146,-13.76707],[-73.78705,-13.76742],[-73.766,-13.77049],[-73.75721,-13.77026]]]}},{"type":"Feature","properties":{"ubigeo":"051106","nombre":"Independencia"},"geometry":{"type":"Polygon","coordinates":[[[-73.80452,-13.86448],[-73.80941,-13.87055],[-73.81041,-13.87887],[-73.8174,-13.88446],[-73.81803,-13.89645],[-73.82276,-13.90153],[-73.82605,-13.91454],[-73.83437,-13.9219],[-73.84369,-13.92244],[-73.85814,-13.93048],[-73.86305,-13.93768],[-73.86902,-13.93844],[-73.86608,-13.92812],[-73.87452,-13.92344],[-73.87523,-13.91828],[-73.88508,-13.9165],[-73.88643,-13.89924],[-73.89041,-13.89769],[-73.89774,-13.87975],[-73.90292,-13.87673],[-73.9014,-13.8682],[-73.90806,-13.8628],[-73.90706,-13.84882],[-73.91094,-13.84539],[-73.91119,-13.83217],[-73.89263,-13.83081],[-73.88691,-13.83414],[-73.85974,-13.83101],[-73.84581,-13.83911],[-73.82439,-13.84218],[-73.80345,-13.85045],[-73.80638,-13.85596],[-73.80452,-13.86448]]]}},{"type":"Feature","properties":{"ubigeo":"051107","nombre":"Saurama"},"geometry":{"type":"Polygon","coordinates":[[[-73.67371,-13.73074],[-73.66954,-13.73823],[-73.6875,-13.73994],[-73.68595,-13.74561],[-73.69292,-13.74942],[-73.70916,-13.75191],[-73.7164,-13.75039],[-73.72566,-13.75556],[-73.73112,-13.74354],[-73.7509,-13.72233],[-73.75991,-13.72361],[-73.77777,-13.71306],[-73.78338,-13.70217],[-73.7995,-13.70583],[-73.81242,-13.70544],[-73.81657,-13.71179],[-73.8285,-13.69973],[-73.82801,-13.67944],[-73.81628,-13.67234],[-73.79756,-13.67187],[-73.78822,-13.66106],[-73.75665,-13.65074],[-73.75065,-13.65628],[-73.74362,-13.65556],[-73.73237,-13.66767],[-73.72776,-13.66908],[-73.73012,-13.67677],[-73.72713,-13.68432],[-73.72306,-13.68189],[-73.71349,-13.69116],[-73.71561,-13.69995],[-73.71198,-13.70735],[-73.70193,-13.70528],[-73.68982,-13.71923],[-73.6794,-13.72453],[-73.67371,-13.73074]]]}},{"type":"Feature","properties":{"ubigeo":"051108","nombre":"Vischongo"},"geometry":{"type":"Polygon","coordinates":[[[-73.97753,-13.49518],[-73.98153,-13.51316],[-73.98908,-13.51811],[-73.97306,-13.52648],[-73.96935,-13.53098],[-73.95318,-13.53487],[-73.95305,-13.54228],[-73.94384,-13.55524],[-73.94595,-13.56011],[-73.94371,-13.56992],[-73.93464,-13.58142],[-73.92795,-13.5949],[-73.9291,-13.59867],[-73.94297,-13.60558],[-73.95412,-13.6143],[-73.9621,-13.61322],[-73.98078,-13.62212],[-73.97816,-13.64608],[-73.98186,-13.65286],[-73.99075,-13.65748],[-73.99362,-13.66994],[-74.00394,-13.68036],[-74.01156,-13.69316],[-74.02391,-13.68844],[-74.03591,-13.68849],[-74.05007,-13.68265],[-74.05102,-13.67219],[-74.05435,-13.66892],[-74.05009,-13.651],[-74.0521,-13.64609],[-74.04651,-13.63592],[-74.03908,-13.63168],[-74.03584,-13.61517],[-74.03932,-13.60484],[-74.05098,-13.60012],[-74.05957,-13.5934],[-74.05632,-13.58529],[-74.06373,-13.57448],[-74.0582,-13.56537],[-74.05595,-13.55498],[-74.05864,-13.54256],[-74.05563,-13.53574],[-74.0509,-13.5346],[-74.0679,-13.50665],[-74.06596,-13.50071],[-74.06844,-13.48944],[-74.06598,-13.48172],[-74.07769,-13.46643],[-74.08047,-13.45058],[-74.07058,-13.43408],[-74.07275,-13.42034],[-74.06251,-13.41625],[-74.0589,-13.40894],[-74.04752,-13.41679],[-74.04482,-13.4409],[-74.03586,-13.44416],[-74.02165,-13.43959],[-74.01309,-13.44266],[-73.9999,-13.4401],[-73.99251,-13.44133],[-73.99442,-13.45525],[-73.98403,-13.46137],[-73.98591,-13.47199],[-73.99275,-13.47721],[-73.97649,-13.4864],[-73.97753,-13.49518]]]}}]}