{"type":"FeatureCollection","features":[{"type":"Feature","properties":{"ubigeo":"060101","nombre":"Cajamarca"},"geometry":{"type":"Polygon","coordinates":[[[-78.47022,-7.18265],[-78.47138,-7.18967],[-78.4624,-7.19605],[-78.46549,-7.20518],[-78.46177,-7.23254],[-78.4574,-7.2402],[-78.46055,-7.2458],[-78.46845,-7.24622],[-78.48274,-7.24107],[-78.48954,-7.24192],[-78.49323,-7.23365],[-78.50353,-7.23319],[-78.50809,-7.22702],[-78.52604,-7.22295],[-78.53201,-7.22677],[-78.53336,-7.22274],[-78.54669,-7.20992],[-78.55697,-7.19051],[-78.57678,-7.1851],[-78.59014,-7.17174],[-78.60469,-7.16842],[-78.60321,-7.16327],[-78.61082,-7.14735],[-78.62517,-7.1439],[-78.62516,-7.12902],[-78.61305,-7.12184],[-78.61704,-7.11798],[-78.61817,-7.10706],[-78.62296,-7.10263],[-78.6227,-7.08435],[-78.62997,-7.08501],[-78.64614,-7.09415],[-78.65039,-7.10025],[-78.66171,-7.10299],[-78.66267,-7.09285],[-78.6482,-7.07081],[-78.63612,-7.05436],[-78.63628,-7.03906],[-78.63033,-7.03042],[-78.62793,-7.01637],[-78.62368,-7.01066],[-78.60934,-6.99946],[-78.60403,-6.98462],[-78.60947,-6.9667],[-78.6045,-6.95458],[-78.60814,-6.94816],[-78.61351,-6.92073],[-78.60478,-6.88957],[-78.59952,-6.88651],[-78.59973,-6.89063],[-78.58243,-6.89767],[-78.57657,-6.90863],[-78.57495,-6.91732],[-78.56233,-6.92754],[-78.54628,-6.93131],[-78.53919,-6.92945],[-78.53218,-6.93708],[-78.52553,-6.95585],[-78.51395,-6.95544],[-78.5054,-6.97157],[-78.50699,-6.97882],[-78.51429,-6.99032],[-78.51502,-7.00288],[-78.52716,-7.00981],[-78.54325,-7.02274],[-78.53796,-7.03978],[-78.54777,-7.05318],[-78.54598,-7.06819],[-78.53589,-7.09228],[-78.52905,-7.09351],[-78.5209,-7.10184],[-78.51071,-7.10001],[-78.5178,-7.11251],[-78.51695,-7.12175],[-78.52115,-7.13133],[-78.5202,-7.1434],[-78.51083,-7.1408],[-78.49465,-7.14499],[-78.49097,-7.14335],[-78.48321,-7.14907],[-78.47842,-7.15716],[-78.47758,-7.1682],[-78.47022,-7.18265]]]}},{"type":"Feature","properties":{"ubigeo":"060102","nombre":"Asunción"},"geometry":{"type":"Polygon","coordinates":[[[-78.44946,-7.31145],[-78.44717,-7.3264],[-78.43514,-7.33722],[-78.42852,-7.34659],[-78.4188,-7.34973],[-78.4098,-7.35883],[-78.40204,-7.35802],[-78.39142,-7.36423],[-78.38229,-7.36629],[-78.38776,-7.38182],[-78.40496,-7.38512],[-78.41675,-7.38526],[-78.42055,-7.38806],[-78.42782,-7.38196],[-78.43432,-7.38499],[-78.44236,-7.38351],[-78.45254,-7.38908],[-78.47714,-7.37929],[-78.48435,-7.37359],[-78.50156,-7.37684],[-78.51025,-7.38148],[-78.51622,-7.39012],[-78.52438,-7.39111],[-78.53089,-7.38727],[-78.53058,-7.381],[-78.54016,-7.37409],[-78.55853,-7.36584],[-78.56661,-7.36979],[-78.56717,-7.37484],[-78.57606,-7.37741],[-78.59359,-7.37569],[-78.60724,-7.36675],[-78.63692,-7.35593],[-78.64222,-7.35006],[-78.6278,-7.32925],[-78.63624,-7.31877],[-78.62978,-7.29871],[-78.62165,-7.28536],[-78.6088,-7.2794],[-78.60609,-7.28256],[-78.59637,-7.28188],[-78.58643,-7.2879],[-78.56908,-7.2887],[-78.55321,-7.29183],[-78.53824,-7.28209],[-78.53275,-7.28299],[-78.52738,-7.28184],[-78.51474,-7.29504],[-78.50126,-7.301],[-78.48788,-7.30032],[-78.47896,-7.30621],[-78.47054,-7.30613],[-78.46341,-7.31042],[-78.44946,-7.31145]]]}},{"type":"Feature","properties":{"ubigeo":"060103","nombre":"Chetilla"},"geometry":{"type":"Polygon","coordinates":[[[-78.7081,-7.15653],[-78.7033,-7.15335],[-78.69156,-7.13256],[-78.68408,-7.12675],[-78.66612,-7.10981],[-78.66171,-7.10299],[-78.65039,-7.10025],[-78.64614,-7.09415],[-78.62997,-7.08501],[-78.6227,-7.08435],[-78.62296,-7.10263],[-78.61817,-7.10706],[-78.61704,-7.11798],[-78.61305,-7.12184],[-78.62516,-7.12902],[-78.62517,-7.1439],[-78.61082,-7.14735],[-78.60321,-7.16327],[-78.60469,-7.16842],[-78.6188,-7.16673],[-78.62878,-7.16862],[-78.63421,-7.17395],[-78.63996,-7.17366],[-78.64581,-7.18085],[-78.65549,-7.18621],[-78.66414,-7.18335],[-78.67334,-7.18504],[-78.68281,-7.18246],[-78.68794,-7.17705],[-78.70482,-7.16921],[-78.7081,-7.15653]]]}},{"type":"Feature","properties":{"ubigeo":"060104","nombre":"Cospan"},"geometry":{"type":"Polygon","coordinates":[[[-78.35681,-7.39963],[-78.35418,-7.41327],[-78.34367,-7.41738],[-78.34363,-7.42872],[-78.3533,-7.44375],[-78.35168,-7.44766],[-78.3505,-7.47479],[-78.33962,-7.49341],[-78.33583,-7.49525],[-78.3442,-7.49409],[-78.36043,-7.50048],[-78.37845,-7.49709],[-78.38452,-7.49204],[-78.3929,-7.49202],[-78.40308,-7.48349],[-78.41563,-7.48507],[-78.41749,-7.48942],[-78.42753,-7.49242],[-78.4373,-7.50209],[-78.45157,-7.51258],[-78.4595,-7.52796],[-78.49139,-7.55487],[-78.49735,-7.55338],[-78.51097,-7.55668],[-78.52387,-7.54986],[-78.53907,-7.5493],[-78.55593,-7.55108],[-78.5654,-7.55224],[-78.58054,-7.54712],[-78.5901,-7.55019],[-78.59473,-7.54676],[-78.60205,-7.54907],[-78.62511,-7.54831],[-78.634,-7.54274],[-78.6496,-7.52902],[-78.64442,-7.51486],[-78.6362,-7.5043],[-78.63135,-7.49181],[-78.63187,-7.4837],[-78.62753,-7.47945],[-78.6295,-7.46627],[-78.62782,-7.45636],[-78.62984,-7.4455],[-78.63829,-7.43359],[-78.64604,-7.42771],[-78.6522,-7.42761],[-78.66247,-7.413],[-78.66428,-7.4036],[-78.6733,-7.41162],[-78.69623,-7.41336],[-78.68118,-7.39859],[-78.67655,-7.38361],[-78.66541,-7.37901],[-78.65975,-7.36167],[-78.6524,-7.35131],[-78.64222,-7.35006],[-78.63692,-7.35593],[-78.60724,-7.36675],[-78.59359,-7.37569],[-78.57606,-7.37741],[-78.56717,-7.37484],[-78.56661,-7.36979],[-78.55853,-7.36584],[-78.54016,-7.37409],[-78.53058,-7.381],[-78.53089,-7.38727],[-78.52438,-7.39111],[-78.51622,-7.39012],[-78.51025,-7.38148],[-78.50156,-7.37684],[-78.48435,-7.37359],[-78.47714,-7.37929],[-78.45254,-7.38908],[-78.44236,-7.38351],[-78.43432,-7.38499],[-78.42782,-7.38196],[-78.42055,-7.38806],[-78.41675,-7.38526],[-78.40496,-7.38512],[-78.38776,-7.38182],[-78.36622,-7.38981],[-78.35681,-7.39963]]]}},{"type":"Feature","properties":{"ubigeo":"060105","nombre":"Encañada"},"geometry":{"type":"Polygon","coordinates":[[[-78.38275,-6.92358],[-78.38138,-6.92824],[-78.3727,-6.9318],[-78.37193,-6.93601],[-78.35405,-6.94371],[-78.34912,-6.95245],[-78.34051,-6.95418],[-78.33061,-6.97309],[-78.31935,-6.97991],[-78.31151,-6.98772],[-78.31452,-6.996],[-78.3085,-7.00436],[-78.30814,-7.01388],[-78.30117,-7.01075],[-78.28718,-7.02092],[-78.29428,-7.03031],[-78.27597,-7.03423],[-78.26723,-7.03188],[-78.24487,-7.04955],[-78.23941,-7.04916],[-78.23164,-7.06273],[-78.21946,-7.07158],[-78.21951,-7.08777],[-78.21468,-7.0938],[-78.20378,-7.10042],[-78.19795,-7.11283],[-78.18737,-7.12646],[-78.18674,-7.14701],[-78.18369,-7.14915],[-78.19072,-7.15732],[-78.19466,-7.15683],[-78.20248,-7.14685],[-78.20122,-7.13815],[-78.21493,-7.12725],[-78.22624,-7.12547],[-78.23392,-7.13574],[-78.26476,-7.13587],[-78.2803,-7.13349],[-78.27765,-7.14839],[-78.28199,-7.15521],[-78.29888,-7.15328],[-78.30998,-7.15594],[-78.31801,-7.16532],[-78.32151,-7.15242],[-78.32213,-7.14649],[-78.32847,-7.14396],[-78.3313,-7.13241],[-78.35091,-7.12407],[-78.35785,-7.12568],[-78.36836,-7.11513],[-78.36629,-7.10502],[-78.38502,-7.09751],[-78.39989,-7.08723],[-78.40369,-7.07718],[-78.40859,-7.07603],[-78.40685,-7.06538],[-78.41582,-7.04065],[-78.43728,-7.02637],[-78.44293,-7.02503],[-78.45542,-7.01117],[-78.45966,-7.00266],[-78.47688,-6.98933],[-78.48757,-6.98705],[-78.50699,-6.97882],[-78.5054,-6.97157],[-78.51395,-6.95544],[-78.52553,-6.95585],[-78.53218,-6.93708],[-78.53919,-6.92945],[-78.54628,-6.93131],[-78.56233,-6.92754],[-78.57495,-6.91732],[-78.57657,-6.90863],[-78.58243,-6.89767],[-78.59973,-6.89063],[-78.59952,-6.88651],[-78.60138,-6.86763],[-78.5966,-6.86467],[-78.59044,-6.85012],[-78.57277,-6.84329],[-78.56127,-6.83091],[-78.55275,-6.82945],[-78.54518,-6.81737],[-78.53982,-6.81455],[-78.52976,-6.79813],[-78.52312,-6.81066],[-78.51323,-6.81864],[-78.50485,-6.81969],[-78.49818,-6.81057],[-78.49756,-6.80391],[-78.48136,-6.80082],[-78.46596,-6.80684],[-78.46215,-6.82254],[-78.45425,-6.82498],[-78.45348,-6.83419],[-78.44217,-6.86707],[-78.44223,-6.88003],[-78.42856,-6.8922],[-78.43189,-6.90927],[-78.43142,-6.92432],[-78.42664,-6.93116],[-78.42121,-6.92988],[-78.41462,-6.93579],[-78.41324,-6.94189],[-78.40768,-6.93961],[-78.40842,-6.93248],[-78.40049,-6.92952],[-78.39079,-6.93097],[-78.38275,-6.92358]]]}},{"type":"Feature","properties":{"ubigeo":"060106","nombre":"Jesús"},"geometry":{"type":"Polygon","coordinates":[[[-78.29568,-7.23676],[-78.2928,-7.24693],[-78.30245,-7.26302],[-78.29875,-7.2849],[-78.28696,-7.28988],[-78.27175,-7.29361],[-78.28062,-7.3102],[-78.28664,-7.31755],[-78.28794,-7.32817],[-78.29719,-7.3326],[-78.3073,-7.33362],[-78.32558,-7.34286],[-78.31744,-7.34669],[-78.31413,-7.34185],[-78.30613,-7.34181],[-78.29467,-7.35283],[-78.27511,-7.36],[-78.27738,-7.37345],[-78.29214,-7.37749],[-78.29765,-7.3878],[-78.32302,-7.39529],[-78.32801,-7.39937],[-78.34204,-7.39982],[-78.34725,-7.40272],[-78.35681,-7.39963],[-78.36622,-7.38981],[-78.38776,-7.38182],[-78.38229,-7.36629],[-78.39142,-7.36423],[-78.40204,-7.35802],[-78.4098,-7.35883],[-78.4188,-7.34973],[-78.42852,-7.34659],[-78.43514,-7.33722],[-78.44717,-7.3264],[-78.44946,-7.31145],[-78.44018,-7.31427],[-78.42697,-7.31367],[-78.41921,-7.30304],[-78.41956,-7.28995],[-78.42734,-7.29186],[-78.42927,-7.28814],[-78.42567,-7.2778],[-78.45413,-7.27338],[-78.45425,-7.26723],[-78.46055,-7.2458],[-78.4574,-7.2402],[-78.46177,-7.23254],[-78.46549,-7.20518],[-78.4624,-7.19605],[-78.42065,-7.22606],[-78.4045,-7.21163],[-78.37419,-7.20653],[-78.36739,-7.20873],[-78.35686,-7.21087],[-78.35139,-7.21734],[-78.3454,-7.2357],[-78.31618,-7.2342],[-78.30093,-7.23945],[-78.29568,-7.23676]]]}},{"type":"Feature","properties":{"ubigeo":"060107","nombre":"Llacanora"},"geometry":{"type":"Polygon","coordinates":[[[-78.36739,-7.20873],[-78.37419,-7.20653],[-78.4045,-7.21163],[-78.42065,-7.22606],[-78.4624,-7.19605],[-78.47138,-7.18967],[-78.47022,-7.18265],[-78.45874,-7.18513],[-78.45533,-7.17799],[-78.44829,-7.17604],[-78.43685,-7.17921],[-78.42911,-7.16517],[-78.41725,-7.16107],[-78.40628,-7.16582],[-78.40127,-7.17257],[-78.39333,-7.16719],[-78.38598,-7.15391],[-78.37453,-7.15502],[-78.37003,-7.16735],[-78.37557,-7.17871],[-78.36908,-7.18758],[-78.36619,-7.19978],[-78.36217,-7.20333],[-78.36739,-7.20873]]]}},{"type":"Feature","properties":{"ubigeo":"060108","nombre":"Los Baños del Inca"},"geometry":{"type":"Polygon","coordinates":[[[-78.37003,-7.16735],[-78.37453,-7.15502],[-78.38598,-7.15391],[-78.39333,-7.16719],[-78.40127,-7.17257],[-78.40628,-7.16582],[-78.41725,-7.16107],[-78.42911,-7.16517],[-78.43685,-7.17921],[-78.44829,-7.17604],[-78.45533,-7.17799],[-78.45874,-7.18513],[-78.47022,-7.18265],[-78.47758,-7.1682],[-78.47842,-7.15716],[-78.48321,-7.14907],[-78.49097,-7.14335],[-78.49465,-7.14499],[-78.51083,-7.1408],[-78.5202,-7.1434],[-78.52115,-7.13133],[-78.51695,-7.12175],[-78.5178,-7.11251],[-78.51071,-7.10001],[-78.5209,-7.10184],[-78.52905,-7.09351],[-78.53589,-7.09228],[-78.54598,-7.06819],[-78.54777,-7.05318],[-78.53796,-7.03978],[-78.54325,-7.02274],[-78.52716,-7.00981],[-78.51502,-7.00288],[-78.51429,-6.99032],[-78.50699,-6.97882],[-78.48757,-6.98705],[-78.47688,-6.98933],[-78.45966,-7.00266],[-78.45542,-7.01117],[-78.44293,-7.02503],[-78.43728,-7.02637],[-78.41582,-7.04065],[-78.40685,-7.06538],[-78.40859,-7.07603],[-78.40369,-7.07718],[-78.39989,-7.08723],[-78.38502,-7.09751],[-78.36629,-7.10502],[-78.36836,-7.11513],[-78.35785,-7.12568],[-78.35091,-7.12407],[-78.3313,-7.13241],[-78.32847,-7.14396],[-78.32213,-7.14649],[-78.32151,-7.15242],[-78.33092,-7.15164],[-78.35884,-7.15867],[-78.37003,-7.16735]]]}},{"type":"Feature","properties":{"ubigeo":"060109","nombre":"Magdalena"},"geometry":{"type":"Polygon","coordinates":[[[-78.53201,-7.22677],[-78.52391,-7.23834],[-78.52361,-7.24627],[-78.53667,-7.27263],[-78.52956,-7.27961],[-78.53275,-7.28299],[-78.53824,-7.28209],[-78.55321,-7.29183],[-78.56908,-7.2887],[-78.58643,-7.2879],[-78.59637,-7.28188],[-78.60609,-7.28256],[-78.6088,-7.2794],[-78.62133,-7.27301],[-78.62941,-7.2744],[-78.64985,-7.25563],[-78.66124,-7.255],[-78.67311,-7.25102],[-78.6934,-7.24004],[-78.70453,-7.24053],[-78.71147,-7.23267],[-78.7232,-7.22673],[-78.74533,-7.22095],[-78.74599,-7.21933],[-78.73879,-7.21329],[-78.73091,-7.21211],[-78.72755,-7.20154],[-78.72958,-7.19707],[-78.72,-7.17082],[-78.7081,-7.15653],[-78.70482,-7.16921],[-78.68794,-7.17705],[-78.68281,-7.18246],[-78.67334,-7.18504],[-78.66414,-7.18335],[-78.65549,-7.18621],[-78.64581,-7.18085],[-78.63996,-7.17366],[-78.63421,-7.17395],[-78.62878,-7.16862],[-78.6188,-7.16673],[-78.60469,-7.16842],[-78.59014,-7.17174],[-78.57678,-7.1851],[-78.55697,-7.19051],[-78.54669,-7.20992],[-78.53336,-7.22274],[-78.53201,-7.22677]]]}},{"type":"Feature","properties":{"ubigeo":"060110","nombre":"Matara"},"geometry":{"type":"Polygon","coordinates":[[[-78.21621,-7.29654],[-78.22025,-7.29645],[-78.22095,-7.3051],[-78.23488,-7.31633],[-78.25381,-7.31154],[-78.2632,-7.30505],[-78.2651,-7.2977],[-78.27175,-7.29361],[-78.28696,-7.28988],[-78.29875,-7.2849],[-78.30245,-7.26302],[-78.2928,-7.24693],[-78.29568,-7.23676],[-78.2894,-7.23382],[-78.27175,-7.23236],[-78.26151,-7.23537],[-78.25147,-7.23512],[-78.24116,-7.23811],[-78.21621,-7.29654]]]}},{"type":"Feature","properties":{"ubigeo":"060111","nombre":"Namora"},"geometry":{"type":"Polygon","coordinates":[[[-78.25147,-7.23512],[-78.26151,-7.23537],[-78.27175,-7.23236],[-78.2894,-7.23382],[-78.29568,-7.23676],[-78.30093,-7.23945],[-78.31618,-7.2342],[-78.3454,-7.2357],[-78.35139,-7.21734],[-78.35686,-7.21087],[-78.36739,-7.20873],[-78.36217,-7.20333],[-78.36619,-7.19978],[-78.36908,-7.18758],[-78.37557,-7.17871],[-78.37003,-7.16735],[-78.35884,-7.15867],[-78.33092,-7.15164],[-78.32151,-7.15242],[-78.31801,-7.16532],[-78.30998,-7.15594],[-78.29888,-7.15328],[-78.28199,-7.15521],[-78.27765,-7.14839],[-78.2803,-7.13349],[-78.26476,-7.13587],[-78.23392,-7.13574],[-78.22624,-7.12547],[-78.21493,-7.12725],[-78.20122,-7.13815],[-78.20248,-7.14685],[-78.19466,-7.15683],[-78.19072,-7.15732],[-78.18951,-7.16242],[-78.19902,-7.16787],[-78.20051,-7.17615],[-78.21879,-7.19005],[-78.23293,-7.20446],[-78.23956,-7.20654],[-78.25147,-7.23512]]]}},{"type":"Feature","properties":{"ubigeo":"060112","nombre":"San Juan"},"geometry":{"type":"Polygon","coordinates":[[[-78.44946,-7.31145],[-78.46341,-7.31042],[-78.47054,-7.30613],[-78.47896,-7.30621],[-78.48788,-7.30032],[-78.50126,-7.301],[-78.51474,-7.29504],[-78.52738,-7.28184],[-78.53275,-7.28299],[-78.52956,-7.27961],[-78.53667,-7.27263],[-78.52361,-7.24627],[-78.52391,-7.23834],[-78.53201,-7.22677],[-78.52604,-7.22295],[-78.50809,-7.22702],[-78.50353,-7.23319],[-78.49323,-7.23365],[-78.48954,-7.24192],[-78.48274,-7.24107],[-78.46845,-7.24622],[-78.46055,-7.2458],[-78.45425,-7.26723],[-78.45413,-7.27338],[-78.42567,-7.2778],[-78.42927,-7.28814],[-78.42734,-7.29186],[-78.41956,-7.28995],[-78.41921,-7.30304],[-78.42697,-7.31367],[-78.44018,-7.31427],[-78.44946,-7.31145]]]}},{"type":"Feature","properties":{"ubigeo":"060201","nombre":"Cajabamba"},"geometry":{"type":"Polygon","coordinates":[[[-78.08122,-7.69617],[-78.09333,-7.67534],[-78.11268,-7.65911],[-78.11683,-7.65376],[-78.12391,-7.63268],[-78.13167,-7.61483],[-78.12951,-7.60842],[-78.12615,-7.61008],[-78.09901,-7.60857],[-78.07611,-7.59539],[-78.06671,-7.5845],[-78.05154,-7.58362],[-78.04663,-7.57741],[-78.02379,-7.57577],[-78.01654,-7.56848],[-78.01184,-7.57391],[-78.00553,-7.57309],[-77.99898,-7.56652],[-77.9938,-7.56888],[-77.98473,-7.566],[-77.98057,-7.58532],[-77.97445,-7.58717],[-77.96738,-7.59481],[-77.96037,-7.59185],[-77.95012,-7.62587],[-77.9405,-7.64063],[-77.93913,-7.64838],[-77.9323,-7.65179],[-77.93658,-7.65748],[-77.94835,-7.65973],[-77.95782,-7.6548],[-77.96471,-7.66619],[-77.9628,-7.67431],[-77.96673,-7.67515],[-77.9732,-7.66705],[-77.99864,-7.67907],[-78.01696,-7.67983],[-78.02597,-7.68251],[-78.04382,-7.67817],[-78.05093,-7.67892],[-78.06321,-7.68881],[-78.08122,-7.69617]]]}},{"type":"Feature","properties":{"ubigeo":"060202","nombre":"Cachachi"},"geometry":{"type":"Polygon","coordinates":[[[-78.13513,-7.47808],[-78.14657,-7.47871],[-78.15446,-7.48597],[-78.15095,-7.5054],[-78.15526,-7.52359],[-78.1621,-7.53264],[-78.16114,-7.54242],[-78.16748,-7.55284],[-78.16352,-7.55993],[-78.15498,-7.559],[-78.14509,-7.56712],[-78.1359,-7.58283],[-78.13638,-7.59276],[-78.12951,-7.60842],[-78.13167,-7.61483],[-78.12391,-7.63268],[-78.11683,-7.65376],[-78.12781,-7.65348],[-78.13184,-7.65988],[-78.14256,-7.66569],[-78.141,-7.68272],[-78.14911,-7.69165],[-78.15886,-7.69335],[-78.17135,-7.71339],[-78.17834,-7.71186],[-78.19029,-7.7175],[-78.19284,-7.72721],[-78.19945,-7.72938],[-78.21106,-7.72778],[-78.2159,-7.72392],[-78.21965,-7.72857],[-78.21164,-7.74321],[-78.2163,-7.74909],[-78.21386,-7.75798],[-78.22117,-7.76314],[-78.22465,-7.75933],[-78.24232,-7.7545],[-78.26115,-7.75402],[-78.27242,-7.75352],[-78.28116,-7.74728],[-78.28325,-7.7421],[-78.28209,-7.7264],[-78.27572,-7.72022],[-78.28386,-7.71557],[-78.28963,-7.70657],[-78.29577,-7.70686],[-78.3028,-7.69646],[-78.3152,-7.70318],[-78.32092,-7.69739],[-78.33014,-7.69963],[-78.33565,-7.69054],[-78.34796,-7.68572],[-78.35218,-7.67296],[-78.35662,-7.67381],[-78.35946,-7.66801],[-78.35644,-7.66231],[-78.36056,-7.65384],[-78.36073,-7.6443],[-78.37186,-7.6446],[-78.37606,-7.63996],[-78.38282,-7.63011],[-78.37689,-7.62465],[-78.37632,-7.61662],[-78.37976,-7.60027],[-78.37774,-7.59354],[-78.37017,-7.59328],[-78.36185,-7.58466],[-78.35679,-7.57401],[-78.35978,-7.55107],[-78.36386,-7.54547],[-78.36083,-7.52996],[-78.35324,-7.52056],[-78.34958,-7.51182],[-78.33905,-7.50787],[-78.32575,-7.5099],[-78.32222,-7.50333],[-78.32779,-7.49747],[-78.33583,-7.49525],[-78.33962,-7.49341],[-78.3505,-7.47479],[-78.35168,-7.44766],[-78.3533,-7.44375],[-78.34363,-7.42872],[-78.34367,-7.41738],[-78.35418,-7.41327],[-78.35681,-7.39963],[-78.34725,-7.40272],[-78.34204,-7.39982],[-78.32801,-7.39937],[-78.32302,-7.39529],[-78.29765,-7.3878],[-78.29214,-7.37749],[-78.27738,-7.37345],[-78.24557,-7.38221],[-78.23745,-7.38229],[-78.21984,-7.38762],[-78.21943,-7.3935],[-78.21699,-7.39716],[-78.21767,-7.41024],[-78.20452,-7.4164],[-78.20114,-7.42391],[-78.19067,-7.43754],[-78.17749,-7.44813],[-78.17438,-7.45727],[-78.16632,-7.46617],[-78.16033,-7.46378],[-78.14652,-7.4734],[-78.13513,-7.47808]]]}},{"type":"Feature","properties":{"ubigeo":"060203","nombre":"Condebamba"},"geometry":{"type":"Polygon","coordinates":[[[-78.01654,-7.56848],[-78.02379,-7.57577],[-78.04663,-7.57741],[-78.05154,-7.58362],[-78.06671,-7.5845],[-78.07611,-7.59539],[-78.09901,-7.60857],[-78.12615,-7.61008],[-78.12951,-7.60842],[-78.13638,-7.59276],[-78.1359,-7.58283],[-78.14509,-7.56712],[-78.15498,-7.559],[-78.16352,-7.55993],[-78.16748,-7.55284],[-78.16114,-7.54242],[-78.1621,-7.53264],[-78.15526,-7.52359],[-78.15095,-7.5054],[-78.15446,-7.48597],[-78.14657,-7.47871],[-78.13513,-7.47808],[-78.12591,-7.48021],[-78.11944,-7.46559],[-78.10759,-7.46076],[-78.10144,-7.46113],[-78.08497,-7.45431],[-78.07797,-7.4604],[-78.06382,-7.46385],[-78.05134,-7.46385],[-78.03477,-7.47006],[-78.02585,-7.47884],[-78.01865,-7.4934],[-78.02594,-7.5005],[-78.02632,-7.52517],[-78.03333,-7.53799],[-78.03168,-7.55354],[-78.02894,-7.55849],[-78.01654,-7.56848]]]}},{"type":"Feature","properties":{"ubigeo":"060204","nombre":"Sitacocha"},"geometry":{"type":"Polygon","coordinates":[[[-77.76821,-7.43824],[-77.76664,-7.44107],[-77.75542,-7.44105],[-77.7451,-7.46374],[-77.74137,-7.46669],[-77.74598,-7.47916],[-77.75939,-7.47821],[-77.77,-7.48178],[-77.79187,-7.50039],[-77.81346,-7.50439],[-77.81839,-7.50728],[-77.84417,-7.51438],[-77.85749,-7.5242],[-77.86264,-7.53485],[-77.8618,-7.55226],[-77.86582,-7.56115],[-77.86953,-7.58485],[-77.88789,-7.58821],[-77.91009,-7.59715],[-77.92277,-7.60031],[-77.9199,-7.60412],[-77.91278,-7.6249],[-77.92004,-7.62858],[-77.92625,-7.63709],[-77.9405,-7.64063],[-77.95012,-7.62587],[-77.96037,-7.59185],[-77.96738,-7.59481],[-77.97445,-7.58717],[-77.98057,-7.58532],[-77.98473,-7.566],[-77.9938,-7.56888],[-77.99898,-7.56652],[-78.00553,-7.57309],[-78.01184,-7.57391],[-78.01654,-7.56848],[-78.02894,-7.55849],[-78.03168,-7.55354],[-78.03333,-7.53799],[-78.02632,-7.52517],[-78.02594,-7.5005],[-78.01865,-7.4934],[-78.02585,-7.47884],[-78.03477,-7.47006],[-78.05134,-7.46385],[-78.04122,-7.4565],[-78.02406,-7.45828],[-78.01332,-7.46216],[-78.00256,-7.4504],[-77.99957,-7.44292],[-77.99544,-7.41815],[-77.9856,-7.4091],[-77.98146,-7.39457],[-77.98263,-7.38746],[-77.97653,-7.38246],[-77.97376,-7.37457],[-77.96133,-7.37048],[-77.95109,-7.35752],[-77.94869,-7.35118],[-77.94255,-7.34566],[-77.92866,-7.34653],[-77.92056,-7.34355],[-77.91184,-7.35366],[-77.89824,-7.36034],[-77.8831,-7.36419],[-77.87745,-7.36078],[-77.85301,-7.35836],[-77.83244,-7.35058],[-77.8296,-7.34764],[-77.82093,-7.36912],[-77.82514,-7.3783],[-77.81344,-7.39254],[-77.80308,-7.39844],[-77.80057,-7.40301],[-77.78073,-7.41088],[-77.77199,-7.41846],[-77.77392,-7.42647],[-77.76821,-7.43824]]]}},{"type":"Feature","properties":{"ubigeo":"060301","nombre":"Celendín"},"geometry":{"type":"Polygon","coordinates":[[[-78.02831,-6.84269],[-78.03322,-6.84057],[-78.05345,-6.84467],[-78.0612,-6.85097],[-78.0808,-6.85618],[-78.09149,-6.84664],[-78.09768,-6.83212],[-78.10883,-6.83046],[-78.11487,-6.82184],[-78.12088,-6.82398],[-78.11799,-6.83778],[-78.11899,-6.85825],[-78.11366,-6.87121],[-78.11325,-6.88409],[-78.10683,-6.89439],[-78.11521,-6.8971],[-78.12731,-6.88684],[-78.13831,-6.89259],[-78.16616,-6.89242],[-78.17054,-6.89752],[-78.18603,-6.89892],[-78.20039,-6.91669],[-78.20477,-6.9041],[-78.20298,-6.89798],[-78.20818,-6.88276],[-78.202,-6.86812],[-78.20453,-6.86347],[-78.20344,-6.85278],[-78.20889,-6.83902],[-78.2118,-6.82254],[-78.21066,-6.79513],[-78.21495,-6.78777],[-78.21223,-6.78488],[-78.20624,-6.77832],[-78.19169,-6.76778],[-78.18483,-6.75777],[-78.17534,-6.74954],[-78.16535,-6.7492],[-78.16231,-6.74317],[-78.16102,-6.72559],[-78.16435,-6.70417],[-78.15046,-6.68835],[-78.149,-6.67051],[-78.15077,-6.65918],[-78.13268,-6.64436],[-78.13328,-6.64009],[-78.12766,-6.61864],[-78.12283,-6.61484],[-78.11675,-6.60171],[-78.11282,-6.61238],[-78.10599,-6.61937],[-78.10366,-6.63586],[-78.10509,-6.64571],[-78.09735,-6.65033],[-78.09412,-6.65737],[-78.08022,-6.6553],[-78.07527,-6.65973],[-78.07846,-6.66822],[-78.07313,-6.6732],[-78.05676,-6.67574],[-78.04638,-6.68871],[-78.04388,-6.71234],[-78.03917,-6.71458],[-78.03886,-6.73038],[-78.03368,-6.73942],[-78.03533,-6.74271],[-78.03582,-6.74992],[-78.02863,-6.75932],[-78.03111,-6.76388],[-78.0258,-6.77435],[-78.02043,-6.79194],[-78.02418,-6.7982],[-78.01638,-6.80905],[-78.02119,-6.81766],[-78.01369,-6.82125],[-78.01491,-6.83191],[-78.02831,-6.84269]]]}},{"type":"Feature","properties":{"ubigeo":"060302","nombre":"Chumuch"},"geometry":{"type":"Polygon","coordinates":[[[-78.13669,-6.55846],[-78.13763,-6.56317],[-78.11667,-6.578],[-78.12141,-6.58825],[-78.12074,-6.59732],[-78.11675,-6.60171],[-78.12283,-6.61484],[-78.12766,-6.61864],[-78.13328,-6.64009],[-78.13268,-6.64436],[-78.15077,-6.65918],[-78.15709,-6.65972],[-78.16504,-6.64695],[-78.18426,-6.64588],[-78.18784,-6.64244],[-78.20135,-6.64129],[-78.20716,-6.63164],[-78.21713,-6.62921],[-78.23259,-6.61501],[-78.2409,-6.59759],[-78.24127,-6.58846],[-78.24821,-6.58682],[-78.26228,-6.57616],[-78.26695,-6.56908],[-78.26466,-6.54495],[-78.25424,-6.53302],[-78.24473,-6.52682],[-78.24101,-6.51663],[-78.22651,-6.51217],[-78.21658,-6.50414],[-78.20333,-6.50001],[-78.19752,-6.48909],[-78.18156,-6.47589],[-78.17652,-6.47585],[-78.17304,-6.49418],[-78.16437,-6.4908],[-78.15218,-6.49983],[-78.15048,-6.51242],[-78.14563,-6.51316],[-78.14387,-6.52025],[-78.13578,-6.52701],[-78.13459,-6.53552],[-78.13849,-6.53679],[-78.13732,-6.54944],[-78.1324,-6.55113],[-78.13669,-6.55846]]]}},{"type":"Feature","properties":{"ubigeo":"060303","nombre":"Cortegana"},"geometry":{"type":"Polygon","coordinates":[[[-78.17652,-6.47585],[-78.18156,-6.47589],[-78.19752,-6.48909],[-78.20333,-6.50001],[-78.21658,-6.50414],[-78.22651,-6.51217],[-78.24101,-6.51663],[-78.24473,-6.52682],[-78.25424,-6.53302],[-78.26466,-6.54495],[-78.26695,-6.56908],[-78.27638,-6.57193],[-78.29701,-6.57221],[-78.31148,-6.57715],[-78.32453,-6.57877],[-78.32972,-6.58387],[-78.33902,-6.57895],[-78.3526,-6.56463],[-78.35518,-6.55377],[-78.35349,-6.53487],[-78.35536,-6.5243],[-78.36142,-6.5202],[-78.36604,-6.50845],[-78.3681,-6.48712],[-78.36604,-6.48327],[-78.36546,-6.47215],[-78.35684,-6.46066],[-78.33725,-6.44966],[-78.32564,-6.45223],[-78.32135,-6.44997],[-78.31531,-6.42974],[-78.29785,-6.40625],[-78.29714,-6.40105],[-78.27793,-6.38896],[-78.27997,-6.39614],[-78.27529,-6.39969],[-78.26829,-6.39111],[-78.25149,-6.39642],[-78.24207,-6.40398],[-78.24148,-6.40956],[-78.2261,-6.42706],[-78.22188,-6.42971],[-78.21806,-6.44695],[-78.21151,-6.44742],[-78.20999,-6.45803],[-78.20432,-6.45852],[-78.19003,-6.45702],[-78.18576,-6.47111],[-78.17652,-6.47585]]]}},{"type":"Feature","properties":{"ubigeo":"060304","nombre":"Huasmin"},"geometry":{"type":"Polygon","coordinates":[[[-78.21495,-6.78777],[-78.21066,-6.79513],[-78.2118,-6.82254],[-78.20889,-6.83902],[-78.20344,-6.85278],[-78.20453,-6.86347],[-78.202,-6.86812],[-78.20818,-6.88276],[-78.20298,-6.89798],[-78.20477,-6.9041],[-78.20039,-6.91669],[-78.20264,-6.92658],[-78.19627,-6.94355],[-78.20171,-6.95434],[-78.20104,-6.96169],[-78.21466,-6.97256],[-78.21471,-6.9837],[-78.22367,-6.99509],[-78.24251,-6.98983],[-78.24605,-6.97165],[-78.23737,-6.95528],[-78.24038,-6.94883],[-78.23938,-6.93666],[-78.24462,-6.92615],[-78.23919,-6.90983],[-78.2267,-6.89791],[-78.23165,-6.88741],[-78.24047,-6.87844],[-78.2557,-6.87176],[-78.27408,-6.88024],[-78.28364,-6.88276],[-78.29859,-6.88191],[-78.3129,-6.88328],[-78.32115,-6.89104],[-78.33466,-6.88081],[-78.34834,-6.87405],[-78.36177,-6.8756],[-78.36391,-6.88488],[-78.36124,-6.89907],[-78.37001,-6.91122],[-78.38261,-6.91918],[-78.38275,-6.92358],[-78.39079,-6.93097],[-78.40049,-6.92952],[-78.40842,-6.93248],[-78.40768,-6.93961],[-78.41324,-6.94189],[-78.41462,-6.93579],[-78.42121,-6.92988],[-78.42664,-6.93116],[-78.43142,-6.92432],[-78.43189,-6.90927],[-78.42856,-6.8922],[-78.44223,-6.88003],[-78.44217,-6.86707],[-78.45348,-6.83419],[-78.4325,-6.83414],[-78.43273,-6.82894],[-78.42531,-6.82056],[-78.42545,-6.81453],[-78.41438,-6.81904],[-78.40197,-6.81506],[-78.40508,-6.80346],[-78.39427,-6.79281],[-78.3987,-6.7773],[-78.3959,-6.76679],[-78.404,-6.75185],[-78.40307,-6.73481],[-78.40626,-6.73008],[-78.40484,-6.71153],[-78.3966,-6.69808],[-78.38662,-6.68813],[-78.37858,-6.68744],[-78.3699,-6.68078],[-78.35922,-6.67803],[-78.35035,-6.6793],[-78.3449,-6.68268],[-78.33786,-6.70243],[-78.32196,-6.71458],[-78.31116,-6.71031],[-78.30201,-6.72892],[-78.30561,-6.7376],[-78.3001,-6.75745],[-78.29229,-6.76283],[-78.27923,-6.78141],[-78.27324,-6.78356],[-78.26601,-6.79736],[-78.25201,-6.79989],[-78.22087,-6.79266],[-78.21495,-6.78777]]]}},{"type":"Feature","properties":{"ubigeo":"060305","nombre":"Jorge Chávez"},"geometry":{"type":"Polygon","coordinates":[[[-77.9993,-6.94176],[-78.02397,-6.94627],[-78.03261,-6.94931],[-78.03925,-6.96311],[-78.05811,-6.97334],[-78.06698,-6.97453],[-78.07329,-6.96954],[-78.083,-6.96891],[-78.08907,-6.96366],[-78.09212,-6.95241],[-78.10075,-6.95019],[-78.1106,-6.94112],[-78.13093,-6.93385],[-78.11241,-6.92316],[-78.10465,-6.91231],[-78.09967,-6.90815],[-78.08299,-6.91084],[-78.07351,-6.91593],[-78.06593,-6.91268],[-78.05779,-6.91426],[-78.03949,-6.92236],[-78.0223,-6.93677],[-78.01311,-6.9339],[-78.00089,-6.9383],[-77.9993,-6.94176]]]}},{"type":"Feature","properties":{"ubigeo":"060306","nombre":"José Gálvez"},"geometry":{"type":"Polygon","coordinates":[[[-78.10465,-6.91231],[-78.11241,-6.92316],[-78.13093,-6.93385],[-78.1483,-6.92821],[-78.16019,-6.93213],[-78.17136,-6.94246],[-78.17988,-6.96207],[-78.18873,-6.96636],[-78.20104,-6.96169],[-78.20171,-6.95434],[-78.19627,-6.94355],[-78.20264,-6.92658],[-78.20039,-6.91669],[-78.18603,-6.89892],[-78.17054,-6.89752],[-78.16616,-6.89242],[-78.13831,-6.89259],[-78.12731,-6.88684],[-78.11521,-6.8971],[-78.10683,-6.89439],[-78.10465,-6.91231]]]}},{"type":"Feature","properties":{"ubigeo":"060307","nombre":"Miguel Iglesias"},"geometry":{"type":"Polygon","coordinates":[[[-78.21223,-6.78488],[-78.21208,-6.76964],[-78.20708,-6.76577],[-78.21593,-6.74798],[-78.2184,-6.73817],[-78.22913,-6.72374],[-78.23576,-6.70733],[-78.25551,-6.68104],[-78.27443,-6.65819],[-78.28896,-6.64699],[-78.30952,-6.65547],[-78.31864,-6.63551],[-78.31582,-6.6261],[-78.3222,-6.61879],[-78.33109,-6.61638],[-78.33439,-6.62633],[-78.3436,-6.62957],[-78.35357,-6.61618],[-78.37374,-6.62386],[-78.38098,-6.62302],[-78.38339,-6.62801],[-78.37086,-6.64616],[-78.36291,-6.65156],[-78.35035,-6.6793],[-78.35922,-6.67803],[-78.3699,-6.68078],[-78.37858,-6.68744],[-78.38662,-6.68813],[-78.38417,-6.67874],[-78.39022,-6.65288],[-78.39932,-6.64531],[-78.40287,-6.6363],[-78.39963,-6.62084],[-78.41297,-6.59586],[-78.40718,-6.59316],[-78.38982,-6.57878],[-78.36326,-6.57259],[-78.35344,-6.57669],[-78.34587,-6.58391],[-78.33902,-6.57895],[-78.32972,-6.58387],[-78.32453,-6.57877],[-78.31148,-6.57715],[-78.29701,-6.57221],[-78.27638,-6.57193],[-78.26695,-6.56908],[-78.26228,-6.57616],[-78.24821,-6.58682],[-78.24127,-6.58846],[-78.2409,-6.59759],[-78.23259,-6.61501],[-78.21713,-6.62921],[-78.20716,-6.63164],[-78.20135,-6.64129],[-78.18784,-6.64244],[-78.18426,-6.64588],[-78.16504,-6.64695],[-78.15709,-6.65972],[-78.15077,-6.65918],[-78.149,-6.67051],[-78.15046,-6.68835],[-78.16435,-6.70417],[-78.16102,-6.72559],[-78.16231,-6.74317],[-78.16535,-6.7492],[-78.17534,-6.74954],[-78.18483,-6.75777],[-78.19169,-6.76778],[-78.20624,-6.77832],[-78.21223,-6.78488]]]}},{"type":"Feature","properties":{"ubigeo":"060308","nombre":"Oxamarca"},"geometry":{"type":"Polygon","coordinates":[[[-77.99951,-6.97053],[-77.99393,-6.96947],[-77.98849,-6.97532],[-78.00055,-6.9892],[-77.98585,-7.00034],[-77.98828,-7.00622],[-77.98513,-7.01421],[-77.97889,-7.01598],[-77.97985,-7.02142],[-77.97289,-7.02403],[-77.96526,-7.03829],[-77.96592,-7.05077],[-77.95793,-7.05433],[-77.95115,-7.06461],[-77.95779,-7.07052],[-77.9757,-7.07927],[-78,-7.08694],[-78.00596,-7.09285],[-78.01595,-7.0968],[-78.02402,-7.10991],[-78.03012,-7.11194],[-78.03741,-7.12091],[-78.05653,-7.13479],[-78.0702,-7.12822],[-78.08409,-7.13202],[-78.1026,-7.12777],[-78.10659,-7.12989],[-78.11445,-7.14625],[-78.11842,-7.14427],[-78.12989,-7.14811],[-78.13576,-7.14696],[-78.14943,-7.15188],[-78.16136,-7.15285],[-78.17363,-7.14629],[-78.18369,-7.14915],[-78.18674,-7.14701],[-78.18737,-7.12646],[-78.19795,-7.11283],[-78.18751,-7.10744],[-78.17947,-7.10848],[-78.16991,-7.11458],[-78.16207,-7.11388],[-78.15216,-7.09689],[-78.142,-7.09347],[-78.12804,-7.07388],[-78.1268,-7.05882],[-78.12004,-7.05279],[-78.10637,-7.04979],[-78.09495,-7.04064],[-78.09181,-7.0219],[-78.09265,-7.01187],[-78.09784,-7.00247],[-78.09742,-6.99601],[-78.09035,-6.99005],[-78.0863,-6.99111],[-78.07206,-6.98498],[-78.06698,-6.97453],[-78.05811,-6.97334],[-78.03925,-6.96311],[-78.03261,-6.94931],[-78.02397,-6.94627],[-77.9993,-6.94176],[-77.99774,-6.95204],[-78.00179,-6.96855],[-77.99951,-6.97053]]]}},{"type":"Feature","properties":{"ubigeo":"060309","nombre":"Sorochuco"},"geometry":{"type":"Polygon","coordinates":[[[-78.28718,-7.02092],[-78.30117,-7.01075],[-78.30814,-7.01388],[-78.3085,-7.00436],[-78.31452,-6.996],[-78.31151,-6.98772],[-78.31935,-6.97991],[-78.33061,-6.97309],[-78.34051,-6.95418],[-78.34912,-6.95245],[-78.35405,-6.94371],[-78.37193,-6.93601],[-78.3727,-6.9318],[-78.38138,-6.92824],[-78.38275,-6.92358],[-78.38261,-6.91918],[-78.37001,-6.91122],[-78.36124,-6.89907],[-78.36391,-6.88488],[-78.36177,-6.8756],[-78.34834,-6.87405],[-78.33466,-6.88081],[-78.32115,-6.89104],[-78.3129,-6.88328],[-78.29859,-6.88191],[-78.28364,-6.88276],[-78.27408,-6.88024],[-78.2557,-6.87176],[-78.24047,-6.87844],[-78.23165,-6.88741],[-78.2267,-6.89791],[-78.23919,-6.90983],[-78.24462,-6.92615],[-78.23938,-6.93666],[-78.24038,-6.94883],[-78.23737,-6.95528],[-78.24605,-6.97165],[-78.24251,-6.98983],[-78.25211,-6.9999],[-78.27204,-6.99824],[-78.28214,-6.99523],[-78.28718,-7.02092]]]}},{"type":"Feature","properties":{"ubigeo":"060310","nombre":"Sucre"},"geometry":{"type":"Polygon","coordinates":[[[-78.06698,-6.97453],[-78.07206,-6.98498],[-78.0863,-6.99111],[-78.09035,-6.99005],[-78.09742,-6.99601],[-78.09784,-7.00247],[-78.09265,-7.01187],[-78.09181,-7.0219],[-78.09495,-7.04064],[-78.10637,-7.04979],[-78.12004,-7.05279],[-78.1268,-7.05882],[-78.12804,-7.07388],[-78.142,-7.09347],[-78.15216,-7.09689],[-78.16207,-7.11388],[-78.16991,-7.11458],[-78.17947,-7.10848],[-78.18751,-7.10744],[-78.19795,-7.11283],[-78.20378,-7.10042],[-78.21468,-7.0938],[-78.21951,-7.08777],[-78.21946,-7.07158],[-78.23164,-7.06273],[-78.23941,-7.04916],[-78.24487,-7.04955],[-78.26723,-7.03188],[-78.27597,-7.03423],[-78.29428,-7.03031],[-78.28718,-7.02092],[-78.28214,-6.99523],[-78.27204,-6.99824],[-78.25211,-6.9999],[-78.24251,-6.98983],[-78.22367,-6.99509],[-78.21471,-6.9837],[-78.21466,-6.97256],[-78.20104,-6.96169],[-78.18873,-6.96636],[-78.17988,-6.96207],[-78.17136,-6.94246],[-78.16019,-6.93213],[-78.1483,-6.92821],[-78.13093,-6.93385],[-78.1106,-6.94112],[-78.10075,-6.95019],[-78.09212,-6.95241],[-78.08907,-6.96366],[-78.083,-6.96891],[-78.07329,-6.96954],[-78.06698,-6.97453]]]}},{"type":"Feature","properties":{"ubigeo":"060311","nombre":"Utco"},"geometry":{"type":"Polygon","coordinates":[[[-78.00062,-6.90978],[-78.00626,-6.92344],[-78.01192,-6.9268],[-78.01311,-6.9339],[-78.0223,-6.93677],[-78.03949,-6.92236],[-78.05779,-6.91426],[-78.06593,-6.91268],[-78.07351,-6.91593],[-78.08299,-6.91084],[-78.09967,-6.90815],[-78.10465,-6.91231],[-78.10683,-6.89439],[-78.11325,-6.88409],[-78.11366,-6.87121],[-78.11899,-6.85825],[-78.11799,-6.83778],[-78.12088,-6.82398],[-78.11487,-6.82184],[-78.10883,-6.83046],[-78.09768,-6.83212],[-78.09149,-6.84664],[-78.0808,-6.85618],[-78.0612,-6.85097],[-78.05345,-6.84467],[-78.03322,-6.84057],[-78.02831,-6.84269],[-78.02885,-6.84989],[-78.0134,-6.85174],[-78.00398,-6.85881],[-78.00079,-6.86726],[-78.00639,-6.87528],[-78.00108,-6.88161],[-78.00548,-6.8936],[-77.99865,-6.90012],[-78.00062,-6.90978]]]}},{"type":"Feature","properties":{"ubigeo":"060312","nombre":"La Libertad de Pallan"},"geometry":{"type":"Polygon","coordinates":[[[-78.21495,-6.78777],[-78.22087,-6.79266],[-78.25201,-6.79989],[-78.26601,-6.79736],[-78.27324,-6.78356],[-78.27923,-6.78141],[-78.29229,-6.76283],[-78.3001,-6.75745],[-78.30561,-6.7376],[-78.30201,-6.72892],[-78.31116,-6.71031],[-78.32196,-6.71458],[-78.33786,-6.70243],[-78.3449,-6.68268],[-78.35035,-6.6793],[-78.36291,-6.65156],[-78.37086,-6.64616],[-78.38339,-6.62801],[-78.38098,-6.62302],[-78.37374,-6.62386],[-78.35357,-6.61618],[-78.3436,-6.62957],[-78.33439,-6.62633],[-78.33109,-6.61638],[-78.3222,-6.61879],[-78.31582,-6.6261],[-78.31864,-6.63551],[-78.30952,-6.65547],[-78.28896,-6.64699],[-78.27443,-6.65819],[-78.25551,-6.68104],[-78.23576,-6.70733],[-78.22913,-6.72374],[-78.2184,-6.73817],[-78.21593,-6.74798],[-78.20708,-6.76577],[-78.21208,-6.76964],[-78.21223,-6.78488],[-78.21495,-6.78777]]]}},{"type":"Feature","properties":{"ubigeo":"060401","nombre":"Chota"},"geometry":{"type":"Polygon","coordinates":[[[-78.54769,-6.57069],[-78.53913,-6.58741],[-78.53196,-6.6085],[-78.5402,-6.6053],[-78.55025,-6.5955],[-78.5604,-6.59785],[-78.57481,-6.61628],[-78.57925,-6.61685],[-78.59138,-6.63288],[-78.60561,-6.6355],[-78.60919,-6.64047],[-78.61789,-6.64354],[-78.62331,-6.65334],[-78.63651,-6.65454],[-78.643,-6.66668],[-78.6437,-6.67564],[-78.65178,-6.68066],[-78.65597,-6.67799],[-78.65854,-6.66382],[-78.67185,-6.66141],[-78.6717,-6.63209],[-78.68035,-6.62191],[-78.68645,-6.60549],[-78.69715,-6.5987],[-78.69862,-6.58948],[-78.69029,-6.55871],[-78.69216,-6.53986],[-78.69677,-6.53687],[-78.70535,-6.54279],[-78.71365,-6.52556],[-78.72517,-6.51293],[-78.72917,-6.49395],[-78.72629,-6.4865],[-78.73949,-6.47237],[-78.73222,-6.45989],[-78.72428,-6.46515],[-78.7097,-6.46048],[-78.69763,-6.46193],[-78.68603,-6.46852],[-78.67418,-6.46945],[-78.6684,-6.47417],[-78.65237,-6.47186],[-78.6321,-6.48303],[-78.61011,-6.49771],[-78.60708,-6.50861],[-78.59046,-6.51781],[-78.59003,-6.53021],[-78.58538,-6.53266],[-78.57502,-6.5543],[-78.5646,-6.5619],[-78.54769,-6.57069]]]}},{"type":"Feature","properties":{"ubigeo":"060402","nombre":"Anguia"},"geometry":{"type":"Polygon","coordinates":[[[-78.65076,-6.31354],[-78.62832,-6.31236],[-78.61051,-6.30572],[-78.6002,-6.30388],[-78.59328,-6.30669],[-78.56946,-6.30232],[-78.55873,-6.29407],[-78.53951,-6.288],[-78.52666,-6.29189],[-78.51472,-6.29021],[-78.51142,-6.28697],[-78.5043,-6.29481],[-78.5027,-6.30788],[-78.49845,-6.3213],[-78.48838,-6.3335],[-78.49196,-6.34336],[-78.50094,-6.35108],[-78.50425,-6.36778],[-78.51465,-6.37588],[-78.51843,-6.3824],[-78.53783,-6.38186],[-78.55116,-6.38388],[-78.57478,-6.37082],[-78.5854,-6.36081],[-78.59112,-6.37279],[-78.6076,-6.37699],[-78.61917,-6.3746],[-78.64452,-6.3743],[-78.64717,-6.36837],[-78.65219,-6.36986],[-78.66219,-6.36528],[-78.67254,-6.33748],[-78.67177,-6.33268],[-78.66774,-6.31504],[-78.65076,-6.31354]]]}},{"type":"Feature","properties":{"ubigeo":"060403","nombre":"Chadin"},"geometry":{"type":"Polygon","coordinates":[[[-78.36604,-6.48327],[-78.37229,-6.48379],[-78.38683,-6.47762],[-78.39456,-6.48121],[-78.4115,-6.47588],[-78.42088,-6.48083],[-78.43427,-6.48328],[-78.44044,-6.48055],[-78.44676,-6.45959],[-78.44608,-6.45409],[-78.43938,-6.44601],[-78.43986,-6.42344],[-78.44552,-6.41388],[-78.44933,-6.40134],[-78.44441,-6.39588],[-78.42974,-6.38865],[-78.41768,-6.3849],[-78.41144,-6.38763],[-78.39477,-6.40813],[-78.3959,-6.41764],[-78.37978,-6.43485],[-78.38179,-6.44122],[-78.38099,-6.45516],[-78.36546,-6.47215],[-78.36604,-6.48327]]]}},{"type":"Feature","properties":{"ubigeo":"060404","nombre":"Chiguirip"},"geometry":{"type":"Polygon","coordinates":[[[-78.7097,-6.46048],[-78.72428,-6.46515],[-78.73222,-6.45989],[-78.73837,-6.4482],[-78.7459,-6.44245],[-78.74535,-6.42443],[-78.74714,-6.42091],[-78.72904,-6.4136],[-78.72677,-6.40423],[-78.71827,-6.40039],[-78.711,-6.39055],[-78.69369,-6.38915],[-78.68881,-6.38482],[-78.67908,-6.38514],[-78.66609,-6.39985],[-78.67808,-6.40383],[-78.68224,-6.4224],[-78.67651,-6.43259],[-78.68214,-6.43872],[-78.68497,-6.44979],[-78.69869,-6.45442],[-78.7097,-6.46048]]]}},{"type":"Feature","properties":{"ubigeo":"060405","nombre":"Chimban"},"geometry":{"type":"Polygon","coordinates":[[[-78.45212,-6.37589],[-78.45931,-6.36492],[-78.48243,-6.34271],[-78.48838,-6.3335],[-78.49845,-6.3213],[-78.5027,-6.30788],[-78.5043,-6.29481],[-78.51142,-6.28697],[-78.50868,-6.27985],[-78.51155,-6.25702],[-78.50929,-6.24576],[-78.51327,-6.24128],[-78.50618,-6.2344],[-78.4918,-6.22505],[-78.47847,-6.22926],[-78.46444,-6.25461],[-78.45444,-6.25603],[-78.444,-6.2463],[-78.4281,-6.23963],[-78.41883,-6.23283],[-78.41143,-6.22189],[-78.40282,-6.21873],[-78.40162,-6.22597],[-78.38026,-6.23074],[-78.37009,-6.23908],[-78.37221,-6.25258],[-78.36999,-6.26541],[-78.36513,-6.28077],[-78.35973,-6.28125],[-78.37122,-6.28765],[-78.38603,-6.2854],[-78.40075,-6.27173],[-78.411,-6.28357],[-78.41025,-6.29138],[-78.41832,-6.29715],[-78.43497,-6.31645],[-78.43653,-6.3224],[-78.42839,-6.33768],[-78.43285,-6.35363],[-78.45212,-6.37589]]]}},{"type":"Feature","properties":{"ubigeo":"060406","nombre":"Choropampa"},"geometry":{"type":"Polygon","coordinates":[[[-78.32746,-6.35632],[-78.319,-6.35702],[-78.30557,-6.36792],[-78.29952,-6.37538],[-78.29354,-6.37179],[-78.27793,-6.38896],[-78.29714,-6.40105],[-78.29785,-6.40625],[-78.31531,-6.42974],[-78.32135,-6.44997],[-78.32564,-6.45223],[-78.33725,-6.44966],[-78.35684,-6.46066],[-78.36546,-6.47215],[-78.38099,-6.45516],[-78.38179,-6.44122],[-78.37978,-6.43485],[-78.3959,-6.41764],[-78.39477,-6.40813],[-78.41144,-6.38763],[-78.41768,-6.3849],[-78.42974,-6.38865],[-78.44441,-6.39588],[-78.44933,-6.40134],[-78.44606,-6.38482],[-78.45212,-6.37589],[-78.43285,-6.35363],[-78.42839,-6.33768],[-78.43653,-6.3224],[-78.43497,-6.31645],[-78.41832,-6.29715],[-78.41025,-6.29138],[-78.411,-6.28357],[-78.40075,-6.27173],[-78.38603,-6.2854],[-78.37122,-6.28765],[-78.35973,-6.28125],[-78.35642,-6.29543],[-78.34774,-6.29854],[-78.33539,-6.31868],[-78.33287,-6.33645],[-78.33373,-6.35098],[-78.32746,-6.35632]]]}},{"type":"Feature","properties":{"ubigeo":"060407","nombre":"Cochabamba"},"geometry":{"type":"Polygon","coordinates":[[[-78.77665,-6.56311],[-78.78619,-6.56145],[-78.79312,-6.55302],[-78.80685,-6.55578],[-78.81422,-6.54704],[-78.81707,-6.53214],[-78.82326,-6.52574],[-78.8481,-6.52331],[-78.85625,-6.52104],[-78.87142,-6.52152],[-78.87469,-6.52425],[-78.89238,-6.52627],[-78.8902,-6.52312],[-78.89542,-6.50808],[-78.8906,-6.49735],[-78.89172,-6.48808],[-78.89905,-6.49547],[-78.9059,-6.4963],[-78.90664,-6.49061],[-78.89993,-6.48416],[-78.91023,-6.46945],[-78.91378,-6.47074],[-78.92372,-6.46536],[-78.92417,-6.4517],[-78.92041,-6.43948],[-78.89803,-6.42732],[-78.89296,-6.43118],[-78.87619,-6.43739],[-78.86144,-6.43799],[-78.84783,-6.43219],[-78.83245,-6.42845],[-78.82273,-6.43334],[-78.81139,-6.43402],[-78.7958,-6.44144],[-78.79907,-6.44776],[-78.8081,-6.45335],[-78.81331,-6.46909],[-78.82424,-6.47966],[-78.84028,-6.4815],[-78.84396,-6.48898],[-78.83319,-6.49616],[-78.82247,-6.49678],[-78.80556,-6.50601],[-78.78713,-6.53883],[-78.77118,-6.54575],[-78.76668,-6.55038],[-78.77171,-6.56051],[-78.77665,-6.56311]]]}},{"type":"Feature","properties":{"ubigeo":"060408","nombre":"Conchan"},"geometry":{"type":"Polygon","coordinates":[[[-78.54769,-6.57069],[-78.5646,-6.5619],[-78.57502,-6.5543],[-78.58538,-6.53266],[-78.59003,-6.53021],[-78.59046,-6.51781],[-78.60708,-6.50861],[-78.61011,-6.49771],[-78.6321,-6.48303],[-78.65237,-6.47186],[-78.6684,-6.47417],[-78.67418,-6.46945],[-78.68603,-6.46852],[-78.69763,-6.46193],[-78.7097,-6.46048],[-78.69869,-6.45442],[-78.68497,-6.44979],[-78.68214,-6.43872],[-78.67651,-6.43259],[-78.68224,-6.4224],[-78.67808,-6.40383],[-78.66609,-6.39985],[-78.66146,-6.39977],[-78.65809,-6.41899],[-78.65064,-6.42249],[-78.64684,-6.42959],[-78.63729,-6.43214],[-78.63386,-6.42497],[-78.62235,-6.4135],[-78.60961,-6.4065],[-78.60311,-6.41622],[-78.59618,-6.41553],[-78.57126,-6.43269],[-78.56217,-6.43404],[-78.55569,-6.44028],[-78.54189,-6.44411],[-78.53943,-6.46008],[-78.54292,-6.4654],[-78.53393,-6.48212],[-78.5425,-6.49628],[-78.54264,-6.51316],[-78.54671,-6.52856],[-78.54963,-6.56549],[-78.54769,-6.57069]]]}},{"type":"Feature","properties":{"ubigeo":"060409","nombre":"Huambos"},"geometry":{"type":"Polygon","coordinates":[[[-78.89238,-6.52627],[-78.90128,-6.52864],[-78.90901,-6.52623],[-78.91728,-6.51922],[-78.92778,-6.50364],[-78.93613,-6.50675],[-78.94824,-6.51937],[-78.95271,-6.52716],[-78.96586,-6.5318],[-78.97605,-6.52813],[-78.97918,-6.51892],[-78.98845,-6.51174],[-79.00248,-6.51506],[-79.02385,-6.51277],[-79.04207,-6.49548],[-79.05088,-6.48302],[-79.05712,-6.48288],[-79.06332,-6.47325],[-79.05934,-6.46674],[-79.06114,-6.45685],[-79.06744,-6.44482],[-79.06156,-6.44562],[-79.04415,-6.44059],[-79.0322,-6.42376],[-79.02158,-6.41341],[-79.00004,-6.40408],[-78.9957,-6.39476],[-78.98789,-6.38965],[-78.9893,-6.37825],[-78.99493,-6.37267],[-78.98682,-6.35446],[-78.97333,-6.34121],[-78.96349,-6.33732],[-78.95777,-6.33041],[-78.95211,-6.33489],[-78.93797,-6.34012],[-78.93227,-6.34603],[-78.92296,-6.36467],[-78.9164,-6.37093],[-78.9165,-6.38065],[-78.91237,-6.38635],[-78.91354,-6.4038],[-78.91018,-6.40583],[-78.90512,-6.42008],[-78.89803,-6.42732],[-78.92041,-6.43948],[-78.92417,-6.4517],[-78.92372,-6.46536],[-78.91378,-6.47074],[-78.91023,-6.46945],[-78.89993,-6.48416],[-78.90664,-6.49061],[-78.9059,-6.4963],[-78.89905,-6.49547],[-78.89172,-6.48808],[-78.8906,-6.49735],[-78.89542,-6.50808],[-78.8902,-6.52312],[-78.89238,-6.52627]]]}},{"type":"Feature","properties":{"ubigeo":"060410","nombre":"Lajas"},"geometry":{"type":"Polygon","coordinates":[[[-78.67185,-6.66141],[-78.70504,-6.64165],[-78.72309,-6.62946],[-78.72951,-6.63311],[-78.7435,-6.62646],[-78.75285,-6.63232],[-78.75802,-6.63212],[-78.75808,-6.6209],[-78.76303,-6.60866],[-78.75971,-6.59685],[-78.77064,-6.58127],[-78.78599,-6.58249],[-78.78667,-6.57788],[-78.77987,-6.57206],[-78.77665,-6.56311],[-78.77171,-6.56051],[-78.76668,-6.55038],[-78.76356,-6.54053],[-78.75687,-6.5356],[-78.75891,-6.52212],[-78.75811,-6.51038],[-78.75483,-6.50676],[-78.7494,-6.4901],[-78.74781,-6.4755],[-78.73949,-6.47237],[-78.72629,-6.4865],[-78.72917,-6.49395],[-78.72517,-6.51293],[-78.71365,-6.52556],[-78.70535,-6.54279],[-78.69677,-6.53687],[-78.69216,-6.53986],[-78.69029,-6.55871],[-78.69862,-6.58948],[-78.69715,-6.5987],[-78.68645,-6.60549],[-78.68035,-6.62191],[-78.6717,-6.63209],[-78.67185,-6.66141]]]}},{"type":"Feature","properties":{"ubigeo":"060411","nombre":"Llama"},"geometry":{"type":"Polygon","coordinates":[[[-79.02385,-6.51277],[-79.03489,-6.51546],[-79.04776,-6.5248],[-79.05594,-6.51636],[-79.06602,-6.52301],[-79.0742,-6.53381],[-79.08588,-6.55771],[-79.08743,-6.57254],[-79.09261,-6.58364],[-79.09352,-6.59905],[-79.09927,-6.60948],[-79.1184,-6.6285],[-79.12684,-6.63222],[-79.1494,-6.63056],[-79.16719,-6.62507],[-79.1755,-6.62829],[-79.19317,-6.62845],[-79.20227,-6.62137],[-79.21256,-6.61955],[-79.22139,-6.61254],[-79.22918,-6.6136],[-79.24916,-6.60885],[-79.24024,-6.61766],[-79.22906,-6.67141],[-79.24191,-6.67208],[-79.25074,-6.67722],[-79.27187,-6.68027],[-79.29642,-6.67567],[-79.29815,-6.66282],[-79.30402,-6.65161],[-79.32193,-6.64687],[-79.32536,-6.64066],[-79.34363,-6.64673],[-79.35074,-6.63975],[-79.36233,-6.63354],[-79.353,-6.62701],[-79.3498,-6.61487],[-79.34416,-6.60596],[-79.33597,-6.60281],[-79.31752,-6.60233],[-79.31243,-6.59399],[-79.29768,-6.58767],[-79.28337,-6.58484],[-79.28511,-6.57096],[-79.27479,-6.57126],[-79.26726,-6.56775],[-79.25728,-6.5765],[-79.24895,-6.59647],[-79.24643,-6.5783],[-79.23629,-6.56573],[-79.19805,-6.53183],[-79.19595,-6.51616],[-79.1985,-6.50723],[-79.20432,-6.49945],[-79.20463,-6.48329],[-79.2109,-6.47929],[-79.2171,-6.45897],[-79.21591,-6.4519],[-79.20759,-6.44116],[-79.20469,-6.42864],[-79.19284,-6.41637],[-79.17873,-6.40529],[-79.15552,-6.39913],[-79.13582,-6.39856],[-79.12919,-6.39569],[-79.11791,-6.39986],[-79.09542,-6.40038],[-79.08578,-6.40637],[-79.08315,-6.41255],[-79.0808,-6.43188],[-79.07751,-6.43908],[-79.06744,-6.44482],[-79.06114,-6.45685],[-79.05934,-6.46674],[-79.06332,-6.47325],[-79.05712,-6.48288],[-79.05088,-6.48302],[-79.04207,-6.49548],[-79.02385,-6.51277]]]}},{"type":"Feature","properties":{"ubigeo":"060412","nombre":"Miracosta"},"geometry":{"type":"Polygon","coordinates":[[[-79.19719,-6.35754],[-79.20848,-6.35871],[-79.2144,-6.3544],[-79.2257,-6.35773],[-79.22367,-6.36106],[-79.22847,-6.3731],[-79.228,-6.38559],[-79.24046,-6.3928],[-79.2483,-6.40972],[-79.25362,-6.41038],[-79.26252,-6.42168],[-79.27346,-6.43119],[-79.27559,-6.44245],[-79.27949,-6.44416],[-79.28277,-6.46043],[-79.28173,-6.47367],[-79.28541,-6.4782],[-79.28384,-6.49863],[-79.29066,-6.51357],[-79.28952,-6.52345],[-79.29639,-6.53333],[-79.30979,-6.54249],[-79.31605,-6.55209],[-79.32679,-6.5551],[-79.31633,-6.57974],[-79.31671,-6.5867],[-79.31243,-6.59399],[-79.31752,-6.60233],[-79.33597,-6.60281],[-79.34668,-6.5825],[-79.34973,-6.57186],[-79.35789,-6.5689],[-79.34933,-6.56202],[-79.34588,-6.55247],[-79.34842,-6.54483],[-79.34411,-6.53499],[-79.33268,-6.53092],[-79.32026,-6.50835],[-79.31251,-6.50635],[-79.3071,-6.49378],[-79.30324,-6.4922],[-79.29751,-6.4774],[-79.29779,-6.46655],[-79.31059,-6.45],[-79.31888,-6.44338],[-79.32096,-6.43732],[-79.34032,-6.41579],[-79.33158,-6.41548],[-79.32669,-6.40838],[-79.33052,-6.39929],[-79.33904,-6.39315],[-79.35517,-6.39177],[-79.35915,-6.38628],[-79.38057,-6.38247],[-79.39259,-6.3745],[-79.40638,-6.3701],[-79.4196,-6.37307],[-79.42799,-6.37065],[-79.43664,-6.37347],[-79.44705,-6.3702],[-79.45255,-6.37258],[-79.45857,-6.3721],[-79.44438,-6.36149],[-79.44543,-6.35508],[-79.42656,-6.3289],[-79.42768,-6.3174],[-79.42266,-6.31043],[-79.41609,-6.3086],[-79.40899,-6.3121],[-79.39993,-6.309],[-79.38794,-6.29829],[-79.37105,-6.29958],[-79.36381,-6.30355],[-79.35356,-6.30429],[-79.34466,-6.28774],[-79.34569,-6.28314],[-79.32903,-6.26627],[-79.32179,-6.26306],[-79.31234,-6.26527],[-79.30844,-6.27005],[-79.30049,-6.26747],[-79.28474,-6.2545],[-79.27639,-6.23986],[-79.27905,-6.22926],[-79.27268,-6.22576],[-79.25226,-6.22669],[-79.24917,-6.22178],[-79.24373,-6.21539],[-79.22228,-6.21198],[-79.22237,-6.22672],[-79.2164,-6.23136],[-79.21723,-6.24434],[-79.21206,-6.25022],[-79.20608,-6.24902],[-79.2112,-6.26131],[-79.21083,-6.27781],[-79.20895,-6.29066],[-79.20423,-6.29881],[-79.20713,-6.30151],[-79.20847,-6.32081],[-79.19977,-6.33421],[-79.20006,-6.34767],[-79.19719,-6.35754]]]}},{"type":"Feature","properties":{"ubigeo":"060413","nombre":"Paccha"},"geometry":{"type":"Polygon","coordinates":[[[-78.33902,-6.57895],[-78.34587,-6.58391],[-78.35344,-6.57669],[-78.36326,-6.57259],[-78.38982,-6.57878],[-78.40718,-6.59316],[-78.41297,-6.59586],[-78.42611,-6.58064],[-78.43771,-6.57029],[-78.43749,-6.55994],[-78.4367,-6.53369],[-78.44058,-6.51682],[-78.43813,-6.50145],[-78.4338,-6.49455],[-78.43427,-6.48328],[-78.42088,-6.48083],[-78.4115,-6.47588],[-78.39456,-6.48121],[-78.38683,-6.47762],[-78.37229,-6.48379],[-78.36604,-6.48327],[-78.3681,-6.48712],[-78.36604,-6.50845],[-78.36142,-6.5202],[-78.35536,-6.5243],[-78.35349,-6.53487],[-78.35518,-6.55377],[-78.3526,-6.56463],[-78.33902,-6.57895]]]}},{"type":"Feature","properties":{"ubigeo":"060414","nombre":"Pion"},"geometry":{"type":"Polygon","coordinates":[[[-78.51327,-6.24128],[-78.51798,-6.23621],[-78.52994,-6.21434],[-78.53007,-6.20175],[-78.53366,-6.19193],[-78.53348,-6.18247],[-78.52881,-6.17554],[-78.51803,-6.16103],[-78.51625,-6.14638],[-78.52224,-6.13864],[-78.51554,-6.11714],[-78.51796,-6.10981],[-78.51508,-6.09865],[-78.5082,-6.0858],[-78.49861,-6.08927],[-78.49844,-6.1025],[-78.48265,-6.10903],[-78.47728,-6.11483],[-78.47901,-6.12621],[-78.47584,-6.13263],[-78.46739,-6.13464],[-78.4605,-6.14817],[-78.43816,-6.16569],[-78.43702,-6.17363],[-78.42745,-6.17991],[-78.41973,-6.18842],[-78.41695,-6.19348],[-78.41899,-6.20571],[-78.41424,-6.21381],[-78.40282,-6.21873],[-78.41143,-6.22189],[-78.41883,-6.23283],[-78.4281,-6.23963],[-78.444,-6.2463],[-78.45444,-6.25603],[-78.46444,-6.25461],[-78.47847,-6.22926],[-78.4918,-6.22505],[-78.50618,-6.2344],[-78.51327,-6.24128]]]}},{"type":"Feature","properties":{"ubigeo":"060415","nombre":"Querocoto"},"geometry":{"type":"Polygon","coordinates":[[[-78.95777,-6.33041],[-78.96349,-6.33732],[-78.97333,-6.34121],[-78.98682,-6.35446],[-78.99493,-6.37267],[-78.9893,-6.37825],[-78.98789,-6.38965],[-78.9957,-6.39476],[-79.00004,-6.40408],[-79.02158,-6.41341],[-79.0322,-6.42376],[-79.04415,-6.44059],[-79.06156,-6.44562],[-79.06744,-6.44482],[-79.07751,-6.43908],[-79.0808,-6.43188],[-79.08315,-6.41255],[-79.08578,-6.40637],[-79.09542,-6.40038],[-79.11791,-6.39986],[-79.12919,-6.39569],[-79.13582,-6.39856],[-79.15552,-6.39913],[-79.17873,-6.40529],[-79.18535,-6.38925],[-79.1804,-6.37063],[-79.19308,-6.3688],[-79.19719,-6.35754],[-79.20006,-6.34767],[-79.19977,-6.33421],[-79.20847,-6.32081],[-79.20713,-6.30151],[-79.20423,-6.29881],[-79.20895,-6.29066],[-79.21083,-6.27781],[-79.19926,-6.27073],[-79.17495,-6.27055],[-79.16229,-6.27297],[-79.15097,-6.28042],[-79.14786,-6.28634],[-79.13411,-6.29193],[-79.11931,-6.29129],[-79.11167,-6.30141],[-79.10312,-6.30403],[-79.09586,-6.31603],[-79.0835,-6.32],[-79.07026,-6.30912],[-79.05707,-6.32186],[-79.05455,-6.3292],[-79.04662,-6.32773],[-79.04169,-6.31828],[-79.02951,-6.31712],[-79.02122,-6.31092],[-79.01645,-6.31285],[-79.00966,-6.30196],[-78.99978,-6.30067],[-78.98944,-6.29101],[-78.97604,-6.30541],[-78.97155,-6.31594],[-78.95777,-6.33041]]]}},{"type":"Feature","properties":{"ubigeo":"060416","nombre":"San Juan de Licupis"},"geometry":{"type":"Polygon","coordinates":[[[-79.17873,-6.40529],[-79.19284,-6.41637],[-79.20469,-6.42864],[-79.20759,-6.44116],[-79.21591,-6.4519],[-79.2171,-6.45897],[-79.2109,-6.47929],[-79.20463,-6.48329],[-79.20432,-6.49945],[-79.1985,-6.50723],[-79.19595,-6.51616],[-79.19805,-6.53183],[-79.23629,-6.56573],[-79.24643,-6.5783],[-79.24895,-6.59647],[-79.25728,-6.5765],[-79.26726,-6.56775],[-79.27479,-6.57126],[-79.28511,-6.57096],[-79.28337,-6.58484],[-79.29768,-6.58767],[-79.31243,-6.59399],[-79.31671,-6.5867],[-79.31633,-6.57974],[-79.32679,-6.5551],[-79.31605,-6.55209],[-79.30979,-6.54249],[-79.29639,-6.53333],[-79.28952,-6.52345],[-79.29066,-6.51357],[-79.28384,-6.49863],[-79.28541,-6.4782],[-79.28173,-6.47367],[-79.28277,-6.46043],[-79.27949,-6.44416],[-79.27559,-6.44245],[-79.27346,-6.43119],[-79.26252,-6.42168],[-79.25362,-6.41038],[-79.2483,-6.40972],[-79.24046,-6.3928],[-79.228,-6.38559],[-79.22847,-6.3731],[-79.22367,-6.36106],[-79.2257,-6.35773],[-79.2144,-6.3544],[-79.20848,-6.35871],[-79.19719,-6.35754],[-79.19308,-6.3688],[-79.1804,-6.37063],[-79.18535,-6.38925],[-79.17873,-6.40529]]]}},{"type":"Feature","properties":{"ubigeo":"060417","nombre":"Tacabamba"},"geometry":{"type":"Polygon","coordinates":[[[-78.44933,-6.40134],[-78.44552,-6.41388],[-78.43986,-6.42344],[-78.43938,-6.44601],[-78.44608,-6.45409],[-78.45664,-6.44775],[-78.46237,-6.4492],[-78.47893,-6.44771],[-78.49125,-6.44182],[-78.50757,-6.44843],[-78.52847,-6.43727],[-78.54189,-6.44411],[-78.55569,-6.44028],[-78.56217,-6.43404],[-78.57126,-6.43269],[-78.59618,-6.41553],[-78.60311,-6.41622],[-78.60961,-6.4065],[-78.62235,-6.4135],[-78.63386,-6.42497],[-78.63729,-6.43214],[-78.64684,-6.42959],[-78.65064,-6.42249],[-78.65809,-6.41899],[-78.66146,-6.39977],[-78.66609,-6.39985],[-78.67908,-6.38514],[-78.68881,-6.38482],[-78.69369,-6.38915],[-78.711,-6.39055],[-78.71417,-6.38489],[-78.71409,-6.36848],[-78.69881,-6.36219],[-78.69161,-6.35558],[-78.68905,-6.34294],[-78.67177,-6.33268],[-78.67254,-6.33748],[-78.66219,-6.36528],[-78.65219,-6.36986],[-78.64717,-6.36837],[-78.64452,-6.3743],[-78.61917,-6.3746],[-78.6076,-6.37699],[-78.59112,-6.37279],[-78.5854,-6.36081],[-78.57478,-6.37082],[-78.55116,-6.38388],[-78.53783,-6.38186],[-78.51843,-6.3824],[-78.51465,-6.37588],[-78.50425,-6.36778],[-78.50094,-6.35108],[-78.49196,-6.34336],[-78.48838,-6.3335],[-78.48243,-6.34271],[-78.45931,-6.36492],[-78.45212,-6.37589],[-78.44606,-6.38482],[-78.44933,-6.40134]]]}},{"type":"Feature","properties":{"ubigeo":"060418","nombre":"Tocmoche"},"geometry":{"type":"Polygon","coordinates":[[[-79.43388,-6.48127],[-79.4227,-6.46749],[-79.42289,-6.45188],[-79.42859,-6.44242],[-79.43285,-6.42798],[-79.4376,-6.41986],[-79.44631,-6.41504],[-79.45349,-6.39684],[-79.44699,-6.38593],[-79.44667,-6.37672],[-79.45255,-6.37258],[-79.44705,-6.3702],[-79.43664,-6.37347],[-79.42799,-6.37065],[-79.4196,-6.37307],[-79.40638,-6.3701],[-79.39259,-6.3745],[-79.38057,-6.38247],[-79.35915,-6.38628],[-79.35517,-6.39177],[-79.33904,-6.39315],[-79.33052,-6.39929],[-79.32669,-6.40838],[-79.33158,-6.41548],[-79.34032,-6.41579],[-79.32096,-6.43732],[-79.31888,-6.44338],[-79.31059,-6.45],[-79.29779,-6.46655],[-79.29751,-6.4774],[-79.30324,-6.4922],[-79.3071,-6.49378],[-79.31251,-6.50635],[-79.32026,-6.50835],[-79.33268,-6.53092],[-79.34411,-6.53499],[-79.34842,-6.54483],[-79.34588,-6.55247],[-79.34933,-6.56202],[-79.35789,-6.5689],[-79.36008,-6.55822],[-79.36699,-6.54952],[-79.36569,-6.54207],[-79.36961,-6.5208],[-79.37944,-6.52272],[-79.38795,-6.53142],[-79.39819,-6.53304],[-79.40328,-6.54073],[-79.41868,-6.53696],[-79.42206,-6.53259],[-79.41948,-6.52643],[-79.41704,-6.50635],[-79.42477,-6.48867],[-79.43388,-6.48127]]]}},{"type":"Feature","properties":{"ubigeo":"060419","nombre":"Chalamarca"},"geometry":{"type":"Polygon","coordinates":[[[-78.43427,-6.48328],[-78.4338,-6.49455],[-78.43813,-6.50145],[-78.44058,-6.51682],[-78.4367,-6.53369],[-78.43749,-6.55994],[-78.44162,-6.57186],[-78.44922,-6.56467],[-78.45828,-6.56047],[-78.46544,-6.56734],[-78.4829,-6.57703],[-78.49046,-6.58627],[-78.49888,-6.58751],[-78.50605,-6.60249],[-78.52648,-6.60909],[-78.53196,-6.6085],[-78.53913,-6.58741],[-78.54769,-6.57069],[-78.54963,-6.56549],[-78.54671,-6.52856],[-78.54264,-6.51316],[-78.5425,-6.49628],[-78.53393,-6.48212],[-78.54292,-6.4654],[-78.53943,-6.46008],[-78.54189,-6.44411],[-78.52847,-6.43727],[-78.50757,-6.44843],[-78.49125,-6.44182],[-78.47893,-6.44771],[-78.46237,-6.4492],[-78.45664,-6.44775],[-78.44608,-6.45409],[-78.44676,-6.45959],[-78.44044,-6.48055],[-78.43427,-6.48328]]]}},{"type":"Feature","properties":{"ubigeo":"060501","nombre":"Contumaza"},"geometry":{"type":"Polygon","coordinates":[[[-78.64222,-7.35006],[-78.6524,-7.35131],[-78.65975,-7.36167],[-78.66541,-7.37901],[-78.67655,-7.38361],[-78.68118,-7.39859],[-78.69623,-7.41336],[-78.71333,-7.40964],[-78.73046,-7.41993],[-78.73821,-7.42009],[-78.74527,-7.407],[-78.76012,-7.40198],[-78.76194,-7.40823],[-78.77208,-7.41181],[-78.77973,-7.42365],[-78.78594,-7.41079],[-78.78368,-7.40463],[-78.78991,-7.39515],[-78.80141,-7.40351],[-78.80341,-7.41899],[-78.81038,-7.42293],[-78.84187,-7.41796],[-78.85921,-7.42562],[-78.85824,-7.41003],[-78.86406,-7.38941],[-78.86801,-7.37471],[-78.84746,-7.36635],[-78.83868,-7.35658],[-78.82797,-7.34834],[-78.82096,-7.32575],[-78.82661,-7.31669],[-78.82298,-7.30537],[-78.81599,-7.29748],[-78.79774,-7.29322],[-78.77942,-7.28143],[-78.77491,-7.28218],[-78.77671,-7.29314],[-78.76983,-7.29974],[-78.76117,-7.29341],[-78.74981,-7.28107],[-78.74211,-7.26436],[-78.74798,-7.24415],[-78.74533,-7.22095],[-78.7232,-7.22673],[-78.71147,-7.23267],[-78.70453,-7.24053],[-78.6934,-7.24004],[-78.67311,-7.25102],[-78.66124,-7.255],[-78.64985,-7.25563],[-78.62941,-7.2744],[-78.62133,-7.27301],[-78.6088,-7.2794],[-78.62165,-7.28536],[-78.62978,-7.29871],[-78.63624,-7.31877],[-78.6278,-7.32925],[-78.64222,-7.35006]]]}},{"type":"Feature","properties":{"ubigeo":"060502","nombre":"Chilete"},"geometry":{"type":"Polygon","coordinates":[[[-78.74533,-7.22095],[-78.74798,-7.24415],[-78.74211,-7.26436],[-78.74981,-7.28107],[-78.76117,-7.29341],[-78.76983,-7.29974],[-78.77671,-7.29314],[-78.77491,-7.28218],[-78.77942,-7.28143],[-78.79774,-7.29322],[-78.81599,-7.29748],[-78.85229,-7.29257],[-78.85788,-7.2904],[-78.86193,-7.28154],[-78.87078,-7.28477],[-78.87449,-7.29354],[-78.88449,-7.29741],[-78.8935,-7.29016],[-78.89411,-7.27496],[-78.89795,-7.27381],[-78.9025,-7.25666],[-78.89924,-7.24601],[-78.90575,-7.23563],[-78.90378,-7.22133],[-78.89763,-7.22839],[-78.87712,-7.22488],[-78.86777,-7.22033],[-78.84984,-7.2244],[-78.83694,-7.21928],[-78.83078,-7.22669],[-78.81238,-7.22264],[-78.80794,-7.22424],[-78.79368,-7.22116],[-78.77975,-7.21417],[-78.77176,-7.21739],[-78.75917,-7.21499],[-78.74599,-7.21933],[-78.74533,-7.22095]]]}},{"type":"Feature","properties":{"ubigeo":"060503","nombre":"Cupisnique"},"geometry":{"type":"Polygon","coordinates":[[[-78.9634,-7.38113],[-78.97598,-7.38689],[-78.98928,-7.39043],[-78.99708,-7.40437],[-79.0032,-7.40979],[-79.0116,-7.41197],[-79.01132,-7.41646],[-79.02378,-7.42497],[-79.02981,-7.43413],[-79.04576,-7.43473],[-79.04883,-7.44332],[-79.05902,-7.4552],[-79.05974,-7.46786],[-79.06543,-7.47271],[-79.12276,-7.44164],[-79.15272,-7.43982],[-79.16213,-7.41797],[-79.18711,-7.39764],[-79.18733,-7.38866],[-79.1865,-7.37735],[-79.17743,-7.37389],[-79.16779,-7.36383],[-79.15234,-7.36458],[-79.14663,-7.36146],[-79.13042,-7.36055],[-79.10496,-7.35226],[-79.10006,-7.3483],[-79.09128,-7.33368],[-79.09134,-7.327],[-79.10135,-7.31203],[-79.08362,-7.29458],[-79.06703,-7.29126],[-79.05539,-7.28127],[-79.04687,-7.27779],[-79.04304,-7.27204],[-79.0295,-7.2713],[-79.02217,-7.27825],[-79.00409,-7.28384],[-78.99186,-7.29332],[-78.99666,-7.3071],[-78.99778,-7.31926],[-78.98713,-7.32691],[-78.98306,-7.33823],[-78.98379,-7.34654],[-78.97652,-7.34944],[-78.95144,-7.34975],[-78.95397,-7.36206],[-78.96294,-7.37304],[-78.9634,-7.38113]]]}},{"type":"Feature","properties":{"ubigeo":"060504","nombre":"Guzmango"},"geometry":{"type":"Polygon","coordinates":[[[-78.86406,-7.38941],[-78.86969,-7.39816],[-78.87667,-7.38621],[-78.88481,-7.38124],[-78.88773,-7.38434],[-78.91022,-7.39166],[-78.91865,-7.39264],[-78.92661,-7.38671],[-78.94071,-7.39357],[-78.95163,-7.39085],[-78.9634,-7.38113],[-78.96294,-7.37304],[-78.95397,-7.36206],[-78.95144,-7.34975],[-78.94587,-7.3435],[-78.93641,-7.33901],[-78.91719,-7.32072],[-78.90197,-7.32986],[-78.89187,-7.34682],[-78.89912,-7.35529],[-78.88843,-7.36595],[-78.87241,-7.3638],[-78.86801,-7.37471],[-78.86406,-7.38941]]]}},{"type":"Feature","properties":{"ubigeo":"060505","nombre":"San Benito"},"geometry":{"type":"Polygon","coordinates":[[[-78.86406,-7.38941],[-78.85824,-7.41003],[-78.85921,-7.42562],[-78.84187,-7.41796],[-78.81038,-7.42293],[-78.82094,-7.42599],[-78.83592,-7.4365],[-78.84162,-7.43762],[-78.84776,-7.45277],[-78.85693,-7.45741],[-78.8676,-7.467],[-78.87658,-7.47034],[-78.88669,-7.4841],[-78.86185,-7.4972],[-78.85763,-7.50417],[-78.85749,-7.51243],[-78.85149,-7.52255],[-78.8615,-7.53186],[-78.87393,-7.5312],[-78.89591,-7.53744],[-78.91277,-7.55109],[-78.9139,-7.55832],[-78.92659,-7.57009],[-78.93516,-7.58185],[-78.93649,-7.5949],[-78.94434,-7.59842],[-78.94294,-7.62279],[-78.94219,-7.6272],[-78.95069,-7.64068],[-78.95171,-7.64654],[-78.95938,-7.65559],[-78.96239,-7.65879],[-78.99215,-7.66095],[-79.00648,-7.64524],[-79.00849,-7.63963],[-79.0186,-7.62906],[-79.02642,-7.62545],[-79.03433,-7.60392],[-79.04123,-7.59989],[-79.04372,-7.58804],[-79.04025,-7.58161],[-79.0391,-7.5612],[-79.05985,-7.54668],[-79.06146,-7.5388],[-79.05717,-7.52733],[-79.06595,-7.52081],[-79.06566,-7.51221],[-79.07155,-7.50535],[-79.06911,-7.47962],[-79.06543,-7.47271],[-79.05974,-7.46786],[-79.05902,-7.4552],[-79.04883,-7.44332],[-79.04576,-7.43473],[-79.02981,-7.43413],[-79.02378,-7.42497],[-79.01132,-7.41646],[-79.0116,-7.41197],[-79.0032,-7.40979],[-78.99708,-7.40437],[-78.98928,-7.39043],[-78.97598,-7.38689],[-78.9634,-7.38113],[-78.95163,-7.39085],[-78.94071,-7.39357],[-78.92661,-7.38671],[-78.91865,-7.39264],[-78.91022,-7.39166],[-78.88773,-7.38434],[-78.88481,-7.38124],[-78.87667,-7.38621],[-78.86969,-7.39816],[-78.86406,-7.38941]]]}},{"type":"Feature","properties":{"ubigeo":"060506","nombre":"Santa Cruz de Toledo"},"geometry":{"type":"Polygon","coordinates":[[[-78.86801,-7.37471],[-78.87241,-7.3638],[-78.88843,-7.36595],[-78.89912,-7.35529],[-78.89187,-7.34682],[-78.90197,-7.32986],[-78.91719,-7.32072],[-78.89966,-7.30849],[-78.88936,-7.29801],[-78.88449,-7.29741],[-78.87449,-7.29354],[-78.87078,-7.28477],[-78.86193,-7.28154],[-78.85788,-7.2904],[-78.85229,-7.29257],[-78.81599,-7.29748],[-78.82298,-7.30537],[-78.82661,-7.31669],[-78.82096,-7.32575],[-78.82797,-7.34834],[-78.83868,-7.35658],[-78.84746,-7.36635],[-78.86801,-7.37471]]]}},{"type":"Feature","properties":{"ubigeo":"060507","nombre":"Tantarica"},"geometry":{"type":"Polygon","coordinates":[[[-78.90378,-7.22133],[-78.90575,-7.23563],[-78.89924,-7.24601],[-78.9025,-7.25666],[-78.89795,-7.27381],[-78.89411,-7.27496],[-78.8935,-7.29016],[-78.88449,-7.29741],[-78.88936,-7.29801],[-78.89966,-7.30849],[-78.91719,-7.32072],[-78.93641,-7.33901],[-78.94587,-7.3435],[-78.95144,-7.34975],[-78.97652,-7.34944],[-78.98379,-7.34654],[-78.98306,-7.33823],[-78.98713,-7.32691],[-78.99778,-7.31926],[-78.99666,-7.3071],[-78.99186,-7.29332],[-79.00409,-7.28384],[-79.02217,-7.27825],[-79.0295,-7.2713],[-79.02984,-7.26171],[-79.01365,-7.25554],[-79.00321,-7.26224],[-78.99669,-7.27084],[-78.99183,-7.27199],[-78.97992,-7.25636],[-78.97768,-7.23973],[-78.97921,-7.23402],[-78.97393,-7.22596],[-78.97365,-7.21424],[-78.96338,-7.19685],[-78.95483,-7.18958],[-78.95577,-7.19458],[-78.9437,-7.20487],[-78.93376,-7.2022],[-78.91954,-7.21095],[-78.90378,-7.22133]]]}},{"type":"Feature","properties":{"ubigeo":"060508","nombre":"Yonan"},"geometry":{"type":"Polygon","coordinates":[[[-78.95483,-7.18958],[-78.96338,-7.19685],[-78.97365,-7.21424],[-78.97393,-7.22596],[-78.97921,-7.23402],[-78.97768,-7.23973],[-78.97992,-7.25636],[-78.99183,-7.27199],[-78.99669,-7.27084],[-79.00321,-7.26224],[-79.01365,-7.25554],[-79.02984,-7.26171],[-79.0295,-7.2713],[-79.04304,-7.27204],[-79.04687,-7.27779],[-79.05539,-7.28127],[-79.06703,-7.29126],[-79.08362,-7.29458],[-79.10135,-7.31203],[-79.09134,-7.327],[-79.09128,-7.33368],[-79.10006,-7.3483],[-79.10496,-7.35226],[-79.13042,-7.36055],[-79.14663,-7.36146],[-79.15234,-7.36458],[-79.16779,-7.36383],[-79.17743,-7.37389],[-79.1865,-7.37735],[-79.19372,-7.3738],[-79.23087,-7.39095],[-79.26087,-7.379],[-79.26453,-7.37178],[-79.27311,-7.36699],[-79.27924,-7.35953],[-79.28026,-7.3509],[-79.29312,-7.34726],[-79.29999,-7.35313],[-79.31492,-7.35968],[-79.32252,-7.35453],[-79.33427,-7.35288],[-79.34713,-7.33664],[-79.3656,-7.33241],[-79.36928,-7.32412],[-79.3591,-7.32524],[-79.35033,-7.32192],[-79.33729,-7.31223],[-79.32753,-7.30894],[-79.31399,-7.29496],[-79.30883,-7.28539],[-79.28263,-7.27506],[-79.26892,-7.27841],[-79.27139,-7.25877],[-79.27932,-7.2477],[-79.26977,-7.22706],[-79.27553,-7.21581],[-79.27134,-7.21512],[-79.2518,-7.19835],[-79.23992,-7.19356],[-79.23286,-7.1966],[-79.22165,-7.19417],[-79.21315,-7.19535],[-79.19848,-7.18543],[-79.18662,-7.18936],[-79.18104,-7.18646],[-79.17157,-7.19232],[-79.15408,-7.18664],[-79.14243,-7.19362],[-79.13197,-7.18795],[-79.1244,-7.18058],[-79.10871,-7.19273],[-79.10501,-7.19344],[-79.09596,-7.20717],[-79.09644,-7.21615],[-79.08759,-7.2209],[-79.08559,-7.2456],[-79.0822,-7.25276],[-79.07359,-7.25149],[-79.06747,-7.2441],[-79.05885,-7.2403],[-79.05835,-7.23017],[-79.05156,-7.20884],[-79.04661,-7.2046],[-79.04387,-7.195],[-79.03746,-7.19239],[-79.03529,-7.1863],[-79.02971,-7.18592],[-79.01391,-7.17913],[-79.0054,-7.18018],[-79.00097,-7.18556],[-78.99185,-7.18675],[-78.98611,-7.19184],[-78.97524,-7.18972],[-78.96407,-7.19146],[-78.95483,-7.18958]]]}},{"type":"Feature","properties":{"ubigeo":"060601","nombre":"Cutervo"},"geometry":{"type":"Polygon","coordinates":[[[-78.79211,-6.29509],[-78.78052,-6.30045],[-78.77501,-6.29921],[-78.76426,-6.30325],[-78.7627,-6.31536],[-78.74971,-6.33833],[-78.7404,-6.34588],[-78.73087,-6.34764],[-78.71908,-6.36739],[-78.71409,-6.36848],[-78.71417,-6.38489],[-78.711,-6.39055],[-78.71827,-6.40039],[-78.72677,-6.40423],[-78.72904,-6.4136],[-78.74714,-6.42091],[-78.74535,-6.42443],[-78.7459,-6.44245],[-78.73837,-6.4482],[-78.73222,-6.45989],[-78.73949,-6.47237],[-78.74781,-6.4755],[-78.7494,-6.4901],[-78.75483,-6.50676],[-78.75811,-6.51038],[-78.75891,-6.52212],[-78.75687,-6.5356],[-78.76356,-6.54053],[-78.76668,-6.55038],[-78.77118,-6.54575],[-78.78713,-6.53883],[-78.80556,-6.50601],[-78.82247,-6.49678],[-78.83319,-6.49616],[-78.84396,-6.48898],[-78.84028,-6.4815],[-78.82424,-6.47966],[-78.81331,-6.46909],[-78.8081,-6.45335],[-78.79907,-6.44776],[-78.7958,-6.44144],[-78.81139,-6.43402],[-78.82273,-6.43334],[-78.83245,-6.42845],[-78.84783,-6.43219],[-78.86144,-6.43799],[-78.87619,-6.43739],[-78.89296,-6.43118],[-78.89803,-6.42732],[-78.90512,-6.42008],[-78.91018,-6.40583],[-78.91354,-6.4038],[-78.91237,-6.38635],[-78.9165,-6.38065],[-78.9164,-6.37093],[-78.92296,-6.36467],[-78.93227,-6.34603],[-78.93797,-6.34012],[-78.95211,-6.33489],[-78.95777,-6.33041],[-78.97155,-6.31594],[-78.97604,-6.30541],[-78.98944,-6.29101],[-78.99437,-6.27904],[-78.99495,-6.26927],[-78.97991,-6.26717],[-78.9691,-6.27158],[-78.95178,-6.26841],[-78.94285,-6.27435],[-78.9223,-6.27646],[-78.91017,-6.26856],[-78.89733,-6.27223],[-78.88296,-6.28287],[-78.8736,-6.2962],[-78.87196,-6.3031],[-78.85946,-6.31442],[-78.84652,-6.3099],[-78.83502,-6.31003],[-78.82846,-6.30443],[-78.82217,-6.30502],[-78.82079,-6.29838],[-78.80749,-6.30307],[-78.79645,-6.29956],[-78.79211,-6.29509]]]}},{"type":"Feature","properties":{"ubigeo":"060602","nombre":"Callayuc"},"geometry":{"type":"Polygon","coordinates":[[[-78.81149,-6.18233],[-78.81144,-6.18891],[-78.80523,-6.19538],[-78.80621,-6.20153],[-78.81266,-6.20172],[-78.81993,-6.21035],[-78.82268,-6.2203],[-78.82459,-6.21408],[-78.84133,-6.20203],[-78.86043,-6.19594],[-78.86018,-6.18995],[-78.86877,-6.19211],[-78.88137,-6.20317],[-78.88336,-6.21192],[-78.88198,-6.22591],[-78.8777,-6.23024],[-78.89008,-6.26323],[-78.89733,-6.27223],[-78.91092,-6.25556],[-78.92103,-6.24585],[-78.92559,-6.2331],[-78.93398,-6.22703],[-78.93881,-6.21968],[-78.94354,-6.20383],[-78.95449,-6.20371],[-78.96835,-6.18827],[-78.96314,-6.17367],[-78.96766,-6.16868],[-78.96851,-6.14955],[-78.97437,-6.145],[-78.96822,-6.1334],[-78.97596,-6.12178],[-78.98512,-6.09877],[-78.99035,-6.0958],[-79.00552,-6.10296],[-79.02653,-6.09771],[-79.0315,-6.09443],[-79.02665,-6.07995],[-79.03048,-6.07854],[-79.04319,-6.05954],[-79.05141,-6.05546],[-79.04326,-6.05066],[-79.04279,-6.04557],[-79.02907,-6.04053],[-79.02605,-6.03238],[-79.01613,-6.02237],[-79.00966,-6.02368],[-78.9993,-6.02044],[-78.98942,-6.02334],[-78.97237,-6.02124],[-78.97209,-6.01523],[-78.9656,-6.01227],[-78.93746,-6.02783],[-78.92118,-6.04055],[-78.89745,-6.04417],[-78.89631,-6.06546],[-78.89822,-6.06999],[-78.88578,-6.09716],[-78.88794,-6.10252],[-78.88539,-6.12301],[-78.87923,-6.13597],[-78.85674,-6.15625],[-78.84139,-6.15674],[-78.82954,-6.16102],[-78.81149,-6.18233]]]}},{"type":"Feature","properties":{"ubigeo":"060603","nombre":"Choros"},"geometry":{"type":"Polygon","coordinates":[[[-78.686,-5.90088],[-78.697,-5.91084],[-78.70153,-5.92088],[-78.70791,-5.92124],[-78.72229,-5.93643],[-78.72628,-5.94559],[-78.73917,-5.95658],[-78.74163,-5.96227],[-78.7483,-5.97268],[-78.76163,-5.9859],[-78.7753,-5.9941],[-78.77935,-6.00421],[-78.77783,-6.01748],[-78.78311,-6.02342],[-78.78473,-6.03516],[-78.79112,-6.04529],[-78.79951,-6.05173],[-78.80775,-6.05112],[-78.81679,-6.04656],[-78.81906,-6.04099],[-78.816,-6.02874],[-78.83391,-6.01315],[-78.84924,-6.00879],[-78.86078,-6.00997],[-78.85677,-5.99712],[-78.8579,-5.9851],[-78.85262,-5.9787],[-78.85347,-5.9708],[-78.84834,-5.96349],[-78.84601,-5.95246],[-78.84999,-5.94454],[-78.84626,-5.9365],[-78.83934,-5.9301],[-78.83804,-5.90041],[-78.83301,-5.89202],[-78.8261,-5.89291],[-78.81506,-5.88093],[-78.80128,-5.87449],[-78.78789,-5.87795],[-78.75954,-5.83976],[-78.75181,-5.84071],[-78.74126,-5.83553],[-78.73804,-5.82034],[-78.73286,-5.81627],[-78.73431,-5.80234],[-78.72432,-5.80191],[-78.72061,-5.79253],[-78.71904,-5.78502],[-78.70414,-5.78149],[-78.70057,-5.78522],[-78.70567,-5.80725],[-78.71229,-5.82872],[-78.69915,-5.84076],[-78.69677,-5.85275],[-78.69837,-5.86087],[-78.69133,-5.87196],[-78.69593,-5.88853],[-78.686,-5.90088]]]}},{"type":"Feature","properties":{"ubigeo":"060604","nombre":"Cujillo"},"geometry":{"type":"Polygon","coordinates":[[[-78.5082,-6.0858],[-78.51508,-6.09865],[-78.51796,-6.10981],[-78.51554,-6.11714],[-78.52224,-6.13864],[-78.51625,-6.14638],[-78.51803,-6.16103],[-78.52881,-6.17554],[-78.5476,-6.18486],[-78.55532,-6.18302],[-78.56425,-6.17408],[-78.5702,-6.1604],[-78.56996,-6.15473],[-78.57609,-6.14175],[-78.59286,-6.128],[-78.6095,-6.1225],[-78.61892,-6.11636],[-78.6162,-6.10221],[-78.61605,-6.07488],[-78.60816,-6.06567],[-78.60143,-6.06295],[-78.58872,-6.07608],[-78.57909,-6.0792],[-78.56059,-6.07772],[-78.55583,-6.07128],[-78.54103,-6.07376],[-78.52358,-6.07341],[-78.51586,-6.07206],[-78.50978,-6.07759],[-78.5082,-6.0858]]]}},{"type":"Feature","properties":{"ubigeo":"060605","nombre":"La Ramada"},"geometry":{"type":"Polygon","coordinates":[[[-78.61336,-6.26029],[-78.61229,-6.25565],[-78.62341,-6.24155],[-78.62669,-6.23267],[-78.61446,-6.20927],[-78.60877,-6.22122],[-78.59564,-6.2286],[-78.58661,-6.23087],[-78.58126,-6.22529],[-78.58628,-6.21468],[-78.58543,-6.20923],[-78.57521,-6.20062],[-78.56147,-6.19722],[-78.5476,-6.18486],[-78.52881,-6.17554],[-78.53348,-6.18247],[-78.53366,-6.19193],[-78.53007,-6.20175],[-78.52994,-6.21434],[-78.51798,-6.23621],[-78.53343,-6.24134],[-78.54784,-6.24955],[-78.55554,-6.26322],[-78.56721,-6.27091],[-78.58882,-6.27136],[-78.59626,-6.26448],[-78.61336,-6.26029]]]}},{"type":"Feature","properties":{"ubigeo":"060606","nombre":"Pimpingos"},"geometry":{"type":"Polygon","coordinates":[[[-78.77879,-6.15577],[-78.7726,-6.1425],[-78.78018,-6.12583],[-78.78747,-6.1252],[-78.79294,-6.12038],[-78.79388,-6.11348],[-78.80044,-6.10569],[-78.80424,-6.09535],[-78.81362,-6.08419],[-78.82053,-6.08133],[-78.8276,-6.0592],[-78.83823,-6.05291],[-78.84178,-6.04236],[-78.85761,-6.0371],[-78.87044,-6.02425],[-78.86239,-6.01709],[-78.86078,-6.00997],[-78.84924,-6.00879],[-78.83391,-6.01315],[-78.816,-6.02874],[-78.81906,-6.04099],[-78.81679,-6.04656],[-78.80775,-6.05112],[-78.79951,-6.05173],[-78.79112,-6.04529],[-78.78473,-6.03516],[-78.78311,-6.02342],[-78.77783,-6.01748],[-78.77935,-6.00421],[-78.7753,-5.9941],[-78.76163,-5.9859],[-78.7483,-5.97268],[-78.74163,-5.96227],[-78.73563,-5.97353],[-78.73268,-5.98639],[-78.73929,-5.98998],[-78.74059,-5.99921],[-78.72875,-6.01109],[-78.73226,-6.02286],[-78.72969,-6.03794],[-78.72006,-6.05007],[-78.71435,-6.05206],[-78.73021,-6.06278],[-78.7359,-6.07649],[-78.72443,-6.09277],[-78.71784,-6.09537],[-78.70391,-6.11124],[-78.69981,-6.12111],[-78.69357,-6.12799],[-78.69528,-6.1336],[-78.7068,-6.14131],[-78.71489,-6.13565],[-78.72703,-6.13928],[-78.73267,-6.14722],[-78.74662,-6.15455],[-78.75518,-6.16466],[-78.76336,-6.16877],[-78.77879,-6.15577]]]}},{"type":"Feature","properties":{"ubigeo":"060607","nombre":"Querocotillo"},"geometry":{"type":"Polygon","coordinates":[[[-78.89733,-6.27223],[-78.91017,-6.26856],[-78.9223,-6.27646],[-78.94285,-6.27435],[-78.95178,-6.26841],[-78.9691,-6.27158],[-78.97991,-6.26717],[-78.99495,-6.26927],[-78.99437,-6.27904],[-78.98944,-6.29101],[-78.99978,-6.30067],[-79.00966,-6.30196],[-79.01645,-6.31285],[-79.02122,-6.31092],[-79.02951,-6.31712],[-79.04169,-6.31828],[-79.04662,-6.32773],[-79.05455,-6.3292],[-79.05707,-6.32186],[-79.07026,-6.30912],[-79.0835,-6.32],[-79.09586,-6.31603],[-79.10312,-6.30403],[-79.11167,-6.30141],[-79.11931,-6.29129],[-79.13411,-6.29193],[-79.14786,-6.28634],[-79.15097,-6.28042],[-79.16229,-6.27297],[-79.17495,-6.27055],[-79.19926,-6.27073],[-79.21083,-6.27781],[-79.2112,-6.26131],[-79.20608,-6.24902],[-79.21206,-6.25022],[-79.21723,-6.24434],[-79.2164,-6.23136],[-79.22237,-6.22672],[-79.22228,-6.21198],[-79.24373,-6.21539],[-79.24917,-6.22178],[-79.25413,-6.21655],[-79.25935,-6.19889],[-79.2633,-6.19197],[-79.26573,-6.1793],[-79.27265,-6.16879],[-79.27466,-6.15846],[-79.27253,-6.14673],[-79.25918,-6.14018],[-79.25625,-6.1275],[-79.25297,-6.12512],[-79.24328,-6.10579],[-79.23665,-6.1041],[-79.2339,-6.09307],[-79.22712,-6.09156],[-79.21321,-6.09887],[-79.2112,-6.1046],[-79.19654,-6.11769],[-79.17857,-6.12784],[-79.17226,-6.13435],[-79.15081,-6.12123],[-79.13223,-6.11863],[-79.12006,-6.11238],[-79.10241,-6.11083],[-79.09552,-6.11584],[-79.08618,-6.1096],[-79.08909,-6.09703],[-79.08604,-6.07674],[-79.07952,-6.06523],[-79.05993,-6.05478],[-79.05141,-6.05546],[-79.04319,-6.05954],[-79.03048,-6.07854],[-79.02665,-6.07995],[-79.0315,-6.09443],[-79.02653,-6.09771],[-79.00552,-6.10296],[-78.99035,-6.0958],[-78.98512,-6.09877],[-78.97596,-6.12178],[-78.96822,-6.1334],[-78.97437,-6.145],[-78.96851,-6.14955],[-78.96766,-6.16868],[-78.96314,-6.17367],[-78.96835,-6.18827],[-78.95449,-6.20371],[-78.94354,-6.20383],[-78.93881,-6.21968],[-78.93398,-6.22703],[-78.92559,-6.2331],[-78.92103,-6.24585],[-78.91092,-6.25556],[-78.89733,-6.27223]]]}},{"type":"Feature","properties":{"ubigeo":"060608","nombre":"San Andrés de Cutervo"},"geometry":{"type":"Polygon","coordinates":[[[-78.63428,-6.17808],[-78.63521,-6.19864],[-78.63749,-6.20538],[-78.64395,-6.21008],[-78.66486,-6.21063],[-78.6738,-6.21402],[-78.67801,-6.22517],[-78.67349,-6.24126],[-78.68186,-6.25691],[-78.69393,-6.26756],[-78.70346,-6.27119],[-78.71229,-6.26445],[-78.72472,-6.26268],[-78.73711,-6.26561],[-78.74985,-6.26409],[-78.76599,-6.26887],[-78.77622,-6.26752],[-78.78665,-6.26107],[-78.79487,-6.26114],[-78.80625,-6.25512],[-78.81476,-6.22495],[-78.82268,-6.2203],[-78.81993,-6.21035],[-78.81266,-6.20172],[-78.80621,-6.20153],[-78.80523,-6.19538],[-78.81144,-6.18891],[-78.81149,-6.18233],[-78.80247,-6.1795],[-78.79534,-6.1705],[-78.78783,-6.16806],[-78.78343,-6.15585],[-78.77879,-6.15577],[-78.76336,-6.16877],[-78.76414,-6.17657],[-78.77012,-6.18545],[-78.76254,-6.19409],[-78.76782,-6.20561],[-78.76805,-6.21568],[-78.75744,-6.22291],[-78.74188,-6.22193],[-78.73726,-6.21606],[-78.72557,-6.20897],[-78.71804,-6.21101],[-78.70829,-6.20165],[-78.6953,-6.1951],[-78.68334,-6.19897],[-78.68022,-6.19558],[-78.66276,-6.19117],[-78.65889,-6.19481],[-78.63512,-6.18235],[-78.63428,-6.17808]]]}},{"type":"Feature","properties":{"ubigeo":"060609","nombre":"San Juan de Cutervo"},"geometry":{"type":"Polygon","coordinates":[[[-78.63749,-6.20538],[-78.63521,-6.19864],[-78.63428,-6.17808],[-78.63755,-6.15336],[-78.61993,-6.13147],[-78.61892,-6.11636],[-78.6095,-6.1225],[-78.59286,-6.128],[-78.57609,-6.14175],[-78.56996,-6.15473],[-78.5702,-6.1604],[-78.56425,-6.17408],[-78.55532,-6.18302],[-78.5476,-6.18486],[-78.56147,-6.19722],[-78.57521,-6.20062],[-78.58543,-6.20923],[-78.58628,-6.21468],[-78.58126,-6.22529],[-78.58661,-6.23087],[-78.59564,-6.2286],[-78.60877,-6.22122],[-78.61446,-6.20927],[-78.621,-6.20612],[-78.63749,-6.20538]]]}},{"type":"Feature","properties":{"ubigeo":"060610","nombre":"San Luis de Lucma"},"geometry":{"type":"Polygon","coordinates":[[[-78.51142,-6.28697],[-78.51472,-6.29021],[-78.52666,-6.29189],[-78.53951,-6.288],[-78.55873,-6.29407],[-78.56946,-6.30232],[-78.59328,-6.30669],[-78.6002,-6.30388],[-78.61051,-6.30572],[-78.62832,-6.31236],[-78.65076,-6.31354],[-78.64874,-6.31151],[-78.64939,-6.29401],[-78.64637,-6.28038],[-78.63261,-6.26673],[-78.63261,-6.25819],[-78.62464,-6.25442],[-78.61336,-6.26029],[-78.59626,-6.26448],[-78.58882,-6.27136],[-78.56721,-6.27091],[-78.55554,-6.26322],[-78.54784,-6.24955],[-78.53343,-6.24134],[-78.51798,-6.23621],[-78.51327,-6.24128],[-78.50929,-6.24576],[-78.51155,-6.25702],[-78.50868,-6.27985],[-78.51142,-6.28697]]]}},{"type":"Feature","properties":{"ubigeo":"060611","nombre":"Santa Cruz"},"geometry":{"type":"Polygon","coordinates":[[[-78.81149,-6.18233],[-78.82954,-6.16102],[-78.84139,-6.15674],[-78.85674,-6.15625],[-78.87923,-6.13597],[-78.88539,-6.12301],[-78.88794,-6.10252],[-78.88578,-6.09716],[-78.89822,-6.06999],[-78.89631,-6.06546],[-78.89745,-6.04417],[-78.88784,-6.03669],[-78.87448,-6.03225],[-78.87044,-6.02425],[-78.85761,-6.0371],[-78.84178,-6.04236],[-78.83823,-6.05291],[-78.8276,-6.0592],[-78.82053,-6.08133],[-78.81362,-6.08419],[-78.80424,-6.09535],[-78.80044,-6.10569],[-78.79388,-6.11348],[-78.79294,-6.12038],[-78.78747,-6.1252],[-78.78018,-6.12583],[-78.7726,-6.1425],[-78.77879,-6.15577],[-78.78343,-6.15585],[-78.78783,-6.16806],[-78.79534,-6.1705],[-78.80247,-6.1795],[-78.81149,-6.18233]]]}},{"type":"Feature","properties":{"ubigeo":"060612","nombre":"Santo Domingo de la Capilla"},"geometry":{"type":"Polygon","coordinates":[[[-78.77622,-6.26752],[-78.77971,-6.27865],[-78.79024,-6.28859],[-78.79211,-6.29509],[-78.79645,-6.29956],[-78.80749,-6.30307],[-78.82079,-6.29838],[-78.82217,-6.30502],[-78.82846,-6.30443],[-78.83502,-6.31003],[-78.84652,-6.3099],[-78.85946,-6.31442],[-78.87196,-6.3031],[-78.8736,-6.2962],[-78.88296,-6.28287],[-78.89733,-6.27223],[-78.89008,-6.26323],[-78.8777,-6.23024],[-78.88198,-6.22591],[-78.88336,-6.21192],[-78.88137,-6.20317],[-78.86877,-6.19211],[-78.86018,-6.18995],[-78.86043,-6.19594],[-78.84133,-6.20203],[-78.82459,-6.21408],[-78.82268,-6.2203],[-78.81476,-6.22495],[-78.80625,-6.25512],[-78.79487,-6.26114],[-78.78665,-6.26107],[-78.77622,-6.26752]]]}},{"type":"Feature","properties":{"ubigeo":"060613","nombre":"Santo Tomas"},"geometry":{"type":"Polygon","coordinates":[[[-78.63428,-6.17808],[-78.63512,-6.18235],[-78.65889,-6.19481],[-78.66276,-6.19117],[-78.68022,-6.19558],[-78.68334,-6.19897],[-78.6953,-6.1951],[-78.70829,-6.20165],[-78.71804,-6.21101],[-78.72557,-6.20897],[-78.73726,-6.21606],[-78.74188,-6.22193],[-78.75744,-6.22291],[-78.76805,-6.21568],[-78.76782,-6.20561],[-78.76254,-6.19409],[-78.77012,-6.18545],[-78.76414,-6.17657],[-78.76336,-6.16877],[-78.75518,-6.16466],[-78.74662,-6.15455],[-78.73267,-6.14722],[-78.72703,-6.13928],[-78.71489,-6.13565],[-78.7068,-6.14131],[-78.69528,-6.1336],[-78.69357,-6.12799],[-78.69981,-6.12111],[-78.70391,-6.11124],[-78.71784,-6.09537],[-78.72443,-6.09277],[-78.7359,-6.07649],[-78.73021,-6.06278],[-78.71435,-6.05206],[-78.70671,-6.05953],[-78.70877,-6.06741],[-78.70008,-6.07442],[-78.68783,-6.06012],[-78.68412,-6.06034],[-78.67548,-6.05048],[-78.67517,-6.0453],[-78.66343,-6.03083],[-78.66355,-6.02695],[-78.65393,-6.0119],[-78.64206,-5.99918],[-78.62823,-5.99598],[-78.61903,-6.01236],[-78.61121,-6.01661],[-78.60963,-6.02314],[-78.60693,-6.02774],[-78.60857,-6.05429],[-78.60143,-6.06295],[-78.60816,-6.06567],[-78.61605,-6.07488],[-78.6162,-6.10221],[-78.61892,-6.11636],[-78.61993,-6.13147],[-78.63755,-6.15336],[-78.63428,-6.17808]]]}},{"type":"Feature","properties":{"ubigeo":"060614","nombre":"Socota"},"geometry":{"type":"Polygon","coordinates":[[[-78.65076,-6.31354],[-78.66774,-6.31504],[-78.67177,-6.33268],[-78.68905,-6.34294],[-78.69161,-6.35558],[-78.69881,-6.36219],[-78.71409,-6.36848],[-78.71908,-6.36739],[-78.73087,-6.34764],[-78.7404,-6.34588],[-78.74971,-6.33833],[-78.7627,-6.31536],[-78.76426,-6.30325],[-78.77501,-6.29921],[-78.78052,-6.30045],[-78.79211,-6.29509],[-78.79024,-6.28859],[-78.77971,-6.27865],[-78.77622,-6.26752],[-78.76599,-6.26887],[-78.74985,-6.26409],[-78.73711,-6.26561],[-78.72472,-6.26268],[-78.71229,-6.26445],[-78.70346,-6.27119],[-78.69393,-6.26756],[-78.68186,-6.25691],[-78.67349,-6.24126],[-78.67801,-6.22517],[-78.6738,-6.21402],[-78.66486,-6.21063],[-78.64395,-6.21008],[-78.63749,-6.20538],[-78.621,-6.20612],[-78.61446,-6.20927],[-78.62669,-6.23267],[-78.62341,-6.24155],[-78.61229,-6.25565],[-78.61336,-6.26029],[-78.62464,-6.25442],[-78.63261,-6.25819],[-78.63261,-6.26673],[-78.64637,-6.28038],[-78.64939,-6.29401],[-78.64874,-6.31151],[-78.65076,-6.31354]]]}},{"type":"Feature","properties":{"ubigeo":"060615","nombre":"Toribio Casanova"},"geometry":{"type":"Polygon","coordinates":[[[-78.71435,-6.05206],[-78.72006,-6.05007],[-78.72969,-6.03794],[-78.73226,-6.02286],[-78.72875,-6.01109],[-78.74059,-5.99921],[-78.73929,-5.98998],[-78.73268,-5.98639],[-78.73563,-5.97353],[-78.74163,-5.96227],[-78.73917,-5.95658],[-78.72628,-5.94559],[-78.72229,-5.93643],[-78.70791,-5.92124],[-78.70153,-5.92088],[-78.697,-5.91084],[-78.686,-5.90088],[-78.68277,-5.91108],[-78.6718,-5.91926],[-78.67023,-5.9274],[-78.66289,-5.94157],[-78.65838,-5.95835],[-78.6432,-5.9682],[-78.63586,-5.98874],[-78.62981,-5.98905],[-78.62823,-5.99598],[-78.64206,-5.99918],[-78.65393,-6.0119],[-78.66355,-6.02695],[-78.66343,-6.03083],[-78.67517,-6.0453],[-78.67548,-6.05048],[-78.68412,-6.06034],[-78.68783,-6.06012],[-78.70008,-6.07442],[-78.70877,-6.06741],[-78.70671,-6.05953],[-78.71435,-6.05206]]]}},{"type":"Feature","properties":{"ubigeo":"060701","nombre":"Bambamarca"},"geometry":{"type":"Polygon","coordinates":[[[-78.38662,-6.68813],[-78.3966,-6.69808],[-78.40484,-6.71153],[-78.40626,-6.73008],[-78.40307,-6.73481],[-78.404,-6.75185],[-78.3959,-6.76679],[-78.3987,-6.7773],[-78.39427,-6.79281],[-78.40508,-6.80346],[-78.40197,-6.81506],[-78.41438,-6.81904],[-78.42545,-6.81453],[-78.42531,-6.82056],[-78.43273,-6.82894],[-78.4325,-6.83414],[-78.45348,-6.83419],[-78.45425,-6.82498],[-78.46215,-6.82254],[-78.46596,-6.80684],[-78.48136,-6.80082],[-78.49756,-6.80391],[-78.49818,-6.81057],[-78.50485,-6.81969],[-78.51323,-6.81864],[-78.52312,-6.81066],[-78.52976,-6.79813],[-78.52559,-6.78349],[-78.52646,-6.7742],[-78.5355,-6.76095],[-78.53611,-6.75001],[-78.54463,-6.74397],[-78.54707,-6.73296],[-78.55769,-6.7217],[-78.5661,-6.70461],[-78.56129,-6.69304],[-78.57063,-6.67868],[-78.56251,-6.67427],[-78.56477,-6.67094],[-78.58539,-6.66537],[-78.59246,-6.66627],[-78.6102,-6.65327],[-78.61433,-6.65611],[-78.62331,-6.65334],[-78.61789,-6.64354],[-78.60919,-6.64047],[-78.60561,-6.6355],[-78.59138,-6.63288],[-78.57925,-6.61685],[-78.57481,-6.61628],[-78.5604,-6.59785],[-78.55025,-6.5955],[-78.5402,-6.6053],[-78.53196,-6.6085],[-78.52648,-6.60909],[-78.50605,-6.60249],[-78.49888,-6.58751],[-78.49046,-6.58627],[-78.4829,-6.57703],[-78.46544,-6.56734],[-78.45828,-6.56047],[-78.44922,-6.56467],[-78.44162,-6.57186],[-78.43749,-6.55994],[-78.43771,-6.57029],[-78.42611,-6.58064],[-78.41297,-6.59586],[-78.39963,-6.62084],[-78.40287,-6.6363],[-78.39932,-6.64531],[-78.39022,-6.65288],[-78.38417,-6.67874],[-78.38662,-6.68813]]]}},{"type":"Feature","properties":{"ubigeo":"060702","nombre":"Chugur"},"geometry":{"type":"Polygon","coordinates":[[[-78.65178,-6.68066],[-78.65158,-6.69164],[-78.66584,-6.70544],[-78.65395,-6.72064],[-78.65455,-6.72496],[-78.6675,-6.72751],[-78.67139,-6.73514],[-78.68903,-6.74607],[-78.69478,-6.74324],[-78.70637,-6.7508],[-78.71841,-6.73967],[-78.7221,-6.73422],[-78.72662,-6.71366],[-78.73996,-6.70445],[-78.753,-6.68383],[-78.75521,-6.67683],[-78.76942,-6.65017],[-78.76679,-6.64528],[-78.76069,-6.64024],[-78.75802,-6.63212],[-78.75285,-6.63232],[-78.7435,-6.62646],[-78.72951,-6.63311],[-78.72309,-6.62946],[-78.70504,-6.64165],[-78.67185,-6.66141],[-78.65854,-6.66382],[-78.65597,-6.67799],[-78.65178,-6.68066]]]}},{"type":"Feature","properties":{"ubigeo":"060703","nombre":"Hualgayoc"},"geometry":{"type":"Polygon","coordinates":[[[-78.52976,-6.79813],[-78.53982,-6.81455],[-78.54518,-6.81737],[-78.55275,-6.82945],[-78.56127,-6.83091],[-78.57277,-6.84329],[-78.59044,-6.85012],[-78.5966,-6.86467],[-78.60138,-6.86763],[-78.60737,-6.86288],[-78.60741,-6.85344],[-78.61508,-6.85161],[-78.61218,-6.83351],[-78.62809,-6.82716],[-78.62637,-6.82064],[-78.63258,-6.80814],[-78.62851,-6.80796],[-78.62688,-6.79344],[-78.63792,-6.78212],[-78.63839,-6.77782],[-78.65324,-6.77334],[-78.65635,-6.76897],[-78.67789,-6.76091],[-78.68903,-6.74607],[-78.67139,-6.73514],[-78.6675,-6.72751],[-78.65455,-6.72496],[-78.65395,-6.72064],[-78.66584,-6.70544],[-78.65158,-6.69164],[-78.65178,-6.68066],[-78.6437,-6.67564],[-78.643,-6.66668],[-78.63651,-6.65454],[-78.62331,-6.65334],[-78.61433,-6.65611],[-78.6102,-6.65327],[-78.59246,-6.66627],[-78.58539,-6.66537],[-78.56477,-6.67094],[-78.56251,-6.67427],[-78.57063,-6.67868],[-78.56129,-6.69304],[-78.5661,-6.70461],[-78.55769,-6.7217],[-78.54707,-6.73296],[-78.54463,-6.74397],[-78.53611,-6.75001],[-78.5355,-6.76095],[-78.52646,-6.7742],[-78.52559,-6.78349],[-78.52976,-6.79813]]]}},{"type":"Feature","properties":{"ubigeo":"060801","nombre":"Jaén"},"geometry":{"type":"Polygon","coordinates":[[[-78.84999,-5.94454],[-78.8639,-5.93831],[-78.87476,-5.93857],[-78.88319,-5.93147],[-78.88202,-5.91434],[-78.88741,-5.89428],[-78.88678,-5.88817],[-78.8931,-5.88178],[-78.9,-5.88137],[-78.90511,-5.87352],[-78.91367,-5.86931],[-78.9202,-5.85215],[-78.92133,-5.84119],[-78.92807,-5.81996],[-78.94795,-5.80745],[-78.95626,-5.80458],[-78.96101,-5.79758],[-78.95959,-5.78027],[-78.94984,-5.75286],[-78.9534,-5.73892],[-78.95187,-5.73057],[-78.96071,-5.72622],[-78.96501,-5.7105],[-78.97086,-5.70303],[-78.97052,-5.69681],[-78.9727,-5.68826],[-78.97099,-5.66875],[-78.9674,-5.66373],[-78.95383,-5.65539],[-78.94836,-5.66502],[-78.93421,-5.66555],[-78.9261,-5.6582],[-78.91224,-5.65146],[-78.90364,-5.65413],[-78.88555,-5.64663],[-78.88486,-5.65849],[-78.87596,-5.6746],[-78.86868,-5.67707],[-78.84563,-5.6718],[-78.81592,-5.67332],[-78.81298,-5.66007],[-78.80361,-5.63421],[-78.81211,-5.6243],[-78.79932,-5.61463],[-78.78735,-5.61422],[-78.77892,-5.61895],[-78.78247,-5.63916],[-78.76776,-5.64049],[-78.7551,-5.65032],[-78.74476,-5.65504],[-78.74698,-5.66551],[-78.75372,-5.67733],[-78.76313,-5.68031],[-78.77314,-5.69739],[-78.76576,-5.70729],[-78.77637,-5.72693],[-78.77284,-5.74408],[-78.77582,-5.75134],[-78.78176,-5.75456],[-78.77713,-5.76619],[-78.7592,-5.77921],[-78.73635,-5.78282],[-78.72061,-5.79253],[-78.72432,-5.80191],[-78.73431,-5.80234],[-78.73286,-5.81627],[-78.73804,-5.82034],[-78.74126,-5.83553],[-78.75181,-5.84071],[-78.75954,-5.83976],[-78.78789,-5.87795],[-78.80128,-5.87449],[-78.81506,-5.88093],[-78.8261,-5.89291],[-78.83301,-5.89202],[-78.83804,-5.90041],[-78.83934,-5.9301],[-78.84626,-5.9365],[-78.84999,-5.94454]]]}},{"type":"Feature","properties":{"ubigeo":"060802","nombre":"Bellavista"},"geometry":{"type":"Polygon","coordinates":[[[-78.55054,-5.51678],[-78.55174,-5.53056],[-78.55475,-5.53807],[-78.56408,-5.53828],[-78.56983,-5.54538],[-78.58074,-5.54848],[-78.58509,-5.55497],[-78.58513,-5.56483],[-78.59419,-5.57071],[-78.6,-5.59024],[-78.60812,-5.59615],[-78.60482,-5.60721],[-78.6092,-5.61496],[-78.61818,-5.62069],[-78.62477,-5.63936],[-78.63758,-5.64434],[-78.64881,-5.66227],[-78.65108,-5.67563],[-78.67921,-5.69073],[-78.68633,-5.69889],[-78.6838,-5.70705],[-78.66643,-5.71739],[-78.65663,-5.71798],[-78.65182,-5.72189],[-78.65368,-5.73522],[-78.66856,-5.74164],[-78.68246,-5.74307],[-78.69176,-5.75074],[-78.69472,-5.77705],[-78.70057,-5.78522],[-78.70414,-5.78149],[-78.71904,-5.78502],[-78.72061,-5.79253],[-78.73635,-5.78282],[-78.7592,-5.77921],[-78.77713,-5.76619],[-78.78176,-5.75456],[-78.77582,-5.75134],[-78.77284,-5.74408],[-78.77637,-5.72693],[-78.76576,-5.70729],[-78.77314,-5.69739],[-78.76313,-5.68031],[-78.75372,-5.67733],[-78.74698,-5.66551],[-78.74476,-5.65504],[-78.7551,-5.65032],[-78.76776,-5.64049],[-78.78247,-5.63916],[-78.77892,-5.61895],[-78.78735,-5.61422],[-78.79932,-5.61463],[-78.81211,-5.6243],[-78.83244,-5.60035],[-78.84575,-5.60026],[-78.84971,-5.59697],[-78.85632,-5.59972],[-78.86254,-5.5959],[-78.86749,-5.58584],[-78.8259,-5.56535],[-78.82968,-5.5594],[-78.86368,-5.55569],[-78.88102,-5.55932],[-78.89384,-5.56469],[-78.91198,-5.56618],[-78.92497,-5.56542],[-78.93306,-5.56204],[-78.93174,-5.55322],[-78.92593,-5.5492],[-78.92744,-5.53413],[-78.93362,-5.52828],[-78.93701,-5.51992],[-78.93704,-5.5105],[-78.94657,-5.49295],[-78.94628,-5.48482],[-78.93821,-5.47468],[-78.92485,-5.47463],[-78.92191,-5.47159],[-78.90139,-5.47378],[-78.87735,-5.46725],[-78.87635,-5.47124],[-78.86692,-5.46969],[-78.85995,-5.46314],[-78.84373,-5.45428],[-78.83242,-5.44391],[-78.81964,-5.43797],[-78.80938,-5.4386],[-78.80488,-5.43339],[-78.7839,-5.42654],[-78.77845,-5.41165],[-78.78031,-5.3995],[-78.77793,-5.39146],[-78.76078,-5.37414],[-78.74562,-5.38331],[-78.74905,-5.39188],[-78.72638,-5.39447],[-78.72489,-5.38855],[-78.71728,-5.3979],[-78.70938,-5.39877],[-78.70173,-5.40532],[-78.70628,-5.40902],[-78.70635,-5.42904],[-78.69719,-5.43214],[-78.69632,-5.44977],[-78.70285,-5.45851],[-78.70527,-5.47185],[-78.69956,-5.47166],[-78.69276,-5.46331],[-78.66138,-5.46975],[-78.65222,-5.48129],[-78.63979,-5.48106],[-78.63461,-5.49409],[-78.61742,-5.50142],[-78.60171,-5.50037],[-78.59332,-5.50408],[-78.59039,-5.51464],[-78.57419,-5.52003],[-78.55054,-5.51678]]]}},{"type":"Feature","properties":{"ubigeo":"060803","nombre":"Chontali"},"geometry":{"type":"Polygon","coordinates":[[[-78.97099,-5.66875],[-78.9727,-5.68826],[-78.97052,-5.69681],[-79.00021,-5.69601],[-79.00574,-5.69025],[-79.01618,-5.69836],[-79.02261,-5.69973],[-79.02804,-5.71163],[-79.03615,-5.71816],[-79.04663,-5.72127],[-79.04433,-5.72492],[-79.05081,-5.72481],[-79.06927,-5.734],[-79.08506,-5.72801],[-79.09469,-5.72768],[-79.11251,-5.71941],[-79.1225,-5.7222],[-79.14678,-5.72542],[-79.18064,-5.72519],[-79.19611,-5.73118],[-79.20074,-5.7279],[-79.20446,-5.71017],[-79.21654,-5.69893],[-79.22439,-5.68096],[-79.22916,-5.67932],[-79.23206,-5.66273],[-79.22593,-5.65206],[-79.21762,-5.6466],[-79.21777,-5.63901],[-79.23762,-5.62394],[-79.23961,-5.61615],[-79.24803,-5.6014],[-79.24051,-5.57936],[-79.24017,-5.56429],[-79.23581,-5.56342],[-79.2286,-5.54436],[-79.2349,-5.54471],[-79.2447,-5.53021],[-79.25206,-5.52257],[-79.26085,-5.51819],[-79.25587,-5.50241],[-79.2281,-5.50449],[-79.2136,-5.50849],[-79.19987,-5.50357],[-79.17906,-5.50294],[-79.17318,-5.50785],[-79.16873,-5.52207],[-79.15141,-5.54212],[-79.15206,-5.54416],[-79.13684,-5.55887],[-79.12155,-5.56054],[-79.10997,-5.58512],[-79.08122,-5.59505],[-79.07891,-5.60273],[-79.07067,-5.61439],[-79.05825,-5.60738],[-79.05301,-5.60181],[-79.04708,-5.60207],[-79.01794,-5.61661],[-79.01705,-5.62739],[-78.99973,-5.64475],[-78.98207,-5.64561],[-78.97099,-5.66875]]]}},{"type":"Feature","properties":{"ubigeo":"060804","nombre":"Colasay"},"geometry":{"type":"Polygon","coordinates":[[[-78.84999,-5.94454],[-78.84601,-5.95246],[-78.84834,-5.96349],[-78.85347,-5.9708],[-78.85262,-5.9787],[-78.8579,-5.9851],[-78.85677,-5.99712],[-78.86078,-6.00997],[-78.86239,-6.01709],[-78.87044,-6.02425],[-78.87448,-6.03225],[-78.88784,-6.03669],[-78.89745,-6.04417],[-78.92118,-6.04055],[-78.93746,-6.02783],[-78.9656,-6.01227],[-78.97209,-6.01523],[-78.97237,-6.02124],[-78.98942,-6.02334],[-78.9993,-6.02044],[-79.00966,-6.02368],[-79.01613,-6.02237],[-79.02605,-6.03238],[-79.03825,-6.02763],[-79.053,-6.01338],[-79.06132,-6.01168],[-79.07024,-5.99998],[-79.08115,-5.99995],[-79.08995,-5.98903],[-79.09054,-5.97802],[-79.08599,-5.96144],[-79.0877,-5.95136],[-79.07618,-5.93765],[-79.08658,-5.93447],[-79.0991,-5.92749],[-79.10104,-5.92339],[-79.10837,-5.92211],[-79.1022,-5.90722],[-79.09189,-5.89611],[-79.0821,-5.89078],[-79.07244,-5.87419],[-79.06389,-5.86856],[-79.0544,-5.85801],[-79.05265,-5.85104],[-79.03397,-5.84209],[-79.01657,-5.84365],[-79.01289,-5.83622],[-79.01769,-5.82647],[-79.02555,-5.82353],[-79.02959,-5.8125],[-79.02805,-5.80174],[-79.03154,-5.79597],[-79.034,-5.78133],[-79.03761,-5.7741],[-79.03626,-5.75744],[-79.04046,-5.74243],[-79.03919,-5.73612],[-79.04433,-5.72492],[-79.04663,-5.72127],[-79.03615,-5.71816],[-79.02804,-5.71163],[-79.02261,-5.69973],[-79.01618,-5.69836],[-79.00574,-5.69025],[-79.00021,-5.69601],[-78.97052,-5.69681],[-78.97086,-5.70303],[-78.96501,-5.7105],[-78.96071,-5.72622],[-78.95187,-5.73057],[-78.9534,-5.73892],[-78.94984,-5.75286],[-78.95959,-5.78027],[-78.96101,-5.79758],[-78.95626,-5.80458],[-78.94795,-5.80745],[-78.92807,-5.81996],[-78.92133,-5.84119],[-78.9202,-5.85215],[-78.91367,-5.86931],[-78.90511,-5.87352],[-78.9,-5.88137],[-78.8931,-5.88178],[-78.88678,-5.88817],[-78.88741,-5.89428],[-78.88202,-5.91434],[-78.88319,-5.93147],[-78.87476,-5.93857],[-78.8639,-5.93831],[-78.84999,-5.94454]]]}},{"type":"Feature","properties":{"ubigeo":"060805","nombre":"Huabal"},"geometry":{"type":"Polygon","coordinates":[[[-78.88555,-5.64663],[-78.90364,-5.65413],[-78.91224,-5.65146],[-78.9261,-5.6582],[-78.93421,-5.66555],[-78.94836,-5.66502],[-78.95383,-5.65539],[-78.9492,-5.64654],[-78.94947,-5.62222],[-78.94521,-5.6109],[-78.93793,-5.58093],[-78.93713,-5.56441],[-78.93306,-5.56204],[-78.92497,-5.56542],[-78.91198,-5.56618],[-78.89384,-5.56469],[-78.88102,-5.55932],[-78.86368,-5.55569],[-78.82968,-5.5594],[-78.8259,-5.56535],[-78.86749,-5.58584],[-78.87551,-5.60125],[-78.88369,-5.60262],[-78.89297,-5.60909],[-78.89257,-5.61616],[-78.8844,-5.62841],[-78.8816,-5.64352],[-78.88555,-5.64663]]]}},{"type":"Feature","properties":{"ubigeo":"060806","nombre":"Las Pirias"},"geometry":{"type":"Polygon","coordinates":[[[-78.88555,-5.64663],[-78.8816,-5.64352],[-78.8844,-5.62841],[-78.89257,-5.61616],[-78.89297,-5.60909],[-78.88369,-5.60262],[-78.87551,-5.60125],[-78.86749,-5.58584],[-78.86254,-5.5959],[-78.85632,-5.59972],[-78.84971,-5.59697],[-78.84575,-5.60026],[-78.83244,-5.60035],[-78.81211,-5.6243],[-78.80361,-5.63421],[-78.81298,-5.66007],[-78.81592,-5.67332],[-78.84563,-5.6718],[-78.86868,-5.67707],[-78.87596,-5.6746],[-78.88486,-5.65849],[-78.88555,-5.64663]]]}},{"type":"Feature","properties":{"ubigeo":"060807","nombre":"Pomahuaca"},"geometry":{"type":"Polygon","coordinates":[[[-79.10104,-5.92339],[-79.11066,-5.93153],[-79.11778,-5.94685],[-79.13112,-5.9482],[-79.13602,-5.95242],[-79.13823,-5.96446],[-79.14767,-5.97412],[-79.15175,-5.98513],[-79.1654,-6.00108],[-79.16312,-6.00724],[-79.1763,-6.00558],[-79.18227,-6.01318],[-79.1858,-6.02795],[-79.19,-6.02477],[-79.20396,-6.02406],[-79.21011,-6.04253],[-79.21851,-6.05364],[-79.22399,-6.05501],[-79.2357,-6.04505],[-79.24087,-6.02863],[-79.24769,-6.02991],[-79.26288,-6.02781],[-79.26648,-6.02268],[-79.26342,-6.01574],[-79.26434,-6.00246],[-79.28945,-5.99143],[-79.29398,-5.98666],[-79.30632,-5.98563],[-79.31771,-5.99256],[-79.32243,-6.00037],[-79.32031,-6.02137],[-79.31134,-6.03347],[-79.3119,-6.03907],[-79.31911,-6.04254],[-79.3331,-6.01843],[-79.34503,-6.00656],[-79.34902,-5.97969],[-79.36471,-5.97639],[-79.38885,-5.97881],[-79.39592,-5.97719],[-79.40322,-5.98498],[-79.40966,-6.00057],[-79.41721,-6.00524],[-79.41741,-5.98105],[-79.42051,-5.9721],[-79.39836,-5.94993],[-79.38022,-5.94013],[-79.36741,-5.93722],[-79.35465,-5.91296],[-79.33544,-5.89397],[-79.31675,-5.89094],[-79.31241,-5.89634],[-79.30318,-5.88972],[-79.2913,-5.87175],[-79.2862,-5.8702],[-79.27416,-5.85509],[-79.27305,-5.84765],[-79.26481,-5.8417],[-79.25946,-5.833],[-79.26689,-5.81716],[-79.2501,-5.80186],[-79.24887,-5.79418],[-79.25219,-5.77865],[-79.24501,-5.77265],[-79.24448,-5.76074],[-79.23964,-5.74934],[-79.23996,-5.74019],[-79.23638,-5.73442],[-79.2223,-5.72416],[-79.20859,-5.73247],[-79.20074,-5.7279],[-79.19611,-5.73118],[-79.18064,-5.72519],[-79.14678,-5.72542],[-79.1225,-5.7222],[-79.11251,-5.71941],[-79.09469,-5.72768],[-79.08506,-5.72801],[-79.06927,-5.734],[-79.05081,-5.72481],[-79.04433,-5.72492],[-79.03919,-5.73612],[-79.04046,-5.74243],[-79.03626,-5.75744],[-79.03761,-5.7741],[-79.034,-5.78133],[-79.03154,-5.79597],[-79.02805,-5.80174],[-79.02959,-5.8125],[-79.02555,-5.82353],[-79.01769,-5.82647],[-79.01289,-5.83622],[-79.01657,-5.84365],[-79.03397,-5.84209],[-79.05265,-5.85104],[-79.0544,-5.85801],[-79.06389,-5.86856],[-79.07244,-5.87419],[-79.0821,-5.89078],[-79.09189,-5.89611],[-79.1022,-5.90722],[-79.10837,-5.92211],[-79.10104,-5.92339]]]}},{"type":"Feature","properties":{"ubigeo":"060808","nombre":"Pucara"},"geometry":{"type":"Polygon","coordinates":[[[-79.05141,-6.05546],[-79.05993,-6.05478],[-79.07952,-6.06523],[-79.08604,-6.07674],[-79.08909,-6.09703],[-79.08618,-6.1096],[-79.09552,-6.11584],[-79.10241,-6.11083],[-79.12006,-6.11238],[-79.13223,-6.11863],[-79.15081,-6.12123],[-79.17226,-6.13435],[-79.17857,-6.12784],[-79.19654,-6.11769],[-79.2112,-6.1046],[-79.21321,-6.09887],[-79.19844,-6.10008],[-79.18192,-6.08934],[-79.18393,-6.08044],[-79.18285,-6.06822],[-79.18886,-6.05959],[-79.18319,-6.0486],[-79.1756,-6.04138],[-79.1858,-6.02795],[-79.18227,-6.01318],[-79.1763,-6.00558],[-79.16312,-6.00724],[-79.1654,-6.00108],[-79.15175,-5.98513],[-79.14767,-5.97412],[-79.13823,-5.96446],[-79.13602,-5.95242],[-79.13112,-5.9482],[-79.11778,-5.94685],[-79.11066,-5.93153],[-79.10104,-5.92339],[-79.0991,-5.92749],[-79.08658,-5.93447],[-79.07618,-5.93765],[-79.0877,-5.95136],[-79.08599,-5.96144],[-79.09054,-5.97802],[-79.08995,-5.98903],[-79.08115,-5.99995],[-79.07024,-5.99998],[-79.06132,-6.01168],[-79.053,-6.01338],[-79.03825,-6.02763],[-79.02605,-6.03238],[-79.02907,-6.04053],[-79.04279,-6.04557],[-79.04326,-6.05066],[-79.05141,-6.05546]]]}},{"type":"Feature","properties":{"ubigeo":"060809","nombre":"Sallique"},"geometry":{"type":"Polygon","coordinates":[[[-79.22439,-5.68096],[-79.22898,-5.69308],[-79.23708,-5.69714],[-79.23832,-5.70321],[-79.24754,-5.70817],[-79.25712,-5.70637],[-79.27429,-5.7088],[-79.2903,-5.70874],[-79.30358,-5.71642],[-79.30566,-5.72651],[-79.31317,-5.73507],[-79.32669,-5.73802],[-79.33322,-5.74817],[-79.34093,-5.73765],[-79.35823,-5.73171],[-79.39181,-5.72686],[-79.39923,-5.72852],[-79.39711,-5.72278],[-79.39827,-5.69937],[-79.38451,-5.68027],[-79.38414,-5.65739],[-79.378,-5.64772],[-79.3828,-5.63626],[-79.37951,-5.63061],[-79.37628,-5.60679],[-79.37213,-5.59803],[-79.38054,-5.58952],[-79.37856,-5.58295],[-79.38025,-5.5704],[-79.39013,-5.55826],[-79.3995,-5.53875],[-79.39862,-5.53348],[-79.38698,-5.52237],[-79.37287,-5.52505],[-79.36784,-5.52871],[-79.35222,-5.52749],[-79.33746,-5.53005],[-79.32896,-5.5351],[-79.32049,-5.53124],[-79.31066,-5.52006],[-79.29306,-5.52545],[-79.28195,-5.52523],[-79.27596,-5.51974],[-79.26619,-5.50753],[-79.25587,-5.50241],[-79.26085,-5.51819],[-79.25206,-5.52257],[-79.2447,-5.53021],[-79.2349,-5.54471],[-79.2286,-5.54436],[-79.23581,-5.56342],[-79.24017,-5.56429],[-79.24051,-5.57936],[-79.24803,-5.6014],[-79.23961,-5.61615],[-79.23762,-5.62394],[-79.21777,-5.63901],[-79.21762,-5.6466],[-79.22593,-5.65206],[-79.23206,-5.66273],[-79.22916,-5.67932],[-79.22439,-5.68096]]]}},{"type":"Feature","properties":{"ubigeo":"060810","nombre":"San Felipe"},"geometry":{"type":"Polygon","coordinates":[[[-79.33544,-5.89397],[-79.33972,-5.88973],[-79.33916,-5.88198],[-79.35364,-5.87112],[-79.3549,-5.86095],[-79.35028,-5.85595],[-79.35577,-5.85193],[-79.35854,-5.84358],[-79.36304,-5.8425],[-79.37626,-5.82405],[-79.37831,-5.81468],[-79.376,-5.80053],[-79.38914,-5.79355],[-79.39815,-5.77448],[-79.40155,-5.74925],[-79.39923,-5.72852],[-79.39181,-5.72686],[-79.35823,-5.73171],[-79.34093,-5.73765],[-79.33322,-5.74817],[-79.32669,-5.73802],[-79.31317,-5.73507],[-79.30566,-5.72651],[-79.30358,-5.71642],[-79.2903,-5.70874],[-79.27429,-5.7088],[-79.25712,-5.70637],[-79.24754,-5.70817],[-79.23832,-5.70321],[-79.23708,-5.69714],[-79.22898,-5.69308],[-79.22439,-5.68096],[-79.21654,-5.69893],[-79.20446,-5.71017],[-79.20074,-5.7279],[-79.20859,-5.73247],[-79.2223,-5.72416],[-79.23638,-5.73442],[-79.23996,-5.74019],[-79.23964,-5.74934],[-79.24448,-5.76074],[-79.24501,-5.77265],[-79.25219,-5.77865],[-79.24887,-5.79418],[-79.2501,-5.80186],[-79.26689,-5.81716],[-79.25946,-5.833],[-79.26481,-5.8417],[-79.27305,-5.84765],[-79.27416,-5.85509],[-79.2862,-5.8702],[-79.2913,-5.87175],[-79.30318,-5.88972],[-79.31241,-5.89634],[-79.31675,-5.89094],[-79.33544,-5.89397]]]}},{"type":"Feature","properties":{"ubigeo":"060811","nombre":"San José del Alto"},"geometry":{"type":"Polygon","coordinates":[[[-78.93821,-5.47468],[-78.94628,-5.48482],[-78.94657,-5.49295],[-78.93704,-5.5105],[-78.93701,-5.51992],[-78.93362,-5.52828],[-78.92744,-5.53413],[-78.92593,-5.5492],[-78.93174,-5.55322],[-78.93306,-5.56204],[-78.93713,-5.56441],[-78.93793,-5.58093],[-78.94521,-5.6109],[-78.94947,-5.62222],[-78.9492,-5.64654],[-78.95383,-5.65539],[-78.9674,-5.66373],[-78.97099,-5.66875],[-78.98207,-5.64561],[-78.99973,-5.64475],[-79.01705,-5.62739],[-79.01794,-5.61661],[-79.04708,-5.60207],[-79.05301,-5.60181],[-79.05825,-5.60738],[-79.07067,-5.61439],[-79.07891,-5.60273],[-79.08122,-5.59505],[-79.10997,-5.58512],[-79.12155,-5.56054],[-79.13684,-5.55887],[-79.15206,-5.54416],[-79.15141,-5.54212],[-79.16873,-5.52207],[-79.17318,-5.50785],[-79.17906,-5.50294],[-79.19987,-5.50357],[-79.19688,-5.49345],[-79.1915,-5.4903],[-79.18909,-5.48027],[-79.19425,-5.46613],[-79.18909,-5.45451],[-79.17888,-5.4525],[-79.16368,-5.43744],[-79.16001,-5.42713],[-79.15241,-5.42098],[-79.15861,-5.41119],[-79.1571,-5.40072],[-79.15024,-5.39413],[-79.13606,-5.3919],[-79.13191,-5.38687],[-79.12241,-5.38768],[-79.11537,-5.37943],[-79.09809,-5.36625],[-79.09096,-5.3809],[-79.08401,-5.40514],[-79.07807,-5.41697],[-79.07845,-5.42401],[-79.0732,-5.42606],[-79.07309,-5.43306],[-79.06663,-5.43649],[-79.06086,-5.44561],[-79.04787,-5.44519],[-79.03681,-5.45254],[-79.01027,-5.44548],[-79.00533,-5.45571],[-78.99674,-5.46382],[-78.98793,-5.46331],[-78.97289,-5.47253],[-78.95634,-5.47148],[-78.95012,-5.47628],[-78.93821,-5.47468]]]}},{"type":"Feature","properties":{"ubigeo":"060812","nombre":"Santa Rosa"},"geometry":{"type":"Polygon","coordinates":[[[-78.55054,-5.51678],[-78.57419,-5.52003],[-78.59039,-5.51464],[-78.59332,-5.50408],[-78.60171,-5.50037],[-78.61742,-5.50142],[-78.63461,-5.49409],[-78.63979,-5.48106],[-78.65222,-5.48129],[-78.66138,-5.46975],[-78.69276,-5.46331],[-78.69956,-5.47166],[-78.70527,-5.47185],[-78.70285,-5.45851],[-78.69632,-5.44977],[-78.69719,-5.43214],[-78.70635,-5.42904],[-78.70628,-5.40902],[-78.70173,-5.40532],[-78.69275,-5.409],[-78.67718,-5.40884],[-78.66845,-5.39797],[-78.66212,-5.3972],[-78.66191,-5.38737],[-78.65166,-5.3826],[-78.63836,-5.3664],[-78.62993,-5.36505],[-78.6143,-5.35408],[-78.59358,-5.33683],[-78.58851,-5.32221],[-78.57543,-5.3141],[-78.55992,-5.33807],[-78.56098,-5.348],[-78.55065,-5.36011],[-78.5396,-5.36559],[-78.53757,-5.37287],[-78.52871,-5.38218],[-78.52268,-5.39436],[-78.51834,-5.39594],[-78.50304,-5.41228],[-78.49118,-5.40909],[-78.48695,-5.40156],[-78.47587,-5.40447],[-78.45514,-5.39545],[-78.45138,-5.38956],[-78.44858,-5.39979],[-78.45879,-5.41667],[-78.45382,-5.4261],[-78.47578,-5.44113],[-78.48723,-5.4456],[-78.48924,-5.45172],[-78.4985,-5.45687],[-78.50669,-5.46523],[-78.51705,-5.47099],[-78.53142,-5.47295],[-78.54308,-5.48177],[-78.55852,-5.49909],[-78.55235,-5.50808],[-78.55054,-5.51678]]]}},{"type":"Feature","properties":{"ubigeo":"060901","nombre":"San Ignacio"},"geometry":{"type":"Polygon","coordinates":[[[-78.89881,-5.19216],[-78.91385,-5.1913],[-78.92445,-5.19977],[-78.94236,-5.20052],[-78.95149,-5.21071],[-78.95229,-5.22061],[-78.95731,-5.23501],[-78.96812,-5.23829],[-78.98253,-5.24934],[-78.99902,-5.24999],[-79.0111,-5.26551],[-79.02058,-5.25521],[-79.02167,-5.25065],[-79.03504,-5.25937],[-79.04166,-5.25746],[-79.0523,-5.23789],[-79.05738,-5.22132],[-79.0692,-5.20264],[-79.07273,-5.19665],[-79.07049,-5.18896],[-79.07271,-5.18104],[-79.07078,-5.1706],[-79.07736,-5.15859],[-79.07843,-5.1455],[-79.09303,-5.12737],[-79.09411,-5.1206],[-79.08913,-5.10525],[-79.08373,-5.10351],[-79.0804,-5.09188],[-79.0735,-5.08533],[-79.07439,-5.0662],[-79.06696,-5.04936],[-79.0687,-5.03814],[-79.05824,-5.0259],[-79.05581,-5.0196],[-79.04409,-5.00317],[-79.03436,-5.01334],[-79.015,-5.01543],[-79.0148,-5.02516],[-79.00965,-5.02657],[-79.00614,-5.03412],[-78.99715,-5.0419],[-78.98393,-5.04574],[-78.97551,-5.05329],[-78.96751,-5.05263],[-78.95696,-5.06045],[-78.95429,-5.08096],[-78.95503,-5.09137],[-78.94725,-5.10148],[-78.94595,-5.10773],[-78.93876,-5.11593],[-78.94223,-5.12518],[-78.92076,-5.14954],[-78.91534,-5.16279],[-78.90094,-5.17009],[-78.9019,-5.18206],[-78.89881,-5.19216]]]}},{"type":"Feature","properties":{"ubigeo":"060902","nombre":"Chirinos"},"geometry":{"type":"Polygon","coordinates":[[[-78.81537,-5.2561],[-78.80652,-5.289],[-78.81267,-5.29889],[-78.81089,-5.30511],[-78.79788,-5.31149],[-78.79754,-5.32089],[-78.793,-5.32727],[-78.7946,-5.3351],[-78.78913,-5.34375],[-78.78737,-5.35456],[-78.77877,-5.36891],[-78.76791,-5.37021],[-78.76078,-5.37414],[-78.77793,-5.39146],[-78.78031,-5.3995],[-78.77845,-5.41165],[-78.7839,-5.42654],[-78.80488,-5.43339],[-78.80938,-5.4386],[-78.81964,-5.43797],[-78.83242,-5.44391],[-78.84784,-5.42946],[-78.84757,-5.42009],[-78.84256,-5.40241],[-78.85022,-5.39158],[-78.85434,-5.39073],[-78.85525,-5.37713],[-78.87651,-5.37159],[-78.88498,-5.36097],[-78.89937,-5.33863],[-78.90694,-5.33254],[-78.91636,-5.33321],[-78.92505,-5.32666],[-78.93792,-5.32878],[-78.96142,-5.32369],[-78.9863,-5.3294],[-78.99584,-5.32635],[-79,-5.32116],[-78.99619,-5.30912],[-79.00245,-5.30314],[-79.00682,-5.29212],[-79.01657,-5.28146],[-79.01584,-5.26806],[-79.0111,-5.26551],[-78.99902,-5.24999],[-78.98253,-5.24934],[-78.96812,-5.23829],[-78.95731,-5.23501],[-78.95229,-5.22061],[-78.95149,-5.21071],[-78.94236,-5.20052],[-78.92445,-5.19977],[-78.91385,-5.1913],[-78.89881,-5.19216],[-78.89851,-5.20539],[-78.89226,-5.2174],[-78.87401,-5.23066],[-78.86077,-5.23278],[-78.85481,-5.2388],[-78.84573,-5.23873],[-78.8425,-5.24318],[-78.83097,-5.24665],[-78.82184,-5.25625],[-78.81537,-5.2561]]]}},{"type":"Feature","properties":{"ubigeo":"060903","nombre":"Huarango"},"geometry":{"type":"Polygon","coordinates":[[[-78.76078,-5.37414],[-78.76791,-5.37021],[-78.77877,-5.36891],[-78.78737,-5.35456],[-78.78913,-5.34375],[-78.7946,-5.3351],[-78.793,-5.32727],[-78.79754,-5.32089],[-78.79788,-5.31149],[-78.81089,-5.30511],[-78.81267,-5.29889],[-78.80652,-5.289],[-78.81537,-5.2561],[-78.81981,-5.24791],[-78.81949,-5.23801],[-78.82354,-5.23105],[-78.81921,-5.2124],[-78.82062,-5.20253],[-78.81449,-5.18786],[-78.80877,-5.18479],[-78.80372,-5.17527],[-78.80608,-5.16978],[-78.7986,-5.1489],[-78.8023,-5.14259],[-78.80112,-5.11982],[-78.80419,-5.09915],[-78.80005,-5.08248],[-78.80088,-5.07199],[-78.80775,-5.06273],[-78.79729,-5.04702],[-78.78899,-5.04221],[-78.78626,-5.02942],[-78.78178,-5.02364],[-78.78639,-5.01124],[-78.77532,-5.00943],[-78.7758,-5.00416],[-78.7702,-4.99553],[-78.76459,-4.99468],[-78.7504,-4.98607],[-78.74774,-4.97112],[-78.74275,-4.96294],[-78.7282,-4.96159],[-78.72577,-4.94993],[-78.71962,-4.94531],[-78.7201,-4.93961],[-78.71428,-4.92955],[-78.69908,-4.92171],[-78.69667,-4.91527],[-78.68199,-4.89736],[-78.68208,-4.87505],[-78.68596,-4.86965],[-78.68337,-4.86204],[-78.68582,-4.85598],[-78.6809,-4.84624],[-78.67899,-4.83008],[-78.67351,-4.82045],[-78.67581,-4.81456],[-78.67208,-4.80929],[-78.67561,-4.80323],[-78.67082,-4.79643],[-78.67374,-4.79082],[-78.67017,-4.78579],[-78.67867,-4.77411],[-78.67446,-4.77453],[-78.66451,-4.76611],[-78.6696,-4.75802],[-78.66741,-4.74237],[-78.6749,-4.74109],[-78.68777,-4.73302],[-78.69359,-4.72402],[-78.69512,-4.71439],[-78.70573,-4.70934],[-78.69907,-4.70266],[-78.70705,-4.69463],[-78.7089,-4.68543],[-78.70733,-4.67592],[-78.7176,-4.66958],[-78.71817,-4.66473],[-78.72786,-4.65909],[-78.74588,-4.6603],[-78.76033,-4.64947],[-78.76868,-4.63971],[-78.76356,-4.63009],[-78.74792,-4.63219],[-78.73531,-4.62587],[-78.71418,-4.6282],[-78.70596,-4.62387],[-78.69817,-4.62965],[-78.69538,-4.63696],[-78.68677,-4.64329],[-78.66379,-4.65602],[-78.65687,-4.64865],[-78.64969,-4.64662],[-78.63794,-4.65798],[-78.64238,-4.6683],[-78.64363,-4.68216],[-78.63578,-4.68538],[-78.63171,-4.69843],[-78.64,-4.70523],[-78.64372,-4.71718],[-78.64466,-4.73645],[-78.63816,-4.74042],[-78.62827,-4.73968],[-78.63113,-4.75731],[-78.62079,-4.76854],[-78.64129,-4.79984],[-78.64129,-4.81167],[-78.63765,-4.81586],[-78.63588,-4.8303],[-78.63188,-4.83645],[-78.63626,-4.84911],[-78.64306,-4.8561],[-78.64538,-4.87096],[-78.64483,-4.88773],[-78.64101,-4.88987],[-78.6451,-4.90747],[-78.65355,-4.92122],[-78.66228,-4.94135],[-78.66298,-4.94909],[-78.67256,-4.95782],[-78.67833,-4.96838],[-78.66777,-4.97866],[-78.65143,-4.97857],[-78.65284,-4.98822],[-78.64305,-5.00606],[-78.64349,-5.02194],[-78.64179,-5.03637],[-78.64746,-5.03933],[-78.65145,-5.0553],[-78.65771,-5.06742],[-78.66751,-5.06771],[-78.6802,-5.07212],[-78.68341,-5.08703],[-78.6955,-5.09347],[-78.70062,-5.10408],[-78.70047,-5.11554],[-78.70394,-5.12371],[-78.70583,-5.14959],[-78.71089,-5.15677],[-78.70911,-5.17963],[-78.70596,-5.1801],[-78.70299,-5.20773],[-78.69968,-5.21225],[-78.69355,-5.23275],[-78.68409,-5.23982],[-78.68843,-5.25495],[-78.68424,-5.26749],[-78.67146,-5.26684],[-78.65443,-5.2743],[-78.64799,-5.29335],[-78.64157,-5.30375],[-78.62615,-5.30637],[-78.61653,-5.30433],[-78.6025,-5.30647],[-78.58658,-5.30584],[-78.57543,-5.3141],[-78.58851,-5.32221],[-78.59358,-5.33683],[-78.6143,-5.35408],[-78.62993,-5.36505],[-78.63836,-5.3664],[-78.65166,-5.3826],[-78.66191,-5.38737],[-78.66212,-5.3972],[-78.66845,-5.39797],[-78.67718,-5.40884],[-78.69275,-5.409],[-78.70173,-5.40532],[-78.70938,-5.39877],[-78.71728,-5.3979],[-78.72489,-5.38855],[-78.72638,-5.39447],[-78.74905,-5.39188],[-78.74562,-5.38331],[-78.76078,-5.37414]]]}},{"type":"Feature","properties":{"ubigeo":"060904","nombre":"La Coipa"},"geometry":{"type":"Polygon","coordinates":[[[-78.83242,-5.44391],[-78.84373,-5.45428],[-78.85995,-5.46314],[-78.86692,-5.46969],[-78.87635,-5.47124],[-78.87735,-5.46725],[-78.90139,-5.47378],[-78.92191,-5.47159],[-78.92485,-5.47463],[-78.93821,-5.47468],[-78.95012,-5.47628],[-78.95634,-5.47148],[-78.97289,-5.47253],[-78.98793,-5.46331],[-78.99674,-5.46382],[-79.00533,-5.45571],[-79.01027,-5.44548],[-79.03681,-5.45254],[-79.04787,-5.44519],[-79.06086,-5.44561],[-79.06663,-5.43649],[-79.07309,-5.43306],[-79.0732,-5.42606],[-79.07845,-5.42401],[-79.07807,-5.41697],[-79.08401,-5.40514],[-79.09096,-5.3809],[-79.09809,-5.36625],[-79.10116,-5.364],[-79.08658,-5.34839],[-79.07935,-5.33165],[-79.08314,-5.32025],[-79.07877,-5.31269],[-79.05823,-5.30785],[-79.05312,-5.30171],[-79.05089,-5.28844],[-79.03831,-5.27396],[-79.02978,-5.26761],[-79.01584,-5.26806],[-79.01657,-5.28146],[-79.00682,-5.29212],[-79.00245,-5.30314],[-78.99619,-5.30912],[-79,-5.32116],[-78.99584,-5.32635],[-78.9863,-5.3294],[-78.96142,-5.32369],[-78.93792,-5.32878],[-78.92505,-5.32666],[-78.91636,-5.33321],[-78.90694,-5.33254],[-78.89937,-5.33863],[-78.88498,-5.36097],[-78.87651,-5.37159],[-78.85525,-5.37713],[-78.85434,-5.39073],[-78.85022,-5.39158],[-78.84256,-5.40241],[-78.84757,-5.42009],[-78.84784,-5.42946],[-78.83242,-5.44391]]]}},{"type":"Feature","properties":{"ubigeo":"060905","nombre":"Namballe"},"geometry":{"type":"Polygon","coordinates":[[[-79.0692,-5.20264],[-79.08156,-5.20493],[-79.09704,-5.21444],[-79.11008,-5.21561],[-79.12057,-5.21022],[-79.12939,-5.21689],[-79.13282,-5.22982],[-79.14988,-5.24031],[-79.15756,-5.23687],[-79.17104,-5.24394],[-79.1779,-5.23737],[-79.17633,-5.23257],[-79.19182,-5.22081],[-79.21716,-5.21581],[-79.22268,-5.21178],[-79.23725,-5.21463],[-79.25166,-5.20866],[-79.26165,-5.21071],[-79.27361,-5.21973],[-79.2831,-5.21492],[-79.3043,-5.21094],[-79.30893,-5.20709],[-79.32714,-5.1781],[-79.33166,-5.16646],[-79.34177,-5.16327],[-79.34257,-5.14702],[-79.34056,-5.13914],[-79.33035,-5.12443],[-79.31152,-5.11706],[-79.30348,-5.11706],[-79.29603,-5.11198],[-79.29619,-5.10122],[-79.28877,-5.0963],[-79.28627,-5.08596],[-79.27962,-5.08314],[-79.27326,-5.07278],[-79.27301,-5.05852],[-79.24509,-5.05563],[-79.24113,-5.04967],[-79.22774,-5.0498],[-79.21911,-5.02128],[-79.21989,-5.01261],[-79.21502,-5.01014],[-79.21614,-4.991],[-79.22218,-4.9824],[-79.21285,-4.97635],[-79.21004,-4.96585],[-79.19594,-4.96501],[-79.17904,-4.96125],[-79.16918,-4.96591],[-79.14941,-4.9648],[-79.13963,-4.96695],[-79.13425,-4.97242],[-79.1176,-4.97846],[-79.10152,-4.97786],[-79.09453,-4.97354],[-79.07457,-4.97165],[-79.07057,-4.99139],[-79.06048,-4.98773],[-79.05259,-4.99206],[-79.0492,-5.00086],[-79.04409,-5.00317],[-79.05581,-5.0196],[-79.05824,-5.0259],[-79.0687,-5.03814],[-79.06696,-5.04936],[-79.07439,-5.0662],[-79.0735,-5.08533],[-79.0804,-5.09188],[-79.08373,-5.10351],[-79.08913,-5.10525],[-79.09411,-5.1206],[-79.09303,-5.12737],[-79.07843,-5.1455],[-79.07736,-5.15859],[-79.07078,-5.1706],[-79.07271,-5.18104],[-79.07049,-5.18896],[-79.07273,-5.19665],[-79.0692,-5.20264]]]}},{"type":"Feature","properties":{"ubigeo":"060906","nombre":"San José de Lourdes"},"geometry":{"type":"Polygon","coordinates":[[[-78.81537,-5.2561],[-78.82184,-5.25625],[-78.83097,-5.24665],[-78.8425,-5.24318],[-78.84573,-5.23873],[-78.85481,-5.2388],[-78.86077,-5.23278],[-78.87401,-5.23066],[-78.89226,-5.2174],[-78.89851,-5.20539],[-78.89881,-5.19216],[-78.9019,-5.18206],[-78.90094,-5.17009],[-78.91534,-5.16279],[-78.92076,-5.14954],[-78.94223,-5.12518],[-78.93876,-5.11593],[-78.94595,-5.10773],[-78.94725,-5.10148],[-78.95503,-5.09137],[-78.95429,-5.08096],[-78.95696,-5.06045],[-78.96751,-5.05263],[-78.97551,-5.05329],[-78.98393,-5.04574],[-78.99715,-5.0419],[-79.00614,-5.03412],[-79.00965,-5.02657],[-79.0148,-5.02516],[-79.015,-5.01543],[-79.01163,-5.0116],[-79.00482,-4.9938],[-79.00627,-4.9886],[-78.99546,-4.97375],[-78.99126,-4.96392],[-78.99283,-4.95768],[-78.98815,-4.95349],[-78.98404,-4.94266],[-78.9862,-4.93548],[-78.98145,-4.9251],[-78.9741,-4.8972],[-78.96886,-4.89384],[-78.95472,-4.89385],[-78.94583,-4.89824],[-78.93215,-4.89357],[-78.9095,-4.89229],[-78.90005,-4.88639],[-78.89166,-4.88734],[-78.88953,-4.87303],[-78.90735,-4.86183],[-78.91186,-4.85164],[-78.91052,-4.84269],[-78.902,-4.83847],[-78.8969,-4.8322],[-78.89569,-4.81249],[-78.89169,-4.80801],[-78.904,-4.7961],[-78.91273,-4.791],[-78.91542,-4.78086],[-78.90253,-4.77271],[-78.89712,-4.77312],[-78.88963,-4.76393],[-78.88951,-4.73518],[-78.89233,-4.7308],[-78.88983,-4.7157],[-78.88103,-4.70706],[-78.87182,-4.70169],[-78.86273,-4.68978],[-78.86532,-4.68501],[-78.86261,-4.67573],[-78.85532,-4.66665],[-78.84017,-4.65311],[-78.81471,-4.64166],[-78.80897,-4.6423],[-78.80252,-4.63747],[-78.79605,-4.64002],[-78.78633,-4.63819],[-78.7765,-4.6422],[-78.76868,-4.63971],[-78.76033,-4.64947],[-78.74588,-4.6603],[-78.72786,-4.65909],[-78.71817,-4.66473],[-78.7176,-4.66958],[-78.70733,-4.67592],[-78.7089,-4.68543],[-78.70705,-4.69463],[-78.69907,-4.70266],[-78.70573,-4.70934],[-78.69512,-4.71439],[-78.69359,-4.72402],[-78.68777,-4.73302],[-78.6749,-4.74109],[-78.66741,-4.74237],[-78.6696,-4.75802],[-78.66451,-4.76611],[-78.67446,-4.77453],[-78.67867,-4.77411],[-78.67017,-4.78579],[-78.67374,-4.79082],[-78.67082,-4.79643],[-78.67561,-4.80323],[-78.67208,-4.80929],[-78.67581,-4.81456],[-78.67351,-4.82045],[-78.67899,-4.83008],[-78.6809,-4.84624],[-78.68582,-4.85598],[-78.68337,-4.86204],[-78.68596,-4.86965],[-78.68208,-4.87505],[-78.68199,-4.89736],[-78.69667,-4.91527],[-78.69908,-4.92171],[-78.71428,-4.92955],[-78.7201,-4.93961],[-78.71962,-4.94531],[-78.72577,-4.94993],[-78.7282,-4.96159],[-78.74275,-4.96294],[-78.74774,-4.97112],[-78.7504,-4.98607],[-78.76459,-4.99468],[-78.7702,-4.99553],[-78.7758,-5.00416],[-78.77532,-5.00943],[-78.78639,-5.01124],[-78.78178,-5.02364],[-78.78626,-5.02942],[-78.78899,-5.04221],[-78.79729,-5.04702],[-78.80775,-5.06273],[-78.80088,-5.07199],[-78.80005,-5.08248],[-78.80419,-5.09915],[-78.80112,-5.11982],[-78.8023,-5.14259],[-78.7986,-5.1489],[-78.80608,-5.16978],[-78.80372,-5.17527],[-78.80877,-5.18479],[-78.81449,-5.18786],[-78.82062,-5.20253],[-78.81921,-5.2124],[-78.82354,-5.23105],[-78.81949,-5.23801],[-78.81981,-5.24791],[-78.81537,-5.2561]]]}},{"type":"Feature","properties":{"ubigeo":"060907","nombre":"Tabaconas"},"geometry":{"type":"Polygon","coordinates":[[[-79.0111,-5.26551],[-79.01584,-5.26806],[-79.02978,-5.26761],[-79.03831,-5.27396],[-79.05089,-5.28844],[-79.05312,-5.30171],[-79.05823,-5.30785],[-79.07877,-5.31269],[-79.08314,-5.32025],[-79.07935,-5.33165],[-79.08658,-5.34839],[-79.10116,-5.364],[-79.09809,-5.36625],[-79.11537,-5.37943],[-79.12241,-5.38768],[-79.13191,-5.38687],[-79.13606,-5.3919],[-79.15024,-5.39413],[-79.1571,-5.40072],[-79.15861,-5.41119],[-79.15241,-5.42098],[-79.16001,-5.42713],[-79.16368,-5.43744],[-79.17888,-5.4525],[-79.18909,-5.45451],[-79.19425,-5.46613],[-79.18909,-5.48027],[-79.1915,-5.4903],[-79.19688,-5.49345],[-79.19987,-5.50357],[-79.2136,-5.50849],[-79.2281,-5.50449],[-79.25587,-5.50241],[-79.26619,-5.50753],[-79.27596,-5.51974],[-79.27872,-5.51757],[-79.27847,-5.50152],[-79.28075,-5.48738],[-79.28864,-5.48002],[-79.2977,-5.45813],[-79.29451,-5.44025],[-79.30464,-5.42829],[-79.30585,-5.41038],[-79.3044,-5.3918],[-79.31008,-5.37498],[-79.30836,-5.36467],[-79.31974,-5.36227],[-79.32579,-5.34851],[-79.32539,-5.34095],[-79.33036,-5.32545],[-79.32807,-5.31591],[-79.33294,-5.30982],[-79.34365,-5.30773],[-79.34548,-5.29985],[-79.35905,-5.28863],[-79.35937,-5.27292],[-79.35293,-5.26819],[-79.34895,-5.25927],[-79.34865,-5.23258],[-79.3549,-5.22405],[-79.3683,-5.21342],[-79.37421,-5.19489],[-79.37841,-5.19052],[-79.37226,-5.18392],[-79.36748,-5.17451],[-79.36252,-5.17414],[-79.35355,-5.16688],[-79.34177,-5.16327],[-79.33166,-5.16646],[-79.32714,-5.1781],[-79.30893,-5.20709],[-79.3043,-5.21094],[-79.2831,-5.21492],[-79.27361,-5.21973],[-79.26165,-5.21071],[-79.25166,-5.20866],[-79.23725,-5.21463],[-79.22268,-5.21178],[-79.21716,-5.21581],[-79.19182,-5.22081],[-79.17633,-5.23257],[-79.1779,-5.23737],[-79.17104,-5.24394],[-79.15756,-5.23687],[-79.14988,-5.24031],[-79.13282,-5.22982],[-79.12939,-5.21689],[-79.12057,-5.21022],[-79.11008,-5.21561],[-79.09704,-5.21444],[-79.08156,-5.20493],[-79.0692,-5.20264],[-79.05738,-5.22132],[-79.0523,-5.23789],[-79.04166,-5.25746],[-79.03504,-5.25937],[-79.02167,-5.25065],[-79.02058,-5.25521],[-79.0111,-5.26551]]]}},{"type":"Feature","properties":{"ubigeo":"061001","nombre":"Pedro Gálvez"},"geometry":{"type":"Polygon","coordinates":[[[-78.06726,-7.36888],[-78.07544,-7.36394],[-78.09327,-7.36478],[-78.10121,-7.36118],[-78.11299,-7.36254],[-78.1183,-7.35587],[-78.144,-7.34781],[-78.14738,-7.3483],[-78.14042,-7.36574],[-78.14289,-7.38097],[-78.1533,-7.38801],[-78.18471,-7.38523],[-78.19198,-7.39313],[-78.20204,-7.39704],[-78.20734,-7.40271],[-78.21943,-7.3935],[-78.21984,-7.38762],[-78.23745,-7.38229],[-78.24557,-7.38221],[-78.27738,-7.37345],[-78.27511,-7.36],[-78.29467,-7.35283],[-78.30613,-7.34181],[-78.31413,-7.34185],[-78.31744,-7.34669],[-78.32558,-7.34286],[-78.3073,-7.33362],[-78.29719,-7.3326],[-78.28794,-7.32817],[-78.28664,-7.31755],[-78.28062,-7.3102],[-78.27175,-7.29361],[-78.2651,-7.2977],[-78.2632,-7.30505],[-78.25381,-7.31154],[-78.23488,-7.31633],[-78.22095,-7.3051],[-78.22025,-7.29645],[-78.21621,-7.29654],[-78.17075,-7.29832],[-78.14776,-7.28634],[-78.14041,-7.26957],[-78.11343,-7.26585],[-78.1083,-7.25509],[-78.09082,-7.25726],[-78.08421,-7.25009],[-78.07296,-7.24551],[-78.06742,-7.25371],[-78.06202,-7.25513],[-78.06297,-7.2669],[-78.05215,-7.27324],[-78.05257,-7.27964],[-78.04789,-7.28868],[-78.06209,-7.29636],[-78.07829,-7.30169],[-78.08321,-7.31259],[-78.08061,-7.3263],[-78.06761,-7.36213],[-78.06726,-7.36888]]]}},{"type":"Feature","properties":{"ubigeo":"061002","nombre":"Chancay"},"geometry":{"type":"Polygon","coordinates":[[[-78.20734,-7.40271],[-78.20204,-7.39704],[-78.19198,-7.39313],[-78.18471,-7.38523],[-78.1533,-7.38801],[-78.14289,-7.38097],[-78.13264,-7.38281],[-78.11687,-7.37851],[-78.08831,-7.38136],[-78.08083,-7.38941],[-78.08275,-7.39975],[-78.07535,-7.40209],[-78.07013,-7.41227],[-78.0472,-7.43115],[-78.05166,-7.44224],[-78.05813,-7.44949],[-78.10024,-7.43853],[-78.13306,-7.42241],[-78.15637,-7.41776],[-78.1634,-7.41487],[-78.20734,-7.40271]]]}},{"type":"Feature","properties":{"ubigeo":"061003","nombre":"Eduardo Villanueva"},"geometry":{"type":"Polygon","coordinates":[[[-78.05813,-7.44949],[-78.05548,-7.46057],[-78.05134,-7.46385],[-78.06382,-7.46385],[-78.07797,-7.4604],[-78.08497,-7.45431],[-78.10144,-7.46113],[-78.10759,-7.46076],[-78.11944,-7.46559],[-78.12591,-7.48021],[-78.13513,-7.47808],[-78.14652,-7.4734],[-78.16033,-7.46378],[-78.16632,-7.46617],[-78.17438,-7.45727],[-78.17749,-7.44813],[-78.19067,-7.43754],[-78.20114,-7.42391],[-78.20452,-7.4164],[-78.21767,-7.41024],[-78.21699,-7.39716],[-78.21943,-7.3935],[-78.20734,-7.40271],[-78.1634,-7.41487],[-78.15637,-7.41776],[-78.13306,-7.42241],[-78.10024,-7.43853],[-78.05813,-7.44949]]]}},{"type":"Feature","properties":{"ubigeo":"061004","nombre":"Gregorio Pita"},"geometry":{"type":"Polygon","coordinates":[[[-78.07296,-7.24551],[-78.08421,-7.25009],[-78.09082,-7.25726],[-78.1083,-7.25509],[-78.11343,-7.26585],[-78.14041,-7.26957],[-78.14776,-7.28634],[-78.17075,-7.29832],[-78.21621,-7.29654],[-78.24116,-7.23811],[-78.25147,-7.23512],[-78.23956,-7.20654],[-78.23293,-7.20446],[-78.21879,-7.19005],[-78.20051,-7.17615],[-78.19902,-7.16787],[-78.18951,-7.16242],[-78.19072,-7.15732],[-78.18369,-7.14915],[-78.17363,-7.14629],[-78.16136,-7.15285],[-78.14943,-7.15188],[-78.13576,-7.14696],[-78.12989,-7.14811],[-78.11842,-7.14427],[-78.11445,-7.14625],[-78.11167,-7.15593],[-78.09805,-7.16592],[-78.0908,-7.17961],[-78.09385,-7.1862],[-78.08963,-7.20122],[-78.0812,-7.21828],[-78.07723,-7.2207],[-78.06948,-7.2338],[-78.07296,-7.24551]]]}},{"type":"Feature","properties":{"ubigeo":"061005","nombre":"Ichocan"},"geometry":{"type":"Polygon","coordinates":[[[-77.99544,-7.41815],[-77.99957,-7.44292],[-78.00256,-7.4504],[-78.01332,-7.46216],[-78.02406,-7.45828],[-78.04122,-7.4565],[-78.05134,-7.46385],[-78.05548,-7.46057],[-78.05813,-7.44949],[-78.05166,-7.44224],[-78.0472,-7.43115],[-78.07013,-7.41227],[-78.07535,-7.40209],[-78.08275,-7.39975],[-78.08083,-7.38941],[-78.08831,-7.38136],[-78.11687,-7.37851],[-78.13264,-7.38281],[-78.14289,-7.38097],[-78.14042,-7.36574],[-78.14738,-7.3483],[-78.144,-7.34781],[-78.1183,-7.35587],[-78.11299,-7.36254],[-78.10121,-7.36118],[-78.09327,-7.36478],[-78.07544,-7.36394],[-78.06726,-7.36888],[-78.04829,-7.37997],[-78.04486,-7.38997],[-78.04589,-7.39705],[-78.03464,-7.40579],[-78.02665,-7.40416],[-78.00678,-7.41636],[-77.99544,-7.41815]]]}},{"type":"Feature","properties":{"ubigeo":"061006","nombre":"José Manuel Quiroz"},"geometry":{"type":"Polygon","coordinates":[[[-77.99544,-7.41815],[-78.00678,-7.41636],[-78.02665,-7.40416],[-78.03464,-7.40579],[-78.04589,-7.39705],[-78.04486,-7.38997],[-78.04829,-7.37997],[-78.06726,-7.36888],[-78.06761,-7.36213],[-78.08061,-7.3263],[-78.08321,-7.31259],[-78.07829,-7.30169],[-78.06209,-7.29636],[-78.04789,-7.28868],[-78.04485,-7.29389],[-78.05179,-7.30527],[-78.03785,-7.31723],[-78.02498,-7.33082],[-78.01817,-7.33249],[-78.00404,-7.31952],[-77.98629,-7.32491],[-77.97488,-7.33017],[-77.96304,-7.34313],[-77.94869,-7.35118],[-77.95109,-7.35752],[-77.96133,-7.37048],[-77.97376,-7.37457],[-77.97653,-7.38246],[-77.98263,-7.38746],[-77.98146,-7.39457],[-77.9856,-7.4091],[-77.99544,-7.41815]]]}},{"type":"Feature","properties":{"ubigeo":"061007","nombre":"José Sabogal"},"geometry":{"type":"Polygon","coordinates":[[[-77.88247,-7.20262],[-77.8809,-7.22139],[-77.86919,-7.22868],[-77.86477,-7.2264],[-77.84924,-7.23557],[-77.85696,-7.24532],[-77.8596,-7.26487],[-77.85441,-7.27207],[-77.85658,-7.2832],[-77.8394,-7.29099],[-77.83764,-7.30026],[-77.83105,-7.31003],[-77.83837,-7.34112],[-77.83142,-7.34251],[-77.8296,-7.34764],[-77.83244,-7.35058],[-77.85301,-7.35836],[-77.87745,-7.36078],[-77.8831,-7.36419],[-77.89824,-7.36034],[-77.91184,-7.35366],[-77.92056,-7.34355],[-77.92866,-7.34653],[-77.94255,-7.34566],[-77.94869,-7.35118],[-77.96304,-7.34313],[-77.97488,-7.33017],[-77.98629,-7.32491],[-78.00404,-7.31952],[-78.01817,-7.33249],[-78.02498,-7.33082],[-78.03785,-7.31723],[-78.05179,-7.30527],[-78.04485,-7.29389],[-78.04789,-7.28868],[-78.05257,-7.27964],[-78.05215,-7.27324],[-78.06297,-7.2669],[-78.06202,-7.25513],[-78.06742,-7.25371],[-78.07296,-7.24551],[-78.06948,-7.2338],[-78.07723,-7.2207],[-78.0812,-7.21828],[-78.08963,-7.20122],[-78.09385,-7.1862],[-78.0908,-7.17961],[-78.09805,-7.16592],[-78.11167,-7.15593],[-78.11445,-7.14625],[-78.10659,-7.12989],[-78.1026,-7.12777],[-78.08409,-7.13202],[-78.0702,-7.12822],[-78.05653,-7.13479],[-78.03741,-7.12091],[-78.03012,-7.11194],[-78.02402,-7.10991],[-78.01595,-7.0968],[-78.00596,-7.09285],[-78,-7.08694],[-77.9757,-7.07927],[-77.95779,-7.07052],[-77.95115,-7.06461],[-77.94772,-7.06933],[-77.94929,-7.07842],[-77.94136,-7.08707],[-77.9398,-7.09618],[-77.92952,-7.10636],[-77.92919,-7.11875],[-77.92558,-7.13642],[-77.9262,-7.15279],[-77.92269,-7.15746],[-77.91049,-7.16207],[-77.89787,-7.16681],[-77.89778,-7.18249],[-77.8874,-7.18523],[-77.88092,-7.19546],[-77.88247,-7.20262]]]}},{"type":"Feature","properties":{"ubigeo":"061101","nombre":"San Miguel"},"geometry":{"type":"Polygon","coordinates":[[[-78.81095,-7.0189],[-78.82581,-7.02128],[-78.84242,-7.03303],[-78.85507,-7.03502],[-78.86674,-7.04517],[-78.86698,-7.05365],[-78.8746,-7.06537],[-78.87317,-7.08316],[-78.88259,-7.09089],[-78.88319,-7.09565],[-78.88047,-7.11116],[-78.88329,-7.13437],[-78.87833,-7.14236],[-78.88556,-7.16977],[-78.8893,-7.17761],[-78.9091,-7.19754],[-78.91632,-7.21068],[-78.91954,-7.21095],[-78.93376,-7.2022],[-78.9437,-7.20487],[-78.95577,-7.19458],[-78.95483,-7.18958],[-78.96407,-7.19146],[-78.97524,-7.18972],[-78.98611,-7.19184],[-78.99185,-7.18675],[-79.00097,-7.18556],[-79.0054,-7.18018],[-79.01391,-7.17913],[-79.01388,-7.16558],[-79.02381,-7.14793],[-79.02322,-7.13789],[-79.0158,-7.12055],[-79.0075,-7.10881],[-79.00088,-7.10572],[-78.99047,-7.10807],[-78.98281,-7.10485],[-78.96843,-7.10588],[-78.96083,-7.09891],[-78.97517,-7.08295],[-78.98436,-7.06368],[-78.99811,-7.04982],[-78.99254,-7.05014],[-78.98137,-7.04481],[-78.97379,-7.03137],[-78.97375,-7.02135],[-78.98458,-6.99653],[-78.97596,-6.98948],[-78.96779,-6.98661],[-78.9567,-6.98682],[-78.95014,-6.99016],[-78.94393,-6.99965],[-78.93841,-6.99738],[-78.93975,-6.98899],[-78.93038,-6.97609],[-78.90569,-6.95768],[-78.88517,-6.968],[-78.87735,-6.97879],[-78.86521,-6.98612],[-78.86152,-6.9918],[-78.84387,-6.98953],[-78.84454,-6.96262],[-78.83322,-6.9386],[-78.83034,-6.92868],[-78.81791,-6.93847],[-78.81223,-6.94804],[-78.8206,-6.96624],[-78.82291,-6.97605],[-78.81613,-6.99118],[-78.80658,-6.99932],[-78.80273,-7.00796],[-78.81095,-7.0189]]]}},{"type":"Feature","properties":{"ubigeo":"061102","nombre":"Bolívar"},"geometry":{"type":"Polygon","coordinates":[[[-79.17442,-6.93726],[-79.16839,-6.93956],[-79.14714,-6.93856],[-79.14259,-6.94629],[-79.13279,-6.94494],[-79.12234,-6.93894],[-79.11012,-6.94105],[-79.10289,-6.95415],[-79.09944,-6.9652],[-79.10358,-6.97264],[-79.11227,-6.97395],[-79.12006,-6.98359],[-79.13785,-6.99331],[-79.1382,-7.00145],[-79.12486,-7.0043],[-79.12241,-7.01841],[-79.13439,-7.01293],[-79.15526,-7.01653],[-79.16763,-7.01519],[-79.17423,-7.01761],[-79.18621,-7.01242],[-79.20128,-7.00989],[-79.20523,-7.01296],[-79.21244,-7.00414],[-79.21406,-6.98777],[-79.22963,-6.97899],[-79.22567,-6.97487],[-79.21431,-6.97313],[-79.20554,-6.96737],[-79.20462,-6.95243],[-79.20137,-6.94296],[-79.17786,-6.94136],[-79.17442,-6.93726]]]}},{"type":"Feature","properties":{"ubigeo":"061103","nombre":"Calquis"},"geometry":{"type":"Polygon","coordinates":[[[-78.88796,-6.84539],[-78.88844,-6.85522],[-78.8824,-6.86453],[-78.87157,-6.86781],[-78.86428,-6.87571],[-78.85506,-6.88018],[-78.85175,-6.88958],[-78.83857,-6.90304],[-78.83144,-6.90573],[-78.83201,-6.91049],[-78.82493,-6.92146],[-78.83034,-6.92868],[-78.83322,-6.9386],[-78.84454,-6.96262],[-78.84387,-6.98953],[-78.86152,-6.9918],[-78.86521,-6.98612],[-78.87735,-6.97879],[-78.88517,-6.968],[-78.90569,-6.95768],[-78.93038,-6.97609],[-78.93975,-6.98899],[-78.93841,-6.99738],[-78.94393,-6.99965],[-78.95014,-6.99016],[-78.9567,-6.98682],[-78.96779,-6.98661],[-78.97596,-6.98948],[-78.98458,-6.99653],[-78.98848,-6.98881],[-79.00477,-6.98637],[-79.01114,-6.9727],[-79.01956,-6.9694],[-79.02257,-6.96479],[-79.03474,-6.96042],[-79.04742,-6.95114],[-79.0501,-6.93928],[-79.05526,-6.93671],[-79.0584,-6.92479],[-79.05806,-6.91396],[-79.06853,-6.89762],[-79.06939,-6.88481],[-79.08288,-6.87376],[-79.06959,-6.86643],[-79.06916,-6.85447],[-79.06469,-6.84719],[-79.04974,-6.83622],[-79.04433,-6.83941],[-79.03504,-6.83688],[-79.0212,-6.84052],[-79.00573,-6.85215],[-78.9829,-6.86238],[-78.97065,-6.85875],[-78.96,-6.84851],[-78.9423,-6.84579],[-78.93645,-6.83958],[-78.91287,-6.84665],[-78.88796,-6.84539]]]}},{"type":"Feature","properties":{"ubigeo":"061104","nombre":"Catilluc"},"geometry":{"type":"Polygon","coordinates":[[[-78.68903,-6.74607],[-78.67789,-6.76091],[-78.65635,-6.76897],[-78.65324,-6.77334],[-78.63839,-6.77782],[-78.63792,-6.78212],[-78.62688,-6.79344],[-78.62851,-6.80796],[-78.63258,-6.80814],[-78.64421,-6.80599],[-78.65593,-6.80979],[-78.66375,-6.82136],[-78.67246,-6.8277],[-78.67618,-6.83635],[-78.69772,-6.84865],[-78.72966,-6.85533],[-78.73751,-6.86699],[-78.75866,-6.87258],[-78.76629,-6.87129],[-78.77374,-6.86104],[-78.78441,-6.85845],[-78.79269,-6.86606],[-78.79869,-6.86549],[-78.80411,-6.87548],[-78.81627,-6.88345],[-78.82185,-6.87208],[-78.81881,-6.85842],[-78.81405,-6.85283],[-78.8151,-6.84333],[-78.80995,-6.83952],[-78.80864,-6.82655],[-78.79857,-6.81409],[-78.79448,-6.79437],[-78.79902,-6.78112],[-78.79366,-6.7688],[-78.79818,-6.7612],[-78.7961,-6.75648],[-78.78328,-6.74552],[-78.75753,-6.73782],[-78.74616,-6.74461],[-78.7381,-6.74518],[-78.73243,-6.74057],[-78.72388,-6.74385],[-78.71841,-6.73967],[-78.70637,-6.7508],[-78.69478,-6.74324],[-78.68903,-6.74607]]]}},{"type":"Feature","properties":{"ubigeo":"061105","nombre":"El Prado"},"geometry":{"type":"Polygon","coordinates":[[[-79.0158,-7.12055],[-79.01167,-7.08738],[-79.01494,-7.08024],[-79.01221,-7.0638],[-79.01807,-7.05627],[-79.02509,-7.02997],[-79.03486,-7.02119],[-79.03513,-7.00987],[-79.03224,-6.99945],[-79.04446,-6.98582],[-79.05433,-6.97966],[-79.02696,-6.9772],[-79.01956,-6.9694],[-79.01114,-6.9727],[-79.00477,-6.98637],[-78.98848,-6.98881],[-78.98458,-6.99653],[-78.97375,-7.02135],[-78.97379,-7.03137],[-78.98137,-7.04481],[-78.99254,-7.05014],[-78.99811,-7.04982],[-78.98436,-7.06368],[-78.97517,-7.08295],[-78.96083,-7.09891],[-78.96843,-7.10588],[-78.98281,-7.10485],[-78.99047,-7.10807],[-79.00088,-7.10572],[-79.0075,-7.10881],[-79.0158,-7.12055]]]}},{"type":"Feature","properties":{"ubigeo":"061106","nombre":"La Florida"},"geometry":{"type":"Polygon","coordinates":[[[-79.06853,-6.89762],[-79.12611,-6.90098],[-79.14049,-6.88688],[-79.15527,-6.8764],[-79.17869,-6.88278],[-79.19227,-6.88198],[-79.20134,-6.86114],[-79.20812,-6.85393],[-79.21909,-6.85169],[-79.21844,-6.84025],[-79.20709,-6.82144],[-79.18517,-6.83328],[-79.17849,-6.8433],[-79.16242,-6.84962],[-79.15736,-6.85707],[-79.15263,-6.85387],[-79.14634,-6.8656],[-79.13325,-6.86902],[-79.12706,-6.86528],[-79.10529,-6.86762],[-79.08288,-6.87376],[-79.06939,-6.88481],[-79.06853,-6.89762]]]}},{"type":"Feature","properties":{"ubigeo":"061107","nombre":"Llapa"},"geometry":{"type":"Polygon","coordinates":[[[-78.61508,-6.85161],[-78.62643,-6.85781],[-78.62834,-6.86599],[-78.63311,-6.86336],[-78.64179,-6.86541],[-78.64873,-6.8617],[-78.66356,-6.86501],[-78.6743,-6.86516],[-78.68145,-6.87237],[-78.69404,-6.8743],[-78.69994,-6.86815],[-78.71172,-6.86691],[-78.71673,-6.87013],[-78.72517,-6.86912],[-78.73701,-6.88348],[-78.7543,-6.91842],[-78.76858,-6.93206],[-78.77769,-6.93761],[-78.77608,-6.94367],[-78.78056,-6.95342],[-78.79081,-6.95947],[-78.78896,-6.96303],[-78.79262,-6.97645],[-78.79373,-6.99478],[-78.80273,-7.00796],[-78.80658,-6.99932],[-78.81613,-6.99118],[-78.82291,-6.97605],[-78.8206,-6.96624],[-78.81223,-6.94804],[-78.81791,-6.93847],[-78.83034,-6.92868],[-78.82493,-6.92146],[-78.83201,-6.91049],[-78.83144,-6.90573],[-78.83857,-6.90304],[-78.85175,-6.88958],[-78.85506,-6.88018],[-78.84242,-6.87479],[-78.82702,-6.88617],[-78.81627,-6.88345],[-78.80411,-6.87548],[-78.79869,-6.86549],[-78.79269,-6.86606],[-78.78441,-6.85845],[-78.77374,-6.86104],[-78.76629,-6.87129],[-78.75866,-6.87258],[-78.73751,-6.86699],[-78.72966,-6.85533],[-78.69772,-6.84865],[-78.67618,-6.83635],[-78.67246,-6.8277],[-78.66375,-6.82136],[-78.65593,-6.80979],[-78.64421,-6.80599],[-78.63258,-6.80814],[-78.62637,-6.82064],[-78.62809,-6.82716],[-78.61218,-6.83351],[-78.61508,-6.85161]]]}},{"type":"Feature","properties":{"ubigeo":"061108","nombre":"Nanchoc"},"geometry":{"type":"Polygon","coordinates":[[[-79.12241,-7.01841],[-79.13086,-7.03618],[-79.15003,-7.0458],[-79.16171,-7.04556],[-79.16885,-7.05347],[-79.17564,-7.05597],[-79.18113,-7.08721],[-79.17966,-7.09526],[-79.18788,-7.10408],[-79.19414,-7.10475],[-79.20016,-7.11065],[-79.20831,-7.10634],[-79.21742,-7.10759],[-79.23518,-7.11509],[-79.23959,-7.11308],[-79.26658,-7.11624],[-79.28578,-7.12162],[-79.29619,-7.12962],[-79.31214,-7.12252],[-79.31151,-7.0992],[-79.31292,-7.09039],[-79.31809,-7.08466],[-79.32615,-7.08299],[-79.33054,-7.07557],[-79.32748,-7.07148],[-79.33162,-7.05735],[-79.32259,-7.02568],[-79.31947,-7.01992],[-79.3093,-7.01546],[-79.30724,-7.0074],[-79.29708,-7.00311],[-79.30233,-6.99378],[-79.30094,-6.98899],[-79.30723,-6.96821],[-79.30313,-6.96125],[-79.30504,-6.95389],[-79.29936,-6.94539],[-79.30033,-6.93668],[-79.31014,-6.9254],[-79.31101,-6.90134],[-79.30202,-6.89482],[-79.29729,-6.88596],[-79.29411,-6.88276],[-79.27308,-6.87665],[-79.27147,-6.87362],[-79.25845,-6.88272],[-79.23865,-6.88044],[-79.23298,-6.88837],[-79.21101,-6.90478],[-79.19737,-6.90181],[-79.18392,-6.91172],[-79.17856,-6.91927],[-79.17442,-6.93726],[-79.17786,-6.94136],[-79.20137,-6.94296],[-79.20462,-6.95243],[-79.20554,-6.96737],[-79.21431,-6.97313],[-79.22567,-6.97487],[-79.22963,-6.97899],[-79.21406,-6.98777],[-79.21244,-7.00414],[-79.20523,-7.01296],[-79.20128,-7.00989],[-79.18621,-7.01242],[-79.17423,-7.01761],[-79.16763,-7.01519],[-79.15526,-7.01653],[-79.13439,-7.01293],[-79.12241,-7.01841]]]}},{"type":"Feature","properties":{"ubigeo":"061109","nombre":"Niepos"},"geometry":{"type":"Polygon","coordinates":[[[-79.01956,-6.9694],[-79.02696,-6.9772],[-79.05433,-6.97966],[-79.07645,-6.97559],[-79.08087,-6.98133],[-79.07997,-7.00422],[-79.07772,-7.0076],[-79.08502,-7.00524],[-79.09673,-7.00999],[-79.11089,-7.0125],[-79.12241,-7.01841],[-79.12486,-7.0043],[-79.1382,-7.00145],[-79.13785,-6.99331],[-79.12006,-6.98359],[-79.11227,-6.97395],[-79.10358,-6.97264],[-79.09944,-6.9652],[-79.10289,-6.95415],[-79.11012,-6.94105],[-79.12234,-6.93894],[-79.13279,-6.94494],[-79.14259,-6.94629],[-79.14714,-6.93856],[-79.16839,-6.93956],[-79.17442,-6.93726],[-79.17856,-6.91927],[-79.18392,-6.91172],[-79.19737,-6.90181],[-79.21101,-6.90478],[-79.23298,-6.88837],[-79.23865,-6.88044],[-79.25845,-6.88272],[-79.27147,-6.87362],[-79.27104,-6.86647],[-79.26274,-6.85916],[-79.25192,-6.86187],[-79.24598,-6.85868],[-79.22907,-6.86047],[-79.21909,-6.85169],[-79.20812,-6.85393],[-79.20134,-6.86114],[-79.19227,-6.88198],[-79.17869,-6.88278],[-79.15527,-6.8764],[-79.14049,-6.88688],[-79.12611,-6.90098],[-79.06853,-6.89762],[-79.05806,-6.91396],[-79.0584,-6.92479],[-79.05526,-6.93671],[-79.0501,-6.93928],[-79.04742,-6.95114],[-79.03474,-6.96042],[-79.02257,-6.96479],[-79.01956,-6.9694]]]}},{"type":"Feature","properties":{"ubigeo":"061110","nombre":"San Gregorio"},"geometry":{"type":"Polygon","coordinates":[[[-79.10501,-7.19344],[-79.10871,-7.19273],[-79.1244,-7.18058],[-79.13197,-7.18795],[-79.14243,-7.19362],[-79.15408,-7.18664],[-79.17157,-7.19232],[-79.18104,-7.18646],[-79.18662,-7.18936],[-79.19848,-7.18543],[-79.21315,-7.19535],[-79.22165,-7.19417],[-79.23286,-7.1966],[-79.23992,-7.19356],[-79.2518,-7.19835],[-79.26533,-7.19409],[-79.27455,-7.18278],[-79.28107,-7.16818],[-79.27877,-7.16326],[-79.28256,-7.15595],[-79.3053,-7.14715],[-79.30463,-7.13901],[-79.29619,-7.12962],[-79.28578,-7.12162],[-79.26658,-7.11624],[-79.23959,-7.11308],[-79.23518,-7.11509],[-79.21742,-7.10759],[-79.20831,-7.10634],[-79.20016,-7.11065],[-79.19414,-7.10475],[-79.18788,-7.10408],[-79.17966,-7.09526],[-79.18113,-7.08721],[-79.17564,-7.05597],[-79.16885,-7.05347],[-79.16171,-7.04556],[-79.15003,-7.0458],[-79.13086,-7.03618],[-79.12241,-7.01841],[-79.11089,-7.0125],[-79.09673,-7.00999],[-79.08502,-7.00524],[-79.07772,-7.0076],[-79.07362,-7.01581],[-79.06159,-7.02658],[-79.06078,-7.04735],[-79.07068,-7.05638],[-79.06984,-7.06323],[-79.06124,-7.0724],[-79.06047,-7.08125],[-79.06433,-7.08916],[-79.06569,-7.10442],[-79.08003,-7.11763],[-79.08856,-7.13447],[-79.08696,-7.14521],[-79.09209,-7.16034],[-79.09839,-7.16644],[-79.09956,-7.17983],[-79.10501,-7.19344]]]}},{"type":"Feature","properties":{"ubigeo":"061111","nombre":"San Silvestre de Cochan"},"geometry":{"type":"Polygon","coordinates":[[[-78.78645,-7.02368],[-78.81095,-7.0189],[-78.80273,-7.00796],[-78.79373,-6.99478],[-78.79262,-6.97645],[-78.78896,-6.96303],[-78.79081,-6.95947],[-78.78056,-6.95342],[-78.77608,-6.94367],[-78.77769,-6.93761],[-78.76858,-6.93206],[-78.7543,-6.91842],[-78.73701,-6.88348],[-78.72517,-6.86912],[-78.71673,-6.87013],[-78.71172,-6.86691],[-78.69994,-6.86815],[-78.69404,-6.8743],[-78.68145,-6.87237],[-78.6743,-6.86516],[-78.66356,-6.86501],[-78.64873,-6.8617],[-78.64179,-6.86541],[-78.63311,-6.86336],[-78.62834,-6.86599],[-78.62657,-6.8755],[-78.63445,-6.89071],[-78.64273,-6.89433],[-78.6493,-6.90412],[-78.65504,-6.90706],[-78.67039,-6.90488],[-78.68552,-6.91037],[-78.6919,-6.91813],[-78.69337,-6.9332],[-78.69657,-6.94198],[-78.71255,-6.96029],[-78.72247,-6.96773],[-78.73584,-6.97357],[-78.73894,-6.98323],[-78.7383,-6.99604],[-78.7426,-6.99984],[-78.76013,-6.99979],[-78.77481,-7.01717],[-78.78645,-7.02368]]]}},{"type":"Feature","properties":{"ubigeo":"061112","nombre":"Tongod"},"geometry":{"type":"Polygon","coordinates":[[[-78.81627,-6.88345],[-78.82702,-6.88617],[-78.84242,-6.87479],[-78.85506,-6.88018],[-78.86428,-6.87571],[-78.87157,-6.86781],[-78.8824,-6.86453],[-78.88844,-6.85522],[-78.88796,-6.84539],[-78.88322,-6.84354],[-78.88055,-6.82186],[-78.88533,-6.81317],[-78.88431,-6.80229],[-78.88694,-6.79718],[-78.88071,-6.791],[-78.87393,-6.77906],[-78.87598,-6.77267],[-78.86652,-6.75778],[-78.84949,-6.73869],[-78.84829,-6.71678],[-78.85177,-6.70871],[-78.84599,-6.70253],[-78.82554,-6.69884],[-78.81765,-6.69315],[-78.81103,-6.7003],[-78.7978,-6.70293],[-78.78926,-6.70886],[-78.78619,-6.71599],[-78.76388,-6.72845],[-78.75753,-6.73782],[-78.78328,-6.74552],[-78.7961,-6.75648],[-78.79818,-6.7612],[-78.79366,-6.7688],[-78.79902,-6.78112],[-78.79448,-6.79437],[-78.79857,-6.81409],[-78.80864,-6.82655],[-78.80995,-6.83952],[-78.8151,-6.84333],[-78.81405,-6.85283],[-78.81881,-6.85842],[-78.82185,-6.87208],[-78.81627,-6.88345]]]}},{"type":"Feature","properties":{"ubigeo":"061113","nombre":"Unión Agua Blanca"},"geometry":{"type":"Polygon","coordinates":[[[-79.0158,-7.12055],[-79.02322,-7.13789],[-79.02381,-7.14793],[-79.01388,-7.16558],[-79.01391,-7.17913],[-79.02971,-7.18592],[-79.03529,-7.1863],[-79.03746,-7.19239],[-79.04387,-7.195],[-79.04661,-7.2046],[-79.05156,-7.20884],[-79.05835,-7.23017],[-79.05885,-7.2403],[-79.06747,-7.2441],[-79.07359,-7.25149],[-79.0822,-7.25276],[-79.08559,-7.2456],[-79.08759,-7.2209],[-79.09644,-7.21615],[-79.09596,-7.20717],[-79.10501,-7.19344],[-79.09956,-7.17983],[-79.09839,-7.16644],[-79.09209,-7.16034],[-79.08696,-7.14521],[-79.08856,-7.13447],[-79.08003,-7.11763],[-79.06569,-7.10442],[-79.06433,-7.08916],[-79.06047,-7.08125],[-79.06124,-7.0724],[-79.06984,-7.06323],[-79.07068,-7.05638],[-79.06078,-7.04735],[-79.06159,-7.02658],[-79.07362,-7.01581],[-79.07772,-7.0076],[-79.07997,-7.00422],[-79.08087,-6.98133],[-79.07645,-6.97559],[-79.05433,-6.97966],[-79.04446,-6.98582],[-79.03224,-6.99945],[-79.03513,-7.00987],[-79.03486,-7.02119],[-79.02509,-7.02997],[-79.01807,-7.05627],[-79.01221,-7.0638],[-79.01494,-7.08024],[-79.01167,-7.08738],[-79.0158,-7.12055]]]}},{"type":"Feature","properties":{"ubigeo":"061201","nombre":"San Pablo"},"geometry":{"type":"Polygon","coordinates":[[[-78.78645,-7.02368],[-78.77542,-7.05239],[-78.76097,-7.05567],[-78.75418,-7.05482],[-78.74882,-7.05927],[-78.7343,-7.05726],[-78.71953,-7.0651],[-78.70265,-7.06698],[-78.68803,-7.08027],[-78.67481,-7.08339],[-78.66745,-7.07833],[-78.66481,-7.07126],[-78.6482,-7.07081],[-78.66267,-7.09285],[-78.66171,-7.10299],[-78.66612,-7.10981],[-78.68408,-7.12675],[-78.68444,-7.11337],[-78.69648,-7.10142],[-78.70837,-7.11082],[-78.7278,-7.11041],[-78.73429,-7.12093],[-78.7493,-7.12904],[-78.76493,-7.13429],[-78.76521,-7.14216],[-78.8303,-7.14047],[-78.8421,-7.14416],[-78.84627,-7.12914],[-78.85261,-7.12477],[-78.86354,-7.10836],[-78.87211,-7.09906],[-78.88319,-7.09565],[-78.88259,-7.09089],[-78.87317,-7.08316],[-78.8746,-7.06537],[-78.86698,-7.05365],[-78.86674,-7.04517],[-78.85507,-7.03502],[-78.84242,-7.03303],[-78.82581,-7.02128],[-78.81095,-7.0189],[-78.78645,-7.02368]]]}},{"type":"Feature","properties":{"ubigeo":"061202","nombre":"San Bernardino"},"geometry":{"type":"Polygon","coordinates":[[[-78.7081,-7.15653],[-78.72,-7.17082],[-78.72958,-7.19707],[-78.72755,-7.20154],[-78.73091,-7.21211],[-78.73879,-7.21329],[-78.74599,-7.21933],[-78.75917,-7.21499],[-78.77176,-7.21739],[-78.77975,-7.21417],[-78.79368,-7.22116],[-78.80794,-7.22424],[-78.81238,-7.22264],[-78.83078,-7.22669],[-78.83694,-7.21928],[-78.84984,-7.2244],[-78.86777,-7.22033],[-78.87712,-7.22488],[-78.89763,-7.22839],[-78.90378,-7.22133],[-78.91954,-7.21095],[-78.91632,-7.21068],[-78.89708,-7.21355],[-78.88414,-7.19936],[-78.87575,-7.19967],[-78.86549,-7.19211],[-78.85875,-7.19037],[-78.85469,-7.18015],[-78.85494,-7.17119],[-78.85106,-7.15991],[-78.8421,-7.14416],[-78.8303,-7.14047],[-78.76521,-7.14216],[-78.76493,-7.13429],[-78.7493,-7.12904],[-78.73429,-7.12093],[-78.7278,-7.11041],[-78.70837,-7.11082],[-78.69648,-7.10142],[-78.68444,-7.11337],[-78.68408,-7.12675],[-78.69156,-7.13256],[-78.7033,-7.15335],[-78.7081,-7.15653]]]}},{"type":"Feature","properties":{"ubigeo":"061203","nombre":"San Luis"},"geometry":{"type":"Polygon","coordinates":[[[-78.91632,-7.21068],[-78.9091,-7.19754],[-78.8893,-7.17761],[-78.88556,-7.16977],[-78.87833,-7.14236],[-78.88329,-7.13437],[-78.88047,-7.11116],[-78.88319,-7.09565],[-78.87211,-7.09906],[-78.86354,-7.10836],[-78.85261,-7.12477],[-78.84627,-7.12914],[-78.8421,-7.14416],[-78.85106,-7.15991],[-78.85494,-7.17119],[-78.85469,-7.18015],[-78.85875,-7.19037],[-78.86549,-7.19211],[-78.87575,-7.19967],[-78.88414,-7.19936],[-78.89708,-7.21355],[-78.91632,-7.21068]]]}},{"type":"Feature","properties":{"ubigeo":"061204","nombre":"Tumbaden"},"geometry":{"type":"Polygon","coordinates":[[[-78.59952,-6.88651],[-78.60478,-6.88957],[-78.61351,-6.92073],[-78.60814,-6.94816],[-78.6045,-6.95458],[-78.60947,-6.9667],[-78.60403,-6.98462],[-78.60934,-6.99946],[-78.62368,-7.01066],[-78.62793,-7.01637],[-78.63033,-7.03042],[-78.63628,-7.03906],[-78.63612,-7.05436],[-78.6482,-7.07081],[-78.66481,-7.07126],[-78.66745,-7.07833],[-78.67481,-7.08339],[-78.68803,-7.08027],[-78.70265,-7.06698],[-78.71953,-7.0651],[-78.7343,-7.05726],[-78.74882,-7.05927],[-78.75418,-7.05482],[-78.76097,-7.05567],[-78.77542,-7.05239],[-78.78645,-7.02368],[-78.77481,-7.01717],[-78.76013,-6.99979],[-78.7426,-6.99984],[-78.7383,-6.99604],[-78.73894,-6.98323],[-78.73584,-6.97357],[-78.72247,-6.96773],[-78.71255,-6.96029],[-78.69657,-6.94198],[-78.69337,-6.9332],[-78.6919,-6.91813],[-78.68552,-6.91037],[-78.67039,-6.90488],[-78.65504,-6.90706],[-78.6493,-6.90412],[-78.64273,-6.89433],[-78.63445,-6.89071],[-78.62657,-6.8755],[-78.62834,-6.86599],[-78.62643,-6.85781],[-78.61508,-6.85161],[-78.60741,-6.85344],[-78.60737,-6.86288],[-78.60138,-6.86763],[-78.59952,-6.88651]]]}},{"type":"Feature","properties":{"ubigeo":"061301","nombre":"Santa Cruz"},"geometry":{"type":"Polygon","coordinates":[[[-78.8747,-6.66848],[-78.88466,-6.67213],[-78.90002,-6.66788],[-78.90673,-6.65575],[-78.91499,-6.66067],[-78.92994,-6.66121],[-78.93343,-6.65856],[-78.95265,-6.67814],[-78.96285,-6.6738],[-78.96795,-6.66514],[-78.98348,-6.65709],[-79.00427,-6.64462],[-79.01412,-6.64506],[-79.01036,-6.62938],[-78.99734,-6.6271],[-78.99716,-6.61528],[-78.9878,-6.60808],[-78.98454,-6.59584],[-78.97531,-6.58253],[-78.96629,-6.58152],[-78.94959,-6.58662],[-78.94696,-6.57996],[-78.93431,-6.58024],[-78.93013,-6.58466],[-78.91586,-6.58559],[-78.90992,-6.58149],[-78.90246,-6.58781],[-78.8947,-6.60192],[-78.8935,-6.61411],[-78.88588,-6.62517],[-78.88362,-6.64045],[-78.88504,-6.64684],[-78.88015,-6.6624],[-78.8747,-6.66848]]]}},{"type":"Feature","properties":{"ubigeo":"061302","nombre":"Andabamba"},"geometry":{"type":"Polygon","coordinates":[[[-78.8335,-6.66017],[-78.81924,-6.65869],[-78.81354,-6.65162],[-78.79986,-6.64668],[-78.79629,-6.66959],[-78.79863,-6.6766],[-78.80612,-6.68116],[-78.81863,-6.67425],[-78.8335,-6.66017]]]}},{"type":"Feature","properties":{"ubigeo":"061303","nombre":"Catache"},"geometry":{"type":"Polygon","coordinates":[[[-79.01412,-6.64506],[-79.00427,-6.64462],[-78.98348,-6.65709],[-78.98388,-6.66246],[-78.99079,-6.67209],[-79.00029,-6.67708],[-79.00755,-6.69027],[-79.00643,-6.6958],[-78.99719,-6.70496],[-78.98162,-6.7108],[-78.97042,-6.72065],[-78.96037,-6.73512],[-78.95933,-6.74173],[-78.95238,-6.749],[-78.95662,-6.75637],[-78.95478,-6.76779],[-78.94706,-6.77149],[-78.94369,-6.7882],[-78.93665,-6.80415],[-78.92792,-6.81511],[-78.91702,-6.82096],[-78.91952,-6.83921],[-78.91287,-6.84665],[-78.93645,-6.83958],[-78.9423,-6.84579],[-78.96,-6.84851],[-78.97065,-6.85875],[-78.9829,-6.86238],[-79.00573,-6.85215],[-79.0212,-6.84052],[-79.03504,-6.83688],[-79.04433,-6.83941],[-79.04974,-6.83622],[-79.06469,-6.84719],[-79.06916,-6.85447],[-79.06959,-6.86643],[-79.08288,-6.87376],[-79.10529,-6.86762],[-79.12706,-6.86528],[-79.13325,-6.86902],[-79.14634,-6.8656],[-79.15263,-6.85387],[-79.15736,-6.85707],[-79.16242,-6.84962],[-79.17849,-6.8433],[-79.18517,-6.83328],[-79.20709,-6.82144],[-79.18875,-6.8155],[-79.18181,-6.80505],[-79.17634,-6.80205],[-79.15876,-6.80093],[-79.14428,-6.78861],[-79.12372,-6.78282],[-79.12085,-6.77697],[-79.12889,-6.75968],[-79.12874,-6.75248],[-79.138,-6.74124],[-79.13547,-6.727],[-79.14291,-6.71911],[-79.14273,-6.6999],[-79.15602,-6.70476],[-79.17105,-6.7017],[-79.17601,-6.71042],[-79.18843,-6.71654],[-79.19485,-6.70436],[-79.19553,-6.69683],[-79.20353,-6.69209],[-79.21379,-6.69563],[-79.22165,-6.68821],[-79.22906,-6.67141],[-79.24024,-6.61766],[-79.24916,-6.60885],[-79.22918,-6.6136],[-79.22139,-6.61254],[-79.21256,-6.61955],[-79.20227,-6.62137],[-79.19317,-6.62845],[-79.1755,-6.62829],[-79.16719,-6.62507],[-79.1494,-6.63056],[-79.12684,-6.63222],[-79.12636,-6.63443],[-79.10324,-6.64672],[-79.09454,-6.6455],[-79.09135,-6.65094],[-79.0757,-6.65473],[-79.06073,-6.66426],[-79.0525,-6.66219],[-79.0479,-6.66498],[-79.03929,-6.66283],[-79.03268,-6.65621],[-79.02621,-6.65492],[-79.01412,-6.64506]]]}},{"type":"Feature","properties":{"ubigeo":"061304","nombre":"Chancaybaños"},"geometry":{"type":"Polygon","coordinates":[[[-78.77665,-6.56311],[-78.77987,-6.57206],[-78.78667,-6.57788],[-78.79482,-6.57875],[-78.8015,-6.58771],[-78.80725,-6.58952],[-78.81615,-6.60458],[-78.82843,-6.60129],[-78.83776,-6.60326],[-78.84615,-6.60107],[-78.8561,-6.59266],[-78.86184,-6.58077],[-78.87796,-6.57497],[-78.88735,-6.57792],[-78.8937,-6.57454],[-78.90101,-6.57599],[-78.90325,-6.5811],[-78.90992,-6.58149],[-78.91586,-6.58559],[-78.93013,-6.58466],[-78.93431,-6.58024],[-78.94696,-6.57996],[-78.94959,-6.58662],[-78.96629,-6.58152],[-78.96244,-6.56656],[-78.95396,-6.55522],[-78.96128,-6.54545],[-78.96147,-6.53697],[-78.96586,-6.5318],[-78.95271,-6.52716],[-78.94824,-6.51937],[-78.93613,-6.50675],[-78.92778,-6.50364],[-78.91728,-6.51922],[-78.90901,-6.52623],[-78.90128,-6.52864],[-78.89238,-6.52627],[-78.87469,-6.52425],[-78.87142,-6.52152],[-78.85625,-6.52104],[-78.8481,-6.52331],[-78.82326,-6.52574],[-78.81707,-6.53214],[-78.81422,-6.54704],[-78.80685,-6.55578],[-78.79312,-6.55302],[-78.78619,-6.56145],[-78.77665,-6.56311]]]}},{"type":"Feature","properties":{"ubigeo":"061305","nombre":"La Esperanza"},"geometry":{"type":"Polygon","coordinates":[[[-78.79885,-6.64143],[-78.79986,-6.64668],[-78.81354,-6.65162],[-78.81924,-6.65869],[-78.8335,-6.66017],[-78.85339,-6.65922],[-78.85519,-6.65223],[-78.8652,-6.64814],[-78.87462,-6.66173],[-78.8747,-6.66848],[-78.88015,-6.6624],[-78.88504,-6.64684],[-78.88362,-6.64045],[-78.88588,-6.62517],[-78.8935,-6.61411],[-78.8947,-6.60192],[-78.90246,-6.58781],[-78.90992,-6.58149],[-78.90325,-6.5811],[-78.90101,-6.57599],[-78.8937,-6.57454],[-78.88735,-6.57792],[-78.87796,-6.57497],[-78.86184,-6.58077],[-78.8561,-6.59266],[-78.84615,-6.60107],[-78.83776,-6.60326],[-78.82843,-6.60129],[-78.82405,-6.61015],[-78.82744,-6.62619],[-78.81714,-6.64631],[-78.80708,-6.64138],[-78.79885,-6.64143]]]}},{"type":"Feature","properties":{"ubigeo":"061306","nombre":"Ninabamba"},"geometry":{"type":"Polygon","coordinates":[[[-78.71841,-6.73967],[-78.72388,-6.74385],[-78.73243,-6.74057],[-78.7381,-6.74518],[-78.74616,-6.74461],[-78.75753,-6.73782],[-78.76388,-6.72845],[-78.78619,-6.71599],[-78.78926,-6.70886],[-78.7978,-6.70293],[-78.81103,-6.7003],[-78.81765,-6.69315],[-78.80612,-6.68116],[-78.79863,-6.6766],[-78.79629,-6.66959],[-78.79986,-6.64668],[-78.79885,-6.64143],[-78.78891,-6.63996],[-78.77684,-6.64593],[-78.76679,-6.64528],[-78.76942,-6.65017],[-78.75521,-6.67683],[-78.753,-6.68383],[-78.73996,-6.70445],[-78.72662,-6.71366],[-78.7221,-6.73422],[-78.71841,-6.73967]]]}},{"type":"Feature","properties":{"ubigeo":"061307","nombre":"Pulan"},"geometry":{"type":"Polygon","coordinates":[[[-78.87921,-6.71325],[-78.86699,-6.71268],[-78.84829,-6.71678],[-78.84949,-6.73869],[-78.86652,-6.75778],[-78.87598,-6.77267],[-78.87393,-6.77906],[-78.88071,-6.791],[-78.88694,-6.79718],[-78.88431,-6.80229],[-78.88533,-6.81317],[-78.88055,-6.82186],[-78.88322,-6.84354],[-78.88796,-6.84539],[-78.91287,-6.84665],[-78.91952,-6.83921],[-78.91702,-6.82096],[-78.92792,-6.81511],[-78.93665,-6.80415],[-78.94369,-6.7882],[-78.94706,-6.77149],[-78.95478,-6.76779],[-78.95662,-6.75637],[-78.95238,-6.749],[-78.95933,-6.74173],[-78.96037,-6.73512],[-78.97042,-6.72065],[-78.98162,-6.7108],[-78.99719,-6.70496],[-79.00643,-6.6958],[-79.00755,-6.69027],[-79.00029,-6.67708],[-78.99079,-6.67209],[-78.98388,-6.66246],[-78.98348,-6.65709],[-78.96795,-6.66514],[-78.96285,-6.6738],[-78.95265,-6.67814],[-78.94629,-6.68063],[-78.93587,-6.69403],[-78.92687,-6.70047],[-78.91664,-6.7025],[-78.9074,-6.69591],[-78.89673,-6.70317],[-78.89097,-6.70407],[-78.88191,-6.71493],[-78.87921,-6.71325]]]}},{"type":"Feature","properties":{"ubigeo":"061308","nombre":"Saucepampa"},"geometry":{"type":"Polygon","coordinates":[[[-78.87921,-6.71325],[-78.88191,-6.71493],[-78.89097,-6.70407],[-78.89673,-6.70317],[-78.9074,-6.69591],[-78.91664,-6.7025],[-78.92687,-6.70047],[-78.93587,-6.69403],[-78.94629,-6.68063],[-78.95265,-6.67814],[-78.93343,-6.65856],[-78.92994,-6.66121],[-78.91499,-6.66067],[-78.90673,-6.65575],[-78.90002,-6.66788],[-78.88466,-6.67213],[-78.8747,-6.66848],[-78.87675,-6.67259],[-78.87261,-6.69773],[-78.87921,-6.71325]]]}},{"type":"Feature","properties":{"ubigeo":"061309","nombre":"Sexi"},"geometry":{"type":"Polygon","coordinates":[[[-78.96629,-6.58152],[-78.97531,-6.58253],[-78.98454,-6.59584],[-78.9878,-6.60808],[-78.99716,-6.61528],[-78.99734,-6.6271],[-79.01036,-6.62938],[-79.01412,-6.64506],[-79.02621,-6.65492],[-79.03268,-6.65621],[-79.03929,-6.66283],[-79.0479,-6.66498],[-79.0525,-6.66219],[-79.06073,-6.66426],[-79.0757,-6.65473],[-79.09135,-6.65094],[-79.09454,-6.6455],[-79.10324,-6.64672],[-79.12636,-6.63443],[-79.12684,-6.63222],[-79.1184,-6.6285],[-79.09927,-6.60948],[-79.09352,-6.59905],[-79.09261,-6.58364],[-79.08743,-6.57254],[-79.08588,-6.55771],[-79.0742,-6.53381],[-79.06602,-6.52301],[-79.05594,-6.51636],[-79.04776,-6.5248],[-79.03489,-6.51546],[-79.02385,-6.51277],[-79.00248,-6.51506],[-78.98845,-6.51174],[-78.97918,-6.51892],[-78.97605,-6.52813],[-78.96586,-6.5318],[-78.96147,-6.53697],[-78.96128,-6.54545],[-78.95396,-6.55522],[-78.96244,-6.56656],[-78.96629,-6.58152]]]}},{"type":"Feature","properties":{"ubigeo":"061310","nombre":"Uticyacu"},"geometry":{"type":"Polygon","coordinates":[[[-78.76679,-6.64528],[-78.77684,-6.64593],[-78.78891,-6.63996],[-78.79885,-6.64143],[-78.80708,-6.64138],[-78.81714,-6.64631],[-78.82744,-6.62619],[-78.82405,-6.61015],[-78.82843,-6.60129],[-78.81615,-6.60458],[-78.80725,-6.58952],[-78.8015,-6.58771],[-78.79482,-6.57875],[-78.78667,-6.57788],[-78.78599,-6.58249],[-78.77064,-6.58127],[-78.75971,-6.59685],[-78.76303,-6.60866],[-78.75808,-6.6209],[-78.75802,-6.63212],[-78.76069,-6.64024],[-78.76679,-6.64528]]]}},{"type":"Feature","properties":{"ubigeo":"061311","nombre":"Yauyucan"},"geometry":{"type":"Polygon","coordinates":[[[-78.80612,-6.68116],[-78.81765,-6.69315],[-78.82554,-6.69884],[-78.84599,-6.70253],[-78.85177,-6.70871],[-78.84829,-6.71678],[-78.86699,-6.71268],[-78.87921,-6.71325],[-78.87261,-6.69773],[-78.87675,-6.67259],[-78.8747,-6.66848],[-78.87462,-6.66173],[-78.8652,-6.64814],[-78.85519,-6.65223],[-78.85339,-6.65922],[-78.8335,-6.66017],[-78.81863,-6.67425],[-78.80612,-6.68116]]]}}]}