{"type":"FeatureCollection","features":[{"type":"Feature","properties":{"ubigeo":"080101","nombre":"Cusco"},"geometry":{"type":"Polygon","coordinates":[[[-72.0006,-13.44404],[-71.99187,-13.44154],[-71.98022,-13.4295],[-71.96194,-13.43972],[-71.93827,-13.44242],[-71.92923,-13.43607],[-71.92446,-13.45933],[-71.93167,-13.4676],[-71.93976,-13.47834],[-71.94633,-13.47873],[-71.94459,-13.49801],[-71.94637,-13.50122],[-71.94039,-13.51109],[-71.94587,-13.52069],[-71.94139,-13.52791],[-71.97382,-13.51975],[-71.97103,-13.52732],[-71.98693,-13.52249],[-72.00138,-13.5368],[-72.01108,-13.53986],[-72.02197,-13.55461],[-72.02319,-13.56561],[-72.03304,-13.55581],[-72.04327,-13.55633],[-72.05303,-13.53484],[-72.04346,-13.52773],[-72.02369,-13.52664],[-72.00581,-13.51731],[-72.00495,-13.50125],[-72.00912,-13.46525],[-72.00021,-13.44799],[-72.0006,-13.44404]]]}},{"type":"Feature","properties":{"ubigeo":"080102","nombre":"Ccorca"},"geometry":{"type":"Polygon","coordinates":[[[-72.02319,-13.56561],[-72.0149,-13.57876],[-72.00953,-13.59207],[-71.99955,-13.59684],[-71.99264,-13.59346],[-71.9869,-13.59842],[-71.9849,-13.60941],[-71.99587,-13.60886],[-72.00738,-13.61305],[-72.02365,-13.61394],[-72.04558,-13.63453],[-72.04548,-13.63838],[-72.05972,-13.64121],[-72.0715,-13.64747],[-72.08553,-13.64677],[-72.09137,-13.64916],[-72.109,-13.63883],[-72.11554,-13.62847],[-72.12149,-13.63779],[-72.13221,-13.6393],[-72.13479,-13.62599],[-72.15336,-13.61123],[-72.16458,-13.60628],[-72.16793,-13.59275],[-72.1674,-13.58002],[-72.15857,-13.56583],[-72.15744,-13.55539],[-72.1612,-13.54867],[-72.1492,-13.53701],[-72.13901,-13.53811],[-72.12945,-13.54594],[-72.11676,-13.55188],[-72.10309,-13.55334],[-72.09329,-13.53926],[-72.07824,-13.52838],[-72.06146,-13.52794],[-72.05303,-13.53484],[-72.04327,-13.55633],[-72.03304,-13.55581],[-72.02319,-13.56561]]]}},{"type":"Feature","properties":{"ubigeo":"080103","nombre":"Poroy"},"geometry":{"type":"Polygon","coordinates":[[[-72.06146,-13.52794],[-72.06092,-13.51679],[-72.05736,-13.50532],[-72.05221,-13.50001],[-72.05142,-13.48984],[-72.04815,-13.49027],[-72.03855,-13.47829],[-72.01897,-13.47537],[-72.00912,-13.46525],[-72.00495,-13.50125],[-72.00581,-13.51731],[-72.02369,-13.52664],[-72.04346,-13.52773],[-72.05303,-13.53484],[-72.06146,-13.52794]]]}},{"type":"Feature","properties":{"ubigeo":"080104","nombre":"San Jerónimo"},"geometry":{"type":"Polygon","coordinates":[[[-71.8147,-13.5055],[-71.82043,-13.50689],[-71.83281,-13.52653],[-71.83619,-13.53481],[-71.84405,-13.54401],[-71.85014,-13.54689],[-71.85418,-13.55598],[-71.86113,-13.55216],[-71.85831,-13.56108],[-71.85006,-13.56754],[-71.84928,-13.57342],[-71.83559,-13.59083],[-71.82316,-13.60162],[-71.81982,-13.60776],[-71.82746,-13.61322],[-71.83237,-13.62194],[-71.84316,-13.63079],[-71.85521,-13.62417],[-71.86221,-13.61541],[-71.87423,-13.61278],[-71.88328,-13.60711],[-71.90548,-13.59942],[-71.90604,-13.59436],[-71.89974,-13.57866],[-71.91671,-13.57257],[-71.91731,-13.56005],[-71.9137,-13.5518],[-71.90442,-13.54187],[-71.90642,-13.53699],[-71.90273,-13.5293],[-71.8934,-13.52035],[-71.88295,-13.4981],[-71.86737,-13.49874],[-71.85522,-13.49593],[-71.8465,-13.48657],[-71.84286,-13.49056],[-71.82792,-13.49571],[-71.8147,-13.5055]]]}},{"type":"Feature","properties":{"ubigeo":"080105","nombre":"San Sebastian"},"geometry":{"type":"Polygon","coordinates":[[[-71.90604,-13.59436],[-71.91613,-13.59369],[-71.918,-13.60194],[-71.92272,-13.60095],[-71.94136,-13.58882],[-71.95902,-13.57329],[-71.96761,-13.56383],[-71.96867,-13.55253],[-71.95893,-13.54892],[-71.95444,-13.53757],[-71.94167,-13.5406],[-71.93376,-13.53815],[-71.92027,-13.53933],[-71.91932,-13.53502],[-71.93738,-13.53392],[-71.94139,-13.52791],[-71.94587,-13.52069],[-71.94039,-13.51109],[-71.94637,-13.50122],[-71.94459,-13.49801],[-71.94633,-13.47873],[-71.93976,-13.47834],[-71.93167,-13.4676],[-71.90476,-13.48074],[-71.88295,-13.4981],[-71.8934,-13.52035],[-71.90273,-13.5293],[-71.90642,-13.53699],[-71.90442,-13.54187],[-71.9137,-13.5518],[-71.91731,-13.56005],[-71.91671,-13.57257],[-71.89974,-13.57866],[-71.90604,-13.59436]]]}},{"type":"Feature","properties":{"ubigeo":"080106","nombre":"Santiago"},"geometry":{"type":"Polygon","coordinates":[[[-71.95444,-13.53757],[-71.95893,-13.54892],[-71.96867,-13.55253],[-71.96761,-13.56383],[-71.95902,-13.57329],[-71.94136,-13.58882],[-71.92272,-13.60095],[-71.92245,-13.60792],[-71.9284,-13.61544],[-71.94211,-13.61197],[-71.94967,-13.61812],[-71.95877,-13.61519],[-71.96077,-13.61031],[-71.97479,-13.61142],[-71.9849,-13.60941],[-71.9869,-13.59842],[-71.99264,-13.59346],[-71.99955,-13.59684],[-72.00953,-13.59207],[-72.0149,-13.57876],[-72.02319,-13.56561],[-72.02197,-13.55461],[-72.01108,-13.53986],[-72.00138,-13.5368],[-71.98693,-13.52249],[-71.97103,-13.52732],[-71.96713,-13.53395],[-71.95444,-13.53757]]]}},{"type":"Feature","properties":{"ubigeo":"080107","nombre":"Saylla"},"geometry":{"type":"Polygon","coordinates":[[[-71.83559,-13.59083],[-71.84928,-13.57342],[-71.85006,-13.56754],[-71.85831,-13.56108],[-71.86113,-13.55216],[-71.85418,-13.55598],[-71.85014,-13.54689],[-71.84405,-13.54401],[-71.83619,-13.53481],[-71.83281,-13.52653],[-71.82043,-13.50689],[-71.8147,-13.5055],[-71.80463,-13.50826],[-71.81931,-13.51704],[-71.8209,-13.52175],[-71.81495,-13.5532],[-71.81804,-13.55851],[-71.81433,-13.56807],[-71.81591,-13.57624],[-71.83559,-13.59083]]]}},{"type":"Feature","properties":{"ubigeo":"080108","nombre":"Wanchaq"},"geometry":{"type":"Polygon","coordinates":[[[-71.95444,-13.53757],[-71.96713,-13.53395],[-71.97103,-13.52732],[-71.97382,-13.51975],[-71.94139,-13.52791],[-71.93738,-13.53392],[-71.91932,-13.53502],[-71.92027,-13.53933],[-71.93376,-13.53815],[-71.94167,-13.5406],[-71.95444,-13.53757]]]}},{"type":"Feature","properties":{"ubigeo":"080201","nombre":"Acomayo"},"geometry":{"type":"Polygon","coordinates":[[[-71.62018,-13.89727],[-71.62636,-13.918],[-71.63119,-13.91999],[-71.62643,-13.92717],[-71.6331,-13.93097],[-71.63719,-13.93844],[-71.63531,-13.95297],[-71.62932,-13.96305],[-71.65518,-13.98325],[-71.66411,-13.9744],[-71.67334,-13.9789],[-71.6761,-13.97083],[-71.68407,-13.96367],[-71.68754,-13.95092],[-71.69422,-13.94396],[-71.70466,-13.93984],[-71.70486,-13.92722],[-71.70173,-13.92173],[-71.70774,-13.91746],[-71.70941,-13.90732],[-71.71765,-13.89572],[-71.72517,-13.89013],[-71.73289,-13.87026],[-71.72172,-13.86568],[-71.71822,-13.86089],[-71.72014,-13.82925],[-71.71247,-13.8203],[-71.70168,-13.81979],[-71.68538,-13.82591],[-71.66908,-13.82148],[-71.65997,-13.82432],[-71.64755,-13.82337],[-71.63778,-13.83523],[-71.63452,-13.84561],[-71.63891,-13.84985],[-71.63808,-13.86112],[-71.63239,-13.87062],[-71.62904,-13.88419],[-71.62018,-13.89727]]]}},{"type":"Feature","properties":{"ubigeo":"080202","nombre":"Acopia"},"geometry":{"type":"Polygon","coordinates":[[[-71.44442,-14.09413],[-71.44954,-14.09187],[-71.45968,-14.07616],[-71.46368,-14.07518],[-71.47864,-14.08078],[-71.49316,-14.09431],[-71.50301,-14.09503],[-71.5084,-14.09913],[-71.53388,-14.09495],[-71.54632,-14.09018],[-71.52802,-14.08455],[-71.53027,-14.07121],[-71.52747,-14.05697],[-71.54811,-14.03863],[-71.54323,-14.0251],[-71.55275,-14.02024],[-71.55841,-14.00889],[-71.51359,-14.00559],[-71.49939,-13.99707],[-71.49357,-13.98648],[-71.49097,-13.98895],[-71.48962,-14.01294],[-71.48274,-14.01793],[-71.48226,-14.02864],[-71.4772,-14.03736],[-71.45776,-14.04625],[-71.44794,-14.05562],[-71.44583,-14.06784],[-71.43925,-14.07387],[-71.43933,-14.08001],[-71.44442,-14.09413]]]}},{"type":"Feature","properties":{"ubigeo":"080203","nombre":"Acos"},"geometry":{"type":"Polygon","coordinates":[[[-71.65518,-13.98325],[-71.65453,-13.99228],[-71.66077,-13.99901],[-71.66554,-14.01072],[-71.67106,-14.03202],[-71.68125,-14.02965],[-71.69307,-14.02218],[-71.70462,-14.02211],[-71.71241,-14.02772],[-71.72397,-14.02847],[-71.72314,-14.02219],[-71.72493,-13.99789],[-71.72938,-13.97518],[-71.74301,-13.96184],[-71.75641,-13.9517],[-71.76103,-13.95173],[-71.76837,-13.94299],[-71.77841,-13.93755],[-71.78053,-13.91568],[-71.77986,-13.90657],[-71.78697,-13.9003],[-71.80928,-13.89417],[-71.81066,-13.88755],[-71.80797,-13.87137],[-71.80188,-13.87226],[-71.80038,-13.86583],[-71.7845,-13.86247],[-71.7756,-13.86674],[-71.76471,-13.86072],[-71.75718,-13.84826],[-71.74329,-13.85619],[-71.73289,-13.87026],[-71.72517,-13.89013],[-71.71765,-13.89572],[-71.70941,-13.90732],[-71.70774,-13.91746],[-71.70173,-13.92173],[-71.70486,-13.92722],[-71.70466,-13.93984],[-71.69422,-13.94396],[-71.68754,-13.95092],[-71.68407,-13.96367],[-71.6761,-13.97083],[-71.67334,-13.9789],[-71.66411,-13.9744],[-71.65518,-13.98325]]]}},{"type":"Feature","properties":{"ubigeo":"080204","nombre":"Mosoc Llacta"},"geometry":{"type":"Polygon","coordinates":[[[-71.47214,-14.13167],[-71.49182,-14.13828],[-71.49674,-14.13644],[-71.5042,-14.12324],[-71.51321,-14.12017],[-71.5307,-14.10636],[-71.54632,-14.09018],[-71.53388,-14.09495],[-71.5084,-14.09913],[-71.50301,-14.09503],[-71.49316,-14.09431],[-71.47864,-14.08078],[-71.46368,-14.07518],[-71.45968,-14.07616],[-71.44954,-14.09187],[-71.44442,-14.09413],[-71.44034,-14.10367],[-71.44333,-14.10816],[-71.45564,-14.1063],[-71.46092,-14.10874],[-71.46063,-14.12167],[-71.47214,-14.13167]]]}},{"type":"Feature","properties":{"ubigeo":"080205","nombre":"Pomacanchi"},"geometry":{"type":"Polygon","coordinates":[[[-71.54632,-14.09018],[-71.55739,-14.08346],[-71.56085,-14.08842],[-71.58341,-14.10113],[-71.58341,-14.108],[-71.58832,-14.11417],[-71.59529,-14.13445],[-71.59572,-14.14988],[-71.6092,-14.15388],[-71.62491,-14.13668],[-71.64435,-14.13352],[-71.64976,-14.12852],[-71.67822,-14.11792],[-71.69046,-14.11851],[-71.69971,-14.11629],[-71.70212,-14.10007],[-71.70773,-14.07885],[-71.71821,-14.06021],[-71.72397,-14.02847],[-71.71241,-14.02772],[-71.70462,-14.02211],[-71.69307,-14.02218],[-71.68125,-14.02965],[-71.67106,-14.03202],[-71.66554,-14.01072],[-71.66077,-13.99901],[-71.65453,-13.99228],[-71.65518,-13.98325],[-71.62932,-13.96305],[-71.61561,-13.94997],[-71.61008,-13.95184],[-71.6037,-13.96322],[-71.6005,-13.95254],[-71.58996,-13.95548],[-71.58092,-13.96402],[-71.58758,-13.96685],[-71.58607,-13.98306],[-71.57515,-13.97882],[-71.56568,-13.98294],[-71.56117,-14.00396],[-71.55841,-14.00889],[-71.55275,-14.02024],[-71.54323,-14.0251],[-71.54811,-14.03863],[-71.52747,-14.05697],[-71.53027,-14.07121],[-71.52802,-14.08455],[-71.54632,-14.09018]]]}},{"type":"Feature","properties":{"ubigeo":"080206","nombre":"Rondocan"},"geometry":{"type":"Polygon","coordinates":[[[-71.72714,-13.73301],[-71.71296,-13.74279],[-71.71278,-13.74676],[-71.7033,-13.75952],[-71.70131,-13.78849],[-71.696,-13.79537],[-71.7022,-13.79826],[-71.70866,-13.80879],[-71.71247,-13.8203],[-71.72014,-13.82925],[-71.71822,-13.86089],[-71.72172,-13.86568],[-71.73289,-13.87026],[-71.74329,-13.85619],[-71.75718,-13.84826],[-71.76471,-13.86072],[-71.7756,-13.86674],[-71.7845,-13.86247],[-71.80038,-13.86583],[-71.80333,-13.86001],[-71.80101,-13.8511],[-71.80506,-13.84721],[-71.80913,-13.83546],[-71.80768,-13.82731],[-71.81419,-13.82117],[-71.83318,-13.81321],[-71.83231,-13.79557],[-71.82908,-13.77898],[-71.82193,-13.77052],[-71.81557,-13.75712],[-71.81602,-13.7483],[-71.79471,-13.71577],[-71.79417,-13.70665],[-71.78976,-13.69836],[-71.78343,-13.69699],[-71.76391,-13.70814],[-71.74837,-13.71033],[-71.74523,-13.71755],[-71.74652,-13.72634],[-71.73588,-13.73686],[-71.72714,-13.73301]]]}},{"type":"Feature","properties":{"ubigeo":"080207","nombre":"Sangarara"},"geometry":{"type":"Polygon","coordinates":[[[-71.51688,-13.96722],[-71.51804,-13.97487],[-71.5134,-13.98338],[-71.49357,-13.98648],[-71.49939,-13.99707],[-71.51359,-14.00559],[-71.55841,-14.00889],[-71.56117,-14.00396],[-71.56568,-13.98294],[-71.57515,-13.97882],[-71.58607,-13.98306],[-71.58758,-13.96685],[-71.58092,-13.96402],[-71.58996,-13.95548],[-71.6005,-13.95254],[-71.6037,-13.96322],[-71.61008,-13.95184],[-71.61561,-13.94997],[-71.62932,-13.96305],[-71.63531,-13.95297],[-71.63719,-13.93844],[-71.6331,-13.93097],[-71.62643,-13.92717],[-71.63119,-13.91999],[-71.62636,-13.918],[-71.62018,-13.89727],[-71.61594,-13.89727],[-71.60085,-13.90627],[-71.58977,-13.90204],[-71.57637,-13.90564],[-71.56538,-13.90328],[-71.55865,-13.92218],[-71.56722,-13.92334],[-71.56239,-13.93471],[-71.54218,-13.94582],[-71.53695,-13.9413],[-71.53092,-13.94844],[-71.53065,-13.95518],[-71.52467,-13.96468],[-71.51688,-13.96722]]]}},{"type":"Feature","properties":{"ubigeo":"080301","nombre":"Anta"},"geometry":{"type":"Polygon","coordinates":[[[-72.10323,-13.42677],[-72.10796,-13.43505],[-72.11895,-13.45336],[-72.12696,-13.45872],[-72.11944,-13.46898],[-72.1206,-13.48102],[-72.11476,-13.49299],[-72.10343,-13.4992],[-72.10215,-13.50567],[-72.09004,-13.51068],[-72.08376,-13.52398],[-72.07824,-13.52838],[-72.09329,-13.53926],[-72.10309,-13.55334],[-72.11676,-13.55188],[-72.12945,-13.54594],[-72.13901,-13.53811],[-72.1492,-13.53701],[-72.1612,-13.54867],[-72.15744,-13.55539],[-72.15857,-13.56583],[-72.1674,-13.58002],[-72.17797,-13.56846],[-72.19056,-13.55147],[-72.19768,-13.54794],[-72.21161,-13.54631],[-72.21391,-13.53905],[-72.22231,-13.53281],[-72.23441,-13.52898],[-72.25164,-13.52797],[-72.25564,-13.52329],[-72.24333,-13.51657],[-72.23624,-13.49991],[-72.23462,-13.49062],[-72.22761,-13.49074],[-72.21186,-13.4832],[-72.20134,-13.48034],[-72.20197,-13.46787],[-72.19718,-13.43904],[-72.18986,-13.42954],[-72.17515,-13.42007],[-72.16634,-13.41966],[-72.16188,-13.40045],[-72.14667,-13.39178],[-72.13314,-13.38918],[-72.11698,-13.39701],[-72.11737,-13.40493],[-72.11323,-13.41673],[-72.10323,-13.42677]]]}},{"type":"Feature","properties":{"ubigeo":"080302","nombre":"Ancahuasi"},"geometry":{"type":"Polygon","coordinates":[[[-72.27101,-13.50911],[-72.30538,-13.51788],[-72.33124,-13.52206],[-72.37544,-13.50729],[-72.37579,-13.50223],[-72.36688,-13.49527],[-72.36294,-13.48027],[-72.37462,-13.46882],[-72.37352,-13.45791],[-72.35996,-13.45052],[-72.3596,-13.43987],[-72.36651,-13.43679],[-72.3632,-13.41663],[-72.35705,-13.40492],[-72.34288,-13.39439],[-72.33661,-13.38712],[-72.32246,-13.3918],[-72.31372,-13.4061],[-72.30485,-13.4055],[-72.29227,-13.41735],[-72.29161,-13.42073],[-72.27685,-13.42279],[-72.27948,-13.43998],[-72.27566,-13.46019],[-72.26847,-13.46857],[-72.27397,-13.48667],[-72.26891,-13.49636],[-72.27101,-13.50911]]]}},{"type":"Feature","properties":{"ubigeo":"080303","nombre":"Cachimayo"},"geometry":{"type":"Polygon","coordinates":[[[-72.00912,-13.46525],[-72.01897,-13.47537],[-72.03855,-13.47829],[-72.04815,-13.49027],[-72.05142,-13.48984],[-72.05221,-13.50001],[-72.05736,-13.50532],[-72.06344,-13.50035],[-72.0777,-13.49577],[-72.08858,-13.48799],[-72.07688,-13.47385],[-72.08026,-13.46502],[-72.08875,-13.46343],[-72.08994,-13.45145],[-72.10384,-13.44168],[-72.10796,-13.43505],[-72.10323,-13.42677],[-72.0987,-13.43103],[-72.07767,-13.43375],[-72.07001,-13.43834],[-72.06077,-13.45097],[-72.05065,-13.45367],[-72.04054,-13.45222],[-72.03424,-13.44711],[-72.02239,-13.44564],[-72.01787,-13.43885],[-72.0006,-13.44404],[-72.00021,-13.44799],[-72.00912,-13.46525]]]}},{"type":"Feature","properties":{"ubigeo":"080304","nombre":"Chinchaypujio"},"geometry":{"type":"Polygon","coordinates":[[[-72.1674,-13.58002],[-72.16793,-13.59275],[-72.16458,-13.60628],[-72.15336,-13.61123],[-72.13479,-13.62599],[-72.13221,-13.6393],[-72.1406,-13.64422],[-72.16785,-13.64953],[-72.17255,-13.65541],[-72.18857,-13.66665],[-72.19474,-13.68206],[-72.20112,-13.68557],[-72.21848,-13.70144],[-72.21918,-13.7065],[-72.22867,-13.71406],[-72.23068,-13.70607],[-72.24478,-13.69821],[-72.24525,-13.68738],[-72.25059,-13.69295],[-72.26137,-13.68219],[-72.26616,-13.68501],[-72.27742,-13.68415],[-72.28276,-13.69094],[-72.29028,-13.69006],[-72.29729,-13.69648],[-72.29917,-13.70445],[-72.31234,-13.70849],[-72.31638,-13.70514],[-72.31485,-13.69848],[-72.33422,-13.69101],[-72.34187,-13.68421],[-72.35654,-13.68034],[-72.36944,-13.66566],[-72.3789,-13.66155],[-72.38793,-13.66406],[-72.40175,-13.65951],[-72.40444,-13.65384],[-72.39847,-13.64832],[-72.39982,-13.64185],[-72.4,-13.63332],[-72.39322,-13.63165],[-72.3848,-13.62369],[-72.37437,-13.60653],[-72.36361,-13.60578],[-72.36092,-13.59913],[-72.36375,-13.58589],[-72.35535,-13.5702],[-72.35702,-13.5556],[-72.34628,-13.54443],[-72.34644,-13.53879],[-72.34084,-13.5245],[-72.33124,-13.52206],[-72.30538,-13.51788],[-72.27101,-13.50911],[-72.27084,-13.51761],[-72.26189,-13.51597],[-72.25564,-13.52329],[-72.25164,-13.52797],[-72.23441,-13.52898],[-72.22231,-13.53281],[-72.21391,-13.53905],[-72.21161,-13.54631],[-72.19768,-13.54794],[-72.19056,-13.55147],[-72.17797,-13.56846],[-72.1674,-13.58002]]]}},{"type":"Feature","properties":{"ubigeo":"080305","nombre":"Huarocondo"},"geometry":{"type":"Polygon","coordinates":[[[-72.14667,-13.39178],[-72.16188,-13.40045],[-72.16634,-13.41966],[-72.17515,-13.42007],[-72.18986,-13.42954],[-72.19718,-13.43904],[-72.20197,-13.46787],[-72.21586,-13.45028],[-72.2244,-13.44457],[-72.22525,-13.43572],[-72.24146,-13.42437],[-72.24287,-13.41824],[-72.25057,-13.41396],[-72.2599,-13.41888],[-72.26572,-13.41533],[-72.27685,-13.42279],[-72.29161,-13.42073],[-72.29227,-13.41735],[-72.30485,-13.4055],[-72.31372,-13.4061],[-72.32246,-13.3918],[-72.33661,-13.38712],[-72.34288,-13.39439],[-72.35999,-13.38824],[-72.36787,-13.38153],[-72.3658,-13.3734],[-72.3712,-13.36134],[-72.37374,-13.34228],[-72.38126,-13.34244],[-72.38366,-13.33381],[-72.38051,-13.32588],[-72.3844,-13.31923],[-72.38189,-13.31413],[-72.3858,-13.30449],[-72.37705,-13.30027],[-72.36705,-13.28626],[-72.35838,-13.2863],[-72.34814,-13.29737],[-72.34513,-13.30943],[-72.32955,-13.31515],[-72.32006,-13.30922],[-72.31283,-13.30881],[-72.31353,-13.31321],[-72.30327,-13.31765],[-72.29366,-13.31632],[-72.28537,-13.31171],[-72.27784,-13.31639],[-72.26712,-13.33024],[-72.24935,-13.32679],[-72.23355,-13.33114],[-72.23171,-13.3286],[-72.21952,-13.32628],[-72.21153,-13.33131],[-72.21548,-13.34258],[-72.21447,-13.35397],[-72.20996,-13.36678],[-72.19407,-13.3763],[-72.19121,-13.37492],[-72.17906,-13.38199],[-72.17425,-13.39047],[-72.16082,-13.39393],[-72.14667,-13.39178]]]}},{"type":"Feature","properties":{"ubigeo":"080306","nombre":"Limatambo"},"geometry":{"type":"Polygon","coordinates":[[[-72.3712,-13.36134],[-72.3658,-13.3734],[-72.36787,-13.38153],[-72.35999,-13.38824],[-72.34288,-13.39439],[-72.35705,-13.40492],[-72.3632,-13.41663],[-72.36651,-13.43679],[-72.3596,-13.43987],[-72.35996,-13.45052],[-72.37352,-13.45791],[-72.37462,-13.46882],[-72.36294,-13.48027],[-72.36688,-13.49527],[-72.37579,-13.50223],[-72.37544,-13.50729],[-72.33124,-13.52206],[-72.34084,-13.5245],[-72.34644,-13.53879],[-72.34628,-13.54443],[-72.35702,-13.5556],[-72.35535,-13.5702],[-72.36375,-13.58589],[-72.36092,-13.59913],[-72.36361,-13.60578],[-72.37437,-13.60653],[-72.3848,-13.62369],[-72.39322,-13.63165],[-72.4,-13.63332],[-72.40948,-13.62025],[-72.41832,-13.61472],[-72.4214,-13.60608],[-72.43616,-13.60539],[-72.45129,-13.59997],[-72.45961,-13.59055],[-72.46632,-13.5878],[-72.47698,-13.58826],[-72.48641,-13.5919],[-72.49177,-13.58262],[-72.50492,-13.57417],[-72.51348,-13.57398],[-72.52495,-13.56662],[-72.53338,-13.57239],[-72.54812,-13.55602],[-72.53106,-13.54307],[-72.51996,-13.53969],[-72.51607,-13.53078],[-72.50616,-13.52208],[-72.50813,-13.51666],[-72.50542,-13.50676],[-72.50637,-13.49345],[-72.51639,-13.47142],[-72.52613,-13.46166],[-72.53129,-13.44671],[-72.54153,-13.44059],[-72.56688,-13.41051],[-72.57174,-13.39309],[-72.5718,-13.38637],[-72.5543,-13.3612],[-72.55477,-13.35067],[-72.54668,-13.33261],[-72.54411,-13.33418],[-72.54104,-13.34381],[-72.53512,-13.35169],[-72.54068,-13.3678],[-72.53335,-13.3729],[-72.52452,-13.37072],[-72.51411,-13.37401],[-72.50775,-13.37238],[-72.50223,-13.36569],[-72.49144,-13.36877],[-72.47606,-13.36464],[-72.47264,-13.36133],[-72.46309,-13.36518],[-72.45126,-13.36254],[-72.44368,-13.35499],[-72.44368,-13.34468],[-72.43039,-13.34587],[-72.42522,-13.34918],[-72.40898,-13.34489],[-72.39575,-13.35308],[-72.38724,-13.3624],[-72.38082,-13.36548],[-72.3712,-13.36134]]]}},{"type":"Feature","properties":{"ubigeo":"080307","nombre":"Mollepata"},"geometry":{"type":"Polygon","coordinates":[[[-72.75032,-13.4782],[-72.75134,-13.47236],[-72.75887,-13.46262],[-72.77012,-13.45389],[-72.77286,-13.44888],[-72.76719,-13.44235],[-72.76133,-13.42963],[-72.75462,-13.42188],[-72.7444,-13.41534],[-72.73059,-13.41248],[-72.72208,-13.40472],[-72.71103,-13.4153],[-72.69493,-13.421],[-72.68534,-13.40667],[-72.67542,-13.40257],[-72.6671,-13.40319],[-72.65253,-13.39659],[-72.62972,-13.37465],[-72.61438,-13.38362],[-72.61225,-13.37887],[-72.59379,-13.36062],[-72.57866,-13.36158],[-72.5651,-13.35032],[-72.55852,-13.33659],[-72.54668,-13.33261],[-72.55477,-13.35067],[-72.5543,-13.3612],[-72.5718,-13.38637],[-72.57174,-13.39309],[-72.56688,-13.41051],[-72.54153,-13.44059],[-72.53129,-13.44671],[-72.52613,-13.46166],[-72.51639,-13.47142],[-72.50637,-13.49345],[-72.50542,-13.50676],[-72.50813,-13.51666],[-72.50616,-13.52208],[-72.51607,-13.53078],[-72.51996,-13.53969],[-72.53106,-13.54307],[-72.54812,-13.55602],[-72.56304,-13.55142],[-72.56905,-13.55952],[-72.57593,-13.56276],[-72.58762,-13.56039],[-72.59339,-13.56217],[-72.59619,-13.54989],[-72.60207,-13.54418],[-72.61299,-13.54606],[-72.62584,-13.53556],[-72.63688,-13.54214],[-72.64243,-13.53154],[-72.64921,-13.52431],[-72.64805,-13.5194],[-72.65677,-13.51335],[-72.66836,-13.51728],[-72.67207,-13.5221],[-72.68025,-13.51481],[-72.6957,-13.51036],[-72.7021,-13.50298],[-72.70924,-13.50118],[-72.71629,-13.49043],[-72.7297,-13.49055],[-72.73138,-13.48534],[-72.74545,-13.4829],[-72.75032,-13.4782]]]}},{"type":"Feature","properties":{"ubigeo":"080308","nombre":"Pucyura"},"geometry":{"type":"Polygon","coordinates":[[[-72.06146,-13.52794],[-72.07824,-13.52838],[-72.08376,-13.52398],[-72.09004,-13.51068],[-72.10215,-13.50567],[-72.10343,-13.4992],[-72.11476,-13.49299],[-72.1206,-13.48102],[-72.11944,-13.46898],[-72.12696,-13.45872],[-72.11895,-13.45336],[-72.10796,-13.43505],[-72.10384,-13.44168],[-72.08994,-13.45145],[-72.08875,-13.46343],[-72.08026,-13.46502],[-72.07688,-13.47385],[-72.08858,-13.48799],[-72.0777,-13.49577],[-72.06344,-13.50035],[-72.05736,-13.50532],[-72.06092,-13.51679],[-72.06146,-13.52794]]]}},{"type":"Feature","properties":{"ubigeo":"080309","nombre":"Zurite"},"geometry":{"type":"Polygon","coordinates":[[[-72.25564,-13.52329],[-72.26189,-13.51597],[-72.27084,-13.51761],[-72.27101,-13.50911],[-72.26891,-13.49636],[-72.27397,-13.48667],[-72.26847,-13.46857],[-72.27566,-13.46019],[-72.27948,-13.43998],[-72.27685,-13.42279],[-72.26572,-13.41533],[-72.2599,-13.41888],[-72.25057,-13.41396],[-72.24287,-13.41824],[-72.24146,-13.42437],[-72.22525,-13.43572],[-72.2244,-13.44457],[-72.21586,-13.45028],[-72.20197,-13.46787],[-72.20134,-13.48034],[-72.21186,-13.4832],[-72.22761,-13.49074],[-72.23462,-13.49062],[-72.23624,-13.49991],[-72.24333,-13.51657],[-72.25564,-13.52329]]]}},{"type":"Feature","properties":{"ubigeo":"080401","nombre":"Calca"},"geometry":{"type":"Polygon","coordinates":[[[-71.84755,-13.25077],[-71.85021,-13.25355],[-71.84306,-13.26596],[-71.85392,-13.26714],[-71.85787,-13.27251],[-71.87346,-13.27412],[-71.88815,-13.27304],[-71.89637,-13.27999],[-71.9072,-13.29453],[-71.92823,-13.31862],[-71.9341,-13.33314],[-71.93216,-13.34474],[-71.93494,-13.35399],[-71.92829,-13.36184],[-71.94217,-13.37886],[-71.96105,-13.40736],[-71.97163,-13.40782],[-71.96868,-13.3986],[-71.97498,-13.38765],[-71.97468,-13.38179],[-71.98531,-13.3776],[-71.98692,-13.36782],[-71.99437,-13.35445],[-71.9995,-13.35104],[-72.00657,-13.34001],[-72.01121,-13.32736],[-72.02095,-13.31725],[-72.03518,-13.32384],[-72.03989,-13.31615],[-72.03865,-13.30674],[-72.04413,-13.29057],[-72.04491,-13.26939],[-72.048,-13.26423],[-72.04703,-13.25656],[-72.05256,-13.24664],[-72.05539,-13.24439],[-72.05956,-13.21499],[-72.04286,-13.20479],[-72.04447,-13.19924],[-72.0235,-13.19931],[-72.01821,-13.19635],[-72.01073,-13.20472],[-71.99449,-13.20763],[-71.98823,-13.21383],[-71.97704,-13.20613],[-71.94953,-13.21065],[-71.94512,-13.19868],[-71.93638,-13.19314],[-71.93311,-13.17943],[-71.92895,-13.17429],[-71.91752,-13.17027],[-71.90201,-13.17661],[-71.89748,-13.17549],[-71.89114,-13.18848],[-71.87982,-13.19195],[-71.87147,-13.18744],[-71.85745,-13.19957],[-71.85482,-13.20863],[-71.86418,-13.22641],[-71.85817,-13.23318],[-71.85825,-13.23965],[-71.85231,-13.24258],[-71.84755,-13.25077]]]}},{"type":"Feature","properties":{"ubigeo":"080402","nombre":"Coya"},"geometry":{"type":"Polygon","coordinates":[[[-71.87724,-13.41658],[-71.88294,-13.42151],[-71.88577,-13.43851],[-71.90956,-13.43031],[-71.9224,-13.43638],[-71.92923,-13.43607],[-71.93827,-13.44242],[-71.96194,-13.43972],[-71.98022,-13.4295],[-71.9739,-13.42276],[-71.97163,-13.40782],[-71.96105,-13.40736],[-71.94217,-13.37886],[-71.92829,-13.36184],[-71.9209,-13.3697],[-71.92097,-13.37948],[-71.9125,-13.38526],[-71.90522,-13.37373],[-71.88887,-13.36694],[-71.87685,-13.36567],[-71.8673,-13.35637],[-71.85185,-13.35496],[-71.84982,-13.36329],[-71.85474,-13.36975],[-71.85477,-13.37669],[-71.86545,-13.3947],[-71.88067,-13.39471],[-71.89318,-13.40641],[-71.87724,-13.41658]]]}},{"type":"Feature","properties":{"ubigeo":"080403","nombre":"Lamay"},"geometry":{"type":"Polygon","coordinates":[[[-71.85185,-13.35496],[-71.8673,-13.35637],[-71.87685,-13.36567],[-71.88887,-13.36694],[-71.90522,-13.37373],[-71.9125,-13.38526],[-71.92097,-13.37948],[-71.9209,-13.3697],[-71.92829,-13.36184],[-71.93494,-13.35399],[-71.93216,-13.34474],[-71.9341,-13.33314],[-71.92823,-13.31862],[-71.9072,-13.29453],[-71.89637,-13.27999],[-71.88815,-13.27304],[-71.87346,-13.27412],[-71.85787,-13.27251],[-71.85392,-13.26714],[-71.84306,-13.26596],[-71.8361,-13.27604],[-71.83076,-13.27797],[-71.83153,-13.28996],[-71.83802,-13.30077],[-71.82551,-13.31218],[-71.82512,-13.31797],[-71.83022,-13.31915],[-71.83395,-13.33132],[-71.84457,-13.3345],[-71.8417,-13.34477],[-71.85185,-13.35496]]]}},{"type":"Feature","properties":{"ubigeo":"080404","nombre":"Lares"},"geometry":{"type":"Polygon","coordinates":[[[-71.87147,-13.18744],[-71.87982,-13.19195],[-71.89114,-13.18848],[-71.89748,-13.17549],[-71.90201,-13.17661],[-71.91752,-13.17027],[-71.92895,-13.17429],[-71.93311,-13.17943],[-71.93638,-13.19314],[-71.94512,-13.19868],[-71.94953,-13.21065],[-71.97704,-13.20613],[-71.98823,-13.21383],[-71.99449,-13.20763],[-72.01073,-13.20472],[-72.01821,-13.19635],[-72.0235,-13.19931],[-72.04447,-13.19924],[-72.04286,-13.20479],[-72.05956,-13.21499],[-72.07061,-13.20764],[-72.08443,-13.19541],[-72.09831,-13.18897],[-72.11175,-13.18893],[-72.13121,-13.19167],[-72.13789,-13.18804],[-72.13776,-13.18085],[-72.14592,-13.18007],[-72.15007,-13.17495],[-72.15131,-13.15814],[-72.14905,-13.15558],[-72.15242,-13.1386],[-72.16446,-13.12864],[-72.16258,-13.12022],[-72.16665,-13.11214],[-72.18099,-13.1067],[-72.18442,-13.09944],[-72.19063,-13.09615],[-72.18038,-13.07147],[-72.18436,-13.06238],[-72.17914,-13.05925],[-72.17303,-13.04298],[-72.17001,-13.02322],[-72.16367,-13.02431],[-72.15151,-13.01894],[-72.13912,-13.01877],[-72.13004,-13.01403],[-72.12124,-13.01586],[-72.1173,-12.99319],[-72.1068,-12.98628],[-72.08441,-12.98491],[-72.07312,-12.95687],[-72.06593,-12.94678],[-72.03735,-12.9307],[-72.02726,-12.93055],[-72.0274,-12.92357],[-72.01464,-12.92097],[-72.00962,-12.9243],[-72.01362,-12.94124],[-72.00277,-12.95065],[-71.99386,-12.94223],[-71.97145,-12.96243],[-71.9707,-12.97162],[-71.97671,-12.97465],[-71.96919,-12.9812],[-71.96345,-12.9773],[-71.95502,-12.98374],[-71.9573,-12.99232],[-71.94034,-12.99738],[-71.9338,-13.01002],[-71.92723,-13.01348],[-71.91026,-13.01716],[-71.90637,-13.02079],[-71.91059,-13.03147],[-71.90392,-13.03402],[-71.90311,-13.04427],[-71.88889,-13.05349],[-71.8869,-13.09405],[-71.87848,-13.09842],[-71.88589,-13.10957],[-71.88093,-13.11533],[-71.86362,-13.12474],[-71.86179,-13.13473],[-71.87384,-13.14501],[-71.88006,-13.15308],[-71.87157,-13.1745],[-71.87147,-13.18744]]]}},{"type":"Feature","properties":{"ubigeo":"080405","nombre":"Pisac"},"geometry":{"type":"Polygon","coordinates":[[[-71.85191,-13.46318],[-71.8498,-13.4558],[-71.85467,-13.44479],[-71.85535,-13.43562],[-71.86216,-13.42076],[-71.87724,-13.41658],[-71.89318,-13.40641],[-71.88067,-13.39471],[-71.86545,-13.3947],[-71.85477,-13.37669],[-71.85474,-13.36975],[-71.84982,-13.36329],[-71.85185,-13.35496],[-71.8417,-13.34477],[-71.84457,-13.3345],[-71.83395,-13.33132],[-71.83022,-13.31915],[-71.82512,-13.31797],[-71.8213,-13.3196],[-71.80379,-13.31409],[-71.79453,-13.31738],[-71.78326,-13.34282],[-71.76251,-13.35782],[-71.75479,-13.36564],[-71.74909,-13.37854],[-71.73968,-13.38559],[-71.72822,-13.40531],[-71.72919,-13.41218],[-71.72509,-13.42081],[-71.7465,-13.42093],[-71.7548,-13.43131],[-71.76021,-13.42465],[-71.77323,-13.42205],[-71.7876,-13.42849],[-71.78771,-13.44361],[-71.7953,-13.44892],[-71.81361,-13.43456],[-71.82616,-13.44474],[-71.8367,-13.44794],[-71.84195,-13.45661],[-71.85191,-13.46318]]]}},{"type":"Feature","properties":{"ubigeo":"080406","nombre":"San Salvador"},"geometry":{"type":"Polygon","coordinates":[[[-71.72573,-13.4568],[-71.73616,-13.46266],[-71.72872,-13.46906],[-71.73152,-13.47579],[-71.73791,-13.47636],[-71.72627,-13.49447],[-71.72448,-13.5193],[-71.72074,-13.53146],[-71.71952,-13.55247],[-71.73238,-13.56054],[-71.74257,-13.57433],[-71.74655,-13.57497],[-71.74915,-13.56357],[-71.76159,-13.54939],[-71.77,-13.54563],[-71.7796,-13.52563],[-71.80463,-13.50826],[-71.8147,-13.5055],[-71.82792,-13.49571],[-71.84286,-13.49056],[-71.8465,-13.48657],[-71.84135,-13.47443],[-71.84543,-13.46537],[-71.85191,-13.46318],[-71.84195,-13.45661],[-71.8367,-13.44794],[-71.82616,-13.44474],[-71.81361,-13.43456],[-71.7953,-13.44892],[-71.78771,-13.44361],[-71.7876,-13.42849],[-71.77323,-13.42205],[-71.76021,-13.42465],[-71.7548,-13.43131],[-71.74734,-13.43158],[-71.73962,-13.44709],[-71.73292,-13.44855],[-71.72573,-13.4568]]]}},{"type":"Feature","properties":{"ubigeo":"080407","nombre":"Taray"},"geometry":{"type":"Polygon","coordinates":[[[-71.8465,-13.48657],[-71.85522,-13.49593],[-71.86737,-13.49874],[-71.88295,-13.4981],[-71.90476,-13.48074],[-71.93167,-13.4676],[-71.92446,-13.45933],[-71.92923,-13.43607],[-71.9224,-13.43638],[-71.90956,-13.43031],[-71.88577,-13.43851],[-71.88294,-13.42151],[-71.87724,-13.41658],[-71.86216,-13.42076],[-71.85535,-13.43562],[-71.85467,-13.44479],[-71.8498,-13.4558],[-71.85191,-13.46318],[-71.84543,-13.46537],[-71.84135,-13.47443],[-71.8465,-13.48657]]]}},{"type":"Feature","properties":{"ubigeo":"080408","nombre":"Yanatile"},"geometry":{"type":"Polygon","coordinates":[[[-71.82393,-12.93022],[-71.82812,-12.93673],[-71.8285,-12.95423],[-71.83544,-12.96261],[-71.84518,-12.96257],[-71.84914,-12.9739],[-71.84938,-12.98412],[-71.86389,-12.99304],[-71.88207,-12.99446],[-71.89754,-13.01677],[-71.90637,-13.02079],[-71.91026,-13.01716],[-71.92723,-13.01348],[-71.9338,-13.01002],[-71.94034,-12.99738],[-71.9573,-12.99232],[-71.95502,-12.98374],[-71.96345,-12.9773],[-71.96919,-12.9812],[-71.97671,-12.97465],[-71.9707,-12.97162],[-71.97145,-12.96243],[-71.99386,-12.94223],[-72.00277,-12.95065],[-72.01362,-12.94124],[-72.00962,-12.9243],[-72.01464,-12.92097],[-72.0274,-12.92357],[-72.02726,-12.93055],[-72.03735,-12.9307],[-72.06593,-12.94678],[-72.07312,-12.95687],[-72.08441,-12.98491],[-72.1068,-12.98628],[-72.1173,-12.99319],[-72.12124,-13.01586],[-72.13004,-13.01403],[-72.13912,-13.01877],[-72.15151,-13.01894],[-72.16367,-13.02431],[-72.17001,-13.02322],[-72.18063,-13.01689],[-72.18229,-13.00672],[-72.19965,-13.00409],[-72.21147,-12.99748],[-72.21589,-12.99133],[-72.21477,-12.98218],[-72.21907,-12.97269],[-72.21712,-12.96734],[-72.22283,-12.96227],[-72.22147,-12.9566],[-72.24416,-12.95006],[-72.25907,-12.94173],[-72.26794,-12.94218],[-72.26979,-12.93734],[-72.28042,-12.93855],[-72.28653,-12.92987],[-72.29584,-12.9337],[-72.29995,-12.92879],[-72.31194,-12.92365],[-72.31326,-12.91811],[-72.32017,-12.91479],[-72.32234,-12.9028],[-72.33368,-12.88919],[-72.33824,-12.87807],[-72.33344,-12.86584],[-72.34498,-12.85727],[-72.3544,-12.84658],[-72.35512,-12.83844],[-72.36226,-12.82441],[-72.36117,-12.80471],[-72.35523,-12.78878],[-72.36437,-12.78158],[-72.36625,-12.76754],[-72.3626,-12.75554],[-72.36358,-12.74522],[-72.36289,-12.71856],[-72.35908,-12.70653],[-72.35145,-12.69448],[-72.35296,-12.68664],[-72.34153,-12.68456],[-72.33776,-12.67972],[-72.32209,-12.66876],[-72.33661,-12.65867],[-72.34744,-12.657],[-72.36442,-12.64558],[-72.36993,-12.63926],[-72.36577,-12.63104],[-72.35136,-12.63214],[-72.33381,-12.63628],[-72.31642,-12.64894],[-72.28396,-12.65566],[-72.26818,-12.65343],[-72.25648,-12.65811],[-72.23731,-12.65944],[-72.22658,-12.66484],[-72.21435,-12.66304],[-72.20319,-12.65613],[-72.19261,-12.65858],[-72.18577,-12.65714],[-72.17915,-12.64773],[-72.16043,-12.64029],[-72.14178,-12.6264],[-72.13538,-12.61697],[-72.12917,-12.59123],[-72.12135,-12.57876],[-72.12035,-12.56878],[-72.12451,-12.5485],[-72.11117,-12.54008],[-72.10747,-12.53287],[-72.09812,-12.52695],[-72.08865,-12.51511],[-72.07539,-12.5176],[-72.07113,-12.51148],[-72.06432,-12.50659],[-72.0547,-12.509],[-72.05185,-12.51866],[-72.03706,-12.5258],[-72.03146,-12.52477],[-72.00799,-12.55098],[-72.00804,-12.56042],[-71.99096,-12.57799],[-71.9814,-12.58049],[-71.9839,-12.60879],[-71.96641,-12.61282],[-71.96506,-12.63197],[-71.95713,-12.63949],[-71.95638,-12.65487],[-71.96937,-12.66142],[-71.97102,-12.67198],[-71.9786,-12.68333],[-71.96489,-12.69358],[-71.95312,-12.69065],[-71.92649,-12.69949],[-71.92038,-12.69814],[-71.91646,-12.70332],[-71.91841,-12.71899],[-71.90035,-12.73336],[-71.90261,-12.74161],[-71.91041,-12.74408],[-71.91776,-12.75638],[-71.90668,-12.76125],[-71.90445,-12.77059],[-71.89445,-12.7768],[-71.89222,-12.78788],[-71.87753,-12.79579],[-71.88469,-12.80469],[-71.89481,-12.81108],[-71.89589,-12.81993],[-71.89141,-12.83321],[-71.87634,-12.84128],[-71.87482,-12.84621],[-71.87701,-12.86391],[-71.86644,-12.8716],[-71.86342,-12.87917],[-71.86361,-12.88968],[-71.85093,-12.89561],[-71.8441,-12.90521],[-71.84122,-12.91918],[-71.82841,-12.92173],[-71.82393,-12.93022]]]}},{"type":"Feature","properties":{"ubigeo":"080501","nombre":"Yanaoca"},"geometry":{"type":"Polygon","coordinates":[[[-71.42747,-14.18061],[-71.41794,-14.19136],[-71.41601,-14.20989],[-71.40621,-14.20063],[-71.39678,-14.20085],[-71.39712,-14.20857],[-71.38023,-14.22419],[-71.36674,-14.2299],[-71.3662,-14.24834],[-71.37259,-14.27307],[-71.37085,-14.2795],[-71.35324,-14.28703],[-71.34218,-14.28513],[-71.33549,-14.27892],[-71.33028,-14.2811],[-71.32735,-14.28939],[-71.32633,-14.30818],[-71.33405,-14.32263],[-71.33732,-14.32458],[-71.34462,-14.32292],[-71.36303,-14.3354],[-71.38393,-14.35512],[-71.39329,-14.35875],[-71.39304,-14.34618],[-71.4025,-14.33482],[-71.40765,-14.33384],[-71.43578,-14.33933],[-71.44474,-14.34504],[-71.46564,-14.34476],[-71.47332,-14.35425],[-71.48531,-14.35651],[-71.49293,-14.3639],[-71.50134,-14.35959],[-71.50407,-14.35385],[-71.5034,-14.34323],[-71.50647,-14.33349],[-71.5043,-14.32151],[-71.50029,-14.31678],[-71.50452,-14.30027],[-71.52125,-14.29967],[-71.527,-14.29708],[-71.53972,-14.30249],[-71.5546,-14.29295],[-71.54779,-14.27506],[-71.54912,-14.26238],[-71.53529,-14.2655],[-71.52345,-14.26425],[-71.51497,-14.25255],[-71.52173,-14.23388],[-71.52221,-14.22222],[-71.52682,-14.21981],[-71.53539,-14.20614],[-71.52359,-14.19984],[-71.50485,-14.20083],[-71.49775,-14.20483],[-71.49011,-14.20368],[-71.47621,-14.21703],[-71.46913,-14.19155],[-71.46363,-14.18558],[-71.46392,-14.17854],[-71.45292,-14.17838],[-71.44251,-14.18728],[-71.43584,-14.18842],[-71.42747,-14.18061]]]}},{"type":"Feature","properties":{"ubigeo":"080502","nombre":"Checca"},"geometry":{"type":"Polygon","coordinates":[[[-71.41717,-14.60207],[-71.42356,-14.61093],[-71.42665,-14.62181],[-71.43766,-14.61255],[-71.44439,-14.61389],[-71.45419,-14.6063],[-71.45547,-14.60054],[-71.4649,-14.5955],[-71.47682,-14.59303],[-71.48775,-14.58634],[-71.48928,-14.57852],[-71.49875,-14.58086],[-71.51688,-14.57637],[-71.52151,-14.57185],[-71.53216,-14.56908],[-71.54034,-14.55303],[-71.53894,-14.54192],[-71.54357,-14.53799],[-71.56744,-14.5414],[-71.57941,-14.54769],[-71.60188,-14.54611],[-71.60986,-14.54337],[-71.61538,-14.53325],[-71.63209,-14.52953],[-71.64776,-14.53217],[-71.65181,-14.52732],[-71.64648,-14.51032],[-71.6463,-14.50244],[-71.6379,-14.4975],[-71.62319,-14.49724],[-71.60497,-14.47757],[-71.60947,-14.45795],[-71.60914,-14.44506],[-71.58782,-14.43765],[-71.58593,-14.43179],[-71.57695,-14.42485],[-71.57594,-14.41828],[-71.55317,-14.40938],[-71.54002,-14.42265],[-71.52024,-14.42674],[-71.51151,-14.42535],[-71.50627,-14.41693],[-71.49612,-14.41775],[-71.48719,-14.41516],[-71.47878,-14.40644],[-71.47865,-14.39937],[-71.45591,-14.39568],[-71.44574,-14.39546],[-71.43671,-14.38827],[-71.41232,-14.38529],[-71.40082,-14.38723],[-71.39007,-14.38541],[-71.38318,-14.38727],[-71.37356,-14.38085],[-71.37033,-14.38347],[-71.36516,-14.39902],[-71.35829,-14.42164],[-71.35904,-14.42728],[-71.35051,-14.44646],[-71.35627,-14.46799],[-71.36481,-14.47108],[-71.36843,-14.47778],[-71.37123,-14.49584],[-71.36596,-14.50988],[-71.36946,-14.51846],[-71.36579,-14.53372],[-71.36812,-14.5433],[-71.36745,-14.55979],[-71.37316,-14.56297],[-71.38324,-14.56207],[-71.38862,-14.56573],[-71.39609,-14.57697],[-71.40395,-14.58011],[-71.41717,-14.60207]]]}},{"type":"Feature","properties":{"ubigeo":"080503","nombre":"Kunturkanki"},"geometry":{"type":"Polygon","coordinates":[[[-71.22389,-14.50258],[-71.21885,-14.51225],[-71.22195,-14.52432],[-71.20937,-14.52954],[-71.19927,-14.53637],[-71.18804,-14.54719],[-71.18654,-14.55413],[-71.18083,-14.55617],[-71.18041,-14.56798],[-71.17146,-14.5718],[-71.18048,-14.58144],[-71.17168,-14.59249],[-71.17782,-14.60054],[-71.17635,-14.61194],[-71.18025,-14.61454],[-71.18318,-14.61477],[-71.18776,-14.62854],[-71.19765,-14.63761],[-71.20689,-14.6397],[-71.21317,-14.64759],[-71.23122,-14.6463],[-71.24782,-14.64059],[-71.24927,-14.64757],[-71.25712,-14.65307],[-71.26716,-14.64857],[-71.27524,-14.65093],[-71.28323,-14.64491],[-71.29467,-14.6414],[-71.29982,-14.64436],[-71.30797,-14.66016],[-71.31458,-14.65782],[-71.32208,-14.64184],[-71.33011,-14.62943],[-71.33503,-14.61643],[-71.36498,-14.61793],[-71.37433,-14.62036],[-71.38311,-14.60908],[-71.39244,-14.60628],[-71.4067,-14.60558],[-71.41717,-14.60207],[-71.40395,-14.58011],[-71.39609,-14.57697],[-71.38862,-14.56573],[-71.38324,-14.56207],[-71.37316,-14.56297],[-71.36745,-14.55979],[-71.36812,-14.5433],[-71.36579,-14.53372],[-71.36946,-14.51846],[-71.36596,-14.50988],[-71.37123,-14.49584],[-71.36843,-14.47778],[-71.36481,-14.47108],[-71.35627,-14.46799],[-71.35051,-14.44646],[-71.35904,-14.42728],[-71.35829,-14.42164],[-71.36516,-14.39902],[-71.34489,-14.39336],[-71.33701,-14.40056],[-71.3288,-14.41509],[-71.31832,-14.42629],[-71.29858,-14.45809],[-71.29089,-14.46519],[-71.27674,-14.47197],[-71.26695,-14.48153],[-71.24645,-14.48782],[-71.24459,-14.48327],[-71.23672,-14.49247],[-71.22389,-14.50258]]]}},{"type":"Feature","properties":{"ubigeo":"080504","nombre":"Langui"},"geometry":{"type":"Polygon","coordinates":[[[-71.20992,-14.42909],[-71.21474,-14.43484],[-71.23514,-14.44563],[-71.24129,-14.44493],[-71.24817,-14.43888],[-71.25748,-14.44052],[-71.26972,-14.43463],[-71.28426,-14.43558],[-71.27847,-14.45143],[-71.26771,-14.4656],[-71.24459,-14.48327],[-71.24645,-14.48782],[-71.26695,-14.48153],[-71.27674,-14.47197],[-71.29089,-14.46519],[-71.29858,-14.45809],[-71.31832,-14.42629],[-71.3288,-14.41509],[-71.33701,-14.40056],[-71.34489,-14.39336],[-71.36516,-14.39902],[-71.37033,-14.38347],[-71.37356,-14.38085],[-71.37561,-14.37378],[-71.38761,-14.36126],[-71.39329,-14.35875],[-71.38393,-14.35512],[-71.36303,-14.3354],[-71.34462,-14.32292],[-71.33732,-14.32458],[-71.33534,-14.33136],[-71.32266,-14.32959],[-71.31637,-14.32613],[-71.31491,-14.31865],[-71.30372,-14.32038],[-71.29291,-14.31355],[-71.28503,-14.32009],[-71.27779,-14.31974],[-71.27195,-14.32557],[-71.25604,-14.32536],[-71.24882,-14.33127],[-71.24973,-14.34437],[-71.2492,-14.36236],[-71.24625,-14.36857],[-71.25905,-14.37091],[-71.25521,-14.38464],[-71.23729,-14.39508],[-71.23219,-14.40035],[-71.23223,-14.40845],[-71.22677,-14.41747],[-71.22135,-14.41527],[-71.20992,-14.42909]]]}},{"type":"Feature","properties":{"ubigeo":"080505","nombre":"Layo"},"geometry":{"type":"Polygon","coordinates":[[[-70.97651,-14.58234],[-70.99072,-14.57865],[-70.99356,-14.57356],[-71.00145,-14.57221],[-71.01471,-14.57798],[-71.02043,-14.58535],[-71.00987,-14.59669],[-71.0249,-14.59193],[-71.03104,-14.59326],[-71.04275,-14.60138],[-71.05196,-14.61422],[-71.06937,-14.62605],[-71.0739,-14.63145],[-71.08069,-14.6299],[-71.10973,-14.63422],[-71.11298,-14.64393],[-71.11794,-14.64892],[-71.12903,-14.64186],[-71.14173,-14.63893],[-71.14895,-14.64022],[-71.15655,-14.63377],[-71.16052,-14.62728],[-71.16769,-14.62653],[-71.18025,-14.61454],[-71.17635,-14.61194],[-71.17782,-14.60054],[-71.17168,-14.59249],[-71.18048,-14.58144],[-71.17146,-14.5718],[-71.18041,-14.56798],[-71.18083,-14.55617],[-71.18654,-14.55413],[-71.18804,-14.54719],[-71.19927,-14.53637],[-71.20937,-14.52954],[-71.22195,-14.52432],[-71.21885,-14.51225],[-71.22389,-14.50258],[-71.21697,-14.50373],[-71.19492,-14.51783],[-71.16986,-14.5237],[-71.15651,-14.5],[-71.16684,-14.48391],[-71.17726,-14.48543],[-71.19719,-14.47604],[-71.19966,-14.46992],[-71.21049,-14.46322],[-71.21767,-14.46233],[-71.23505,-14.45261],[-71.24129,-14.44493],[-71.23514,-14.44563],[-71.21474,-14.43484],[-71.20992,-14.42909],[-71.19295,-14.4295],[-71.17957,-14.44029],[-71.16824,-14.44595],[-71.15459,-14.43851],[-71.13997,-14.44135],[-71.13564,-14.45177],[-71.13581,-14.46358],[-71.12854,-14.46459],[-71.12111,-14.46119],[-71.09587,-14.45896],[-71.08669,-14.47302],[-71.08093,-14.47112],[-71.08078,-14.4583],[-71.07315,-14.45024],[-71.06499,-14.44981],[-71.0461,-14.453],[-71.03648,-14.45165],[-71.03066,-14.44319],[-71.02708,-14.43044],[-71.01434,-14.42736],[-70.99,-14.42969],[-70.97872,-14.41666],[-70.97206,-14.4204],[-70.974,-14.42852],[-70.96636,-14.43522],[-70.9625,-14.44482],[-70.98137,-14.44902],[-70.98809,-14.45594],[-70.98267,-14.47581],[-70.98916,-14.48944],[-70.98659,-14.49872],[-70.99917,-14.50227],[-70.98823,-14.5263],[-70.9791,-14.53853],[-70.98157,-14.54852],[-70.97376,-14.55405],[-70.96612,-14.56834],[-70.97253,-14.57],[-70.97651,-14.58234]]]}},{"type":"Feature","properties":{"ubigeo":"080506","nombre":"Pampamarca"},"geometry":{"type":"Polygon","coordinates":[[[-71.42747,-14.18061],[-71.43584,-14.18842],[-71.44251,-14.18728],[-71.45292,-14.17838],[-71.45958,-14.17362],[-71.45934,-14.16695],[-71.46712,-14.15706],[-71.47214,-14.13167],[-71.46063,-14.12167],[-71.46092,-14.10874],[-71.45564,-14.1063],[-71.44333,-14.10816],[-71.44034,-14.10367],[-71.43775,-14.10183],[-71.42385,-14.107],[-71.42046,-14.11223],[-71.41683,-14.11512],[-71.42634,-14.12329],[-71.43041,-14.13829],[-71.43686,-14.14393],[-71.43371,-14.14978],[-71.44092,-14.15213],[-71.43533,-14.16668],[-71.42747,-14.18061]]]}},{"type":"Feature","properties":{"ubigeo":"080507","nombre":"Quehue"},"geometry":{"type":"Polygon","coordinates":[[[-71.37356,-14.38085],[-71.38318,-14.38727],[-71.39007,-14.38541],[-71.40082,-14.38723],[-71.41232,-14.38529],[-71.43671,-14.38827],[-71.44574,-14.39546],[-71.45591,-14.39568],[-71.47865,-14.39937],[-71.47878,-14.40644],[-71.48719,-14.41516],[-71.49612,-14.41775],[-71.50627,-14.41693],[-71.51151,-14.42535],[-71.52024,-14.42674],[-71.54002,-14.42265],[-71.55317,-14.40938],[-71.54975,-14.40552],[-71.55559,-14.39367],[-71.55342,-14.38483],[-71.56864,-14.37505],[-71.56347,-14.36558],[-71.55523,-14.36347],[-71.55375,-14.35066],[-71.56014,-14.34576],[-71.5541,-14.32791],[-71.55787,-14.31378],[-71.55025,-14.30337],[-71.5546,-14.29295],[-71.53972,-14.30249],[-71.527,-14.29708],[-71.52125,-14.29967],[-71.50452,-14.30027],[-71.50029,-14.31678],[-71.5043,-14.32151],[-71.50647,-14.33349],[-71.5034,-14.34323],[-71.50407,-14.35385],[-71.50134,-14.35959],[-71.49293,-14.3639],[-71.48531,-14.35651],[-71.47332,-14.35425],[-71.46564,-14.34476],[-71.44474,-14.34504],[-71.43578,-14.33933],[-71.40765,-14.33384],[-71.4025,-14.33482],[-71.39304,-14.34618],[-71.39329,-14.35875],[-71.38761,-14.36126],[-71.37561,-14.37378],[-71.37356,-14.38085]]]}},{"type":"Feature","properties":{"ubigeo":"080508","nombre":"Tupac Amaru"},"geometry":{"type":"Polygon","coordinates":[[[-71.47214,-14.13167],[-71.46712,-14.15706],[-71.45934,-14.16695],[-71.45958,-14.17362],[-71.45292,-14.17838],[-71.46392,-14.17854],[-71.46363,-14.18558],[-71.46913,-14.19155],[-71.47621,-14.21703],[-71.49011,-14.20368],[-71.49775,-14.20483],[-71.50485,-14.20083],[-71.52359,-14.19984],[-71.53539,-14.20614],[-71.54438,-14.19514],[-71.54371,-14.18793],[-71.54988,-14.1752],[-71.55978,-14.16425],[-71.56858,-14.15837],[-71.57526,-14.15883],[-71.58797,-14.14909],[-71.59572,-14.14988],[-71.59529,-14.13445],[-71.58832,-14.11417],[-71.58341,-14.108],[-71.58341,-14.10113],[-71.56085,-14.08842],[-71.55739,-14.08346],[-71.54632,-14.09018],[-71.5307,-14.10636],[-71.51321,-14.12017],[-71.5042,-14.12324],[-71.49674,-14.13644],[-71.49182,-14.13828],[-71.47214,-14.13167]]]}},{"type":"Feature","properties":{"ubigeo":"080601","nombre":"Sicuani"},"geometry":{"type":"Polygon","coordinates":[[[-70.92642,-14.34007],[-70.93149,-14.33017],[-70.94354,-14.32377],[-70.96085,-14.32016],[-70.9716,-14.30704],[-70.97938,-14.30594],[-70.98609,-14.29898],[-70.99958,-14.29456],[-71.01117,-14.28603],[-71.0275,-14.27806],[-71.03901,-14.28162],[-71.04858,-14.29312],[-71.03986,-14.30266],[-71.06091,-14.31921],[-71.07484,-14.31367],[-71.07662,-14.30725],[-71.08854,-14.30531],[-71.09104,-14.31262],[-71.0988,-14.31909],[-71.12801,-14.31506],[-71.15641,-14.30954],[-71.16828,-14.31377],[-71.18602,-14.3147],[-71.19306,-14.31976],[-71.20652,-14.32083],[-71.21522,-14.32655],[-71.22375,-14.32585],[-71.22757,-14.33668],[-71.23697,-14.34257],[-71.24973,-14.34437],[-71.24882,-14.33127],[-71.25604,-14.32536],[-71.27195,-14.32557],[-71.27779,-14.31974],[-71.28503,-14.32009],[-71.29291,-14.31355],[-71.30372,-14.32038],[-71.31491,-14.31865],[-71.31637,-14.32613],[-71.32266,-14.32959],[-71.33534,-14.33136],[-71.33732,-14.32458],[-71.33405,-14.32263],[-71.32633,-14.30818],[-71.32735,-14.28939],[-71.32232,-14.28774],[-71.31931,-14.28035],[-71.32332,-14.27292],[-71.32295,-14.26542],[-71.31188,-14.26277],[-71.30443,-14.25079],[-71.29398,-14.24265],[-71.28019,-14.24236],[-71.28122,-14.23298],[-71.29644,-14.22019],[-71.29888,-14.2218],[-71.30295,-14.20412],[-71.29795,-14.19512],[-71.29301,-14.19526],[-71.27357,-14.17729],[-71.2743,-14.17096],[-71.26939,-14.16741],[-71.26243,-14.17375],[-71.25898,-14.18156],[-71.24619,-14.18326],[-71.2466,-14.17581],[-71.23721,-14.17317],[-71.23585,-14.18077],[-71.22557,-14.1833],[-71.22504,-14.17746],[-71.21393,-14.17801],[-71.19161,-14.17198],[-71.17076,-14.17373],[-71.16646,-14.18087],[-71.15524,-14.19027],[-71.1437,-14.19539],[-71.13761,-14.19373],[-71.1341,-14.20115],[-71.1088,-14.21619],[-71.10118,-14.21711],[-71.0831,-14.21321],[-71.06295,-14.20198],[-71.05861,-14.19458],[-71.05061,-14.19391],[-71.02378,-14.17642],[-71.0088,-14.18377],[-70.99059,-14.18675],[-70.98579,-14.17846],[-70.97142,-14.17911],[-70.96783,-14.17435],[-70.95683,-14.17243],[-70.94151,-14.17697],[-70.93431,-14.1768],[-70.93205,-14.17135],[-70.92472,-14.16939],[-70.92195,-14.16283],[-70.90891,-14.16548],[-70.88737,-14.17622],[-70.88961,-14.18504],[-70.88214,-14.19879],[-70.88809,-14.2063],[-70.89458,-14.20911],[-70.89935,-14.2293],[-70.89856,-14.23569],[-70.89295,-14.23787],[-70.88954,-14.24719],[-70.8821,-14.25379],[-70.88058,-14.27088],[-70.8917,-14.27384],[-70.8917,-14.28401],[-70.90214,-14.29643],[-70.91393,-14.30442],[-70.91297,-14.32758],[-70.90783,-14.33397],[-70.91771,-14.34472],[-70.92642,-14.34007]]]}},{"type":"Feature","properties":{"ubigeo":"080602","nombre":"Checacupe"},"geometry":{"type":"Polygon","coordinates":[[[-71.21237,-14.07478],[-71.21948,-14.07888],[-71.22715,-14.08809],[-71.24038,-14.08552],[-71.25376,-14.09355],[-71.26196,-14.09192],[-71.28007,-14.07983],[-71.27286,-14.06832],[-71.28105,-14.05901],[-71.29839,-14.05738],[-71.30479,-14.05285],[-71.30966,-14.05518],[-71.30998,-14.06484],[-71.31995,-14.06143],[-71.33626,-14.07293],[-71.34611,-14.06729],[-71.34756,-14.05477],[-71.35172,-14.04929],[-71.35296,-14.03763],[-71.36182,-14.03264],[-71.38909,-14.02485],[-71.40919,-14.02505],[-71.41794,-14.03452],[-71.42612,-14.05214],[-71.42827,-14.07206],[-71.43933,-14.08001],[-71.43925,-14.07387],[-71.44583,-14.06784],[-71.44794,-14.05562],[-71.45776,-14.04625],[-71.4772,-14.03736],[-71.48226,-14.02864],[-71.48274,-14.01793],[-71.48962,-14.01294],[-71.49097,-13.98895],[-71.49357,-13.98648],[-71.5134,-13.98338],[-71.51804,-13.97487],[-71.51688,-13.96722],[-71.51359,-13.96079],[-71.50404,-13.95669],[-71.50271,-13.95194],[-71.48962,-13.94404],[-71.47848,-13.92978],[-71.46686,-13.92704],[-71.45672,-13.93737],[-71.44298,-13.93778],[-71.44473,-13.95097],[-71.44261,-13.96243],[-71.42949,-13.98352],[-71.42312,-13.98931],[-71.41437,-13.99017],[-71.40621,-14.00144],[-71.39678,-14.00344],[-71.39536,-14.01203],[-71.38659,-14.01796],[-71.37926,-14.01858],[-71.37083,-14.01223],[-71.35513,-14.01849],[-71.34836,-14.00546],[-71.33615,-14.00253],[-71.33191,-13.99884],[-71.32214,-14.00225],[-71.3212,-14.00746],[-71.31403,-14.01175],[-71.29902,-14.01183],[-71.2818,-14.01609],[-71.28233,-14.02462],[-71.27774,-14.03049],[-71.25855,-14.0371],[-71.25034,-14.03606],[-71.24653,-14.02809],[-71.23304,-14.02007],[-71.22474,-14.02556],[-71.21194,-14.02301],[-71.20923,-14.01596],[-71.17822,-14.00967],[-71.17286,-13.99406],[-71.16251,-13.99076],[-71.15442,-13.99488],[-71.14037,-13.98453],[-71.13804,-13.97999],[-71.12476,-13.97025],[-71.10718,-13.98711],[-71.08753,-13.99565],[-71.08203,-14.0003],[-71.0731,-13.99004],[-71.06409,-13.98912],[-71.06093,-13.9775],[-71.05299,-13.97775],[-71.03491,-13.97421],[-71.0138,-13.98679],[-71.01239,-13.9814],[-71.01508,-13.96572],[-71.01365,-13.95043],[-71.01682,-13.93162],[-71.0153,-13.91998],[-71.00721,-13.91088],[-71.00484,-13.90123],[-70.994,-13.90071],[-70.99047,-13.89751],[-70.98681,-13.88333],[-70.98755,-13.86642],[-70.98515,-13.86208],[-70.96398,-13.86878],[-70.95386,-13.87743],[-70.94183,-13.87537],[-70.92951,-13.88596],[-70.9227,-13.88663],[-70.91652,-13.89702],[-70.91339,-13.89252],[-70.90828,-13.87169],[-70.90339,-13.86005],[-70.89439,-13.85148],[-70.88123,-13.83284],[-70.87228,-13.84093],[-70.86128,-13.84331],[-70.85351,-13.85375],[-70.83875,-13.85281],[-70.83127,-13.85893],[-70.83163,-13.86526],[-70.82562,-13.87873],[-70.83086,-13.89508],[-70.81847,-13.89862],[-70.8107,-13.90507],[-70.81104,-13.9186],[-70.81991,-13.92941],[-70.83304,-13.9381],[-70.84019,-13.95642],[-70.84562,-13.9622],[-70.84394,-13.97537],[-70.85236,-13.99607],[-70.85198,-14.0005],[-70.84047,-14.00727],[-70.85353,-14.01286],[-70.86181,-14.02623],[-70.85288,-14.04092],[-70.84819,-14.05555],[-70.8326,-14.06066],[-70.83133,-14.07077],[-70.8445,-14.06957],[-70.85134,-14.07367],[-70.86481,-14.07589],[-70.88095,-14.09105],[-70.88944,-14.10392],[-70.91631,-14.11068],[-70.92284,-14.10699],[-70.92859,-14.10891],[-70.93504,-14.11833],[-70.94815,-14.12345],[-70.96199,-14.11965],[-70.98015,-14.12027],[-70.98801,-14.11142],[-71.00187,-14.10942],[-71.00703,-14.10501],[-71.01866,-14.11004],[-71.02403,-14.09923],[-71.03716,-14.09896],[-71.04257,-14.10827],[-71.04864,-14.11057],[-71.05834,-14.12354],[-71.06609,-14.12493],[-71.07208,-14.10734],[-71.07858,-14.10744],[-71.08481,-14.09927],[-71.11055,-14.08686],[-71.1162,-14.08756],[-71.13649,-14.08352],[-71.15194,-14.08896],[-71.15719,-14.08831],[-71.16552,-14.07919],[-71.17081,-14.0793],[-71.19572,-14.0644],[-71.19997,-14.05721],[-71.20489,-14.05706],[-71.20579,-14.07102],[-71.21237,-14.07478]]]}},{"type":"Feature","properties":{"ubigeo":"080603","nombre":"Combapata"},"geometry":{"type":"Polygon","coordinates":[[[-71.27595,-14.14471],[-71.29706,-14.13507],[-71.31769,-14.12186],[-71.32306,-14.12672],[-71.34227,-14.12242],[-71.35767,-14.11417],[-71.37741,-14.11639],[-71.38088,-14.11953],[-71.38967,-14.11111],[-71.40328,-14.10662],[-71.42046,-14.11223],[-71.42385,-14.107],[-71.43775,-14.10183],[-71.44034,-14.10367],[-71.44442,-14.09413],[-71.43933,-14.08001],[-71.42827,-14.07206],[-71.42612,-14.05214],[-71.41794,-14.03452],[-71.40919,-14.02505],[-71.38909,-14.02485],[-71.36182,-14.03264],[-71.35296,-14.03763],[-71.35172,-14.04929],[-71.34756,-14.05477],[-71.34611,-14.06729],[-71.33626,-14.07293],[-71.31995,-14.06143],[-71.30998,-14.06484],[-71.30966,-14.05518],[-71.30479,-14.05285],[-71.29839,-14.05738],[-71.28105,-14.05901],[-71.27286,-14.06832],[-71.28007,-14.07983],[-71.26196,-14.09192],[-71.25376,-14.09355],[-71.24038,-14.08552],[-71.22715,-14.08809],[-71.21948,-14.07888],[-71.21237,-14.07478],[-71.21476,-14.10071],[-71.2104,-14.10718],[-71.21386,-14.12193],[-71.22411,-14.12591],[-71.22724,-14.12278],[-71.24494,-14.13329],[-71.26206,-14.13524],[-71.2674,-14.13955],[-71.2697,-14.15178],[-71.27595,-14.14471]]]}},{"type":"Feature","properties":{"ubigeo":"080604","nombre":"Marangani"},"geometry":{"type":"Polygon","coordinates":[[[-70.97872,-14.41666],[-70.99,-14.42969],[-71.01434,-14.42736],[-71.02708,-14.43044],[-71.03066,-14.44319],[-71.03648,-14.45165],[-71.0461,-14.453],[-71.06499,-14.44981],[-71.07315,-14.45024],[-71.08078,-14.4583],[-71.08093,-14.47112],[-71.08669,-14.47302],[-71.09587,-14.45896],[-71.12111,-14.46119],[-71.12854,-14.46459],[-71.13581,-14.46358],[-71.13564,-14.45177],[-71.13997,-14.44135],[-71.15459,-14.43851],[-71.16824,-14.44595],[-71.17957,-14.44029],[-71.19295,-14.4295],[-71.20992,-14.42909],[-71.22135,-14.41527],[-71.22677,-14.41747],[-71.23223,-14.40845],[-71.23219,-14.40035],[-71.23729,-14.39508],[-71.25521,-14.38464],[-71.25905,-14.37091],[-71.24625,-14.36857],[-71.2492,-14.36236],[-71.24973,-14.34437],[-71.23697,-14.34257],[-71.22757,-14.33668],[-71.22375,-14.32585],[-71.21522,-14.32655],[-71.20652,-14.32083],[-71.19306,-14.31976],[-71.18602,-14.3147],[-71.16828,-14.31377],[-71.15641,-14.30954],[-71.12801,-14.31506],[-71.0988,-14.31909],[-71.09104,-14.31262],[-71.08854,-14.30531],[-71.07662,-14.30725],[-71.07484,-14.31367],[-71.06091,-14.31921],[-71.03986,-14.30266],[-71.04858,-14.29312],[-71.03901,-14.28162],[-71.0275,-14.27806],[-71.01117,-14.28603],[-70.99958,-14.29456],[-70.98609,-14.29898],[-70.97938,-14.30594],[-70.9716,-14.30704],[-70.96085,-14.32016],[-70.94354,-14.32377],[-70.93149,-14.33017],[-70.92642,-14.34007],[-70.93326,-14.34281],[-70.94288,-14.35194],[-70.94832,-14.3526],[-70.96258,-14.36185],[-70.97048,-14.37828],[-70.9852,-14.37915],[-70.97869,-14.39448],[-70.98582,-14.40673],[-70.97872,-14.41666]]]}},{"type":"Feature","properties":{"ubigeo":"080605","nombre":"Pitumarca"},"geometry":{"type":"Polygon","coordinates":[[[-70.88123,-13.83284],[-70.89439,-13.85148],[-70.90339,-13.86005],[-70.90828,-13.87169],[-70.91339,-13.89252],[-70.91652,-13.89702],[-70.9227,-13.88663],[-70.92951,-13.88596],[-70.94183,-13.87537],[-70.95386,-13.87743],[-70.96398,-13.86878],[-70.98515,-13.86208],[-70.98755,-13.86642],[-70.98681,-13.88333],[-70.99047,-13.89751],[-70.994,-13.90071],[-71.00484,-13.90123],[-71.00721,-13.91088],[-71.0153,-13.91998],[-71.01682,-13.93162],[-71.01365,-13.95043],[-71.01508,-13.96572],[-71.01239,-13.9814],[-71.0138,-13.98679],[-71.03491,-13.97421],[-71.05299,-13.97775],[-71.06093,-13.9775],[-71.06409,-13.98912],[-71.0731,-13.99004],[-71.08203,-14.0003],[-71.08753,-13.99565],[-71.10718,-13.98711],[-71.12476,-13.97025],[-71.13804,-13.97999],[-71.14037,-13.98453],[-71.15442,-13.99488],[-71.16251,-13.99076],[-71.17286,-13.99406],[-71.17822,-14.00967],[-71.20923,-14.01596],[-71.21194,-14.02301],[-71.22474,-14.02556],[-71.23304,-14.02007],[-71.24653,-14.02809],[-71.25034,-14.03606],[-71.25855,-14.0371],[-71.27774,-14.03049],[-71.28233,-14.02462],[-71.2818,-14.01609],[-71.29902,-14.01183],[-71.31403,-14.01175],[-71.3212,-14.00746],[-71.32214,-14.00225],[-71.33191,-13.99884],[-71.33615,-14.00253],[-71.34836,-14.00546],[-71.35513,-14.01849],[-71.37083,-14.01223],[-71.37926,-14.01858],[-71.38659,-14.01796],[-71.39536,-14.01203],[-71.39678,-14.00344],[-71.40621,-14.00144],[-71.41437,-13.99017],[-71.42312,-13.98931],[-71.42949,-13.98352],[-71.44261,-13.96243],[-71.44473,-13.95097],[-71.44298,-13.93778],[-71.44098,-13.926],[-71.42272,-13.92577],[-71.41243,-13.91601],[-71.41442,-13.91122],[-71.40835,-13.8969],[-71.39318,-13.89621],[-71.38729,-13.90966],[-71.37346,-13.92034],[-71.35222,-13.90116],[-71.34112,-13.90028],[-71.32881,-13.90838],[-71.32023,-13.90599],[-71.31777,-13.89865],[-71.30782,-13.89001],[-71.31142,-13.87586],[-71.3008,-13.87298],[-71.30443,-13.85757],[-71.29769,-13.84398],[-71.28931,-13.82771],[-71.25157,-13.82461],[-71.23708,-13.81486],[-71.22848,-13.78933],[-71.22362,-13.78039],[-71.21446,-13.77857],[-71.2081,-13.78704],[-71.1931,-13.79315],[-71.18322,-13.78872],[-71.17902,-13.77911],[-71.17952,-13.76812],[-71.16377,-13.7432],[-71.13829,-13.74406],[-71.13222,-13.75598],[-71.12219,-13.76159],[-71.10354,-13.76038],[-71.09369,-13.74663],[-71.09062,-13.73859],[-71.08097,-13.7255],[-71.06201,-13.73662],[-71.04873,-13.74725],[-71.03557,-13.75323],[-71.02551,-13.75008],[-71.00367,-13.75605],[-70.99164,-13.76134],[-70.98301,-13.7692],[-70.98214,-13.7772],[-70.97205,-13.77963],[-70.96852,-13.79636],[-70.95114,-13.80492],[-70.93501,-13.80062],[-70.9137,-13.81417],[-70.90707,-13.8092],[-70.90515,-13.79307],[-70.88832,-13.77791],[-70.87021,-13.78594],[-70.8625,-13.80029],[-70.87383,-13.80909],[-70.88025,-13.81807],[-70.87843,-13.82798],[-70.88123,-13.83284]]]}},{"type":"Feature","properties":{"ubigeo":"080606","nombre":"San Pablo"},"geometry":{"type":"Polygon","coordinates":[[[-70.78982,-14.07882],[-70.79135,-14.08404],[-70.80561,-14.09928],[-70.80493,-14.11444],[-70.80893,-14.1242],[-70.82168,-14.13382],[-70.8209,-14.14],[-70.83398,-14.14294],[-70.8491,-14.15085],[-70.8544,-14.15924],[-70.86327,-14.16074],[-70.86683,-14.16908],[-70.87362,-14.17135],[-70.88252,-14.16836],[-70.88737,-14.17622],[-70.90891,-14.16548],[-70.92195,-14.16283],[-70.92472,-14.16939],[-70.93205,-14.17135],[-70.93431,-14.1768],[-70.94151,-14.17697],[-70.95683,-14.17243],[-70.96783,-14.17435],[-70.97142,-14.17911],[-70.98579,-14.17846],[-70.99059,-14.18675],[-71.0088,-14.18377],[-71.02378,-14.17642],[-71.05061,-14.19391],[-71.05861,-14.19458],[-71.06295,-14.20198],[-71.0831,-14.21321],[-71.10118,-14.21711],[-71.1088,-14.21619],[-71.1341,-14.20115],[-71.13761,-14.19373],[-71.1437,-14.19539],[-71.15524,-14.19027],[-71.16646,-14.18087],[-71.17076,-14.17373],[-71.19161,-14.17198],[-71.21393,-14.17801],[-71.22504,-14.17746],[-71.22557,-14.1833],[-71.23585,-14.18077],[-71.23721,-14.17317],[-71.2466,-14.17581],[-71.24619,-14.18326],[-71.25898,-14.18156],[-71.26243,-14.17375],[-71.26939,-14.16741],[-71.2743,-14.17096],[-71.27357,-14.17729],[-71.29301,-14.19526],[-71.29795,-14.19512],[-71.30295,-14.20412],[-71.29888,-14.2218],[-71.29644,-14.22019],[-71.28122,-14.23298],[-71.28019,-14.24236],[-71.29398,-14.24265],[-71.30443,-14.25079],[-71.31188,-14.26277],[-71.32295,-14.26542],[-71.32332,-14.27292],[-71.31931,-14.28035],[-71.32232,-14.28774],[-71.32735,-14.28939],[-71.33028,-14.2811],[-71.33549,-14.27892],[-71.34218,-14.28513],[-71.35324,-14.28703],[-71.37085,-14.2795],[-71.37259,-14.27307],[-71.3662,-14.24834],[-71.36674,-14.2299],[-71.3634,-14.21957],[-71.34414,-14.20856],[-71.33465,-14.20864],[-71.33244,-14.20004],[-71.32453,-14.19761],[-71.31508,-14.18403],[-71.31092,-14.16905],[-71.29794,-14.16414],[-71.28767,-14.15597],[-71.28176,-14.14716],[-71.27595,-14.14471],[-71.2697,-14.15178],[-71.2674,-14.13955],[-71.26206,-14.13524],[-71.24494,-14.13329],[-71.22724,-14.12278],[-71.22411,-14.12591],[-71.21386,-14.12193],[-71.2104,-14.10718],[-71.21476,-14.10071],[-71.21237,-14.07478],[-71.20579,-14.07102],[-71.20489,-14.05706],[-71.19997,-14.05721],[-71.19572,-14.0644],[-71.17081,-14.0793],[-71.16552,-14.07919],[-71.15719,-14.08831],[-71.15194,-14.08896],[-71.13649,-14.08352],[-71.1162,-14.08756],[-71.11055,-14.08686],[-71.08481,-14.09927],[-71.07858,-14.10744],[-71.07208,-14.10734],[-71.06609,-14.12493],[-71.05834,-14.12354],[-71.04864,-14.11057],[-71.04257,-14.10827],[-71.03716,-14.09896],[-71.02403,-14.09923],[-71.01866,-14.11004],[-71.00703,-14.10501],[-71.00187,-14.10942],[-70.98801,-14.11142],[-70.98015,-14.12027],[-70.96199,-14.11965],[-70.94815,-14.12345],[-70.93504,-14.11833],[-70.92859,-14.10891],[-70.92284,-14.10699],[-70.91631,-14.11068],[-70.88944,-14.10392],[-70.88095,-14.09105],[-70.86481,-14.07589],[-70.85134,-14.07367],[-70.8445,-14.06957],[-70.83133,-14.07077],[-70.82947,-14.07634],[-70.82037,-14.06845],[-70.79588,-14.07212],[-70.78982,-14.07882]]]}},{"type":"Feature","properties":{"ubigeo":"080607","nombre":"San Pedro"},"geometry":{"type":"Polygon","coordinates":[[[-71.3634,-14.21957],[-71.36846,-14.21201],[-71.36824,-14.19807],[-71.37042,-14.18457],[-71.36723,-14.18313],[-71.37961,-14.17304],[-71.37103,-14.16807],[-71.35654,-14.16657],[-71.3582,-14.15627],[-71.35056,-14.14991],[-71.34737,-14.12937],[-71.34227,-14.12242],[-71.32306,-14.12672],[-71.31769,-14.12186],[-71.29706,-14.13507],[-71.27595,-14.14471],[-71.28176,-14.14716],[-71.28767,-14.15597],[-71.29794,-14.16414],[-71.31092,-14.16905],[-71.31508,-14.18403],[-71.32453,-14.19761],[-71.33244,-14.20004],[-71.33465,-14.20864],[-71.34414,-14.20856],[-71.3634,-14.21957]]]}},{"type":"Feature","properties":{"ubigeo":"080608","nombre":"Tinta"},"geometry":{"type":"Polygon","coordinates":[[[-71.3634,-14.21957],[-71.36674,-14.2299],[-71.38023,-14.22419],[-71.39712,-14.20857],[-71.39678,-14.20085],[-71.40621,-14.20063],[-71.41601,-14.20989],[-71.41794,-14.19136],[-71.42747,-14.18061],[-71.43533,-14.16668],[-71.44092,-14.15213],[-71.43371,-14.14978],[-71.43686,-14.14393],[-71.43041,-14.13829],[-71.42634,-14.12329],[-71.41683,-14.11512],[-71.42046,-14.11223],[-71.40328,-14.10662],[-71.38967,-14.11111],[-71.38088,-14.11953],[-71.37741,-14.11639],[-71.35767,-14.11417],[-71.34227,-14.12242],[-71.34737,-14.12937],[-71.35056,-14.14991],[-71.3582,-14.15627],[-71.35654,-14.16657],[-71.37103,-14.16807],[-71.37961,-14.17304],[-71.36723,-14.18313],[-71.37042,-14.18457],[-71.36824,-14.19807],[-71.36846,-14.21201],[-71.3634,-14.21957]]]}},{"type":"Feature","properties":{"ubigeo":"080701","nombre":"Santo Tomas"},"geometry":{"type":"Polygon","coordinates":[[[-72.01841,-14.52593],[-72.01728,-14.54071],[-72.00385,-14.54375],[-71.99875,-14.54221],[-71.9883,-14.55078],[-71.98906,-14.56491],[-71.98432,-14.57379],[-71.96916,-14.58278],[-71.96557,-14.58847],[-71.95791,-14.58985],[-71.9486,-14.60194],[-71.93184,-14.60523],[-71.93009,-14.61541],[-71.92369,-14.61936],[-71.92109,-14.62682],[-71.9143,-14.63278],[-71.91395,-14.6591],[-71.91578,-14.66675],[-71.91346,-14.67739],[-71.91813,-14.6869],[-71.91059,-14.69247],[-71.90524,-14.69009],[-71.89345,-14.69128],[-71.88216,-14.70225],[-71.88062,-14.71037],[-71.88412,-14.71637],[-71.88497,-14.72727],[-71.89174,-14.73564],[-71.89265,-14.74651],[-71.87904,-14.75651],[-71.88366,-14.76385],[-71.89003,-14.76136],[-71.90207,-14.76682],[-71.90115,-14.77481],[-71.8934,-14.78517],[-71.8939,-14.7896],[-71.90332,-14.79196],[-71.91023,-14.78885],[-71.91442,-14.79207],[-71.924,-14.7898],[-71.92899,-14.78496],[-71.92779,-14.77306],[-71.93058,-14.76114],[-71.94317,-14.74529],[-71.94868,-14.74423],[-71.95847,-14.73311],[-71.95781,-14.72602],[-71.94597,-14.71082],[-71.95179,-14.70431],[-71.93613,-14.69386],[-71.93066,-14.68809],[-71.94122,-14.68532],[-71.94989,-14.6779],[-71.95116,-14.6725],[-71.95844,-14.67108],[-71.96363,-14.66376],[-71.97619,-14.65405],[-71.97621,-14.64591],[-71.98791,-14.63295],[-72.00146,-14.64173],[-72.00797,-14.64073],[-72.01467,-14.64837],[-72.01583,-14.65839],[-72.02449,-14.66773],[-72.02535,-14.6741],[-72.03615,-14.68178],[-72.04186,-14.69437],[-72.04498,-14.71648],[-72.04195,-14.72015],[-72.04779,-14.73877],[-72.04318,-14.75413],[-72.03977,-14.75699],[-72.03709,-14.76966],[-72.04096,-14.77877],[-72.03894,-14.78813],[-72.0345,-14.79294],[-72.03504,-14.80293],[-72.04054,-14.80976],[-72.03425,-14.81199],[-72.02526,-14.82346],[-72.02529,-14.82963],[-72.04038,-14.83969],[-72.04327,-14.85173],[-72.04228,-14.86267],[-72.04712,-14.87506],[-72.04314,-14.88088],[-72.04639,-14.88711],[-72.05516,-14.88364],[-72.06309,-14.88788],[-72.07687,-14.88347],[-72.0796,-14.87388],[-72.08547,-14.86913],[-72.09025,-14.8568],[-72.09809,-14.84987],[-72.10766,-14.84724],[-72.11919,-14.83474],[-72.12869,-14.8306],[-72.13293,-14.81682],[-72.13809,-14.8133],[-72.13612,-14.7987],[-72.13168,-14.7894],[-72.13479,-14.78351],[-72.1447,-14.77771],[-72.15401,-14.77713],[-72.15967,-14.78634],[-72.16525,-14.78054],[-72.18087,-14.77697],[-72.19057,-14.77883],[-72.20237,-14.78837],[-72.20279,-14.79787],[-72.2136,-14.80326],[-72.22029,-14.79993],[-72.22375,-14.80506],[-72.23911,-14.81224],[-72.24467,-14.81181],[-72.25229,-14.80366],[-72.26465,-14.81112],[-72.29192,-14.81837],[-72.31544,-14.83386],[-72.35014,-14.82779],[-72.3625,-14.82878],[-72.39568,-14.82501],[-72.40648,-14.82709],[-72.41863,-14.82024],[-72.41811,-14.81067],[-72.42308,-14.80275],[-72.43041,-14.79999],[-72.43538,-14.78991],[-72.44471,-14.79078],[-72.4509,-14.78411],[-72.4619,-14.78286],[-72.46918,-14.78699],[-72.47095,-14.77477],[-72.46864,-14.76402],[-72.47295,-14.75738],[-72.47957,-14.75486],[-72.48697,-14.74063],[-72.48264,-14.73041],[-72.48846,-14.72346],[-72.48613,-14.71254],[-72.47194,-14.70579],[-72.46846,-14.6931],[-72.46026,-14.67622],[-72.46314,-14.66811],[-72.47177,-14.6614],[-72.46378,-14.6425],[-72.46489,-14.62075],[-72.4617,-14.60587],[-72.46742,-14.60198],[-72.46943,-14.59118],[-72.48399,-14.58202],[-72.4847,-14.5736],[-72.49383,-14.5661],[-72.50291,-14.55166],[-72.4942,-14.54563],[-72.49164,-14.53354],[-72.47317,-14.51954],[-72.45976,-14.50447],[-72.45164,-14.50229],[-72.4427,-14.4946],[-72.4405,-14.48175],[-72.42746,-14.47902],[-72.40193,-14.48385],[-72.38973,-14.49834],[-72.38341,-14.52571],[-72.37457,-14.53667],[-72.35337,-14.54334],[-72.34326,-14.55402],[-72.32146,-14.55632],[-72.31379,-14.55114],[-72.29883,-14.55425],[-72.26275,-14.54989],[-72.25496,-14.54291],[-72.23616,-14.53907],[-72.22306,-14.54115],[-72.21744,-14.53451],[-72.20078,-14.53202],[-72.18452,-14.53638],[-72.17236,-14.52468],[-72.17955,-14.51445],[-72.18034,-14.50872],[-72.19023,-14.49844],[-72.19287,-14.48995],[-72.18624,-14.48096],[-72.16741,-14.48416],[-72.16179,-14.4772],[-72.16427,-14.47388],[-72.15381,-14.44876],[-72.14263,-14.43628],[-72.12437,-14.43746],[-72.12116,-14.42701],[-72.11301,-14.42257],[-72.10863,-14.41622],[-72.09587,-14.40779],[-72.08712,-14.398],[-72.09812,-14.38701],[-72.09684,-14.37492],[-72.0901,-14.36905],[-72.08737,-14.35794],[-72.08543,-14.37387],[-72.07611,-14.37346],[-72.05622,-14.39015],[-72.04989,-14.3905],[-72.0358,-14.39762],[-72.03524,-14.41353],[-72.03231,-14.43051],[-72.04251,-14.43766],[-72.03831,-14.44781],[-72.04668,-14.46578],[-72.046,-14.4694],[-72.03556,-14.47272],[-72.03126,-14.47831],[-72.03079,-14.48865],[-72.01674,-14.52053],[-72.01841,-14.52593]]]}},{"type":"Feature","properties":{"ubigeo":"080702","nombre":"Capacmarca"},"geometry":{"type":"Polygon","coordinates":[[[-71.91276,-14.06814],[-71.90897,-14.07659],[-71.91096,-14.0927],[-71.90357,-14.10722],[-71.90824,-14.11729],[-71.90719,-14.1261],[-71.90158,-14.13371],[-71.90803,-14.14351],[-71.90855,-14.14934],[-71.91726,-14.155],[-71.92084,-14.13965],[-71.92707,-14.13223],[-71.92547,-14.12526],[-71.93396,-14.11175],[-71.95052,-14.1049],[-71.9599,-14.08989],[-71.96777,-14.10246],[-71.97986,-14.10856],[-71.98269,-14.11726],[-71.99334,-14.11875],[-72.00589,-14.13045],[-72.01033,-14.13841],[-72.02956,-14.12912],[-72.03924,-14.12803],[-72.04921,-14.12316],[-72.05859,-14.10834],[-72.06441,-14.09129],[-72.06177,-14.0824],[-72.0679,-14.07654],[-72.06342,-14.06415],[-72.06262,-14.0447],[-72.05315,-14.03153],[-72.05167,-14.01239],[-72.05551,-13.99251],[-72.05815,-13.9871],[-72.0568,-13.97202],[-72.06012,-13.96568],[-72.05605,-13.95239],[-72.05568,-13.93485],[-72.0401,-13.94098],[-72.03569,-13.94036],[-72.01662,-13.94822],[-71.99751,-13.94762],[-71.99327,-13.94424],[-71.98548,-13.94684],[-71.96804,-13.96034],[-71.96787,-13.96684],[-71.95924,-13.97566],[-71.9646,-13.98754],[-71.95693,-13.99318],[-71.9382,-13.97943],[-71.93721,-13.99144],[-71.94424,-14.00091],[-71.93724,-14.01499],[-71.93295,-14.0286],[-71.92133,-14.03775],[-71.91022,-14.05935],[-71.91276,-14.06814]]]}},{"type":"Feature","properties":{"ubigeo":"080703","nombre":"Chamaca"},"geometry":{"type":"Polygon","coordinates":[[[-72.0358,-14.39762],[-72.02886,-14.38135],[-72.02816,-14.37122],[-72.01804,-14.35936],[-72.01391,-14.35997],[-72.01182,-14.35075],[-72.00467,-14.34601],[-71.99456,-14.34601],[-71.98593,-14.34166],[-71.96885,-14.34095],[-71.95757,-14.33574],[-71.95513,-14.32869],[-71.95675,-14.31507],[-71.96251,-14.31279],[-71.96289,-14.30682],[-71.96915,-14.29598],[-71.96014,-14.27856],[-71.941,-14.2552],[-71.93632,-14.25227],[-71.9362,-14.24205],[-71.92057,-14.23285],[-71.9139,-14.22536],[-71.91527,-14.21301],[-71.91262,-14.19903],[-71.91978,-14.18311],[-71.92125,-14.17039],[-71.91726,-14.155],[-71.90635,-14.15951],[-71.8989,-14.17451],[-71.88951,-14.1817],[-71.88597,-14.19371],[-71.87699,-14.20026],[-71.86611,-14.20432],[-71.84137,-14.20083],[-71.83315,-14.20383],[-71.82555,-14.19765],[-71.8102,-14.20007],[-71.79954,-14.18022],[-71.78178,-14.19136],[-71.76372,-14.19242],[-71.75585,-14.19947],[-71.75643,-14.21273],[-71.74596,-14.2184],[-71.74938,-14.22509],[-71.74071,-14.24001],[-71.74031,-14.25378],[-71.75973,-14.25966],[-71.75598,-14.26644],[-71.75656,-14.28273],[-71.76462,-14.28656],[-71.76533,-14.29792],[-71.77625,-14.30754],[-71.76217,-14.33684],[-71.7677,-14.33911],[-71.76837,-14.34509],[-71.77557,-14.35498],[-71.77148,-14.36682],[-71.77533,-14.38019],[-71.77338,-14.39117],[-71.7691,-14.39758],[-71.771,-14.4057],[-71.76831,-14.41309],[-71.7558,-14.42041],[-71.75659,-14.4408],[-71.76031,-14.44708],[-71.75848,-14.453],[-71.76538,-14.4566],[-71.77661,-14.46478],[-71.78839,-14.46021],[-71.79962,-14.46259],[-71.80939,-14.44989],[-71.80298,-14.44391],[-71.8111,-14.43451],[-71.81873,-14.43878],[-71.8252,-14.43579],[-71.82815,-14.42687],[-71.83636,-14.42121],[-71.84341,-14.41204],[-71.8439,-14.39351],[-71.84145,-14.38799],[-71.85442,-14.3798],[-71.85616,-14.39126],[-71.86963,-14.3875],[-71.87385,-14.38219],[-71.89564,-14.38072],[-71.89839,-14.37802],[-71.90269,-14.38561],[-71.89981,-14.39146],[-71.90512,-14.39538],[-71.90694,-14.40981],[-71.90369,-14.41196],[-71.90629,-14.42198],[-71.89963,-14.42439],[-71.90091,-14.43201],[-71.89712,-14.43983],[-71.90038,-14.44478],[-71.91314,-14.44948],[-71.91929,-14.46019],[-71.92559,-14.46185],[-71.93637,-14.45883],[-71.94271,-14.45084],[-71.9463,-14.43443],[-71.96251,-14.43418],[-71.96922,-14.44357],[-71.97004,-14.44946],[-71.98148,-14.45713],[-71.9844,-14.46887],[-71.99457,-14.47491],[-72.00002,-14.48414],[-72.00862,-14.52109],[-72.01841,-14.52593],[-72.01674,-14.52053],[-72.03079,-14.48865],[-72.03126,-14.47831],[-72.03556,-14.47272],[-72.046,-14.4694],[-72.04668,-14.46578],[-72.03831,-14.44781],[-72.04251,-14.43766],[-72.03231,-14.43051],[-72.03524,-14.41353],[-72.0358,-14.39762]]]}},{"type":"Feature","properties":{"ubigeo":"080704","nombre":"Colquemarca"},"geometry":{"type":"Polygon","coordinates":[[[-72.0358,-14.39762],[-72.04989,-14.3905],[-72.05622,-14.39015],[-72.07611,-14.37346],[-72.08543,-14.37387],[-72.08737,-14.35794],[-72.09309,-14.3526],[-72.09125,-14.34412],[-72.09472,-14.34115],[-72.09775,-14.32749],[-72.10128,-14.32536],[-72.09971,-14.31684],[-72.10212,-14.30894],[-72.09638,-14.2945],[-72.09737,-14.28748],[-72.09043,-14.26737],[-72.10282,-14.26388],[-72.11401,-14.2527],[-72.11568,-14.24556],[-72.10782,-14.23565],[-72.09924,-14.22943],[-72.09561,-14.22015],[-72.08579,-14.20906],[-72.07648,-14.20743],[-72.08314,-14.19599],[-72.08905,-14.19096],[-72.0952,-14.17373],[-72.08942,-14.16987],[-72.0879,-14.16322],[-72.06993,-14.14991],[-72.06149,-14.14185],[-72.06294,-14.13804],[-72.05667,-14.12881],[-72.06444,-14.11588],[-72.05908,-14.1087],[-72.05859,-14.10834],[-72.04921,-14.12316],[-72.03924,-14.12803],[-72.02956,-14.12912],[-72.01033,-14.13841],[-72.00589,-14.13045],[-71.99334,-14.11875],[-71.98269,-14.11726],[-71.97986,-14.10856],[-71.96777,-14.10246],[-71.9599,-14.08989],[-71.95052,-14.1049],[-71.93396,-14.11175],[-71.92547,-14.12526],[-71.92707,-14.13223],[-71.92084,-14.13965],[-71.91726,-14.155],[-71.92125,-14.17039],[-71.91978,-14.18311],[-71.91262,-14.19903],[-71.91527,-14.21301],[-71.9139,-14.22536],[-71.92057,-14.23285],[-71.9362,-14.24205],[-71.93632,-14.25227],[-71.941,-14.2552],[-71.96014,-14.27856],[-71.96915,-14.29598],[-71.96289,-14.30682],[-71.96251,-14.31279],[-71.95675,-14.31507],[-71.95513,-14.32869],[-71.95757,-14.33574],[-71.96885,-14.34095],[-71.98593,-14.34166],[-71.99456,-14.34601],[-72.00467,-14.34601],[-72.01182,-14.35075],[-72.01391,-14.35997],[-72.01804,-14.35936],[-72.02816,-14.37122],[-72.02886,-14.38135],[-72.0358,-14.39762]]]}},{"type":"Feature","properties":{"ubigeo":"080705","nombre":"Livitaca"},"geometry":{"type":"Polygon","coordinates":[[[-71.53539,-14.20614],[-71.52682,-14.21981],[-71.52221,-14.22222],[-71.52173,-14.23388],[-71.51497,-14.25255],[-71.52345,-14.26425],[-71.53529,-14.2655],[-71.54912,-14.26238],[-71.54779,-14.27506],[-71.5546,-14.29295],[-71.55025,-14.30337],[-71.55787,-14.31378],[-71.5541,-14.32791],[-71.56014,-14.34576],[-71.55375,-14.35066],[-71.55523,-14.36347],[-71.56347,-14.36558],[-71.56864,-14.37505],[-71.55342,-14.38483],[-71.55559,-14.39367],[-71.54975,-14.40552],[-71.55317,-14.40938],[-71.57594,-14.41828],[-71.57695,-14.42485],[-71.58593,-14.43179],[-71.58782,-14.43765],[-71.60914,-14.44506],[-71.60947,-14.45795],[-71.60497,-14.47757],[-71.62319,-14.49724],[-71.6379,-14.4975],[-71.6463,-14.50244],[-71.64648,-14.51032],[-71.65181,-14.52732],[-71.64776,-14.53217],[-71.64997,-14.54365],[-71.64873,-14.55229],[-71.66201,-14.56453],[-71.68882,-14.56657],[-71.70407,-14.57333],[-71.71239,-14.58234],[-71.7104,-14.60455],[-71.71278,-14.61042],[-71.72239,-14.61745],[-71.74253,-14.62099],[-71.75377,-14.62494],[-71.75184,-14.63501],[-71.73838,-14.64852],[-71.7395,-14.6598],[-71.7481,-14.66071],[-71.76034,-14.67933],[-71.77163,-14.67939],[-71.77775,-14.68252],[-71.78251,-14.69952],[-71.79207,-14.70595],[-71.80204,-14.70929],[-71.81044,-14.70408],[-71.82238,-14.7059],[-71.83656,-14.69932],[-71.82581,-14.68872],[-71.82062,-14.68011],[-71.82233,-14.67462],[-71.81183,-14.66302],[-71.80261,-14.65851],[-71.80109,-14.65161],[-71.8056,-14.64288],[-71.80139,-14.62671],[-71.79028,-14.6087],[-71.77942,-14.60248],[-71.77008,-14.60089],[-71.76739,-14.59619],[-71.77612,-14.58008],[-71.77228,-14.56091],[-71.76392,-14.55048],[-71.771,-14.5481],[-71.78009,-14.53589],[-71.77838,-14.52118],[-71.7821,-14.5036],[-71.7793,-14.49622],[-71.78131,-14.48743],[-71.79163,-14.48218],[-71.78101,-14.47821],[-71.776,-14.46899],[-71.7644,-14.4624],[-71.76538,-14.4566],[-71.75848,-14.453],[-71.76031,-14.44708],[-71.75659,-14.4408],[-71.7558,-14.42041],[-71.76831,-14.41309],[-71.771,-14.4057],[-71.7691,-14.39758],[-71.77338,-14.39117],[-71.77533,-14.38019],[-71.77148,-14.36682],[-71.77557,-14.35498],[-71.76837,-14.34509],[-71.7677,-14.33911],[-71.76217,-14.33684],[-71.77625,-14.30754],[-71.76533,-14.29792],[-71.76462,-14.28656],[-71.75656,-14.28273],[-71.75598,-14.26644],[-71.75973,-14.25966],[-71.74812,-14.26676],[-71.74493,-14.27535],[-71.73038,-14.26567],[-71.72046,-14.2666],[-71.70313,-14.27842],[-71.69104,-14.27789],[-71.68798,-14.2699],[-71.67962,-14.2647],[-71.68539,-14.25364],[-71.68316,-14.2295],[-71.67684,-14.22284],[-71.67635,-14.20329],[-71.67339,-14.19688],[-71.67764,-14.19094],[-71.67934,-14.16602],[-71.68408,-14.15473],[-71.68256,-14.14575],[-71.6896,-14.13284],[-71.69998,-14.12712],[-71.69971,-14.11629],[-71.69046,-14.11851],[-71.67822,-14.11792],[-71.64976,-14.12852],[-71.64435,-14.13352],[-71.62491,-14.13668],[-71.6092,-14.15388],[-71.59572,-14.14988],[-71.58797,-14.14909],[-71.57526,-14.15883],[-71.56858,-14.15837],[-71.55978,-14.16425],[-71.54988,-14.1752],[-71.54371,-14.18793],[-71.54438,-14.19514],[-71.53539,-14.20614]]]}},{"type":"Feature","properties":{"ubigeo":"080706","nombre":"Llusco"},"geometry":{"type":"Polygon","coordinates":[[[-72.08737,-14.35794],[-72.0901,-14.36905],[-72.09684,-14.37492],[-72.09812,-14.38701],[-72.08712,-14.398],[-72.09587,-14.40779],[-72.10863,-14.41622],[-72.11301,-14.42257],[-72.12116,-14.42701],[-72.12437,-14.43746],[-72.14263,-14.43628],[-72.15381,-14.44876],[-72.16427,-14.47388],[-72.16179,-14.4772],[-72.16741,-14.48416],[-72.18624,-14.48096],[-72.19287,-14.48995],[-72.19023,-14.49844],[-72.18034,-14.50872],[-72.17955,-14.51445],[-72.17236,-14.52468],[-72.18452,-14.53638],[-72.20078,-14.53202],[-72.21744,-14.53451],[-72.22306,-14.54115],[-72.23616,-14.53907],[-72.25496,-14.54291],[-72.26275,-14.54989],[-72.29883,-14.55425],[-72.31379,-14.55114],[-72.32146,-14.55632],[-72.34326,-14.55402],[-72.35337,-14.54334],[-72.37457,-14.53667],[-72.38341,-14.52571],[-72.38973,-14.49834],[-72.40193,-14.48385],[-72.39308,-14.48185],[-72.38186,-14.46747],[-72.36856,-14.46381],[-72.36392,-14.45976],[-72.36388,-14.44947],[-72.35763,-14.43596],[-72.33877,-14.42833],[-72.32594,-14.43874],[-72.31973,-14.44063],[-72.32167,-14.46133],[-72.31991,-14.4655],[-72.30511,-14.46688],[-72.28969,-14.47338],[-72.2752,-14.47421],[-72.26018,-14.49032],[-72.25219,-14.48918],[-72.23911,-14.49392],[-72.23094,-14.49363],[-72.22717,-14.48194],[-72.22951,-14.47388],[-72.22181,-14.46595],[-72.21912,-14.45441],[-72.2093,-14.45578],[-72.1936,-14.44283],[-72.18636,-14.41483],[-72.19021,-14.40791],[-72.18573,-14.39866],[-72.1855,-14.38982],[-72.17755,-14.37498],[-72.16895,-14.37237],[-72.1623,-14.36535],[-72.15492,-14.36288],[-72.1405,-14.34715],[-72.13842,-14.33796],[-72.14048,-14.32889],[-72.1328,-14.32107],[-72.12186,-14.31755],[-72.10778,-14.30809],[-72.10212,-14.30894],[-72.09971,-14.31684],[-72.10128,-14.32536],[-72.09775,-14.32749],[-72.09472,-14.34115],[-72.09125,-14.34412],[-72.09309,-14.3526],[-72.08737,-14.35794]]]}},{"type":"Feature","properties":{"ubigeo":"080707","nombre":"Quiñota"},"geometry":{"type":"Polygon","coordinates":[[[-72.31973,-14.44063],[-72.31111,-14.43708],[-72.30569,-14.42875],[-72.29818,-14.42859],[-72.28902,-14.42248],[-72.29567,-14.41188],[-72.28045,-14.41078],[-72.26978,-14.40445],[-72.24951,-14.40293],[-72.24874,-14.38614],[-72.24039,-14.36151],[-72.23952,-14.34847],[-72.22455,-14.34908],[-72.21622,-14.33409],[-72.20754,-14.33177],[-72.20558,-14.32025],[-72.19916,-14.31527],[-72.18711,-14.31322],[-72.18659,-14.3048],[-72.17645,-14.29944],[-72.17028,-14.29118],[-72.16996,-14.27383],[-72.16117,-14.26379],[-72.14321,-14.25617],[-72.13627,-14.25982],[-72.11568,-14.24556],[-72.11401,-14.2527],[-72.10282,-14.26388],[-72.09043,-14.26737],[-72.09737,-14.28748],[-72.09638,-14.2945],[-72.10212,-14.30894],[-72.10778,-14.30809],[-72.12186,-14.31755],[-72.1328,-14.32107],[-72.14048,-14.32889],[-72.13842,-14.33796],[-72.1405,-14.34715],[-72.15492,-14.36288],[-72.1623,-14.36535],[-72.16895,-14.37237],[-72.17755,-14.37498],[-72.1855,-14.38982],[-72.18573,-14.39866],[-72.19021,-14.40791],[-72.18636,-14.41483],[-72.1936,-14.44283],[-72.2093,-14.45578],[-72.21912,-14.45441],[-72.22181,-14.46595],[-72.22951,-14.47388],[-72.22717,-14.48194],[-72.23094,-14.49363],[-72.23911,-14.49392],[-72.25219,-14.48918],[-72.26018,-14.49032],[-72.2752,-14.47421],[-72.28969,-14.47338],[-72.30511,-14.46688],[-72.31991,-14.4655],[-72.32167,-14.46133],[-72.31973,-14.44063]]]}},{"type":"Feature","properties":{"ubigeo":"080708","nombre":"Velille"},"geometry":{"type":"Polygon","coordinates":[[[-71.83656,-14.69932],[-71.84252,-14.69153],[-71.84992,-14.68914],[-71.85815,-14.69231],[-71.86113,-14.703],[-71.8687,-14.71129],[-71.88062,-14.71037],[-71.88216,-14.70225],[-71.89345,-14.69128],[-71.90524,-14.69009],[-71.91059,-14.69247],[-71.91813,-14.6869],[-71.91346,-14.67739],[-71.91578,-14.66675],[-71.91395,-14.6591],[-71.9143,-14.63278],[-71.92109,-14.62682],[-71.92369,-14.61936],[-71.93009,-14.61541],[-71.93184,-14.60523],[-71.9486,-14.60194],[-71.95791,-14.58985],[-71.96557,-14.58847],[-71.96916,-14.58278],[-71.98432,-14.57379],[-71.98906,-14.56491],[-71.9883,-14.55078],[-71.99875,-14.54221],[-72.00385,-14.54375],[-72.01728,-14.54071],[-72.01841,-14.52593],[-72.00862,-14.52109],[-72.00002,-14.48414],[-71.99457,-14.47491],[-71.9844,-14.46887],[-71.98148,-14.45713],[-71.97004,-14.44946],[-71.96922,-14.44357],[-71.96251,-14.43418],[-71.9463,-14.43443],[-71.94271,-14.45084],[-71.93637,-14.45883],[-71.92559,-14.46185],[-71.91929,-14.46019],[-71.91314,-14.44948],[-71.90038,-14.44478],[-71.89712,-14.43983],[-71.90091,-14.43201],[-71.89963,-14.42439],[-71.90629,-14.42198],[-71.90369,-14.41196],[-71.90694,-14.40981],[-71.90512,-14.39538],[-71.89981,-14.39146],[-71.90269,-14.38561],[-71.89839,-14.37802],[-71.89564,-14.38072],[-71.87385,-14.38219],[-71.86963,-14.3875],[-71.85616,-14.39126],[-71.85442,-14.3798],[-71.84145,-14.38799],[-71.8439,-14.39351],[-71.84341,-14.41204],[-71.83636,-14.42121],[-71.82815,-14.42687],[-71.8252,-14.43579],[-71.81873,-14.43878],[-71.8111,-14.43451],[-71.80298,-14.44391],[-71.80939,-14.44989],[-71.79962,-14.46259],[-71.78839,-14.46021],[-71.77661,-14.46478],[-71.76538,-14.4566],[-71.7644,-14.4624],[-71.776,-14.46899],[-71.78101,-14.47821],[-71.79163,-14.48218],[-71.78131,-14.48743],[-71.7793,-14.49622],[-71.7821,-14.5036],[-71.77838,-14.52118],[-71.78009,-14.53589],[-71.771,-14.5481],[-71.76392,-14.55048],[-71.77228,-14.56091],[-71.77612,-14.58008],[-71.76739,-14.59619],[-71.77008,-14.60089],[-71.77942,-14.60248],[-71.79028,-14.6087],[-71.80139,-14.62671],[-71.8056,-14.64288],[-71.80109,-14.65161],[-71.80261,-14.65851],[-71.81183,-14.66302],[-71.82233,-14.67462],[-71.82062,-14.68011],[-71.82581,-14.68872],[-71.83656,-14.69932]]]}},{"type":"Feature","properties":{"ubigeo":"080801","nombre":"Espinar"},"geometry":{"type":"Polygon","coordinates":[[[-71.28857,-14.83737],[-71.27913,-14.83852],[-71.27694,-14.84472],[-71.2678,-14.84952],[-71.25861,-14.86304],[-71.25732,-14.87957],[-71.24514,-14.88818],[-71.23762,-14.902],[-71.23154,-14.90589],[-71.2329,-14.91668],[-71.22626,-14.93763],[-71.23083,-14.96127],[-71.23985,-14.98917],[-71.2378,-14.99442],[-71.22623,-15.00271],[-71.22462,-15.00829],[-71.22884,-15.02119],[-71.22028,-15.04618],[-71.21539,-15.04889],[-71.2238,-15.06741],[-71.22729,-15.06946],[-71.2403,-15.06156],[-71.24191,-15.0578],[-71.25365,-15.05762],[-71.2572,-15.06251],[-71.26692,-15.06591],[-71.26023,-15.07691],[-71.26831,-15.08127],[-71.28728,-15.09719],[-71.29756,-15.10862],[-71.30688,-15.11233],[-71.31563,-15.12022],[-71.32491,-15.11689],[-71.32915,-15.10038],[-71.34516,-15.09262],[-71.35425,-15.0923],[-71.36185,-15.07914],[-71.37268,-15.07911],[-71.37974,-15.06455],[-71.38751,-15.06126],[-71.39687,-15.04524],[-71.41066,-15.03546],[-71.41737,-15.03373],[-71.42215,-15.012],[-71.43043,-15.00797],[-71.42673,-15.00212],[-71.43082,-14.99808],[-71.44138,-14.99668],[-71.44581,-14.99197],[-71.4475,-14.97979],[-71.44545,-14.97023],[-71.44876,-14.94043],[-71.4556,-14.91747],[-71.44877,-14.90411],[-71.44741,-14.8897],[-71.44929,-14.86775],[-71.44722,-14.86108],[-71.44895,-14.85074],[-71.4547,-14.84709],[-71.46344,-14.8359],[-71.47146,-14.83473],[-71.48195,-14.82741],[-71.48836,-14.8189],[-71.4872,-14.79507],[-71.48239,-14.78349],[-71.47853,-14.78176],[-71.47866,-14.76037],[-71.48052,-14.75346],[-71.47352,-14.73787],[-71.46297,-14.73033],[-71.45656,-14.71998],[-71.45571,-14.71077],[-71.44717,-14.70771],[-71.44202,-14.72267],[-71.43802,-14.72382],[-71.43328,-14.74013],[-71.4215,-14.74606],[-71.40716,-14.74557],[-71.38906,-14.76989],[-71.37631,-14.77602],[-71.36822,-14.77175],[-71.36483,-14.77858],[-71.36174,-14.7726],[-71.35698,-14.78891],[-71.35192,-14.7943],[-71.33767,-14.80266],[-71.33475,-14.80955],[-71.32807,-14.80842],[-71.32226,-14.81401],[-71.31799,-14.80921],[-71.31162,-14.81841],[-71.3127,-14.82599],[-71.30086,-14.83495],[-71.29215,-14.83215],[-71.28857,-14.83737]]]}},{"type":"Feature","properties":{"ubigeo":"080802","nombre":"Condoroma"},"geometry":{"type":"Polygon","coordinates":[[[-70.9608,-15.31998],[-70.97755,-15.32041],[-70.98389,-15.31665],[-71.00612,-15.33523],[-71.01228,-15.34375],[-71.01918,-15.36585],[-71.01988,-15.37326],[-71.02569,-15.37746],[-71.03642,-15.39195],[-71.03897,-15.40517],[-71.04408,-15.41812],[-71.06213,-15.43396],[-71.07545,-15.4383],[-71.07175,-15.44927],[-71.08202,-15.45707],[-71.08829,-15.45829],[-71.10179,-15.45483],[-71.10845,-15.44809],[-71.11156,-15.43678],[-71.11926,-15.42758],[-71.12943,-15.42817],[-71.13872,-15.43789],[-71.15327,-15.43983],[-71.17433,-15.42446],[-71.17408,-15.41142],[-71.16904,-15.39809],[-71.17158,-15.38849],[-71.16578,-15.37395],[-71.15034,-15.36249],[-71.15381,-15.34085],[-71.16267,-15.33248],[-71.16624,-15.32087],[-71.1629,-15.30891],[-71.1654,-15.28888],[-71.18051,-15.27516],[-71.19016,-15.27439],[-71.20068,-15.26187],[-71.19691,-15.2526],[-71.20208,-15.24513],[-71.19178,-15.23325],[-71.18317,-15.23354],[-71.17235,-15.21769],[-71.16325,-15.22322],[-71.13582,-15.23235],[-71.13297,-15.22503],[-71.11671,-15.21919],[-71.09815,-15.20729],[-71.082,-15.20862],[-71.06318,-15.20621],[-71.06001,-15.20304],[-71.04703,-15.21179],[-71.04513,-15.2045],[-71.03769,-15.19305],[-71.03726,-15.18598],[-71.03248,-15.18091],[-71.03853,-15.17715],[-71.03459,-15.16505],[-71.04555,-15.13193],[-71.05032,-15.12699],[-71.03946,-15.12438],[-71.01854,-15.164],[-71.00862,-15.16251],[-71.00695,-15.1493],[-71.00188,-15.14447],[-70.98725,-15.15055],[-70.98214,-15.14742],[-70.97605,-15.15995],[-70.97623,-15.17564],[-70.9719,-15.17988],[-70.97291,-15.19655],[-70.96779,-15.20136],[-70.96679,-15.21093],[-70.9625,-15.21564],[-70.97032,-15.23306],[-70.98528,-15.24903],[-70.98299,-15.25603],[-70.97677,-15.26095],[-70.97342,-15.27503],[-70.96076,-15.28119],[-70.9523,-15.28984],[-70.95101,-15.30663],[-70.9608,-15.31998]]]}},{"type":"Feature","properties":{"ubigeo":"080803","nombre":"Coporaque"},"geometry":{"type":"Polygon","coordinates":[[[-71.44717,-14.70771],[-71.45571,-14.71077],[-71.45656,-14.71998],[-71.46297,-14.73033],[-71.47352,-14.73787],[-71.48052,-14.75346],[-71.47866,-14.76037],[-71.47853,-14.78176],[-71.48239,-14.78349],[-71.4872,-14.79507],[-71.48836,-14.8189],[-71.48195,-14.82741],[-71.47146,-14.83473],[-71.46344,-14.8359],[-71.4547,-14.84709],[-71.44895,-14.85074],[-71.44722,-14.86108],[-71.44929,-14.86775],[-71.44741,-14.8897],[-71.44877,-14.90411],[-71.4556,-14.91747],[-71.44876,-14.94043],[-71.44545,-14.97023],[-71.4475,-14.97979],[-71.45758,-14.97955],[-71.46504,-14.98407],[-71.48123,-14.98195],[-71.50705,-14.97628],[-71.5077,-14.99787],[-71.51017,-15.00463],[-71.52279,-15.00324],[-71.52854,-14.99777],[-71.54377,-14.99649],[-71.55523,-14.99166],[-71.56468,-14.98246],[-71.5795,-14.97748],[-71.58861,-14.96425],[-71.60019,-14.95839],[-71.59325,-14.94485],[-71.57616,-14.93462],[-71.56306,-14.91869],[-71.55629,-14.91711],[-71.54924,-14.90791],[-71.55113,-14.90256],[-71.56528,-14.90154],[-71.57741,-14.89556],[-71.58748,-14.88415],[-71.58817,-14.87321],[-71.60689,-14.87865],[-71.6146,-14.87098],[-71.62642,-14.86685],[-71.64882,-14.86286],[-71.65752,-14.85586],[-71.66831,-14.85677],[-71.67193,-14.86385],[-71.68562,-14.86163],[-71.69622,-14.86826],[-71.70627,-14.8698],[-71.71086,-14.87388],[-71.71398,-14.8684],[-71.72371,-14.87147],[-71.73774,-14.88067],[-71.74183,-14.89291],[-71.74005,-14.89854],[-71.74146,-14.91218],[-71.74683,-14.92392],[-71.74224,-14.93252],[-71.74596,-14.93987],[-71.75362,-14.93345],[-71.76623,-14.92805],[-71.78946,-14.90707],[-71.79039,-14.89922],[-71.79762,-14.89598],[-71.81668,-14.90734],[-71.8276,-14.90606],[-71.83054,-14.89861],[-71.82634,-14.89204],[-71.82892,-14.88798],[-71.85209,-14.88809],[-71.86124,-14.88145],[-71.86342,-14.87336],[-71.85467,-14.85766],[-71.86429,-14.84551],[-71.86909,-14.83597],[-71.86864,-14.82819],[-71.87261,-14.82398],[-71.87402,-14.8064],[-71.87667,-14.80044],[-71.8939,-14.7896],[-71.8934,-14.78517],[-71.90115,-14.77481],[-71.90207,-14.76682],[-71.89003,-14.76136],[-71.88366,-14.76385],[-71.87904,-14.75651],[-71.89265,-14.74651],[-71.89174,-14.73564],[-71.88497,-14.72727],[-71.88412,-14.71637],[-71.88062,-14.71037],[-71.8687,-14.71129],[-71.86113,-14.703],[-71.85815,-14.69231],[-71.84992,-14.68914],[-71.84252,-14.69153],[-71.83656,-14.69932],[-71.82238,-14.7059],[-71.81044,-14.70408],[-71.80204,-14.70929],[-71.79207,-14.70595],[-71.78251,-14.69952],[-71.77775,-14.68252],[-71.77163,-14.67939],[-71.76034,-14.67933],[-71.7481,-14.66071],[-71.7395,-14.6598],[-71.73838,-14.64852],[-71.75184,-14.63501],[-71.75377,-14.62494],[-71.74253,-14.62099],[-71.72239,-14.61745],[-71.71278,-14.61042],[-71.7104,-14.60455],[-71.71239,-14.58234],[-71.70407,-14.57333],[-71.68882,-14.56657],[-71.66201,-14.56453],[-71.64873,-14.55229],[-71.64997,-14.54365],[-71.64776,-14.53217],[-71.63209,-14.52953],[-71.61538,-14.53325],[-71.60986,-14.54337],[-71.60188,-14.54611],[-71.57941,-14.54769],[-71.56744,-14.5414],[-71.54357,-14.53799],[-71.53894,-14.54192],[-71.54034,-14.55303],[-71.53216,-14.56908],[-71.52151,-14.57185],[-71.51688,-14.57637],[-71.49875,-14.58086],[-71.48928,-14.57852],[-71.48775,-14.58634],[-71.47682,-14.59303],[-71.4649,-14.5955],[-71.45547,-14.60054],[-71.45419,-14.6063],[-71.44439,-14.61389],[-71.4443,-14.63667],[-71.43353,-14.64839],[-71.43922,-14.67639],[-71.44532,-14.68897],[-71.4545,-14.69412],[-71.45331,-14.69947],[-71.44611,-14.70206],[-71.44717,-14.70771]]]}},{"type":"Feature","properties":{"ubigeo":"080804","nombre":"Ocoruro"},"geometry":{"type":"Polygon","coordinates":[[[-71.17235,-15.21769],[-71.16205,-15.21031],[-71.16052,-15.19829],[-71.16945,-15.18878],[-71.17438,-15.17643],[-71.18446,-15.17021],[-71.18039,-15.16262],[-71.17274,-15.15915],[-71.16835,-15.14904],[-71.15806,-15.14729],[-71.14381,-15.12898],[-71.14358,-15.12056],[-71.16165,-15.1093],[-71.1633,-15.09972],[-71.16754,-15.09581],[-71.18001,-15.0923],[-71.18258,-15.08892],[-71.19536,-15.09019],[-71.20684,-15.07189],[-71.20956,-15.05903],[-71.20769,-15.05049],[-71.21539,-15.04889],[-71.22028,-15.04618],[-71.22884,-15.02119],[-71.22462,-15.00829],[-71.22623,-15.00271],[-71.2378,-14.99442],[-71.23985,-14.98917],[-71.23083,-14.96127],[-71.22626,-14.93763],[-71.2329,-14.91668],[-71.221,-14.91761],[-71.21231,-14.92685],[-71.20365,-14.93036],[-71.20031,-14.9365],[-71.19289,-14.9383],[-71.187,-14.93421],[-71.1757,-14.93579],[-71.17458,-14.96269],[-71.16593,-14.98281],[-71.16279,-14.98192],[-71.15546,-14.99009],[-71.1299,-14.99904],[-71.12167,-14.99362],[-71.11255,-15.00049],[-71.10685,-15.02951],[-71.07691,-15.07899],[-71.0743,-15.09108],[-71.063,-15.10752],[-71.05453,-15.12468],[-71.05032,-15.12699],[-71.04555,-15.13193],[-71.03459,-15.16505],[-71.03853,-15.17715],[-71.03248,-15.18091],[-71.03726,-15.18598],[-71.03769,-15.19305],[-71.04513,-15.2045],[-71.04703,-15.21179],[-71.06001,-15.20304],[-71.06318,-15.20621],[-71.082,-15.20862],[-71.09815,-15.20729],[-71.11671,-15.21919],[-71.13297,-15.22503],[-71.13582,-15.23235],[-71.16325,-15.22322],[-71.17235,-15.21769]]]}},{"type":"Feature","properties":{"ubigeo":"080805","nombre":"Pallpata"},"geometry":{"type":"Polygon","coordinates":[[[-70.98886,-14.90856],[-70.98629,-14.91548],[-70.99057,-14.92687],[-70.98474,-14.94607],[-70.99664,-14.95393],[-70.99625,-14.96372],[-71.00405,-14.97188],[-71.00393,-15.00135],[-70.99657,-15.01673],[-70.99679,-15.02883],[-70.99314,-15.04235],[-70.99655,-15.05435],[-70.9924,-15.0703],[-70.9936,-15.08459],[-70.99436,-15.09338],[-70.98032,-15.10635],[-70.97706,-15.12684],[-70.97754,-15.14466],[-70.98214,-15.14742],[-70.98725,-15.15055],[-71.00188,-15.14447],[-71.00695,-15.1493],[-71.00862,-15.16251],[-71.01854,-15.164],[-71.03946,-15.12438],[-71.05032,-15.12699],[-71.05453,-15.12468],[-71.063,-15.10752],[-71.0743,-15.09108],[-71.07691,-15.07899],[-71.10685,-15.02951],[-71.11255,-15.00049],[-71.12167,-14.99362],[-71.1299,-14.99904],[-71.15546,-14.99009],[-71.16279,-14.98192],[-71.16593,-14.98281],[-71.17458,-14.96269],[-71.1757,-14.93579],[-71.187,-14.93421],[-71.19289,-14.9383],[-71.20031,-14.9365],[-71.20365,-14.93036],[-71.21231,-14.92685],[-71.221,-14.91761],[-71.2329,-14.91668],[-71.23154,-14.90589],[-71.23762,-14.902],[-71.24514,-14.88818],[-71.25732,-14.87957],[-71.25861,-14.86304],[-71.2678,-14.84952],[-71.27694,-14.84472],[-71.27913,-14.83852],[-71.28857,-14.83737],[-71.27825,-14.82513],[-71.25515,-14.82575],[-71.2523,-14.8218],[-71.23175,-14.80818],[-71.2284,-14.80362],[-71.21884,-14.80246],[-71.20836,-14.79041],[-71.19696,-14.7882],[-71.19073,-14.78114],[-71.18486,-14.78814],[-71.16518,-14.78904],[-71.15254,-14.78082],[-71.15004,-14.77423],[-71.13763,-14.76871],[-71.13536,-14.76008],[-71.1247,-14.75434],[-71.11473,-14.7435],[-71.09035,-14.73907],[-71.08726,-14.73186],[-71.07869,-14.72295],[-71.06322,-14.73652],[-71.05716,-14.75093],[-71.05324,-14.75433],[-71.03569,-14.75212],[-71.02776,-14.76007],[-71.0207,-14.74676],[-71.01309,-14.73969],[-71.00162,-14.74432],[-70.98153,-14.75549],[-70.97548,-14.76413],[-70.98065,-14.77377],[-70.98371,-14.78603],[-70.98028,-14.79261],[-70.97732,-14.80783],[-70.97833,-14.82415],[-70.99578,-14.83137],[-70.99189,-14.84029],[-70.99659,-14.84394],[-70.99147,-14.8609],[-70.99308,-14.87808],[-70.99661,-14.8857],[-70.99486,-14.89904],[-70.98886,-14.90856]]]}},{"type":"Feature","properties":{"ubigeo":"080806","nombre":"Pichigua"},"geometry":{"type":"Polygon","coordinates":[[[-71.15655,-14.63377],[-71.17344,-14.64731],[-71.18009,-14.64395],[-71.19112,-14.64741],[-71.20497,-14.66302],[-71.20865,-14.68515],[-71.21604,-14.69673],[-71.22604,-14.69951],[-71.24017,-14.69445],[-71.24387,-14.70185],[-71.26132,-14.6996],[-71.26689,-14.7054],[-71.27658,-14.70632],[-71.2972,-14.71388],[-71.30522,-14.71348],[-71.32264,-14.70497],[-71.3281,-14.70745],[-71.34415,-14.70539],[-71.34701,-14.69992],[-71.36392,-14.69973],[-71.36628,-14.71047],[-71.35792,-14.72806],[-71.34465,-14.7342],[-71.34122,-14.7463],[-71.33173,-14.74537],[-71.32484,-14.74977],[-71.32336,-14.75583],[-71.33448,-14.76234],[-71.34793,-14.75839],[-71.35492,-14.76624],[-71.35921,-14.76414],[-71.36822,-14.77175],[-71.37631,-14.77602],[-71.38906,-14.76989],[-71.40716,-14.74557],[-71.4215,-14.74606],[-71.43328,-14.74013],[-71.43802,-14.72382],[-71.44202,-14.72267],[-71.44717,-14.70771],[-71.44611,-14.70206],[-71.45331,-14.69947],[-71.4545,-14.69412],[-71.44532,-14.68897],[-71.43922,-14.67639],[-71.43353,-14.64839],[-71.4443,-14.63667],[-71.44439,-14.61389],[-71.43766,-14.61255],[-71.42665,-14.62181],[-71.42356,-14.61093],[-71.41717,-14.60207],[-71.4067,-14.60558],[-71.39244,-14.60628],[-71.38311,-14.60908],[-71.37433,-14.62036],[-71.36498,-14.61793],[-71.33503,-14.61643],[-71.33011,-14.62943],[-71.32208,-14.64184],[-71.31458,-14.65782],[-71.30797,-14.66016],[-71.29982,-14.64436],[-71.29467,-14.6414],[-71.28323,-14.64491],[-71.27524,-14.65093],[-71.26716,-14.64857],[-71.25712,-14.65307],[-71.24927,-14.64757],[-71.24782,-14.64059],[-71.23122,-14.6463],[-71.21317,-14.64759],[-71.20689,-14.6397],[-71.19765,-14.63761],[-71.18776,-14.62854],[-71.18318,-14.61477],[-71.18025,-14.61454],[-71.16769,-14.62653],[-71.16052,-14.62728],[-71.15655,-14.63377]]]}},{"type":"Feature","properties":{"ubigeo":"080807","nombre":"Suyckutambo"},"geometry":{"type":"Polygon","coordinates":[[[-71.58914,-15.12888],[-71.60149,-15.13264],[-71.60291,-15.13918],[-71.61761,-15.14606],[-71.63602,-15.13914],[-71.64903,-15.12067],[-71.66372,-15.10858],[-71.6636,-15.10092],[-71.66795,-15.0919],[-71.67918,-15.08849],[-71.69108,-15.09118],[-71.70194,-15.08835],[-71.71558,-15.08816],[-71.72126,-15.08395],[-71.74112,-15.07994],[-71.75637,-15.08465],[-71.76549,-15.07868],[-71.77254,-15.08244],[-71.7863,-15.06955],[-71.80296,-15.06744],[-71.81211,-15.07275],[-71.81548,-15.07822],[-71.83267,-15.07706],[-71.83763,-15.07484],[-71.84016,-15.0654],[-71.84844,-15.05188],[-71.84932,-15.04509],[-71.83874,-15.04263],[-71.82293,-15.03499],[-71.81136,-15.02357],[-71.79234,-15.017],[-71.76746,-15.01052],[-71.76372,-15.00382],[-71.76347,-14.9948],[-71.77024,-14.98448],[-71.76867,-14.9784],[-71.76038,-14.96676],[-71.75573,-14.95545],[-71.74772,-14.9483],[-71.74596,-14.93987],[-71.74224,-14.93252],[-71.74683,-14.92392],[-71.74146,-14.91218],[-71.74005,-14.89854],[-71.74183,-14.89291],[-71.73774,-14.88067],[-71.72371,-14.87147],[-71.71398,-14.8684],[-71.71086,-14.87388],[-71.70627,-14.8698],[-71.69622,-14.86826],[-71.68562,-14.86163],[-71.67193,-14.86385],[-71.66831,-14.85677],[-71.65752,-14.85586],[-71.64882,-14.86286],[-71.62642,-14.86685],[-71.6146,-14.87098],[-71.60689,-14.87865],[-71.58817,-14.87321],[-71.58748,-14.88415],[-71.57741,-14.89556],[-71.56528,-14.90154],[-71.55113,-14.90256],[-71.54924,-14.90791],[-71.55629,-14.91711],[-71.56306,-14.91869],[-71.57616,-14.93462],[-71.59325,-14.94485],[-71.60019,-14.95839],[-71.58861,-14.96425],[-71.5795,-14.97748],[-71.56468,-14.98246],[-71.55523,-14.99166],[-71.54377,-14.99649],[-71.52854,-14.99777],[-71.52279,-15.00324],[-71.51017,-15.00463],[-71.50372,-15.02095],[-71.50367,-15.02733],[-71.4846,-15.03933],[-71.48221,-15.04772],[-71.48587,-15.0591],[-71.49092,-15.06447],[-71.49978,-15.06739],[-71.51171,-15.07945],[-71.51896,-15.07642],[-71.5396,-15.07429],[-71.54649,-15.06849],[-71.57063,-15.06121],[-71.57778,-15.08787],[-71.58383,-15.096],[-71.58914,-15.12888]]]}},{"type":"Feature","properties":{"ubigeo":"080808","nombre":"Alto Pichigua"},"geometry":{"type":"Polygon","coordinates":[[[-71.07869,-14.72295],[-71.08726,-14.73186],[-71.09035,-14.73907],[-71.11473,-14.7435],[-71.1247,-14.75434],[-71.13536,-14.76008],[-71.13763,-14.76871],[-71.15004,-14.77423],[-71.15254,-14.78082],[-71.16518,-14.78904],[-71.18486,-14.78814],[-71.19073,-14.78114],[-71.19696,-14.7882],[-71.20836,-14.79041],[-71.21884,-14.80246],[-71.2284,-14.80362],[-71.23175,-14.80818],[-71.2523,-14.8218],[-71.25515,-14.82575],[-71.27825,-14.82513],[-71.28857,-14.83737],[-71.29215,-14.83215],[-71.30086,-14.83495],[-71.3127,-14.82599],[-71.31162,-14.81841],[-71.31799,-14.80921],[-71.32226,-14.81401],[-71.32807,-14.80842],[-71.33475,-14.80955],[-71.33767,-14.80266],[-71.35192,-14.7943],[-71.35698,-14.78891],[-71.36174,-14.7726],[-71.36483,-14.77858],[-71.36822,-14.77175],[-71.35921,-14.76414],[-71.35492,-14.76624],[-71.34793,-14.75839],[-71.33448,-14.76234],[-71.32336,-14.75583],[-71.32484,-14.74977],[-71.33173,-14.74537],[-71.34122,-14.7463],[-71.34465,-14.7342],[-71.35792,-14.72806],[-71.36628,-14.71047],[-71.36392,-14.69973],[-71.34701,-14.69992],[-71.34415,-14.70539],[-71.3281,-14.70745],[-71.32264,-14.70497],[-71.30522,-14.71348],[-71.2972,-14.71388],[-71.27658,-14.70632],[-71.26689,-14.7054],[-71.26132,-14.6996],[-71.24387,-14.70185],[-71.24017,-14.69445],[-71.22604,-14.69951],[-71.21604,-14.69673],[-71.20865,-14.68515],[-71.20497,-14.66302],[-71.19112,-14.64741],[-71.18009,-14.64395],[-71.17344,-14.64731],[-71.15655,-14.63377],[-71.14895,-14.64022],[-71.14173,-14.63893],[-71.12903,-14.64186],[-71.11794,-14.64892],[-71.11368,-14.66673],[-71.10481,-14.67753],[-71.10152,-14.68567],[-71.09743,-14.68524],[-71.08776,-14.69715],[-71.08951,-14.71319],[-71.07869,-14.72295]]]}},{"type":"Feature","properties":{"ubigeo":"080901","nombre":"Santa Ana"},"geometry":{"type":"Polygon","coordinates":[[[-72.72145,-12.9779],[-72.74679,-12.98649],[-72.7605,-12.98301],[-72.76706,-12.98795],[-72.77627,-12.98758],[-72.77816,-12.98252],[-72.79657,-12.98294],[-72.80855,-12.98098],[-72.82172,-12.96813],[-72.82454,-12.97192],[-72.83444,-12.97242],[-72.84205,-12.97743],[-72.84946,-12.97351],[-72.85711,-12.96398],[-72.85872,-12.95564],[-72.85486,-12.94132],[-72.8565,-12.93208],[-72.86422,-12.9248],[-72.85964,-12.91455],[-72.84764,-12.9033],[-72.84764,-12.89],[-72.83968,-12.87397],[-72.82552,-12.87055],[-72.82484,-12.86586],[-72.81756,-12.86238],[-72.8164,-12.85667],[-72.82744,-12.84361],[-72.82077,-12.82792],[-72.80289,-12.82197],[-72.79479,-12.81191],[-72.7818,-12.81462],[-72.76997,-12.81164],[-72.76364,-12.8047],[-72.73735,-12.81137],[-72.72535,-12.80029],[-72.72518,-12.79489],[-72.7137,-12.78607],[-72.71096,-12.77431],[-72.70098,-12.76604],[-72.69076,-12.7633],[-72.68768,-12.75349],[-72.67617,-12.74149],[-72.66546,-12.73332],[-72.65307,-12.74161],[-72.65395,-12.74888],[-72.65044,-12.75643],[-72.65165,-12.77764],[-72.64574,-12.78273],[-72.62587,-12.79324],[-72.62271,-12.80905],[-72.62854,-12.82479],[-72.6339,-12.82719],[-72.63569,-12.83668],[-72.63291,-12.85175],[-72.6364,-12.85837],[-72.64887,-12.86243],[-72.65683,-12.85557],[-72.66734,-12.85619],[-72.68159,-12.86715],[-72.68616,-12.87765],[-72.67432,-12.90731],[-72.66504,-12.91536],[-72.66499,-12.93814],[-72.67019,-12.94592],[-72.67974,-12.92929],[-72.70204,-12.9192],[-72.70732,-12.91946],[-72.71045,-12.93526],[-72.70769,-12.94505],[-72.71045,-12.96334],[-72.71869,-12.96861],[-72.72145,-12.9779]]]}},{"type":"Feature","properties":{"ubigeo":"080902","nombre":"Echarate"},"geometry":{"type":"Polygon","coordinates":[[[-71.95883,-12.3201],[-71.94589,-12.33022],[-71.94713,-12.33439],[-71.96189,-12.33817],[-71.97057,-12.35897],[-71.96297,-12.37146],[-71.96517,-12.38283],[-71.9699,-12.38417],[-71.97601,-12.39878],[-71.99378,-12.39922],[-72.00984,-12.40423],[-72.01748,-12.41518],[-72.02237,-12.41499],[-72.03714,-12.42277],[-72.04646,-12.4224],[-72.04928,-12.43313],[-72.06149,-12.44045],[-72.05953,-12.45005],[-72.06441,-12.45564],[-72.0651,-12.47152],[-72.07087,-12.48279],[-72.07087,-12.48886],[-72.07896,-12.49863],[-72.08649,-12.49129],[-72.10224,-12.49792],[-72.11417,-12.48604],[-72.11371,-12.47474],[-72.12432,-12.47578],[-72.12936,-12.46849],[-72.13614,-12.46572],[-72.13979,-12.45922],[-72.15295,-12.45868],[-72.16598,-12.44838],[-72.1784,-12.44408],[-72.18907,-12.4317],[-72.2067,-12.41962],[-72.22421,-12.43067],[-72.23881,-12.42425],[-72.24457,-12.41896],[-72.25086,-12.42016],[-72.25702,-12.41548],[-72.2634,-12.41776],[-72.26815,-12.40551],[-72.28338,-12.39731],[-72.2917,-12.40307],[-72.31012,-12.39814],[-72.31517,-12.39306],[-72.32199,-12.39707],[-72.34128,-12.39454],[-72.35891,-12.37894],[-72.36482,-12.37869],[-72.38212,-12.38453],[-72.40335,-12.38175],[-72.43079,-12.37406],[-72.43882,-12.36338],[-72.44912,-12.36433],[-72.45334,-12.36036],[-72.46596,-12.3611],[-72.48554,-12.35216],[-72.49261,-12.35506],[-72.50945,-12.34988],[-72.52742,-12.35337],[-72.53393,-12.3605],[-72.56631,-12.35697],[-72.58055,-12.34853],[-72.59958,-12.34499],[-72.60987,-12.33601],[-72.61583,-12.32632],[-72.6233,-12.32897],[-72.63046,-12.325],[-72.64105,-12.3285],[-72.65486,-12.341],[-72.66304,-12.34023],[-72.67054,-12.33384],[-72.69279,-12.32754],[-72.70289,-12.33179],[-72.71094,-12.33027],[-72.73445,-12.3313],[-72.75196,-12.33593],[-72.75962,-12.33597],[-72.76992,-12.385],[-72.76482,-12.39218],[-72.76721,-12.39524],[-72.7616,-12.40314],[-72.76577,-12.41508],[-72.76007,-12.42062],[-72.76025,-12.42871],[-72.74025,-12.44681],[-72.73673,-12.45327],[-72.71104,-12.46397],[-72.71215,-12.46694],[-72.70418,-12.47779],[-72.7096,-12.48611],[-72.70341,-12.50938],[-72.70706,-12.52047],[-72.69842,-12.52965],[-72.69905,-12.53277],[-72.68871,-12.54233],[-72.68263,-12.55324],[-72.68477,-12.55825],[-72.68103,-12.57573],[-72.69413,-12.58539],[-72.7035,-12.57555],[-72.71894,-12.5808],[-72.72217,-12.57677],[-72.73231,-12.58007],[-72.73256,-12.59417],[-72.71442,-12.59506],[-72.70126,-12.60243],[-72.69665,-12.62071],[-72.68883,-12.62308],[-72.67673,-12.61823],[-72.66856,-12.62372],[-72.65725,-12.62473],[-72.64894,-12.63367],[-72.64687,-12.64068],[-72.63524,-12.65393],[-72.62023,-12.65589],[-72.60806,-12.6517],[-72.58925,-12.6481],[-72.57972,-12.6556],[-72.57077,-12.64774],[-72.55854,-12.64584],[-72.55092,-12.63985],[-72.54055,-12.63623],[-72.53237,-12.62933],[-72.52382,-12.62855],[-72.50607,-12.64506],[-72.49633,-12.65155],[-72.47371,-12.68031],[-72.45496,-12.68934],[-72.44398,-12.68984],[-72.4324,-12.70556],[-72.43108,-12.7169],[-72.44557,-12.73881],[-72.44252,-12.74771],[-72.45341,-12.76083],[-72.45242,-12.77473],[-72.4579,-12.79413],[-72.47011,-12.80401],[-72.48533,-12.80499],[-72.50549,-12.81741],[-72.49572,-12.83059],[-72.4996,-12.83568],[-72.50227,-12.84871],[-72.5082,-12.8521],[-72.50941,-12.86675],[-72.52471,-12.88474],[-72.53524,-12.8923],[-72.53414,-12.90202],[-72.53859,-12.9061],[-72.54969,-12.9089],[-72.55018,-12.9137],[-72.56539,-12.91887],[-72.5751,-12.91204],[-72.58806,-12.89272],[-72.59771,-12.89042],[-72.60578,-12.89358],[-72.61433,-12.89235],[-72.62465,-12.8978],[-72.6245,-12.87548],[-72.62703,-12.86799],[-72.6364,-12.85837],[-72.63291,-12.85175],[-72.63569,-12.83668],[-72.6339,-12.82719],[-72.62854,-12.82479],[-72.62271,-12.80905],[-72.62587,-12.79324],[-72.64574,-12.78273],[-72.65165,-12.77764],[-72.65044,-12.75643],[-72.65395,-12.74888],[-72.65307,-12.74161],[-72.66546,-12.73332],[-72.67617,-12.74149],[-72.68768,-12.75349],[-72.69076,-12.7633],[-72.70098,-12.76604],[-72.71096,-12.77431],[-72.7137,-12.78607],[-72.72518,-12.79489],[-72.72535,-12.80029],[-72.73735,-12.81137],[-72.76364,-12.8047],[-72.76997,-12.81164],[-72.7818,-12.81462],[-72.79479,-12.81191],[-72.80289,-12.82197],[-72.82077,-12.82792],[-72.82744,-12.84361],[-72.8164,-12.85667],[-72.81756,-12.86238],[-72.82484,-12.86586],[-72.82552,-12.87055],[-72.83968,-12.87397],[-72.84764,-12.89],[-72.84764,-12.9033],[-72.85964,-12.91455],[-72.86422,-12.9248],[-72.8565,-12.93208],[-72.85486,-12.94132],[-72.85872,-12.95564],[-72.85711,-12.96398],[-72.86272,-12.97776],[-72.87492,-12.97731],[-72.88053,-12.98292],[-72.88516,-12.98156],[-72.89627,-12.99016],[-72.904,-12.98341],[-72.91269,-12.9922],[-72.91928,-12.9915],[-72.93013,-13.00203],[-72.94744,-13.00164],[-72.95792,-13.00653],[-72.96001,-13.01135],[-72.97212,-13.01559],[-72.98203,-13.01309],[-72.98905,-13.0145],[-72.99342,-12.99966],[-72.99964,-12.9948],[-72.99785,-12.98636],[-72.98757,-12.97928],[-72.97935,-12.96455],[-72.9755,-12.94486],[-72.98418,-12.93267],[-72.97182,-12.92381],[-72.97088,-12.90817],[-72.96657,-12.89616],[-72.97488,-12.88766],[-72.98621,-12.88224],[-72.99197,-12.88236],[-72.99385,-12.86414],[-72.9997,-12.85891],[-73.00892,-12.85633],[-73.02057,-12.84382],[-73.03843,-12.84167],[-73.05911,-12.824],[-73.05622,-12.80799],[-73.06299,-12.79401],[-73.06423,-12.77499],[-73.06792,-12.76901],[-73.06516,-12.75529],[-73.06664,-12.73979],[-73.07007,-12.72909],[-73.06377,-12.7178],[-73.06706,-12.71052],[-73.06692,-12.69822],[-73.06126,-12.68848],[-73.06377,-12.66919],[-73.08186,-12.65889],[-73.09201,-12.66963],[-73.10225,-12.67522],[-73.11411,-12.66717],[-73.10518,-12.661],[-73.10168,-12.65211],[-73.11083,-12.64082],[-73.1089,-12.6236],[-73.10292,-12.61779],[-73.10094,-12.59421],[-73.09202,-12.58515],[-73.08995,-12.57158],[-73.09445,-12.56602],[-73.10573,-12.56009],[-73.10687,-12.55352],[-73.11529,-12.54667],[-73.13021,-12.54189],[-73.1245,-12.52397],[-73.11765,-12.51326],[-73.12643,-12.49834],[-73.13321,-12.4795],[-73.14078,-12.47771],[-73.16191,-12.46529],[-73.18778,-12.46373],[-73.19971,-12.45945],[-73.20963,-12.46431],[-73.22194,-12.45905],[-73.23952,-12.43828],[-73.2438,-12.42827],[-73.23188,-12.42099],[-73.23356,-12.41689],[-73.21717,-12.39324],[-73.21969,-12.38867],[-73.21416,-12.38137],[-73.22042,-12.37238],[-73.21987,-12.36783],[-73.22946,-12.35695],[-73.23242,-12.34244],[-73.24494,-12.32846],[-73.244,-12.31635],[-73.2474,-12.31005],[-73.25841,-12.30012],[-73.2661,-12.29952],[-73.26888,-12.29216],[-73.27944,-12.28636],[-73.29595,-12.28867],[-73.30258,-12.28462],[-73.31611,-12.29027],[-73.32217,-12.28622],[-73.33461,-12.28553],[-73.34301,-12.28062],[-73.34661,-12.27411],[-73.35547,-12.26851],[-73.36313,-12.27071],[-73.37168,-12.26533],[-73.37719,-12.25339],[-73.38273,-12.24897],[-73.39933,-12.24423],[-73.40802,-12.23394],[-73.4232,-12.2301],[-73.42976,-12.23558],[-73.4465,-12.2369],[-73.45889,-12.23547],[-73.47007,-12.23704],[-73.46965,-12.21997],[-73.46474,-12.21477],[-73.4609,-12.1961],[-73.44606,-12.16029],[-73.43952,-12.15201],[-73.42901,-12.15261],[-73.41742,-12.14527],[-73.39699,-12.13947],[-73.38175,-12.14058],[-73.36189,-12.13596],[-73.36181,-12.12697],[-73.35537,-12.11425],[-73.36395,-12.11167],[-73.37852,-12.1036],[-73.38886,-12.10089],[-73.39962,-12.09255],[-73.40045,-12.08859],[-73.3913,-12.07674],[-73.40034,-12.07346],[-73.40857,-12.06142],[-73.40327,-12.0574],[-73.39887,-12.04575],[-73.39788,-12.02094],[-73.40681,-12.00557],[-73.41812,-12.01506],[-73.42485,-12.0105],[-73.42504,-12.00391],[-73.43401,-11.99838],[-73.43769,-11.98963],[-73.43032,-11.98126],[-73.44019,-11.97073],[-73.44519,-11.95925],[-73.44113,-11.9442],[-73.44713,-11.93495],[-73.45615,-11.9341],[-73.46266,-11.92981],[-73.46372,-11.9233],[-73.47632,-11.90752],[-73.48572,-11.8923],[-73.49053,-11.87817],[-73.51113,-11.86241],[-73.54558,-11.85229],[-73.55526,-11.85236],[-73.56866,-11.84514],[-73.57751,-11.83648],[-73.58082,-11.82408],[-73.58166,-11.80696],[-73.57991,-11.76939],[-73.57052,-11.76289],[-73.56996,-11.75629],[-73.57448,-11.73415],[-73.58318,-11.71883],[-73.59741,-11.70094],[-73.60204,-11.69042],[-73.60861,-11.68521],[-73.61241,-11.67466],[-73.60827,-11.66016],[-73.59969,-11.64507],[-73.59436,-11.64033],[-73.58203,-11.61558],[-73.55965,-11.59205],[-73.53164,-11.57856],[-73.51427,-11.56824],[-73.50324,-11.56382],[-73.49213,-11.5518],[-73.49304,-11.54624],[-73.48713,-11.53492],[-73.47779,-11.53908],[-73.47243,-11.5473],[-73.44852,-11.55982],[-73.43863,-11.57029],[-73.43458,-11.57948],[-73.43612,-11.58618],[-73.43181,-11.59848],[-73.42913,-11.62107],[-73.41341,-11.6339],[-73.40985,-11.64201],[-73.39998,-11.64818],[-73.39472,-11.65676],[-73.38718,-11.65839],[-73.38097,-11.66564],[-73.38483,-11.68744],[-73.39144,-11.6986],[-73.39074,-11.71546],[-73.39457,-11.72409],[-73.38204,-11.72964],[-73.37436,-11.7357],[-73.36834,-11.74714],[-73.35814,-11.74828],[-73.35578,-11.75748],[-73.35862,-11.77007],[-73.35478,-11.77782],[-73.35605,-11.78538],[-73.34638,-11.79528],[-73.34503,-11.81039],[-73.34665,-11.83087],[-73.35458,-11.83761],[-73.35462,-11.84613],[-73.3393,-11.85819],[-73.33537,-11.86553],[-73.32475,-11.87035],[-73.3203,-11.88103],[-73.32858,-11.89751],[-73.32204,-11.91821],[-73.32741,-11.93389],[-73.3366,-11.94334],[-73.33316,-11.95853],[-73.31951,-11.96103],[-73.30416,-11.95678],[-73.29893,-11.96572],[-73.28785,-11.96622],[-73.28903,-11.97671],[-73.28528,-11.98092],[-73.28595,-11.99025],[-73.28994,-11.99408],[-73.2894,-12.00921],[-73.27648,-12.01407],[-73.2757,-12.02886],[-73.26605,-12.03634],[-73.27314,-12.04941],[-73.27346,-12.05611],[-73.25935,-12.05878],[-73.25732,-12.07144],[-73.2506,-12.07545],[-73.25196,-12.08975],[-73.24992,-12.10655],[-73.23237,-12.11481],[-73.22844,-12.12124],[-73.2177,-12.12859],[-73.20985,-12.13834],[-73.20943,-12.14683],[-73.21428,-12.14937],[-73.21827,-12.16949],[-73.21239,-12.17651],[-73.20972,-12.19502],[-73.20427,-12.21018],[-73.16707,-12.20969],[-73.15772,-12.20783],[-73.1459,-12.2123],[-73.13474,-12.20923],[-73.11675,-12.20816],[-73.10717,-12.20498],[-73.09332,-12.20465],[-73.08811,-12.2015],[-73.08496,-12.18306],[-73.0867,-12.17564],[-73.0816,-12.15458],[-73.06296,-12.15015],[-73.05752,-12.14609],[-73.05543,-12.15246],[-73.04381,-12.15633],[-73.04835,-12.17394],[-73.04069,-12.17663],[-73.03892,-12.1824],[-73.03321,-12.18252],[-73.03046,-12.19526],[-73.02432,-12.19851],[-73.01887,-12.2111],[-73.02048,-12.21679],[-73.0116,-12.22899],[-73.01251,-12.23748],[-73.0086,-12.23997],[-72.99664,-12.22995],[-72.9835,-12.23129],[-72.97796,-12.24118],[-72.96164,-12.24476],[-72.95758,-12.25095],[-72.9457,-12.24668],[-72.94056,-12.23504],[-72.93561,-12.23046],[-72.92457,-12.22858],[-72.91616,-12.22267],[-72.90746,-12.22769],[-72.89912,-12.22568],[-72.8965,-12.23044],[-72.88705,-12.2347],[-72.8772,-12.23134],[-72.86861,-12.22276],[-72.8622,-12.22599],[-72.8456,-12.22602],[-72.84572,-12.23409],[-72.83582,-12.2373],[-72.83086,-12.23098],[-72.81703,-12.23102],[-72.80716,-12.23752],[-72.78148,-12.24173],[-72.75499,-12.24068],[-72.74398,-12.23437],[-72.71399,-12.23102],[-72.70947,-12.23445],[-72.70269,-12.23128],[-72.6955,-12.2329],[-72.68265,-12.22884],[-72.66838,-12.22167],[-72.66029,-12.21515],[-72.65199,-12.21962],[-72.64314,-12.21715],[-72.62942,-12.20209],[-72.60277,-12.20716],[-72.60035,-12.2123],[-72.55215,-12.21237],[-72.54605,-12.21398],[-72.54328,-12.20231],[-72.53682,-12.18778],[-72.50906,-12.19119],[-72.50259,-12.19612],[-72.49156,-12.19952],[-72.47601,-12.19871],[-72.46321,-12.19393],[-72.45954,-12.18858],[-72.44742,-12.18231],[-72.44428,-12.16432],[-72.42966,-12.16618],[-72.42327,-12.16229],[-72.40254,-12.15511],[-72.39828,-12.14093],[-72.3875,-12.13784],[-72.3734,-12.12739],[-72.36403,-12.11782],[-72.35307,-12.11506],[-72.34589,-12.10567],[-72.33389,-12.10606],[-72.32581,-12.10215],[-72.31879,-12.09477],[-72.30644,-12.09515],[-72.29057,-12.09882],[-72.28682,-12.08065],[-72.28023,-12.06312],[-72.28013,-12.05614],[-72.26893,-12.05437],[-72.24441,-12.05875],[-72.23721,-12.05775],[-72.22965,-12.06178],[-72.22187,-12.0601],[-72.20259,-12.06083],[-72.18982,-12.05885],[-72.17373,-12.05981],[-72.14528,-12.06969],[-72.13152,-12.07132],[-72.11638,-12.07883],[-72.09445,-12.08519],[-72.09583,-12.10076],[-72.09265,-12.13228],[-72.08756,-12.14269],[-72.09257,-12.15512],[-72.09924,-12.165],[-72.10021,-12.17166],[-72.09197,-12.19101],[-72.09253,-12.19702],[-72.1014,-12.2171],[-72.10023,-12.22464],[-72.10551,-12.23806],[-72.09253,-12.24005],[-72.08517,-12.24636],[-72.0753,-12.24326],[-72.05644,-12.25728],[-72.04891,-12.25401],[-72.04108,-12.25687],[-72.03384,-12.26504],[-72.02999,-12.2863],[-72.01426,-12.29792],[-71.99089,-12.30601],[-71.9838,-12.31391],[-71.97303,-12.32054],[-71.95883,-12.3201]]]}},{"type":"Feature","properties":{"ubigeo":"080903","nombre":"Huayopata"},"geometry":{"type":"Polygon","coordinates":[[[-72.40062,-13.1727],[-72.41062,-13.16854],[-72.41725,-13.15716],[-72.43639,-13.15162],[-72.44629,-13.14091],[-72.44878,-13.12791],[-72.45996,-13.1219],[-72.46907,-13.12372],[-72.48048,-13.11174],[-72.48201,-13.10444],[-72.49029,-13.09973],[-72.50208,-13.09823],[-72.51133,-13.09415],[-72.52196,-13.09314],[-72.52723,-13.08726],[-72.54206,-13.08235],[-72.55105,-13.09386],[-72.55958,-13.09541],[-72.57016,-13.09291],[-72.5864,-13.09925],[-72.59252,-13.10599],[-72.60072,-13.10674],[-72.59976,-13.10271],[-72.61278,-13.09369],[-72.6193,-13.08523],[-72.62373,-13.07112],[-72.62836,-13.04716],[-72.62769,-13.03795],[-72.61699,-13.01811],[-72.62584,-13.00449],[-72.61302,-13.00732],[-72.60819,-13],[-72.60753,-12.97437],[-72.58925,-12.94789],[-72.57299,-12.94406],[-72.55863,-12.93165],[-72.54314,-12.93516],[-72.52754,-12.94321],[-72.51104,-12.94444],[-72.50286,-12.94875],[-72.49011,-12.94609],[-72.4737,-12.94521],[-72.46221,-12.95277],[-72.46031,-12.96212],[-72.45075,-12.9696],[-72.44749,-12.97623],[-72.4311,-12.97747],[-72.42562,-12.98414],[-72.41555,-12.98165],[-72.40828,-12.99164],[-72.39084,-13.00113],[-72.3887,-13.01002],[-72.37284,-13.01179],[-72.36665,-13.01988],[-72.37503,-13.02876],[-72.36647,-13.03816],[-72.36975,-13.04745],[-72.34859,-13.0563],[-72.34255,-13.06457],[-72.34136,-13.07714],[-72.33194,-13.08717],[-72.32931,-13.10354],[-72.32135,-13.10639],[-72.30556,-13.11715],[-72.30529,-13.13023],[-72.30071,-13.13573],[-72.30347,-13.14239],[-72.31114,-13.14649],[-72.32597,-13.16421],[-72.33593,-13.15874],[-72.34856,-13.1577],[-72.35581,-13.16086],[-72.3668,-13.16067],[-72.37025,-13.16436],[-72.38549,-13.17027],[-72.38955,-13.17413],[-72.40062,-13.1727]]]}},{"type":"Feature","properties":{"ubigeo":"080904","nombre":"Maranura"},"geometry":{"type":"Polygon","coordinates":[[[-72.56539,-12.91887],[-72.55863,-12.93165],[-72.57299,-12.94406],[-72.58925,-12.94789],[-72.60753,-12.97437],[-72.60819,-13],[-72.61302,-13.00732],[-72.62584,-13.00449],[-72.63471,-13.00814],[-72.64019,-13.01474],[-72.64645,-13.00725],[-72.6615,-13.00149],[-72.66432,-12.99501],[-72.6732,-12.99097],[-72.70066,-12.99494],[-72.72145,-12.9779],[-72.71869,-12.96861],[-72.71045,-12.96334],[-72.70769,-12.94505],[-72.71045,-12.93526],[-72.70732,-12.91946],[-72.70204,-12.9192],[-72.67974,-12.92929],[-72.67019,-12.94592],[-72.66499,-12.93814],[-72.66504,-12.91536],[-72.67432,-12.90731],[-72.68616,-12.87765],[-72.68159,-12.86715],[-72.66734,-12.85619],[-72.65683,-12.85557],[-72.64887,-12.86243],[-72.6364,-12.85837],[-72.62703,-12.86799],[-72.6245,-12.87548],[-72.62465,-12.8978],[-72.61433,-12.89235],[-72.60578,-12.89358],[-72.59771,-12.89042],[-72.58806,-12.89272],[-72.5751,-12.91204],[-72.56539,-12.91887]]]}},{"type":"Feature","properties":{"ubigeo":"080905","nombre":"Ocobamba"},"geometry":{"type":"Polygon","coordinates":[[[-72.19063,-13.09615],[-72.19782,-13.10561],[-72.20879,-13.09954],[-72.22157,-13.0994],[-72.22746,-13.10716],[-72.22485,-13.11539],[-72.23167,-13.12629],[-72.22745,-13.13261],[-72.23011,-13.14293],[-72.24619,-13.13876],[-72.25191,-13.13208],[-72.25228,-13.12436],[-72.26799,-13.11915],[-72.27641,-13.12281],[-72.2813,-13.1077],[-72.28811,-13.10533],[-72.29469,-13.10868],[-72.29876,-13.11686],[-72.30556,-13.11715],[-72.32135,-13.10639],[-72.32931,-13.10354],[-72.33194,-13.08717],[-72.34136,-13.07714],[-72.34255,-13.06457],[-72.34859,-13.0563],[-72.36975,-13.04745],[-72.36647,-13.03816],[-72.37503,-13.02876],[-72.36665,-13.01988],[-72.37284,-13.01179],[-72.3887,-13.01002],[-72.39084,-13.00113],[-72.40828,-12.99164],[-72.41555,-12.98165],[-72.42562,-12.98414],[-72.4311,-12.97747],[-72.44749,-12.97623],[-72.45075,-12.9696],[-72.46031,-12.96212],[-72.46221,-12.95277],[-72.4737,-12.94521],[-72.49011,-12.94609],[-72.50286,-12.94875],[-72.51104,-12.94444],[-72.52754,-12.94321],[-72.54314,-12.93516],[-72.55863,-12.93165],[-72.56539,-12.91887],[-72.55018,-12.9137],[-72.54969,-12.9089],[-72.53859,-12.9061],[-72.53414,-12.90202],[-72.53524,-12.8923],[-72.52471,-12.88474],[-72.50941,-12.86675],[-72.5082,-12.8521],[-72.50227,-12.84871],[-72.4996,-12.83568],[-72.49572,-12.83059],[-72.50549,-12.81741],[-72.48533,-12.80499],[-72.47011,-12.80401],[-72.4579,-12.79413],[-72.45242,-12.77473],[-72.45341,-12.76083],[-72.44252,-12.74771],[-72.44557,-12.73881],[-72.43108,-12.7169],[-72.4324,-12.70556],[-72.44398,-12.68984],[-72.43391,-12.67912],[-72.42729,-12.66798],[-72.41864,-12.65878],[-72.38921,-12.64995],[-72.38366,-12.64468],[-72.36993,-12.63926],[-72.36442,-12.64558],[-72.34744,-12.657],[-72.33661,-12.65867],[-72.32209,-12.66876],[-72.33776,-12.67972],[-72.34153,-12.68456],[-72.35296,-12.68664],[-72.35145,-12.69448],[-72.35908,-12.70653],[-72.36289,-12.71856],[-72.36358,-12.74522],[-72.3626,-12.75554],[-72.36625,-12.76754],[-72.36437,-12.78158],[-72.35523,-12.78878],[-72.36117,-12.80471],[-72.36226,-12.82441],[-72.35512,-12.83844],[-72.3544,-12.84658],[-72.34498,-12.85727],[-72.33344,-12.86584],[-72.33824,-12.87807],[-72.33368,-12.88919],[-72.32234,-12.9028],[-72.32017,-12.91479],[-72.31326,-12.91811],[-72.31194,-12.92365],[-72.29995,-12.92879],[-72.29584,-12.9337],[-72.28653,-12.92987],[-72.28042,-12.93855],[-72.26979,-12.93734],[-72.26794,-12.94218],[-72.25907,-12.94173],[-72.24416,-12.95006],[-72.22147,-12.9566],[-72.22283,-12.96227],[-72.21712,-12.96734],[-72.21907,-12.97269],[-72.21477,-12.98218],[-72.21589,-12.99133],[-72.21147,-12.99748],[-72.19965,-13.00409],[-72.18229,-13.00672],[-72.18063,-13.01689],[-72.17001,-13.02322],[-72.17303,-13.04298],[-72.17914,-13.05925],[-72.18436,-13.06238],[-72.18038,-13.07147],[-72.19063,-13.09615]]]}},{"type":"Feature","properties":{"ubigeo":"080906","nombre":"Quellouno"},"geometry":{"type":"Polygon","coordinates":[[[-72.07113,-12.51148],[-72.07539,-12.5176],[-72.08865,-12.51511],[-72.09812,-12.52695],[-72.10747,-12.53287],[-72.11117,-12.54008],[-72.12451,-12.5485],[-72.12035,-12.56878],[-72.12135,-12.57876],[-72.12917,-12.59123],[-72.13538,-12.61697],[-72.14178,-12.6264],[-72.16043,-12.64029],[-72.17915,-12.64773],[-72.18577,-12.65714],[-72.19261,-12.65858],[-72.20319,-12.65613],[-72.21435,-12.66304],[-72.22658,-12.66484],[-72.23731,-12.65944],[-72.25648,-12.65811],[-72.26818,-12.65343],[-72.28396,-12.65566],[-72.31642,-12.64894],[-72.33381,-12.63628],[-72.35136,-12.63214],[-72.36577,-12.63104],[-72.36993,-12.63926],[-72.38366,-12.64468],[-72.38921,-12.64995],[-72.41864,-12.65878],[-72.42729,-12.66798],[-72.43391,-12.67912],[-72.44398,-12.68984],[-72.45496,-12.68934],[-72.47371,-12.68031],[-72.49633,-12.65155],[-72.50607,-12.64506],[-72.52382,-12.62855],[-72.53237,-12.62933],[-72.54055,-12.63623],[-72.55092,-12.63985],[-72.55854,-12.64584],[-72.57077,-12.64774],[-72.57972,-12.6556],[-72.58925,-12.6481],[-72.60806,-12.6517],[-72.62023,-12.65589],[-72.63524,-12.65393],[-72.64687,-12.64068],[-72.64894,-12.63367],[-72.65725,-12.62473],[-72.66856,-12.62372],[-72.67673,-12.61823],[-72.68883,-12.62308],[-72.69665,-12.62071],[-72.70126,-12.60243],[-72.71442,-12.59506],[-72.73256,-12.59417],[-72.73231,-12.58007],[-72.72217,-12.57677],[-72.71894,-12.5808],[-72.7035,-12.57555],[-72.69413,-12.58539],[-72.68103,-12.57573],[-72.68477,-12.55825],[-72.68263,-12.55324],[-72.68871,-12.54233],[-72.69905,-12.53277],[-72.69842,-12.52965],[-72.70706,-12.52047],[-72.70341,-12.50938],[-72.7096,-12.48611],[-72.70418,-12.47779],[-72.71215,-12.46694],[-72.71104,-12.46397],[-72.73673,-12.45327],[-72.74025,-12.44681],[-72.76025,-12.42871],[-72.76007,-12.42062],[-72.76577,-12.41508],[-72.7616,-12.40314],[-72.76721,-12.39524],[-72.76482,-12.39218],[-72.76992,-12.385],[-72.75962,-12.33597],[-72.75196,-12.33593],[-72.73445,-12.3313],[-72.71094,-12.33027],[-72.70289,-12.33179],[-72.69279,-12.32754],[-72.67054,-12.33384],[-72.66304,-12.34023],[-72.65486,-12.341],[-72.64105,-12.3285],[-72.63046,-12.325],[-72.6233,-12.32897],[-72.61583,-12.32632],[-72.60987,-12.33601],[-72.59958,-12.34499],[-72.58055,-12.34853],[-72.56631,-12.35697],[-72.53393,-12.3605],[-72.52742,-12.35337],[-72.50945,-12.34988],[-72.49261,-12.35506],[-72.48554,-12.35216],[-72.46596,-12.3611],[-72.45334,-12.36036],[-72.44912,-12.36433],[-72.43882,-12.36338],[-72.43079,-12.37406],[-72.40335,-12.38175],[-72.38212,-12.38453],[-72.36482,-12.37869],[-72.35891,-12.37894],[-72.34128,-12.39454],[-72.32199,-12.39707],[-72.31517,-12.39306],[-72.31012,-12.39814],[-72.2917,-12.40307],[-72.28338,-12.39731],[-72.26815,-12.40551],[-72.2634,-12.41776],[-72.25702,-12.41548],[-72.25086,-12.42016],[-72.24457,-12.41896],[-72.23881,-12.42425],[-72.22421,-12.43067],[-72.2067,-12.41962],[-72.18907,-12.4317],[-72.1784,-12.44408],[-72.16598,-12.44838],[-72.15295,-12.45868],[-72.13979,-12.45922],[-72.13614,-12.46572],[-72.12936,-12.46849],[-72.12432,-12.47578],[-72.11371,-12.47474],[-72.11417,-12.48604],[-72.10224,-12.49792],[-72.08649,-12.49129],[-72.07896,-12.49863],[-72.07113,-12.51148]]]}},{"type":"Feature","properties":{"ubigeo":"080907","nombre":"Kimbiri"},"geometry":{"type":"Polygon","coordinates":[[[-73.66587,-12.71043],[-73.67987,-12.69551],[-73.68246,-12.68781],[-73.6923,-12.68804],[-73.69675,-12.68443],[-73.69833,-12.67213],[-73.70812,-12.66875],[-73.71749,-12.65854],[-73.72555,-12.63665],[-73.73597,-12.63915],[-73.74342,-12.65153],[-73.75152,-12.65252],[-73.76004,-12.64965],[-73.77029,-12.64283],[-73.78582,-12.62344],[-73.79605,-12.61893],[-73.80117,-12.61302],[-73.80095,-12.59901],[-73.80459,-12.59451],[-73.80314,-12.58637],[-73.80511,-12.57527],[-73.79797,-12.56095],[-73.77773,-12.55112],[-73.76662,-12.55451],[-73.75429,-12.54983],[-73.74558,-12.52835],[-73.73602,-12.51425],[-73.72335,-12.51671],[-73.70821,-12.50995],[-73.72513,-12.47802],[-73.72575,-12.47039],[-73.71864,-12.46092],[-73.71804,-12.45439],[-73.71036,-12.44034],[-73.68337,-12.42408],[-73.67849,-12.4132],[-73.67401,-12.41118],[-73.67348,-12.40293],[-73.66841,-12.39554],[-73.66899,-12.38959],[-73.65603,-12.38432],[-73.64448,-12.37205],[-73.63363,-12.37901],[-73.62882,-12.37383],[-73.60721,-12.38025],[-73.60376,-12.38699],[-73.59323,-12.39682],[-73.5902,-12.39503],[-73.58104,-12.40164],[-73.5838,-12.41076],[-73.58159,-12.42567],[-73.56799,-12.43224],[-73.56101,-12.44054],[-73.56293,-12.45832],[-73.57084,-12.46211],[-73.57338,-12.47055],[-73.58277,-12.47403],[-73.59051,-12.46956],[-73.59267,-12.47705],[-73.61294,-12.50637],[-73.64083,-12.50035],[-73.65042,-12.50328],[-73.64835,-12.51721],[-73.6402,-12.51939],[-73.63692,-12.52737],[-73.62514,-12.53717],[-73.61361,-12.53996],[-73.6087,-12.53498],[-73.5862,-12.54347],[-73.58799,-12.55787],[-73.59438,-12.56519],[-73.59762,-12.57877],[-73.59379,-12.59055],[-73.59815,-12.59615],[-73.59399,-12.60783],[-73.58539,-12.62152],[-73.58353,-12.63391],[-73.54387,-12.64955],[-73.55519,-12.65564],[-73.57048,-12.65796],[-73.58969,-12.666],[-73.59556,-12.6637],[-73.60198,-12.67245],[-73.60847,-12.67173],[-73.61128,-12.67945],[-73.62564,-12.69027],[-73.62894,-12.6985],[-73.63846,-12.70249],[-73.64376,-12.70087],[-73.66587,-12.71043]]]}},{"type":"Feature","properties":{"ubigeo":"080908","nombre":"Santa Teresa"},"geometry":{"type":"Polygon","coordinates":[[[-72.54668,-13.33261],[-72.55852,-13.33659],[-72.5651,-13.35032],[-72.57866,-13.36158],[-72.59379,-13.36062],[-72.61225,-13.37887],[-72.61438,-13.38362],[-72.62972,-13.37465],[-72.65253,-13.39659],[-72.6671,-13.40319],[-72.67542,-13.40257],[-72.68534,-13.40667],[-72.69493,-13.421],[-72.71103,-13.4153],[-72.72208,-13.40472],[-72.73059,-13.41248],[-72.7444,-13.41534],[-72.75462,-13.42188],[-72.76133,-13.42963],[-72.76719,-13.44235],[-72.77286,-13.44888],[-72.78065,-13.45654],[-72.78946,-13.45792],[-72.79702,-13.45124],[-72.793,-13.43631],[-72.79341,-13.42612],[-72.80575,-13.42194],[-72.81626,-13.42652],[-72.8264,-13.42182],[-72.83827,-13.42707],[-72.85907,-13.41864],[-72.86579,-13.41588],[-72.88631,-13.41587],[-72.88991,-13.40799],[-72.88884,-13.39943],[-72.89813,-13.38792],[-72.90252,-13.37447],[-72.91217,-13.36701],[-72.92098,-13.36533],[-72.93043,-13.35922],[-72.94142,-13.33761],[-72.95104,-13.33174],[-72.95172,-13.31775],[-72.95765,-13.30293],[-72.96463,-13.27962],[-72.96191,-13.27333],[-72.9615,-13.25975],[-72.94943,-13.25656],[-72.93964,-13.2488],[-72.93219,-13.2495],[-72.93048,-13.24281],[-72.91496,-13.24514],[-72.91064,-13.22874],[-72.89458,-13.22446],[-72.88802,-13.22603],[-72.87931,-13.22265],[-72.87355,-13.23805],[-72.86332,-13.24338],[-72.85671,-13.23905],[-72.84613,-13.21324],[-72.83615,-13.21775],[-72.81727,-13.24225],[-72.80869,-13.23405],[-72.80798,-13.22776],[-72.79852,-13.20797],[-72.7981,-13.19915],[-72.78937,-13.19756],[-72.77633,-13.18726],[-72.77406,-13.17723],[-72.78296,-13.16435],[-72.7879,-13.1623],[-72.78978,-13.14997],[-72.81565,-13.12437],[-72.83149,-13.11207],[-72.82912,-13.09963],[-72.83112,-13.08894],[-72.82431,-13.07206],[-72.82582,-13.05985],[-72.83105,-13.04922],[-72.82387,-13.03844],[-72.7933,-13.0439],[-72.78033,-13.04248],[-72.77176,-13.03772],[-72.74231,-13.03277],[-72.72128,-13.02347],[-72.71488,-13.02681],[-72.71208,-13.03434],[-72.70235,-13.04118],[-72.68342,-13.02852],[-72.6789,-13.02254],[-72.66645,-13.01312],[-72.65308,-13.01205],[-72.64645,-13.00725],[-72.64019,-13.01474],[-72.63471,-13.00814],[-72.62584,-13.00449],[-72.61699,-13.01811],[-72.62769,-13.03795],[-72.62836,-13.04716],[-72.62373,-13.07112],[-72.6193,-13.08523],[-72.61278,-13.09369],[-72.59976,-13.10271],[-72.60072,-13.10674],[-72.5887,-13.13618],[-72.58,-13.1453],[-72.58153,-13.15313],[-72.57942,-13.17256],[-72.56656,-13.17527],[-72.57141,-13.18741],[-72.57072,-13.19339],[-72.56395,-13.20377],[-72.56437,-13.21228],[-72.55172,-13.21887],[-72.55442,-13.23008],[-72.55157,-13.26129],[-72.55558,-13.27239],[-72.55512,-13.27902],[-72.54434,-13.30465],[-72.54668,-13.33261]]]}},{"type":"Feature","properties":{"ubigeo":"080909","nombre":"Vilcabamba"},"geometry":{"type":"Polygon","coordinates":[[[-72.72145,-12.9779],[-72.70066,-12.99494],[-72.6732,-12.99097],[-72.66432,-12.99501],[-72.6615,-13.00149],[-72.64645,-13.00725],[-72.65308,-13.01205],[-72.66645,-13.01312],[-72.6789,-13.02254],[-72.68342,-13.02852],[-72.70235,-13.04118],[-72.71208,-13.03434],[-72.71488,-13.02681],[-72.72128,-13.02347],[-72.74231,-13.03277],[-72.77176,-13.03772],[-72.78033,-13.04248],[-72.7933,-13.0439],[-72.82387,-13.03844],[-72.83105,-13.04922],[-72.82582,-13.05985],[-72.82431,-13.07206],[-72.83112,-13.08894],[-72.82912,-13.09963],[-72.83149,-13.11207],[-72.81565,-13.12437],[-72.78978,-13.14997],[-72.7879,-13.1623],[-72.78296,-13.16435],[-72.77406,-13.17723],[-72.77633,-13.18726],[-72.78937,-13.19756],[-72.7981,-13.19915],[-72.79852,-13.20797],[-72.80798,-13.22776],[-72.80869,-13.23405],[-72.81727,-13.24225],[-72.83615,-13.21775],[-72.84613,-13.21324],[-72.85671,-13.23905],[-72.86332,-13.24338],[-72.87355,-13.23805],[-72.87931,-13.22265],[-72.88802,-13.22603],[-72.89458,-13.22446],[-72.91064,-13.22874],[-72.91496,-13.24514],[-72.93048,-13.24281],[-72.93219,-13.2495],[-72.93964,-13.2488],[-72.94943,-13.25656],[-72.9615,-13.25975],[-72.96191,-13.27333],[-72.96463,-13.27962],[-72.95765,-13.30293],[-72.95172,-13.31775],[-72.95104,-13.33174],[-72.94142,-13.33761],[-72.93043,-13.35922],[-72.92098,-13.36533],[-72.91217,-13.36701],[-72.90252,-13.37447],[-72.89813,-13.38792],[-72.90924,-13.38928],[-72.91031,-13.38476],[-72.92596,-13.38307],[-72.94341,-13.38622],[-72.95191,-13.38961],[-72.97649,-13.3882],[-72.9856,-13.39786],[-72.98763,-13.40429],[-72.99988,-13.41082],[-73.00471,-13.42039],[-73.01513,-13.42667],[-73.02802,-13.41982],[-73.01599,-13.41658],[-73.01599,-13.39668],[-73.01831,-13.38575],[-73.01506,-13.37942],[-73.02524,-13.3672],[-73.02864,-13.34219],[-73.04696,-13.32908],[-73.05212,-13.33525],[-73.05873,-13.32657],[-73.05944,-13.31381],[-73.07076,-13.30398],[-73.06673,-13.29122],[-73.07239,-13.27908],[-73.06882,-13.2676],[-73.07945,-13.26381],[-73.07558,-13.25803],[-73.09191,-13.2472],[-73.08808,-13.23835],[-73.09576,-13.22348],[-73.10799,-13.2199],[-73.11592,-13.22281],[-73.12794,-13.21844],[-73.13643,-13.22152],[-73.13894,-13.23113],[-73.14646,-13.23583],[-73.1521,-13.23248],[-73.15241,-13.22646],[-73.17105,-13.22025],[-73.18313,-13.23116],[-73.19635,-13.22902],[-73.20056,-13.23221],[-73.21344,-13.22612],[-73.22583,-13.20477],[-73.23468,-13.20056],[-73.24174,-13.20681],[-73.25009,-13.20364],[-73.25515,-13.20861],[-73.25896,-13.20607],[-73.27065,-13.20872],[-73.28151,-13.20749],[-73.29301,-13.19332],[-73.29928,-13.1768],[-73.30991,-13.17483],[-73.31815,-13.16927],[-73.33701,-13.1637],[-73.35107,-13.16667],[-73.35641,-13.16367],[-73.35833,-13.14522],[-73.36434,-13.13624],[-73.3884,-13.1246],[-73.40412,-13.12576],[-73.41203,-13.12217],[-73.42155,-13.12248],[-73.43158,-13.12645],[-73.45459,-13.12189],[-73.44934,-13.11553],[-73.43595,-13.11821],[-73.42747,-13.11669],[-73.41669,-13.10347],[-73.41069,-13.09916],[-73.39728,-13.09759],[-73.38167,-13.10205],[-73.36834,-13.11251],[-73.35499,-13.1142],[-73.32633,-13.13213],[-73.31328,-13.13397],[-73.30348,-13.13058],[-73.28368,-13.13176],[-73.27265,-13.12974],[-73.25877,-13.13108],[-73.23556,-13.1395],[-73.19791,-13.13662],[-73.19477,-13.132],[-73.19657,-13.11621],[-73.18094,-13.09288],[-73.1729,-13.08945],[-73.17598,-13.0839],[-73.18531,-13.07999],[-73.19344,-13.07061],[-73.20582,-13.06992],[-73.21876,-13.05653],[-73.22051,-13.04709],[-73.21207,-13.0394],[-73.22101,-13.01014],[-73.22985,-13.00213],[-73.23661,-13.00388],[-73.24955,-13.0007],[-73.25461,-13.01101],[-73.26362,-13.01345],[-73.26893,-12.99813],[-73.28362,-12.99532],[-73.29408,-12.98669],[-73.28918,-12.98116],[-73.29532,-12.95598],[-73.30952,-12.94826],[-73.30333,-12.93721],[-73.30691,-12.9255],[-73.29478,-12.90773],[-73.29084,-12.90873],[-73.28012,-12.90242],[-73.26631,-12.90589],[-73.25272,-12.90157],[-73.24383,-12.88254],[-73.23445,-12.88111],[-73.23978,-12.85522],[-73.2251,-12.83531],[-73.22914,-12.80785],[-73.22118,-12.79687],[-73.21275,-12.79729],[-73.20758,-12.7925],[-73.20565,-12.78226],[-73.19391,-12.773],[-73.19428,-12.76571],[-73.20158,-12.75604],[-73.20212,-12.74411],[-73.19722,-12.73873],[-73.19674,-12.73109],[-73.19181,-12.72181],[-73.16285,-12.70818],[-73.15158,-12.70677],[-73.13773,-12.69893],[-73.12211,-12.68571],[-73.11421,-12.67529],[-73.11411,-12.66717],[-73.10225,-12.67522],[-73.09201,-12.66963],[-73.08186,-12.65889],[-73.06377,-12.66919],[-73.06126,-12.68848],[-73.06692,-12.69822],[-73.06706,-12.71052],[-73.06377,-12.7178],[-73.07007,-12.72909],[-73.06664,-12.73979],[-73.06516,-12.75529],[-73.06792,-12.76901],[-73.06423,-12.77499],[-73.06299,-12.79401],[-73.05622,-12.80799],[-73.05911,-12.824],[-73.03843,-12.84167],[-73.02057,-12.84382],[-73.00892,-12.85633],[-72.9997,-12.85891],[-72.99385,-12.86414],[-72.99197,-12.88236],[-72.98621,-12.88224],[-72.97488,-12.88766],[-72.96657,-12.89616],[-72.97088,-12.90817],[-72.97182,-12.92381],[-72.98418,-12.93267],[-72.9755,-12.94486],[-72.97935,-12.96455],[-72.98757,-12.97928],[-72.99785,-12.98636],[-72.99964,-12.9948],[-72.99342,-12.99966],[-72.98905,-13.0145],[-72.98203,-13.01309],[-72.97212,-13.01559],[-72.96001,-13.01135],[-72.95792,-13.00653],[-72.94744,-13.00164],[-72.93013,-13.00203],[-72.91928,-12.9915],[-72.91269,-12.9922],[-72.904,-12.98341],[-72.89627,-12.99016],[-72.88516,-12.98156],[-72.88053,-12.98292],[-72.87492,-12.97731],[-72.86272,-12.97776],[-72.85711,-12.96398],[-72.84946,-12.97351],[-72.84205,-12.97743],[-72.83444,-12.97242],[-72.82454,-12.97192],[-72.82172,-12.96813],[-72.80855,-12.98098],[-72.79657,-12.98294],[-72.77816,-12.98252],[-72.77627,-12.98758],[-72.76706,-12.98795],[-72.7605,-12.98301],[-72.74679,-12.98649],[-72.72145,-12.9779]]]}},{"type":"Feature","properties":{"ubigeo":"080910","nombre":"Pichari"},"geometry":{"type":"Polygon","coordinates":[[[-73.64448,-12.37205],[-73.65603,-12.38432],[-73.66899,-12.38959],[-73.66841,-12.39554],[-73.67348,-12.40293],[-73.67401,-12.41118],[-73.67849,-12.4132],[-73.68337,-12.42408],[-73.71036,-12.44034],[-73.71804,-12.45439],[-73.71864,-12.46092],[-73.72575,-12.47039],[-73.72513,-12.47802],[-73.70821,-12.50995],[-73.72335,-12.51671],[-73.73602,-12.51425],[-73.74558,-12.52835],[-73.75429,-12.54983],[-73.76662,-12.55451],[-73.77773,-12.55112],[-73.79797,-12.56095],[-73.80511,-12.57527],[-73.81285,-12.55702],[-73.82184,-12.54597],[-73.82239,-12.53726],[-73.83093,-12.53078],[-73.84581,-12.53913],[-73.85536,-12.5299],[-73.85288,-12.52303],[-73.85501,-12.51284],[-73.85222,-12.49999],[-73.85471,-12.48752],[-73.86859,-12.46396],[-73.87746,-12.43727],[-73.88081,-12.42084],[-73.88679,-12.4054],[-73.89993,-12.40296],[-73.90529,-12.3933],[-73.92104,-12.38252],[-73.91328,-12.37659],[-73.90421,-12.38037],[-73.89931,-12.37733],[-73.88603,-12.37812],[-73.87134,-12.37238],[-73.85543,-12.38153],[-73.83906,-12.3816],[-73.82226,-12.38561],[-73.81315,-12.38142],[-73.81534,-12.38643],[-73.79998,-12.37895],[-73.79193,-12.38734],[-73.77662,-12.3902],[-73.76103,-12.40453],[-73.73893,-12.40887],[-73.73733,-12.39003],[-73.73333,-12.37784],[-73.72619,-12.37423],[-73.71597,-12.35199],[-73.71241,-12.35178],[-73.71351,-12.34257],[-73.72368,-12.33575],[-73.72825,-12.32515],[-73.73554,-12.31861],[-73.76274,-12.30755],[-73.78683,-12.2941],[-73.81245,-12.2839],[-73.80845,-12.27619],[-73.79562,-12.26228],[-73.77898,-12.26278],[-73.76141,-12.25325],[-73.752,-12.25542],[-73.73694,-12.26679],[-73.72274,-12.26376],[-73.70781,-12.26791],[-73.69088,-12.291],[-73.68907,-12.29941],[-73.67513,-12.31492],[-73.66496,-12.32113],[-73.65988,-12.32972],[-73.66078,-12.33671],[-73.65598,-12.35166],[-73.65833,-12.35735],[-73.65129,-12.36104],[-73.64448,-12.37205]]]}},{"type":"Feature","properties":{"ubigeo":"080911","nombre":"Inkawasi"},"geometry":{"type":"Polygon","coordinates":[[[-73.16016,-13.44334],[-73.16754,-13.45228],[-73.17619,-13.45121],[-73.18612,-13.44113],[-73.18408,-13.43191],[-73.18974,-13.42736],[-73.18635,-13.41906],[-73.20442,-13.41173],[-73.21188,-13.41906],[-73.22768,-13.41078],[-73.23611,-13.41114],[-73.25022,-13.40225],[-73.2526,-13.39273],[-73.25813,-13.39513],[-73.25985,-13.38454],[-73.27135,-13.38057],[-73.27791,-13.37242],[-73.28735,-13.37194],[-73.28958,-13.35499],[-73.29635,-13.35473],[-73.30454,-13.34883],[-73.3036,-13.34263],[-73.31242,-13.33659],[-73.3114,-13.32589],[-73.31959,-13.3226],[-73.32966,-13.30862],[-73.34075,-13.31191],[-73.34836,-13.29824],[-73.3411,-13.29127],[-73.34985,-13.29285],[-73.34621,-13.27844],[-73.35314,-13.2699],[-73.36435,-13.26943],[-73.36984,-13.25934],[-73.3712,-13.24548],[-73.38108,-13.24027],[-73.38232,-13.22487],[-73.39861,-13.21084],[-73.40983,-13.21133],[-73.41474,-13.19716],[-73.41112,-13.19301],[-73.40397,-13.189],[-73.40269,-13.18069],[-73.40945,-13.17368],[-73.40752,-13.16291],[-73.41582,-13.15288],[-73.41466,-13.14509],[-73.42191,-13.13239],[-73.42729,-13.13181],[-73.43185,-13.1394],[-73.43914,-13.12827],[-73.45459,-13.12189],[-73.43158,-13.12645],[-73.42155,-13.12248],[-73.41203,-13.12217],[-73.40412,-13.12576],[-73.3884,-13.1246],[-73.36434,-13.13624],[-73.35833,-13.14522],[-73.35641,-13.16367],[-73.35107,-13.16667],[-73.33701,-13.1637],[-73.31815,-13.16927],[-73.30991,-13.17483],[-73.29928,-13.1768],[-73.29301,-13.19332],[-73.28151,-13.20749],[-73.27065,-13.20872],[-73.25896,-13.20607],[-73.25515,-13.20861],[-73.25009,-13.20364],[-73.24174,-13.20681],[-73.23468,-13.20056],[-73.22583,-13.20477],[-73.21344,-13.22612],[-73.20056,-13.23221],[-73.19635,-13.22902],[-73.18313,-13.23116],[-73.17105,-13.22025],[-73.15241,-13.22646],[-73.1521,-13.23248],[-73.14646,-13.23583],[-73.13894,-13.23113],[-73.13643,-13.22152],[-73.12794,-13.21844],[-73.11592,-13.22281],[-73.10799,-13.2199],[-73.09576,-13.22348],[-73.08808,-13.23835],[-73.09191,-13.2472],[-73.07558,-13.25803],[-73.07945,-13.26381],[-73.06882,-13.2676],[-73.07239,-13.27908],[-73.06673,-13.29122],[-73.07076,-13.30398],[-73.05944,-13.31381],[-73.05873,-13.32657],[-73.05212,-13.33525],[-73.04696,-13.32908],[-73.02864,-13.34219],[-73.02524,-13.3672],[-73.01506,-13.37942],[-73.01831,-13.38575],[-73.01599,-13.39668],[-73.01599,-13.41658],[-73.02802,-13.41982],[-73.03157,-13.41354],[-73.04405,-13.41196],[-73.0588,-13.43655],[-73.07488,-13.44306],[-73.08801,-13.44417],[-73.10338,-13.44859],[-73.10888,-13.43574],[-73.12609,-13.44005],[-73.14411,-13.41912],[-73.14987,-13.42328],[-73.14865,-13.43521],[-73.15772,-13.43737],[-73.16016,-13.44334]]]}},{"type":"Feature","properties":{"ubigeo":"080912","nombre":"Villa Virgen"},"geometry":{"type":"Polygon","coordinates":[[[-73.44934,-13.11553],[-73.44447,-13.10211],[-73.45375,-13.09774],[-73.45585,-13.0913],[-73.44884,-13.08028],[-73.46193,-13.07998],[-73.46539,-13.06731],[-73.47597,-13.05736],[-73.48087,-13.05643],[-73.48436,-13.06726],[-73.48913,-13.06779],[-73.49076,-13.04371],[-73.48088,-13.03885],[-73.47797,-13.03226],[-73.47986,-13.01907],[-73.47735,-13.00056],[-73.48866,-12.99941],[-73.49968,-13.01019],[-73.51701,-13.00712],[-73.52181,-12.99825],[-73.5138,-13],[-73.50829,-12.98276],[-73.5,-12.98137],[-73.49375,-12.97606],[-73.48277,-12.98134],[-73.46626,-12.97926],[-73.45166,-12.98902],[-73.43909,-12.98651],[-73.43189,-12.99255],[-73.41466,-12.98764],[-73.41624,-12.98141],[-73.39945,-12.9709],[-73.38547,-12.96492],[-73.37907,-12.9655],[-73.37128,-12.957],[-73.35543,-12.98898],[-73.3428,-12.98975],[-73.34001,-12.99486],[-73.3272,-12.98923],[-73.31938,-12.99631],[-73.30366,-12.99329],[-73.29408,-12.98669],[-73.28362,-12.99532],[-73.26893,-12.99813],[-73.26362,-13.01345],[-73.25461,-13.01101],[-73.24955,-13.0007],[-73.23661,-13.00388],[-73.22985,-13.00213],[-73.22101,-13.01014],[-73.21207,-13.0394],[-73.22051,-13.04709],[-73.21876,-13.05653],[-73.20582,-13.06992],[-73.19344,-13.07061],[-73.18531,-13.07999],[-73.17598,-13.0839],[-73.1729,-13.08945],[-73.18094,-13.09288],[-73.19657,-13.11621],[-73.19477,-13.132],[-73.19791,-13.13662],[-73.23556,-13.1395],[-73.25877,-13.13108],[-73.27265,-13.12974],[-73.28368,-13.13176],[-73.30348,-13.13058],[-73.31328,-13.13397],[-73.32633,-13.13213],[-73.35499,-13.1142],[-73.36834,-13.11251],[-73.38167,-13.10205],[-73.39728,-13.09759],[-73.41069,-13.09916],[-73.41669,-13.10347],[-73.42747,-13.11669],[-73.43595,-13.11821],[-73.44934,-13.11553]]]}},{"type":"Feature","properties":{"ubigeo":"080913","nombre":"Villa Kintiarina"},"geometry":{"type":"Polygon","coordinates":[[[-73.37128,-12.957],[-73.37907,-12.9655],[-73.38547,-12.96492],[-73.39945,-12.9709],[-73.41624,-12.98141],[-73.41466,-12.98764],[-73.43189,-12.99255],[-73.43909,-12.98651],[-73.45166,-12.98902],[-73.46626,-12.97926],[-73.48277,-12.98134],[-73.49375,-12.97606],[-73.5,-12.98137],[-73.50829,-12.98276],[-73.5138,-13],[-73.52181,-12.99825],[-73.52166,-12.99069],[-73.53003,-12.98527],[-73.50804,-12.9719],[-73.50679,-12.96735],[-73.51068,-12.95543],[-73.50893,-12.94949],[-73.5009,-12.94657],[-73.49608,-12.93847],[-73.49967,-12.93048],[-73.50921,-12.93272],[-73.52227,-12.93894],[-73.52985,-12.93196],[-73.5335,-12.92442],[-73.53257,-12.91748],[-73.52243,-12.90754],[-73.52368,-12.89948],[-73.53216,-12.89289],[-73.56065,-12.86887],[-73.57705,-12.86109],[-73.57546,-12.85357],[-73.5591,-12.85254],[-73.53882,-12.84367],[-73.51857,-12.81961],[-73.51234,-12.81931],[-73.49812,-12.82659],[-73.49457,-12.83567],[-73.48354,-12.83654],[-73.47294,-12.84277],[-73.46313,-12.84081],[-73.4367,-12.84716],[-73.43278,-12.85455],[-73.44337,-12.86364],[-73.44223,-12.87047],[-73.43086,-12.88176],[-73.42695,-12.89733],[-73.4313,-12.90353],[-73.43057,-12.91143],[-73.41665,-12.92399],[-73.41353,-12.93541],[-73.41466,-12.95214],[-73.41157,-12.95459],[-73.39117,-12.95684],[-73.38056,-12.95187],[-73.37128,-12.957]]]}},{"type":"Feature","properties":{"ubigeo":"080914","nombre":"Megantoni"},"geometry":{"type":"Polygon","coordinates":[[[-72.26893,-12.05437],[-72.28013,-12.05614],[-72.28023,-12.06312],[-72.28682,-12.08065],[-72.29057,-12.09882],[-72.30644,-12.09515],[-72.31879,-12.09477],[-72.32581,-12.10215],[-72.33389,-12.10606],[-72.34589,-12.10567],[-72.35307,-12.11506],[-72.36403,-12.11782],[-72.3734,-12.12739],[-72.3875,-12.13784],[-72.39828,-12.14093],[-72.40254,-12.15511],[-72.42327,-12.16229],[-72.42966,-12.16618],[-72.44428,-12.16432],[-72.44742,-12.18231],[-72.45954,-12.18858],[-72.46321,-12.19393],[-72.47601,-12.19871],[-72.49156,-12.19952],[-72.50259,-12.19612],[-72.50906,-12.19119],[-72.53682,-12.18778],[-72.54328,-12.20231],[-72.54605,-12.21398],[-72.55215,-12.21237],[-72.60035,-12.2123],[-72.60277,-12.20716],[-72.62942,-12.20209],[-72.64314,-12.21715],[-72.65199,-12.21962],[-72.66029,-12.21515],[-72.66838,-12.22167],[-72.68265,-12.22884],[-72.6955,-12.2329],[-72.70269,-12.23128],[-72.70947,-12.23445],[-72.71399,-12.23102],[-72.74398,-12.23437],[-72.75499,-12.24068],[-72.78148,-12.24173],[-72.80716,-12.23752],[-72.81703,-12.23102],[-72.83086,-12.23098],[-72.83582,-12.2373],[-72.84572,-12.23409],[-72.8456,-12.22602],[-72.8622,-12.22599],[-72.86861,-12.22276],[-72.8772,-12.23134],[-72.88705,-12.2347],[-72.8965,-12.23044],[-72.89912,-12.22568],[-72.90746,-12.22769],[-72.91616,-12.22267],[-72.92457,-12.22858],[-72.93561,-12.23046],[-72.94056,-12.23504],[-72.9457,-12.24668],[-72.95758,-12.25095],[-72.96164,-12.24476],[-72.97796,-12.24118],[-72.9835,-12.23129],[-72.99664,-12.22995],[-73.0086,-12.23997],[-73.01251,-12.23748],[-73.0116,-12.22899],[-73.02048,-12.21679],[-73.01887,-12.2111],[-73.02432,-12.19851],[-73.03046,-12.19526],[-73.03321,-12.18252],[-73.03892,-12.1824],[-73.04069,-12.17663],[-73.04835,-12.17394],[-73.04381,-12.15633],[-73.05543,-12.15246],[-73.05752,-12.14609],[-73.06296,-12.15015],[-73.0816,-12.15458],[-73.0867,-12.17564],[-73.08496,-12.18306],[-73.08811,-12.2015],[-73.09332,-12.20465],[-73.10717,-12.20498],[-73.11675,-12.20816],[-73.13474,-12.20923],[-73.1459,-12.2123],[-73.15772,-12.20783],[-73.16707,-12.20969],[-73.20427,-12.21018],[-73.20972,-12.19502],[-73.21239,-12.17651],[-73.21827,-12.16949],[-73.21428,-12.14937],[-73.20943,-12.14683],[-73.20985,-12.13834],[-73.2177,-12.12859],[-73.22844,-12.12124],[-73.23237,-12.11481],[-73.24992,-12.10655],[-73.25196,-12.08975],[-73.2506,-12.07545],[-73.25732,-12.07144],[-73.25935,-12.05878],[-73.27346,-12.05611],[-73.27314,-12.04941],[-73.26605,-12.03634],[-73.2757,-12.02886],[-73.27648,-12.01407],[-73.2894,-12.00921],[-73.28994,-11.99408],[-73.28595,-11.99025],[-73.28528,-11.98092],[-73.28903,-11.97671],[-73.28785,-11.96622],[-73.29893,-11.96572],[-73.30416,-11.95678],[-73.31951,-11.96103],[-73.33316,-11.95853],[-73.3366,-11.94334],[-73.32741,-11.93389],[-73.32204,-11.91821],[-73.32858,-11.89751],[-73.3203,-11.88103],[-73.32475,-11.87035],[-73.33537,-11.86553],[-73.3393,-11.85819],[-73.35462,-11.84613],[-73.35458,-11.83761],[-73.34665,-11.83087],[-73.34503,-11.81039],[-73.34638,-11.79528],[-73.35605,-11.78538],[-73.35478,-11.77782],[-73.35862,-11.77007],[-73.35578,-11.75748],[-73.35814,-11.74828],[-73.36834,-11.74714],[-73.37436,-11.7357],[-73.38204,-11.72964],[-73.39457,-11.72409],[-73.39074,-11.71546],[-73.39144,-11.6986],[-73.38483,-11.68744],[-73.38097,-11.66564],[-73.38718,-11.65839],[-73.39472,-11.65676],[-73.39998,-11.64818],[-73.40985,-11.64201],[-73.41341,-11.6339],[-73.42913,-11.62107],[-73.43181,-11.59848],[-73.43612,-11.58618],[-73.43458,-11.57948],[-73.43863,-11.57029],[-73.44852,-11.55982],[-73.47243,-11.5473],[-73.47779,-11.53908],[-73.45564,-11.5357],[-73.44973,-11.53194],[-73.45381,-11.50533],[-73.46904,-11.48227],[-73.47972,-11.47136],[-73.47453,-11.46215],[-73.47672,-11.45893],[-73.46905,-11.44522],[-73.45584,-11.4402],[-73.45258,-11.42473],[-73.44586,-11.42062],[-73.4433,-11.40968],[-73.4301,-11.39992],[-73.41975,-11.38394],[-73.40856,-11.38598],[-73.40164,-11.37585],[-73.39628,-11.37741],[-73.38626,-11.37127],[-73.37866,-11.35074],[-73.36011,-11.34011],[-73.35168,-11.33234],[-73.34617,-11.31345],[-73.33337,-11.30899],[-73.31864,-11.30748],[-73.30806,-11.30943],[-73.29688,-11.30837],[-73.29101,-11.31206],[-73.2689,-11.3097],[-73.25745,-11.31271],[-73.24518,-11.30814],[-73.23713,-11.29951],[-73.21319,-11.29908],[-73.2033,-11.28999],[-73.19145,-11.29208],[-73.18646,-11.28598],[-73.17204,-11.28914],[-73.1684,-11.29332],[-73.15868,-11.29092],[-73.13166,-11.29393],[-73.10425,-11.2827],[-73.0945,-11.27593],[-73.08214,-11.27328],[-73.06774,-11.28459],[-73.05068,-11.27733],[-73.04131,-11.27558],[-73.03903,-11.27131],[-73.02458,-11.26312],[-73.01857,-11.23417],[-73.00269,-11.22437],[-72.98661,-11.21813],[-72.97706,-11.21229],[-72.96789,-11.21582],[-72.97548,-11.22435],[-72.97422,-11.25068],[-72.96912,-11.25211],[-72.96858,-11.26412],[-72.96551,-11.26843],[-72.95539,-11.26377],[-72.95357,-11.27472],[-72.94561,-11.27514],[-72.93913,-11.28208],[-72.93709,-11.29275],[-72.95308,-11.29418],[-72.95472,-11.30547],[-72.93346,-11.30427],[-72.93228,-11.30948],[-72.94197,-11.3225],[-72.94443,-11.30987],[-72.96074,-11.31639],[-72.95197,-11.32037],[-72.95213,-11.32827],[-72.96527,-11.33028],[-72.95906,-11.33473],[-72.95191,-11.33063],[-72.94474,-11.33991],[-72.9374,-11.33265],[-72.92585,-11.32731],[-72.92133,-11.33523],[-72.93367,-11.34381],[-72.93284,-11.35038],[-72.92005,-11.35494],[-72.92637,-11.34825],[-72.92237,-11.34338],[-72.90988,-11.35177],[-72.89405,-11.35796],[-72.89496,-11.34838],[-72.89187,-11.3431],[-72.89035,-11.35094],[-72.88371,-11.35765],[-72.87654,-11.35477],[-72.87706,-11.36431],[-72.86976,-11.35705],[-72.8615,-11.35469],[-72.85205,-11.36528],[-72.8451,-11.36257],[-72.8437,-11.37349],[-72.83878,-11.37042],[-72.83349,-11.37866],[-72.84092,-11.38018],[-72.84246,-11.38684],[-72.83445,-11.38615],[-72.82178,-11.38963],[-72.82376,-11.3819],[-72.81706,-11.37527],[-72.81332,-11.3799],[-72.80707,-11.37643],[-72.80189,-11.38559],[-72.79876,-11.38436],[-72.79626,-11.37123],[-72.79971,-11.36674],[-72.79034,-11.36579],[-72.79064,-11.37302],[-72.79627,-11.3794],[-72.79429,-11.38429],[-72.7847,-11.37596],[-72.77568,-11.37575],[-72.76335,-11.37161],[-72.75639,-11.36194],[-72.74957,-11.35901],[-72.73824,-11.34743],[-72.73415,-11.35198],[-72.72424,-11.35006],[-72.7218,-11.36146],[-72.71768,-11.36211],[-72.71851,-11.35099],[-72.71417,-11.3474],[-72.70726,-11.35221],[-72.71446,-11.35862],[-72.70656,-11.38151],[-72.69862,-11.38041],[-72.68861,-11.39683],[-72.68002,-11.38897],[-72.6644,-11.38719],[-72.66455,-11.39382],[-72.65032,-11.39831],[-72.64557,-11.41277],[-72.63984,-11.40627],[-72.63212,-11.4064],[-72.63254,-11.41518],[-72.62312,-11.41282],[-72.6174,-11.41933],[-72.62433,-11.42561],[-72.60735,-11.43015],[-72.61084,-11.43829],[-72.60656,-11.43951],[-72.60321,-11.43261],[-72.60479,-11.42304],[-72.60115,-11.41843],[-72.59566,-11.42056],[-72.59104,-11.43209],[-72.58082,-11.4308],[-72.58182,-11.43912],[-72.57709,-11.43909],[-72.56693,-11.43182],[-72.56017,-11.43551],[-72.5517,-11.43366],[-72.55219,-11.44301],[-72.54613,-11.44691],[-72.54887,-11.43745],[-72.54592,-11.43297],[-72.53682,-11.43493],[-72.53545,-11.4257],[-72.53143,-11.43104],[-72.53363,-11.43921],[-72.52588,-11.43936],[-72.52367,-11.43084],[-72.51589,-11.43003],[-72.519,-11.42117],[-72.51437,-11.41707],[-72.51011,-11.42425],[-72.50707,-11.41923],[-72.50978,-11.41294],[-72.50634,-11.4065],[-72.50121,-11.40902],[-72.49778,-11.40351],[-72.50308,-11.39884],[-72.48221,-11.39812],[-72.48723,-11.39405],[-72.47987,-11.38742],[-72.47622,-11.39178],[-72.46936,-11.38526],[-72.45933,-11.38883],[-72.45806,-11.38413],[-72.44743,-11.38452],[-72.44985,-11.37148],[-72.44118,-11.37499],[-72.43548,-11.37245],[-72.43604,-11.3661],[-72.42513,-11.36849],[-72.42589,-11.35803],[-72.41788,-11.35684],[-72.41294,-11.3516],[-72.40648,-11.35705],[-72.40066,-11.34496],[-72.39593,-11.34996],[-72.39539,-11.34278],[-72.38738,-11.34765],[-72.38222,-11.33485],[-72.37883,-11.33264],[-72.36568,-11.33484],[-72.35428,-11.32993],[-72.34995,-11.32362],[-72.3393,-11.32382],[-72.33698,-11.31672],[-72.3233,-11.31676],[-72.32255,-11.32458],[-72.31679,-11.32121],[-72.31468,-11.31405],[-72.30771,-11.307],[-72.29469,-11.31568],[-72.28664,-11.31394],[-72.28018,-11.32605],[-72.28273,-11.33093],[-72.27946,-11.33939],[-72.26128,-11.33717],[-72.25741,-11.33032],[-72.24886,-11.33332],[-72.25012,-11.3411],[-72.24602,-11.34616],[-72.23926,-11.34506],[-72.24789,-11.38501],[-72.25731,-11.3935],[-72.26669,-11.39647],[-72.27856,-11.41248],[-72.28141,-11.42103],[-72.28741,-11.42425],[-72.29255,-11.43327],[-72.29235,-11.45094],[-72.28746,-11.46665],[-72.28963,-11.48285],[-72.30398,-11.49784],[-72.29823,-11.50293],[-72.30563,-11.51594],[-72.30378,-11.53153],[-72.30814,-11.54064],[-72.31263,-11.56542],[-72.30622,-11.57242],[-72.31551,-11.59558],[-72.32789,-11.60753],[-72.34319,-11.61437],[-72.35094,-11.6218],[-72.35562,-11.63503],[-72.36963,-11.63029],[-72.37564,-11.63317],[-72.37532,-11.64417],[-72.38107,-11.64928],[-72.39048,-11.65127],[-72.38744,-11.65929],[-72.39709,-11.67119],[-72.40529,-11.6748],[-72.41007,-11.69301],[-72.41485,-11.69887],[-72.4282,-11.70518],[-72.42506,-11.73317],[-72.42243,-11.73895],[-72.38463,-11.76238],[-72.38235,-11.77454],[-72.37077,-11.78497],[-72.37453,-11.79468],[-72.38755,-11.80183],[-72.39179,-11.80952],[-72.3913,-11.82635],[-72.36563,-11.83785],[-72.3597,-11.84651],[-72.33875,-11.85458],[-72.33215,-11.85553],[-72.33567,-11.86668],[-72.34026,-11.86801],[-72.34751,-11.89127],[-72.34479,-11.90123],[-72.3469,-11.91569],[-72.33827,-11.92421],[-72.33676,-11.94039],[-72.33762,-11.95297],[-72.34113,-11.96338],[-72.33747,-11.96808],[-72.31184,-11.97444],[-72.28917,-11.97476],[-72.28237,-11.97948],[-72.28084,-11.99653],[-72.2593,-12.0063],[-72.2651,-12.01217],[-72.27089,-12.02995],[-72.26919,-12.03668],[-72.27249,-12.04738],[-72.26893,-12.05437]]]}},{"type":"Feature","properties":{"ubigeo":"080915","nombre":"Kumpirushiato"},"geometry":{"type":"Polygon","coordinates":[[[-73.29408,-12.98669],[-73.30366,-12.99329],[-73.31938,-12.99631],[-73.3272,-12.98923],[-73.34001,-12.99486],[-73.3428,-12.98975],[-73.35543,-12.98898],[-73.37128,-12.957],[-73.38056,-12.95187],[-73.39117,-12.95684],[-73.41157,-12.95459],[-73.41466,-12.95214],[-73.41353,-12.93541],[-73.41665,-12.92399],[-73.43057,-12.91143],[-73.4313,-12.90353],[-73.42695,-12.89733],[-73.43086,-12.88176],[-73.44223,-12.87047],[-73.44337,-12.86364],[-73.43278,-12.85455],[-73.4367,-12.84716],[-73.46313,-12.84081],[-73.47294,-12.84277],[-73.48354,-12.83654],[-73.49457,-12.83567],[-73.49812,-12.82659],[-73.4983,-12.81817],[-73.50676,-12.80646],[-73.48983,-12.7873],[-73.48413,-12.77813],[-73.48172,-12.76818],[-73.48777,-12.76287],[-73.49988,-12.75914],[-73.50716,-12.75243],[-73.51724,-12.73535],[-73.51315,-12.7289],[-73.51768,-12.72493],[-73.51918,-12.69932],[-73.52826,-12.69305],[-73.53329,-12.69652],[-73.54623,-12.69285],[-73.55792,-12.68257],[-73.55975,-12.67587],[-73.54332,-12.66583],[-73.54446,-12.65915],[-73.54041,-12.65481],[-73.54387,-12.64955],[-73.58353,-12.63391],[-73.58539,-12.62152],[-73.59399,-12.60783],[-73.59815,-12.59615],[-73.59379,-12.59055],[-73.59762,-12.57877],[-73.59438,-12.56519],[-73.58799,-12.55787],[-73.5862,-12.54347],[-73.6087,-12.53498],[-73.61361,-12.53996],[-73.62514,-12.53717],[-73.63692,-12.52737],[-73.6402,-12.51939],[-73.64835,-12.51721],[-73.65042,-12.50328],[-73.64083,-12.50035],[-73.61294,-12.50637],[-73.59267,-12.47705],[-73.59051,-12.46956],[-73.58277,-12.47403],[-73.57338,-12.47055],[-73.57084,-12.46211],[-73.56293,-12.45832],[-73.56101,-12.44054],[-73.56799,-12.43224],[-73.58159,-12.42567],[-73.5838,-12.41076],[-73.58104,-12.40164],[-73.5902,-12.39503],[-73.59323,-12.39682],[-73.60376,-12.38699],[-73.5991,-12.3859],[-73.59047,-12.37694],[-73.58607,-12.36618],[-73.58937,-12.36185],[-73.58644,-12.34867],[-73.59205,-12.33423],[-73.5867,-12.33001],[-73.58495,-12.31311],[-73.57894,-12.29724],[-73.57433,-12.27684],[-73.55895,-12.27489],[-73.55395,-12.26501],[-73.54812,-12.26093],[-73.53374,-12.25898],[-73.52576,-12.25165],[-73.5168,-12.24911],[-73.50755,-12.25287],[-73.49244,-12.25046],[-73.47007,-12.23704],[-73.45889,-12.23547],[-73.4465,-12.2369],[-73.42976,-12.23558],[-73.4232,-12.2301],[-73.40802,-12.23394],[-73.39933,-12.24423],[-73.38273,-12.24897],[-73.37719,-12.25339],[-73.37168,-12.26533],[-73.36313,-12.27071],[-73.35547,-12.26851],[-73.34661,-12.27411],[-73.34301,-12.28062],[-73.33461,-12.28553],[-73.32217,-12.28622],[-73.31611,-12.29027],[-73.30258,-12.28462],[-73.29595,-12.28867],[-73.27944,-12.28636],[-73.26888,-12.29216],[-73.2661,-12.29952],[-73.25841,-12.30012],[-73.2474,-12.31005],[-73.244,-12.31635],[-73.24494,-12.32846],[-73.23242,-12.34244],[-73.22946,-12.35695],[-73.21987,-12.36783],[-73.22042,-12.37238],[-73.21416,-12.38137],[-73.21969,-12.38867],[-73.21717,-12.39324],[-73.23356,-12.41689],[-73.23188,-12.42099],[-73.2438,-12.42827],[-73.23952,-12.43828],[-73.22194,-12.45905],[-73.20963,-12.46431],[-73.19971,-12.45945],[-73.18778,-12.46373],[-73.16191,-12.46529],[-73.14078,-12.47771],[-73.13321,-12.4795],[-73.12643,-12.49834],[-73.11765,-12.51326],[-73.1245,-12.52397],[-73.13021,-12.54189],[-73.11529,-12.54667],[-73.10687,-12.55352],[-73.10573,-12.56009],[-73.09445,-12.56602],[-73.08995,-12.57158],[-73.09202,-12.58515],[-73.10094,-12.59421],[-73.10292,-12.61779],[-73.1089,-12.6236],[-73.11083,-12.64082],[-73.10168,-12.65211],[-73.10518,-12.661],[-73.11411,-12.66717],[-73.11421,-12.67529],[-73.12211,-12.68571],[-73.13773,-12.69893],[-73.15158,-12.70677],[-73.16285,-12.70818],[-73.19181,-12.72181],[-73.19674,-12.73109],[-73.19722,-12.73873],[-73.20212,-12.74411],[-73.20158,-12.75604],[-73.19428,-12.76571],[-73.19391,-12.773],[-73.20565,-12.78226],[-73.20758,-12.7925],[-73.21275,-12.79729],[-73.22118,-12.79687],[-73.22914,-12.80785],[-73.2251,-12.83531],[-73.23978,-12.85522],[-73.23445,-12.88111],[-73.24383,-12.88254],[-73.25272,-12.90157],[-73.26631,-12.90589],[-73.28012,-12.90242],[-73.29084,-12.90873],[-73.29478,-12.90773],[-73.30691,-12.9255],[-73.30333,-12.93721],[-73.30952,-12.94826],[-73.29532,-12.95598],[-73.28918,-12.98116],[-73.29408,-12.98669]]]}},{"type":"Feature","properties":{"ubigeo":"080916","nombre":"Cielo Punco"},"geometry":{"type":"Polygon","coordinates":[[[-73.57705,-12.86109],[-73.5819,-12.85868],[-73.59081,-12.84429],[-73.58851,-12.83245],[-73.59174,-12.82175],[-73.60684,-12.80979],[-73.60376,-12.7977],[-73.58886,-12.78112],[-73.57223,-12.76822],[-73.55249,-12.76044],[-73.55192,-12.75319],[-73.53675,-12.74092],[-73.51724,-12.73535],[-73.50716,-12.75243],[-73.49988,-12.75914],[-73.48777,-12.76287],[-73.48172,-12.76818],[-73.48413,-12.77813],[-73.48983,-12.7873],[-73.50676,-12.80646],[-73.4983,-12.81817],[-73.49812,-12.82659],[-73.51234,-12.81931],[-73.51857,-12.81961],[-73.53882,-12.84367],[-73.5591,-12.85254],[-73.57546,-12.85357],[-73.57705,-12.86109]]]}},{"type":"Feature","properties":{"ubigeo":"080917","nombre":"Manitea"},"geometry":{"type":"Polygon","coordinates":[[[-73.60684,-12.80979],[-73.61545,-12.80802],[-73.61761,-12.80084],[-73.62618,-12.78868],[-73.62728,-12.78011],[-73.62409,-12.77122],[-73.62567,-12.76499],[-73.63427,-12.75826],[-73.64478,-12.74485],[-73.65856,-12.73608],[-73.65624,-12.72568],[-73.66587,-12.71043],[-73.64376,-12.70087],[-73.63846,-12.70249],[-73.62894,-12.6985],[-73.62564,-12.69027],[-73.61128,-12.67945],[-73.60847,-12.67173],[-73.60198,-12.67245],[-73.59556,-12.6637],[-73.58969,-12.666],[-73.57048,-12.65796],[-73.55519,-12.65564],[-73.54387,-12.64955],[-73.54041,-12.65481],[-73.54446,-12.65915],[-73.54332,-12.66583],[-73.55975,-12.67587],[-73.55792,-12.68257],[-73.54623,-12.69285],[-73.53329,-12.69652],[-73.52826,-12.69305],[-73.51918,-12.69932],[-73.51768,-12.72493],[-73.51315,-12.7289],[-73.51724,-12.73535],[-73.53675,-12.74092],[-73.55192,-12.75319],[-73.55249,-12.76044],[-73.57223,-12.76822],[-73.58886,-12.78112],[-73.60376,-12.7977],[-73.60684,-12.80979]]]}},{"type":"Feature","properties":{"ubigeo":"080918","nombre":"Unión Ashaninka"},"geometry":{"type":"Polygon","coordinates":[[[-73.96604,-12.33781],[-73.96764,-12.32488],[-73.974,-12.30576],[-73.97223,-12.29433],[-73.95084,-12.28118],[-73.93321,-12.28518],[-73.92493,-12.28319],[-73.8998,-12.267],[-73.88334,-12.26225],[-73.8782,-12.24883],[-73.86306,-12.2434],[-73.8382,-12.24252],[-73.82054,-12.24611],[-73.79562,-12.26228],[-73.80845,-12.27619],[-73.81245,-12.2839],[-73.78683,-12.2941],[-73.76274,-12.30755],[-73.73554,-12.31861],[-73.72825,-12.32515],[-73.72368,-12.33575],[-73.71351,-12.34257],[-73.71241,-12.35178],[-73.71597,-12.35199],[-73.72619,-12.37423],[-73.73333,-12.37784],[-73.73733,-12.39003],[-73.73893,-12.40887],[-73.76103,-12.40453],[-73.77662,-12.3902],[-73.79193,-12.38734],[-73.79998,-12.37895],[-73.81534,-12.38643],[-73.81315,-12.38142],[-73.82226,-12.38561],[-73.83906,-12.3816],[-73.85543,-12.38153],[-73.87134,-12.37238],[-73.88603,-12.37812],[-73.89931,-12.37733],[-73.90421,-12.38037],[-73.91328,-12.37659],[-73.92104,-12.38252],[-73.92682,-12.37967],[-73.93413,-12.36789],[-73.94091,-12.36557],[-73.94574,-12.35244],[-73.95982,-12.35135],[-73.97007,-12.34781],[-73.96604,-12.33781]]]}},{"type":"Feature","properties":{"ubigeo":"081001","nombre":"Paruro"},"geometry":{"type":"Polygon","coordinates":[[[-71.83318,-13.81321],[-71.83481,-13.81957],[-71.84964,-13.82335],[-71.85015,-13.81815],[-71.85831,-13.80345],[-71.86705,-13.79647],[-71.87734,-13.79293],[-71.88141,-13.77754],[-71.88813,-13.77197],[-71.90059,-13.76975],[-71.90882,-13.75727],[-71.90677,-13.74047],[-71.92096,-13.72898],[-71.92107,-13.72409],[-71.91195,-13.71815],[-71.91556,-13.70591],[-71.9129,-13.69803],[-71.90319,-13.69206],[-71.90417,-13.68694],[-71.87666,-13.68068],[-71.87827,-13.65927],[-71.8689,-13.65918],[-71.86526,-13.65355],[-71.85477,-13.65357],[-71.85091,-13.6475],[-71.83838,-13.63776],[-71.82888,-13.65512],[-71.82512,-13.66739],[-71.82716,-13.67144],[-71.81609,-13.68517],[-71.8038,-13.68481],[-71.79412,-13.69749],[-71.78976,-13.69836],[-71.79417,-13.70665],[-71.79471,-13.71577],[-71.81602,-13.7483],[-71.81557,-13.75712],[-71.82193,-13.77052],[-71.82908,-13.77898],[-71.83231,-13.79557],[-71.83318,-13.81321]]]}},{"type":"Feature","properties":{"ubigeo":"081002","nombre":"Accha"},"geometry":{"type":"Polygon","coordinates":[[[-71.77517,-14.0452],[-71.78023,-14.06896],[-71.79248,-14.05991],[-71.81264,-14.05792],[-71.82055,-14.05928],[-71.83775,-14.05063],[-71.84087,-14.05791],[-71.8383,-14.06514],[-71.84546,-14.07055],[-71.84436,-14.08224],[-71.86055,-14.05997],[-71.86497,-14.04427],[-71.87229,-14.02821],[-71.88077,-14.03463],[-71.87891,-14.04054],[-71.89318,-14.04739],[-71.90068,-14.06241],[-71.91276,-14.06814],[-71.91022,-14.05935],[-71.92133,-14.03775],[-71.93295,-14.0286],[-71.93724,-14.01499],[-71.94424,-14.00091],[-71.93721,-13.99144],[-71.9382,-13.97943],[-71.93513,-13.95346],[-71.93904,-13.9391],[-71.9466,-13.92485],[-71.94713,-13.91669],[-71.93286,-13.90295],[-71.92899,-13.88884],[-71.92174,-13.90625],[-71.92436,-13.9115],[-71.91664,-13.91864],[-71.91483,-13.92658],[-71.90124,-13.92652],[-71.89102,-13.93869],[-71.87863,-13.92936],[-71.86502,-13.91201],[-71.86384,-13.8979],[-71.85992,-13.8914],[-71.84981,-13.90997],[-71.83994,-13.91764],[-71.8324,-13.92769],[-71.82579,-13.92836],[-71.82329,-13.92148],[-71.81763,-13.92036],[-71.80912,-13.92427],[-71.80784,-13.9343],[-71.80346,-13.94336],[-71.80541,-13.95163],[-71.80166,-13.96196],[-71.79148,-13.97447],[-71.78822,-13.99813],[-71.77415,-14.0365],[-71.77517,-14.0452]]]}},{"type":"Feature","properties":{"ubigeo":"081003","nombre":"Ccapi"},"geometry":{"type":"Polygon","coordinates":[[[-71.93993,-13.83099],[-71.93404,-13.83903],[-71.92609,-13.84384],[-71.9273,-13.86613],[-71.92356,-13.88201],[-71.92899,-13.88884],[-71.93286,-13.90295],[-71.94713,-13.91669],[-71.9466,-13.92485],[-71.93904,-13.9391],[-71.93513,-13.95346],[-71.9382,-13.97943],[-71.95693,-13.99318],[-71.9646,-13.98754],[-71.95924,-13.97566],[-71.96787,-13.96684],[-71.96804,-13.96034],[-71.98548,-13.94684],[-71.99327,-13.94424],[-71.99751,-13.94762],[-72.01662,-13.94822],[-72.03569,-13.94036],[-72.0401,-13.94098],[-72.05568,-13.93485],[-72.06201,-13.92087],[-72.07783,-13.90673],[-72.08111,-13.88948],[-72.09124,-13.88539],[-72.09326,-13.87509],[-72.09901,-13.86742],[-72.1056,-13.8512],[-72.10846,-13.83178],[-72.11292,-13.82292],[-72.11933,-13.82153],[-72.1347,-13.78351],[-72.12451,-13.78335],[-72.11138,-13.7764],[-72.0991,-13.77776],[-72.09427,-13.77458],[-72.0747,-13.77464],[-72.0621,-13.76819],[-72.06014,-13.7627],[-72.04488,-13.75639],[-72.03443,-13.75576],[-72.0309,-13.76063],[-71.99454,-13.7825],[-71.98801,-13.78256],[-71.9814,-13.78411],[-71.97949,-13.80015],[-71.98778,-13.81047],[-71.98943,-13.82013],[-71.98174,-13.82288],[-71.96291,-13.81924],[-71.95351,-13.82094],[-71.93993,-13.83099]]]}},{"type":"Feature","properties":{"ubigeo":"081004","nombre":"Colcha"},"geometry":{"type":"Polygon","coordinates":[[[-71.80928,-13.89417],[-71.81626,-13.90971],[-71.80844,-13.92113],[-71.80912,-13.92427],[-71.81763,-13.92036],[-71.82329,-13.92148],[-71.82579,-13.92836],[-71.8324,-13.92769],[-71.83994,-13.91764],[-71.84981,-13.90997],[-71.85992,-13.8914],[-71.86384,-13.8979],[-71.86502,-13.91201],[-71.87863,-13.92936],[-71.89102,-13.93869],[-71.90124,-13.92652],[-71.91483,-13.92658],[-71.91664,-13.91864],[-71.92436,-13.9115],[-71.92174,-13.90625],[-71.92899,-13.88884],[-71.92356,-13.88201],[-71.9273,-13.86613],[-71.92609,-13.84384],[-71.93404,-13.83903],[-71.93993,-13.83099],[-71.93275,-13.82214],[-71.92429,-13.82394],[-71.90552,-13.83668],[-71.89396,-13.82545],[-71.87505,-13.81545],[-71.85515,-13.82543],[-71.84964,-13.82335],[-71.83481,-13.81957],[-71.83318,-13.81321],[-71.81419,-13.82117],[-71.80768,-13.82731],[-71.80913,-13.83546],[-71.80506,-13.84721],[-71.80101,-13.8511],[-71.80333,-13.86001],[-71.80038,-13.86583],[-71.80188,-13.87226],[-71.80797,-13.87137],[-71.81066,-13.88755],[-71.80928,-13.89417]]]}},{"type":"Feature","properties":{"ubigeo":"081005","nombre":"Huanoquite"},"geometry":{"type":"Polygon","coordinates":[[[-71.94967,-13.61812],[-71.94917,-13.6376],[-71.95642,-13.64912],[-71.96926,-13.66022],[-71.96744,-13.66906],[-71.97213,-13.68598],[-71.98965,-13.69183],[-71.99171,-13.70393],[-71.99148,-13.72741],[-71.98723,-13.73231],[-71.98689,-13.74762],[-71.9831,-13.75392],[-71.98522,-13.77586],[-71.98801,-13.78256],[-71.99454,-13.7825],[-72.0309,-13.76063],[-72.03443,-13.75576],[-72.04488,-13.75639],[-72.06014,-13.7627],[-72.0621,-13.76819],[-72.0747,-13.77464],[-72.09427,-13.77458],[-72.0991,-13.77776],[-72.11138,-13.7764],[-72.12451,-13.78335],[-72.1347,-13.78351],[-72.14755,-13.77924],[-72.15379,-13.77135],[-72.15401,-13.76515],[-72.16235,-13.75702],[-72.16636,-13.74742],[-72.17709,-13.74412],[-72.18674,-13.74594],[-72.20637,-13.72807],[-72.23188,-13.72172],[-72.22867,-13.71406],[-72.21918,-13.7065],[-72.21848,-13.70144],[-72.20112,-13.68557],[-72.19474,-13.68206],[-72.18857,-13.66665],[-72.17255,-13.65541],[-72.16785,-13.64953],[-72.1406,-13.64422],[-72.13221,-13.6393],[-72.12149,-13.63779],[-72.11554,-13.62847],[-72.109,-13.63883],[-72.09137,-13.64916],[-72.08553,-13.64677],[-72.0715,-13.64747],[-72.05972,-13.64121],[-72.04548,-13.63838],[-72.04558,-13.63453],[-72.02365,-13.61394],[-72.00738,-13.61305],[-71.99587,-13.60886],[-71.9849,-13.60941],[-71.97479,-13.61142],[-71.96077,-13.61031],[-71.95877,-13.61519],[-71.94967,-13.61812]]]}},{"type":"Feature","properties":{"ubigeo":"081006","nombre":"Omacha"},"geometry":{"type":"Polygon","coordinates":[[[-71.69971,-14.11629],[-71.69998,-14.12712],[-71.6896,-14.13284],[-71.68256,-14.14575],[-71.68408,-14.15473],[-71.67934,-14.16602],[-71.67764,-14.19094],[-71.67339,-14.19688],[-71.67635,-14.20329],[-71.67684,-14.22284],[-71.68316,-14.2295],[-71.68539,-14.25364],[-71.67962,-14.2647],[-71.68798,-14.2699],[-71.69104,-14.27789],[-71.70313,-14.27842],[-71.72046,-14.2666],[-71.73038,-14.26567],[-71.74493,-14.27535],[-71.74812,-14.26676],[-71.75973,-14.25966],[-71.74031,-14.25378],[-71.74071,-14.24001],[-71.74938,-14.22509],[-71.74596,-14.2184],[-71.75643,-14.21273],[-71.75585,-14.19947],[-71.76372,-14.19242],[-71.78178,-14.19136],[-71.79954,-14.18022],[-71.8102,-14.20007],[-71.82555,-14.19765],[-71.83315,-14.20383],[-71.84137,-14.20083],[-71.86611,-14.20432],[-71.87699,-14.20026],[-71.88597,-14.19371],[-71.88951,-14.1817],[-71.8989,-14.17451],[-71.90635,-14.15951],[-71.91726,-14.155],[-71.90855,-14.14934],[-71.90803,-14.14351],[-71.90158,-14.13371],[-71.90719,-14.1261],[-71.90824,-14.11729],[-71.90357,-14.10722],[-71.91096,-14.0927],[-71.90897,-14.07659],[-71.91276,-14.06814],[-71.90068,-14.06241],[-71.89318,-14.04739],[-71.87891,-14.04054],[-71.88077,-14.03463],[-71.87229,-14.02821],[-71.86497,-14.04427],[-71.86055,-14.05997],[-71.84436,-14.08224],[-71.84546,-14.07055],[-71.8383,-14.06514],[-71.84087,-14.05791],[-71.83775,-14.05063],[-71.82055,-14.05928],[-71.81264,-14.05792],[-71.79248,-14.05991],[-71.78023,-14.06896],[-71.77517,-14.0452],[-71.76566,-14.03928],[-71.75307,-14.03807],[-71.74833,-14.03225],[-71.72314,-14.02219],[-71.72397,-14.02847],[-71.71821,-14.06021],[-71.70773,-14.07885],[-71.70212,-14.10007],[-71.69971,-14.11629]]]}},{"type":"Feature","properties":{"ubigeo":"081007","nombre":"Paccaritambo"},"geometry":{"type":"Polygon","coordinates":[[[-71.84964,-13.82335],[-71.85515,-13.82543],[-71.87505,-13.81545],[-71.89396,-13.82545],[-71.90552,-13.83668],[-71.92429,-13.82394],[-71.93275,-13.82214],[-71.93993,-13.83099],[-71.95351,-13.82094],[-71.96291,-13.81924],[-71.98174,-13.82288],[-71.98943,-13.82013],[-71.98778,-13.81047],[-71.97949,-13.80015],[-71.9814,-13.78411],[-71.98801,-13.78256],[-71.98522,-13.77586],[-71.9831,-13.75392],[-71.98689,-13.74762],[-71.98723,-13.73231],[-71.99148,-13.72741],[-71.99171,-13.70393],[-71.98064,-13.69357],[-71.9722,-13.69398],[-71.95591,-13.68965],[-71.94998,-13.69253],[-71.9478,-13.70027],[-71.94204,-13.69958],[-71.92083,-13.70279],[-71.91556,-13.70591],[-71.91195,-13.71815],[-71.92107,-13.72409],[-71.92096,-13.72898],[-71.90677,-13.74047],[-71.90882,-13.75727],[-71.90059,-13.76975],[-71.88813,-13.77197],[-71.88141,-13.77754],[-71.87734,-13.79293],[-71.86705,-13.79647],[-71.85831,-13.80345],[-71.85015,-13.81815],[-71.84964,-13.82335]]]}},{"type":"Feature","properties":{"ubigeo":"081008","nombre":"Pillpinto"},"geometry":{"type":"Polygon","coordinates":[[[-71.77517,-14.0452],[-71.77415,-14.0365],[-71.78822,-13.99813],[-71.79148,-13.97447],[-71.80166,-13.96196],[-71.80541,-13.95163],[-71.80346,-13.94336],[-71.80784,-13.9343],[-71.80912,-13.92427],[-71.80844,-13.92113],[-71.81626,-13.90971],[-71.80928,-13.89417],[-71.78697,-13.9003],[-71.77986,-13.90657],[-71.78053,-13.91568],[-71.77841,-13.93755],[-71.76837,-13.94299],[-71.76103,-13.95173],[-71.75641,-13.9517],[-71.74301,-13.96184],[-71.72938,-13.97518],[-71.72493,-13.99789],[-71.72314,-14.02219],[-71.74833,-14.03225],[-71.75307,-14.03807],[-71.76566,-14.03928],[-71.77517,-14.0452]]]}},{"type":"Feature","properties":{"ubigeo":"081009","nombre":"Yaurisque"},"geometry":{"type":"Polygon","coordinates":[[[-71.84316,-13.63079],[-71.83838,-13.63776],[-71.85091,-13.6475],[-71.85477,-13.65357],[-71.86526,-13.65355],[-71.8689,-13.65918],[-71.87827,-13.65927],[-71.87666,-13.68068],[-71.90417,-13.68694],[-71.90319,-13.69206],[-71.9129,-13.69803],[-71.91556,-13.70591],[-71.92083,-13.70279],[-71.94204,-13.69958],[-71.9478,-13.70027],[-71.94998,-13.69253],[-71.95591,-13.68965],[-71.9722,-13.69398],[-71.98064,-13.69357],[-71.99171,-13.70393],[-71.98965,-13.69183],[-71.97213,-13.68598],[-71.96744,-13.66906],[-71.96926,-13.66022],[-71.95642,-13.64912],[-71.94917,-13.6376],[-71.94967,-13.61812],[-71.94211,-13.61197],[-71.9284,-13.61544],[-71.92245,-13.60792],[-71.92272,-13.60095],[-71.918,-13.60194],[-71.91613,-13.59369],[-71.90604,-13.59436],[-71.90548,-13.59942],[-71.88328,-13.60711],[-71.87423,-13.61278],[-71.86221,-13.61541],[-71.85521,-13.62417],[-71.84316,-13.63079]]]}},{"type":"Feature","properties":{"ubigeo":"081101","nombre":"Paucartambo"},"geometry":{"type":"Polygon","coordinates":[[[-71.46737,-13.49495],[-71.47643,-13.48362],[-71.48258,-13.4698],[-71.49252,-13.46785],[-71.50229,-13.4549],[-71.5163,-13.43164],[-71.53382,-13.41463],[-71.53983,-13.41276],[-71.54701,-13.4035],[-71.54847,-13.39234],[-71.55408,-13.3892],[-71.56073,-13.39315],[-71.57582,-13.39054],[-71.57904,-13.37788],[-71.58835,-13.37533],[-71.59385,-13.36812],[-71.60754,-13.36373],[-71.60661,-13.35937],[-71.62237,-13.35845],[-71.6357,-13.34077],[-71.63871,-13.33206],[-71.64914,-13.32887],[-71.65613,-13.31968],[-71.66886,-13.30971],[-71.67834,-13.30525],[-71.69327,-13.30429],[-71.69931,-13.29894],[-71.70519,-13.28842],[-71.70515,-13.28252],[-71.69366,-13.27724],[-71.6749,-13.26206],[-71.66361,-13.26214],[-71.65732,-13.25863],[-71.64074,-13.25757],[-71.62882,-13.24893],[-71.60832,-13.25151],[-71.58337,-13.24586],[-71.57561,-13.23867],[-71.57762,-13.23053],[-71.57024,-13.22558],[-71.57249,-13.21965],[-71.55852,-13.2118],[-71.55653,-13.20735],[-71.54297,-13.20201],[-71.54957,-13.19465],[-71.55162,-13.18717],[-71.54566,-13.18218],[-71.5483,-13.15934],[-71.54248,-13.15797],[-71.52794,-13.14645],[-71.52865,-13.13661],[-71.51083,-13.12047],[-71.50872,-13.10716],[-71.50238,-13.10126],[-71.49081,-13.10398],[-71.47322,-13.09634],[-71.46154,-13.10312],[-71.4505,-13.10674],[-71.43761,-13.10583],[-71.42515,-13.10141],[-71.4131,-13.11972],[-71.40458,-13.12393],[-71.39652,-13.13627],[-71.38155,-13.14041],[-71.37387,-13.15664],[-71.36139,-13.16224],[-71.35028,-13.17889],[-71.34743,-13.18734],[-71.34802,-13.19686],[-71.35308,-13.20582],[-71.34064,-13.22406],[-71.33916,-13.23946],[-71.32472,-13.24584],[-71.32082,-13.25178],[-71.30468,-13.26164],[-71.30296,-13.27069],[-71.31013,-13.28642],[-71.29964,-13.28877],[-71.30551,-13.29877],[-71.30498,-13.31797],[-71.30876,-13.32638],[-71.29479,-13.34613],[-71.31049,-13.36627],[-71.30857,-13.37786],[-71.31086,-13.38689],[-71.32013,-13.38805],[-71.32427,-13.3942],[-71.33408,-13.39053],[-71.34236,-13.39213],[-71.34409,-13.40835],[-71.34701,-13.41478],[-71.33797,-13.43175],[-71.33154,-13.43808],[-71.33566,-13.44914],[-71.33605,-13.45938],[-71.34342,-13.45969],[-71.35073,-13.45045],[-71.35619,-13.45332],[-71.3728,-13.4462],[-71.37689,-13.45649],[-71.3811,-13.45825],[-71.38344,-13.46935],[-71.39556,-13.48374],[-71.39926,-13.48498],[-71.40612,-13.49644],[-71.40386,-13.50435],[-71.41625,-13.51694],[-71.43223,-13.52012],[-71.43932,-13.50868],[-71.44868,-13.50722],[-71.46737,-13.49495]]]}},{"type":"Feature","properties":{"ubigeo":"081102","nombre":"Caicay"},"geometry":{"type":"Polygon","coordinates":[[[-71.62661,-13.56617],[-71.62476,-13.58299],[-71.62003,-13.5891],[-71.61972,-13.59748],[-71.62264,-13.60428],[-71.646,-13.62468],[-71.65575,-13.64001],[-71.67516,-13.63435],[-71.68351,-13.62213],[-71.681,-13.6178],[-71.69633,-13.60526],[-71.7028,-13.59471],[-71.70392,-13.58694],[-71.71069,-13.58065],[-71.72429,-13.57237],[-71.72445,-13.56347],[-71.71619,-13.55977],[-71.71952,-13.55247],[-71.72074,-13.53146],[-71.72448,-13.5193],[-71.72627,-13.49447],[-71.73791,-13.47636],[-71.73152,-13.47579],[-71.72872,-13.46906],[-71.73616,-13.46266],[-71.72573,-13.4568],[-71.7178,-13.46333],[-71.71187,-13.47579],[-71.70678,-13.47948],[-71.70783,-13.5029],[-71.70985,-13.50903],[-71.70037,-13.51449],[-71.70604,-13.52138],[-71.7093,-13.53139],[-71.70685,-13.54398],[-71.68852,-13.54789],[-71.68071,-13.54424],[-71.67936,-13.53748],[-71.68292,-13.53188],[-71.67286,-13.5235],[-71.64706,-13.52372],[-71.63948,-13.51875],[-71.64336,-13.54541],[-71.63582,-13.551],[-71.63251,-13.56306],[-71.62661,-13.56617]]]}},{"type":"Feature","properties":{"ubigeo":"081103","nombre":"Challabamba"},"geometry":{"type":"Polygon","coordinates":[[[-71.70519,-13.28842],[-71.71272,-13.29631],[-71.71324,-13.30703],[-71.71805,-13.31233],[-71.73988,-13.29494],[-71.74151,-13.28932],[-71.77189,-13.26669],[-71.78182,-13.25774],[-71.78806,-13.26644],[-71.79627,-13.26675],[-71.80491,-13.27187],[-71.82051,-13.26517],[-71.83049,-13.25672],[-71.84755,-13.25077],[-71.85231,-13.24258],[-71.85825,-13.23965],[-71.85817,-13.23318],[-71.86418,-13.22641],[-71.85482,-13.20863],[-71.85745,-13.19957],[-71.87147,-13.18744],[-71.87157,-13.1745],[-71.88006,-13.15308],[-71.87384,-13.14501],[-71.86179,-13.13473],[-71.86362,-13.12474],[-71.88093,-13.11533],[-71.88589,-13.10957],[-71.87848,-13.09842],[-71.8869,-13.09405],[-71.88889,-13.05349],[-71.90311,-13.04427],[-71.90392,-13.03402],[-71.91059,-13.03147],[-71.90637,-13.02079],[-71.89754,-13.01677],[-71.88207,-12.99446],[-71.86389,-12.99304],[-71.84938,-12.98412],[-71.84914,-12.9739],[-71.84518,-12.96257],[-71.83544,-12.96261],[-71.8285,-12.95423],[-71.82812,-12.93673],[-71.82393,-12.93022],[-71.81735,-12.92981],[-71.79799,-12.93901],[-71.79109,-12.953],[-71.78087,-12.96134],[-71.77558,-12.96923],[-71.77684,-12.97412],[-71.76792,-12.97681],[-71.76729,-12.98186],[-71.77677,-12.99219],[-71.78059,-13.00115],[-71.77166,-13.01182],[-71.75747,-13.02065],[-71.75093,-13.0354],[-71.73694,-13.04273],[-71.72979,-13.05561],[-71.73062,-13.0632],[-71.72409,-13.06607],[-71.71316,-13.07703],[-71.70747,-13.07842],[-71.71132,-13.08409],[-71.70103,-13.09961],[-71.68937,-13.10671],[-71.6834,-13.11675],[-71.67743,-13.12027],[-71.66864,-13.13298],[-71.65553,-13.14669],[-71.64632,-13.15231],[-71.63606,-13.15221],[-71.63401,-13.17215],[-71.62811,-13.18244],[-71.62741,-13.19155],[-71.61975,-13.19893],[-71.6169,-13.21573],[-71.60433,-13.21592],[-71.59793,-13.22558],[-71.58935,-13.22943],[-71.57762,-13.23053],[-71.57561,-13.23867],[-71.58337,-13.24586],[-71.60832,-13.25151],[-71.62882,-13.24893],[-71.64074,-13.25757],[-71.65732,-13.25863],[-71.66361,-13.26214],[-71.6749,-13.26206],[-71.69366,-13.27724],[-71.70515,-13.28252],[-71.70519,-13.28842]]]}},{"type":"Feature","properties":{"ubigeo":"081104","nombre":"Colquepata"},"geometry":{"type":"Polygon","coordinates":[[[-71.50229,-13.4549],[-71.50514,-13.46146],[-71.52032,-13.46946],[-71.52662,-13.46984],[-71.52466,-13.48262],[-71.51773,-13.48917],[-71.51317,-13.50713],[-71.51762,-13.51073],[-71.5172,-13.52134],[-71.51205,-13.53566],[-71.51501,-13.55204],[-71.50792,-13.56408],[-71.51197,-13.57561],[-71.51769,-13.57922],[-71.52631,-13.59093],[-71.53156,-13.59086],[-71.53757,-13.59706],[-71.54706,-13.59908],[-71.55266,-13.59456],[-71.55915,-13.58045],[-71.55872,-13.57154],[-71.56906,-13.56218],[-71.55912,-13.56217],[-71.54872,-13.55756],[-71.54747,-13.55166],[-71.56051,-13.52098],[-71.55646,-13.51384],[-71.55965,-13.50525],[-71.56898,-13.50052],[-71.5696,-13.49107],[-71.58323,-13.49233],[-71.58854,-13.47436],[-71.59356,-13.47147],[-71.59471,-13.46194],[-71.60432,-13.45675],[-71.60961,-13.47233],[-71.61462,-13.46648],[-71.62098,-13.47506],[-71.62645,-13.47388],[-71.63555,-13.46288],[-71.64603,-13.46578],[-71.65488,-13.47217],[-71.65977,-13.46018],[-71.69069,-13.45666],[-71.69827,-13.46358],[-71.71119,-13.46073],[-71.7178,-13.46333],[-71.72573,-13.4568],[-71.73292,-13.44855],[-71.73962,-13.44709],[-71.74734,-13.43158],[-71.7548,-13.43131],[-71.7465,-13.42093],[-71.72509,-13.42081],[-71.72919,-13.41218],[-71.72822,-13.40531],[-71.73968,-13.38559],[-71.74909,-13.37854],[-71.75479,-13.36564],[-71.76251,-13.35782],[-71.78326,-13.34282],[-71.79453,-13.31738],[-71.80379,-13.31409],[-71.8213,-13.3196],[-71.82512,-13.31797],[-71.82551,-13.31218],[-71.83802,-13.30077],[-71.83153,-13.28996],[-71.83076,-13.27797],[-71.8361,-13.27604],[-71.84306,-13.26596],[-71.85021,-13.25355],[-71.84755,-13.25077],[-71.83049,-13.25672],[-71.82051,-13.26517],[-71.80491,-13.27187],[-71.79627,-13.26675],[-71.78806,-13.26644],[-71.78182,-13.25774],[-71.77189,-13.26669],[-71.74151,-13.28932],[-71.73988,-13.29494],[-71.71805,-13.31233],[-71.71324,-13.30703],[-71.71272,-13.29631],[-71.70519,-13.28842],[-71.69931,-13.29894],[-71.69327,-13.30429],[-71.67834,-13.30525],[-71.66886,-13.30971],[-71.65613,-13.31968],[-71.64914,-13.32887],[-71.63871,-13.33206],[-71.6357,-13.34077],[-71.62237,-13.35845],[-71.60661,-13.35937],[-71.60754,-13.36373],[-71.59385,-13.36812],[-71.58835,-13.37533],[-71.57904,-13.37788],[-71.57582,-13.39054],[-71.56073,-13.39315],[-71.55408,-13.3892],[-71.54847,-13.39234],[-71.54701,-13.4035],[-71.53983,-13.41276],[-71.53382,-13.41463],[-71.5163,-13.43164],[-71.50229,-13.4549]]]}},{"type":"Feature","properties":{"ubigeo":"081105","nombre":"Huancarani"},"geometry":{"type":"Polygon","coordinates":[[[-71.62661,-13.56617],[-71.63251,-13.56306],[-71.63582,-13.551],[-71.64336,-13.54541],[-71.63948,-13.51875],[-71.64706,-13.52372],[-71.67286,-13.5235],[-71.68292,-13.53188],[-71.67936,-13.53748],[-71.68071,-13.54424],[-71.68852,-13.54789],[-71.70685,-13.54398],[-71.7093,-13.53139],[-71.70604,-13.52138],[-71.70037,-13.51449],[-71.70985,-13.50903],[-71.70783,-13.5029],[-71.70678,-13.47948],[-71.71187,-13.47579],[-71.7178,-13.46333],[-71.71119,-13.46073],[-71.69827,-13.46358],[-71.69069,-13.45666],[-71.65977,-13.46018],[-71.65488,-13.47217],[-71.64603,-13.46578],[-71.63555,-13.46288],[-71.62645,-13.47388],[-71.62098,-13.47506],[-71.61462,-13.46648],[-71.60961,-13.47233],[-71.60432,-13.45675],[-71.59471,-13.46194],[-71.59356,-13.47147],[-71.58854,-13.47436],[-71.58323,-13.49233],[-71.5696,-13.49107],[-71.56898,-13.50052],[-71.55965,-13.50525],[-71.55646,-13.51384],[-71.56051,-13.52098],[-71.54747,-13.55166],[-71.54872,-13.55756],[-71.55912,-13.56217],[-71.56906,-13.56218],[-71.57356,-13.56951],[-71.58162,-13.56514],[-71.59353,-13.56276],[-71.62661,-13.56617]]]}},{"type":"Feature","properties":{"ubigeo":"081106","nombre":"Kosñipata"},"geometry":{"type":"Polygon","coordinates":[[[-71.06418,-13.2567],[-71.08158,-13.28114],[-71.08979,-13.28328],[-71.0946,-13.29226],[-71.09172,-13.29548],[-71.09685,-13.30327],[-71.11514,-13.30155],[-71.11834,-13.30521],[-71.11204,-13.31724],[-71.1191,-13.3205],[-71.12189,-13.33094],[-71.13102,-13.33608],[-71.13444,-13.34916],[-71.14347,-13.3579],[-71.14773,-13.36605],[-71.14665,-13.37165],[-71.15298,-13.37537],[-71.14837,-13.3801],[-71.15008,-13.39141],[-71.15877,-13.39471],[-71.16147,-13.40953],[-71.15675,-13.41922],[-71.15083,-13.42434],[-71.14524,-13.44173],[-71.14895,-13.45067],[-71.1485,-13.46315],[-71.14328,-13.47654],[-71.14901,-13.48508],[-71.15578,-13.48799],[-71.16031,-13.49758],[-71.1705,-13.49359],[-71.18023,-13.50055],[-71.18435,-13.51405],[-71.19301,-13.52665],[-71.20168,-13.52008],[-71.21957,-13.5172],[-71.22302,-13.50629],[-71.23478,-13.50024],[-71.23821,-13.49318],[-71.25274,-13.48155],[-71.26632,-13.47972],[-71.26578,-13.46565],[-71.28106,-13.46675],[-71.2919,-13.46054],[-71.29409,-13.4553],[-71.30956,-13.45646],[-71.32046,-13.45487],[-71.32844,-13.46066],[-71.33605,-13.45938],[-71.33566,-13.44914],[-71.33154,-13.43808],[-71.33797,-13.43175],[-71.34701,-13.41478],[-71.34409,-13.40835],[-71.34236,-13.39213],[-71.33408,-13.39053],[-71.32427,-13.3942],[-71.32013,-13.38805],[-71.31086,-13.38689],[-71.30857,-13.37786],[-71.31049,-13.36627],[-71.29479,-13.34613],[-71.30876,-13.32638],[-71.30498,-13.31797],[-71.30551,-13.29877],[-71.29964,-13.28877],[-71.31013,-13.28642],[-71.30296,-13.27069],[-71.30468,-13.26164],[-71.32082,-13.25178],[-71.32472,-13.24584],[-71.33916,-13.23946],[-71.34064,-13.22406],[-71.35308,-13.20582],[-71.34802,-13.19686],[-71.34743,-13.18734],[-71.35028,-13.17889],[-71.36139,-13.16224],[-71.37387,-13.15664],[-71.38155,-13.14041],[-71.39652,-13.13627],[-71.40458,-13.12393],[-71.4131,-13.11972],[-71.42515,-13.10141],[-71.43761,-13.10583],[-71.4505,-13.10674],[-71.46154,-13.10312],[-71.47322,-13.09634],[-71.49081,-13.10398],[-71.50238,-13.10126],[-71.50872,-13.10716],[-71.51083,-13.12047],[-71.52865,-13.13661],[-71.52794,-13.14645],[-71.54248,-13.15797],[-71.5483,-13.15934],[-71.54566,-13.18218],[-71.55162,-13.18717],[-71.54957,-13.19465],[-71.54297,-13.20201],[-71.55653,-13.20735],[-71.55852,-13.2118],[-71.57249,-13.21965],[-71.57024,-13.22558],[-71.57762,-13.23053],[-71.58935,-13.22943],[-71.59793,-13.22558],[-71.60433,-13.21592],[-71.6169,-13.21573],[-71.61975,-13.19893],[-71.62741,-13.19155],[-71.62811,-13.18244],[-71.63401,-13.17215],[-71.63606,-13.15221],[-71.64632,-13.15231],[-71.65553,-13.14669],[-71.66864,-13.13298],[-71.67743,-13.12027],[-71.6834,-13.11675],[-71.68937,-13.10671],[-71.70103,-13.09961],[-71.71132,-13.08409],[-71.70747,-13.07842],[-71.71316,-13.07703],[-71.72409,-13.06607],[-71.73062,-13.0632],[-71.72979,-13.05561],[-71.73694,-13.04273],[-71.75093,-13.0354],[-71.75747,-13.02065],[-71.77166,-13.01182],[-71.78059,-13.00115],[-71.77677,-12.99219],[-71.76729,-12.98186],[-71.76792,-12.97681],[-71.77684,-12.97412],[-71.77558,-12.96923],[-71.78087,-12.96134],[-71.79109,-12.953],[-71.79799,-12.93901],[-71.81735,-12.92981],[-71.82393,-12.93022],[-71.82841,-12.92173],[-71.84122,-12.91918],[-71.8441,-12.90521],[-71.85093,-12.89561],[-71.86361,-12.88968],[-71.86342,-12.87917],[-71.86644,-12.8716],[-71.87701,-12.86391],[-71.87482,-12.84621],[-71.87634,-12.84128],[-71.89141,-12.83321],[-71.89589,-12.81993],[-71.89481,-12.81108],[-71.88469,-12.80469],[-71.87753,-12.79579],[-71.89222,-12.78788],[-71.89445,-12.7768],[-71.90445,-12.77059],[-71.90668,-12.76125],[-71.91776,-12.75638],[-71.91041,-12.74408],[-71.90261,-12.74161],[-71.90035,-12.73336],[-71.88162,-12.73044],[-71.87137,-12.73526],[-71.85801,-12.73479],[-71.8493,-12.73903],[-71.83952,-12.73892],[-71.83283,-12.74218],[-71.81978,-12.7409],[-71.81059,-12.74498],[-71.80407,-12.75364],[-71.79976,-12.76527],[-71.78529,-12.76487],[-71.76466,-12.76746],[-71.76021,-12.78792],[-71.75374,-12.79462],[-71.74694,-12.79611],[-71.72976,-12.78709],[-71.72352,-12.78667],[-71.70064,-12.76437],[-71.6927,-12.74678],[-71.69497,-12.73879],[-71.68383,-12.73315],[-71.66054,-12.72892],[-71.65343,-12.72115],[-71.64262,-12.7153],[-71.63946,-12.70968],[-71.61744,-12.70514],[-71.6003,-12.70006],[-71.59291,-12.70233],[-71.56574,-12.70544],[-71.56202,-12.70987],[-71.55344,-12.70834],[-71.54879,-12.71404],[-71.55267,-12.72402],[-71.5473,-12.73445],[-71.53344,-12.73858],[-71.52353,-12.7472],[-71.51227,-12.74519],[-71.50265,-12.75617],[-71.49566,-12.78198],[-71.48606,-12.78752],[-71.47527,-12.80194],[-71.46485,-12.8097],[-71.45832,-12.8259],[-71.44616,-12.82766],[-71.45597,-12.84005],[-71.44507,-12.84073],[-71.44249,-12.85361],[-71.44976,-12.85829],[-71.44887,-12.86334],[-71.44167,-12.86739],[-71.43591,-12.87652],[-71.4243,-12.87589],[-71.42685,-12.88269],[-71.41767,-12.88388],[-71.41524,-12.89426],[-71.39622,-12.88286],[-71.38859,-12.88845],[-71.38036,-12.89923],[-71.37562,-12.90061],[-71.36021,-12.89012],[-71.35992,-12.88251],[-71.35494,-12.88398],[-71.34814,-12.89251],[-71.34127,-12.89554],[-71.33344,-12.90453],[-71.32611,-12.91831],[-71.31581,-12.92449],[-71.31541,-12.93073],[-71.30952,-12.93014],[-71.30162,-12.9351],[-71.30067,-12.94185],[-71.28796,-12.94891],[-71.27163,-12.95537],[-71.27172,-12.96184],[-71.26495,-12.96288],[-71.25211,-12.96398],[-71.23875,-12.97193],[-71.22972,-12.97196],[-71.22556,-12.96002],[-71.21241,-12.95882],[-71.20557,-12.96157],[-71.19506,-12.95997],[-71.18646,-12.96875],[-71.17641,-12.97094],[-71.17207,-12.96531],[-71.16353,-12.96585],[-71.159,-12.97868],[-71.17304,-12.98333],[-71.17868,-12.99529],[-71.17826,-13.00373],[-71.16862,-13.01013],[-71.16623,-13.02252],[-71.17183,-13.03684],[-71.17332,-13.05644],[-71.16158,-13.06646],[-71.16137,-13.07575],[-71.16818,-13.09409],[-71.16479,-13.11235],[-71.15822,-13.12298],[-71.15114,-13.12412],[-71.14381,-13.14],[-71.1465,-13.1475],[-71.14024,-13.16973],[-71.13935,-13.1958],[-71.13476,-13.204],[-71.13486,-13.211],[-71.12763,-13.22686],[-71.12201,-13.23353],[-71.10751,-13.23823],[-71.09106,-13.24032],[-71.06418,-13.2567]]]}},{"type":"Feature","properties":{"ubigeo":"081201","nombre":"Urcos"},"geometry":{"type":"Polygon","coordinates":[[[-71.64451,-13.7591],[-71.65451,-13.74452],[-71.6478,-13.73863],[-71.64891,-13.73148],[-71.63728,-13.71947],[-71.64176,-13.71049],[-71.63339,-13.69848],[-71.63647,-13.68032],[-71.64359,-13.66864],[-71.64289,-13.66064],[-71.65575,-13.64001],[-71.646,-13.62468],[-71.62264,-13.60428],[-71.61972,-13.59748],[-71.61356,-13.60163],[-71.60796,-13.61488],[-71.59416,-13.62772],[-71.58469,-13.64764],[-71.54941,-13.66626],[-71.5419,-13.67196],[-71.53554,-13.68108],[-71.52547,-13.70172],[-71.52527,-13.70465],[-71.54305,-13.71639],[-71.55276,-13.72564],[-71.56606,-13.74441],[-71.5742,-13.74083],[-71.58143,-13.7432],[-71.59473,-13.75879],[-71.61612,-13.75123],[-71.6235,-13.74424],[-71.64451,-13.7591]]]}},{"type":"Feature","properties":{"ubigeo":"081202","nombre":"Andahuaylillas"},"geometry":{"type":"Polygon","coordinates":[[[-71.64359,-13.66864],[-71.65513,-13.67281],[-71.66498,-13.68849],[-71.68538,-13.70078],[-71.69288,-13.70326],[-71.7027,-13.71313],[-71.70947,-13.71135],[-71.71726,-13.71769],[-71.71894,-13.72491],[-71.72714,-13.73301],[-71.73588,-13.73686],[-71.74652,-13.72634],[-71.74523,-13.71755],[-71.74837,-13.71033],[-71.74344,-13.70152],[-71.74399,-13.68064],[-71.73594,-13.67263],[-71.72512,-13.6724],[-71.71941,-13.65819],[-71.71355,-13.65013],[-71.70669,-13.63392],[-71.7116,-13.62073],[-71.72609,-13.61149],[-71.72749,-13.60522],[-71.71756,-13.58773],[-71.71069,-13.58065],[-71.70392,-13.58694],[-71.7028,-13.59471],[-71.69633,-13.60526],[-71.681,-13.6178],[-71.68351,-13.62213],[-71.67516,-13.63435],[-71.65575,-13.64001],[-71.64289,-13.66064],[-71.64359,-13.66864]]]}},{"type":"Feature","properties":{"ubigeo":"081203","nombre":"Camanti"},"geometry":{"type":"Polygon","coordinates":[[[-70.3995,-13.37164],[-70.41724,-13.36181],[-70.41887,-13.35894],[-70.432,-13.35801],[-70.43405,-13.3621],[-70.45044,-13.3645],[-70.45236,-13.36853],[-70.44255,-13.39336],[-70.45096,-13.40212],[-70.45076,-13.41084],[-70.45709,-13.41632],[-70.471,-13.44233],[-70.45316,-13.44546],[-70.45662,-13.45656],[-70.46622,-13.46618],[-70.4691,-13.47426],[-70.4748,-13.47806],[-70.48477,-13.49091],[-70.48879,-13.50038],[-70.49576,-13.50143],[-70.51987,-13.51397],[-70.53403,-13.52527],[-70.54591,-13.54544],[-70.54215,-13.55977],[-70.54172,-13.57449],[-70.55027,-13.57684],[-70.56037,-13.58661],[-70.57166,-13.58602],[-70.57787,-13.58584],[-70.58585,-13.59643],[-70.60072,-13.59908],[-70.61068,-13.60895],[-70.61619,-13.60906],[-70.62157,-13.6211],[-70.62748,-13.62775],[-70.63692,-13.63278],[-70.6374,-13.63767],[-70.64787,-13.64483],[-70.65391,-13.65594],[-70.67066,-13.66207],[-70.68888,-13.65259],[-70.71537,-13.66265],[-70.73072,-13.65643],[-70.73782,-13.64382],[-70.73757,-13.6351],[-70.74255,-13.62846],[-70.73836,-13.61959],[-70.74793,-13.61728],[-70.75741,-13.60687],[-70.76567,-13.60459],[-70.76681,-13.59461],[-70.78501,-13.59409],[-70.78434,-13.57921],[-70.77985,-13.5734],[-70.78699,-13.56824],[-70.80427,-13.56454],[-70.80771,-13.55008],[-70.80582,-13.54363],[-70.81153,-13.53807],[-70.81106,-13.52355],[-70.81703,-13.50827],[-70.81277,-13.49971],[-70.82298,-13.49373],[-70.82249,-13.483],[-70.81416,-13.47634],[-70.81059,-13.46888],[-70.8163,-13.4472],[-70.82205,-13.45093],[-70.82961,-13.43673],[-70.8425,-13.423],[-70.85768,-13.423],[-70.8643,-13.42556],[-70.87358,-13.42192],[-70.884,-13.42377],[-70.89179,-13.43078],[-70.90538,-13.43033],[-70.91541,-13.43589],[-70.91621,-13.44261],[-70.92314,-13.44748],[-70.93776,-13.46863],[-70.94516,-13.48258],[-70.95541,-13.48554],[-70.95677,-13.4935],[-70.96356,-13.49957],[-70.96591,-13.52606],[-70.96839,-13.53268],[-70.9781,-13.53146],[-70.98654,-13.53887],[-71.00192,-13.53887],[-71.01944,-13.52859],[-71.04065,-13.52319],[-71.05735,-13.52422],[-71.07193,-13.52973],[-71.08942,-13.52817],[-71.10082,-13.51807],[-71.11583,-13.51907],[-71.12459,-13.51591],[-71.13611,-13.50171],[-71.13854,-13.49091],[-71.14901,-13.48508],[-71.14328,-13.47654],[-71.1485,-13.46315],[-71.14895,-13.45067],[-71.14524,-13.44173],[-71.15083,-13.42434],[-71.15675,-13.41922],[-71.16147,-13.40953],[-71.15877,-13.39471],[-71.15008,-13.39141],[-71.14837,-13.3801],[-71.15298,-13.37537],[-71.14665,-13.37165],[-71.14773,-13.36605],[-71.14347,-13.3579],[-71.13444,-13.34916],[-71.13102,-13.33608],[-71.12189,-13.33094],[-71.1191,-13.3205],[-71.11204,-13.31724],[-71.11834,-13.30521],[-71.11514,-13.30155],[-71.09685,-13.30327],[-71.09172,-13.29548],[-71.0946,-13.29226],[-71.08979,-13.28328],[-71.08158,-13.28114],[-71.06418,-13.2567],[-71.04765,-13.26278],[-71.04095,-13.26875],[-71.0279,-13.27068],[-71.01404,-13.26719],[-71.0079,-13.25153],[-71.01149,-13.23979],[-71.00786,-13.23097],[-71.00111,-13.22933],[-70.99085,-13.22155],[-70.99432,-13.20322],[-70.9878,-13.18959],[-70.97452,-13.16829],[-70.96298,-13.16948],[-70.95735,-13.16345],[-70.94219,-13.1565],[-70.93764,-13.14408],[-70.94228,-13.13549],[-70.93537,-13.13001],[-70.92826,-13.12924],[-70.92215,-13.12152],[-70.92139,-13.11083],[-70.88994,-13.10287],[-70.89903,-13.08075],[-70.89927,-13.06968],[-70.88218,-13.07067],[-70.86311,-13.08032],[-70.85242,-13.0791],[-70.84296,-13.06705],[-70.82954,-13.067],[-70.81448,-13.07129],[-70.81203,-13.07759],[-70.8029,-13.08414],[-70.79985,-13.08991],[-70.79175,-13.09255],[-70.77429,-13.10328],[-70.75841,-13.10804],[-70.74602,-13.10349],[-70.72295,-13.10582],[-70.71005,-13.10946],[-70.70565,-13.10516],[-70.68394,-13.10547],[-70.68344,-13.09843],[-70.67464,-13.09661],[-70.66962,-13.09067],[-70.65976,-13.08846],[-70.65008,-13.09383],[-70.64167,-13.09076],[-70.62491,-13.09314],[-70.60638,-13.10174],[-70.59949,-13.09915],[-70.58754,-13.10313],[-70.58356,-13.11299],[-70.57799,-13.11755],[-70.57053,-13.13032],[-70.55801,-13.13669],[-70.55103,-13.14597],[-70.54985,-13.15286],[-70.54199,-13.15463],[-70.52973,-13.15256],[-70.50432,-13.15946],[-70.50076,-13.15654],[-70.47937,-13.16017],[-70.46425,-13.15969],[-70.44651,-13.17038],[-70.42547,-13.17612],[-70.41229,-13.17764],[-70.4096,-13.18275],[-70.39548,-13.18305],[-70.38847,-13.19239],[-70.38446,-13.20474],[-70.39001,-13.21534],[-70.38795,-13.22516],[-70.39063,-13.23211],[-70.40053,-13.23474],[-70.41736,-13.2436],[-70.42202,-13.24994],[-70.42041,-13.25857],[-70.40792,-13.26304],[-70.40135,-13.2706],[-70.3824,-13.27161],[-70.37084,-13.27641],[-70.34829,-13.29361],[-70.34507,-13.29978],[-70.34585,-13.31275],[-70.36919,-13.30758],[-70.37282,-13.31331],[-70.38223,-13.31103],[-70.39284,-13.31416],[-70.40195,-13.32654],[-70.40114,-13.33489],[-70.39476,-13.33815],[-70.39273,-13.34477],[-70.39958,-13.36377],[-70.3995,-13.37164]]]}},{"type":"Feature","properties":{"ubigeo":"081204","nombre":"Ccarhuayo"},"geometry":{"type":"Polygon","coordinates":[[[-71.21957,-13.5172],[-71.2263,-13.52025],[-71.2394,-13.53849],[-71.25744,-13.54468],[-71.26548,-13.5555],[-71.27668,-13.55317],[-71.28728,-13.55398],[-71.29682,-13.56383],[-71.29537,-13.56943],[-71.30604,-13.57563],[-71.31794,-13.57831],[-71.32079,-13.59284],[-71.32659,-13.60586],[-71.31827,-13.6165],[-71.32073,-13.63043],[-71.31604,-13.64008],[-71.3373,-13.65739],[-71.34573,-13.65651],[-71.35176,-13.64758],[-71.36622,-13.64252],[-71.38348,-13.62102],[-71.39555,-13.60964],[-71.40068,-13.59746],[-71.40207,-13.58642],[-71.40988,-13.5786],[-71.41752,-13.5763],[-71.42732,-13.56797],[-71.44719,-13.55889],[-71.45436,-13.54673],[-71.45601,-13.53922],[-71.4529,-13.52353],[-71.46604,-13.50521],[-71.46737,-13.49495],[-71.44868,-13.50722],[-71.43932,-13.50868],[-71.43223,-13.52012],[-71.41625,-13.51694],[-71.40386,-13.50435],[-71.40612,-13.49644],[-71.39926,-13.48498],[-71.39556,-13.48374],[-71.38344,-13.46935],[-71.3811,-13.45825],[-71.37689,-13.45649],[-71.3728,-13.4462],[-71.35619,-13.45332],[-71.35073,-13.45045],[-71.34342,-13.45969],[-71.33605,-13.45938],[-71.32844,-13.46066],[-71.32046,-13.45487],[-71.30956,-13.45646],[-71.29409,-13.4553],[-71.2919,-13.46054],[-71.28106,-13.46675],[-71.26578,-13.46565],[-71.26632,-13.47972],[-71.25274,-13.48155],[-71.23821,-13.49318],[-71.23478,-13.50024],[-71.22302,-13.50629],[-71.21957,-13.5172]]]}},{"type":"Feature","properties":{"ubigeo":"081205","nombre":"Ccatca"},"geometry":{"type":"Polygon","coordinates":[[[-71.40068,-13.59746],[-71.41031,-13.60227],[-71.41853,-13.60117],[-71.42085,-13.61174],[-71.43229,-13.62339],[-71.44423,-13.62431],[-71.44725,-13.63821],[-71.43827,-13.66044],[-71.44321,-13.67194],[-71.45493,-13.68361],[-71.47012,-13.68277],[-71.478,-13.69086],[-71.48259,-13.71711],[-71.48773,-13.72173],[-71.49872,-13.71152],[-71.51493,-13.70015],[-71.52547,-13.70172],[-71.53554,-13.68108],[-71.5419,-13.67196],[-71.54941,-13.66626],[-71.58469,-13.64764],[-71.59416,-13.62772],[-71.60796,-13.61488],[-71.61356,-13.60163],[-71.61972,-13.59748],[-71.62003,-13.5891],[-71.62476,-13.58299],[-71.62661,-13.56617],[-71.59353,-13.56276],[-71.58162,-13.56514],[-71.57356,-13.56951],[-71.56906,-13.56218],[-71.55872,-13.57154],[-71.55915,-13.58045],[-71.55266,-13.59456],[-71.54706,-13.59908],[-71.53757,-13.59706],[-71.53156,-13.59086],[-71.52631,-13.59093],[-71.51769,-13.57922],[-71.51197,-13.57561],[-71.50792,-13.56408],[-71.51501,-13.55204],[-71.51205,-13.53566],[-71.5172,-13.52134],[-71.51762,-13.51073],[-71.51317,-13.50713],[-71.51773,-13.48917],[-71.52466,-13.48262],[-71.52662,-13.46984],[-71.52032,-13.46946],[-71.50514,-13.46146],[-71.50229,-13.4549],[-71.49252,-13.46785],[-71.48258,-13.4698],[-71.47643,-13.48362],[-71.46737,-13.49495],[-71.46604,-13.50521],[-71.4529,-13.52353],[-71.45601,-13.53922],[-71.45436,-13.54673],[-71.44719,-13.55889],[-71.42732,-13.56797],[-71.41752,-13.5763],[-71.40988,-13.5786],[-71.40207,-13.58642],[-71.40068,-13.59746]]]}},{"type":"Feature","properties":{"ubigeo":"081206","nombre":"Cusipata"},"geometry":{"type":"Polygon","coordinates":[[[-71.29769,-13.84398],[-71.30443,-13.85757],[-71.3008,-13.87298],[-71.31142,-13.87586],[-71.30782,-13.89001],[-71.31777,-13.89865],[-71.32023,-13.90599],[-71.32881,-13.90838],[-71.34112,-13.90028],[-71.35222,-13.90116],[-71.37346,-13.92034],[-71.38729,-13.90966],[-71.39318,-13.89621],[-71.40835,-13.8969],[-71.41442,-13.91122],[-71.41243,-13.91601],[-71.42272,-13.92577],[-71.44098,-13.926],[-71.44298,-13.93778],[-71.45672,-13.93737],[-71.46686,-13.92704],[-71.47848,-13.92978],[-71.48962,-13.94404],[-71.50271,-13.95194],[-71.50404,-13.95669],[-71.51359,-13.96079],[-71.51688,-13.96722],[-71.52467,-13.96468],[-71.53065,-13.95518],[-71.53092,-13.94844],[-71.53695,-13.9413],[-71.54218,-13.94582],[-71.56239,-13.93471],[-71.56722,-13.92334],[-71.55865,-13.92218],[-71.56538,-13.90328],[-71.55836,-13.89616],[-71.55531,-13.8848],[-71.54288,-13.87375],[-71.51925,-13.86356],[-71.51488,-13.86956],[-71.50934,-13.85376],[-71.4996,-13.84543],[-71.47964,-13.84554],[-71.4689,-13.85957],[-71.44921,-13.85526],[-71.43332,-13.84413],[-71.42343,-13.83236],[-71.41447,-13.83292],[-71.39476,-13.83011],[-71.38837,-13.82371],[-71.38614,-13.81523],[-71.37802,-13.81002],[-71.37034,-13.81119],[-71.36732,-13.82115],[-71.35166,-13.8305],[-71.34268,-13.83333],[-71.33786,-13.83978],[-71.34299,-13.8495],[-71.32968,-13.85363],[-71.31301,-13.84254],[-71.31087,-13.83703],[-71.29769,-13.84398]]]}},{"type":"Feature","properties":{"ubigeo":"081207","nombre":"Huaro"},"geometry":{"type":"Polygon","coordinates":[[[-71.63778,-13.83523],[-71.64755,-13.82337],[-71.65997,-13.82432],[-71.66908,-13.82148],[-71.68538,-13.82591],[-71.70168,-13.81979],[-71.71247,-13.8203],[-71.70866,-13.80879],[-71.7022,-13.79826],[-71.696,-13.79537],[-71.70131,-13.78849],[-71.7033,-13.75952],[-71.71278,-13.74676],[-71.71296,-13.74279],[-71.72714,-13.73301],[-71.71894,-13.72491],[-71.71726,-13.71769],[-71.70947,-13.71135],[-71.7027,-13.71313],[-71.69288,-13.70326],[-71.68538,-13.70078],[-71.66498,-13.68849],[-71.65513,-13.67281],[-71.64359,-13.66864],[-71.63647,-13.68032],[-71.63339,-13.69848],[-71.64176,-13.71049],[-71.63728,-13.71947],[-71.64891,-13.73148],[-71.6478,-13.73863],[-71.65451,-13.74452],[-71.64451,-13.7591],[-71.63485,-13.77629],[-71.63985,-13.7816],[-71.64175,-13.79932],[-71.63274,-13.81451],[-71.63746,-13.82142],[-71.63266,-13.8338],[-71.63778,-13.83523]]]}},{"type":"Feature","properties":{"ubigeo":"081208","nombre":"Lucre"},"geometry":{"type":"Polygon","coordinates":[[[-71.74837,-13.71033],[-71.76391,-13.70814],[-71.78343,-13.69699],[-71.78976,-13.69836],[-71.79412,-13.69749],[-71.8038,-13.68481],[-71.81609,-13.68517],[-71.82716,-13.67144],[-71.82512,-13.66739],[-71.82888,-13.65512],[-71.83838,-13.63776],[-71.84316,-13.63079],[-71.83237,-13.62194],[-71.82746,-13.61322],[-71.81982,-13.60776],[-71.80397,-13.62428],[-71.79243,-13.62488],[-71.78388,-13.62921],[-71.77027,-13.62637],[-71.76137,-13.61954],[-71.76188,-13.60492],[-71.75477,-13.59986],[-71.73988,-13.59486],[-71.74596,-13.5857],[-71.74257,-13.57433],[-71.73238,-13.56054],[-71.71952,-13.55247],[-71.71619,-13.55977],[-71.72445,-13.56347],[-71.72429,-13.57237],[-71.71069,-13.58065],[-71.71756,-13.58773],[-71.72749,-13.60522],[-71.72609,-13.61149],[-71.7116,-13.62073],[-71.70669,-13.63392],[-71.71355,-13.65013],[-71.71941,-13.65819],[-71.72512,-13.6724],[-71.73594,-13.67263],[-71.74399,-13.68064],[-71.74344,-13.70152],[-71.74837,-13.71033]]]}},{"type":"Feature","properties":{"ubigeo":"081209","nombre":"Marcapata"},"geometry":{"type":"Polygon","coordinates":[[[-70.73495,-13.73428],[-70.73475,-13.73902],[-70.72641,-13.74713],[-70.72231,-13.76146],[-70.7184,-13.76578],[-70.72182,-13.77102],[-70.71493,-13.77231],[-70.7079,-13.78251],[-70.70518,-13.79256],[-70.69886,-13.80317],[-70.70422,-13.82151],[-70.70856,-13.8281],[-70.70982,-13.84206],[-70.72136,-13.82934],[-70.73592,-13.82425],[-70.75191,-13.81648],[-70.76837,-13.81433],[-70.79449,-13.81806],[-70.79631,-13.82215],[-70.81791,-13.82053],[-70.8284,-13.82763],[-70.85027,-13.81279],[-70.85114,-13.80119],[-70.8625,-13.80029],[-70.87021,-13.78594],[-70.88832,-13.77791],[-70.90515,-13.79307],[-70.90707,-13.8092],[-70.9137,-13.81417],[-70.93501,-13.80062],[-70.95114,-13.80492],[-70.96852,-13.79636],[-70.97205,-13.77963],[-70.98214,-13.7772],[-70.98301,-13.7692],[-70.99164,-13.76134],[-71.00367,-13.75605],[-71.02551,-13.75008],[-71.03557,-13.75323],[-71.04873,-13.74725],[-71.06201,-13.73662],[-71.08097,-13.7255],[-71.07945,-13.71246],[-71.07358,-13.70547],[-71.07125,-13.69445],[-71.0648,-13.67991],[-71.07636,-13.66791],[-71.07857,-13.66112],[-71.08943,-13.6591],[-71.09053,-13.6448],[-71.10005,-13.63935],[-71.09959,-13.6301],[-71.1038,-13.62216],[-71.10016,-13.61593],[-71.10929,-13.61488],[-71.11739,-13.60098],[-71.12674,-13.60093],[-71.14192,-13.5923],[-71.14261,-13.58089],[-71.13994,-13.57244],[-71.14729,-13.5611],[-71.14862,-13.55078],[-71.15298,-13.54267],[-71.16488,-13.53361],[-71.16607,-13.5233],[-71.18435,-13.51405],[-71.18023,-13.50055],[-71.1705,-13.49359],[-71.16031,-13.49758],[-71.15578,-13.48799],[-71.14901,-13.48508],[-71.13854,-13.49091],[-71.13611,-13.50171],[-71.12459,-13.51591],[-71.11583,-13.51907],[-71.10082,-13.51807],[-71.08942,-13.52817],[-71.07193,-13.52973],[-71.05735,-13.52422],[-71.04065,-13.52319],[-71.01944,-13.52859],[-71.00192,-13.53887],[-70.98654,-13.53887],[-70.9781,-13.53146],[-70.96839,-13.53268],[-70.96591,-13.52606],[-70.96356,-13.49957],[-70.95677,-13.4935],[-70.95541,-13.48554],[-70.94516,-13.48258],[-70.93776,-13.46863],[-70.92314,-13.44748],[-70.91621,-13.44261],[-70.91541,-13.43589],[-70.90538,-13.43033],[-70.89179,-13.43078],[-70.884,-13.42377],[-70.87358,-13.42192],[-70.8643,-13.42556],[-70.85768,-13.423],[-70.8425,-13.423],[-70.82961,-13.43673],[-70.82205,-13.45093],[-70.8163,-13.4472],[-70.81059,-13.46888],[-70.81416,-13.47634],[-70.82249,-13.483],[-70.82298,-13.49373],[-70.81277,-13.49971],[-70.81703,-13.50827],[-70.81106,-13.52355],[-70.81153,-13.53807],[-70.80582,-13.54363],[-70.80771,-13.55008],[-70.80427,-13.56454],[-70.78699,-13.56824],[-70.77985,-13.5734],[-70.78434,-13.57921],[-70.78501,-13.59409],[-70.76681,-13.59461],[-70.76567,-13.60459],[-70.75741,-13.60687],[-70.74793,-13.61728],[-70.73836,-13.61959],[-70.74255,-13.62846],[-70.73757,-13.6351],[-70.73782,-13.64382],[-70.73072,-13.65643],[-70.71537,-13.66265],[-70.71425,-13.67721],[-70.72094,-13.68301],[-70.72124,-13.70016],[-70.73565,-13.71178],[-70.73254,-13.72812],[-70.73495,-13.73428]]]}},{"type":"Feature","properties":{"ubigeo":"081210","nombre":"Ocongate"},"geometry":{"type":"Polygon","coordinates":[[[-71.29769,-13.84398],[-71.31087,-13.83703],[-71.31301,-13.84254],[-71.32968,-13.85363],[-71.34299,-13.8495],[-71.33786,-13.83978],[-71.34268,-13.83333],[-71.35166,-13.8305],[-71.36732,-13.82115],[-71.37034,-13.81119],[-71.37198,-13.80719],[-71.38846,-13.80413],[-71.40094,-13.79678],[-71.40137,-13.79152],[-71.41186,-13.78454],[-71.42063,-13.77396],[-71.43907,-13.77305],[-71.44094,-13.76607],[-71.44822,-13.76191],[-71.46539,-13.74586],[-71.46524,-13.74104],[-71.47907,-13.73618],[-71.48773,-13.72173],[-71.48259,-13.71711],[-71.478,-13.69086],[-71.47012,-13.68277],[-71.45493,-13.68361],[-71.44321,-13.67194],[-71.43827,-13.66044],[-71.44725,-13.63821],[-71.44423,-13.62431],[-71.43229,-13.62339],[-71.42085,-13.61174],[-71.41853,-13.60117],[-71.41031,-13.60227],[-71.40068,-13.59746],[-71.39555,-13.60964],[-71.38348,-13.62102],[-71.36622,-13.64252],[-71.35176,-13.64758],[-71.34573,-13.65651],[-71.3373,-13.65739],[-71.31604,-13.64008],[-71.32073,-13.63043],[-71.31827,-13.6165],[-71.32659,-13.60586],[-71.32079,-13.59284],[-71.31794,-13.57831],[-71.30604,-13.57563],[-71.29537,-13.56943],[-71.29682,-13.56383],[-71.28728,-13.55398],[-71.27668,-13.55317],[-71.26548,-13.5555],[-71.25744,-13.54468],[-71.2394,-13.53849],[-71.2263,-13.52025],[-71.21957,-13.5172],[-71.20168,-13.52008],[-71.19301,-13.52665],[-71.18435,-13.51405],[-71.16607,-13.5233],[-71.16488,-13.53361],[-71.15298,-13.54267],[-71.14862,-13.55078],[-71.14729,-13.5611],[-71.13994,-13.57244],[-71.14261,-13.58089],[-71.14192,-13.5923],[-71.12674,-13.60093],[-71.11739,-13.60098],[-71.10929,-13.61488],[-71.10016,-13.61593],[-71.1038,-13.62216],[-71.09959,-13.6301],[-71.10005,-13.63935],[-71.09053,-13.6448],[-71.08943,-13.6591],[-71.07857,-13.66112],[-71.07636,-13.66791],[-71.0648,-13.67991],[-71.07125,-13.69445],[-71.07358,-13.70547],[-71.07945,-13.71246],[-71.08097,-13.7255],[-71.09062,-13.73859],[-71.09369,-13.74663],[-71.10354,-13.76038],[-71.12219,-13.76159],[-71.13222,-13.75598],[-71.13829,-13.74406],[-71.16377,-13.7432],[-71.17952,-13.76812],[-71.17902,-13.77911],[-71.18322,-13.78872],[-71.1931,-13.79315],[-71.2081,-13.78704],[-71.21446,-13.77857],[-71.22362,-13.78039],[-71.22848,-13.78933],[-71.23708,-13.81486],[-71.25157,-13.82461],[-71.28931,-13.82771],[-71.29769,-13.84398]]]}},{"type":"Feature","properties":{"ubigeo":"081211","nombre":"Oropesa"},"geometry":{"type":"Polygon","coordinates":[[[-71.81982,-13.60776],[-71.82316,-13.60162],[-71.83559,-13.59083],[-71.81591,-13.57624],[-71.81433,-13.56807],[-71.81804,-13.55851],[-71.81495,-13.5532],[-71.8209,-13.52175],[-71.81931,-13.51704],[-71.80463,-13.50826],[-71.7796,-13.52563],[-71.77,-13.54563],[-71.76159,-13.54939],[-71.74915,-13.56357],[-71.74655,-13.57497],[-71.74257,-13.57433],[-71.74596,-13.5857],[-71.73988,-13.59486],[-71.75477,-13.59986],[-71.76188,-13.60492],[-71.76137,-13.61954],[-71.77027,-13.62637],[-71.78388,-13.62921],[-71.79243,-13.62488],[-71.80397,-13.62428],[-71.81982,-13.60776]]]}},{"type":"Feature","properties":{"ubigeo":"081212","nombre":"Quiquijana"},"geometry":{"type":"Polygon","coordinates":[[[-71.37034,-13.81119],[-71.37802,-13.81002],[-71.38614,-13.81523],[-71.38837,-13.82371],[-71.39476,-13.83011],[-71.41447,-13.83292],[-71.42343,-13.83236],[-71.43332,-13.84413],[-71.44921,-13.85526],[-71.4689,-13.85957],[-71.47964,-13.84554],[-71.4996,-13.84543],[-71.50934,-13.85376],[-71.51488,-13.86956],[-71.51925,-13.86356],[-71.54288,-13.87375],[-71.55531,-13.8848],[-71.55836,-13.89616],[-71.56538,-13.90328],[-71.57637,-13.90564],[-71.58977,-13.90204],[-71.60085,-13.90627],[-71.61594,-13.89727],[-71.62018,-13.89727],[-71.62904,-13.88419],[-71.63239,-13.87062],[-71.63808,-13.86112],[-71.63891,-13.84985],[-71.63452,-13.84561],[-71.63778,-13.83523],[-71.63266,-13.8338],[-71.63746,-13.82142],[-71.63274,-13.81451],[-71.64175,-13.79932],[-71.63985,-13.7816],[-71.63485,-13.77629],[-71.64451,-13.7591],[-71.6235,-13.74424],[-71.61612,-13.75123],[-71.59473,-13.75879],[-71.58143,-13.7432],[-71.5742,-13.74083],[-71.56606,-13.74441],[-71.55276,-13.72564],[-71.54305,-13.71639],[-71.52527,-13.70465],[-71.52547,-13.70172],[-71.51493,-13.70015],[-71.49872,-13.71152],[-71.48773,-13.72173],[-71.47907,-13.73618],[-71.46524,-13.74104],[-71.46539,-13.74586],[-71.44822,-13.76191],[-71.44094,-13.76607],[-71.43907,-13.77305],[-71.42063,-13.77396],[-71.41186,-13.78454],[-71.40137,-13.79152],[-71.40094,-13.79678],[-71.38846,-13.80413],[-71.37198,-13.80719],[-71.37034,-13.81119]]]}},{"type":"Feature","properties":{"ubigeo":"081301","nombre":"Urubamba"},"geometry":{"type":"Polygon","coordinates":[[[-72.05256,-13.24664],[-72.06722,-13.25716],[-72.07151,-13.26731],[-72.08054,-13.27519],[-72.08489,-13.28635],[-72.09629,-13.30099],[-72.1014,-13.31262],[-72.11675,-13.31075],[-72.12189,-13.30579],[-72.12842,-13.30927],[-72.13597,-13.30811],[-72.14141,-13.29604],[-72.15135,-13.28824],[-72.15962,-13.28839],[-72.16022,-13.28045],[-72.16874,-13.27697],[-72.18319,-13.28676],[-72.18607,-13.27977],[-72.20242,-13.28187],[-72.21823,-13.27256],[-72.21865,-13.25303],[-72.21497,-13.24654],[-72.19139,-13.23071],[-72.18105,-13.21899],[-72.17452,-13.21741],[-72.1615,-13.1936],[-72.16324,-13.18651],[-72.15762,-13.17653],[-72.15007,-13.17495],[-72.14592,-13.18007],[-72.13776,-13.18085],[-72.13789,-13.18804],[-72.13121,-13.19167],[-72.11175,-13.18893],[-72.09831,-13.18897],[-72.08443,-13.19541],[-72.07061,-13.20764],[-72.05956,-13.21499],[-72.05539,-13.24439],[-72.05256,-13.24664]]]}},{"type":"Feature","properties":{"ubigeo":"081302","nombre":"Chinchero"},"geometry":{"type":"Polygon","coordinates":[[[-71.97163,-13.40782],[-71.9739,-13.42276],[-71.98022,-13.4295],[-71.99187,-13.44154],[-72.0006,-13.44404],[-72.01787,-13.43885],[-72.02239,-13.44564],[-72.03424,-13.44711],[-72.04054,-13.45222],[-72.05065,-13.45367],[-72.06077,-13.45097],[-72.07001,-13.43834],[-72.07767,-13.43375],[-72.0987,-13.43103],[-72.10323,-13.42677],[-72.11323,-13.41673],[-72.11737,-13.40493],[-72.11698,-13.39701],[-72.0968,-13.393],[-72.08903,-13.38462],[-72.08439,-13.38522],[-72.06451,-13.36628],[-72.06049,-13.36632],[-72.04493,-13.38242],[-72.04169,-13.3827],[-72.02567,-13.37179],[-72.01742,-13.37096],[-72.00029,-13.37792],[-71.99281,-13.3729],[-71.98531,-13.3776],[-71.97468,-13.38179],[-71.97498,-13.38765],[-71.96868,-13.3986],[-71.97163,-13.40782]]]}},{"type":"Feature","properties":{"ubigeo":"081303","nombre":"Huayllabamba"},"geometry":{"type":"Polygon","coordinates":[[[-72.08903,-13.38462],[-72.10932,-13.3569],[-72.10095,-13.3584],[-72.09229,-13.35428],[-72.10139,-13.33136],[-72.1014,-13.31262],[-72.08482,-13.32227],[-72.07438,-13.33676],[-72.06531,-13.3364],[-72.06351,-13.32581],[-72.06491,-13.31641],[-72.06309,-13.30287],[-72.06576,-13.29251],[-72.0594,-13.27735],[-72.05237,-13.26646],[-72.048,-13.26423],[-72.04491,-13.26939],[-72.04413,-13.29057],[-72.03865,-13.30674],[-72.03989,-13.31615],[-72.03518,-13.32384],[-72.02095,-13.31725],[-72.01121,-13.32736],[-72.00657,-13.34001],[-71.9995,-13.35104],[-71.99437,-13.35445],[-71.98692,-13.36782],[-71.98531,-13.3776],[-71.99281,-13.3729],[-72.00029,-13.37792],[-72.01742,-13.37096],[-72.02567,-13.37179],[-72.04169,-13.3827],[-72.04493,-13.38242],[-72.06049,-13.36632],[-72.06451,-13.36628],[-72.08439,-13.38522],[-72.08903,-13.38462]]]}},{"type":"Feature","properties":{"ubigeo":"081304","nombre":"Machupicchu"},"geometry":{"type":"Polygon","coordinates":[[[-72.54411,-13.33418],[-72.54668,-13.33261],[-72.54434,-13.30465],[-72.55512,-13.27902],[-72.55558,-13.27239],[-72.55157,-13.26129],[-72.55442,-13.23008],[-72.55172,-13.21887],[-72.56437,-13.21228],[-72.56395,-13.20377],[-72.57072,-13.19339],[-72.57141,-13.18741],[-72.56656,-13.17527],[-72.57942,-13.17256],[-72.58153,-13.15313],[-72.58,-13.1453],[-72.5887,-13.13618],[-72.60072,-13.10674],[-72.59252,-13.10599],[-72.5864,-13.09925],[-72.57016,-13.09291],[-72.55958,-13.09541],[-72.55105,-13.09386],[-72.54206,-13.08235],[-72.52723,-13.08726],[-72.52196,-13.09314],[-72.51133,-13.09415],[-72.50208,-13.09823],[-72.49029,-13.09973],[-72.48201,-13.10444],[-72.48048,-13.11174],[-72.46907,-13.12372],[-72.45996,-13.1219],[-72.44878,-13.12791],[-72.44629,-13.14091],[-72.43639,-13.15162],[-72.41725,-13.15716],[-72.41062,-13.16854],[-72.40062,-13.1727],[-72.40064,-13.17763],[-72.40931,-13.18528],[-72.40981,-13.19242],[-72.39817,-13.19504],[-72.39218,-13.20049],[-72.38328,-13.2156],[-72.39736,-13.22526],[-72.4119,-13.23169],[-72.41415,-13.2272],[-72.42595,-13.22492],[-72.42307,-13.23138],[-72.42969,-13.24495],[-72.44164,-13.25484],[-72.44449,-13.26504],[-72.45206,-13.27661],[-72.45113,-13.2905],[-72.45772,-13.29309],[-72.47382,-13.31288],[-72.48761,-13.32455],[-72.49894,-13.32093],[-72.50454,-13.33089],[-72.52018,-13.3354],[-72.53318,-13.33247],[-72.54411,-13.33418]]]}},{"type":"Feature","properties":{"ubigeo":"081305","nombre":"Maras"},"geometry":{"type":"Polygon","coordinates":[[[-72.08903,-13.38462],[-72.0968,-13.393],[-72.11698,-13.39701],[-72.13314,-13.38918],[-72.14667,-13.39178],[-72.16082,-13.39393],[-72.17425,-13.39047],[-72.17906,-13.38199],[-72.19121,-13.37492],[-72.19407,-13.3763],[-72.20996,-13.36678],[-72.21447,-13.35397],[-72.21548,-13.34258],[-72.21153,-13.33131],[-72.21952,-13.32628],[-72.23171,-13.3286],[-72.2353,-13.30576],[-72.22648,-13.28205],[-72.21823,-13.27256],[-72.20242,-13.28187],[-72.18607,-13.27977],[-72.18319,-13.28676],[-72.16874,-13.27697],[-72.16022,-13.28045],[-72.15962,-13.28839],[-72.15135,-13.28824],[-72.14141,-13.29604],[-72.13597,-13.30811],[-72.12842,-13.30927],[-72.12189,-13.30579],[-72.11675,-13.31075],[-72.1014,-13.31262],[-72.10139,-13.33136],[-72.09229,-13.35428],[-72.10095,-13.3584],[-72.10932,-13.3569],[-72.08903,-13.38462]]]}},{"type":"Feature","properties":{"ubigeo":"081306","nombre":"Ollantaytambo"},"geometry":{"type":"Polygon","coordinates":[[[-72.21823,-13.27256],[-72.22648,-13.28205],[-72.2353,-13.30576],[-72.23171,-13.3286],[-72.23355,-13.33114],[-72.24935,-13.32679],[-72.26712,-13.33024],[-72.27784,-13.31639],[-72.28537,-13.31171],[-72.29366,-13.31632],[-72.30327,-13.31765],[-72.31353,-13.31321],[-72.31283,-13.30881],[-72.32006,-13.30922],[-72.32955,-13.31515],[-72.34513,-13.30943],[-72.34814,-13.29737],[-72.35838,-13.2863],[-72.36705,-13.28626],[-72.37705,-13.30027],[-72.3858,-13.30449],[-72.38189,-13.31413],[-72.3844,-13.31923],[-72.38051,-13.32588],[-72.38366,-13.33381],[-72.38126,-13.34244],[-72.37374,-13.34228],[-72.3712,-13.36134],[-72.38082,-13.36548],[-72.38724,-13.3624],[-72.39575,-13.35308],[-72.40898,-13.34489],[-72.42522,-13.34918],[-72.43039,-13.34587],[-72.44368,-13.34468],[-72.44368,-13.35499],[-72.45126,-13.36254],[-72.46309,-13.36518],[-72.47264,-13.36133],[-72.47606,-13.36464],[-72.49144,-13.36877],[-72.50223,-13.36569],[-72.50775,-13.37238],[-72.51411,-13.37401],[-72.52452,-13.37072],[-72.53335,-13.3729],[-72.54068,-13.3678],[-72.53512,-13.35169],[-72.54104,-13.34381],[-72.54411,-13.33418],[-72.53318,-13.33247],[-72.52018,-13.3354],[-72.50454,-13.33089],[-72.49894,-13.32093],[-72.48761,-13.32455],[-72.47382,-13.31288],[-72.45772,-13.29309],[-72.45113,-13.2905],[-72.45206,-13.27661],[-72.44449,-13.26504],[-72.44164,-13.25484],[-72.42969,-13.24495],[-72.42307,-13.23138],[-72.42595,-13.22492],[-72.41415,-13.2272],[-72.4119,-13.23169],[-72.39736,-13.22526],[-72.38328,-13.2156],[-72.39218,-13.20049],[-72.39817,-13.19504],[-72.40981,-13.19242],[-72.40931,-13.18528],[-72.40064,-13.17763],[-72.40062,-13.1727],[-72.38955,-13.17413],[-72.38549,-13.17027],[-72.37025,-13.16436],[-72.3668,-13.16067],[-72.35581,-13.16086],[-72.34856,-13.1577],[-72.33593,-13.15874],[-72.32597,-13.16421],[-72.31114,-13.14649],[-72.30347,-13.14239],[-72.30071,-13.13573],[-72.30529,-13.13023],[-72.30556,-13.11715],[-72.29876,-13.11686],[-72.29469,-13.10868],[-72.28811,-13.10533],[-72.2813,-13.1077],[-72.27641,-13.12281],[-72.26799,-13.11915],[-72.25228,-13.12436],[-72.25191,-13.13208],[-72.24619,-13.13876],[-72.23011,-13.14293],[-72.22745,-13.13261],[-72.23167,-13.12629],[-72.22485,-13.11539],[-72.22746,-13.10716],[-72.22157,-13.0994],[-72.20879,-13.09954],[-72.19782,-13.10561],[-72.19063,-13.09615],[-72.18442,-13.09944],[-72.18099,-13.1067],[-72.16665,-13.11214],[-72.16258,-13.12022],[-72.16446,-13.12864],[-72.15242,-13.1386],[-72.14905,-13.15558],[-72.15131,-13.15814],[-72.15007,-13.17495],[-72.15762,-13.17653],[-72.16324,-13.18651],[-72.1615,-13.1936],[-72.17452,-13.21741],[-72.18105,-13.21899],[-72.19139,-13.23071],[-72.21497,-13.24654],[-72.21865,-13.25303],[-72.21823,-13.27256]]]}},{"type":"Feature","properties":{"ubigeo":"081307","nombre":"Yucay"},"geometry":{"type":"Polygon","coordinates":[[[-72.1014,-13.31262],[-72.09629,-13.30099],[-72.08489,-13.28635],[-72.08054,-13.27519],[-72.07151,-13.26731],[-72.06722,-13.25716],[-72.05256,-13.24664],[-72.04703,-13.25656],[-72.048,-13.26423],[-72.05237,-13.26646],[-72.0594,-13.27735],[-72.06576,-13.29251],[-72.06309,-13.30287],[-72.06491,-13.31641],[-72.06351,-13.32581],[-72.06531,-13.3364],[-72.07438,-13.33676],[-72.08482,-13.32227],[-72.1014,-13.31262]]]}}]}