{"type":"FeatureCollection","features":[{"type":"Feature","properties":{"ubigeo":"090101","nombre":"Huancavelica"},"geometry":{"type":"Polygon","coordinates":[[[-74.9429,-12.72039],[-74.94372,-12.72494],[-74.93096,-12.73439],[-74.91099,-12.73644],[-74.89772,-12.75018],[-74.89873,-12.7687],[-74.89471,-12.77317],[-74.89738,-12.78689],[-74.88598,-12.79795],[-74.88391,-12.80636],[-74.89036,-12.81649],[-74.89725,-12.82151],[-74.89527,-12.83329],[-74.9024,-12.85721],[-74.90016,-12.8669],[-74.89423,-12.87466],[-74.8904,-12.88817],[-74.88087,-12.89786],[-74.87654,-12.90635],[-74.87704,-12.91896],[-74.88699,-12.929],[-74.90345,-12.92991],[-74.91064,-12.94077],[-74.93185,-12.94018],[-74.94603,-12.92729],[-74.9627,-12.92661],[-74.96495,-12.93251],[-74.97552,-12.93504],[-74.98022,-12.944],[-74.97788,-12.96247],[-74.98086,-12.97684],[-74.99976,-12.96755],[-75.00249,-12.97016],[-75.02314,-12.97499],[-75.0343,-12.97331],[-75.03854,-12.96793],[-75.03525,-12.96267],[-75.03783,-12.95428],[-75.03703,-12.93963],[-75.04007,-12.93406],[-75.04911,-12.93132],[-75.04992,-12.92732],[-75.04444,-12.91502],[-75.05723,-12.91426],[-75.0773,-12.92056],[-75.08212,-12.92621],[-75.09176,-12.92957],[-75.10406,-12.92952],[-75.11288,-12.9351],[-75.12065,-12.93183],[-75.1319,-12.93679],[-75.13554,-12.94939],[-75.14947,-12.96006],[-75.14558,-12.96894],[-75.14728,-12.97555],[-75.15813,-12.97954],[-75.15864,-12.97666],[-75.1746,-12.95411],[-75.17858,-12.95725],[-75.19208,-12.94729],[-75.19309,-12.94038],[-75.2019,-12.92366],[-75.21336,-12.91604],[-75.19768,-12.91146],[-75.19074,-12.90422],[-75.18168,-12.9063],[-75.17054,-12.89545],[-75.16873,-12.8889],[-75.15793,-12.8874],[-75.14029,-12.87855],[-75.12511,-12.87574],[-75.11471,-12.85829],[-75.09613,-12.84175],[-75.09327,-12.83576],[-75.07979,-12.8304],[-75.06358,-12.81581],[-75.05218,-12.81022],[-75.04649,-12.79956],[-75.03434,-12.78544],[-75.03358,-12.78033],[-75.02304,-12.77434],[-75.01006,-12.77278],[-74.99487,-12.77823],[-74.99139,-12.78338],[-74.97996,-12.78701],[-74.97408,-12.78512],[-74.98223,-12.75797],[-74.97719,-12.74706],[-74.98072,-12.74061],[-74.97522,-12.72902],[-74.97714,-12.7187],[-74.97231,-12.71069],[-74.96341,-12.70354],[-74.95677,-12.70565],[-74.95545,-12.70951],[-74.9429,-12.72039]]]}},{"type":"Feature","properties":{"ubigeo":"090102","nombre":"Acobambilla"},"geometry":{"type":"Polygon","coordinates":[[[-75.20175,-12.68903],[-75.20135,-12.69434],[-75.20743,-12.71382],[-75.2221,-12.73085],[-75.22988,-12.73624],[-75.22771,-12.74552],[-75.23545,-12.75296],[-75.23697,-12.76754],[-75.23987,-12.77379],[-75.23337,-12.78515],[-75.24025,-12.79158],[-75.23969,-12.79908],[-75.23054,-12.81316],[-75.24231,-12.81056],[-75.2526,-12.80378],[-75.26814,-12.80621],[-75.28027,-12.79985],[-75.28574,-12.80119],[-75.29559,-12.81171],[-75.30341,-12.81555],[-75.31482,-12.81364],[-75.32344,-12.81694],[-75.3281,-12.81373],[-75.33813,-12.81824],[-75.3511,-12.81863],[-75.36639,-12.8285],[-75.37131,-12.82565],[-75.38027,-12.81202],[-75.39148,-12.8061],[-75.39862,-12.79776],[-75.40792,-12.792],[-75.41952,-12.79722],[-75.42553,-12.79714],[-75.4336,-12.79142],[-75.442,-12.77522],[-75.44658,-12.77418],[-75.47484,-12.77828],[-75.4794,-12.78864],[-75.47959,-12.79702],[-75.49196,-12.79743],[-75.49581,-12.79255],[-75.50755,-12.79548],[-75.51389,-12.78865],[-75.5075,-12.77715],[-75.51946,-12.76667],[-75.52699,-12.76296],[-75.55213,-12.74244],[-75.55355,-12.73634],[-75.57073,-12.72522],[-75.57712,-12.7157],[-75.56949,-12.70973],[-75.55351,-12.70334],[-75.55488,-12.69119],[-75.55182,-12.68143],[-75.56114,-12.67762],[-75.55816,-12.66902],[-75.56133,-12.66308],[-75.57462,-12.65975],[-75.57961,-12.64148],[-75.56882,-12.6326],[-75.55927,-12.63075],[-75.54896,-12.62511],[-75.52609,-12.61841],[-75.51056,-12.63447],[-75.49905,-12.63856],[-75.49085,-12.64794],[-75.48952,-12.66332],[-75.48421,-12.67605],[-75.4672,-12.68333],[-75.45928,-12.67467],[-75.45263,-12.65766],[-75.45712,-12.6499],[-75.46079,-12.63139],[-75.45347,-12.62247],[-75.44265,-12.61774],[-75.43145,-12.62573],[-75.41538,-12.62842],[-75.40608,-12.62598],[-75.3948,-12.62997],[-75.38484,-12.63723],[-75.36467,-12.61914],[-75.36754,-12.61366],[-75.36384,-12.60408],[-75.35608,-12.60036],[-75.35167,-12.59051],[-75.34218,-12.58927],[-75.32299,-12.59598],[-75.31598,-12.59491],[-75.29352,-12.60579],[-75.28923,-12.61349],[-75.28309,-12.60776],[-75.2645,-12.59742],[-75.25325,-12.59703],[-75.22415,-12.58295],[-75.20909,-12.58056],[-75.21035,-12.60456],[-75.215,-12.61644],[-75.21408,-12.63535],[-75.20525,-12.64473],[-75.20207,-12.65511],[-75.20434,-12.67093],[-75.20037,-12.68364],[-75.20175,-12.68903]]]}},{"type":"Feature","properties":{"ubigeo":"090103","nombre":"Acoria"},"geometry":{"type":"Polygon","coordinates":[[[-74.68646,-12.58986],[-74.6838,-12.60004],[-74.68822,-12.61931],[-74.70331,-12.6264],[-74.71163,-12.63427],[-74.71868,-12.62882],[-74.73606,-12.62792],[-74.73863,-12.62027],[-74.74516,-12.61575],[-74.7574,-12.62606],[-74.76638,-12.62701],[-74.77173,-12.6237],[-74.77873,-12.63271],[-74.77508,-12.64451],[-74.77765,-12.65227],[-74.77635,-12.67041],[-74.76728,-12.67647],[-74.76868,-12.69055],[-74.77326,-12.70775],[-74.77646,-12.71214],[-74.79738,-12.70924],[-74.80177,-12.72096],[-74.81284,-12.72172],[-74.8223,-12.72624],[-74.84236,-12.7237],[-74.83943,-12.71609],[-74.84417,-12.70066],[-74.85089,-12.69664],[-74.85415,-12.70315],[-74.86385,-12.70808],[-74.88196,-12.72082],[-74.89539,-12.72167],[-74.91362,-12.7201],[-74.92131,-12.72588],[-74.93007,-12.72744],[-74.9429,-12.72039],[-74.95545,-12.70951],[-74.95677,-12.70565],[-74.95694,-12.69943],[-74.94614,-12.69072],[-74.93791,-12.68038],[-74.93526,-12.67004],[-74.93658,-12.66054],[-74.93465,-12.64323],[-74.94168,-12.63795],[-74.94345,-12.62379],[-74.93275,-12.60614],[-74.92219,-12.59748],[-74.92077,-12.59136],[-74.92203,-12.57311],[-74.92879,-12.56483],[-74.92949,-12.54914],[-74.92481,-12.54329],[-74.92926,-12.53405],[-74.91462,-12.52615],[-74.8929,-12.52083],[-74.88909,-12.51644],[-74.88288,-12.51768],[-74.88523,-12.52632],[-74.88187,-12.53254],[-74.86582,-12.52371],[-74.85511,-12.51615],[-74.85311,-12.51047],[-74.84412,-12.50834],[-74.83738,-12.49696],[-74.82218,-12.49852],[-74.81803,-12.48557],[-74.82089,-12.48094],[-74.80288,-12.46966],[-74.79124,-12.46418],[-74.77594,-12.4662],[-74.76711,-12.47531],[-74.75399,-12.47818],[-74.75095,-12.48467],[-74.73479,-12.48304],[-74.72193,-12.48748],[-74.72263,-12.49483],[-74.71698,-12.49915],[-74.71783,-12.50432],[-74.70931,-12.50375],[-74.71004,-12.51105],[-74.70675,-12.52208],[-74.69297,-12.52113],[-74.69122,-12.52438],[-74.69578,-12.53751],[-74.69654,-12.5478],[-74.70463,-12.5497],[-74.70932,-12.55871],[-74.70332,-12.56488],[-74.69395,-12.56647],[-74.68866,-12.57463],[-74.69501,-12.58396],[-74.68646,-12.58986]]]}},{"type":"Feature","properties":{"ubigeo":"090104","nombre":"Conayca"},"geometry":{"type":"Polygon","coordinates":[[[-74.99026,-12.51723],[-74.9879,-12.53878],[-74.99617,-12.54351],[-75.00749,-12.54305],[-75.00948,-12.53806],[-75.02047,-12.5321],[-75.03102,-12.54131],[-75.04049,-12.55314],[-75.05055,-12.55079],[-75.04932,-12.5396],[-75.0571,-12.53281],[-75.0579,-12.52656],[-75.06374,-12.52257],[-75.06212,-12.51407],[-75.0716,-12.51068],[-75.07361,-12.51846],[-75.08549,-12.5189],[-75.09427,-12.50852],[-75.09645,-12.50128],[-75.08193,-12.49541],[-75.07903,-12.48613],[-75.04717,-12.4991],[-75.03973,-12.49794],[-75.02505,-12.49421],[-75.00309,-12.51819],[-74.99026,-12.51723]]]}},{"type":"Feature","properties":{"ubigeo":"090105","nombre":"Cuenca"},"geometry":{"type":"Polygon","coordinates":[[[-75.03973,-12.49794],[-75.04717,-12.4991],[-75.07903,-12.48613],[-75.08193,-12.49541],[-75.09645,-12.50128],[-75.09872,-12.48913],[-75.09531,-12.48278],[-75.10355,-12.46873],[-75.10187,-12.45624],[-75.09043,-12.45433],[-75.08354,-12.44464],[-75.07571,-12.45289],[-75.0674,-12.45431],[-75.04889,-12.45276],[-75.06086,-12.43916],[-75.06221,-12.43167],[-75.05814,-12.4137],[-75.06579,-12.40955],[-75.06099,-12.40152],[-75.04211,-12.40815],[-75.03491,-12.42429],[-75.0352,-12.42911],[-75.02427,-12.43471],[-75.02118,-12.4399],[-75.02182,-12.44987],[-75.01442,-12.45955],[-75.00948,-12.47694],[-75.03237,-12.47898],[-75.04073,-12.4818],[-75.03973,-12.49794]]]}},{"type":"Feature","properties":{"ubigeo":"090106","nombre":"Huachocolpa"},"geometry":{"type":"Polygon","coordinates":[[[-74.83829,-12.97488],[-74.84898,-12.98386],[-74.87704,-12.99926],[-74.87672,-13.0047],[-74.8828,-13.00809],[-74.8821,-13.01394],[-74.90335,-13.0254],[-74.909,-13.03876],[-74.90945,-13.05703],[-74.90509,-13.07423],[-74.90872,-13.07757],[-74.90927,-13.09565],[-74.92007,-13.0988],[-74.91626,-13.1145],[-74.91895,-13.12051],[-74.91057,-13.1338],[-74.91022,-13.14252],[-74.91525,-13.14833],[-74.91326,-13.16747],[-74.91046,-13.18102],[-74.92233,-13.18544],[-74.93276,-13.1812],[-74.93528,-13.18518],[-74.94302,-13.18155],[-74.95512,-13.18185],[-74.96532,-13.16943],[-74.9735,-13.16461],[-74.98544,-13.16216],[-74.98895,-13.14152],[-75.00241,-13.1236],[-75.02919,-13.10586],[-75.03829,-13.08941],[-75.031,-13.07811],[-75.03496,-13.06766],[-75.03309,-13.06184],[-75.03978,-13.05026],[-75.03892,-13.03877],[-75.0356,-13.03399],[-75.03776,-13.02353],[-75.02931,-13.01866],[-75.03208,-13.00906],[-75.0298,-13.00144],[-75.03438,-12.98941],[-75.0343,-12.97331],[-75.02314,-12.97499],[-75.00249,-12.97016],[-74.99976,-12.96755],[-74.98086,-12.97684],[-74.97788,-12.96247],[-74.98022,-12.944],[-74.97552,-12.93504],[-74.96495,-12.93251],[-74.9627,-12.92661],[-74.94603,-12.92729],[-74.93185,-12.94018],[-74.91064,-12.94077],[-74.90345,-12.92991],[-74.88699,-12.929],[-74.89606,-12.94539],[-74.88952,-12.94885],[-74.89042,-12.96844],[-74.87763,-12.97144],[-74.86098,-12.97019],[-74.83829,-12.97488]]]}},{"type":"Feature","properties":{"ubigeo":"090107","nombre":"Huayllahuara"},"geometry":{"type":"Polygon","coordinates":[[[-75.15702,-12.42343],[-75.16554,-12.42541],[-75.16901,-12.43058],[-75.17909,-12.43617],[-75.1897,-12.43628],[-75.19743,-12.42756],[-75.19989,-12.41313],[-75.20445,-12.40656],[-75.21545,-12.40928],[-75.21743,-12.40189],[-75.21433,-12.39621],[-75.22008,-12.39045],[-75.21097,-12.38531],[-75.19263,-12.36713],[-75.18673,-12.36653],[-75.18237,-12.36028],[-75.17602,-12.37258],[-75.1646,-12.38908],[-75.15414,-12.3957],[-75.14687,-12.39555],[-75.14935,-12.4012],[-75.14815,-12.41254],[-75.15702,-12.42343]]]}},{"type":"Feature","properties":{"ubigeo":"090108","nombre":"Izcuchaca"},"geometry":{"type":"Polygon","coordinates":[[[-74.98331,-12.50536],[-74.98788,-12.50813],[-74.99026,-12.51723],[-75.00309,-12.51819],[-75.02505,-12.49421],[-75.03973,-12.49794],[-75.04073,-12.4818],[-75.03237,-12.47898],[-75.00948,-12.47694],[-75.00706,-12.49323],[-74.99953,-12.49904],[-74.98331,-12.50536]]]}},{"type":"Feature","properties":{"ubigeo":"090109","nombre":"Laria"},"geometry":{"type":"Polygon","coordinates":[[[-75.01254,-12.54629],[-75.01999,-12.5443],[-75.02499,-12.55342],[-75.03795,-12.56719],[-75.04616,-12.57315],[-75.0601,-12.57479],[-75.07009,-12.58778],[-75.09047,-12.59364],[-75.08784,-12.59913],[-75.10234,-12.59976],[-75.10247,-12.59055],[-75.11386,-12.5847],[-75.11227,-12.57984],[-75.12222,-12.5716],[-75.12419,-12.56224],[-75.12055,-12.55756],[-75.12233,-12.54449],[-75.1208,-12.53468],[-75.11366,-12.53233],[-75.11169,-12.52641],[-75.10072,-12.51161],[-75.09427,-12.50852],[-75.08549,-12.5189],[-75.07361,-12.51846],[-75.0716,-12.51068],[-75.06212,-12.51407],[-75.06374,-12.52257],[-75.0579,-12.52656],[-75.0571,-12.53281],[-75.04932,-12.5396],[-75.05055,-12.55079],[-75.04049,-12.55314],[-75.03102,-12.54131],[-75.02047,-12.5321],[-75.00948,-12.53806],[-75.00749,-12.54305],[-75.01254,-12.54629]]]}},{"type":"Feature","properties":{"ubigeo":"090110","nombre":"Manta"},"geometry":{"type":"Polygon","coordinates":[[[-75.10234,-12.59976],[-75.10158,-12.61048],[-75.09588,-12.62099],[-75.10565,-12.6255],[-75.12901,-12.64137],[-75.13825,-12.64944],[-75.13184,-12.66331],[-75.13416,-12.67257],[-75.13008,-12.67664],[-75.13064,-12.6861],[-75.14264,-12.68867],[-75.16937,-12.68322],[-75.17199,-12.67555],[-75.17794,-12.68313],[-75.19074,-12.69041],[-75.20175,-12.68903],[-75.20037,-12.68364],[-75.20434,-12.67093],[-75.20207,-12.65511],[-75.20525,-12.64473],[-75.21408,-12.63535],[-75.215,-12.61644],[-75.21035,-12.60456],[-75.20909,-12.58056],[-75.19936,-12.57065],[-75.20114,-12.56193],[-75.20084,-12.54327],[-75.1931,-12.54903],[-75.18256,-12.54918],[-75.17125,-12.54271],[-75.16127,-12.54326],[-75.16252,-12.52975],[-75.14566,-12.52461],[-75.14167,-12.52015],[-75.13822,-12.52534],[-75.12922,-12.52393],[-75.1208,-12.53468],[-75.12233,-12.54449],[-75.12055,-12.55756],[-75.12419,-12.56224],[-75.12222,-12.5716],[-75.11227,-12.57984],[-75.11386,-12.5847],[-75.10247,-12.59055],[-75.10234,-12.59976]]]}},{"type":"Feature","properties":{"ubigeo":"090111","nombre":"Mariscal Cáceres"},"geometry":{"type":"Polygon","coordinates":[[[-74.92879,-12.56483],[-74.94087,-12.56106],[-74.94412,-12.55021],[-74.94298,-12.53576],[-74.93915,-12.53267],[-74.92926,-12.53405],[-74.92481,-12.54329],[-74.92949,-12.54914],[-74.92879,-12.56483]]]}},{"type":"Feature","properties":{"ubigeo":"090112","nombre":"Moya"},"geometry":{"type":"Polygon","coordinates":[[[-75.09645,-12.50128],[-75.09427,-12.50852],[-75.10072,-12.51161],[-75.11169,-12.52641],[-75.11366,-12.53233],[-75.1208,-12.53468],[-75.12922,-12.52393],[-75.13822,-12.52534],[-75.14167,-12.52015],[-75.14658,-12.52046],[-75.15616,-12.51011],[-75.16109,-12.50925],[-75.16204,-12.50055],[-75.16979,-12.48906],[-75.17012,-12.47583],[-75.17741,-12.46959],[-75.17767,-12.46245],[-75.16583,-12.44828],[-75.16491,-12.43938],[-75.15629,-12.42838],[-75.15702,-12.42343],[-75.14815,-12.41254],[-75.14935,-12.4012],[-75.14687,-12.39555],[-75.13101,-12.3785],[-75.12736,-12.39643],[-75.12155,-12.4088],[-75.11153,-12.41506],[-75.10712,-12.42117],[-75.10671,-12.4298],[-75.08354,-12.44464],[-75.09043,-12.45433],[-75.10187,-12.45624],[-75.10355,-12.46873],[-75.09531,-12.48278],[-75.09872,-12.48913],[-75.09645,-12.50128]]]}},{"type":"Feature","properties":{"ubigeo":"090113","nombre":"Nuevo Occoro"},"geometry":{"type":"Polygon","coordinates":[[[-75.10219,-12.72025],[-75.10542,-12.73053],[-75.11116,-12.7237],[-75.12045,-12.73014],[-75.11882,-12.73777],[-75.12419,-12.74349],[-75.13279,-12.74609],[-75.12662,-12.7635],[-75.1133,-12.77828],[-75.1133,-12.78784],[-75.12057,-12.79666],[-75.13871,-12.80681],[-75.14764,-12.80459],[-75.15799,-12.80764],[-75.17361,-12.82199],[-75.17936,-12.82174],[-75.18682,-12.81591],[-75.19222,-12.82016],[-75.20305,-12.81842],[-75.20456,-12.81484],[-75.21437,-12.81421],[-75.22516,-12.80992],[-75.23054,-12.81316],[-75.23969,-12.79908],[-75.24025,-12.79158],[-75.23337,-12.78515],[-75.23987,-12.77379],[-75.23697,-12.76754],[-75.23545,-12.75296],[-75.22771,-12.74552],[-75.22988,-12.73624],[-75.2221,-12.73085],[-75.20743,-12.71382],[-75.20135,-12.69434],[-75.20175,-12.68903],[-75.19074,-12.69041],[-75.17794,-12.68313],[-75.17199,-12.67555],[-75.16937,-12.68322],[-75.14264,-12.68867],[-75.13064,-12.6861],[-75.13008,-12.67664],[-75.13416,-12.67257],[-75.13184,-12.66331],[-75.13825,-12.64944],[-75.12901,-12.64137],[-75.10565,-12.6255],[-75.09588,-12.62099],[-75.10158,-12.61048],[-75.10234,-12.59976],[-75.08784,-12.59913],[-75.09047,-12.59364],[-75.07009,-12.58778],[-75.0601,-12.57479],[-75.04616,-12.57315],[-75.03795,-12.56719],[-75.02499,-12.55342],[-75.01999,-12.5443],[-75.01254,-12.54629],[-75.01394,-12.57408],[-75.01673,-12.57939],[-75.01234,-12.59681],[-75.01637,-12.60751],[-75.02538,-12.61743],[-75.03608,-12.61895],[-75.04525,-12.62895],[-75.06223,-12.63232],[-75.07188,-12.63727],[-75.08308,-12.64699],[-75.09294,-12.66362],[-75.10116,-12.67363],[-75.09785,-12.68478],[-75.091,-12.69691],[-75.11444,-12.70166],[-75.1109,-12.71785],[-75.10219,-12.72025]]]}},{"type":"Feature","properties":{"ubigeo":"090114","nombre":"Palca"},"geometry":{"type":"Polygon","coordinates":[[[-74.95677,-12.70565],[-74.96341,-12.70354],[-74.97231,-12.71069],[-74.97714,-12.7187],[-74.98649,-12.71645],[-75.00082,-12.73565],[-75.00214,-12.72893],[-75.01279,-12.72134],[-75.01107,-12.71334],[-75.01431,-12.70451],[-75.00984,-12.69668],[-75.0293,-12.68913],[-75.03027,-12.68073],[-75.02436,-12.67127],[-75.01535,-12.67153],[-75.00457,-12.66262],[-75.00566,-12.65496],[-75.01492,-12.64596],[-75.01557,-12.64061],[-75.00679,-12.63139],[-74.9987,-12.63556],[-74.99279,-12.62941],[-74.98043,-12.62267],[-74.98054,-12.61741],[-74.96898,-12.61551],[-74.94345,-12.62379],[-74.94168,-12.63795],[-74.93465,-12.64323],[-74.93658,-12.66054],[-74.93526,-12.67004],[-74.93791,-12.68038],[-74.94614,-12.69072],[-74.95694,-12.69943],[-74.95677,-12.70565]]]}},{"type":"Feature","properties":{"ubigeo":"090115","nombre":"Pilchaca"},"geometry":{"type":"Polygon","coordinates":[[[-75.08354,-12.44464],[-75.10671,-12.4298],[-75.10712,-12.42117],[-75.11153,-12.41506],[-75.12155,-12.4088],[-75.12736,-12.39643],[-75.13101,-12.3785],[-75.10936,-12.38234],[-75.10404,-12.37912],[-75.10111,-12.37721],[-75.091,-12.38719],[-75.0667,-12.39396],[-75.06099,-12.40152],[-75.06579,-12.40955],[-75.05814,-12.4137],[-75.06221,-12.43167],[-75.06086,-12.43916],[-75.04889,-12.45276],[-75.0674,-12.45431],[-75.07571,-12.45289],[-75.08354,-12.44464]]]}},{"type":"Feature","properties":{"ubigeo":"090116","nombre":"Vilca"},"geometry":{"type":"Polygon","coordinates":[[[-75.14167,-12.52015],[-75.14566,-12.52461],[-75.16252,-12.52975],[-75.16127,-12.54326],[-75.17125,-12.54271],[-75.18256,-12.54918],[-75.1931,-12.54903],[-75.20084,-12.54327],[-75.20114,-12.56193],[-75.19936,-12.57065],[-75.20909,-12.58056],[-75.22415,-12.58295],[-75.25325,-12.59703],[-75.2645,-12.59742],[-75.28309,-12.60776],[-75.28923,-12.61349],[-75.29352,-12.60579],[-75.31598,-12.59491],[-75.32299,-12.59598],[-75.34218,-12.58927],[-75.35167,-12.59051],[-75.35608,-12.60036],[-75.36384,-12.60408],[-75.36754,-12.61366],[-75.36467,-12.61914],[-75.38484,-12.63723],[-75.3948,-12.62997],[-75.40608,-12.62598],[-75.41538,-12.62842],[-75.41013,-12.61793],[-75.41205,-12.59992],[-75.40916,-12.59712],[-75.40945,-12.58473],[-75.39915,-12.58252],[-75.39074,-12.57487],[-75.37916,-12.55754],[-75.37264,-12.55339],[-75.36844,-12.54451],[-75.36239,-12.5396],[-75.34751,-12.53438],[-75.33652,-12.52203],[-75.31934,-12.5145],[-75.31868,-12.50342],[-75.32474,-12.4855],[-75.31389,-12.48446],[-75.30949,-12.47913],[-75.29766,-12.48525],[-75.28882,-12.4755],[-75.27999,-12.47375],[-75.27836,-12.46783],[-75.26586,-12.46721],[-75.25188,-12.46288],[-75.24288,-12.46425],[-75.22965,-12.47557],[-75.22303,-12.46707],[-75.21552,-12.46342],[-75.21487,-12.45184],[-75.21958,-12.44689],[-75.22328,-12.43553],[-75.2149,-12.42062],[-75.21545,-12.40928],[-75.20445,-12.40656],[-75.19989,-12.41313],[-75.19743,-12.42756],[-75.1897,-12.43628],[-75.17909,-12.43617],[-75.16901,-12.43058],[-75.16554,-12.42541],[-75.15702,-12.42343],[-75.15629,-12.42838],[-75.16491,-12.43938],[-75.16583,-12.44828],[-75.17767,-12.46245],[-75.17741,-12.46959],[-75.17012,-12.47583],[-75.16979,-12.48906],[-75.16204,-12.50055],[-75.16109,-12.50925],[-75.15616,-12.51011],[-75.14658,-12.52046],[-75.14167,-12.52015]]]}},{"type":"Feature","properties":{"ubigeo":"090117","nombre":"Yauli"},"geometry":{"type":"Polygon","coordinates":[[[-74.72984,-12.83741],[-74.72158,-12.84332],[-74.69918,-12.84364],[-74.70936,-12.8542],[-74.71545,-12.85492],[-74.72609,-12.86591],[-74.72558,-12.87066],[-74.73344,-12.87949],[-74.74421,-12.87793],[-74.75643,-12.86907],[-74.76869,-12.87042],[-74.7732,-12.87864],[-74.78294,-12.87795],[-74.78816,-12.88288],[-74.798,-12.90019],[-74.80632,-12.90598],[-74.8041,-12.91526],[-74.8171,-12.92215],[-74.81996,-12.93008],[-74.81799,-12.9393],[-74.82711,-12.94306],[-74.83518,-12.93257],[-74.84593,-12.92784],[-74.85053,-12.92095],[-74.86148,-12.92029],[-74.87137,-12.92392],[-74.87704,-12.91896],[-74.87654,-12.90635],[-74.88087,-12.89786],[-74.8904,-12.88817],[-74.89423,-12.87466],[-74.90016,-12.8669],[-74.9024,-12.85721],[-74.89527,-12.83329],[-74.89725,-12.82151],[-74.89036,-12.81649],[-74.88391,-12.80636],[-74.88598,-12.79795],[-74.89738,-12.78689],[-74.89471,-12.77317],[-74.89873,-12.7687],[-74.89772,-12.75018],[-74.91099,-12.73644],[-74.93096,-12.73439],[-74.94372,-12.72494],[-74.9429,-12.72039],[-74.93007,-12.72744],[-74.92131,-12.72588],[-74.91362,-12.7201],[-74.89539,-12.72167],[-74.88196,-12.72082],[-74.86385,-12.70808],[-74.85415,-12.70315],[-74.85089,-12.69664],[-74.84417,-12.70066],[-74.83943,-12.71609],[-74.84236,-12.7237],[-74.8223,-12.72624],[-74.81284,-12.72172],[-74.80177,-12.72096],[-74.79738,-12.70924],[-74.77646,-12.71214],[-74.77326,-12.70775],[-74.77126,-12.71686],[-74.77718,-12.72603],[-74.77885,-12.74738],[-74.78301,-12.75674],[-74.78253,-12.76472],[-74.78785,-12.77378],[-74.78597,-12.78411],[-74.79364,-12.78797],[-74.79479,-12.79425],[-74.78024,-12.80446],[-74.76804,-12.8073],[-74.75095,-12.80217],[-74.74426,-12.81929],[-74.74403,-12.82573],[-74.73581,-12.82856],[-74.72984,-12.83741]]]}},{"type":"Feature","properties":{"ubigeo":"090118","nombre":"Ascensión"},"geometry":{"type":"Polygon","coordinates":[[[-75.21336,-12.91604],[-75.21404,-12.91321],[-75.23486,-12.89547],[-75.23682,-12.88872],[-75.24982,-12.87924],[-75.26294,-12.88601],[-75.26658,-12.89682],[-75.27699,-12.91422],[-75.28638,-12.91858],[-75.29426,-12.914],[-75.2972,-12.90818],[-75.3049,-12.90425],[-75.31009,-12.91131],[-75.31752,-12.91311],[-75.32171,-12.93133],[-75.33014,-12.93086],[-75.33478,-12.93617],[-75.35454,-12.92805],[-75.34608,-12.91772],[-75.34834,-12.9102],[-75.355,-12.9044],[-75.36139,-12.88773],[-75.35277,-12.88053],[-75.36151,-12.86799],[-75.37002,-12.86407],[-75.38048,-12.8439],[-75.38042,-12.83497],[-75.37131,-12.82565],[-75.36639,-12.8285],[-75.3511,-12.81863],[-75.33813,-12.81824],[-75.3281,-12.81373],[-75.32344,-12.81694],[-75.31482,-12.81364],[-75.30341,-12.81555],[-75.29559,-12.81171],[-75.28574,-12.80119],[-75.28027,-12.79985],[-75.26814,-12.80621],[-75.2526,-12.80378],[-75.24231,-12.81056],[-75.23054,-12.81316],[-75.22516,-12.80992],[-75.21437,-12.81421],[-75.20456,-12.81484],[-75.20305,-12.81842],[-75.19222,-12.82016],[-75.18682,-12.81591],[-75.17936,-12.82174],[-75.17361,-12.82199],[-75.15799,-12.80764],[-75.14764,-12.80459],[-75.13871,-12.80681],[-75.12057,-12.79666],[-75.1133,-12.78784],[-75.1133,-12.77828],[-75.12662,-12.7635],[-75.13279,-12.74609],[-75.12419,-12.74349],[-75.11882,-12.73777],[-75.12045,-12.73014],[-75.11116,-12.7237],[-75.10542,-12.73053],[-75.10219,-12.72025],[-75.09637,-12.71927],[-75.08734,-12.72399],[-75.07914,-12.72422],[-75.07687,-12.73555],[-75.07094,-12.74187],[-75.05848,-12.73738],[-75.04936,-12.72918],[-75.02721,-12.72286],[-75.01279,-12.72134],[-75.00214,-12.72893],[-75.00082,-12.73565],[-74.98649,-12.71645],[-74.97714,-12.7187],[-74.97522,-12.72902],[-74.98072,-12.74061],[-74.97719,-12.74706],[-74.98223,-12.75797],[-74.97408,-12.78512],[-74.97996,-12.78701],[-74.99139,-12.78338],[-74.99487,-12.77823],[-75.01006,-12.77278],[-75.02304,-12.77434],[-75.03358,-12.78033],[-75.03434,-12.78544],[-75.04649,-12.79956],[-75.05218,-12.81022],[-75.06358,-12.81581],[-75.07979,-12.8304],[-75.09327,-12.83576],[-75.09613,-12.84175],[-75.11471,-12.85829],[-75.12511,-12.87574],[-75.14029,-12.87855],[-75.15793,-12.8874],[-75.16873,-12.8889],[-75.17054,-12.89545],[-75.18168,-12.9063],[-75.19074,-12.90422],[-75.19768,-12.91146],[-75.21336,-12.91604]]]}},{"type":"Feature","properties":{"ubigeo":"090119","nombre":"Huando"},"geometry":{"type":"Polygon","coordinates":[[[-74.9483,-12.5155],[-74.94784,-12.5267],[-74.93915,-12.53267],[-74.94298,-12.53576],[-74.94412,-12.55021],[-74.94087,-12.56106],[-74.92879,-12.56483],[-74.92203,-12.57311],[-74.92077,-12.59136],[-74.92219,-12.59748],[-74.93275,-12.60614],[-74.94345,-12.62379],[-74.96898,-12.61551],[-74.98054,-12.61741],[-74.98043,-12.62267],[-74.99279,-12.62941],[-74.9987,-12.63556],[-75.00679,-12.63139],[-75.01557,-12.64061],[-75.01492,-12.64596],[-75.00566,-12.65496],[-75.00457,-12.66262],[-75.01535,-12.67153],[-75.02436,-12.67127],[-75.03027,-12.68073],[-75.0293,-12.68913],[-75.00984,-12.69668],[-75.01431,-12.70451],[-75.01107,-12.71334],[-75.01279,-12.72134],[-75.02721,-12.72286],[-75.04936,-12.72918],[-75.05848,-12.73738],[-75.07094,-12.74187],[-75.07687,-12.73555],[-75.07914,-12.72422],[-75.08734,-12.72399],[-75.09637,-12.71927],[-75.10219,-12.72025],[-75.1109,-12.71785],[-75.11444,-12.70166],[-75.091,-12.69691],[-75.09785,-12.68478],[-75.10116,-12.67363],[-75.09294,-12.66362],[-75.08308,-12.64699],[-75.07188,-12.63727],[-75.06223,-12.63232],[-75.04525,-12.62895],[-75.03608,-12.61895],[-75.02538,-12.61743],[-75.01637,-12.60751],[-75.01234,-12.59681],[-75.01673,-12.57939],[-75.01394,-12.57408],[-75.01254,-12.54629],[-75.00749,-12.54305],[-74.99617,-12.54351],[-74.9879,-12.53878],[-74.99026,-12.51723],[-74.98788,-12.50813],[-74.98331,-12.50536],[-74.96846,-12.50854],[-74.96391,-12.51471],[-74.95512,-12.51054],[-74.9483,-12.5155]]]}},{"type":"Feature","properties":{"ubigeo":"090201","nombre":"Acobamba"},"geometry":{"type":"Polygon","coordinates":[[[-74.49903,-12.77082],[-74.50155,-12.77452],[-74.4972,-12.78819],[-74.50606,-12.79881],[-74.51937,-12.80498],[-74.52479,-12.80418],[-74.52888,-12.81029],[-74.53112,-12.82196],[-74.53886,-12.83138],[-74.54748,-12.83761],[-74.54519,-12.84879],[-74.55125,-12.86159],[-74.55017,-12.88154],[-74.54478,-12.88722],[-74.54185,-12.89868],[-74.55854,-12.8943],[-74.55858,-12.90056],[-74.56456,-12.90236],[-74.57047,-12.91266],[-74.57476,-12.91408],[-74.58034,-12.89692],[-74.59273,-12.89471],[-74.59677,-12.88836],[-74.60289,-12.8816],[-74.60292,-12.87],[-74.61244,-12.8597],[-74.61437,-12.85103],[-74.61481,-12.83822],[-74.61275,-12.81179],[-74.61796,-12.80879],[-74.61537,-12.79594],[-74.61657,-12.78789],[-74.5991,-12.78692],[-74.59554,-12.78291],[-74.58245,-12.78262],[-74.58064,-12.76856],[-74.58831,-12.74701],[-74.58527,-12.74632],[-74.57865,-12.75591],[-74.57474,-12.76647],[-74.56452,-12.77509],[-74.55977,-12.77501],[-74.55608,-12.78226],[-74.54733,-12.76494],[-74.54843,-12.75645],[-74.53908,-12.74635],[-74.5241,-12.7614],[-74.50768,-12.76954],[-74.49903,-12.77082]]]}},{"type":"Feature","properties":{"ubigeo":"090202","nombre":"Andabamba"},"geometry":{"type":"Polygon","coordinates":[[[-74.58929,-12.69099],[-74.59354,-12.69586],[-74.61165,-12.69944],[-74.61988,-12.71035],[-74.63604,-12.71161],[-74.64109,-12.71698],[-74.65337,-12.716],[-74.65735,-12.70807],[-74.66946,-12.70337],[-74.66809,-12.69258],[-74.67116,-12.68773],[-74.66635,-12.68041],[-74.66929,-12.67374],[-74.68576,-12.66484],[-74.69803,-12.66504],[-74.70729,-12.65251],[-74.71163,-12.63427],[-74.70331,-12.6264],[-74.68822,-12.61931],[-74.6838,-12.60004],[-74.68646,-12.58986],[-74.67328,-12.59129],[-74.67156,-12.59967],[-74.66658,-12.60324],[-74.65927,-12.61677],[-74.6523,-12.61936],[-74.64871,-12.63274],[-74.64291,-12.63387],[-74.6399,-12.646],[-74.63599,-12.6488],[-74.62912,-12.64599],[-74.62763,-12.65488],[-74.62279,-12.65678],[-74.61459,-12.67146],[-74.60626,-12.67881],[-74.59893,-12.67491],[-74.59063,-12.67835],[-74.58929,-12.69099]]]}},{"type":"Feature","properties":{"ubigeo":"090203","nombre":"Anta"},"geometry":{"type":"Polygon","coordinates":[[[-74.61437,-12.85103],[-74.62375,-12.84237],[-74.63444,-12.8485],[-74.6343,-12.85429],[-74.64116,-12.87073],[-74.64971,-12.88187],[-74.67072,-12.89813],[-74.68046,-12.89987],[-74.67209,-12.88378],[-74.66041,-12.86892],[-74.65411,-12.85516],[-74.66004,-12.85315],[-74.66196,-12.84339],[-74.67833,-12.82337],[-74.68839,-12.83162],[-74.69015,-12.83652],[-74.69918,-12.84364],[-74.72158,-12.84332],[-74.72984,-12.83741],[-74.72074,-12.82549],[-74.71479,-12.81383],[-74.71525,-12.79834],[-74.70811,-12.78836],[-74.6894,-12.77885],[-74.68912,-12.77082],[-74.67371,-12.7663],[-74.6682,-12.75652],[-74.66213,-12.75413],[-74.66287,-12.76967],[-74.66023,-12.77945],[-74.63928,-12.7804],[-74.6314,-12.77741],[-74.61657,-12.78789],[-74.61537,-12.79594],[-74.61796,-12.80879],[-74.61275,-12.81179],[-74.61481,-12.83822],[-74.61437,-12.85103]]]}},{"type":"Feature","properties":{"ubigeo":"090204","nombre":"Caja"},"geometry":{"type":"Polygon","coordinates":[[[-74.44647,-12.96513],[-74.45318,-12.96657],[-74.46841,-12.94993],[-74.47504,-12.9309],[-74.48984,-12.92434],[-74.50406,-12.92264],[-74.49967,-12.91488],[-74.5028,-12.90287],[-74.49934,-12.8821],[-74.4889,-12.87106],[-74.4896,-12.84631],[-74.49912,-12.83997],[-74.50545,-12.82972],[-74.50482,-12.81979],[-74.51108,-12.8144],[-74.50606,-12.79881],[-74.4972,-12.78819],[-74.49111,-12.78582],[-74.48715,-12.79292],[-74.47965,-12.79265],[-74.46561,-12.80489],[-74.45739,-12.80235],[-74.45428,-12.8178],[-74.4582,-12.83038],[-74.45567,-12.86215],[-74.44813,-12.8657],[-74.44306,-12.87471],[-74.4411,-12.89301],[-74.44553,-12.90577],[-74.44419,-12.92098],[-74.44592,-12.93549],[-74.4433,-12.94344],[-74.44969,-12.95383],[-74.44647,-12.96513]]]}},{"type":"Feature","properties":{"ubigeo":"090205","nombre":"Marcas"},"geometry":{"type":"Polygon","coordinates":[[[-74.32362,-12.83251],[-74.32963,-12.83615],[-74.33325,-12.85175],[-74.32789,-12.86985],[-74.31945,-12.88728],[-74.33644,-12.90658],[-74.35304,-12.91228],[-74.35605,-12.91859],[-74.36343,-12.92291],[-74.37409,-12.93537],[-74.38732,-12.9391],[-74.39008,-12.93726],[-74.40057,-12.94329],[-74.43236,-12.95171],[-74.43895,-12.9572],[-74.44647,-12.96513],[-74.44969,-12.95383],[-74.4433,-12.94344],[-74.44592,-12.93549],[-74.44419,-12.92098],[-74.44553,-12.90577],[-74.4411,-12.89301],[-74.44306,-12.87471],[-74.44813,-12.8657],[-74.45567,-12.86215],[-74.4582,-12.83038],[-74.45428,-12.8178],[-74.45739,-12.80235],[-74.44447,-12.79946],[-74.4277,-12.80396],[-74.41737,-12.80381],[-74.41278,-12.80907],[-74.40406,-12.81217],[-74.39628,-12.80607],[-74.38979,-12.8079],[-74.38971,-12.81464],[-74.38082,-12.81446],[-74.36826,-12.82919],[-74.36126,-12.83454],[-74.34682,-12.83331],[-74.3395,-12.83692],[-74.32362,-12.83251]]]}},{"type":"Feature","properties":{"ubigeo":"090206","nombre":"Paucara"},"geometry":{"type":"Polygon","coordinates":[[[-74.65337,-12.716],[-74.65407,-12.72324],[-74.64929,-12.73179],[-74.65432,-12.75045],[-74.66213,-12.75413],[-74.6682,-12.75652],[-74.67371,-12.7663],[-74.68912,-12.77082],[-74.6894,-12.77885],[-74.70811,-12.78836],[-74.71525,-12.79834],[-74.71479,-12.81383],[-74.72074,-12.82549],[-74.72984,-12.83741],[-74.73581,-12.82856],[-74.74403,-12.82573],[-74.74426,-12.81929],[-74.75095,-12.80217],[-74.76804,-12.8073],[-74.78024,-12.80446],[-74.79479,-12.79425],[-74.79364,-12.78797],[-74.78597,-12.78411],[-74.78785,-12.77378],[-74.78253,-12.76472],[-74.78301,-12.75674],[-74.77885,-12.74738],[-74.77718,-12.72603],[-74.77126,-12.71686],[-74.77326,-12.70775],[-74.76868,-12.69055],[-74.76728,-12.67647],[-74.77635,-12.67041],[-74.77765,-12.65227],[-74.77508,-12.64451],[-74.77873,-12.63271],[-74.77173,-12.6237],[-74.76638,-12.62701],[-74.7574,-12.62606],[-74.74516,-12.61575],[-74.73863,-12.62027],[-74.73606,-12.62792],[-74.71868,-12.62882],[-74.71163,-12.63427],[-74.70729,-12.65251],[-74.69803,-12.66504],[-74.68576,-12.66484],[-74.66929,-12.67374],[-74.66635,-12.68041],[-74.67116,-12.68773],[-74.66809,-12.69258],[-74.66946,-12.70337],[-74.65735,-12.70807],[-74.65337,-12.716]]]}},{"type":"Feature","properties":{"ubigeo":"090207","nombre":"Pomacocha"},"geometry":{"type":"Polygon","coordinates":[[[-74.54185,-12.89868],[-74.54478,-12.88722],[-74.55017,-12.88154],[-74.55125,-12.86159],[-74.54519,-12.84879],[-74.54748,-12.83761],[-74.53886,-12.83138],[-74.53112,-12.82196],[-74.52888,-12.81029],[-74.52479,-12.80418],[-74.51937,-12.80498],[-74.50606,-12.79881],[-74.51108,-12.8144],[-74.50482,-12.81979],[-74.50545,-12.82972],[-74.49912,-12.83997],[-74.4896,-12.84631],[-74.4889,-12.87106],[-74.49934,-12.8821],[-74.5028,-12.90287],[-74.49967,-12.91488],[-74.50406,-12.92264],[-74.505,-12.91869],[-74.51772,-12.91287],[-74.52065,-12.90755],[-74.5346,-12.90016],[-74.54185,-12.89868]]]}},{"type":"Feature","properties":{"ubigeo":"090208","nombre":"Rosario"},"geometry":{"type":"Polygon","coordinates":[[[-74.65337,-12.716],[-74.64109,-12.71698],[-74.63604,-12.71161],[-74.61988,-12.71035],[-74.61165,-12.69944],[-74.59354,-12.69586],[-74.58929,-12.69099],[-74.575,-12.69594],[-74.56519,-12.70262],[-74.55616,-12.71498],[-74.54443,-12.72284],[-74.54166,-12.7302],[-74.53908,-12.74635],[-74.54843,-12.75645],[-74.54733,-12.76494],[-74.55608,-12.78226],[-74.55977,-12.77501],[-74.56452,-12.77509],[-74.57474,-12.76647],[-74.57865,-12.75591],[-74.58527,-12.74632],[-74.58831,-12.74701],[-74.58064,-12.76856],[-74.58245,-12.78262],[-74.59554,-12.78291],[-74.5991,-12.78692],[-74.61657,-12.78789],[-74.6314,-12.77741],[-74.63928,-12.7804],[-74.66023,-12.77945],[-74.66287,-12.76967],[-74.66213,-12.75413],[-74.65432,-12.75045],[-74.64929,-12.73179],[-74.65407,-12.72324],[-74.65337,-12.716]]]}},{"type":"Feature","properties":{"ubigeo":"090301","nombre":"Lircay"},"geometry":{"type":"Polygon","coordinates":[[[-74.63484,-13.06217],[-74.63084,-13.07064],[-74.63106,-13.08228],[-74.61789,-13.08859],[-74.60671,-13.10663],[-74.58046,-13.13425],[-74.57164,-13.13981],[-74.55923,-13.14243],[-74.55222,-13.15331],[-74.55869,-13.16664],[-74.55149,-13.17293],[-74.55317,-13.18898],[-74.55953,-13.18513],[-74.57098,-13.18467],[-74.58034,-13.19453],[-74.57942,-13.20134],[-74.58481,-13.20309],[-74.58698,-13.2113],[-74.59563,-13.21285],[-74.60164,-13.22182],[-74.60069,-13.22739],[-74.62219,-13.24398],[-74.63221,-13.26034],[-74.63757,-13.26359],[-74.64465,-13.27414],[-74.65239,-13.27119],[-74.6635,-13.27148],[-74.67193,-13.27492],[-74.68606,-13.28637],[-74.6947,-13.28989],[-74.71362,-13.29205],[-74.72212,-13.28964],[-74.72683,-13.27211],[-74.721,-13.25987],[-74.72355,-13.24479],[-74.73078,-13.2311],[-74.72547,-13.22688],[-74.72264,-13.21808],[-74.72083,-13.19993],[-74.7157,-13.19602],[-74.72174,-13.189],[-74.72164,-13.17919],[-74.73963,-13.17412],[-74.74769,-13.17639],[-74.76052,-13.16096],[-74.76515,-13.16166],[-74.78272,-13.15723],[-74.7925,-13.16751],[-74.80255,-13.16787],[-74.82609,-13.15809],[-74.82907,-13.1478],[-74.84142,-13.14372],[-74.8536,-13.15457],[-74.87711,-13.16272],[-74.88748,-13.15902],[-74.89512,-13.15944],[-74.89687,-13.16542],[-74.91326,-13.16747],[-74.91525,-13.14833],[-74.91022,-13.14252],[-74.91057,-13.1338],[-74.91895,-13.12051],[-74.91626,-13.1145],[-74.92007,-13.0988],[-74.90927,-13.09565],[-74.90872,-13.07757],[-74.90509,-13.07423],[-74.90945,-13.05703],[-74.909,-13.03876],[-74.90335,-13.0254],[-74.8821,-13.01394],[-74.8828,-13.00809],[-74.87672,-13.0047],[-74.87704,-12.99926],[-74.84898,-12.98386],[-74.83829,-12.97488],[-74.82758,-12.97788],[-74.81168,-12.98609],[-74.80648,-12.98129],[-74.80368,-12.96957],[-74.79539,-12.9549],[-74.79388,-12.94512],[-74.79007,-12.95181],[-74.76972,-12.94793],[-74.76132,-12.95063],[-74.75775,-12.96114],[-74.74896,-12.96522],[-74.72418,-12.95783],[-74.71852,-12.94585],[-74.7066,-12.93697],[-74.70158,-12.94659],[-74.69186,-12.95211],[-74.67051,-12.95707],[-74.66697,-12.96101],[-74.67063,-12.9671],[-74.66598,-12.9789],[-74.66383,-13.00215],[-74.65666,-13.00791],[-74.65653,-13.01506],[-74.66162,-13.02054],[-74.66172,-13.05259],[-74.65439,-13.05335],[-74.64358,-13.06066],[-74.63484,-13.06217]]]}},{"type":"Feature","properties":{"ubigeo":"090302","nombre":"Anchonga"},"geometry":{"type":"Polygon","coordinates":[[[-74.7066,-12.93697],[-74.71852,-12.94585],[-74.73976,-12.94076],[-74.74217,-12.93568],[-74.73582,-12.92007],[-74.74335,-12.9132],[-74.76767,-12.91301],[-74.75975,-12.90204],[-74.75193,-12.90003],[-74.73549,-12.88803],[-74.73724,-12.88465],[-74.75224,-12.88238],[-74.75853,-12.87931],[-74.75643,-12.86907],[-74.74421,-12.87793],[-74.73344,-12.87949],[-74.72558,-12.87066],[-74.72609,-12.86591],[-74.71545,-12.85492],[-74.70936,-12.8542],[-74.69918,-12.84364],[-74.69015,-12.83652],[-74.68839,-12.83162],[-74.67833,-12.82337],[-74.66196,-12.84339],[-74.66004,-12.85315],[-74.65411,-12.85516],[-74.66041,-12.86892],[-74.67209,-12.88378],[-74.68046,-12.89987],[-74.68328,-12.91133],[-74.70208,-12.93043],[-74.7066,-12.93697]]]}},{"type":"Feature","properties":{"ubigeo":"090303","nombre":"Callanmarca"},"geometry":{"type":"Polygon","coordinates":[[[-74.59677,-12.88836],[-74.60783,-12.89717],[-74.61058,-12.90636],[-74.61738,-12.90069],[-74.63401,-12.90103],[-74.64908,-12.92128],[-74.6425,-12.90254],[-74.64103,-12.89352],[-74.64971,-12.88187],[-74.64116,-12.87073],[-74.6343,-12.85429],[-74.63444,-12.8485],[-74.62375,-12.84237],[-74.61437,-12.85103],[-74.61244,-12.8597],[-74.60292,-12.87],[-74.60289,-12.8816],[-74.59677,-12.88836]]]}},{"type":"Feature","properties":{"ubigeo":"090304","nombre":"Ccochaccasa"},"geometry":{"type":"Polygon","coordinates":[[[-74.71852,-12.94585],[-74.72418,-12.95783],[-74.74896,-12.96522],[-74.75775,-12.96114],[-74.76132,-12.95063],[-74.76972,-12.94793],[-74.79007,-12.95181],[-74.79388,-12.94512],[-74.79539,-12.9549],[-74.80368,-12.96957],[-74.80648,-12.98129],[-74.81168,-12.98609],[-74.82758,-12.97788],[-74.83829,-12.97488],[-74.86098,-12.97019],[-74.87763,-12.97144],[-74.89042,-12.96844],[-74.88952,-12.94885],[-74.89606,-12.94539],[-74.88699,-12.929],[-74.87704,-12.91896],[-74.87137,-12.92392],[-74.86148,-12.92029],[-74.85053,-12.92095],[-74.84593,-12.92784],[-74.83518,-12.93257],[-74.82711,-12.94306],[-74.81799,-12.9393],[-74.81996,-12.93008],[-74.8171,-12.92215],[-74.8041,-12.91526],[-74.80632,-12.90598],[-74.798,-12.90019],[-74.78816,-12.88288],[-74.78294,-12.87795],[-74.7732,-12.87864],[-74.76869,-12.87042],[-74.75643,-12.86907],[-74.75853,-12.87931],[-74.75224,-12.88238],[-74.73724,-12.88465],[-74.73549,-12.88803],[-74.75193,-12.90003],[-74.75975,-12.90204],[-74.76767,-12.91301],[-74.74335,-12.9132],[-74.73582,-12.92007],[-74.74217,-12.93568],[-74.73976,-12.94076],[-74.71852,-12.94585]]]}},{"type":"Feature","properties":{"ubigeo":"090305","nombre":"Chincho"},"geometry":{"type":"Polygon","coordinates":[[[-74.29272,-12.98239],[-74.28771,-12.99495],[-74.28026,-13.002],[-74.27165,-13.03185],[-74.27623,-13.03653],[-74.27251,-13.05368],[-74.27441,-13.05993],[-74.27203,-13.0696],[-74.2736,-13.07141],[-74.28014,-13.07419],[-74.28872,-13.06595],[-74.29892,-13.06382],[-74.31035,-13.05961],[-74.33133,-13.04321],[-74.33702,-13.0324],[-74.34588,-13.02584],[-74.35784,-13.0258],[-74.36804,-13.02117],[-74.37991,-13.02449],[-74.39033,-13.01921],[-74.39483,-13.00543],[-74.40343,-13.00051],[-74.40745,-12.99367],[-74.41401,-12.9966],[-74.4217,-12.99349],[-74.42873,-12.96918],[-74.43895,-12.9572],[-74.43236,-12.95171],[-74.40057,-12.94329],[-74.39008,-12.93726],[-74.38732,-12.9391],[-74.37409,-12.93537],[-74.36343,-12.92291],[-74.35605,-12.91859],[-74.35304,-12.91228],[-74.33644,-12.90658],[-74.31945,-12.88728],[-74.32027,-12.89638],[-74.33006,-12.91542],[-74.32767,-12.92839],[-74.31504,-12.9313],[-74.30358,-12.92973],[-74.296,-12.93613],[-74.29921,-12.95861],[-74.29272,-12.98239]]]}},{"type":"Feature","properties":{"ubigeo":"090306","nombre":"Congalla"},"geometry":{"type":"Polygon","coordinates":[[[-74.50406,-12.92264],[-74.48984,-12.92434],[-74.47504,-12.9309],[-74.46841,-12.94993],[-74.45318,-12.96657],[-74.44647,-12.96513],[-74.45342,-12.9874],[-74.46293,-12.99379],[-74.46439,-13.00445],[-74.46128,-13.01897],[-74.4703,-13.03264],[-74.47983,-13.03648],[-74.49315,-13.03087],[-74.50501,-13.0183],[-74.51412,-13.01212],[-74.52671,-13.01623],[-74.53264,-13.0238],[-74.53965,-13.02622],[-74.55807,-13.04007],[-74.56349,-13.0382],[-74.57363,-13.04544],[-74.57416,-13.0576],[-74.59404,-13.06101],[-74.60052,-13.05097],[-74.61089,-13.04868],[-74.61926,-13.05592],[-74.62312,-13.06345],[-74.63484,-13.06217],[-74.62848,-13.04898],[-74.62819,-13.04235],[-74.63367,-13.02548],[-74.61699,-13.01281],[-74.61493,-13.00703],[-74.61258,-12.98055],[-74.59593,-12.97155],[-74.59333,-12.9605],[-74.57417,-12.93977],[-74.57329,-12.9296],[-74.57632,-12.92283],[-74.57476,-12.91408],[-74.57047,-12.91266],[-74.56456,-12.90236],[-74.55858,-12.90056],[-74.55854,-12.8943],[-74.54185,-12.89868],[-74.5346,-12.90016],[-74.52065,-12.90755],[-74.51772,-12.91287],[-74.505,-12.91869],[-74.50406,-12.92264]]]}},{"type":"Feature","properties":{"ubigeo":"090307","nombre":"Huanca-Huanca"},"geometry":{"type":"Polygon","coordinates":[[[-74.63484,-13.06217],[-74.64358,-13.06066],[-74.65439,-13.05335],[-74.66172,-13.05259],[-74.66162,-13.02054],[-74.65653,-13.01506],[-74.65666,-13.00791],[-74.66383,-13.00215],[-74.66598,-12.9789],[-74.67063,-12.9671],[-74.66697,-12.96101],[-74.65951,-12.94652],[-74.64908,-12.92128],[-74.63401,-12.90103],[-74.61738,-12.90069],[-74.61058,-12.90636],[-74.60783,-12.89717],[-74.59677,-12.88836],[-74.59273,-12.89471],[-74.58034,-12.89692],[-74.57476,-12.91408],[-74.57632,-12.92283],[-74.57329,-12.9296],[-74.57417,-12.93977],[-74.59333,-12.9605],[-74.59593,-12.97155],[-74.61258,-12.98055],[-74.61493,-13.00703],[-74.61699,-13.01281],[-74.63367,-13.02548],[-74.62819,-13.04235],[-74.62848,-13.04898],[-74.63484,-13.06217]]]}},{"type":"Feature","properties":{"ubigeo":"090308","nombre":"Huayllay Grande"},"geometry":{"type":"Polygon","coordinates":[[[-74.66697,-12.96101],[-74.67051,-12.95707],[-74.69186,-12.95211],[-74.70158,-12.94659],[-74.7066,-12.93697],[-74.70208,-12.93043],[-74.68328,-12.91133],[-74.68046,-12.89987],[-74.67072,-12.89813],[-74.64971,-12.88187],[-74.64103,-12.89352],[-74.6425,-12.90254],[-74.64908,-12.92128],[-74.65951,-12.94652],[-74.66697,-12.96101]]]}},{"type":"Feature","properties":{"ubigeo":"090309","nombre":"Julcamarca"},"geometry":{"type":"Polygon","coordinates":[[[-74.38947,-13.04187],[-74.4107,-13.03855],[-74.43069,-13.04244],[-74.4329,-13.03915],[-74.44226,-13.04038],[-74.44725,-13.04772],[-74.45424,-13.05001],[-74.46674,-13.03922],[-74.4703,-13.03264],[-74.46128,-13.01897],[-74.46439,-13.00445],[-74.46293,-12.99379],[-74.45342,-12.9874],[-74.44647,-12.96513],[-74.43895,-12.9572],[-74.42873,-12.96918],[-74.4217,-12.99349],[-74.41401,-12.9966],[-74.40745,-12.99367],[-74.40343,-13.00051],[-74.39483,-13.00543],[-74.39033,-13.01921],[-74.37991,-13.02449],[-74.38924,-13.03444],[-74.38947,-13.04187]]]}},{"type":"Feature","properties":{"ubigeo":"090310","nombre":"San Antonio de Antaparco"},"geometry":{"type":"Polygon","coordinates":[[[-74.40992,-13.08842],[-74.42291,-13.0971],[-74.43787,-13.09437],[-74.44051,-13.08966],[-74.45606,-13.08751],[-74.46254,-13.08016],[-74.46326,-13.06086],[-74.4594,-13.05234],[-74.45424,-13.05001],[-74.44725,-13.04772],[-74.44226,-13.04038],[-74.4329,-13.03915],[-74.43069,-13.04244],[-74.4107,-13.03855],[-74.38947,-13.04187],[-74.40088,-13.05441],[-74.41111,-13.07887],[-74.40992,-13.08842]]]}},{"type":"Feature","properties":{"ubigeo":"090311","nombre":"Santo Tomas de Pata"},"geometry":{"type":"Polygon","coordinates":[[[-74.40992,-13.08842],[-74.41151,-13.106],[-74.41087,-13.1197],[-74.38925,-13.12831],[-74.38957,-13.15175],[-74.39834,-13.16036],[-74.39775,-13.16872],[-74.41031,-13.16028],[-74.42043,-13.15954],[-74.42979,-13.16348],[-74.43492,-13.16988],[-74.44928,-13.17863],[-74.45844,-13.19004],[-74.46795,-13.18772],[-74.48199,-13.19252],[-74.49417,-13.1866],[-74.50685,-13.19391],[-74.51706,-13.19669],[-74.52561,-13.18959],[-74.53072,-13.19552],[-74.54447,-13.19939],[-74.55317,-13.18898],[-74.55149,-13.17293],[-74.55869,-13.16664],[-74.55222,-13.15331],[-74.53705,-13.14497],[-74.52196,-13.13998],[-74.50291,-13.12529],[-74.49001,-13.09977],[-74.48842,-13.0897],[-74.4698,-13.07654],[-74.46254,-13.08016],[-74.45606,-13.08751],[-74.44051,-13.08966],[-74.43787,-13.09437],[-74.42291,-13.0971],[-74.40992,-13.08842]]]}},{"type":"Feature","properties":{"ubigeo":"090312","nombre":"Secclla"},"geometry":{"type":"Polygon","coordinates":[[[-74.45424,-13.05001],[-74.4594,-13.05234],[-74.46326,-13.06086],[-74.46254,-13.08016],[-74.4698,-13.07654],[-74.48842,-13.0897],[-74.49001,-13.09977],[-74.50291,-13.12529],[-74.52196,-13.13998],[-74.53705,-13.14497],[-74.55222,-13.15331],[-74.55923,-13.14243],[-74.57164,-13.13981],[-74.58046,-13.13425],[-74.60671,-13.10663],[-74.61789,-13.08859],[-74.63106,-13.08228],[-74.63084,-13.07064],[-74.63484,-13.06217],[-74.62312,-13.06345],[-74.61926,-13.05592],[-74.61089,-13.04868],[-74.60052,-13.05097],[-74.59404,-13.06101],[-74.57416,-13.0576],[-74.57363,-13.04544],[-74.56349,-13.0382],[-74.55807,-13.04007],[-74.53965,-13.02622],[-74.53264,-13.0238],[-74.52671,-13.01623],[-74.51412,-13.01212],[-74.50501,-13.0183],[-74.49315,-13.03087],[-74.47983,-13.03648],[-74.4703,-13.03264],[-74.46674,-13.03922],[-74.45424,-13.05001]]]}},{"type":"Feature","properties":{"ubigeo":"090401","nombre":"Castrovirreyna"},"geometry":{"type":"Polygon","coordinates":[[[-75.15813,-12.97954],[-75.15745,-12.98726],[-75.16702,-12.98829],[-75.17899,-12.99405],[-75.19944,-13.01332],[-75.19643,-13.02069],[-75.20688,-13.02457],[-75.21722,-13.02307],[-75.22856,-13.02723],[-75.241,-13.02852],[-75.24682,-13.04889],[-75.25282,-13.05202],[-75.25638,-13.07424],[-75.25263,-13.07876],[-75.25235,-13.08751],[-75.24846,-13.09244],[-75.24742,-13.10197],[-75.24905,-13.11964],[-75.25203,-13.12993],[-75.25178,-13.14549],[-75.24268,-13.16281],[-75.24331,-13.17162],[-75.23529,-13.17467],[-75.2324,-13.17153],[-75.2185,-13.17147],[-75.22216,-13.19207],[-75.22724,-13.20208],[-75.22487,-13.20606],[-75.22877,-13.2165],[-75.22102,-13.22395],[-75.22351,-13.23374],[-75.21939,-13.24209],[-75.1952,-13.25373],[-75.18793,-13.24667],[-75.1818,-13.25102],[-75.16849,-13.25489],[-75.16718,-13.26882],[-75.16393,-13.27394],[-75.17439,-13.28105],[-75.17586,-13.28691],[-75.18215,-13.28895],[-75.19672,-13.30721],[-75.20417,-13.31197],[-75.21059,-13.33117],[-75.21098,-13.33819],[-75.20551,-13.34443],[-75.21846,-13.37057],[-75.2176,-13.37691],[-75.2244,-13.37842],[-75.23562,-13.39674],[-75.23291,-13.40166],[-75.23962,-13.41076],[-75.24352,-13.41025],[-75.25583,-13.41747],[-75.26973,-13.4055],[-75.27723,-13.40262],[-75.29113,-13.40168],[-75.29341,-13.41016],[-75.30291,-13.4288],[-75.30969,-13.43372],[-75.30768,-13.43996],[-75.31253,-13.45284],[-75.31762,-13.45588],[-75.32565,-13.44916],[-75.33149,-13.43216],[-75.33803,-13.4229],[-75.34352,-13.40029],[-75.35752,-13.38265],[-75.36545,-13.36669],[-75.36668,-13.35347],[-75.36437,-13.3379],[-75.35862,-13.33058],[-75.36016,-13.32151],[-75.34661,-13.30367],[-75.33619,-13.29916],[-75.33216,-13.28705],[-75.34077,-13.26586],[-75.3356,-13.2546],[-75.33639,-13.23863],[-75.32953,-13.23454],[-75.32725,-13.20786],[-75.33756,-13.19433],[-75.35281,-13.19771],[-75.36402,-13.19127],[-75.35855,-13.17475],[-75.35901,-13.16582],[-75.3817,-13.1614],[-75.38829,-13.14965],[-75.39369,-13.14607],[-75.40632,-13.14851],[-75.41566,-13.14412],[-75.41878,-13.13671],[-75.43014,-13.12662],[-75.42508,-13.12167],[-75.43381,-13.10644],[-75.43077,-13.09298],[-75.42207,-13.08851],[-75.41911,-13.07961],[-75.41988,-13.06026],[-75.41287,-13.04335],[-75.40049,-13.03141],[-75.39589,-13.03619],[-75.38471,-13.03652],[-75.38106,-13.04133],[-75.37458,-13.03976],[-75.37386,-13.02891],[-75.36786,-13.02371],[-75.36679,-13.01648],[-75.35416,-12.99688],[-75.36096,-12.98548],[-75.3586,-12.97622],[-75.34307,-12.96295],[-75.3431,-12.95473],[-75.33516,-12.94241],[-75.33478,-12.93617],[-75.33014,-12.93086],[-75.32171,-12.93133],[-75.31752,-12.91311],[-75.31009,-12.91131],[-75.3049,-12.90425],[-75.2972,-12.90818],[-75.29426,-12.914],[-75.28638,-12.91858],[-75.27699,-12.91422],[-75.26658,-12.89682],[-75.26294,-12.88601],[-75.24982,-12.87924],[-75.23682,-12.88872],[-75.23486,-12.89547],[-75.21404,-12.91321],[-75.21336,-12.91604],[-75.2019,-12.92366],[-75.19309,-12.94038],[-75.19208,-12.94729],[-75.17858,-12.95725],[-75.1746,-12.95411],[-75.15864,-12.97666],[-75.15813,-12.97954]]]}},{"type":"Feature","properties":{"ubigeo":"090402","nombre":"Arma"},"geometry":{"type":"Polygon","coordinates":[[[-75.43014,-13.12662],[-75.4365,-13.12748],[-75.43694,-13.13318],[-75.44322,-13.14276],[-75.45118,-13.14857],[-75.44865,-13.15914],[-75.45069,-13.16647],[-75.46335,-13.17674],[-75.47215,-13.17714],[-75.48788,-13.18705],[-75.50041,-13.18625],[-75.52081,-13.181],[-75.53516,-13.19091],[-75.54707,-13.19247],[-75.56097,-13.20304],[-75.5747,-13.20673],[-75.58405,-13.21207],[-75.59729,-13.22375],[-75.61037,-13.23109],[-75.6104,-13.23045],[-75.59887,-13.21317],[-75.60282,-13.19734],[-75.61203,-13.19188],[-75.61344,-13.18414],[-75.60887,-13.1761],[-75.60351,-13.15569],[-75.59637,-13.15479],[-75.5879,-13.14898],[-75.5829,-13.13925],[-75.58269,-13.12771],[-75.56901,-13.11681],[-75.57187,-13.10916],[-75.57931,-13.10732],[-75.57901,-13.09428],[-75.59338,-13.0779],[-75.59453,-13.06747],[-75.58939,-13.06393],[-75.58409,-13.05894],[-75.57609,-13.06271],[-75.56103,-13.06225],[-75.5498,-13.05582],[-75.54764,-13.04897],[-75.54022,-13.04433],[-75.53076,-13.02886],[-75.51812,-13.02346],[-75.5035,-13.00804],[-75.49168,-13.01072],[-75.4845,-13.0156],[-75.48002,-13.02508],[-75.46535,-13.02023],[-75.44931,-13.03099],[-75.44277,-13.02762],[-75.43581,-13.02982],[-75.43258,-13.03852],[-75.42281,-13.03224],[-75.40049,-13.03141],[-75.41287,-13.04335],[-75.41988,-13.06026],[-75.41911,-13.07961],[-75.42207,-13.08851],[-75.43077,-13.09298],[-75.43381,-13.10644],[-75.42508,-13.12167],[-75.43014,-13.12662]]]}},{"type":"Feature","properties":{"ubigeo":"090403","nombre":"Aurahua"},"geometry":{"type":"Polygon","coordinates":[[[-75.40049,-13.03141],[-75.42281,-13.03224],[-75.43258,-13.03852],[-75.43581,-13.02982],[-75.44277,-13.02762],[-75.44931,-13.03099],[-75.46535,-13.02023],[-75.48002,-13.02508],[-75.4845,-13.0156],[-75.49168,-13.01072],[-75.5035,-13.00804],[-75.51812,-13.02346],[-75.53076,-13.02886],[-75.54022,-13.04433],[-75.54764,-13.04897],[-75.5498,-13.05582],[-75.56103,-13.06225],[-75.57609,-13.06271],[-75.58409,-13.05894],[-75.58939,-13.06393],[-75.60103,-13.06257],[-75.60875,-13.06602],[-75.61719,-13.04898],[-75.61373,-13.04369],[-75.59239,-13.03688],[-75.58359,-13.03032],[-75.57639,-13.03014],[-75.55493,-13.02388],[-75.54153,-13.00747],[-75.53996,-12.98951],[-75.53584,-12.97692],[-75.53802,-12.96315],[-75.5262,-12.9666],[-75.52426,-12.96343],[-75.5094,-12.96002],[-75.51237,-12.94869],[-75.50331,-12.94365],[-75.50693,-12.92042],[-75.50456,-12.91305],[-75.49321,-12.9074],[-75.48451,-12.90948],[-75.47701,-12.90482],[-75.47842,-12.89207],[-75.47552,-12.88599],[-75.47996,-12.86932],[-75.47094,-12.86242],[-75.46574,-12.86343],[-75.45729,-12.85855],[-75.4513,-12.8611],[-75.44296,-12.85898],[-75.43408,-12.85164],[-75.43003,-12.85794],[-75.41519,-12.86446],[-75.41105,-12.85171],[-75.39812,-12.84774],[-75.39009,-12.84786],[-75.38048,-12.8439],[-75.37002,-12.86407],[-75.36151,-12.86799],[-75.35277,-12.88053],[-75.36139,-12.88773],[-75.355,-12.9044],[-75.34834,-12.9102],[-75.34608,-12.91772],[-75.35454,-12.92805],[-75.33478,-12.93617],[-75.33516,-12.94241],[-75.3431,-12.95473],[-75.34307,-12.96295],[-75.3586,-12.97622],[-75.36096,-12.98548],[-75.35416,-12.99688],[-75.36679,-13.01648],[-75.36786,-13.02371],[-75.37386,-13.02891],[-75.37458,-13.03976],[-75.38106,-13.04133],[-75.38471,-13.03652],[-75.39589,-13.03619],[-75.40049,-13.03141]]]}},{"type":"Feature","properties":{"ubigeo":"090404","nombre":"Capillas"},"geometry":{"type":"Polygon","coordinates":[[[-75.50324,-13.35277],[-75.50292,-13.36595],[-75.52235,-13.39134],[-75.53047,-13.38917],[-75.53892,-13.40501],[-75.54898,-13.40644],[-75.55785,-13.40292],[-75.58512,-13.40267],[-75.59897,-13.38999],[-75.60786,-13.4043],[-75.6136,-13.40958],[-75.61495,-13.4168],[-75.63049,-13.41485],[-75.63424,-13.41187],[-75.65339,-13.42775],[-75.66576,-13.43033],[-75.67646,-13.42972],[-75.68928,-13.43967],[-75.69577,-13.43551],[-75.70273,-13.42248],[-75.70947,-13.42177],[-75.71216,-13.41642],[-75.73615,-13.40982],[-75.74494,-13.40479],[-75.75214,-13.41285],[-75.76252,-13.41377],[-75.76977,-13.40972],[-75.77884,-13.40925],[-75.79017,-13.40441],[-75.8068,-13.40081],[-75.80939,-13.39685],[-75.80782,-13.38414],[-75.80117,-13.38051],[-75.79845,-13.3712],[-75.78385,-13.37339],[-75.77473,-13.36897],[-75.75511,-13.3668],[-75.74061,-13.36016],[-75.72466,-13.36005],[-75.70697,-13.34744],[-75.69503,-13.34501],[-75.68144,-13.33307],[-75.6699,-13.33171],[-75.65655,-13.31754],[-75.64055,-13.31005],[-75.64035,-13.29753],[-75.62685,-13.28451],[-75.62871,-13.27191],[-75.62743,-13.25962],[-75.62322,-13.25948],[-75.61037,-13.23109],[-75.60213,-13.23308],[-75.58465,-13.24682],[-75.57475,-13.2494],[-75.56047,-13.24474],[-75.54449,-13.25153],[-75.526,-13.26286],[-75.52046,-13.26158],[-75.51221,-13.25295],[-75.47613,-13.26793],[-75.4575,-13.26527],[-75.45022,-13.26666],[-75.45497,-13.2838],[-75.46691,-13.29575],[-75.4725,-13.30544],[-75.48133,-13.30727],[-75.49888,-13.3163],[-75.50168,-13.32825],[-75.49913,-13.34686],[-75.50324,-13.35277]]]}},{"type":"Feature","properties":{"ubigeo":"090405","nombre":"Chupamarca"},"geometry":{"type":"Polygon","coordinates":[[[-75.38048,-12.8439],[-75.39009,-12.84786],[-75.39812,-12.84774],[-75.41105,-12.85171],[-75.41519,-12.86446],[-75.43003,-12.85794],[-75.43408,-12.85164],[-75.44296,-12.85898],[-75.4513,-12.8611],[-75.45729,-12.85855],[-75.46574,-12.86343],[-75.47094,-12.86242],[-75.47996,-12.86932],[-75.47552,-12.88599],[-75.47842,-12.89207],[-75.47701,-12.90482],[-75.48451,-12.90948],[-75.49321,-12.9074],[-75.50456,-12.91305],[-75.50693,-12.92042],[-75.50331,-12.94365],[-75.51237,-12.94869],[-75.5094,-12.96002],[-75.52426,-12.96343],[-75.5262,-12.9666],[-75.53802,-12.96315],[-75.53584,-12.97692],[-75.53996,-12.98951],[-75.54153,-13.00747],[-75.55493,-13.02388],[-75.57639,-13.03014],[-75.58359,-13.03032],[-75.59239,-13.03688],[-75.61373,-13.04369],[-75.61719,-13.04898],[-75.62861,-13.05707],[-75.6363,-13.0437],[-75.63859,-13.02997],[-75.62834,-13.02003],[-75.62098,-13.01967],[-75.61947,-13.0137],[-75.60841,-13.00299],[-75.61021,-12.99687],[-75.60261,-12.98018],[-75.60901,-12.96847],[-75.61439,-12.96493],[-75.61435,-12.95763],[-75.62215,-12.9486],[-75.61842,-12.9417],[-75.6281,-12.93496],[-75.62731,-12.92946],[-75.63612,-12.91618],[-75.63077,-12.90907],[-75.62843,-12.89748],[-75.62374,-12.893],[-75.61309,-12.86698],[-75.61288,-12.85952],[-75.5999,-12.8569],[-75.57041,-12.84286],[-75.56172,-12.82939],[-75.56129,-12.81792],[-75.55605,-12.81664],[-75.55112,-12.82184],[-75.54387,-12.82168],[-75.5399,-12.81622],[-75.53108,-12.82221],[-75.52227,-12.80621],[-75.52022,-12.78873],[-75.51389,-12.78865],[-75.50755,-12.79548],[-75.49581,-12.79255],[-75.49196,-12.79743],[-75.47959,-12.79702],[-75.4794,-12.78864],[-75.47484,-12.77828],[-75.44658,-12.77418],[-75.442,-12.77522],[-75.4336,-12.79142],[-75.42553,-12.79714],[-75.41952,-12.79722],[-75.40792,-12.792],[-75.39862,-12.79776],[-75.39148,-12.8061],[-75.38027,-12.81202],[-75.37131,-12.82565],[-75.38042,-12.83497],[-75.38048,-12.8439]]]}},{"type":"Feature","properties":{"ubigeo":"090406","nombre":"Cocas"},"geometry":{"type":"Polygon","coordinates":[[[-75.41215,-13.31397],[-75.39847,-13.30687],[-75.38622,-13.29197],[-75.37956,-13.27458],[-75.37129,-13.24609],[-75.37852,-13.23013],[-75.37828,-13.22046],[-75.37297,-13.2169],[-75.3649,-13.20525],[-75.36777,-13.19839],[-75.36402,-13.19127],[-75.35281,-13.19771],[-75.33756,-13.19433],[-75.32725,-13.20786],[-75.32953,-13.23454],[-75.33639,-13.23863],[-75.3356,-13.2546],[-75.34077,-13.26586],[-75.33216,-13.28705],[-75.33619,-13.29916],[-75.34661,-13.30367],[-75.36016,-13.32151],[-75.35862,-13.33058],[-75.36437,-13.3379],[-75.36668,-13.35347],[-75.37771,-13.35679],[-75.38575,-13.35541],[-75.39004,-13.34584],[-75.39803,-13.34245],[-75.39853,-13.32918],[-75.41215,-13.31397]]]}},{"type":"Feature","properties":{"ubigeo":"090407","nombre":"Huachos"},"geometry":{"type":"Polygon","coordinates":[[[-75.40632,-13.14851],[-75.40748,-13.16067],[-75.41396,-13.16798],[-75.41125,-13.18558],[-75.41403,-13.19072],[-75.41327,-13.20184],[-75.40672,-13.21437],[-75.40577,-13.22294],[-75.40954,-13.23014],[-75.41153,-13.24274],[-75.40917,-13.25036],[-75.41491,-13.26212],[-75.42529,-13.26003],[-75.45022,-13.26666],[-75.4575,-13.26527],[-75.47613,-13.26793],[-75.51221,-13.25295],[-75.52046,-13.26158],[-75.526,-13.26286],[-75.54449,-13.25153],[-75.56047,-13.24474],[-75.57475,-13.2494],[-75.58465,-13.24682],[-75.60213,-13.23308],[-75.61037,-13.23109],[-75.59729,-13.22375],[-75.58405,-13.21207],[-75.5747,-13.20673],[-75.56097,-13.20304],[-75.54707,-13.19247],[-75.53516,-13.19091],[-75.52081,-13.181],[-75.50041,-13.18625],[-75.48788,-13.18705],[-75.47215,-13.17714],[-75.46335,-13.17674],[-75.45069,-13.16647],[-75.44865,-13.15914],[-75.45118,-13.14857],[-75.44322,-13.14276],[-75.43694,-13.13318],[-75.4365,-13.12748],[-75.43014,-13.12662],[-75.41878,-13.13671],[-75.41566,-13.14412],[-75.40632,-13.14851]]]}},{"type":"Feature","properties":{"ubigeo":"090408","nombre":"Huamatambo"},"geometry":{"type":"Polygon","coordinates":[[[-75.65187,-13.15937],[-75.65891,-13.16026],[-75.67242,-13.16804],[-75.69103,-13.16167],[-75.69463,-13.15694],[-75.69377,-13.1475],[-75.69855,-13.14226],[-75.70785,-13.14272],[-75.70827,-13.13245],[-75.71213,-13.11617],[-75.71877,-13.10976],[-75.70509,-13.08719],[-75.70552,-13.08044],[-75.69496,-13.07479],[-75.69564,-13.05823],[-75.69275,-13.04896],[-75.68146,-13.04056],[-75.67631,-13.0427],[-75.67517,-13.05654],[-75.68058,-13.07036],[-75.66677,-13.07536],[-75.65799,-13.08233],[-75.66116,-13.09153],[-75.669,-13.10039],[-75.66321,-13.10992],[-75.65939,-13.13497],[-75.65187,-13.15937]]]}},{"type":"Feature","properties":{"ubigeo":"090409","nombre":"Mollepampa"},"geometry":{"type":"Polygon","coordinates":[[[-75.41215,-13.31397],[-75.41831,-13.32489],[-75.4224,-13.3246],[-75.42818,-13.33258],[-75.43607,-13.33681],[-75.44574,-13.34735],[-75.44363,-13.3535],[-75.44909,-13.37235],[-75.443,-13.38449],[-75.44517,-13.39877],[-75.45904,-13.41956],[-75.46655,-13.42779],[-75.46578,-13.43216],[-75.47628,-13.42544],[-75.48633,-13.4139],[-75.49139,-13.39607],[-75.49981,-13.38908],[-75.49235,-13.3785],[-75.50324,-13.35277],[-75.49913,-13.34686],[-75.50168,-13.32825],[-75.49888,-13.3163],[-75.48133,-13.30727],[-75.4725,-13.30544],[-75.46691,-13.29575],[-75.45497,-13.2838],[-75.45022,-13.26666],[-75.42529,-13.26003],[-75.41491,-13.26212],[-75.40917,-13.25036],[-75.41153,-13.24274],[-75.40954,-13.23014],[-75.40577,-13.22294],[-75.40672,-13.21437],[-75.41327,-13.20184],[-75.41403,-13.19072],[-75.41125,-13.18558],[-75.41396,-13.16798],[-75.40748,-13.16067],[-75.40632,-13.14851],[-75.39369,-13.14607],[-75.38829,-13.14965],[-75.3817,-13.1614],[-75.35901,-13.16582],[-75.35855,-13.17475],[-75.36402,-13.19127],[-75.36777,-13.19839],[-75.3649,-13.20525],[-75.37297,-13.2169],[-75.37828,-13.22046],[-75.37852,-13.23013],[-75.37129,-13.24609],[-75.37956,-13.27458],[-75.38622,-13.29197],[-75.39847,-13.30687],[-75.41215,-13.31397]]]}},{"type":"Feature","properties":{"ubigeo":"090410","nombre":"San Juan"},"geometry":{"type":"Polygon","coordinates":[[[-75.6104,-13.23045],[-75.61037,-13.23109],[-75.62322,-13.25948],[-75.62743,-13.25962],[-75.62871,-13.27191],[-75.62685,-13.28451],[-75.64035,-13.29753],[-75.64055,-13.31005],[-75.65655,-13.31754],[-75.6699,-13.33171],[-75.68144,-13.33307],[-75.69503,-13.34501],[-75.70697,-13.34744],[-75.72466,-13.36005],[-75.74061,-13.36016],[-75.75511,-13.3668],[-75.77473,-13.36897],[-75.78385,-13.37339],[-75.79845,-13.3712],[-75.7954,-13.35566],[-75.78764,-13.33479],[-75.78261,-13.33166],[-75.76044,-13.31732],[-75.75317,-13.30911],[-75.74375,-13.31359],[-75.73093,-13.31031],[-75.70648,-13.28829],[-75.70512,-13.27251],[-75.70532,-13.24626],[-75.70067,-13.2423],[-75.70244,-13.22689],[-75.69696,-13.21888],[-75.68895,-13.21427],[-75.69173,-13.20717],[-75.70634,-13.18676],[-75.69891,-13.1708],[-75.70065,-13.16679],[-75.69463,-13.15694],[-75.69103,-13.16167],[-75.67242,-13.16804],[-75.65891,-13.16026],[-75.65187,-13.15937],[-75.63685,-13.18554],[-75.63645,-13.19655],[-75.63145,-13.20908],[-75.6216,-13.21595],[-75.6104,-13.23045]]]}},{"type":"Feature","properties":{"ubigeo":"090411","nombre":"Santa Ana"},"geometry":{"type":"Polygon","coordinates":[[[-74.98895,-13.14152],[-75.00428,-13.14609],[-75.02264,-13.16466],[-75.02827,-13.16259],[-75.03835,-13.16784],[-75.04728,-13.17918],[-75.04911,-13.18656],[-75.06033,-13.18808],[-75.0774,-13.19612],[-75.09486,-13.20169],[-75.10194,-13.20097],[-75.11094,-13.19336],[-75.11695,-13.19674],[-75.12109,-13.21193],[-75.15993,-13.22146],[-75.168,-13.22451],[-75.16849,-13.25489],[-75.1818,-13.25102],[-75.18793,-13.24667],[-75.1952,-13.25373],[-75.21939,-13.24209],[-75.22351,-13.23374],[-75.22102,-13.22395],[-75.22877,-13.2165],[-75.22487,-13.20606],[-75.22724,-13.20208],[-75.22216,-13.19207],[-75.2185,-13.17147],[-75.2324,-13.17153],[-75.23529,-13.17467],[-75.24331,-13.17162],[-75.24268,-13.16281],[-75.25178,-13.14549],[-75.25203,-13.12993],[-75.24905,-13.11964],[-75.24742,-13.10197],[-75.24846,-13.09244],[-75.25235,-13.08751],[-75.25263,-13.07876],[-75.25638,-13.07424],[-75.25282,-13.05202],[-75.24682,-13.04889],[-75.241,-13.02852],[-75.22856,-13.02723],[-75.21722,-13.02307],[-75.20688,-13.02457],[-75.19643,-13.02069],[-75.19944,-13.01332],[-75.17899,-12.99405],[-75.16702,-12.98829],[-75.15745,-12.98726],[-75.15813,-12.97954],[-75.14728,-12.97555],[-75.14558,-12.96894],[-75.14947,-12.96006],[-75.13554,-12.94939],[-75.1319,-12.93679],[-75.12065,-12.93183],[-75.11288,-12.9351],[-75.10406,-12.92952],[-75.09176,-12.92957],[-75.08212,-12.92621],[-75.0773,-12.92056],[-75.05723,-12.91426],[-75.04444,-12.91502],[-75.04992,-12.92732],[-75.04911,-12.93132],[-75.04007,-12.93406],[-75.03703,-12.93963],[-75.03783,-12.95428],[-75.03525,-12.96267],[-75.03854,-12.96793],[-75.0343,-12.97331],[-75.03438,-12.98941],[-75.0298,-13.00144],[-75.03208,-13.00906],[-75.02931,-13.01866],[-75.03776,-13.02353],[-75.0356,-13.03399],[-75.03892,-13.03877],[-75.03978,-13.05026],[-75.03309,-13.06184],[-75.03496,-13.06766],[-75.031,-13.07811],[-75.03829,-13.08941],[-75.02919,-13.10586],[-75.00241,-13.1236],[-74.98895,-13.14152]]]}},{"type":"Feature","properties":{"ubigeo":"090412","nombre":"Tantara"},"geometry":{"type":"Polygon","coordinates":[[[-75.6104,-13.23045],[-75.6216,-13.21595],[-75.63145,-13.20908],[-75.63645,-13.19655],[-75.63685,-13.18554],[-75.65187,-13.15937],[-75.65939,-13.13497],[-75.66321,-13.10992],[-75.669,-13.10039],[-75.66116,-13.09153],[-75.65799,-13.08233],[-75.65324,-13.07091],[-75.62861,-13.05707],[-75.61719,-13.04898],[-75.60875,-13.06602],[-75.60103,-13.06257],[-75.58939,-13.06393],[-75.59453,-13.06747],[-75.59338,-13.0779],[-75.57901,-13.09428],[-75.57931,-13.10732],[-75.57187,-13.10916],[-75.56901,-13.11681],[-75.58269,-13.12771],[-75.5829,-13.13925],[-75.5879,-13.14898],[-75.59637,-13.15479],[-75.60351,-13.15569],[-75.60887,-13.1761],[-75.61344,-13.18414],[-75.61203,-13.19188],[-75.60282,-13.19734],[-75.59887,-13.21317],[-75.6104,-13.23045]]]}},{"type":"Feature","properties":{"ubigeo":"090413","nombre":"Ticrapo"},"geometry":{"type":"Polygon","coordinates":[[[-75.31762,-13.45588],[-75.32811,-13.45999],[-75.34132,-13.46172],[-75.34892,-13.45215],[-75.36497,-13.45679],[-75.37412,-13.45428],[-75.38519,-13.45607],[-75.39129,-13.46251],[-75.41384,-13.46915],[-75.43461,-13.46964],[-75.4331,-13.47772],[-75.43569,-13.49529],[-75.45148,-13.5044],[-75.45839,-13.50411],[-75.47226,-13.51633],[-75.47731,-13.52548],[-75.49499,-13.52428],[-75.48372,-13.51419],[-75.48451,-13.50483],[-75.47045,-13.48426],[-75.46963,-13.47425],[-75.47344,-13.46326],[-75.47044,-13.44291],[-75.46578,-13.43216],[-75.46655,-13.42779],[-75.45904,-13.41956],[-75.44517,-13.39877],[-75.443,-13.38449],[-75.44909,-13.37235],[-75.44363,-13.3535],[-75.44574,-13.34735],[-75.43607,-13.33681],[-75.42818,-13.33258],[-75.4224,-13.3246],[-75.41831,-13.32489],[-75.41215,-13.31397],[-75.39853,-13.32918],[-75.39803,-13.34245],[-75.39004,-13.34584],[-75.38575,-13.35541],[-75.37771,-13.35679],[-75.36668,-13.35347],[-75.36545,-13.36669],[-75.35752,-13.38265],[-75.34352,-13.40029],[-75.33803,-13.4229],[-75.33149,-13.43216],[-75.32565,-13.44916],[-75.31762,-13.45588]]]}},{"type":"Feature","properties":{"ubigeo":"090501","nombre":"Churcampa"},"geometry":{"type":"Polygon","coordinates":[[[-74.31739,-12.73778],[-74.31216,-12.74325],[-74.32059,-12.76528],[-74.33207,-12.76825],[-74.35233,-12.75608],[-74.3601,-12.76021],[-74.36354,-12.76922],[-74.36587,-12.78931],[-74.37978,-12.80057],[-74.37518,-12.79036],[-74.37998,-12.77585],[-74.3935,-12.77449],[-74.41076,-12.76449],[-74.42146,-12.75538],[-74.42689,-12.7573],[-74.42515,-12.73662],[-74.42157,-12.72027],[-74.42658,-12.71553],[-74.43654,-12.69316],[-74.43096,-12.68307],[-74.43721,-12.66886],[-74.43465,-12.63943],[-74.43007,-12.63414],[-74.4305,-12.62669],[-74.4213,-12.62547],[-74.41193,-12.6338],[-74.40778,-12.64386],[-74.39916,-12.64935],[-74.3755,-12.65763],[-74.36417,-12.66844],[-74.35105,-12.66854],[-74.34587,-12.67187],[-74.32779,-12.67084],[-74.32753,-12.68127],[-74.3331,-12.68863],[-74.33974,-12.68914],[-74.34877,-12.71243],[-74.34908,-12.71822],[-74.34145,-12.72558],[-74.34036,-12.73283],[-74.33134,-12.73733],[-74.33256,-12.74103],[-74.32523,-12.74485],[-74.31739,-12.73778]]]}},{"type":"Feature","properties":{"ubigeo":"090502","nombre":"Anco"},"geometry":{"type":"Polygon","coordinates":[[[-74.54166,-12.7302],[-74.54443,-12.72284],[-74.55616,-12.71498],[-74.56519,-12.70262],[-74.575,-12.69594],[-74.58929,-12.69099],[-74.59063,-12.67835],[-74.59893,-12.67491],[-74.60626,-12.67881],[-74.61459,-12.67146],[-74.62279,-12.65678],[-74.62763,-12.65488],[-74.62912,-12.64599],[-74.63599,-12.6488],[-74.63149,-12.63711],[-74.62484,-12.63463],[-74.61852,-12.62671],[-74.60964,-12.62387],[-74.60475,-12.59774],[-74.6005,-12.58512],[-74.60153,-12.56233],[-74.59542,-12.55424],[-74.58165,-12.56169],[-74.56876,-12.58349],[-74.55154,-12.58103],[-74.54237,-12.58749],[-74.53482,-12.58755],[-74.53139,-12.59437],[-74.53313,-12.6083],[-74.50787,-12.61762],[-74.50315,-12.63197],[-74.50606,-12.63264],[-74.51039,-12.64869],[-74.50635,-12.66313],[-74.51076,-12.66966],[-74.50913,-12.67898],[-74.51146,-12.69169],[-74.52306,-12.7055],[-74.52392,-12.71787],[-74.54166,-12.7302]]]}},{"type":"Feature","properties":{"ubigeo":"090503","nombre":"Chinchihuasi"},"geometry":{"type":"Polygon","coordinates":[[[-74.50716,-12.44806],[-74.51041,-12.45069],[-74.51026,-12.46246],[-74.51351,-12.46705],[-74.51364,-12.47695],[-74.51805,-12.49214],[-74.52611,-12.49836],[-74.53229,-12.5086],[-74.54055,-12.51184],[-74.54966,-12.52528],[-74.5558,-12.51888],[-74.56654,-12.51888],[-74.59138,-12.53917],[-74.59967,-12.54116],[-74.61163,-12.5345],[-74.61297,-12.52274],[-74.62257,-12.51424],[-74.6306,-12.51248],[-74.62936,-12.50799],[-74.63438,-12.49469],[-74.63865,-12.49264],[-74.6335,-12.4848],[-74.60355,-12.46865],[-74.59777,-12.4751],[-74.58743,-12.47115],[-74.58733,-12.46334],[-74.59535,-12.44996],[-74.59677,-12.42304],[-74.59951,-12.4162],[-74.59729,-12.41002],[-74.60088,-12.39991],[-74.61329,-12.38841],[-74.62499,-12.3685],[-74.61438,-12.36113],[-74.60009,-12.36025],[-74.5851,-12.36597],[-74.57599,-12.37317],[-74.57164,-12.37199],[-74.56462,-12.36091],[-74.54843,-12.37514],[-74.54818,-12.38402],[-74.53912,-12.39315],[-74.53941,-12.39951],[-74.53447,-12.41039],[-74.52195,-12.40867],[-74.51754,-12.41844],[-74.51695,-12.42895],[-74.52205,-12.43613],[-74.50716,-12.44806]]]}},{"type":"Feature","properties":{"ubigeo":"090504","nombre":"El Carmen"},"geometry":{"type":"Polygon","coordinates":[[[-74.49903,-12.77082],[-74.50768,-12.76954],[-74.5241,-12.7614],[-74.53908,-12.74635],[-74.54166,-12.7302],[-74.52392,-12.71787],[-74.52306,-12.7055],[-74.51146,-12.69169],[-74.50913,-12.67898],[-74.51076,-12.66966],[-74.50635,-12.66313],[-74.51039,-12.64869],[-74.50606,-12.63264],[-74.50315,-12.63197],[-74.49253,-12.63492],[-74.49012,-12.64033],[-74.48227,-12.63818],[-74.47405,-12.64318],[-74.47019,-12.64096],[-74.47092,-12.65074],[-74.48106,-12.66392],[-74.47615,-12.69337],[-74.4689,-12.70169],[-74.46481,-12.71523],[-74.4585,-12.72289],[-74.46589,-12.7344],[-74.46486,-12.73877],[-74.47097,-12.75402],[-74.46994,-12.75902],[-74.47936,-12.76378],[-74.49114,-12.76299],[-74.49903,-12.77082]]]}},{"type":"Feature","properties":{"ubigeo":"090505","nombre":"La Merced"},"geometry":{"type":"Polygon","coordinates":[[[-74.32362,-12.83251],[-74.3395,-12.83692],[-74.34682,-12.83331],[-74.36126,-12.83454],[-74.36826,-12.82919],[-74.38082,-12.81446],[-74.37978,-12.80057],[-74.36587,-12.78931],[-74.36354,-12.76922],[-74.3601,-12.76021],[-74.35233,-12.75608],[-74.33207,-12.76825],[-74.32059,-12.76528],[-74.31216,-12.74325],[-74.31739,-12.73778],[-74.30809,-12.73965],[-74.29708,-12.74858],[-74.2892,-12.75801],[-74.29328,-12.76645],[-74.28791,-12.77268],[-74.28499,-12.78788],[-74.28554,-12.79972],[-74.29499,-12.79888],[-74.2984,-12.80655],[-74.29461,-12.81261],[-74.2924,-12.82476],[-74.297,-12.83142],[-74.30571,-12.82745],[-74.31333,-12.83494],[-74.32362,-12.83251]]]}},{"type":"Feature","properties":{"ubigeo":"090506","nombre":"Locroja"},"geometry":{"type":"Polygon","coordinates":[[[-74.42689,-12.7573],[-74.43062,-12.77582],[-74.44348,-12.78198],[-74.44728,-12.79562],[-74.44447,-12.79946],[-74.45739,-12.80235],[-74.46561,-12.80489],[-74.47965,-12.79265],[-74.48715,-12.79292],[-74.49111,-12.78582],[-74.4972,-12.78819],[-74.50155,-12.77452],[-74.49903,-12.77082],[-74.49114,-12.76299],[-74.47936,-12.76378],[-74.46994,-12.75902],[-74.47097,-12.75402],[-74.46486,-12.73877],[-74.46589,-12.7344],[-74.4585,-12.72289],[-74.46481,-12.71523],[-74.4689,-12.70169],[-74.47615,-12.69337],[-74.48106,-12.66392],[-74.47092,-12.65074],[-74.47019,-12.64096],[-74.46907,-12.63705],[-74.46268,-12.63069],[-74.46274,-12.62546],[-74.45652,-12.61863],[-74.44509,-12.6187],[-74.43938,-12.62408],[-74.4305,-12.62669],[-74.43007,-12.63414],[-74.43465,-12.63943],[-74.43721,-12.66886],[-74.43096,-12.68307],[-74.43654,-12.69316],[-74.42658,-12.71553],[-74.42157,-12.72027],[-74.42515,-12.73662],[-74.42689,-12.7573]]]}},{"type":"Feature","properties":{"ubigeo":"090507","nombre":"Paucarbamba"},"geometry":{"type":"Polygon","coordinates":[[[-74.45752,-12.58012],[-74.47166,-12.57902],[-74.48534,-12.59344],[-74.48812,-12.59321],[-74.49089,-12.6083],[-74.47561,-12.62208],[-74.46907,-12.63705],[-74.47019,-12.64096],[-74.47405,-12.64318],[-74.48227,-12.63818],[-74.49012,-12.64033],[-74.49253,-12.63492],[-74.50315,-12.63197],[-74.50787,-12.61762],[-74.53313,-12.6083],[-74.53139,-12.59437],[-74.53482,-12.58755],[-74.54237,-12.58749],[-74.55154,-12.58103],[-74.56876,-12.58349],[-74.58165,-12.56169],[-74.59542,-12.55424],[-74.59967,-12.54116],[-74.59138,-12.53917],[-74.56654,-12.51888],[-74.5558,-12.51888],[-74.54966,-12.52528],[-74.54055,-12.51184],[-74.53229,-12.5086],[-74.52786,-12.51537],[-74.52844,-12.52472],[-74.51211,-12.54148],[-74.5065,-12.54094],[-74.49119,-12.55015],[-74.48548,-12.55779],[-74.46961,-12.5591],[-74.45752,-12.58012]]]}},{"type":"Feature","properties":{"ubigeo":"090508","nombre":"San Miguel de Mayocc"},"geometry":{"type":"Polygon","coordinates":[[[-74.38082,-12.81446],[-74.38971,-12.81464],[-74.38979,-12.8079],[-74.39628,-12.80607],[-74.40406,-12.81217],[-74.41278,-12.80907],[-74.41737,-12.80381],[-74.4277,-12.80396],[-74.44447,-12.79946],[-74.44728,-12.79562],[-74.44348,-12.78198],[-74.43062,-12.77582],[-74.42689,-12.7573],[-74.42146,-12.75538],[-74.41076,-12.76449],[-74.3935,-12.77449],[-74.37998,-12.77585],[-74.37518,-12.79036],[-74.37978,-12.80057],[-74.38082,-12.81446]]]}},{"type":"Feature","properties":{"ubigeo":"090509","nombre":"San Pedro de Coris"},"geometry":{"type":"Polygon","coordinates":[[[-74.32779,-12.67084],[-74.34587,-12.67187],[-74.35105,-12.66854],[-74.36417,-12.66844],[-74.3755,-12.65763],[-74.39916,-12.64935],[-74.40778,-12.64386],[-74.41193,-12.6338],[-74.4213,-12.62547],[-74.4305,-12.62669],[-74.43938,-12.62408],[-74.44509,-12.6187],[-74.45652,-12.61863],[-74.46274,-12.62546],[-74.46268,-12.63069],[-74.46907,-12.63705],[-74.47561,-12.62208],[-74.49089,-12.6083],[-74.48812,-12.59321],[-74.48534,-12.59344],[-74.47166,-12.57902],[-74.45752,-12.58012],[-74.44446,-12.57243],[-74.43508,-12.57439],[-74.42207,-12.57045],[-74.412,-12.55268],[-74.40575,-12.52974],[-74.39995,-12.52361],[-74.38427,-12.54485],[-74.38378,-12.55883],[-74.38718,-12.56475],[-74.38353,-12.57083],[-74.36719,-12.5751],[-74.36688,-12.59005],[-74.36329,-12.59427],[-74.32975,-12.60542],[-74.32402,-12.6045],[-74.32835,-12.61526],[-74.33844,-12.61714],[-74.34165,-12.63017],[-74.33699,-12.64096],[-74.33178,-12.64502],[-74.33164,-12.65714],[-74.32779,-12.67084]]]}},{"type":"Feature","properties":{"ubigeo":"090510","nombre":"Pachamarca"},"geometry":{"type":"Polygon","coordinates":[[[-74.39995,-12.52361],[-74.40575,-12.52974],[-74.412,-12.55268],[-74.42207,-12.57045],[-74.43508,-12.57439],[-74.44446,-12.57243],[-74.45752,-12.58012],[-74.46961,-12.5591],[-74.48548,-12.55779],[-74.49119,-12.55015],[-74.5065,-12.54094],[-74.51211,-12.54148],[-74.52844,-12.52472],[-74.52786,-12.51537],[-74.53229,-12.5086],[-74.52611,-12.49836],[-74.51805,-12.49214],[-74.51364,-12.47695],[-74.51351,-12.46705],[-74.51026,-12.46246],[-74.51041,-12.45069],[-74.50716,-12.44806],[-74.47509,-12.44377],[-74.4591,-12.44575],[-74.45211,-12.44429],[-74.44629,-12.448],[-74.42245,-12.44521],[-74.40925,-12.45192],[-74.40158,-12.46748],[-74.40355,-12.47516],[-74.41094,-12.47955],[-74.41512,-12.49066],[-74.41113,-12.49774],[-74.40321,-12.49669],[-74.39841,-12.50455],[-74.39717,-12.51763],[-74.39995,-12.52361]]]}},{"type":"Feature","properties":{"ubigeo":"090511","nombre":"Cosme"},"geometry":{"type":"Polygon","coordinates":[[[-74.59542,-12.55424],[-74.60153,-12.56233],[-74.6005,-12.58512],[-74.60475,-12.59774],[-74.60964,-12.62387],[-74.61852,-12.62671],[-74.62484,-12.63463],[-74.63149,-12.63711],[-74.63599,-12.6488],[-74.6399,-12.646],[-74.64291,-12.63387],[-74.64871,-12.63274],[-74.6523,-12.61936],[-74.65927,-12.61677],[-74.66658,-12.60324],[-74.67156,-12.59967],[-74.67328,-12.59129],[-74.68646,-12.58986],[-74.69501,-12.58396],[-74.68866,-12.57463],[-74.69395,-12.56647],[-74.70332,-12.56488],[-74.70932,-12.55871],[-74.70463,-12.5497],[-74.69654,-12.5478],[-74.69578,-12.53751],[-74.69122,-12.52438],[-74.67484,-12.52712],[-74.66376,-12.52153],[-74.64522,-12.52413],[-74.64511,-12.51876],[-74.63624,-12.51839],[-74.6306,-12.51248],[-74.62257,-12.51424],[-74.61297,-12.52274],[-74.61163,-12.5345],[-74.59967,-12.54116],[-74.59542,-12.55424]]]}},{"type":"Feature","properties":{"ubigeo":"090601","nombre":"Huaytara"},"geometry":{"type":"Polygon","coordinates":[[[-75.28362,-13.64294],[-75.29549,-13.63636],[-75.32167,-13.63485],[-75.33947,-13.64003],[-75.3474,-13.64861],[-75.3546,-13.64775],[-75.36668,-13.65379],[-75.38129,-13.65394],[-75.38991,-13.6654],[-75.3959,-13.67773],[-75.40346,-13.68519],[-75.40549,-13.69452],[-75.41827,-13.70538],[-75.42346,-13.71976],[-75.42096,-13.73495],[-75.42187,-13.74942],[-75.42913,-13.757],[-75.43674,-13.75594],[-75.44444,-13.76341],[-75.45404,-13.76652],[-75.46434,-13.77972],[-75.49647,-13.79076],[-75.50597,-13.80715],[-75.51397,-13.81424],[-75.52488,-13.8179],[-75.52752,-13.79696],[-75.53836,-13.79282],[-75.54153,-13.78144],[-75.5382,-13.77676],[-75.53759,-13.7624],[-75.54872,-13.75691],[-75.55458,-13.74957],[-75.54602,-13.74364],[-75.53737,-13.74588],[-75.52944,-13.74007],[-75.52907,-13.72843],[-75.51946,-13.7192],[-75.51591,-13.69639],[-75.50758,-13.68654],[-75.50165,-13.68713],[-75.49621,-13.67333],[-75.48859,-13.6761],[-75.48487,-13.65097],[-75.49239,-13.63536],[-75.51401,-13.61709],[-75.51948,-13.60285],[-75.51096,-13.5889],[-75.5014,-13.58998],[-75.48304,-13.60413],[-75.46913,-13.61173],[-75.45688,-13.60622],[-75.44417,-13.60473],[-75.42995,-13.60876],[-75.42428,-13.61366],[-75.41615,-13.61222],[-75.41403,-13.60761],[-75.39784,-13.60932],[-75.38509,-13.60481],[-75.37275,-13.59742],[-75.36666,-13.59654],[-75.36105,-13.59044],[-75.33744,-13.59515],[-75.32622,-13.59314],[-75.31635,-13.57932],[-75.3038,-13.56701],[-75.29914,-13.56561],[-75.29812,-13.55799],[-75.2851,-13.54046],[-75.276,-13.53837],[-75.27027,-13.5428],[-75.26354,-13.53847],[-75.25429,-13.53764],[-75.24584,-13.52394],[-75.23978,-13.51768],[-75.23102,-13.51546],[-75.22302,-13.51902],[-75.21471,-13.53305],[-75.19727,-13.54225],[-75.18543,-13.54235],[-75.1931,-13.55561],[-75.20312,-13.56252],[-75.19985,-13.57242],[-75.20253,-13.58238],[-75.2112,-13.58993],[-75.21821,-13.60068],[-75.23313,-13.60805],[-75.23478,-13.61441],[-75.24618,-13.62496],[-75.26116,-13.62638],[-75.27466,-13.6346],[-75.28362,-13.64294]]]}},{"type":"Feature","properties":{"ubigeo":"090602","nombre":"Ayavi"},"geometry":{"type":"Polygon","coordinates":[[[-75.30432,-13.73009],[-75.30892,-13.7345],[-75.32732,-13.74216],[-75.33458,-13.74176],[-75.34595,-13.7475],[-75.34857,-13.75392],[-75.3595,-13.75963],[-75.37502,-13.77301],[-75.3834,-13.77404],[-75.39316,-13.78519],[-75.40185,-13.7887],[-75.42452,-13.78961],[-75.43225,-13.78509],[-75.44479,-13.78343],[-75.45844,-13.78657],[-75.4722,-13.79446],[-75.47762,-13.80206],[-75.48804,-13.80279],[-75.49824,-13.81045],[-75.51397,-13.81424],[-75.50597,-13.80715],[-75.49647,-13.79076],[-75.46434,-13.77972],[-75.45404,-13.76652],[-75.44444,-13.76341],[-75.43674,-13.75594],[-75.42913,-13.757],[-75.42187,-13.74942],[-75.42096,-13.73495],[-75.42346,-13.71976],[-75.41827,-13.70538],[-75.40549,-13.69452],[-75.40346,-13.68519],[-75.3959,-13.67773],[-75.38991,-13.6654],[-75.38129,-13.65394],[-75.36668,-13.65379],[-75.3546,-13.64775],[-75.3474,-13.64861],[-75.33947,-13.64003],[-75.32167,-13.63485],[-75.29549,-13.63636],[-75.28362,-13.64294],[-75.28311,-13.64993],[-75.28855,-13.66499],[-75.28774,-13.67834],[-75.29599,-13.69302],[-75.30194,-13.70841],[-75.30432,-13.73009]]]}},{"type":"Feature","properties":{"ubigeo":"090603","nombre":"Córdova"},"geometry":{"type":"Polygon","coordinates":[[[-75.10884,-14.03288],[-75.1177,-14.03879],[-75.12678,-14.05088],[-75.14917,-14.06442],[-75.16568,-14.07253],[-75.18267,-14.0561],[-75.19163,-14.05294],[-75.21055,-14.05044],[-75.21919,-14.04893],[-75.21748,-14.03593],[-75.208,-14.01792],[-75.20125,-14.0093],[-75.19369,-13.98989],[-75.18804,-13.98668],[-75.18095,-13.98945],[-75.16741,-13.98589],[-75.14906,-13.97709],[-75.15389,-13.96602],[-75.14411,-13.95606],[-75.12337,-13.95999],[-75.11245,-13.94632],[-75.10627,-13.94358],[-75.09838,-13.94838],[-75.09363,-13.96028],[-75.09506,-13.96731],[-75.09293,-13.97864],[-75.10146,-13.99057],[-75.10635,-13.99271],[-75.11435,-14.00305],[-75.11794,-14.01298],[-75.11195,-14.03013],[-75.10884,-14.03288]]]}},{"type":"Feature","properties":{"ubigeo":"090604","nombre":"Huayacundo Arma"},"geometry":{"type":"Polygon","coordinates":[[[-75.36105,-13.59044],[-75.34636,-13.57236],[-75.34281,-13.5618],[-75.33326,-13.55025],[-75.33249,-13.54538],[-75.32125,-13.5296],[-75.31371,-13.52545],[-75.30264,-13.52709],[-75.28714,-13.52294],[-75.2736,-13.52857],[-75.24584,-13.52394],[-75.25429,-13.53764],[-75.26354,-13.53847],[-75.27027,-13.5428],[-75.276,-13.53837],[-75.2851,-13.54046],[-75.29812,-13.55799],[-75.29914,-13.56561],[-75.3038,-13.56701],[-75.31635,-13.57932],[-75.32622,-13.59314],[-75.33744,-13.59515],[-75.36105,-13.59044]]]}},{"type":"Feature","properties":{"ubigeo":"090605","nombre":"Laramarca"},"geometry":{"type":"Polygon","coordinates":[[[-75.09506,-13.96731],[-75.09363,-13.96028],[-75.09838,-13.94838],[-75.10627,-13.94358],[-75.11245,-13.94632],[-75.12337,-13.95999],[-75.14411,-13.95606],[-75.14084,-13.94043],[-75.14869,-13.93165],[-75.1505,-13.92546],[-75.15793,-13.92169],[-75.15572,-13.91462],[-75.14961,-13.91009],[-75.14659,-13.90016],[-75.13974,-13.89696],[-75.13876,-13.88996],[-75.12793,-13.88631],[-75.12385,-13.88066],[-75.112,-13.88316],[-75.09835,-13.86946],[-75.08248,-13.86651],[-75.07367,-13.86721],[-75.06363,-13.85916],[-75.05404,-13.85614],[-75.04858,-13.84719],[-75.02672,-13.82762],[-75.01155,-13.82904],[-74.99525,-13.81393],[-74.99836,-13.82381],[-74.98891,-13.83637],[-74.99089,-13.8435],[-74.97881,-13.85742],[-74.9767,-13.86719],[-74.98125,-13.88026],[-74.99465,-13.89564],[-74.99993,-13.91045],[-74.99786,-13.92599],[-75.00584,-13.94087],[-75.0116,-13.96807],[-75.00847,-13.98848],[-75.01115,-13.99592],[-75.01647,-13.99695],[-75.02188,-13.98633],[-75.02891,-13.98189],[-75.03587,-13.96864],[-75.04721,-13.95888],[-75.06991,-13.95833],[-75.08765,-13.96741],[-75.09506,-13.96731]]]}},{"type":"Feature","properties":{"ubigeo":"090606","nombre":"Ocoyo"},"geometry":{"type":"Polygon","coordinates":[[[-74.90908,-14.03472],[-74.91755,-14.04393],[-74.92512,-14.04817],[-74.93311,-14.04629],[-74.94956,-14.03263],[-74.95147,-14.02896],[-74.96332,-14.027],[-74.97128,-14.02146],[-74.98087,-14.02008],[-74.99338,-14.02611],[-75.00635,-14.01381],[-75.01879,-14.01089],[-75.02412,-14.02563],[-75.025,-14.04611],[-75.02125,-14.06108],[-75.02327,-14.06898],[-75.02913,-14.07195],[-75.02949,-14.08069],[-75.03786,-14.0993],[-75.0434,-14.10108],[-75.05461,-14.11523],[-75.05527,-14.12789],[-75.05905,-14.12962],[-75.05743,-14.12395],[-75.06249,-14.1073],[-75.06251,-14.09064],[-75.0696,-14.07985],[-75.0885,-14.08157],[-75.10399,-14.05046],[-75.10884,-14.03288],[-75.11195,-14.03013],[-75.11794,-14.01298],[-75.11435,-14.00305],[-75.10635,-13.99271],[-75.10146,-13.99057],[-75.09293,-13.97864],[-75.09506,-13.96731],[-75.08765,-13.96741],[-75.06991,-13.95833],[-75.04721,-13.95888],[-75.03587,-13.96864],[-75.02891,-13.98189],[-75.02188,-13.98633],[-75.01647,-13.99695],[-75.01115,-13.99592],[-75.00847,-13.98848],[-75.0021,-13.99026],[-74.98612,-13.9861],[-74.9667,-13.99381],[-74.95595,-13.98756],[-74.93358,-13.98365],[-74.92903,-13.99135],[-74.92791,-14.00041],[-74.91968,-14.00932],[-74.91737,-14.02535],[-74.90908,-14.03472]]]}},{"type":"Feature","properties":{"ubigeo":"090607","nombre":"Pilpichaca"},"geometry":{"type":"Polygon","coordinates":[[[-74.68606,-13.28637],[-74.67709,-13.29443],[-74.67094,-13.30851],[-74.66763,-13.32662],[-74.65651,-13.3338],[-74.65123,-13.3334],[-74.63283,-13.34478],[-74.6468,-13.35133],[-74.65813,-13.35149],[-74.66243,-13.35508],[-74.67817,-13.35066],[-74.68782,-13.3528],[-74.69946,-13.36351],[-74.72831,-13.36219],[-74.73855,-13.35285],[-74.73675,-13.34483],[-74.74519,-13.33812],[-74.75226,-13.32824],[-74.76232,-13.32694],[-74.76386,-13.34139],[-74.77009,-13.34633],[-74.78666,-13.34816],[-74.81211,-13.35754],[-74.81809,-13.35534],[-74.83329,-13.35644],[-74.84671,-13.35328],[-74.86875,-13.3599],[-74.8788,-13.37487],[-74.8877,-13.38002],[-74.89772,-13.39531],[-74.89266,-13.41446],[-74.90358,-13.42946],[-74.89977,-13.45229],[-74.9021,-13.46644],[-74.89043,-13.46979],[-74.88328,-13.4751],[-74.87579,-13.47446],[-74.86218,-13.48179],[-74.85506,-13.4945],[-74.84758,-13.49931],[-74.84522,-13.50834],[-74.84008,-13.51162],[-74.84041,-13.51984],[-74.83271,-13.52718],[-74.82956,-13.5343],[-74.81583,-13.53537],[-74.79957,-13.54747],[-74.7912,-13.55994],[-74.79132,-13.56439],[-74.78242,-13.57851],[-74.77696,-13.58867],[-74.77139,-13.6065],[-74.7715,-13.61364],[-74.77742,-13.62449],[-74.77485,-13.63875],[-74.78115,-13.64818],[-74.77802,-13.66365],[-74.77397,-13.67163],[-74.77249,-13.69151],[-74.77539,-13.71054],[-74.77249,-13.71877],[-74.76344,-13.72327],[-74.75389,-13.73698],[-74.76119,-13.74883],[-74.75954,-13.75772],[-74.76653,-13.77223],[-74.76258,-13.78025],[-74.76721,-13.78513],[-74.7776,-13.7828],[-74.7863,-13.77624],[-74.78736,-13.76732],[-74.79722,-13.7544],[-74.80795,-13.76117],[-74.81542,-13.75159],[-74.82338,-13.75005],[-74.83536,-13.73689],[-74.85362,-13.7495],[-74.86118,-13.74984],[-74.87202,-13.75809],[-74.87618,-13.75052],[-74.88872,-13.74828],[-74.90309,-13.75202],[-74.9099,-13.74602],[-74.91706,-13.7448],[-74.92763,-13.7338],[-74.90915,-13.72178],[-74.90797,-13.70241],[-74.90058,-13.6901],[-74.90946,-13.66648],[-74.92068,-13.66176],[-74.92808,-13.65154],[-74.9231,-13.6425],[-74.92358,-13.63355],[-74.93424,-13.64316],[-74.94237,-13.6411],[-74.94863,-13.64803],[-74.95638,-13.64327],[-74.96621,-13.6452],[-74.9913,-13.63859],[-75.00249,-13.65115],[-75.00561,-13.66157],[-75.02382,-13.66913],[-75.02603,-13.67972],[-75.03452,-13.6832],[-75.04962,-13.68166],[-75.05301,-13.66635],[-75.07262,-13.65052],[-75.07184,-13.63704],[-75.07474,-13.62283],[-75.07205,-13.60706],[-75.0851,-13.60145],[-75.09184,-13.59194],[-75.08458,-13.58472],[-75.08806,-13.57395],[-75.0884,-13.56155],[-75.08145,-13.55274],[-75.06824,-13.55077],[-75.04734,-13.55658],[-75.0436,-13.55073],[-75.03361,-13.54428],[-75.04668,-13.52418],[-75.03595,-13.52043],[-75.04941,-13.49488],[-75.05093,-13.48117],[-75.04686,-13.47007],[-75.0529,-13.46426],[-75.06912,-13.45759],[-75.07722,-13.45883],[-75.07759,-13.46396],[-75.10496,-13.47297],[-75.11107,-13.48257],[-75.12003,-13.49021],[-75.12824,-13.49052],[-75.13897,-13.50151],[-75.1497,-13.50229],[-75.15359,-13.49001],[-75.17027,-13.48173],[-75.17142,-13.46424],[-75.1752,-13.45255],[-75.17369,-13.44477],[-75.16625,-13.43437],[-75.17469,-13.41739],[-75.17707,-13.397],[-75.17488,-13.39244],[-75.17527,-13.37798],[-75.18926,-13.37478],[-75.19391,-13.38113],[-75.20538,-13.38643],[-75.2126,-13.38551],[-75.2176,-13.37691],[-75.21846,-13.37057],[-75.20551,-13.34443],[-75.21098,-13.33819],[-75.21059,-13.33117],[-75.20417,-13.31197],[-75.19672,-13.30721],[-75.18215,-13.28895],[-75.17586,-13.28691],[-75.17439,-13.28105],[-75.16393,-13.27394],[-75.16718,-13.26882],[-75.16849,-13.25489],[-75.168,-13.22451],[-75.15993,-13.22146],[-75.12109,-13.21193],[-75.11695,-13.19674],[-75.11094,-13.19336],[-75.10194,-13.20097],[-75.09486,-13.20169],[-75.0774,-13.19612],[-75.06033,-13.18808],[-75.04911,-13.18656],[-75.04728,-13.17918],[-75.03835,-13.16784],[-75.02827,-13.16259],[-75.02264,-13.16466],[-75.00428,-13.14609],[-74.98895,-13.14152],[-74.98544,-13.16216],[-74.9735,-13.16461],[-74.96532,-13.16943],[-74.95512,-13.18185],[-74.94302,-13.18155],[-74.93528,-13.18518],[-74.93276,-13.1812],[-74.92233,-13.18544],[-74.91046,-13.18102],[-74.91326,-13.16747],[-74.89687,-13.16542],[-74.89512,-13.15944],[-74.88748,-13.15902],[-74.87711,-13.16272],[-74.8536,-13.15457],[-74.84142,-13.14372],[-74.82907,-13.1478],[-74.82609,-13.15809],[-74.80255,-13.16787],[-74.7925,-13.16751],[-74.78272,-13.15723],[-74.76515,-13.16166],[-74.76052,-13.16096],[-74.74769,-13.17639],[-74.73963,-13.17412],[-74.72164,-13.17919],[-74.72174,-13.189],[-74.7157,-13.19602],[-74.72083,-13.19993],[-74.72264,-13.21808],[-74.72547,-13.22688],[-74.73078,-13.2311],[-74.72355,-13.24479],[-74.721,-13.25987],[-74.72683,-13.27211],[-74.72212,-13.28964],[-74.71362,-13.29205],[-74.6947,-13.28989],[-74.68606,-13.28637]]]}},{"type":"Feature","properties":{"ubigeo":"090608","nombre":"Querco"},"geometry":{"type":"Polygon","coordinates":[[[-74.78388,-14.01695],[-74.79523,-14.02453],[-74.81013,-14.02851],[-74.81747,-14.0276],[-74.84089,-14.03068],[-74.85242,-14.0164],[-74.8608,-14.02025],[-74.86997,-14.01893],[-74.87298,-14.0141],[-74.8902,-14.0195],[-74.9014,-14.03184],[-74.90908,-14.03472],[-74.91737,-14.02535],[-74.91968,-14.00932],[-74.92791,-14.00041],[-74.92903,-13.99135],[-74.93358,-13.98365],[-74.95595,-13.98756],[-74.9667,-13.99381],[-74.98612,-13.9861],[-75.0021,-13.99026],[-75.00847,-13.98848],[-75.0116,-13.96807],[-75.00584,-13.94087],[-74.99786,-13.92599],[-74.99993,-13.91045],[-74.99465,-13.89564],[-74.98125,-13.88026],[-74.9767,-13.86719],[-74.97881,-13.85742],[-74.99089,-13.8435],[-74.98891,-13.83637],[-74.99836,-13.82381],[-74.99525,-13.81393],[-74.9993,-13.80459],[-74.99746,-13.78657],[-74.98974,-13.7856],[-74.98147,-13.78034],[-74.96873,-13.75128],[-74.95607,-13.74104],[-74.94264,-13.74096],[-74.92763,-13.7338],[-74.91706,-13.7448],[-74.9099,-13.74602],[-74.90309,-13.75202],[-74.88872,-13.74828],[-74.87618,-13.75052],[-74.87202,-13.75809],[-74.86118,-13.74984],[-74.85362,-13.7495],[-74.83536,-13.73689],[-74.82338,-13.75005],[-74.81542,-13.75159],[-74.80795,-13.76117],[-74.79722,-13.7544],[-74.78736,-13.76732],[-74.7863,-13.77624],[-74.7776,-13.7828],[-74.77824,-13.79465],[-74.77508,-13.8038],[-74.767,-13.81475],[-74.76036,-13.83149],[-74.76228,-13.8514],[-74.76739,-13.86659],[-74.78285,-13.87915],[-74.78521,-13.89195],[-74.77701,-13.8975],[-74.77876,-13.90886],[-74.78518,-13.9206],[-74.78592,-13.92879],[-74.77643,-13.94853],[-74.77501,-13.96225],[-74.76795,-13.97855],[-74.76949,-13.98369],[-74.7791,-13.98237],[-74.78502,-13.99158],[-74.77908,-13.99628],[-74.78388,-14.01695]]]}},{"type":"Feature","properties":{"ubigeo":"090609","nombre":"Quito-Arma"},"geometry":{"type":"Polygon","coordinates":[[[-75.31371,-13.52545],[-75.32125,-13.5296],[-75.33249,-13.54538],[-75.33326,-13.55025],[-75.34281,-13.5618],[-75.34636,-13.57236],[-75.36105,-13.59044],[-75.36666,-13.59654],[-75.37275,-13.59742],[-75.38509,-13.60481],[-75.39784,-13.60932],[-75.41403,-13.60761],[-75.41615,-13.61222],[-75.42428,-13.61366],[-75.42995,-13.60876],[-75.44417,-13.60473],[-75.45688,-13.60622],[-75.46913,-13.61173],[-75.48304,-13.60413],[-75.5014,-13.58998],[-75.51096,-13.5889],[-75.50969,-13.56541],[-75.49582,-13.56705],[-75.47731,-13.52548],[-75.47226,-13.51633],[-75.45839,-13.50411],[-75.45148,-13.5044],[-75.43569,-13.49529],[-75.4331,-13.47772],[-75.43461,-13.46964],[-75.41384,-13.46915],[-75.39129,-13.46251],[-75.38519,-13.45607],[-75.37412,-13.45428],[-75.36497,-13.45679],[-75.34892,-13.45215],[-75.34132,-13.46172],[-75.34699,-13.46785],[-75.34058,-13.48179],[-75.34048,-13.48714],[-75.32741,-13.49931],[-75.29838,-13.50437],[-75.29706,-13.50841],[-75.31371,-13.52545]]]}},{"type":"Feature","properties":{"ubigeo":"090610","nombre":"San Antonio de Cusicancha"},"geometry":{"type":"Polygon","coordinates":[[[-75.18543,-13.54235],[-75.19727,-13.54225],[-75.21471,-13.53305],[-75.22302,-13.51902],[-75.23102,-13.51546],[-75.23978,-13.51768],[-75.24584,-13.52394],[-75.2736,-13.52857],[-75.28714,-13.52294],[-75.30264,-13.52709],[-75.31371,-13.52545],[-75.29706,-13.50841],[-75.29838,-13.50437],[-75.32741,-13.49931],[-75.34048,-13.48714],[-75.34058,-13.48179],[-75.34699,-13.46785],[-75.34132,-13.46172],[-75.32811,-13.45999],[-75.31762,-13.45588],[-75.31253,-13.45284],[-75.30768,-13.43996],[-75.30969,-13.43372],[-75.30291,-13.4288],[-75.29341,-13.41016],[-75.29113,-13.40168],[-75.27723,-13.40262],[-75.26973,-13.4055],[-75.25583,-13.41747],[-75.24352,-13.41025],[-75.23962,-13.41076],[-75.23291,-13.40166],[-75.23562,-13.39674],[-75.2244,-13.37842],[-75.2176,-13.37691],[-75.2126,-13.38551],[-75.20538,-13.38643],[-75.19391,-13.38113],[-75.18926,-13.37478],[-75.17527,-13.37798],[-75.17488,-13.39244],[-75.17707,-13.397],[-75.17469,-13.41739],[-75.16625,-13.43437],[-75.17369,-13.44477],[-75.1752,-13.45255],[-75.17142,-13.46424],[-75.17027,-13.48173],[-75.15359,-13.49001],[-75.1497,-13.50229],[-75.15402,-13.52214],[-75.1639,-13.53325],[-75.17185,-13.53181],[-75.17574,-13.53724],[-75.18543,-13.54235]]]}},{"type":"Feature","properties":{"ubigeo":"090611","nombre":"San Francisco de Sangayaico"},"geometry":{"type":"Polygon","coordinates":[[[-75.09184,-13.59194],[-75.0851,-13.60145],[-75.07205,-13.60706],[-75.07474,-13.62283],[-75.07184,-13.63704],[-75.07262,-13.65052],[-75.05301,-13.66635],[-75.04962,-13.68166],[-75.03452,-13.6832],[-75.02603,-13.67972],[-75.02306,-13.6858],[-75.01516,-13.68971],[-75.00864,-13.70584],[-75.02638,-13.72085],[-75.04251,-13.72042],[-75.05593,-13.72999],[-75.06178,-13.72585],[-75.08862,-13.71997],[-75.09711,-13.70917],[-75.11286,-13.73165],[-75.12258,-13.726],[-75.13243,-13.72852],[-75.13208,-13.73502],[-75.13962,-13.73971],[-75.13956,-13.75125],[-75.14341,-13.75727],[-75.15712,-13.75905],[-75.17772,-13.78497],[-75.18473,-13.78689],[-75.19922,-13.77375],[-75.20725,-13.77784],[-75.2154,-13.79238],[-75.2371,-13.79868],[-75.24637,-13.80518],[-75.25306,-13.81481],[-75.25949,-13.81464],[-75.26478,-13.80943],[-75.28063,-13.80836],[-75.28849,-13.80193],[-75.30594,-13.80745],[-75.31481,-13.80552],[-75.32436,-13.79891],[-75.34104,-13.79567],[-75.35781,-13.7979],[-75.37195,-13.79407],[-75.38471,-13.78588],[-75.39316,-13.78519],[-75.37866,-13.77858],[-75.35367,-13.77674],[-75.34387,-13.77302],[-75.3388,-13.77441],[-75.33368,-13.76897],[-75.3211,-13.76748],[-75.31888,-13.76219],[-75.30982,-13.76342],[-75.2933,-13.76063],[-75.28912,-13.75538],[-75.28092,-13.75473],[-75.26092,-13.76239],[-75.24526,-13.75915],[-75.2239,-13.76145],[-75.21111,-13.75981],[-75.19938,-13.75469],[-75.18304,-13.75647],[-75.16569,-13.74562],[-75.16487,-13.73647],[-75.15699,-13.73819],[-75.15008,-13.73395],[-75.14363,-13.72307],[-75.14714,-13.70865],[-75.14289,-13.69902],[-75.13401,-13.69556],[-75.11977,-13.67328],[-75.12172,-13.66694],[-75.11098,-13.65506],[-75.10617,-13.63273],[-75.10875,-13.61572],[-75.10462,-13.60807],[-75.10445,-13.59984],[-75.09473,-13.5969],[-75.09184,-13.59194]]]}},{"type":"Feature","properties":{"ubigeo":"090612","nombre":"San Isidro"},"geometry":{"type":"Polygon","coordinates":[[[-75.14411,-13.95606],[-75.15389,-13.96602],[-75.14906,-13.97709],[-75.16741,-13.98589],[-75.18095,-13.98945],[-75.18804,-13.98668],[-75.19369,-13.98989],[-75.20125,-14.0093],[-75.208,-14.01792],[-75.21748,-14.03593],[-75.21919,-14.04893],[-75.25853,-14.04317],[-75.25959,-14.03787],[-75.23652,-14.01442],[-75.23233,-14.00477],[-75.25268,-13.99815],[-75.27089,-14.01063],[-75.27778,-14.00859],[-75.28542,-14.0115],[-75.30978,-14.01557],[-75.31905,-14.019],[-75.33323,-14.01598],[-75.34762,-14.0049],[-75.35568,-13.99577],[-75.35344,-13.99243],[-75.34125,-13.99156],[-75.33429,-13.98493],[-75.32614,-13.98323],[-75.32363,-13.97794],[-75.31105,-13.97248],[-75.29374,-13.96037],[-75.2903,-13.95411],[-75.27146,-13.94251],[-75.26171,-13.93977],[-75.24925,-13.93163],[-75.24363,-13.93118],[-75.23844,-13.92501],[-75.23043,-13.92479],[-75.213,-13.91467],[-75.20964,-13.917],[-75.18758,-13.90976],[-75.16963,-13.91882],[-75.15572,-13.91462],[-75.15793,-13.92169],[-75.1505,-13.92546],[-75.14869,-13.93165],[-75.14084,-13.94043],[-75.14411,-13.95606]]]}},{"type":"Feature","properties":{"ubigeo":"090613","nombre":"Santiago de Chocorvos"},"geometry":{"type":"Polygon","coordinates":[[[-74.99525,-13.81393],[-75.01155,-13.82904],[-75.02672,-13.82762],[-75.04858,-13.84719],[-75.05404,-13.85614],[-75.06363,-13.85916],[-75.07367,-13.86721],[-75.08248,-13.86651],[-75.09835,-13.86946],[-75.112,-13.88316],[-75.12385,-13.88066],[-75.12793,-13.88631],[-75.13876,-13.88996],[-75.13974,-13.89696],[-75.14659,-13.90016],[-75.14961,-13.91009],[-75.15572,-13.91462],[-75.16963,-13.91882],[-75.18758,-13.90976],[-75.20964,-13.917],[-75.213,-13.91467],[-75.23043,-13.92479],[-75.23844,-13.92501],[-75.24363,-13.93118],[-75.24925,-13.93163],[-75.26171,-13.93977],[-75.27146,-13.94251],[-75.2903,-13.95411],[-75.29374,-13.96037],[-75.31105,-13.97248],[-75.32363,-13.97794],[-75.32614,-13.98323],[-75.33429,-13.98493],[-75.34125,-13.99156],[-75.35344,-13.99243],[-75.35886,-13.98414],[-75.35922,-13.9715],[-75.38169,-13.96276],[-75.39588,-13.9447],[-75.40536,-13.94357],[-75.41543,-13.92737],[-75.43382,-13.9139],[-75.44399,-13.91296],[-75.44567,-13.90966],[-75.45755,-13.90546],[-75.46059,-13.90884],[-75.47517,-13.91272],[-75.49927,-13.90059],[-75.50224,-13.90141],[-75.51106,-13.89219],[-75.52206,-13.88511],[-75.5455,-13.88948],[-75.54962,-13.88201],[-75.5555,-13.87905],[-75.56008,-13.87093],[-75.5595,-13.86327],[-75.56619,-13.85405],[-75.56338,-13.84086],[-75.54381,-13.83551],[-75.53498,-13.82397],[-75.52488,-13.8179],[-75.51397,-13.81424],[-75.49824,-13.81045],[-75.48804,-13.80279],[-75.47762,-13.80206],[-75.4722,-13.79446],[-75.45844,-13.78657],[-75.44479,-13.78343],[-75.43225,-13.78509],[-75.42452,-13.78961],[-75.40185,-13.7887],[-75.39316,-13.78519],[-75.38471,-13.78588],[-75.37195,-13.79407],[-75.35781,-13.7979],[-75.34104,-13.79567],[-75.32436,-13.79891],[-75.31481,-13.80552],[-75.30594,-13.80745],[-75.28849,-13.80193],[-75.28063,-13.80836],[-75.26478,-13.80943],[-75.25949,-13.81464],[-75.25306,-13.81481],[-75.24637,-13.80518],[-75.2371,-13.79868],[-75.2154,-13.79238],[-75.20725,-13.77784],[-75.19922,-13.77375],[-75.18473,-13.78689],[-75.17772,-13.78497],[-75.15712,-13.75905],[-75.14341,-13.75727],[-75.13956,-13.75125],[-75.13962,-13.73971],[-75.13208,-13.73502],[-75.13243,-13.72852],[-75.12258,-13.726],[-75.11286,-13.73165],[-75.09711,-13.70917],[-75.08862,-13.71997],[-75.06178,-13.72585],[-75.05593,-13.72999],[-75.04251,-13.72042],[-75.02638,-13.72085],[-75.00864,-13.70584],[-75.01516,-13.68971],[-75.02306,-13.6858],[-75.02603,-13.67972],[-75.02382,-13.66913],[-75.00561,-13.66157],[-75.00249,-13.65115],[-74.9913,-13.63859],[-74.96621,-13.6452],[-74.95638,-13.64327],[-74.94863,-13.64803],[-74.94237,-13.6411],[-74.93424,-13.64316],[-74.92358,-13.63355],[-74.9231,-13.6425],[-74.92808,-13.65154],[-74.92068,-13.66176],[-74.90946,-13.66648],[-74.90058,-13.6901],[-74.90797,-13.70241],[-74.90915,-13.72178],[-74.92763,-13.7338],[-74.94264,-13.74096],[-74.95607,-13.74104],[-74.96873,-13.75128],[-74.98147,-13.78034],[-74.98974,-13.7856],[-74.99746,-13.78657],[-74.9993,-13.80459],[-74.99525,-13.81393]]]}},{"type":"Feature","properties":{"ubigeo":"090614","nombre":"Santiago de Quirahuara"},"geometry":{"type":"Polygon","coordinates":[[[-74.78388,-14.01695],[-74.77399,-14.04466],[-74.7686,-14.04458],[-74.76569,-14.07183],[-74.75871,-14.0786],[-74.76533,-14.08658],[-74.77253,-14.09032],[-74.78757,-14.08621],[-74.79206,-14.08935],[-74.799,-14.08668],[-74.81007,-14.08699],[-74.82519,-14.09228],[-74.84138,-14.0734],[-74.85274,-14.07621],[-74.86079,-14.06719],[-74.86697,-14.07249],[-74.87811,-14.07625],[-74.88567,-14.08562],[-74.8962,-14.1039],[-74.90789,-14.09215],[-74.92647,-14.0987],[-74.9335,-14.09188],[-74.9451,-14.09356],[-74.94892,-14.08727],[-74.95796,-14.08614],[-74.97414,-14.07479],[-74.98901,-14.07498],[-75.0145,-14.06915],[-75.02913,-14.07195],[-75.02327,-14.06898],[-75.02125,-14.06108],[-75.025,-14.04611],[-75.02412,-14.02563],[-75.01879,-14.01089],[-75.00635,-14.01381],[-74.99338,-14.02611],[-74.98087,-14.02008],[-74.97128,-14.02146],[-74.96332,-14.027],[-74.95147,-14.02896],[-74.94956,-14.03263],[-74.93311,-14.04629],[-74.92512,-14.04817],[-74.91755,-14.04393],[-74.90908,-14.03472],[-74.9014,-14.03184],[-74.8902,-14.0195],[-74.87298,-14.0141],[-74.86997,-14.01893],[-74.8608,-14.02025],[-74.85242,-14.0164],[-74.84089,-14.03068],[-74.81747,-14.0276],[-74.81013,-14.02851],[-74.79523,-14.02453],[-74.78388,-14.01695]]]}},{"type":"Feature","properties":{"ubigeo":"090615","nombre":"Santo Domingo de Capillas"},"geometry":{"type":"Polygon","coordinates":[[[-75.09184,-13.59194],[-75.09473,-13.5969],[-75.10445,-13.59984],[-75.10462,-13.60807],[-75.10875,-13.61572],[-75.10617,-13.63273],[-75.11098,-13.65506],[-75.12172,-13.66694],[-75.11977,-13.67328],[-75.13401,-13.69556],[-75.14289,-13.69902],[-75.14714,-13.70865],[-75.14363,-13.72307],[-75.15008,-13.73395],[-75.15699,-13.73819],[-75.16487,-13.73647],[-75.16569,-13.74562],[-75.18304,-13.75647],[-75.19938,-13.75469],[-75.21111,-13.75981],[-75.2239,-13.76145],[-75.24526,-13.75915],[-75.26092,-13.76239],[-75.28092,-13.75473],[-75.28912,-13.75538],[-75.2933,-13.76063],[-75.30982,-13.76342],[-75.31888,-13.76219],[-75.3211,-13.76748],[-75.33368,-13.76897],[-75.3388,-13.77441],[-75.34387,-13.77302],[-75.35367,-13.77674],[-75.37866,-13.77858],[-75.39316,-13.78519],[-75.3834,-13.77404],[-75.37502,-13.77301],[-75.3595,-13.75963],[-75.34857,-13.75392],[-75.34595,-13.7475],[-75.33458,-13.74176],[-75.32732,-13.74216],[-75.30892,-13.7345],[-75.30432,-13.73009],[-75.29982,-13.72443],[-75.28449,-13.72468],[-75.28144,-13.71115],[-75.27504,-13.70911],[-75.25709,-13.71353],[-75.25137,-13.70931],[-75.2527,-13.70394],[-75.24628,-13.69706],[-75.23753,-13.69532],[-75.22077,-13.68187],[-75.21118,-13.66892],[-75.19685,-13.66863],[-75.19246,-13.66192],[-75.18079,-13.66019],[-75.17992,-13.65334],[-75.16951,-13.64967],[-75.16614,-13.63952],[-75.15212,-13.62061],[-75.15772,-13.61648],[-75.1656,-13.59409],[-75.16205,-13.59202],[-75.15214,-13.57324],[-75.14712,-13.54707],[-75.13768,-13.54059],[-75.11941,-13.54597],[-75.11267,-13.54408],[-75.08395,-13.54413],[-75.07597,-13.53827],[-75.07307,-13.52873],[-75.06153,-13.52734],[-75.05379,-13.52126],[-75.04668,-13.52418],[-75.03361,-13.54428],[-75.0436,-13.55073],[-75.04734,-13.55658],[-75.06824,-13.55077],[-75.08145,-13.55274],[-75.0884,-13.56155],[-75.08806,-13.57395],[-75.08458,-13.58472],[-75.09184,-13.59194]]]}},{"type":"Feature","properties":{"ubigeo":"090616","nombre":"Tambo"},"geometry":{"type":"Polygon","coordinates":[[[-75.30432,-13.73009],[-75.30194,-13.70841],[-75.29599,-13.69302],[-75.28774,-13.67834],[-75.28855,-13.66499],[-75.28311,-13.64993],[-75.28362,-13.64294],[-75.27466,-13.6346],[-75.26116,-13.62638],[-75.24618,-13.62496],[-75.23478,-13.61441],[-75.23313,-13.60805],[-75.21821,-13.60068],[-75.2112,-13.58993],[-75.20253,-13.58238],[-75.19985,-13.57242],[-75.20312,-13.56252],[-75.1931,-13.55561],[-75.18543,-13.54235],[-75.17574,-13.53724],[-75.17185,-13.53181],[-75.1639,-13.53325],[-75.15402,-13.52214],[-75.1497,-13.50229],[-75.13897,-13.50151],[-75.12824,-13.49052],[-75.12003,-13.49021],[-75.11107,-13.48257],[-75.10496,-13.47297],[-75.07759,-13.46396],[-75.07722,-13.45883],[-75.06912,-13.45759],[-75.0529,-13.46426],[-75.04686,-13.47007],[-75.05093,-13.48117],[-75.04941,-13.49488],[-75.03595,-13.52043],[-75.04668,-13.52418],[-75.05379,-13.52126],[-75.06153,-13.52734],[-75.07307,-13.52873],[-75.07597,-13.53827],[-75.08395,-13.54413],[-75.11267,-13.54408],[-75.11941,-13.54597],[-75.13768,-13.54059],[-75.14712,-13.54707],[-75.15214,-13.57324],[-75.16205,-13.59202],[-75.1656,-13.59409],[-75.15772,-13.61648],[-75.15212,-13.62061],[-75.16614,-13.63952],[-75.16951,-13.64967],[-75.17992,-13.65334],[-75.18079,-13.66019],[-75.19246,-13.66192],[-75.19685,-13.66863],[-75.21118,-13.66892],[-75.22077,-13.68187],[-75.23753,-13.69532],[-75.24628,-13.69706],[-75.2527,-13.70394],[-75.25137,-13.70931],[-75.25709,-13.71353],[-75.27504,-13.70911],[-75.28144,-13.71115],[-75.28449,-13.72468],[-75.29982,-13.72443],[-75.30432,-13.73009]]]}},{"type":"Feature","properties":{"ubigeo":"090701","nombre":"Pampas"},"geometry":{"type":"Polygon","coordinates":[[[-74.80288,-12.46966],[-74.82089,-12.48094],[-74.81803,-12.48557],[-74.82218,-12.49852],[-74.83738,-12.49696],[-74.84412,-12.50834],[-74.85311,-12.51047],[-74.85511,-12.51615],[-74.86582,-12.52371],[-74.8712,-12.5193],[-74.8702,-12.51184],[-74.88189,-12.47581],[-74.87865,-12.46138],[-74.87085,-12.45373],[-74.86698,-12.4249],[-74.87539,-12.42374],[-74.87807,-12.41908],[-74.87248,-12.41005],[-74.87342,-12.38861],[-74.8884,-12.37952],[-74.89047,-12.37012],[-74.89029,-12.35307],[-74.87843,-12.35528],[-74.85518,-12.35209],[-74.86876,-12.35942],[-74.87815,-12.37193],[-74.86861,-12.38065],[-74.86218,-12.39747],[-74.86308,-12.40279],[-74.8378,-12.41451],[-74.82643,-12.42699],[-74.82709,-12.42913],[-74.81337,-12.4435],[-74.81296,-12.46207],[-74.80288,-12.46966]]]}},{"type":"Feature","properties":{"ubigeo":"090702","nombre":"Acostambo"},"geometry":{"type":"Polygon","coordinates":[[[-74.93568,-12.46293],[-74.94481,-12.48426],[-74.94877,-12.4878],[-74.94537,-12.50205],[-74.9483,-12.5155],[-74.95512,-12.51054],[-74.96391,-12.51471],[-74.96846,-12.50854],[-74.98331,-12.50536],[-74.99953,-12.49904],[-75.00706,-12.49323],[-75.00948,-12.47694],[-75.01442,-12.45955],[-75.02182,-12.44987],[-75.02118,-12.4399],[-75.02427,-12.43471],[-75.0352,-12.42911],[-75.03491,-12.42429],[-75.04211,-12.40815],[-75.06099,-12.40152],[-75.0667,-12.39396],[-75.091,-12.38719],[-75.10111,-12.37721],[-75.10404,-12.37912],[-75.10241,-12.36049],[-75.0959,-12.34992],[-75.0845,-12.34333],[-75.06145,-12.34489],[-75.03028,-12.33054],[-75.02528,-12.33309],[-75.02218,-12.34101],[-75.01147,-12.34029],[-75.00777,-12.33664],[-74.99998,-12.33985],[-74.99173,-12.33571],[-74.98618,-12.34868],[-74.98621,-12.36869],[-74.98193,-12.37793],[-74.98639,-12.39216],[-74.9805,-12.40401],[-74.97047,-12.41344],[-74.96049,-12.43578],[-74.96367,-12.43887],[-74.95715,-12.44284],[-74.95359,-12.45201],[-74.9436,-12.45415],[-74.93568,-12.46293]]]}},{"type":"Feature","properties":{"ubigeo":"090703","nombre":"Acraquia"},"geometry":{"type":"Polygon","coordinates":[[[-74.93568,-12.46293],[-74.9436,-12.45415],[-74.95359,-12.45201],[-74.95715,-12.44284],[-74.96367,-12.43887],[-74.96049,-12.43578],[-74.97047,-12.41344],[-74.9805,-12.40401],[-74.98639,-12.39216],[-74.98193,-12.37793],[-74.98621,-12.36869],[-74.98618,-12.34868],[-74.99173,-12.33571],[-74.98727,-12.33212],[-74.98181,-12.33297],[-74.9707,-12.32862],[-74.95263,-12.33757],[-74.94979,-12.3421],[-74.94034,-12.33902],[-74.93078,-12.34575],[-74.92409,-12.35423],[-74.91752,-12.35632],[-74.91049,-12.36471],[-74.9006,-12.3676],[-74.89447,-12.3767],[-74.89959,-12.38782],[-74.89554,-12.39869],[-74.89728,-12.41476],[-74.88819,-12.43841],[-74.89282,-12.45413],[-74.90201,-12.45466],[-74.91132,-12.46114],[-74.92501,-12.45589],[-74.93568,-12.46293]]]}},{"type":"Feature","properties":{"ubigeo":"090704","nombre":"Ahuaycha"},"geometry":{"type":"Polygon","coordinates":[[[-74.89029,-12.35307],[-74.89047,-12.37012],[-74.8884,-12.37952],[-74.87342,-12.38861],[-74.87248,-12.41005],[-74.87807,-12.41908],[-74.87539,-12.42374],[-74.86698,-12.4249],[-74.87085,-12.45373],[-74.87865,-12.46138],[-74.88189,-12.47581],[-74.8702,-12.51184],[-74.8712,-12.5193],[-74.86582,-12.52371],[-74.88187,-12.53254],[-74.88523,-12.52632],[-74.88288,-12.51768],[-74.88909,-12.51644],[-74.8929,-12.52083],[-74.91462,-12.52615],[-74.92926,-12.53405],[-74.93915,-12.53267],[-74.94784,-12.5267],[-74.9483,-12.5155],[-74.94537,-12.50205],[-74.94877,-12.4878],[-74.94481,-12.48426],[-74.93568,-12.46293],[-74.92501,-12.45589],[-74.91132,-12.46114],[-74.90201,-12.45466],[-74.89282,-12.45413],[-74.88819,-12.43841],[-74.89728,-12.41476],[-74.89554,-12.39869],[-74.89959,-12.38782],[-74.89447,-12.3767],[-74.9006,-12.3676],[-74.91049,-12.36471],[-74.91752,-12.35632],[-74.92409,-12.35423],[-74.93078,-12.34575],[-74.94034,-12.33902],[-74.93251,-12.31916],[-74.93282,-12.31202],[-74.9229,-12.29931],[-74.91549,-12.29527],[-74.90331,-12.29854],[-74.90948,-12.32698],[-74.91186,-12.34734],[-74.91506,-12.35307],[-74.90749,-12.35437],[-74.90041,-12.35005],[-74.89029,-12.35307]]]}},{"type":"Feature","properties":{"ubigeo":"090705","nombre":"Colcabamba"},"geometry":{"type":"Polygon","coordinates":[[[-74.63865,-12.49264],[-74.6477,-12.48852],[-74.65882,-12.48811],[-74.66933,-12.47869],[-74.6764,-12.46606],[-74.68663,-12.45956],[-74.69432,-12.44972],[-74.69654,-12.43927],[-74.70436,-12.4403],[-74.71035,-12.44513],[-74.71825,-12.43875],[-74.72212,-12.42623],[-74.73276,-12.42252],[-74.73988,-12.4276],[-74.74695,-12.42151],[-74.75893,-12.42184],[-74.762,-12.41875],[-74.78071,-12.41765],[-74.78517,-12.42118],[-74.79108,-12.41797],[-74.80589,-12.42116],[-74.81521,-12.41703],[-74.81592,-12.40447],[-74.81033,-12.39283],[-74.79757,-12.38459],[-74.80378,-12.35997],[-74.8042,-12.3395],[-74.80716,-12.33003],[-74.79073,-12.31665],[-74.78523,-12.30779],[-74.78134,-12.29298],[-74.76921,-12.28964],[-74.76742,-12.29717],[-74.75894,-12.292],[-74.74353,-12.30216],[-74.74019,-12.29898],[-74.73403,-12.3031],[-74.72357,-12.30177],[-74.71044,-12.30719],[-74.70055,-12.30369],[-74.70029,-12.29419],[-74.68948,-12.28559],[-74.67319,-12.30292],[-74.67621,-12.31184],[-74.67056,-12.31137],[-74.65698,-12.31586],[-74.66431,-12.32626],[-74.65753,-12.33708],[-74.64712,-12.33873],[-74.64123,-12.34858],[-74.62954,-12.35695],[-74.62917,-12.36754],[-74.62499,-12.3685],[-74.61329,-12.38841],[-74.60088,-12.39991],[-74.59729,-12.41002],[-74.59951,-12.4162],[-74.59677,-12.42304],[-74.59535,-12.44996],[-74.58733,-12.46334],[-74.58743,-12.47115],[-74.59777,-12.4751],[-74.60355,-12.46865],[-74.6335,-12.4848],[-74.63865,-12.49264]]]}},{"type":"Feature","properties":{"ubigeo":"090706","nombre":"Daniel Hernández"},"geometry":{"type":"Polygon","coordinates":[[[-74.78031,-12.28424],[-74.76829,-12.28806],[-74.76921,-12.28964],[-74.78134,-12.29298],[-74.78523,-12.30779],[-74.79073,-12.31665],[-74.80716,-12.33003],[-74.8042,-12.3395],[-74.80378,-12.35997],[-74.79757,-12.38459],[-74.81033,-12.39283],[-74.81592,-12.40447],[-74.81521,-12.41703],[-74.82643,-12.42699],[-74.8378,-12.41451],[-74.86308,-12.40279],[-74.86218,-12.39747],[-74.86861,-12.38065],[-74.87815,-12.37193],[-74.86876,-12.35942],[-74.85518,-12.35209],[-74.85723,-12.33317],[-74.86293,-12.3324],[-74.87038,-12.33937],[-74.88459,-12.33873],[-74.88636,-12.33255],[-74.87952,-12.32475],[-74.87247,-12.30998],[-74.87508,-12.30545],[-74.86935,-12.29731],[-74.86597,-12.28393],[-74.84265,-12.28711],[-74.83701,-12.29157],[-74.82233,-12.29463],[-74.81483,-12.29035],[-74.79649,-12.28894],[-74.78813,-12.28417],[-74.78031,-12.28424]]]}},{"type":"Feature","properties":{"ubigeo":"090707","nombre":"Huachocolpa"},"geometry":{"type":"Polygon","coordinates":[[[-74.41199,-12.10188],[-74.45125,-12.10901],[-74.45629,-12.11788],[-74.46609,-12.12296],[-74.47675,-12.12366],[-74.49593,-12.13754],[-74.50835,-12.13327],[-74.5125,-12.12829],[-74.52233,-12.12504],[-74.53059,-12.10817],[-74.55036,-12.10105],[-74.56276,-12.10453],[-74.5714,-12.10008],[-74.57433,-12.08631],[-74.57112,-12.07399],[-74.57891,-12.06876],[-74.58992,-12.06685],[-74.59313,-12.06108],[-74.60675,-12.05389],[-74.60776,-12.04895],[-74.62608,-12.03574],[-74.63467,-12.02037],[-74.64517,-12.00526],[-74.65828,-11.9936],[-74.64891,-11.99489],[-74.6427,-11.98867],[-74.62416,-11.98518],[-74.61725,-11.99006],[-74.61255,-11.98798],[-74.60355,-11.99954],[-74.59246,-11.99498],[-74.59466,-11.98745],[-74.58203,-11.98794],[-74.57171,-11.98481],[-74.56923,-11.99458],[-74.55768,-12.00095],[-74.549,-11.99699],[-74.54356,-11.99901],[-74.52908,-12.01466],[-74.50276,-12.02021],[-74.48838,-12.0332],[-74.48186,-12.02756],[-74.46989,-12.02753],[-74.46312,-12.03512],[-74.45554,-12.03358],[-74.45163,-12.03944],[-74.45211,-12.04946],[-74.44525,-12.0451],[-74.43358,-12.06936],[-74.42278,-12.06735],[-74.4142,-12.07672],[-74.41458,-12.08455],[-74.41952,-12.09378],[-74.41199,-12.10188]]]}},{"type":"Feature","properties":{"ubigeo":"090709","nombre":"Huaribamba"},"geometry":{"type":"Polygon","coordinates":[[[-74.83701,-12.29157],[-74.84265,-12.28711],[-74.86597,-12.28393],[-74.87067,-12.27663],[-74.8901,-12.27224],[-74.89777,-12.27493],[-74.89974,-12.29045],[-74.90331,-12.29854],[-74.91549,-12.29527],[-74.9229,-12.29931],[-74.93282,-12.31202],[-74.93251,-12.31916],[-74.94034,-12.33902],[-74.94979,-12.3421],[-74.95263,-12.33757],[-74.9707,-12.32862],[-74.98181,-12.33297],[-74.98727,-12.33212],[-74.99068,-12.31918],[-74.98725,-12.31292],[-74.99046,-12.30402],[-74.98102,-12.29603],[-74.97696,-12.28855],[-74.98173,-12.27589],[-74.99413,-12.2815],[-75.00425,-12.28038],[-75.01084,-12.28464],[-75.02106,-12.28579],[-75.02689,-12.27681],[-75.02492,-12.27141],[-75.01645,-12.27065],[-75.00775,-12.26088],[-74.96947,-12.25718],[-74.9675,-12.25469],[-74.94253,-12.25007],[-74.92102,-12.25006],[-74.91948,-12.24392],[-74.91364,-12.24115],[-74.89827,-12.24927],[-74.89054,-12.23751],[-74.88409,-12.2197],[-74.87739,-12.20935],[-74.8756,-12.19819],[-74.86824,-12.19512],[-74.86733,-12.18165],[-74.86977,-12.17066],[-74.86597,-12.16272],[-74.86293,-12.16704],[-74.84021,-12.16643],[-74.83411,-12.17813],[-74.83849,-12.1819],[-74.8438,-12.17896],[-74.84503,-12.19373],[-74.84231,-12.20122],[-74.83296,-12.20896],[-74.82967,-12.22282],[-74.83118,-12.22797],[-74.82502,-12.2419],[-74.82637,-12.25773],[-74.83306,-12.26904],[-74.83798,-12.2885],[-74.83701,-12.29157]]]}},{"type":"Feature","properties":{"ubigeo":"090710","nombre":"Ñahuimpuquio"},"geometry":{"type":"Polygon","coordinates":[[[-75.10404,-12.37912],[-75.10936,-12.38234],[-75.13101,-12.3785],[-75.13357,-12.37194],[-75.13661,-12.34913],[-75.14023,-12.3421],[-75.13521,-12.33527],[-75.12935,-12.33436],[-75.13048,-12.32857],[-75.12046,-12.308],[-75.11044,-12.30346],[-75.10375,-12.29512],[-75.09845,-12.28256],[-75.05986,-12.29638],[-75.04024,-12.30803],[-75.03409,-12.31805],[-75.03028,-12.33054],[-75.06145,-12.34489],[-75.0845,-12.34333],[-75.0959,-12.34992],[-75.10241,-12.36049],[-75.10404,-12.37912]]]}},{"type":"Feature","properties":{"ubigeo":"090711","nombre":"Pazos"},"geometry":{"type":"Polygon","coordinates":[[[-74.94253,-12.25007],[-74.9675,-12.25469],[-74.96947,-12.25718],[-75.00775,-12.26088],[-75.01645,-12.27065],[-75.02492,-12.27141],[-75.02689,-12.27681],[-75.02106,-12.28579],[-75.01084,-12.28464],[-75.00425,-12.28038],[-74.99413,-12.2815],[-74.98173,-12.27589],[-74.97696,-12.28855],[-74.98102,-12.29603],[-74.99046,-12.30402],[-74.98725,-12.31292],[-74.99068,-12.31918],[-74.98727,-12.33212],[-74.99173,-12.33571],[-74.99998,-12.33985],[-75.00777,-12.33664],[-75.01147,-12.34029],[-75.02218,-12.34101],[-75.02528,-12.33309],[-75.03028,-12.33054],[-75.03409,-12.31805],[-75.04024,-12.30803],[-75.05986,-12.29638],[-75.09845,-12.28256],[-75.10419,-12.27833],[-75.10522,-12.27114],[-75.10045,-12.2511],[-75.09269,-12.25047],[-75.09238,-12.24445],[-75.08551,-12.23673],[-75.07163,-12.2352],[-75.06314,-12.22091],[-75.05917,-12.20578],[-75.04936,-12.20134],[-75.05376,-12.18764],[-75.04833,-12.17033],[-75.07262,-12.1578],[-75.07695,-12.14715],[-75.06901,-12.14286],[-75.06315,-12.13348],[-75.06792,-12.12712],[-75.06513,-12.11529],[-75.07095,-12.11293],[-75.06885,-12.10623],[-75.06272,-12.10312],[-75.04137,-12.10255],[-75.03353,-12.11129],[-75.02636,-12.11242],[-75.01477,-12.12084],[-75.00429,-12.12077],[-74.99121,-12.10874],[-74.98418,-12.10643],[-74.97965,-12.111],[-74.98535,-12.12189],[-74.98949,-12.14203],[-74.98922,-12.15716],[-74.98609,-12.16688],[-74.98886,-12.17866],[-74.99425,-12.18805],[-74.98641,-12.18896],[-74.98523,-12.19797],[-74.97622,-12.20074],[-74.97662,-12.20855],[-74.97116,-12.21777],[-74.96348,-12.22191],[-74.95596,-12.23855],[-74.95208,-12.23795],[-74.94985,-12.24652],[-74.94253,-12.25007]]]}},{"type":"Feature","properties":{"ubigeo":"090713","nombre":"Quishuar"},"geometry":{"type":"Polygon","coordinates":[[[-74.75904,-12.27774],[-74.76712,-12.28235],[-74.76829,-12.28806],[-74.78031,-12.28424],[-74.79167,-12.25776],[-74.79011,-12.24324],[-74.78364,-12.22322],[-74.77347,-12.21293],[-74.75719,-12.2087],[-74.75565,-12.2247],[-74.74833,-12.22779],[-74.74379,-12.25497],[-74.74516,-12.26066],[-74.73869,-12.27044],[-74.74761,-12.27374],[-74.75132,-12.28076],[-74.75904,-12.27774]]]}},{"type":"Feature","properties":{"ubigeo":"090714","nombre":"Salcabamba"},"geometry":{"type":"Polygon","coordinates":[[[-74.73869,-12.27044],[-74.74516,-12.26066],[-74.74379,-12.25497],[-74.74833,-12.22779],[-74.75565,-12.2247],[-74.75719,-12.2087],[-74.77347,-12.21293],[-74.78364,-12.22322],[-74.79011,-12.24324],[-74.79167,-12.25776],[-74.78031,-12.28424],[-74.78813,-12.28417],[-74.79649,-12.28894],[-74.81483,-12.29035],[-74.82233,-12.29463],[-74.83701,-12.29157],[-74.83798,-12.2885],[-74.83306,-12.26904],[-74.82637,-12.25773],[-74.82502,-12.2419],[-74.83118,-12.22797],[-74.82967,-12.22282],[-74.83296,-12.20896],[-74.84231,-12.20122],[-74.84503,-12.19373],[-74.8438,-12.17896],[-74.83849,-12.1819],[-74.83411,-12.17813],[-74.84021,-12.16643],[-74.84138,-12.15544],[-74.84764,-12.14466],[-74.83395,-12.13717],[-74.82659,-12.12497],[-74.82716,-12.11216],[-74.83586,-12.09387],[-74.83054,-12.08686],[-74.82265,-12.08331],[-74.81718,-12.07547],[-74.81098,-12.08049],[-74.80183,-12.0941],[-74.80295,-12.11258],[-74.78921,-12.12002],[-74.77731,-12.13281],[-74.76864,-12.15114],[-74.7741,-12.1589],[-74.76473,-12.16329],[-74.76063,-12.1706],[-74.75883,-12.18244],[-74.75373,-12.18221],[-74.74899,-12.17445],[-74.74304,-12.174],[-74.72947,-12.16451],[-74.72058,-12.16285],[-74.70447,-12.14983],[-74.70118,-12.16158],[-74.70191,-12.17409],[-74.71076,-12.19635],[-74.7071,-12.20446],[-74.70737,-12.21514],[-74.70209,-12.22069],[-74.69875,-12.23434],[-74.71046,-12.25162],[-74.71583,-12.25369],[-74.72486,-12.26502],[-74.73428,-12.26628],[-74.73869,-12.27044]]]}},{"type":"Feature","properties":{"ubigeo":"090715","nombre":"Salcahuasi"},"geometry":{"type":"Polygon","coordinates":[[[-74.70447,-12.14983],[-74.72058,-12.16285],[-74.72947,-12.16451],[-74.74304,-12.174],[-74.74899,-12.17445],[-74.75373,-12.18221],[-74.75883,-12.18244],[-74.76063,-12.1706],[-74.76473,-12.16329],[-74.7741,-12.1589],[-74.76864,-12.15114],[-74.77731,-12.13281],[-74.78921,-12.12002],[-74.80295,-12.11258],[-74.80183,-12.0941],[-74.81098,-12.08049],[-74.81718,-12.07547],[-74.81042,-12.06751],[-74.80712,-12.06839],[-74.79428,-12.05829],[-74.77993,-12.053],[-74.75912,-12.05112],[-74.74861,-12.04142],[-74.74357,-12.04095],[-74.73053,-12.04694],[-74.71999,-12.05605],[-74.72009,-12.05913],[-74.7265,-12.07565],[-74.72521,-12.08249],[-74.71113,-12.0886],[-74.71212,-12.09351],[-74.70113,-12.09607],[-74.69646,-12.10943],[-74.69932,-12.11837],[-74.70447,-12.14983]]]}},{"type":"Feature","properties":{"ubigeo":"090716","nombre":"San Marcos de Rocchac"},"geometry":{"type":"Polygon","coordinates":[[[-74.79428,-12.05829],[-74.80712,-12.06839],[-74.81042,-12.06751],[-74.81718,-12.07547],[-74.82265,-12.08331],[-74.83054,-12.08686],[-74.83586,-12.09387],[-74.82716,-12.11216],[-74.82659,-12.12497],[-74.83395,-12.13717],[-74.84764,-12.14466],[-74.84138,-12.15544],[-74.84021,-12.16643],[-74.86293,-12.16704],[-74.86597,-12.16272],[-74.87899,-12.16601],[-74.88602,-12.16512],[-74.88406,-12.15511],[-74.89214,-12.14997],[-74.89432,-12.13934],[-74.90981,-12.13446],[-74.92018,-12.14],[-74.93248,-12.12864],[-74.93656,-12.12199],[-74.94452,-12.12225],[-74.94917,-12.11773],[-74.96155,-12.11496],[-74.96938,-12.10653],[-74.98418,-12.10643],[-74.99121,-12.10874],[-75.00429,-12.12077],[-75.01477,-12.12084],[-75.02636,-12.11242],[-75.03353,-12.11129],[-75.04137,-12.10255],[-75.06272,-12.10312],[-75.06885,-12.10623],[-75.07131,-12.10239],[-75.06582,-12.09387],[-75.07008,-12.08291],[-75.06949,-12.07552],[-75.07461,-12.06015],[-75.08457,-12.05622],[-75.08574,-12.05137],[-75.07472,-12.03798],[-75.06735,-12.03615],[-75.06523,-12.02541],[-75.04705,-12.01156],[-75.04926,-11.99985],[-75.04393,-11.99837],[-75.02681,-12.0022],[-75.02104,-12.00753],[-75.02078,-12.01329],[-75.01226,-12.01123],[-75.01036,-12.01594],[-74.99638,-12.02084],[-74.98966,-12.0174],[-74.97955,-12.0193],[-74.97421,-12.02369],[-74.95907,-12.02288],[-74.95263,-12.01581],[-74.94342,-12.01724],[-74.93037,-12.02286],[-74.92,-12.03288],[-74.90787,-12.03652],[-74.89633,-12.04888],[-74.88086,-12.05369],[-74.87077,-12.06599],[-74.86021,-12.06622],[-74.85098,-12.06976],[-74.83737,-12.07082],[-74.83012,-12.0626],[-74.81782,-12.05351],[-74.79428,-12.05829]]]}},{"type":"Feature","properties":{"ubigeo":"090717","nombre":"Surcubamba"},"geometry":{"type":"Polygon","coordinates":[[[-74.52233,-12.12504],[-74.54815,-12.13649],[-74.55362,-12.14415],[-74.56093,-12.14466],[-74.57189,-12.13424],[-74.58512,-12.13292],[-74.58917,-12.1362],[-74.58916,-12.14502],[-74.60896,-12.16503],[-74.60725,-12.1743],[-74.61093,-12.18091],[-74.61472,-12.20534],[-74.6153,-12.22055],[-74.60743,-12.23194],[-74.61452,-12.24588],[-74.63155,-12.24699],[-74.66165,-12.24384],[-74.68685,-12.26289],[-74.70246,-12.26881],[-74.70995,-12.27564],[-74.71412,-12.28541],[-74.72861,-12.28873],[-74.74967,-12.2874],[-74.75874,-12.28362],[-74.75904,-12.27774],[-74.75132,-12.28076],[-74.74761,-12.27374],[-74.73869,-12.27044],[-74.73428,-12.26628],[-74.72486,-12.26502],[-74.71583,-12.25369],[-74.71046,-12.25162],[-74.69875,-12.23434],[-74.70209,-12.22069],[-74.70737,-12.21514],[-74.7071,-12.20446],[-74.71076,-12.19635],[-74.70191,-12.17409],[-74.70118,-12.16158],[-74.70447,-12.14983],[-74.69932,-12.11837],[-74.69646,-12.10943],[-74.70113,-12.09607],[-74.71212,-12.09351],[-74.71113,-12.0886],[-74.72521,-12.08249],[-74.7265,-12.07565],[-74.72009,-12.05913],[-74.71029,-12.07579],[-74.69963,-12.07655],[-74.68764,-12.07303],[-74.67965,-12.0658],[-74.67089,-12.06437],[-74.65166,-12.08588],[-74.63691,-12.09036],[-74.62863,-12.0974],[-74.61064,-12.09873],[-74.60142,-12.10949],[-74.5714,-12.10008],[-74.56276,-12.10453],[-74.55036,-12.10105],[-74.53059,-12.10817],[-74.52233,-12.12504]]]}},{"type":"Feature","properties":{"ubigeo":"090718","nombre":"Tintay Puncu"},"geometry":{"type":"Polygon","coordinates":[[[-74.38737,-12.18798],[-74.41154,-12.19077],[-74.418,-12.17682],[-74.42937,-12.1678],[-74.45077,-12.1655],[-74.45633,-12.16164],[-74.46749,-12.16017],[-74.49123,-12.15376],[-74.49548,-12.14943],[-74.51238,-12.15176],[-74.52696,-12.15948],[-74.52653,-12.16553],[-74.5189,-12.17537],[-74.51747,-12.18242],[-74.52112,-12.18746],[-74.53162,-12.19134],[-74.53512,-12.20521],[-74.54978,-12.20312],[-74.55541,-12.19323],[-74.56188,-12.19853],[-74.57331,-12.2019],[-74.58202,-12.20895],[-74.58937,-12.21039],[-74.5843,-12.22741],[-74.58564,-12.23719],[-74.59139,-12.2474],[-74.59163,-12.25807],[-74.59889,-12.2623],[-74.61452,-12.24588],[-74.60743,-12.23194],[-74.6153,-12.22055],[-74.61472,-12.20534],[-74.61093,-12.18091],[-74.60725,-12.1743],[-74.60896,-12.16503],[-74.58916,-12.14502],[-74.58917,-12.1362],[-74.58512,-12.13292],[-74.57189,-12.13424],[-74.56093,-12.14466],[-74.55362,-12.14415],[-74.54815,-12.13649],[-74.52233,-12.12504],[-74.5125,-12.12829],[-74.50835,-12.13327],[-74.49593,-12.13754],[-74.47675,-12.12366],[-74.46609,-12.12296],[-74.45629,-12.11788],[-74.45125,-12.10901],[-74.41199,-12.10188],[-74.40664,-12.1072],[-74.39882,-12.10361],[-74.39478,-12.10968],[-74.37958,-12.11986],[-74.36564,-12.13456],[-74.35136,-12.13832],[-74.35238,-12.14776],[-74.35819,-12.1487],[-74.36131,-12.15522],[-74.35464,-12.16425],[-74.34706,-12.16506],[-74.34595,-12.17374],[-74.3493,-12.16788],[-74.36375,-12.17568],[-74.3821,-12.17861],[-74.38111,-12.18608],[-74.38737,-12.18798]]]}},{"type":"Feature","properties":{"ubigeo":"090719","nombre":"Quichuas"},"geometry":{"type":"Polygon","coordinates":[[[-74.6306,-12.51248],[-74.63624,-12.51839],[-74.64511,-12.51876],[-74.64522,-12.52413],[-74.66376,-12.52153],[-74.67484,-12.52712],[-74.69122,-12.52438],[-74.69297,-12.52113],[-74.70675,-12.52208],[-74.71004,-12.51105],[-74.70931,-12.50375],[-74.71783,-12.50432],[-74.71698,-12.49915],[-74.72263,-12.49483],[-74.72193,-12.48748],[-74.73479,-12.48304],[-74.75095,-12.48467],[-74.75399,-12.47818],[-74.76711,-12.47531],[-74.77594,-12.4662],[-74.79124,-12.46418],[-74.80288,-12.46966],[-74.81296,-12.46207],[-74.81337,-12.4435],[-74.82709,-12.42913],[-74.82643,-12.42699],[-74.81521,-12.41703],[-74.80589,-12.42116],[-74.79108,-12.41797],[-74.78517,-12.42118],[-74.78071,-12.41765],[-74.762,-12.41875],[-74.75893,-12.42184],[-74.74695,-12.42151],[-74.73988,-12.4276],[-74.73276,-12.42252],[-74.72212,-12.42623],[-74.71825,-12.43875],[-74.71035,-12.44513],[-74.70436,-12.4403],[-74.69654,-12.43927],[-74.69432,-12.44972],[-74.68663,-12.45956],[-74.6764,-12.46606],[-74.66933,-12.47869],[-74.65882,-12.48811],[-74.6477,-12.48852],[-74.63865,-12.49264],[-74.63438,-12.49469],[-74.62936,-12.50799],[-74.6306,-12.51248]]]}},{"type":"Feature","properties":{"ubigeo":"090720","nombre":"Andaymarca"},"geometry":{"type":"Polygon","coordinates":[[[-74.59163,-12.25807],[-74.58573,-12.2668],[-74.57585,-12.26207],[-74.56896,-12.2667],[-74.56149,-12.26667],[-74.55083,-12.27937],[-74.55212,-12.28734],[-74.57223,-12.30978],[-74.57478,-12.31957],[-74.58009,-12.32299],[-74.58118,-12.33267],[-74.57564,-12.34598],[-74.57458,-12.35703],[-74.57599,-12.37317],[-74.5851,-12.36597],[-74.60009,-12.36025],[-74.61438,-12.36113],[-74.62499,-12.3685],[-74.62917,-12.36754],[-74.62954,-12.35695],[-74.64123,-12.34858],[-74.64712,-12.33873],[-74.65753,-12.33708],[-74.66431,-12.32626],[-74.65698,-12.31586],[-74.67056,-12.31137],[-74.67621,-12.31184],[-74.67319,-12.30292],[-74.68948,-12.28559],[-74.70029,-12.29419],[-74.70055,-12.30369],[-74.71044,-12.30719],[-74.72357,-12.30177],[-74.73403,-12.3031],[-74.74019,-12.29898],[-74.74353,-12.30216],[-74.75894,-12.292],[-74.76742,-12.29717],[-74.76921,-12.28964],[-74.76829,-12.28806],[-74.76712,-12.28235],[-74.75904,-12.27774],[-74.75874,-12.28362],[-74.74967,-12.2874],[-74.72861,-12.28873],[-74.71412,-12.28541],[-74.70995,-12.27564],[-74.70246,-12.26881],[-74.68685,-12.26289],[-74.66165,-12.24384],[-74.63155,-12.24699],[-74.61452,-12.24588],[-74.59889,-12.2623],[-74.59163,-12.25807]]]}},{"type":"Feature","properties":{"ubigeo":"090721","nombre":"Roble"},"geometry":{"type":"Polygon","coordinates":[[[-74.55212,-12.28734],[-74.55083,-12.27937],[-74.56149,-12.26667],[-74.55537,-12.25554],[-74.54646,-12.25632],[-74.54211,-12.26138],[-74.53452,-12.26273],[-74.52589,-12.25509],[-74.50828,-12.24928],[-74.51628,-12.23574],[-74.50769,-12.22484],[-74.50415,-12.19929],[-74.49172,-12.17461],[-74.49201,-12.16807],[-74.47609,-12.17573],[-74.47086,-12.17046],[-74.46749,-12.16017],[-74.45633,-12.16164],[-74.45077,-12.1655],[-74.42937,-12.1678],[-74.418,-12.17682],[-74.41154,-12.19077],[-74.38737,-12.18798],[-74.38886,-12.19267],[-74.38082,-12.20463],[-74.37715,-12.21459],[-74.37627,-12.23013],[-74.39368,-12.25247],[-74.39176,-12.26199],[-74.38481,-12.26863],[-74.3861,-12.27362],[-74.40798,-12.29207],[-74.4164,-12.30477],[-74.424,-12.28951],[-74.42896,-12.29042],[-74.43658,-12.2853],[-74.44153,-12.27213],[-74.45614,-12.27008],[-74.46397,-12.27355],[-74.47637,-12.27277],[-74.48025,-12.27836],[-74.48564,-12.27693],[-74.49568,-12.28626],[-74.50629,-12.31218],[-74.51393,-12.31222],[-74.51926,-12.30428],[-74.53026,-12.30048],[-74.53392,-12.29512],[-74.54277,-12.29365],[-74.55212,-12.28734]]]}},{"type":"Feature","properties":{"ubigeo":"090722","nombre":"Pichos"},"geometry":{"type":"Polygon","coordinates":[[[-74.94253,-12.25007],[-74.94985,-12.24652],[-74.95208,-12.23795],[-74.95596,-12.23855],[-74.96348,-12.22191],[-74.97116,-12.21777],[-74.97662,-12.20855],[-74.97622,-12.20074],[-74.98523,-12.19797],[-74.98641,-12.18896],[-74.99425,-12.18805],[-74.98886,-12.17866],[-74.98609,-12.16688],[-74.98922,-12.15716],[-74.98949,-12.14203],[-74.98535,-12.12189],[-74.97965,-12.111],[-74.98418,-12.10643],[-74.96938,-12.10653],[-74.96155,-12.11496],[-74.94917,-12.11773],[-74.94452,-12.12225],[-74.93656,-12.12199],[-74.93248,-12.12864],[-74.92018,-12.14],[-74.90981,-12.13446],[-74.89432,-12.13934],[-74.89214,-12.14997],[-74.88406,-12.15511],[-74.88602,-12.16512],[-74.87899,-12.16601],[-74.86597,-12.16272],[-74.86977,-12.17066],[-74.86733,-12.18165],[-74.86824,-12.19512],[-74.8756,-12.19819],[-74.87739,-12.20935],[-74.88409,-12.2197],[-74.89054,-12.23751],[-74.89827,-12.24927],[-74.91364,-12.24115],[-74.91948,-12.24392],[-74.92102,-12.25006],[-74.94253,-12.25007]]]}},{"type":"Feature","properties":{"ubigeo":"090723","nombre":"Santiago de Tucuma"},"geometry":{"type":"Polygon","coordinates":[[[-74.90331,-12.29854],[-74.89974,-12.29045],[-74.89777,-12.27493],[-74.8901,-12.27224],[-74.87067,-12.27663],[-74.86597,-12.28393],[-74.86935,-12.29731],[-74.87508,-12.30545],[-74.87247,-12.30998],[-74.87952,-12.32475],[-74.88636,-12.33255],[-74.88459,-12.33873],[-74.87038,-12.33937],[-74.86293,-12.3324],[-74.85723,-12.33317],[-74.85518,-12.35209],[-74.87843,-12.35528],[-74.89029,-12.35307],[-74.90041,-12.35005],[-74.90749,-12.35437],[-74.91506,-12.35307],[-74.91186,-12.34734],[-74.90948,-12.32698],[-74.90331,-12.29854]]]}},{"type":"Feature","properties":{"ubigeo":"090724","nombre":"Lambras"},"geometry":{"type":"Polygon","coordinates":[[[-74.72009,-12.05913],[-74.71069,-12.0572],[-74.69932,-12.04437],[-74.68374,-12.03847],[-74.67913,-12.02603],[-74.67851,-12.01748],[-74.67099,-12.0122],[-74.66143,-12.00561],[-74.65828,-11.9936],[-74.64517,-12.00526],[-74.63467,-12.02037],[-74.62608,-12.03574],[-74.60776,-12.04895],[-74.60675,-12.05389],[-74.59313,-12.06108],[-74.58992,-12.06685],[-74.57891,-12.06876],[-74.57112,-12.07399],[-74.57433,-12.08631],[-74.5714,-12.10008],[-74.60142,-12.10949],[-74.61064,-12.09873],[-74.62863,-12.0974],[-74.63691,-12.09036],[-74.65166,-12.08588],[-74.67089,-12.06437],[-74.67965,-12.0658],[-74.68764,-12.07303],[-74.69963,-12.07655],[-74.71029,-12.07579],[-74.72009,-12.05913]]]}},{"type":"Feature","properties":{"ubigeo":"090725","nombre":"Cochabamba"},"geometry":{"type":"Polygon","coordinates":[[[-74.56149,-12.26667],[-74.56896,-12.2667],[-74.57585,-12.26207],[-74.58573,-12.2668],[-74.59163,-12.25807],[-74.59139,-12.2474],[-74.58564,-12.23719],[-74.5843,-12.22741],[-74.58937,-12.21039],[-74.58202,-12.20895],[-74.57331,-12.2019],[-74.56188,-12.19853],[-74.55541,-12.19323],[-74.54978,-12.20312],[-74.53512,-12.20521],[-74.53162,-12.19134],[-74.52112,-12.18746],[-74.51747,-12.18242],[-74.5189,-12.17537],[-74.52653,-12.16553],[-74.52696,-12.15948],[-74.51238,-12.15176],[-74.49548,-12.14943],[-74.49123,-12.15376],[-74.46749,-12.16017],[-74.47086,-12.17046],[-74.47609,-12.17573],[-74.49201,-12.16807],[-74.49172,-12.17461],[-74.50415,-12.19929],[-74.50769,-12.22484],[-74.51628,-12.23574],[-74.50828,-12.24928],[-74.52589,-12.25509],[-74.53452,-12.26273],[-74.54211,-12.26138],[-74.54646,-12.25632],[-74.55537,-12.25554],[-74.56149,-12.26667]]]}}]}