{"type":"FeatureCollection","features":[{"type":"Feature","properties":{"ubigeo":"100101","nombre":"Huanuco"},"geometry":{"type":"Polygon","coordinates":[[[-76.25145,-9.94295],[-76.25778,-9.94483],[-76.26077,-9.95284],[-76.27124,-9.96029],[-76.28697,-9.96083],[-76.29801,-9.95212],[-76.31219,-9.95894],[-76.32045,-9.95983],[-76.31772,-9.94553],[-76.32285,-9.94186],[-76.33695,-9.92441],[-76.34681,-9.92417],[-76.34852,-9.91925],[-76.34169,-9.90627],[-76.33899,-9.89068],[-76.34473,-9.87232],[-76.35809,-9.86859],[-76.36843,-9.85726],[-76.3716,-9.84907],[-76.3768,-9.84912],[-76.38846,-9.83824],[-76.39914,-9.8253],[-76.40263,-9.81698],[-76.40929,-9.81222],[-76.40418,-9.79784],[-76.3831,-9.8089],[-76.37784,-9.81981],[-76.36995,-9.82851],[-76.33184,-9.84991],[-76.33693,-9.85934],[-76.33689,-9.86657],[-76.3316,-9.87672],[-76.32565,-9.87556],[-76.31166,-9.88262],[-76.30075,-9.88371],[-76.29292,-9.87882],[-76.28614,-9.88439],[-76.27868,-9.88351],[-76.26878,-9.87768],[-76.21314,-9.87048],[-76.19559,-9.86668],[-76.17983,-9.85979],[-76.18229,-9.87343],[-76.19594,-9.87819],[-76.20028,-9.88501],[-76.22185,-9.88809],[-76.22793,-9.89432],[-76.22771,-9.90036],[-76.23352,-9.90728],[-76.23357,-9.93004],[-76.25145,-9.94295]]]}},{"type":"Feature","properties":{"ubigeo":"100102","nombre":"Amarilis"},"geometry":{"type":"Polygon","coordinates":[[[-76.12454,-9.92539],[-76.11536,-9.94011],[-76.11621,-9.95226],[-76.12541,-9.96016],[-76.12517,-9.97019],[-76.12927,-9.97407],[-76.12674,-9.97958],[-76.13621,-9.98628],[-76.15713,-9.9841],[-76.16425,-9.98132],[-76.17038,-9.98529],[-76.17963,-9.99685],[-76.18445,-9.99821],[-76.1905,-10.00745],[-76.21265,-10.00959],[-76.22914,-10.01745],[-76.23874,-9.99298],[-76.23848,-9.98425],[-76.24425,-9.98047],[-76.24116,-9.97422],[-76.23967,-9.96059],[-76.2437,-9.95058],[-76.25145,-9.94295],[-76.23357,-9.93004],[-76.23352,-9.90728],[-76.22771,-9.90036],[-76.22793,-9.89432],[-76.22185,-9.88809],[-76.20028,-9.88501],[-76.19571,-9.8932],[-76.18752,-9.90041],[-76.17357,-9.90262],[-76.1557,-9.91147],[-76.13549,-9.91769],[-76.12454,-9.92539]]]}},{"type":"Feature","properties":{"ubigeo":"100103","nombre":"Chinchao"},"geometry":{"type":"Polygon","coordinates":[[[-75.91616,-9.56009],[-75.92958,-9.56991],[-75.94719,-9.57104],[-75.96706,-9.5747],[-75.97708,-9.57198],[-75.98111,-9.57579],[-75.99194,-9.57398],[-75.99824,-9.58553],[-75.98934,-9.60217],[-75.99147,-9.60607],[-76.00905,-9.61419],[-76.01251,-9.62886],[-76.0247,-9.63842],[-76.03875,-9.63987],[-76.03685,-9.6513],[-76.04198,-9.65149],[-76.06074,-9.66926],[-76.0669,-9.67242],[-76.07112,-9.68425],[-76.07175,-9.70365],[-76.08271,-9.71384],[-76.07959,-9.72006],[-76.05934,-9.73221],[-76.05458,-9.73955],[-76.04805,-9.74249],[-76.04081,-9.75573],[-76.04104,-9.77321],[-76.04623,-9.79311],[-76.04622,-9.80661],[-76.0522,-9.82159],[-76.0625,-9.82],[-76.06755,-9.8248],[-76.0874,-9.83171],[-76.09979,-9.832],[-76.10165,-9.83504],[-76.12713,-9.83748],[-76.13242,-9.82972],[-76.1263,-9.80207],[-76.12208,-9.78909],[-76.11124,-9.78658],[-76.11245,-9.78079],[-76.12224,-9.77601],[-76.13535,-9.77494],[-76.14412,-9.76553],[-76.15255,-9.76144],[-76.16127,-9.73916],[-76.16596,-9.73251],[-76.17583,-9.73554],[-76.18198,-9.72694],[-76.19205,-9.73094],[-76.2008,-9.71969],[-76.1994,-9.71377],[-76.2124,-9.70572],[-76.20813,-9.69411],[-76.2103,-9.68434],[-76.22533,-9.67138],[-76.23601,-9.66568],[-76.2392,-9.65999],[-76.26234,-9.6474],[-76.26393,-9.63885],[-76.25929,-9.62691],[-76.24959,-9.61903],[-76.2511,-9.60313],[-76.25771,-9.59796],[-76.25537,-9.59196],[-76.24582,-9.58578],[-76.24695,-9.57517],[-76.24068,-9.55116],[-76.24151,-9.52382],[-76.23889,-9.51242],[-76.22862,-9.50834],[-76.21339,-9.5077],[-76.20919,-9.49969],[-76.20469,-9.49888],[-76.19251,-9.49462],[-76.16993,-9.47211],[-76.16052,-9.46923],[-76.14762,-9.47371],[-76.139,-9.47073],[-76.13128,-9.47946],[-76.1246,-9.48081],[-76.11381,-9.4757],[-76.10748,-9.47958],[-76.09141,-9.47069],[-76.07221,-9.4715],[-76.05032,-9.4782],[-76.03815,-9.49645],[-76.01973,-9.50121],[-76.01135,-9.50803],[-76.00201,-9.50514],[-75.98027,-9.50388],[-75.9701,-9.49729],[-75.9569,-9.4931],[-75.94664,-9.49703],[-75.93575,-9.50991],[-75.93098,-9.51156],[-75.92336,-9.54353],[-75.91691,-9.54979],[-75.91616,-9.56009]]]}},{"type":"Feature","properties":{"ubigeo":"100104","nombre":"Churubamba"},"geometry":{"type":"Polygon","coordinates":[[[-76.12324,-9.88862],[-76.11662,-9.88177],[-76.10923,-9.86512],[-76.11291,-9.85757],[-76.12963,-9.84675],[-76.13333,-9.83739],[-76.13849,-9.8431],[-76.1462,-9.84009],[-76.1542,-9.85453],[-76.16381,-9.85387],[-76.163,-9.83998],[-76.18408,-9.82366],[-76.20947,-9.82185],[-76.227,-9.807],[-76.24949,-9.79798],[-76.25718,-9.78243],[-76.2708,-9.77333],[-76.27684,-9.77245],[-76.27879,-9.76269],[-76.28822,-9.75811],[-76.29832,-9.73812],[-76.29895,-9.73185],[-76.30655,-9.72195],[-76.30968,-9.69364],[-76.31905,-9.66487],[-76.33035,-9.65953],[-76.3432,-9.65052],[-76.35439,-9.65382],[-76.35876,-9.67533],[-76.35542,-9.68072],[-76.35912,-9.68955],[-76.37372,-9.69706],[-76.38249,-9.70648],[-76.39398,-9.69984],[-76.40454,-9.704],[-76.40905,-9.69957],[-76.43155,-9.69196],[-76.43097,-9.68368],[-76.4244,-9.66969],[-76.41732,-9.67039],[-76.41111,-9.66111],[-76.41374,-9.64142],[-76.41109,-9.63421],[-76.39642,-9.60808],[-76.38696,-9.6029],[-76.36502,-9.57784],[-76.365,-9.57083],[-76.35981,-9.56481],[-76.36073,-9.54681],[-76.34273,-9.52982],[-76.31347,-9.51658],[-76.29043,-9.52106],[-76.28581,-9.52474],[-76.27215,-9.52549],[-76.24934,-9.52058],[-76.23889,-9.51242],[-76.24151,-9.52382],[-76.24068,-9.55116],[-76.24695,-9.57517],[-76.24582,-9.58578],[-76.25537,-9.59196],[-76.25771,-9.59796],[-76.2511,-9.60313],[-76.24959,-9.61903],[-76.25929,-9.62691],[-76.26393,-9.63885],[-76.26234,-9.6474],[-76.2392,-9.65999],[-76.23601,-9.66568],[-76.22533,-9.67138],[-76.2103,-9.68434],[-76.20813,-9.69411],[-76.2124,-9.70572],[-76.1994,-9.71377],[-76.2008,-9.71969],[-76.19205,-9.73094],[-76.18198,-9.72694],[-76.17583,-9.73554],[-76.16596,-9.73251],[-76.16127,-9.73916],[-76.15255,-9.76144],[-76.14412,-9.76553],[-76.13535,-9.77494],[-76.12224,-9.77601],[-76.11245,-9.78079],[-76.11124,-9.78658],[-76.12208,-9.78909],[-76.1263,-9.80207],[-76.13242,-9.82972],[-76.12713,-9.83748],[-76.10165,-9.83504],[-76.09979,-9.832],[-76.0874,-9.83171],[-76.06755,-9.8248],[-76.0625,-9.82],[-76.06091,-9.82385],[-76.0688,-9.83794],[-76.07377,-9.8531],[-76.08063,-9.85877],[-76.08681,-9.88132],[-76.09955,-9.88885],[-76.10785,-9.88612],[-76.12324,-9.88862]]]}},{"type":"Feature","properties":{"ubigeo":"100105","nombre":"Margos"},"geometry":{"type":"Polygon","coordinates":[[[-76.46598,-10.00664],[-76.46904,-10.02023],[-76.48269,-10.03426],[-76.48728,-10.044],[-76.49555,-10.07383],[-76.48593,-10.10029],[-76.48594,-10.11073],[-76.47693,-10.12922],[-76.48138,-10.14251],[-76.47683,-10.15421],[-76.48233,-10.15646],[-76.48874,-10.15089],[-76.49425,-10.15544],[-76.51001,-10.15227],[-76.514,-10.1598],[-76.5048,-10.17913],[-76.51078,-10.1861],[-76.51765,-10.18707],[-76.5278,-10.1875],[-76.53052,-10.17771],[-76.53895,-10.16572],[-76.53484,-10.14006],[-76.54087,-10.1254],[-76.54952,-10.11037],[-76.55897,-10.09786],[-76.56768,-10.09652],[-76.59708,-10.10093],[-76.60553,-10.08585],[-76.60613,-10.07024],[-76.60186,-10.05087],[-76.59648,-10.04027],[-76.57823,-10.03046],[-76.58564,-10.01929],[-76.58542,-10.0112],[-76.58075,-10.00854],[-76.58154,-9.99113],[-76.57397,-9.97367],[-76.56052,-9.97496],[-76.55581,-9.96857],[-76.53993,-9.97474],[-76.5358,-9.97409],[-76.52003,-9.98134],[-76.51625,-9.9852],[-76.50132,-9.9861],[-76.48737,-9.99148],[-76.47829,-9.99423],[-76.46598,-10.00664]]]}},{"type":"Feature","properties":{"ubigeo":"100106","nombre":"Quisqui (Kichki)"},"geometry":{"type":"Polygon","coordinates":[[[-76.34681,-9.92417],[-76.36039,-9.92432],[-76.37112,-9.93771],[-76.37485,-9.94676],[-76.37812,-9.94083],[-76.39187,-9.92847],[-76.40062,-9.92786],[-76.42571,-9.91778],[-76.4324,-9.92397],[-76.45612,-9.92642],[-76.4584,-9.92193],[-76.45806,-9.91207],[-76.47071,-9.90347],[-76.48537,-9.90359],[-76.48213,-9.89821],[-76.46717,-9.89163],[-76.4729,-9.88501],[-76.48525,-9.88318],[-76.48823,-9.87861],[-76.48808,-9.86669],[-76.4914,-9.85303],[-76.4997,-9.83545],[-76.49087,-9.8313],[-76.46982,-9.80787],[-76.4517,-9.80671],[-76.44201,-9.79474],[-76.42903,-9.79117],[-76.41901,-9.79853],[-76.40418,-9.79784],[-76.40929,-9.81222],[-76.40263,-9.81698],[-76.39914,-9.8253],[-76.38846,-9.83824],[-76.3768,-9.84912],[-76.3716,-9.84907],[-76.36843,-9.85726],[-76.35809,-9.86859],[-76.34473,-9.87232],[-76.33899,-9.89068],[-76.34169,-9.90627],[-76.34852,-9.91925],[-76.34681,-9.92417]]]}},{"type":"Feature","properties":{"ubigeo":"100107","nombre":"San Francisco de Cayran"},"geometry":{"type":"Polygon","coordinates":[[[-76.3324,-10.06471],[-76.34436,-10.0682],[-76.35406,-10.06518],[-76.36262,-10.04813],[-76.37679,-10.04548],[-76.38394,-10.03794],[-76.38593,-10.02794],[-76.38046,-10.01949],[-76.37248,-10.01901],[-76.3658,-10.00611],[-76.387,-9.99136],[-76.39389,-9.98301],[-76.38674,-9.97573],[-76.38386,-9.96004],[-76.38596,-9.9534],[-76.37485,-9.94676],[-76.37112,-9.93771],[-76.36039,-9.92432],[-76.34681,-9.92417],[-76.33695,-9.92441],[-76.32285,-9.94186],[-76.31772,-9.94553],[-76.32045,-9.95983],[-76.31219,-9.95894],[-76.29801,-9.95212],[-76.28697,-9.96083],[-76.27124,-9.96029],[-76.25722,-9.976],[-76.25259,-9.98978],[-76.26306,-9.99594],[-76.27647,-9.99739],[-76.28174,-10.00972],[-76.28426,-10.03352],[-76.29556,-10.04659],[-76.30857,-10.05415],[-76.31114,-10.06033],[-76.32292,-10.06763],[-76.32528,-10.0732],[-76.3324,-10.06471]]]}},{"type":"Feature","properties":{"ubigeo":"100108","nombre":"San Pedro de Chaulan"},"geometry":{"type":"Polygon","coordinates":[[[-76.37359,-10.15058],[-76.3836,-10.14549],[-76.39568,-10.14437],[-76.40334,-10.13591],[-76.41061,-10.13714],[-76.41637,-10.14914],[-76.41305,-10.15903],[-76.41101,-10.17872],[-76.42103,-10.1918],[-76.42953,-10.19922],[-76.42899,-10.21704],[-76.43195,-10.23019],[-76.43608,-10.23353],[-76.44408,-10.22508],[-76.44975,-10.21416],[-76.44951,-10.19456],[-76.44755,-10.1873],[-76.45501,-10.1556],[-76.46147,-10.14909],[-76.46824,-10.15341],[-76.47683,-10.15421],[-76.48138,-10.14251],[-76.47693,-10.12922],[-76.48594,-10.11073],[-76.48593,-10.10029],[-76.49555,-10.07383],[-76.48728,-10.044],[-76.48269,-10.03426],[-76.46904,-10.02023],[-76.46598,-10.00664],[-76.4603,-10.00644],[-76.45332,-9.99949],[-76.44438,-9.99539],[-76.44102,-9.99001],[-76.44205,-9.98223],[-76.43325,-9.97505],[-76.42931,-9.96473],[-76.42187,-9.96062],[-76.41654,-9.96392],[-76.38817,-9.95618],[-76.38596,-9.9534],[-76.38386,-9.96004],[-76.38674,-9.97573],[-76.39389,-9.98301],[-76.387,-9.99136],[-76.3658,-10.00611],[-76.37248,-10.01901],[-76.38046,-10.01949],[-76.38593,-10.02794],[-76.38394,-10.03794],[-76.37679,-10.04548],[-76.36262,-10.04813],[-76.35406,-10.06518],[-76.34436,-10.0682],[-76.3324,-10.06471],[-76.33704,-10.08288],[-76.33387,-10.09674],[-76.3487,-10.11019],[-76.35527,-10.11184],[-76.37444,-10.12404],[-76.37602,-10.142],[-76.37359,-10.15058]]]}},{"type":"Feature","properties":{"ubigeo":"100109","nombre":"Santa María del Valle"},"geometry":{"type":"Polygon","coordinates":[[[-76.12454,-9.92539],[-76.13549,-9.91769],[-76.1557,-9.91147],[-76.17357,-9.90262],[-76.18752,-9.90041],[-76.19571,-9.8932],[-76.20028,-9.88501],[-76.19594,-9.87819],[-76.18229,-9.87343],[-76.17983,-9.85979],[-76.19559,-9.86668],[-76.21314,-9.87048],[-76.26878,-9.87768],[-76.27868,-9.88351],[-76.28614,-9.88439],[-76.29292,-9.87882],[-76.30075,-9.88371],[-76.31166,-9.88262],[-76.32565,-9.87556],[-76.3316,-9.87672],[-76.33689,-9.86657],[-76.33693,-9.85934],[-76.33184,-9.84991],[-76.36995,-9.82851],[-76.37784,-9.81981],[-76.3831,-9.8089],[-76.40418,-9.79784],[-76.41901,-9.79853],[-76.42903,-9.79117],[-76.44201,-9.79474],[-76.4517,-9.80671],[-76.46982,-9.80787],[-76.46728,-9.7896],[-76.46966,-9.78263],[-76.46775,-9.77091],[-76.4632,-9.76507],[-76.46716,-9.7502],[-76.47737,-9.74724],[-76.48399,-9.74041],[-76.47675,-9.73505],[-76.47681,-9.72475],[-76.465,-9.72136],[-76.46299,-9.70696],[-76.44973,-9.7078],[-76.44595,-9.70267],[-76.43819,-9.70613],[-76.43155,-9.69196],[-76.40905,-9.69957],[-76.40454,-9.704],[-76.39398,-9.69984],[-76.38249,-9.70648],[-76.37372,-9.69706],[-76.35912,-9.68955],[-76.35542,-9.68072],[-76.35876,-9.67533],[-76.35439,-9.65382],[-76.3432,-9.65052],[-76.33035,-9.65953],[-76.31905,-9.66487],[-76.30968,-9.69364],[-76.30655,-9.72195],[-76.29895,-9.73185],[-76.29832,-9.73812],[-76.28822,-9.75811],[-76.27879,-9.76269],[-76.27684,-9.77245],[-76.2708,-9.77333],[-76.25718,-9.78243],[-76.24949,-9.79798],[-76.227,-9.807],[-76.20947,-9.82185],[-76.18408,-9.82366],[-76.163,-9.83998],[-76.16381,-9.85387],[-76.1542,-9.85453],[-76.1462,-9.84009],[-76.13849,-9.8431],[-76.13333,-9.83739],[-76.12963,-9.84675],[-76.11291,-9.85757],[-76.10923,-9.86512],[-76.11662,-9.88177],[-76.12324,-9.88862],[-76.11721,-9.9031],[-76.11797,-9.91282],[-76.12454,-9.92539]]]}},{"type":"Feature","properties":{"ubigeo":"100110","nombre":"Yarumayo"},"geometry":{"type":"Polygon","coordinates":[[[-76.38596,-9.9534],[-76.38817,-9.95618],[-76.41654,-9.96392],[-76.42187,-9.96062],[-76.42931,-9.96473],[-76.43325,-9.97505],[-76.44205,-9.98223],[-76.44102,-9.99001],[-76.44438,-9.99539],[-76.45332,-9.99949],[-76.4603,-10.00644],[-76.46598,-10.00664],[-76.47829,-9.99423],[-76.48737,-9.99148],[-76.48126,-9.97886],[-76.48168,-9.97351],[-76.47557,-9.96096],[-76.47374,-9.95124],[-76.48075,-9.9362],[-76.46766,-9.9304],[-76.46312,-9.92279],[-76.4584,-9.92193],[-76.45612,-9.92642],[-76.4324,-9.92397],[-76.42571,-9.91778],[-76.40062,-9.92786],[-76.39187,-9.92847],[-76.37812,-9.94083],[-76.37485,-9.94676],[-76.38596,-9.9534]]]}},{"type":"Feature","properties":{"ubigeo":"100111","nombre":"Pillco Marca"},"geometry":{"type":"Polygon","coordinates":[[[-76.22914,-10.01745],[-76.22647,-10.02266],[-76.23365,-10.03044],[-76.22879,-10.03676],[-76.23869,-10.04401],[-76.25331,-10.05046],[-76.26358,-10.06292],[-76.26772,-10.06256],[-76.27894,-10.07207],[-76.28678,-10.07112],[-76.29917,-10.08108],[-76.30098,-10.08638],[-76.31147,-10.0908],[-76.32376,-10.10503],[-76.33032,-10.10717],[-76.34396,-10.1203],[-76.34757,-10.1259],[-76.35548,-10.12217],[-76.36938,-10.13084],[-76.36817,-10.14169],[-76.37359,-10.15058],[-76.37602,-10.142],[-76.37444,-10.12404],[-76.35527,-10.11184],[-76.3487,-10.11019],[-76.33387,-10.09674],[-76.33704,-10.08288],[-76.3324,-10.06471],[-76.32528,-10.0732],[-76.32292,-10.06763],[-76.31114,-10.06033],[-76.30857,-10.05415],[-76.29556,-10.04659],[-76.28426,-10.03352],[-76.28174,-10.00972],[-76.27647,-9.99739],[-76.26306,-9.99594],[-76.25259,-9.98978],[-76.25722,-9.976],[-76.27124,-9.96029],[-76.26077,-9.95284],[-76.25778,-9.94483],[-76.25145,-9.94295],[-76.2437,-9.95058],[-76.23967,-9.96059],[-76.24116,-9.97422],[-76.24425,-9.98047],[-76.23848,-9.98425],[-76.23874,-9.99298],[-76.22914,-10.01745]]]}},{"type":"Feature","properties":{"ubigeo":"100112","nombre":"Yacus"},"geometry":{"type":"Polygon","coordinates":[[[-76.48737,-9.99148],[-76.50132,-9.9861],[-76.51625,-9.9852],[-76.52003,-9.98134],[-76.5358,-9.97409],[-76.53993,-9.97474],[-76.55581,-9.96857],[-76.56052,-9.97496],[-76.57397,-9.97367],[-76.57759,-9.96672],[-76.57047,-9.95923],[-76.5566,-9.95524],[-76.55693,-9.94816],[-76.54785,-9.94365],[-76.54877,-9.92263],[-76.52217,-9.91368],[-76.50715,-9.91299],[-76.4987,-9.90435],[-76.48689,-9.90612],[-76.48537,-9.90359],[-76.47071,-9.90347],[-76.45806,-9.91207],[-76.4584,-9.92193],[-76.46312,-9.92279],[-76.46766,-9.9304],[-76.48075,-9.9362],[-76.47374,-9.95124],[-76.47557,-9.96096],[-76.48168,-9.97351],[-76.48126,-9.97886],[-76.48737,-9.99148]]]}},{"type":"Feature","properties":{"ubigeo":"100113","nombre":"San Pablo de Pillao"},"geometry":{"type":"Polygon","coordinates":[[[-76.0522,-9.82159],[-76.04622,-9.80661],[-76.04623,-9.79311],[-76.04104,-9.77321],[-76.04081,-9.75573],[-76.04805,-9.74249],[-76.05458,-9.73955],[-76.05934,-9.73221],[-76.07959,-9.72006],[-76.08271,-9.71384],[-76.07175,-9.70365],[-76.07112,-9.68425],[-76.0669,-9.67242],[-76.06074,-9.66926],[-76.04198,-9.65149],[-76.03685,-9.6513],[-76.03875,-9.63987],[-76.0247,-9.63842],[-76.01251,-9.62886],[-76.00905,-9.61419],[-75.99147,-9.60607],[-75.98934,-9.60217],[-75.99824,-9.58553],[-75.99194,-9.57398],[-75.98111,-9.57579],[-75.97708,-9.57198],[-75.96706,-9.5747],[-75.94719,-9.57104],[-75.92958,-9.56991],[-75.91616,-9.56009],[-75.91267,-9.56745],[-75.89687,-9.58359],[-75.89109,-9.59569],[-75.87337,-9.60562],[-75.87107,-9.61642],[-75.85671,-9.62949],[-75.85281,-9.63907],[-75.83982,-9.65158],[-75.83979,-9.66337],[-75.84668,-9.66868],[-75.85187,-9.68426],[-75.84304,-9.68856],[-75.81039,-9.72035],[-75.80501,-9.73193],[-75.80669,-9.74121],[-75.80457,-9.75524],[-75.80923,-9.76729],[-75.79877,-9.79053],[-75.79533,-9.81158],[-75.80512,-9.8221],[-75.81315,-9.82228],[-75.81936,-9.82997],[-75.82519,-9.83104],[-75.83179,-9.82106],[-75.85041,-9.81039],[-75.86752,-9.80416],[-75.87412,-9.79291],[-75.89132,-9.79107],[-75.92567,-9.7949],[-75.93926,-9.80501],[-75.96101,-9.81393],[-75.97686,-9.81664],[-75.98602,-9.81571],[-76.00812,-9.81831],[-76.03334,-9.82337],[-76.04756,-9.82424],[-76.0522,-9.82159]]]}},{"type":"Feature","properties":{"ubigeo":"100201","nombre":"Ambo"},"geometry":{"type":"Polygon","coordinates":[[[-76.05314,-10.22353],[-76.05821,-10.22296],[-76.07078,-10.20958],[-76.08199,-10.21262],[-76.10267,-10.22136],[-76.12027,-10.22353],[-76.12784,-10.23439],[-76.14043,-10.2392],[-76.15334,-10.23828],[-76.15797,-10.23163],[-76.15454,-10.22059],[-76.16671,-10.2199],[-76.18685,-10.22215],[-76.19291,-10.22964],[-76.20258,-10.23449],[-76.20592,-10.22149],[-76.21495,-10.20251],[-76.21104,-10.19883],[-76.21298,-10.17716],[-76.20911,-10.16692],[-76.20977,-10.15621],[-76.22335,-10.14376],[-76.23252,-10.14241],[-76.24283,-10.12691],[-76.24323,-10.11778],[-76.25558,-10.09934],[-76.24778,-10.09379],[-76.22727,-10.09048],[-76.2151,-10.08482],[-76.20928,-10.09869],[-76.20156,-10.09756],[-76.18895,-10.09137],[-76.1816,-10.0836],[-76.16622,-10.08679],[-76.15533,-10.08199],[-76.13088,-10.07803],[-76.12972,-10.06931],[-76.12543,-10.06786],[-76.12062,-10.07459],[-76.10458,-10.07266],[-76.07377,-10.08637],[-76.07181,-10.09499],[-76.06468,-10.09152],[-76.05252,-10.09522],[-76.04364,-10.09904],[-76.04057,-10.10657],[-76.04587,-10.11357],[-76.06381,-10.13084],[-76.06478,-10.1359],[-76.05476,-10.14029],[-76.05667,-10.14839],[-76.05334,-10.15671],[-76.05878,-10.16841],[-76.05674,-10.17384],[-76.06203,-10.19063],[-76.06738,-10.1946],[-76.05481,-10.20454],[-76.05959,-10.21795],[-76.05314,-10.22353]]]}},{"type":"Feature","properties":{"ubigeo":"100202","nombre":"Cayna"},"geometry":{"type":"Polygon","coordinates":[[[-76.30657,-10.25327],[-76.30985,-10.25234],[-76.31595,-10.2611],[-76.33479,-10.27611],[-76.33579,-10.28632],[-76.34428,-10.28688],[-76.35304,-10.29658],[-76.36466,-10.29941],[-76.37025,-10.29507],[-76.38722,-10.28929],[-76.39875,-10.28292],[-76.40812,-10.27393],[-76.3988,-10.26028],[-76.40071,-10.25597],[-76.39191,-10.24707],[-76.38873,-10.24004],[-76.39281,-10.23116],[-76.38802,-10.22415],[-76.39758,-10.21221],[-76.40214,-10.22777],[-76.41292,-10.24695],[-76.41857,-10.24911],[-76.43608,-10.23353],[-76.43195,-10.23019],[-76.42899,-10.21704],[-76.42953,-10.19922],[-76.42103,-10.1918],[-76.41101,-10.17872],[-76.41305,-10.15903],[-76.41637,-10.14914],[-76.41061,-10.13714],[-76.40334,-10.13591],[-76.39568,-10.14437],[-76.3836,-10.14549],[-76.37359,-10.15058],[-76.36817,-10.14169],[-76.36938,-10.13084],[-76.35548,-10.12217],[-76.34757,-10.1259],[-76.34042,-10.13493],[-76.34263,-10.14678],[-76.34941,-10.15337],[-76.32405,-10.15483],[-76.33796,-10.17033],[-76.33782,-10.176],[-76.34525,-10.18677],[-76.34643,-10.19524],[-76.32874,-10.2172],[-76.31243,-10.22516],[-76.30425,-10.24527],[-76.30657,-10.25327]]]}},{"type":"Feature","properties":{"ubigeo":"100203","nombre":"Colpas"},"geometry":{"type":"Polygon","coordinates":[[[-76.38722,-10.28929],[-76.40235,-10.30919],[-76.41384,-10.31273],[-76.42294,-10.31868],[-76.44394,-10.32053],[-76.45134,-10.31555],[-76.45915,-10.31643],[-76.47255,-10.30991],[-76.4831,-10.31252],[-76.49398,-10.31053],[-76.51289,-10.29184],[-76.51782,-10.27031],[-76.51493,-10.26621],[-76.51229,-10.24239],[-76.5159,-10.23908],[-76.52399,-10.21431],[-76.51937,-10.20579],[-76.521,-10.19429],[-76.51765,-10.18707],[-76.51078,-10.1861],[-76.5048,-10.17913],[-76.514,-10.1598],[-76.51001,-10.15227],[-76.49425,-10.15544],[-76.48874,-10.15089],[-76.48233,-10.15646],[-76.47683,-10.15421],[-76.46824,-10.15341],[-76.46147,-10.14909],[-76.45501,-10.1556],[-76.44755,-10.1873],[-76.44951,-10.19456],[-76.44975,-10.21416],[-76.44408,-10.22508],[-76.43608,-10.23353],[-76.41857,-10.24911],[-76.41292,-10.24695],[-76.40214,-10.22777],[-76.39758,-10.21221],[-76.38802,-10.22415],[-76.39281,-10.23116],[-76.38873,-10.24004],[-76.39191,-10.24707],[-76.40071,-10.25597],[-76.3988,-10.26028],[-76.40812,-10.27393],[-76.39875,-10.28292],[-76.38722,-10.28929]]]}},{"type":"Feature","properties":{"ubigeo":"100204","nombre":"Conchamarca"},"geometry":{"type":"Polygon","coordinates":[[[-76.12753,-10.03444],[-76.13341,-10.03641],[-76.13882,-10.04453],[-76.12632,-10.0456],[-76.12347,-10.05214],[-76.12692,-10.05865],[-76.13801,-10.06325],[-76.16481,-10.06828],[-76.16868,-10.06557],[-76.16508,-10.05103],[-76.17207,-10.03939],[-76.17222,-10.03049],[-76.17969,-10.02827],[-76.19355,-10.0291],[-76.18171,-10.047],[-76.20451,-10.04682],[-76.21674,-10.04266],[-76.22385,-10.04451],[-76.22245,-10.05267],[-76.2131,-10.06386],[-76.21701,-10.07519],[-76.2151,-10.08482],[-76.22727,-10.09048],[-76.24778,-10.09379],[-76.25558,-10.09934],[-76.27372,-10.10179],[-76.2837,-10.10586],[-76.2911,-10.10489],[-76.30834,-10.11021],[-76.3198,-10.11612],[-76.34396,-10.1203],[-76.33032,-10.10717],[-76.32376,-10.10503],[-76.31147,-10.0908],[-76.30098,-10.08638],[-76.29917,-10.08108],[-76.28678,-10.07112],[-76.27894,-10.07207],[-76.26772,-10.06256],[-76.26358,-10.06292],[-76.25331,-10.05046],[-76.23869,-10.04401],[-76.22879,-10.03676],[-76.23365,-10.03044],[-76.22647,-10.02266],[-76.22914,-10.01745],[-76.21265,-10.00959],[-76.1905,-10.00745],[-76.18445,-9.99821],[-76.17963,-9.99685],[-76.17038,-9.98529],[-76.16425,-9.98132],[-76.15713,-9.9841],[-76.13621,-9.98628],[-76.13608,-10.00019],[-76.13074,-10.01026],[-76.12403,-10.0146],[-76.12453,-10.03125],[-76.12753,-10.03444]]]}},{"type":"Feature","properties":{"ubigeo":"100205","nombre":"Huacar"},"geometry":{"type":"Polygon","coordinates":[[[-76.24439,-10.30964],[-76.25282,-10.30423],[-76.25561,-10.29405],[-76.26003,-10.28955],[-76.25715,-10.27536],[-76.26674,-10.27468],[-76.27138,-10.27067],[-76.28147,-10.27076],[-76.28422,-10.27432],[-76.30711,-10.25544],[-76.30657,-10.25327],[-76.30425,-10.24527],[-76.31243,-10.22516],[-76.32874,-10.2172],[-76.34643,-10.19524],[-76.34525,-10.18677],[-76.33782,-10.176],[-76.33796,-10.17033],[-76.32405,-10.15483],[-76.34941,-10.15337],[-76.34263,-10.14678],[-76.34042,-10.13493],[-76.34757,-10.1259],[-76.34396,-10.1203],[-76.3198,-10.11612],[-76.30834,-10.11021],[-76.2911,-10.10489],[-76.2837,-10.10586],[-76.27372,-10.10179],[-76.25558,-10.09934],[-76.24323,-10.11778],[-76.24283,-10.12691],[-76.23252,-10.14241],[-76.22335,-10.14376],[-76.20977,-10.15621],[-76.20911,-10.16692],[-76.21298,-10.17716],[-76.21104,-10.19883],[-76.21495,-10.20251],[-76.20592,-10.22149],[-76.20258,-10.23449],[-76.2053,-10.24871],[-76.2003,-10.25218],[-76.20191,-10.2667],[-76.20839,-10.28179],[-76.22048,-10.28462],[-76.23173,-10.29434],[-76.24439,-10.30964]]]}},{"type":"Feature","properties":{"ubigeo":"100206","nombre":"San Francisco"},"geometry":{"type":"Polygon","coordinates":[[[-76.24439,-10.30964],[-76.24516,-10.325],[-76.25201,-10.33469],[-76.25435,-10.34383],[-76.25012,-10.34951],[-76.25075,-10.35874],[-76.23584,-10.35595],[-76.23089,-10.37179],[-76.22524,-10.3966],[-76.23215,-10.38876],[-76.24058,-10.38651],[-76.25748,-10.37387],[-76.26648,-10.3692],[-76.27112,-10.3711],[-76.27449,-10.38341],[-76.27277,-10.38914],[-76.27833,-10.39622],[-76.27508,-10.40305],[-76.2868,-10.4168],[-76.29763,-10.41005],[-76.30588,-10.41217],[-76.31262,-10.38346],[-76.31974,-10.37178],[-76.31967,-10.36311],[-76.32341,-10.35958],[-76.31685,-10.34099],[-76.32197,-10.32539],[-76.33054,-10.31635],[-76.33058,-10.31627],[-76.32576,-10.30553],[-76.33317,-10.29538],[-76.33579,-10.28632],[-76.33479,-10.27611],[-76.31595,-10.2611],[-76.30985,-10.25234],[-76.30657,-10.25327],[-76.30711,-10.25544],[-76.28422,-10.27432],[-76.28147,-10.27076],[-76.27138,-10.27067],[-76.26674,-10.27468],[-76.25715,-10.27536],[-76.26003,-10.28955],[-76.25561,-10.29405],[-76.25282,-10.30423],[-76.24439,-10.30964]]]}},{"type":"Feature","properties":{"ubigeo":"100207","nombre":"San Rafael"},"geometry":{"type":"Polygon","coordinates":[[[-76.03167,-10.45593],[-76.04075,-10.45486],[-76.04887,-10.45806],[-76.05069,-10.46419],[-76.05764,-10.46515],[-76.0725,-10.45242],[-76.07828,-10.45199],[-76.07472,-10.43951],[-76.07883,-10.43401],[-76.09464,-10.42942],[-76.10419,-10.43555],[-76.10829,-10.43051],[-76.1188,-10.42637],[-76.12886,-10.43097],[-76.13352,-10.41856],[-76.14041,-10.41065],[-76.15197,-10.40825],[-76.16433,-10.41403],[-76.17995,-10.40607],[-76.1854,-10.39546],[-76.2004,-10.38861],[-76.20717,-10.38871],[-76.20282,-10.37758],[-76.22304,-10.37488],[-76.23089,-10.37179],[-76.23584,-10.35595],[-76.25075,-10.35874],[-76.25012,-10.34951],[-76.25435,-10.34383],[-76.25201,-10.33469],[-76.24516,-10.325],[-76.24439,-10.30964],[-76.23173,-10.29434],[-76.22048,-10.28462],[-76.20839,-10.28179],[-76.20191,-10.2667],[-76.2003,-10.25218],[-76.2053,-10.24871],[-76.20258,-10.23449],[-76.19291,-10.22964],[-76.18685,-10.22215],[-76.16671,-10.2199],[-76.15454,-10.22059],[-76.15797,-10.23163],[-76.15334,-10.23828],[-76.14043,-10.2392],[-76.12784,-10.23439],[-76.12027,-10.22353],[-76.10267,-10.22136],[-76.08199,-10.21262],[-76.07078,-10.20958],[-76.05821,-10.22296],[-76.05314,-10.22353],[-76.04253,-10.22858],[-76.03938,-10.23669],[-76.0412,-10.24929],[-76.03525,-10.26031],[-76.04771,-10.2658],[-76.05035,-10.27294],[-76.0471,-10.28364],[-76.04615,-10.30563],[-76.05451,-10.30762],[-76.0662,-10.31664],[-76.05902,-10.32363],[-76.04174,-10.33114],[-76.04214,-10.33884],[-76.03784,-10.34644],[-76.03699,-10.36178],[-76.04125,-10.37377],[-76.03361,-10.38171],[-76.0347,-10.39092],[-76.04011,-10.39605],[-76.02897,-10.40598],[-76.03187,-10.41429],[-76.02595,-10.42614],[-76.03229,-10.43207],[-76.03021,-10.44073],[-76.03167,-10.45593]]]}},{"type":"Feature","properties":{"ubigeo":"100208","nombre":"Tomay Kichwa"},"geometry":{"type":"Polygon","coordinates":[[[-76.12543,-10.06786],[-76.12972,-10.06931],[-76.13088,-10.07803],[-76.15533,-10.08199],[-76.16622,-10.08679],[-76.1816,-10.0836],[-76.18895,-10.09137],[-76.20156,-10.09756],[-76.20928,-10.09869],[-76.2151,-10.08482],[-76.21701,-10.07519],[-76.2131,-10.06386],[-76.22245,-10.05267],[-76.22385,-10.04451],[-76.21674,-10.04266],[-76.20451,-10.04682],[-76.18171,-10.047],[-76.19355,-10.0291],[-76.17969,-10.02827],[-76.17222,-10.03049],[-76.17207,-10.03939],[-76.16508,-10.05103],[-76.16868,-10.06557],[-76.16481,-10.06828],[-76.13801,-10.06325],[-76.12692,-10.05865],[-76.12347,-10.05214],[-76.12632,-10.0456],[-76.13882,-10.04453],[-76.13341,-10.03641],[-76.12753,-10.03444],[-76.11832,-10.04568],[-76.11833,-10.05581],[-76.12543,-10.06786]]]}},{"type":"Feature","properties":{"ubigeo":"100301","nombre":"La Unión"},"geometry":{"type":"Polygon","coordinates":[[[-76.72006,-9.89836],[-76.73349,-9.91183],[-76.73008,-9.92071],[-76.73595,-9.93393],[-76.75215,-9.94454],[-76.75818,-9.93819],[-76.76338,-9.94111],[-76.76971,-9.95423],[-76.77991,-9.95702],[-76.77612,-9.96846],[-76.77853,-9.98096],[-76.77321,-9.99406],[-76.78828,-10.00447],[-76.80054,-10.00651],[-76.80417,-10.0023],[-76.82405,-10.011],[-76.82327,-9.99562],[-76.82562,-9.98929],[-76.81772,-9.97853],[-76.81368,-9.96157],[-76.81803,-9.95229],[-76.82898,-9.93842],[-76.83894,-9.93455],[-76.84375,-9.92392],[-76.84037,-9.91773],[-76.84573,-9.91021],[-76.85075,-9.89456],[-76.85902,-9.88859],[-76.86211,-9.87545],[-76.87298,-9.86377],[-76.86928,-9.86039],[-76.86152,-9.85635],[-76.84899,-9.85887],[-76.82043,-9.84928],[-76.80916,-9.84299],[-76.80293,-9.83289],[-76.79826,-9.80968],[-76.80104,-9.80227],[-76.78094,-9.81349],[-76.78607,-9.83852],[-76.78506,-9.85052],[-76.77267,-9.85751],[-76.76533,-9.86762],[-76.74953,-9.86271],[-76.74253,-9.86358],[-76.74079,-9.86984],[-76.72671,-9.88215],[-76.72006,-9.89836]]]}},{"type":"Feature","properties":{"ubigeo":"100307","nombre":"Chuquis"},"geometry":{"type":"Polygon","coordinates":[[[-76.68972,-9.70154],[-76.70207,-9.69409],[-76.70371,-9.68981],[-76.71526,-9.67829],[-76.71868,-9.65379],[-76.72347,-9.64462],[-76.71721,-9.61831],[-76.7054,-9.61551],[-76.69362,-9.61666],[-76.68439,-9.61242],[-76.65892,-9.60688],[-76.6427,-9.61278],[-76.6282,-9.61291],[-76.6135,-9.60912],[-76.6028,-9.61048],[-76.58847,-9.60819],[-76.578,-9.61312],[-76.56672,-9.61316],[-76.55901,-9.6166],[-76.54938,-9.6307],[-76.53851,-9.63414],[-76.53555,-9.6447],[-76.53932,-9.65428],[-76.53748,-9.66114],[-76.52597,-9.66566],[-76.54974,-9.68069],[-76.55888,-9.68271],[-76.58029,-9.67858],[-76.58588,-9.67456],[-76.59812,-9.67251],[-76.60658,-9.67801],[-76.61689,-9.67518],[-76.62989,-9.68475],[-76.64447,-9.68777],[-76.66171,-9.68018],[-76.66397,-9.67734],[-76.67339,-9.68167],[-76.68116,-9.68874],[-76.68972,-9.70154]]]}},{"type":"Feature","properties":{"ubigeo":"100311","nombre":"Marías"},"geometry":{"type":"Polygon","coordinates":[[[-76.20469,-9.49888],[-76.20919,-9.49969],[-76.21339,-9.5077],[-76.22862,-9.50834],[-76.23889,-9.51242],[-76.24934,-9.52058],[-76.27215,-9.52549],[-76.28581,-9.52474],[-76.29043,-9.52106],[-76.31347,-9.51658],[-76.34273,-9.52982],[-76.36073,-9.54681],[-76.35981,-9.56481],[-76.365,-9.57083],[-76.36502,-9.57784],[-76.38696,-9.6029],[-76.39642,-9.60808],[-76.41109,-9.63421],[-76.41374,-9.64142],[-76.41111,-9.66111],[-76.41732,-9.67039],[-76.4244,-9.66969],[-76.43097,-9.68368],[-76.43155,-9.69196],[-76.43819,-9.70613],[-76.44595,-9.70267],[-76.44973,-9.7078],[-76.46299,-9.70696],[-76.46897,-9.70168],[-76.47145,-9.69249],[-76.46797,-9.685],[-76.47646,-9.67452],[-76.48455,-9.67525],[-76.49227,-9.68078],[-76.49699,-9.67501],[-76.50862,-9.67341],[-76.51552,-9.6764],[-76.51867,-9.66878],[-76.52597,-9.66566],[-76.53748,-9.66114],[-76.53932,-9.65428],[-76.53555,-9.6447],[-76.53851,-9.63414],[-76.54938,-9.6307],[-76.55901,-9.6166],[-76.56672,-9.61316],[-76.578,-9.61312],[-76.58847,-9.60819],[-76.6028,-9.61048],[-76.6135,-9.60912],[-76.6282,-9.61291],[-76.6427,-9.61278],[-76.65892,-9.60688],[-76.68439,-9.61242],[-76.69362,-9.61666],[-76.7054,-9.61551],[-76.71721,-9.61831],[-76.71901,-9.61224],[-76.70159,-9.59859],[-76.68936,-9.59756],[-76.6803,-9.59148],[-76.66552,-9.57674],[-76.63738,-9.56536],[-76.62846,-9.55946],[-76.61703,-9.55769],[-76.6087,-9.5508],[-76.59452,-9.54524],[-76.58305,-9.55209],[-76.57463,-9.54621],[-76.55947,-9.53977],[-76.55219,-9.5402],[-76.54121,-9.53997],[-76.52472,-9.52732],[-76.51676,-9.52718],[-76.51136,-9.53348],[-76.50625,-9.53271],[-76.50003,-9.52545],[-76.49358,-9.52605],[-76.48563,-9.50669],[-76.46975,-9.50564],[-76.45692,-9.49857],[-76.44992,-9.50549],[-76.4354,-9.5028],[-76.42856,-9.50684],[-76.41509,-9.49987],[-76.39107,-9.49842],[-76.38156,-9.49387],[-76.37782,-9.48788],[-76.37539,-9.46926],[-76.37257,-9.46244],[-76.37447,-9.45479],[-76.37141,-9.44315],[-76.34666,-9.42346],[-76.3392,-9.42629],[-76.33414,-9.42158],[-76.31146,-9.41675],[-76.31512,-9.39478],[-76.30894,-9.39071],[-76.29745,-9.38848],[-76.28338,-9.39466],[-76.26667,-9.39633],[-76.25824,-9.4009],[-76.23535,-9.41821],[-76.22528,-9.43223],[-76.21426,-9.43703],[-76.20404,-9.44671],[-76.20099,-9.45431],[-76.20148,-9.466],[-76.19904,-9.47449],[-76.20469,-9.49888]]]}},{"type":"Feature","properties":{"ubigeo":"100313","nombre":"Pachas"},"geometry":{"type":"Polygon","coordinates":[[[-76.71901,-9.61224],[-76.71721,-9.61831],[-76.72347,-9.64462],[-76.71868,-9.65379],[-76.72416,-9.65361],[-76.73077,-9.66093],[-76.72875,-9.67018],[-76.73008,-9.68562],[-76.7384,-9.69625],[-76.74602,-9.69798],[-76.75942,-9.70728],[-76.76404,-9.71754],[-76.76332,-9.73121],[-76.76713,-9.73654],[-76.77409,-9.73796],[-76.77774,-9.72907],[-76.80095,-9.7146],[-76.80181,-9.72207],[-76.80799,-9.72121],[-76.8249,-9.73274],[-76.82275,-9.73628],[-76.83304,-9.74074],[-76.83161,-9.74526],[-76.84005,-9.75244],[-76.8452,-9.75282],[-76.84936,-9.74352],[-76.85778,-9.74537],[-76.87497,-9.74075],[-76.86543,-9.75176],[-76.85907,-9.77975],[-76.86826,-9.7856],[-76.87068,-9.79134],[-76.87981,-9.79065],[-76.87918,-9.80963],[-76.88914,-9.82348],[-76.89521,-9.8156],[-76.90057,-9.79983],[-76.90308,-9.78515],[-76.90138,-9.7705],[-76.90373,-9.7653],[-76.91191,-9.76367],[-76.91127,-9.75899],[-76.91735,-9.74366],[-76.92533,-9.74008],[-76.93457,-9.72892],[-76.93466,-9.71999],[-76.94137,-9.70591],[-76.94539,-9.70257],[-76.94669,-9.68051],[-76.93257,-9.68095],[-76.91641,-9.68841],[-76.91218,-9.67834],[-76.91388,-9.66952],[-76.91106,-9.65703],[-76.90746,-9.65337],[-76.89613,-9.65674],[-76.89425,-9.66983],[-76.89027,-9.67446],[-76.88217,-9.66803],[-76.87145,-9.67547],[-76.86299,-9.66387],[-76.85032,-9.66723],[-76.85025,-9.66148],[-76.86122,-9.64406],[-76.84895,-9.63837],[-76.8396,-9.63674],[-76.83462,-9.62526],[-76.82145,-9.63297],[-76.80919,-9.62803],[-76.80824,-9.6127],[-76.80146,-9.61597],[-76.78917,-9.61664],[-76.78467,-9.61979],[-76.76134,-9.61764],[-76.75421,-9.58921],[-76.75181,-9.58814],[-76.74378,-9.60657],[-76.74169,-9.61666],[-76.73595,-9.61361],[-76.73664,-9.60461],[-76.72761,-9.59566],[-76.71901,-9.61224]]]}},{"type":"Feature","properties":{"ubigeo":"100316","nombre":"Quivilla"},"geometry":{"type":"Polygon","coordinates":[[[-76.71901,-9.61224],[-76.72761,-9.59566],[-76.74141,-9.58571],[-76.74319,-9.5791],[-76.72687,-9.57244],[-76.71508,-9.57012],[-76.69675,-9.55772],[-76.68993,-9.56086],[-76.67393,-9.56086],[-76.66292,-9.55331],[-76.65122,-9.55495],[-76.62205,-9.54744],[-76.6087,-9.5508],[-76.61703,-9.55769],[-76.62846,-9.55946],[-76.63738,-9.56536],[-76.66552,-9.57674],[-76.6803,-9.59148],[-76.68936,-9.59756],[-76.70159,-9.59859],[-76.71901,-9.61224]]]}},{"type":"Feature","properties":{"ubigeo":"100317","nombre":"Ripan"},"geometry":{"type":"Polygon","coordinates":[[[-76.80528,-9.78319],[-76.80492,-9.79681],[-76.80104,-9.80227],[-76.79826,-9.80968],[-76.80293,-9.83289],[-76.80916,-9.84299],[-76.82043,-9.84928],[-76.84899,-9.85887],[-76.86152,-9.85635],[-76.86928,-9.86039],[-76.8808,-9.83303],[-76.88914,-9.82348],[-76.87918,-9.80963],[-76.87981,-9.79065],[-76.87068,-9.79134],[-76.86826,-9.7856],[-76.85907,-9.77975],[-76.86543,-9.75176],[-76.87497,-9.74075],[-76.85778,-9.74537],[-76.84936,-9.74352],[-76.8452,-9.75282],[-76.841,-9.75911],[-76.83929,-9.77393],[-76.82796,-9.77212],[-76.82572,-9.77998],[-76.8181,-9.7872],[-76.80528,-9.78319]]]}},{"type":"Feature","properties":{"ubigeo":"100321","nombre":"Shunqui"},"geometry":{"type":"Polygon","coordinates":[[[-76.80528,-9.78319],[-76.8181,-9.7872],[-76.82572,-9.77998],[-76.82796,-9.77212],[-76.83929,-9.77393],[-76.841,-9.75911],[-76.8452,-9.75282],[-76.84005,-9.75244],[-76.83161,-9.74526],[-76.83304,-9.74074],[-76.82275,-9.73628],[-76.8249,-9.73274],[-76.80799,-9.72121],[-76.80181,-9.72207],[-76.80095,-9.7146],[-76.77774,-9.72907],[-76.77409,-9.73796],[-76.79033,-9.7589],[-76.79917,-9.76285],[-76.80302,-9.76974],[-76.80528,-9.78319]]]}},{"type":"Feature","properties":{"ubigeo":"100322","nombre":"Sillapata"},"geometry":{"type":"Polygon","coordinates":[[[-76.75802,-9.84246],[-76.74253,-9.86358],[-76.74953,-9.86271],[-76.76533,-9.86762],[-76.77267,-9.85751],[-76.78506,-9.85052],[-76.78607,-9.83852],[-76.78094,-9.81349],[-76.80104,-9.80227],[-76.80492,-9.79681],[-76.80528,-9.78319],[-76.80302,-9.76974],[-76.79917,-9.76285],[-76.79033,-9.7589],[-76.77409,-9.73796],[-76.76713,-9.73654],[-76.76332,-9.73121],[-76.75781,-9.73338],[-76.73576,-9.75298],[-76.73332,-9.77977],[-76.73587,-9.79191],[-76.74676,-9.81948],[-76.74978,-9.83673],[-76.75802,-9.84246]]]}},{"type":"Feature","properties":{"ubigeo":"100323","nombre":"Yanas"},"geometry":{"type":"Polygon","coordinates":[[[-76.70371,-9.68981],[-76.72121,-9.70208],[-76.72298,-9.71138],[-76.71468,-9.72817],[-76.70249,-9.73837],[-76.70249,-9.74804],[-76.7125,-9.75133],[-76.73576,-9.75298],[-76.75781,-9.73338],[-76.76332,-9.73121],[-76.76404,-9.71754],[-76.75942,-9.70728],[-76.74602,-9.69798],[-76.7384,-9.69625],[-76.73008,-9.68562],[-76.72875,-9.67018],[-76.73077,-9.66093],[-76.72416,-9.65361],[-76.71868,-9.65379],[-76.71526,-9.67829],[-76.70371,-9.68981]]]}},{"type":"Feature","properties":{"ubigeo":"100401","nombre":"Huacaybamba"},"geometry":{"type":"Polygon","coordinates":[[[-76.65581,-8.98494],[-76.66665,-8.99013],[-76.68165,-8.99362],[-76.70343,-9.01509],[-76.72127,-9.01966],[-76.74653,-9.00793],[-76.75376,-9.00772],[-76.78738,-9.01564],[-76.80464,-9.01499],[-76.8144,-9.01926],[-76.83325,-9.014],[-76.839,-9.00898],[-76.85116,-9.00721],[-76.85599,-9.01767],[-76.89559,-9.05164],[-76.90472,-9.05819],[-76.91009,-9.05833],[-76.918,-9.07552],[-76.92928,-9.07057],[-76.9454,-9.07483],[-76.95185,-9.0675],[-76.96215,-9.06796],[-76.96514,-9.06183],[-76.98017,-9.06299],[-76.98197,-9.05675],[-76.99585,-9.04714],[-77.00279,-9.03262],[-77.01678,-9.02662],[-77.02209,-9.01982],[-77.03263,-9.01423],[-77.03363,-9.00842],[-77.02616,-9.01103],[-77.0245,-9.00087],[-77.01388,-8.98669],[-76.98436,-8.96894],[-76.97127,-8.9632],[-76.95546,-8.96356],[-76.94417,-8.96003],[-76.9269,-8.95154],[-76.91869,-8.93662],[-76.91593,-8.91936],[-76.89551,-8.9061],[-76.89666,-8.88578],[-76.89029,-8.8813],[-76.89593,-8.87133],[-76.89404,-8.86193],[-76.87976,-8.86248],[-76.86207,-8.86581],[-76.85812,-8.86306],[-76.85768,-8.8526],[-76.83203,-8.84302],[-76.82231,-8.83446],[-76.81008,-8.83299],[-76.80787,-8.83806],[-76.78613,-8.84173],[-76.77585,-8.85134],[-76.77089,-8.86239],[-76.76559,-8.85803],[-76.75908,-8.86028],[-76.75319,-8.87264],[-76.74592,-8.88173],[-76.73478,-8.87078],[-76.72853,-8.87282],[-76.72284,-8.88044],[-76.71879,-8.88586],[-76.71931,-8.89563],[-76.7134,-8.90006],[-76.71136,-8.91228],[-76.7009,-8.91509],[-76.69642,-8.92964],[-76.68377,-8.9313],[-76.6847,-8.94075],[-76.67446,-8.9605],[-76.65581,-8.98494]]]}},{"type":"Feature","properties":{"ubigeo":"100402","nombre":"Canchabamba"},"geometry":{"type":"Polygon","coordinates":[[[-77.0371,-8.83444],[-77.04414,-8.84353],[-77.04595,-8.86169],[-77.05376,-8.86806],[-77.05411,-8.87531],[-77.04735,-8.8849],[-77.05333,-8.88962],[-77.06801,-8.89517],[-77.07829,-8.90955],[-77.08857,-8.91058],[-77.10828,-8.92341],[-77.11483,-8.93471],[-77.12371,-8.94237],[-77.12494,-8.93282],[-77.13054,-8.93181],[-77.13346,-8.92413],[-77.12963,-8.91987],[-77.13898,-8.91143],[-77.1381,-8.90827],[-77.14787,-8.89551],[-77.15399,-8.90044],[-77.15953,-8.8971],[-77.16484,-8.8891],[-77.16488,-8.88124],[-77.1725,-8.87662],[-77.17307,-8.8624],[-77.16997,-8.85752],[-77.1766,-8.84589],[-77.17482,-8.83362],[-77.16508,-8.8282],[-77.16061,-8.81866],[-77.15007,-8.8104],[-77.15564,-8.79772],[-77.14758,-8.77706],[-77.14329,-8.78072],[-77.12628,-8.78154],[-77.12136,-8.7753],[-77.10711,-8.77431],[-77.10008,-8.76732],[-77.0894,-8.77597],[-77.08225,-8.77409],[-77.06971,-8.78676],[-77.05165,-8.81097],[-77.03307,-8.82247],[-77.0371,-8.83444]]]}},{"type":"Feature","properties":{"ubigeo":"100403","nombre":"Cochabamba"},"geometry":{"type":"Polygon","coordinates":[[[-76.47407,-9.01242],[-76.47344,-9.01396],[-76.48015,-9.17042],[-76.46269,-9.16951],[-76.45348,-9.17701],[-76.44299,-9.18112],[-76.41286,-9.17723],[-76.40615,-9.18822],[-76.38501,-9.18469],[-76.37487,-9.1872],[-76.35916,-9.19706],[-76.3495,-9.1933],[-76.33821,-9.18462],[-76.32833,-9.18455],[-76.31159,-9.17608],[-76.30229,-9.17769],[-76.28511,-9.19172],[-76.27809,-9.19503],[-76.27203,-9.21383],[-76.27742,-9.21279],[-76.28576,-9.20507],[-76.31011,-9.19638],[-76.31961,-9.19508],[-76.33429,-9.19826],[-76.33954,-9.20367],[-76.34837,-9.20488],[-76.35984,-9.21897],[-76.3639,-9.2285],[-76.38475,-9.23285],[-76.39587,-9.23844],[-76.4133,-9.23171],[-76.42071,-9.23277],[-76.43271,-9.22859],[-76.43838,-9.22954],[-76.44829,-9.22284],[-76.45794,-9.22052],[-76.47811,-9.20684],[-76.48509,-9.19983],[-76.49276,-9.20027],[-76.5103,-9.18614],[-76.52566,-9.19614],[-76.52848,-9.20262],[-76.53568,-9.20368],[-76.54417,-9.20158],[-76.55725,-9.17702],[-76.56996,-9.17159],[-76.59207,-9.16895],[-76.61143,-9.15063],[-76.61748,-9.14808],[-76.63284,-9.13596],[-76.64262,-9.13263],[-76.65572,-9.12342],[-76.67237,-9.12046],[-76.68587,-9.12421],[-76.69881,-9.11398],[-76.71669,-9.10818],[-76.72193,-9.11128],[-76.73524,-9.11107],[-76.74543,-9.10683],[-76.74934,-9.11299],[-76.76303,-9.10715],[-76.77191,-9.0855],[-76.76759,-9.06475],[-76.77259,-9.05448],[-76.77886,-9.05439],[-76.77424,-9.06864],[-76.77931,-9.07674],[-76.79401,-9.08617],[-76.80495,-9.11071],[-76.81926,-9.12725],[-76.83191,-9.12254],[-76.85154,-9.11428],[-76.86938,-9.11438],[-76.89003,-9.10147],[-76.89849,-9.09846],[-76.918,-9.07552],[-76.91009,-9.05833],[-76.90472,-9.05819],[-76.89559,-9.05164],[-76.85599,-9.01767],[-76.85116,-9.00721],[-76.839,-9.00898],[-76.83325,-9.014],[-76.8144,-9.01926],[-76.80464,-9.01499],[-76.78738,-9.01564],[-76.75376,-9.00772],[-76.74653,-9.00793],[-76.72127,-9.01966],[-76.70343,-9.01509],[-76.68165,-8.99362],[-76.66665,-8.99013],[-76.65581,-8.98494],[-76.65606,-8.99383],[-76.65109,-8.99808],[-76.64727,-9.01003],[-76.64032,-9.01538],[-76.64691,-9.01759],[-76.65244,-9.0253],[-76.63766,-9.04141],[-76.62581,-9.05104],[-76.6161,-9.0545],[-76.59521,-9.04826],[-76.58628,-9.0387],[-76.57165,-9.0321],[-76.56188,-9.02159],[-76.555,-9.0223],[-76.54341,-9.01464],[-76.53255,-9.02727],[-76.51702,-9.0224],[-76.51187,-9.01733],[-76.48499,-9.01638],[-76.47407,-9.01242]]]}},{"type":"Feature","properties":{"ubigeo":"100404","nombre":"Pinra"},"geometry":{"type":"Polygon","coordinates":[[[-77.03363,-9.00842],[-77.03719,-8.99929],[-77.05451,-8.99223],[-77.06142,-8.99238],[-77.08585,-8.97793],[-77.09316,-8.97173],[-77.10314,-8.97243],[-77.1098,-8.97021],[-77.10303,-8.96176],[-77.10607,-8.94891],[-77.1105,-8.94936],[-77.12371,-8.94237],[-77.11483,-8.93471],[-77.10828,-8.92341],[-77.08857,-8.91058],[-77.07829,-8.90955],[-77.06801,-8.89517],[-77.05333,-8.88962],[-77.04735,-8.8849],[-77.05411,-8.87531],[-77.05376,-8.86806],[-77.04595,-8.86169],[-77.04414,-8.84353],[-77.0371,-8.83444],[-77.02855,-8.84088],[-77.01875,-8.84015],[-77.01012,-8.8486],[-77.00066,-8.84718],[-76.99728,-8.84117],[-76.98539,-8.84571],[-76.97818,-8.85173],[-76.97602,-8.84541],[-76.96787,-8.83743],[-76.95121,-8.83975],[-76.93721,-8.84607],[-76.92937,-8.83654],[-76.92349,-8.84083],[-76.9154,-8.84088],[-76.90706,-8.84992],[-76.89751,-8.8499],[-76.89404,-8.86193],[-76.89593,-8.87133],[-76.89029,-8.8813],[-76.89666,-8.88578],[-76.89551,-8.9061],[-76.91593,-8.91936],[-76.91869,-8.93662],[-76.9269,-8.95154],[-76.94417,-8.96003],[-76.95546,-8.96356],[-76.97127,-8.9632],[-76.98436,-8.96894],[-77.01388,-8.98669],[-77.0245,-9.00087],[-77.02616,-9.01103],[-77.03363,-9.00842]]]}},{"type":"Feature","properties":{"ubigeo":"100501","nombre":"Llata"},"geometry":{"type":"Polygon","coordinates":[[[-76.74319,-9.5791],[-76.74141,-9.58571],[-76.72761,-9.59566],[-76.73664,-9.60461],[-76.73595,-9.61361],[-76.74169,-9.61666],[-76.74378,-9.60657],[-76.75181,-9.58814],[-76.75421,-9.58921],[-76.76134,-9.61764],[-76.78467,-9.61979],[-76.78917,-9.61664],[-76.80146,-9.61597],[-76.80824,-9.6127],[-76.80919,-9.62803],[-76.82145,-9.63297],[-76.83462,-9.62526],[-76.8396,-9.63674],[-76.84895,-9.63837],[-76.86122,-9.64406],[-76.85025,-9.66148],[-76.85032,-9.66723],[-76.86299,-9.66387],[-76.87145,-9.67547],[-76.88217,-9.66803],[-76.89027,-9.67446],[-76.89425,-9.66983],[-76.89613,-9.65674],[-76.90746,-9.65337],[-76.91106,-9.65703],[-76.91388,-9.66952],[-76.91218,-9.67834],[-76.91641,-9.68841],[-76.93257,-9.68095],[-76.94669,-9.68051],[-76.94539,-9.70257],[-76.96161,-9.71346],[-76.97039,-9.71149],[-76.98104,-9.72457],[-76.98029,-9.74029],[-76.97349,-9.74804],[-76.96978,-9.75834],[-76.97428,-9.76024],[-76.98651,-9.74911],[-76.98675,-9.74313],[-76.99518,-9.73657],[-77.01023,-9.71728],[-77.02061,-9.71131],[-77.02384,-9.70433],[-77.03087,-9.68482],[-77.04108,-9.66693],[-77.04135,-9.65886],[-77.04731,-9.65394],[-77.04849,-9.64746],[-77.04464,-9.63985],[-77.04568,-9.62915],[-77.0318,-9.61964],[-77.02367,-9.61066],[-77.01628,-9.61432],[-77.01267,-9.60998],[-76.99527,-9.60344],[-76.98824,-9.59175],[-76.99021,-9.57937],[-76.98297,-9.57697],[-76.98152,-9.56542],[-76.97498,-9.56337],[-76.95511,-9.5603],[-76.95309,-9.54726],[-76.93852,-9.55708],[-76.92642,-9.54273],[-76.91543,-9.55208],[-76.89673,-9.54877],[-76.88891,-9.53887],[-76.87311,-9.53668],[-76.86153,-9.53241],[-76.85439,-9.52645],[-76.85009,-9.51534],[-76.83513,-9.5172],[-76.81703,-9.51679],[-76.79859,-9.52029],[-76.79502,-9.5266],[-76.78361,-9.52585],[-76.78066,-9.5386],[-76.76682,-9.55195],[-76.76068,-9.55367],[-76.75059,-9.56202],[-76.7448,-9.57036],[-76.74319,-9.5791]]]}},{"type":"Feature","properties":{"ubigeo":"100502","nombre":"Arancay"},"geometry":{"type":"Polygon","coordinates":[[[-76.74467,-9.19346],[-76.75783,-9.18122],[-76.76706,-9.17041],[-76.76894,-9.15702],[-76.78636,-9.14485],[-76.78996,-9.13589],[-76.79778,-9.13238],[-76.8171,-9.13007],[-76.81926,-9.12725],[-76.80495,-9.11071],[-76.79401,-9.08617],[-76.77931,-9.07674],[-76.77424,-9.06864],[-76.77886,-9.05439],[-76.77259,-9.05448],[-76.76759,-9.06475],[-76.77191,-9.0855],[-76.76303,-9.10715],[-76.74934,-9.11299],[-76.74543,-9.10683],[-76.73524,-9.11107],[-76.72193,-9.11128],[-76.71669,-9.10818],[-76.69881,-9.11398],[-76.68587,-9.12421],[-76.67237,-9.12046],[-76.65572,-9.12342],[-76.64262,-9.13263],[-76.65064,-9.14013],[-76.65175,-9.15084],[-76.66553,-9.15823],[-76.6761,-9.17273],[-76.68434,-9.17394],[-76.69902,-9.17995],[-76.71108,-9.17736],[-76.72304,-9.18081],[-76.74467,-9.19346]]]}},{"type":"Feature","properties":{"ubigeo":"100503","nombre":"Chavín de Pariarca"},"geometry":{"type":"Polygon","coordinates":[[[-76.7866,-9.50244],[-76.78735,-9.49717],[-76.78151,-9.4849],[-76.78206,-9.47183],[-76.78936,-9.4612],[-76.79019,-9.44625],[-76.78998,-9.43562],[-76.78642,-9.42409],[-76.78226,-9.39114],[-76.77157,-9.37383],[-76.76562,-9.36727],[-76.75794,-9.36221],[-76.74972,-9.34376],[-76.74331,-9.36097],[-76.74372,-9.37022],[-76.74073,-9.38536],[-76.74299,-9.3962],[-76.73504,-9.40855],[-76.72755,-9.41615],[-76.72666,-9.43057],[-76.71964,-9.43606],[-76.71565,-9.43272],[-76.70526,-9.43649],[-76.70405,-9.45163],[-76.71274,-9.45662],[-76.71586,-9.46421],[-76.72457,-9.47046],[-76.7271,-9.48025],[-76.73326,-9.47926],[-76.7402,-9.48917],[-76.74776,-9.49097],[-76.74686,-9.50648],[-76.75943,-9.50596],[-76.76682,-9.50272],[-76.78296,-9.50022],[-76.7866,-9.50244]]]}},{"type":"Feature","properties":{"ubigeo":"100504","nombre":"Jacas Grande"},"geometry":{"type":"Polygon","coordinates":[[[-76.55219,-9.5402],[-76.55947,-9.53977],[-76.57463,-9.54621],[-76.58305,-9.55209],[-76.59452,-9.54524],[-76.6087,-9.5508],[-76.62205,-9.54744],[-76.65122,-9.55495],[-76.66292,-9.55331],[-76.67393,-9.56086],[-76.68993,-9.56086],[-76.69675,-9.55772],[-76.71508,-9.57012],[-76.72687,-9.57244],[-76.74319,-9.5791],[-76.7448,-9.57036],[-76.75059,-9.56202],[-76.76068,-9.55367],[-76.76682,-9.55195],[-76.78066,-9.5386],[-76.78361,-9.52585],[-76.78273,-9.51102],[-76.7866,-9.50311],[-76.7866,-9.50244],[-76.78296,-9.50022],[-76.76682,-9.50272],[-76.75943,-9.50596],[-76.74686,-9.50648],[-76.74776,-9.49097],[-76.7402,-9.48917],[-76.73326,-9.47926],[-76.7271,-9.48025],[-76.72457,-9.47046],[-76.71586,-9.46421],[-76.71274,-9.45662],[-76.70405,-9.45163],[-76.69766,-9.45397],[-76.69122,-9.46744],[-76.6849,-9.4645],[-76.67708,-9.47352],[-76.67142,-9.4704],[-76.66193,-9.47377],[-76.63009,-9.47179],[-76.61831,-9.47287],[-76.61006,-9.4697],[-76.59462,-9.46499],[-76.57068,-9.4662],[-76.56645,-9.47881],[-76.56224,-9.48071],[-76.56517,-9.4987],[-76.55909,-9.50721],[-76.55836,-9.51727],[-76.55095,-9.52698],[-76.55219,-9.5402]]]}},{"type":"Feature","properties":{"ubigeo":"100505","nombre":"Jircan"},"geometry":{"type":"Polygon","coordinates":[[[-76.66239,-9.27307],[-76.67433,-9.26959],[-76.69623,-9.29587],[-76.70098,-9.29866],[-76.70933,-9.29008],[-76.7202,-9.28425],[-76.74008,-9.28483],[-76.74062,-9.27451],[-76.72597,-9.25615],[-76.73125,-9.24627],[-76.72836,-9.23292],[-76.73461,-9.20879],[-76.74467,-9.19346],[-76.72304,-9.18081],[-76.71108,-9.17736],[-76.69902,-9.17995],[-76.68434,-9.17394],[-76.6761,-9.17273],[-76.66553,-9.15823],[-76.65175,-9.15084],[-76.65064,-9.14013],[-76.64262,-9.13263],[-76.63284,-9.13596],[-76.61748,-9.14808],[-76.61143,-9.15063],[-76.59207,-9.16895],[-76.56996,-9.17159],[-76.55725,-9.17702],[-76.54417,-9.20158],[-76.53568,-9.20368],[-76.53533,-9.20831],[-76.54319,-9.21881],[-76.54448,-9.23195],[-76.53971,-9.24229],[-76.53941,-9.25121],[-76.55132,-9.25378],[-76.55617,-9.25777],[-76.5629,-9.24945],[-76.58137,-9.25553],[-76.61207,-9.25857],[-76.62546,-9.25861],[-76.63315,-9.26275],[-76.65077,-9.26513],[-76.66239,-9.27307]]]}},{"type":"Feature","properties":{"ubigeo":"100506","nombre":"Miraflores"},"geometry":{"type":"Polygon","coordinates":[[[-76.88644,-9.3904],[-76.88095,-9.41328],[-76.8756,-9.4295],[-76.86531,-9.43574],[-76.86278,-9.4499],[-76.85693,-9.4592],[-76.84385,-9.46552],[-76.80996,-9.47109],[-76.78206,-9.47183],[-76.78151,-9.4849],[-76.78735,-9.49717],[-76.7866,-9.50244],[-76.7866,-9.50311],[-76.79669,-9.50088],[-76.80378,-9.50533],[-76.81575,-9.50704],[-76.82862,-9.50396],[-76.84408,-9.50915],[-76.85317,-9.50988],[-76.85876,-9.50633],[-76.8633,-9.49709],[-76.8621,-9.49233],[-76.86652,-9.48233],[-76.88518,-9.47929],[-76.89336,-9.46642],[-76.90613,-9.45495],[-76.91554,-9.45455],[-76.92607,-9.45041],[-76.92357,-9.43105],[-76.92924,-9.42613],[-76.93608,-9.40585],[-76.93524,-9.39855],[-76.92413,-9.39153],[-76.92396,-9.38253],[-76.9179,-9.36951],[-76.90959,-9.36855],[-76.89796,-9.37735],[-76.89451,-9.39075],[-76.88644,-9.3904]]]}},{"type":"Feature","properties":{"ubigeo":"100507","nombre":"Monzón"},"geometry":{"type":"Polygon","coordinates":[[[-76.23535,-9.41821],[-76.25824,-9.4009],[-76.26667,-9.39633],[-76.28338,-9.39466],[-76.29745,-9.38848],[-76.30894,-9.39071],[-76.31512,-9.39478],[-76.31146,-9.41675],[-76.33414,-9.42158],[-76.3392,-9.42629],[-76.34666,-9.42346],[-76.37141,-9.44315],[-76.37447,-9.45479],[-76.37257,-9.46244],[-76.37539,-9.46926],[-76.37782,-9.48788],[-76.38156,-9.49387],[-76.39107,-9.49842],[-76.41509,-9.49987],[-76.42856,-9.50684],[-76.4354,-9.5028],[-76.44992,-9.50549],[-76.45692,-9.49857],[-76.46975,-9.50564],[-76.48563,-9.50669],[-76.49358,-9.52605],[-76.50003,-9.52545],[-76.50625,-9.53271],[-76.51136,-9.53348],[-76.51676,-9.52718],[-76.52472,-9.52732],[-76.54121,-9.53997],[-76.55219,-9.5402],[-76.55095,-9.52698],[-76.55836,-9.51727],[-76.55909,-9.50721],[-76.56517,-9.4987],[-76.56224,-9.48071],[-76.56645,-9.47881],[-76.57068,-9.4662],[-76.59462,-9.46499],[-76.61006,-9.4697],[-76.6165,-9.45605],[-76.61425,-9.44337],[-76.60462,-9.43712],[-76.59012,-9.41966],[-76.59006,-9.40941],[-76.59465,-9.40003],[-76.60019,-9.39722],[-76.60444,-9.38722],[-76.58893,-9.37448],[-76.60431,-9.34495],[-76.60762,-9.32424],[-76.61687,-9.31966],[-76.62052,-9.31238],[-76.61958,-9.30423],[-76.62874,-9.30071],[-76.64669,-9.30992],[-76.65176,-9.30285],[-76.65138,-9.29228],[-76.65686,-9.29102],[-76.66239,-9.27307],[-76.65077,-9.26513],[-76.63315,-9.26275],[-76.62546,-9.25861],[-76.61207,-9.25857],[-76.58137,-9.25553],[-76.5629,-9.24945],[-76.55617,-9.25777],[-76.55132,-9.25378],[-76.53941,-9.25121],[-76.53971,-9.24229],[-76.54448,-9.23195],[-76.54319,-9.21881],[-76.53533,-9.20831],[-76.53568,-9.20368],[-76.52848,-9.20262],[-76.52566,-9.19614],[-76.5103,-9.18614],[-76.49276,-9.20027],[-76.48509,-9.19983],[-76.47811,-9.20684],[-76.45794,-9.22052],[-76.44829,-9.22284],[-76.43838,-9.22954],[-76.43271,-9.22859],[-76.42071,-9.23277],[-76.4133,-9.23171],[-76.39587,-9.23844],[-76.38475,-9.23285],[-76.3639,-9.2285],[-76.35984,-9.21897],[-76.34837,-9.20488],[-76.33954,-9.20367],[-76.33429,-9.19826],[-76.31961,-9.19508],[-76.31011,-9.19638],[-76.28576,-9.20507],[-76.27742,-9.21279],[-76.27203,-9.21383],[-76.25903,-9.19365],[-76.25272,-9.16568],[-76.24416,-9.14699],[-76.23486,-9.14027],[-76.22897,-9.1498],[-76.23451,-9.17224],[-76.22561,-9.18285],[-76.22263,-9.19586],[-76.21562,-9.20335],[-76.20248,-9.19941],[-76.19067,-9.20045],[-76.18598,-9.20749],[-76.1791,-9.20537],[-76.17545,-9.19954],[-76.14549,-9.19997],[-76.13337,-9.20379],[-76.11367,-9.20439],[-76.11181,-9.21191],[-76.10672,-9.20704],[-76.10419,-9.21476],[-76.09894,-9.21282],[-76.08533,-9.22223],[-76.07485,-9.24288],[-76.07571,-9.25806],[-76.07277,-9.26566],[-76.07686,-9.26839],[-76.05881,-9.27686],[-76.05722,-9.28109],[-76.06695,-9.28296],[-76.07038,-9.29237],[-76.08319,-9.30323],[-76.09583,-9.297],[-76.10542,-9.29638],[-76.11947,-9.30293],[-76.14015,-9.30253],[-76.16459,-9.32541],[-76.17997,-9.33399],[-76.1932,-9.34454],[-76.19722,-9.35082],[-76.21022,-9.36106],[-76.20491,-9.36371],[-76.22661,-9.37768],[-76.23203,-9.39192],[-76.23235,-9.40536],[-76.23535,-9.41821]]]}},{"type":"Feature","properties":{"ubigeo":"100508","nombre":"Punchao"},"geometry":{"type":"Polygon","coordinates":[[[-76.78206,-9.47183],[-76.80996,-9.47109],[-76.84385,-9.46552],[-76.85693,-9.4592],[-76.86278,-9.4499],[-76.86531,-9.43574],[-76.8756,-9.4295],[-76.88095,-9.41328],[-76.88644,-9.3904],[-76.87581,-9.39036],[-76.87022,-9.40287],[-76.86561,-9.40319],[-76.85713,-9.41516],[-76.85606,-9.4226],[-76.84887,-9.42832],[-76.83885,-9.42674],[-76.8284,-9.43372],[-76.82401,-9.42511],[-76.81007,-9.43818],[-76.7927,-9.44226],[-76.79019,-9.44625],[-76.78936,-9.4612],[-76.78206,-9.47183]]]}},{"type":"Feature","properties":{"ubigeo":"100509","nombre":"Puños"},"geometry":{"type":"Polygon","coordinates":[[[-76.78361,-9.52585],[-76.79502,-9.5266],[-76.79859,-9.52029],[-76.81703,-9.51679],[-76.83513,-9.5172],[-76.85009,-9.51534],[-76.85439,-9.52645],[-76.86153,-9.53241],[-76.87311,-9.53668],[-76.88891,-9.53887],[-76.89673,-9.54877],[-76.91543,-9.55208],[-76.92642,-9.54273],[-76.93852,-9.55708],[-76.95309,-9.54726],[-76.9551,-9.54269],[-76.94519,-9.53584],[-76.93801,-9.52658],[-76.94019,-9.50752],[-76.93862,-9.4917],[-76.95233,-9.4697],[-76.94867,-9.45314],[-76.94042,-9.44858],[-76.93067,-9.43446],[-76.92924,-9.42613],[-76.92357,-9.43105],[-76.92607,-9.45041],[-76.91554,-9.45455],[-76.90613,-9.45495],[-76.89336,-9.46642],[-76.88518,-9.47929],[-76.86652,-9.48233],[-76.8621,-9.49233],[-76.8633,-9.49709],[-76.85876,-9.50633],[-76.85317,-9.50988],[-76.84408,-9.50915],[-76.82862,-9.50396],[-76.81575,-9.50704],[-76.80378,-9.50533],[-76.79669,-9.50088],[-76.7866,-9.50311],[-76.78273,-9.51102],[-76.78361,-9.52585]]]}},{"type":"Feature","properties":{"ubigeo":"100510","nombre":"Singa"},"geometry":{"type":"Polygon","coordinates":[[[-76.76562,-9.36727],[-76.77157,-9.37383],[-76.78226,-9.39114],[-76.78642,-9.42409],[-76.78998,-9.43562],[-76.79019,-9.44625],[-76.7927,-9.44226],[-76.81007,-9.43818],[-76.82401,-9.42511],[-76.8284,-9.43372],[-76.83885,-9.42674],[-76.84887,-9.42832],[-76.85606,-9.4226],[-76.85713,-9.41516],[-76.86561,-9.40319],[-76.87022,-9.40287],[-76.87581,-9.39036],[-76.88644,-9.3904],[-76.89451,-9.39075],[-76.89796,-9.37735],[-76.90959,-9.36855],[-76.90011,-9.35714],[-76.89292,-9.33196],[-76.88183,-9.32668],[-76.87841,-9.31856],[-76.87026,-9.31443],[-76.8662,-9.30533],[-76.8701,-9.30091],[-76.86873,-9.29275],[-76.85635,-9.29007],[-76.85343,-9.27905],[-76.84284,-9.26173],[-76.83681,-9.26348],[-76.82944,-9.29302],[-76.81565,-9.31673],[-76.81548,-9.32646],[-76.80534,-9.33184],[-76.79469,-9.33338],[-76.78287,-9.3429],[-76.76562,-9.36727]]]}},{"type":"Feature","properties":{"ubigeo":"100511","nombre":"Tantamayo"},"geometry":{"type":"Polygon","coordinates":[[[-76.61006,-9.4697],[-76.61831,-9.47287],[-76.63009,-9.47179],[-76.66193,-9.47377],[-76.67142,-9.4704],[-76.67708,-9.47352],[-76.6849,-9.4645],[-76.69122,-9.46744],[-76.69766,-9.45397],[-76.70405,-9.45163],[-76.70526,-9.43649],[-76.71565,-9.43272],[-76.71964,-9.43606],[-76.72666,-9.43057],[-76.72755,-9.41615],[-76.73504,-9.40855],[-76.74299,-9.3962],[-76.74073,-9.38536],[-76.74372,-9.37022],[-76.74331,-9.36097],[-76.74972,-9.34376],[-76.74047,-9.32898],[-76.73919,-9.31726],[-76.74546,-9.29672],[-76.74008,-9.28483],[-76.7202,-9.28425],[-76.70933,-9.29008],[-76.70098,-9.29866],[-76.69623,-9.29587],[-76.67433,-9.26959],[-76.66239,-9.27307],[-76.65686,-9.29102],[-76.65138,-9.29228],[-76.65176,-9.30285],[-76.64669,-9.30992],[-76.62874,-9.30071],[-76.61958,-9.30423],[-76.62052,-9.31238],[-76.61687,-9.31966],[-76.60762,-9.32424],[-76.60431,-9.34495],[-76.58893,-9.37448],[-76.60444,-9.38722],[-76.60019,-9.39722],[-76.59465,-9.40003],[-76.59006,-9.40941],[-76.59012,-9.41966],[-76.60462,-9.43712],[-76.61425,-9.44337],[-76.6165,-9.45605],[-76.61006,-9.4697]]]}},{"type":"Feature","properties":{"ubigeo":"100601","nombre":"Rupa-Rupa"},"geometry":{"type":"Polygon","coordinates":[[[-76.00103,-9.27656],[-75.98982,-9.27315],[-75.97313,-9.26372],[-75.95839,-9.26034],[-75.95073,-9.27039],[-75.95493,-9.28173],[-75.94981,-9.28105],[-75.94286,-9.29098],[-75.94035,-9.30821],[-75.93481,-9.31603],[-75.94244,-9.31929],[-75.96948,-9.32195],[-75.98851,-9.32026],[-76.02856,-9.32523],[-76.0349,-9.31403],[-76.04289,-9.3098],[-76.05002,-9.29734],[-76.04886,-9.29133],[-76.05722,-9.28109],[-76.05881,-9.27686],[-76.07686,-9.26839],[-76.07277,-9.26566],[-76.07571,-9.25806],[-76.07485,-9.24288],[-76.08533,-9.22223],[-76.09894,-9.21282],[-76.10419,-9.21476],[-76.10672,-9.20704],[-76.11181,-9.21191],[-76.11367,-9.20439],[-76.13337,-9.20379],[-76.14549,-9.19997],[-76.17545,-9.19954],[-76.1791,-9.20537],[-76.18598,-9.20749],[-76.19067,-9.20045],[-76.20248,-9.19941],[-76.21562,-9.20335],[-76.22263,-9.19586],[-76.22561,-9.18285],[-76.23451,-9.17224],[-76.22897,-9.1498],[-76.23486,-9.14027],[-76.22656,-9.13821],[-76.21547,-9.13933],[-76.20684,-9.13659],[-76.19894,-9.12716],[-76.19359,-9.12528],[-76.19224,-9.11611],[-76.18634,-9.11042],[-76.18374,-9.10234],[-76.17541,-9.0952],[-76.15693,-9.10217],[-76.15086,-9.09935],[-76.13871,-9.10172],[-76.12329,-9.09945],[-76.1132,-9.09573],[-76.10658,-9.08826],[-76.09807,-9.08769],[-76.09631,-9.07714],[-76.07664,-9.07214],[-76.07358,-9.07621],[-76.08172,-9.08144],[-76.08392,-9.08916],[-76.07571,-9.08849],[-76.07029,-9.09562],[-76.06543,-9.1242],[-76.07102,-9.13217],[-76.08348,-9.1276],[-76.08237,-9.15009],[-76.09437,-9.1589],[-76.09286,-9.1667],[-76.09614,-9.17266],[-76.09585,-9.18431],[-76.09031,-9.19302],[-76.07796,-9.19198],[-76.06968,-9.19568],[-76.0689,-9.20725],[-76.05802,-9.21171],[-76.04887,-9.23285],[-76.03959,-9.24249],[-76.05019,-9.24543],[-76.05009,-9.25032],[-76.04055,-9.25678],[-76.03417,-9.26954],[-76.02824,-9.27333],[-76.03133,-9.2907],[-76.02814,-9.29851],[-76.02022,-9.30428],[-76.00834,-9.30759],[-76.00218,-9.29528],[-76.00103,-9.27656]]]}},{"type":"Feature","properties":{"ubigeo":"100602","nombre":"Daniel Alomía Robles"},"geometry":{"type":"Polygon","coordinates":[[[-75.62918,-9.41086],[-75.62772,-9.41934],[-75.6299,-9.43717],[-75.63363,-9.45022],[-75.64909,-9.47407],[-75.65584,-9.49034],[-75.6608,-9.4936],[-75.66094,-9.50037],[-75.66875,-9.50959],[-75.67528,-9.53096],[-75.67844,-9.5472],[-75.67759,-9.56006],[-75.68137,-9.57108],[-75.68865,-9.57825],[-75.69901,-9.58041],[-75.70977,-9.59663],[-75.71388,-9.6125],[-75.72092,-9.61711],[-75.72976,-9.61501],[-75.73837,-9.60816],[-75.74305,-9.59712],[-75.74997,-9.59072],[-75.75321,-9.57134],[-75.75708,-9.56494],[-75.75578,-9.5447],[-75.76693,-9.5351],[-75.77623,-9.52231],[-75.77752,-9.49877],[-75.78336,-9.48645],[-75.78814,-9.46947],[-75.793,-9.46194],[-75.78988,-9.45373],[-75.79131,-9.43019],[-75.7861,-9.4234],[-75.78409,-9.41405],[-75.78633,-9.40498],[-75.80311,-9.39429],[-75.8162,-9.39198],[-75.8213,-9.38448],[-75.8215,-9.37306],[-75.83635,-9.34822],[-75.84605,-9.34227],[-75.84539,-9.33671],[-75.85398,-9.33023],[-75.86092,-9.31917],[-75.8624,-9.29674],[-75.85728,-9.29379],[-75.88247,-9.27694],[-75.88488,-9.26834],[-75.89272,-9.27188],[-75.89532,-9.26295],[-75.90329,-9.26564],[-75.90925,-9.26083],[-75.9167,-9.26278],[-75.9244,-9.24771],[-75.93593,-9.24022],[-75.934,-9.23505],[-75.93966,-9.23055],[-75.93617,-9.22541],[-75.94236,-9.22079],[-75.94299,-9.21338],[-75.94978,-9.20686],[-75.94769,-9.19986],[-75.95788,-9.19089],[-75.9577,-9.18019],[-75.96218,-9.17764],[-75.96102,-9.17271],[-75.94778,-9.17134],[-75.9433,-9.16708],[-75.936,-9.16766],[-75.92568,-9.16134],[-75.90936,-9.16706],[-75.8972,-9.17591],[-75.88964,-9.17872],[-75.88779,-9.19223],[-75.89406,-9.20034],[-75.90221,-9.21803],[-75.89577,-9.22101],[-75.88583,-9.2167],[-75.8729,-9.21749],[-75.87261,-9.22149],[-75.86397,-9.23031],[-75.85793,-9.24199],[-75.8638,-9.25695],[-75.86103,-9.2698],[-75.83979,-9.26602],[-75.83562,-9.26019],[-75.82654,-9.25662],[-75.81785,-9.26502],[-75.80567,-9.2593],[-75.80256,-9.26122],[-75.7975,-9.28551],[-75.79172,-9.29715],[-75.79057,-9.30928],[-75.77606,-9.32369],[-75.75601,-9.31775],[-75.74441,-9.31983],[-75.72553,-9.30901],[-75.71546,-9.30875],[-75.71078,-9.314],[-75.70569,-9.33627],[-75.69761,-9.34597],[-75.68862,-9.34937],[-75.69501,-9.36292],[-75.68563,-9.36976],[-75.67835,-9.38133],[-75.67113,-9.38587],[-75.6713,-9.40202],[-75.66871,-9.40554],[-75.67045,-9.41794],[-75.66252,-9.41806],[-75.64349,-9.41277],[-75.62918,-9.41086]]]}},{"type":"Feature","properties":{"ubigeo":"100603","nombre":"Hermílio Valdizan"},"geometry":{"type":"Polygon","coordinates":[[[-75.71546,-9.30875],[-75.72553,-9.30901],[-75.74441,-9.31983],[-75.75601,-9.31775],[-75.77606,-9.32369],[-75.79057,-9.30928],[-75.79172,-9.29715],[-75.7975,-9.28551],[-75.80256,-9.26122],[-75.80567,-9.2593],[-75.81785,-9.26502],[-75.82654,-9.25662],[-75.83562,-9.26019],[-75.83979,-9.26602],[-75.86103,-9.2698],[-75.8638,-9.25695],[-75.85793,-9.24199],[-75.86397,-9.23031],[-75.87261,-9.22149],[-75.8729,-9.21749],[-75.88583,-9.2167],[-75.89577,-9.22101],[-75.90221,-9.21803],[-75.89406,-9.20034],[-75.88779,-9.19223],[-75.88964,-9.17872],[-75.8972,-9.17591],[-75.90936,-9.16706],[-75.92568,-9.16134],[-75.936,-9.16766],[-75.9433,-9.16708],[-75.94778,-9.17134],[-75.96102,-9.17271],[-75.96218,-9.17764],[-75.96885,-9.17884],[-75.96816,-9.16591],[-75.97363,-9.16232],[-75.97846,-9.16693],[-75.98306,-9.16269],[-75.98994,-9.16615],[-75.99013,-9.15944],[-76.00035,-9.15843],[-75.98947,-9.152],[-75.97569,-9.15502],[-75.96614,-9.14809],[-75.96135,-9.13848],[-75.9398,-9.13323],[-75.92559,-9.13341],[-75.92038,-9.12727],[-75.90388,-9.12223],[-75.8972,-9.11674],[-75.89366,-9.10818],[-75.8832,-9.09741],[-75.87286,-9.09101],[-75.85576,-9.08669],[-75.83962,-9.07654],[-75.83787,-9.08489],[-75.82502,-9.09005],[-75.82013,-9.10059],[-75.82152,-9.11801],[-75.80999,-9.13239],[-75.79963,-9.16173],[-75.80095,-9.17028],[-75.79581,-9.18195],[-75.7957,-9.20332],[-75.78429,-9.20801],[-75.77081,-9.22031],[-75.76379,-9.2171],[-75.75937,-9.23188],[-75.76396,-9.23785],[-75.74976,-9.24426],[-75.74349,-9.25217],[-75.74019,-9.26383],[-75.73041,-9.26795],[-75.73035,-9.27261],[-75.72024,-9.27723],[-75.71708,-9.28456],[-75.71797,-9.29855],[-75.71546,-9.30875]]]}},{"type":"Feature","properties":{"ubigeo":"100604","nombre":"José Crespo y Castillo"},"geometry":{"type":"Polygon","coordinates":[[[-76.21547,-9.13933],[-76.22656,-9.13821],[-76.23486,-9.14027],[-76.24416,-9.14699],[-76.25272,-9.16568],[-76.25903,-9.19365],[-76.27203,-9.21383],[-76.27809,-9.19503],[-76.28511,-9.19172],[-76.30229,-9.17769],[-76.31159,-9.17608],[-76.32833,-9.18455],[-76.33821,-9.18462],[-76.3495,-9.1933],[-76.35916,-9.19706],[-76.37487,-9.1872],[-76.38501,-9.18469],[-76.40615,-9.18822],[-76.41286,-9.17723],[-76.44299,-9.18112],[-76.45348,-9.17701],[-76.46269,-9.16951],[-76.48015,-9.17042],[-76.47344,-9.01396],[-76.47407,-9.01242],[-76.46717,-9.00764],[-76.45823,-8.99671],[-76.44722,-8.99419],[-76.4373,-8.9856],[-76.41923,-8.9864],[-76.3964,-9.00421],[-76.38912,-9.01309],[-76.3817,-9.01285],[-76.38119,-9.01789],[-76.37067,-9.02534],[-76.35304,-9.02418],[-76.32805,-9.01632],[-76.32618,-9.01258],[-76.30877,-9.0093],[-76.29199,-8.99891],[-76.27836,-8.99633],[-76.26687,-8.97913],[-76.26752,-8.97584],[-76.25275,-8.97708],[-76.25271,-8.9708],[-76.24172,-8.97036],[-76.24365,-8.96605],[-76.23017,-8.95751],[-76.22998,-8.95056],[-76.2361,-8.9469],[-76.22539,-8.93525],[-76.21764,-8.917],[-76.22297,-8.91696],[-76.22091,-8.91065],[-76.2243,-8.90536],[-76.21934,-8.90217],[-76.21847,-8.8913],[-76.22502,-8.88667],[-76.22404,-8.87118],[-76.22905,-8.86611],[-76.22077,-8.8617],[-76.22665,-8.86017],[-76.22325,-8.85074],[-76.21454,-8.84081],[-76.20678,-8.83963],[-76.20446,-8.8231],[-76.19984,-8.82401],[-76.19959,-8.81306],[-76.2035,-8.80848],[-76.19567,-8.80671],[-76.19663,-8.79872],[-76.19133,-8.79748],[-76.19853,-8.78849],[-76.19725,-8.78201],[-76.20999,-8.78872],[-76.22699,-8.7926],[-76.23169,-8.79723],[-76.23712,-8.79311],[-76.23253,-8.78076],[-76.22626,-8.78586],[-76.21759,-8.77879],[-76.2038,-8.77395],[-76.19838,-8.76562],[-76.20452,-8.75878],[-76.2006,-8.7531],[-76.19541,-8.76185],[-76.18611,-8.75554],[-76.175,-8.7594],[-76.17167,-8.75727],[-76.16605,-8.78009],[-76.16138,-8.78787],[-76.15508,-8.81018],[-76.13601,-8.81999],[-76.12084,-8.83811],[-76.11175,-8.83563],[-76.10447,-8.83015],[-76.08312,-8.82876],[-76.07594,-8.82045],[-76.06645,-8.83267],[-76.05589,-8.8311],[-76.05013,-8.83584],[-76.04103,-8.83375],[-76.02271,-8.83642],[-76.01793,-8.84335],[-76.02153,-8.82135],[-76.02755,-8.81457],[-76.02207,-8.79498],[-76.026,-8.78212],[-76.01921,-8.74066],[-76.01319,-8.72947],[-76.01651,-8.71808],[-76.02129,-8.71571],[-76.02076,-8.68895],[-76.02592,-8.68243],[-76.02745,-8.6721],[-76.03187,-8.6657],[-76.05045,-8.66206],[-76.0575,-8.64812],[-76.05879,-8.63653],[-76.06445,-8.63343],[-76.07118,-8.61324],[-76.07177,-8.60639],[-76.06394,-8.59522],[-76.05345,-8.59605],[-76.05024,-8.5898],[-76.05542,-8.5714],[-76.05155,-8.55303],[-76.05572,-8.54255],[-76.04047,-8.53952],[-76.03577,-8.53203],[-76.02779,-8.52947],[-76.01171,-8.5203],[-76.00712,-8.52167],[-75.98991,-8.51661],[-75.98389,-8.51273],[-75.98105,-8.48855],[-75.97111,-8.49497],[-75.96309,-8.5046],[-75.96782,-8.50745],[-75.97094,-8.51704],[-75.96845,-8.52277],[-75.96538,-8.54605],[-75.96967,-8.54925],[-75.9709,-8.55799],[-75.96631,-8.56878],[-75.96631,-8.59203],[-75.97223,-8.59951],[-75.9737,-8.61533],[-75.97788,-8.62348],[-75.97976,-8.636],[-75.97759,-8.64497],[-75.97885,-8.65482],[-75.96779,-8.67241],[-75.9649,-8.69575],[-75.95551,-8.70272],[-75.94601,-8.71519],[-75.94789,-8.72251],[-75.94003,-8.73775],[-75.93661,-8.75464],[-75.93149,-8.76131],[-75.92165,-8.78081],[-75.92877,-8.80801],[-75.92688,-8.83771],[-75.9276,-8.84609],[-75.92199,-8.8569],[-75.9322,-8.86233],[-75.93878,-8.88494],[-75.94842,-8.88319],[-75.95363,-8.88835],[-75.97235,-8.88974],[-75.96785,-8.91352],[-75.97499,-8.92918],[-75.9865,-8.93328],[-76.00068,-8.92549],[-76.00797,-8.92915],[-76.01209,-8.93689],[-76.0126,-8.95452],[-76.03083,-8.96756],[-76.04693,-8.9813],[-76.05734,-8.98552],[-76.06296,-8.9928],[-76.07406,-8.99081],[-76.09067,-8.99872],[-76.10119,-9.0075],[-76.09354,-9.0193],[-76.09634,-9.02897],[-76.10376,-9.0254],[-76.10721,-9.01788],[-76.11924,-9.01971],[-76.12759,-9.03134],[-76.13349,-9.03299],[-76.1404,-9.02493],[-76.15557,-9.04197],[-76.15947,-9.04896],[-76.1604,-9.06946],[-76.16825,-9.0684],[-76.18674,-9.07186],[-76.19097,-9.07546],[-76.1897,-9.08616],[-76.19649,-9.09375],[-76.19879,-9.10678],[-76.20418,-9.11198],[-76.20566,-9.12205],[-76.21169,-9.12783],[-76.21547,-9.13933]]]}},{"type":"Feature","properties":{"ubigeo":"100605","nombre":"Luyando"},"geometry":{"type":"Polygon","coordinates":[[[-75.96218,-9.17764],[-75.9577,-9.18019],[-75.95788,-9.19089],[-75.94769,-9.19986],[-75.94978,-9.20686],[-75.94299,-9.21338],[-75.94236,-9.22079],[-75.93617,-9.22541],[-75.93966,-9.23055],[-75.934,-9.23505],[-75.93593,-9.24022],[-75.9244,-9.24771],[-75.9167,-9.26278],[-75.90925,-9.26083],[-75.90329,-9.26564],[-75.89532,-9.26295],[-75.89272,-9.27188],[-75.88488,-9.26834],[-75.88247,-9.27694],[-75.85728,-9.29379],[-75.8624,-9.29674],[-75.86092,-9.31917],[-75.85398,-9.33023],[-75.8592,-9.33018],[-75.8811,-9.31277],[-75.88303,-9.30258],[-75.89371,-9.28432],[-75.90986,-9.28152],[-75.91914,-9.2907],[-75.92438,-9.29931],[-75.92374,-9.30848],[-75.93481,-9.31603],[-75.94035,-9.30821],[-75.94286,-9.29098],[-75.94981,-9.28105],[-75.95493,-9.28173],[-75.95073,-9.27039],[-75.95839,-9.26034],[-75.97313,-9.26372],[-75.98982,-9.27315],[-76.00103,-9.27656],[-76.00614,-9.25556],[-76.00073,-9.23469],[-75.99429,-9.22411],[-76.00854,-9.1861],[-76.01917,-9.16561],[-76.01899,-9.15727],[-76.01366,-9.16271],[-76.01026,-9.15773],[-76.00035,-9.15843],[-75.99013,-9.15944],[-75.98994,-9.16615],[-75.98306,-9.16269],[-75.97846,-9.16693],[-75.97363,-9.16232],[-75.96816,-9.16591],[-75.96885,-9.17884],[-75.96218,-9.17764]]]}},{"type":"Feature","properties":{"ubigeo":"100606","nombre":"Mariano Damaso Beraun"},"geometry":{"type":"Polygon","coordinates":[[[-75.85398,-9.33023],[-75.84539,-9.33671],[-75.84605,-9.34227],[-75.83635,-9.34822],[-75.8215,-9.37306],[-75.8213,-9.38448],[-75.8162,-9.39198],[-75.8212,-9.39854],[-75.83737,-9.41089],[-75.84371,-9.42113],[-75.85343,-9.42676],[-75.87077,-9.42152],[-75.88335,-9.42534],[-75.8924,-9.43315],[-75.91446,-9.46505],[-75.93097,-9.47845],[-75.93374,-9.4853],[-75.94232,-9.48797],[-75.94664,-9.49703],[-75.9569,-9.4931],[-75.9701,-9.49729],[-75.98027,-9.50388],[-76.00201,-9.50514],[-76.01135,-9.50803],[-76.01973,-9.50121],[-76.03815,-9.49645],[-76.05032,-9.4782],[-76.07221,-9.4715],[-76.09141,-9.47069],[-76.10748,-9.47958],[-76.11381,-9.4757],[-76.1246,-9.48081],[-76.13128,-9.47946],[-76.139,-9.47073],[-76.14762,-9.47371],[-76.16052,-9.46923],[-76.16993,-9.47211],[-76.19251,-9.49462],[-76.20469,-9.49888],[-76.19904,-9.47449],[-76.20148,-9.466],[-76.20099,-9.45431],[-76.20404,-9.44671],[-76.21426,-9.43703],[-76.22528,-9.43223],[-76.23535,-9.41821],[-76.23235,-9.40536],[-76.23203,-9.39192],[-76.22661,-9.37768],[-76.20491,-9.36371],[-76.21022,-9.36106],[-76.19722,-9.35082],[-76.1932,-9.34454],[-76.17997,-9.33399],[-76.16459,-9.32541],[-76.14015,-9.30253],[-76.11947,-9.30293],[-76.10542,-9.29638],[-76.09583,-9.297],[-76.08319,-9.30323],[-76.07038,-9.29237],[-76.06695,-9.28296],[-76.05722,-9.28109],[-76.04886,-9.29133],[-76.05002,-9.29734],[-76.04289,-9.3098],[-76.0349,-9.31403],[-76.02856,-9.32523],[-75.98851,-9.32026],[-75.96948,-9.32195],[-75.94244,-9.31929],[-75.93481,-9.31603],[-75.92374,-9.30848],[-75.92438,-9.29931],[-75.91914,-9.2907],[-75.90986,-9.28152],[-75.89371,-9.28432],[-75.88303,-9.30258],[-75.8811,-9.31277],[-75.8592,-9.33018],[-75.85398,-9.33023]]]}},{"type":"Feature","properties":{"ubigeo":"100607","nombre":"Pucayacu"},"geometry":{"type":"Polygon","coordinates":[[[-75.96309,-8.5046],[-75.97111,-8.49497],[-75.98105,-8.48855],[-75.98389,-8.51273],[-75.98991,-8.51661],[-76.00712,-8.52167],[-76.01171,-8.5203],[-76.02779,-8.52947],[-76.03577,-8.53203],[-76.04047,-8.53952],[-76.05572,-8.54255],[-76.05155,-8.55303],[-76.05542,-8.5714],[-76.05024,-8.5898],[-76.05345,-8.59605],[-76.06394,-8.59522],[-76.07177,-8.60639],[-76.07118,-8.61324],[-76.06445,-8.63343],[-76.05879,-8.63653],[-76.0575,-8.64812],[-76.05045,-8.66206],[-76.03187,-8.6657],[-76.02745,-8.6721],[-76.02592,-8.68243],[-76.02076,-8.68895],[-76.02129,-8.71571],[-76.01651,-8.71808],[-76.01319,-8.72947],[-76.01921,-8.74066],[-76.026,-8.78212],[-76.02207,-8.79498],[-76.02755,-8.81457],[-76.02153,-8.82135],[-76.01793,-8.84335],[-76.02271,-8.83642],[-76.04103,-8.83375],[-76.05013,-8.83584],[-76.05589,-8.8311],[-76.06645,-8.83267],[-76.07594,-8.82045],[-76.08312,-8.82876],[-76.10447,-8.83015],[-76.11175,-8.83563],[-76.12084,-8.83811],[-76.13601,-8.81999],[-76.15508,-8.81018],[-76.16138,-8.78787],[-76.16605,-8.78009],[-76.17167,-8.75727],[-76.16685,-8.75632],[-76.16654,-8.74127],[-76.1618,-8.72948],[-76.15702,-8.73373],[-76.15181,-8.71881],[-76.14527,-8.71144],[-76.14738,-8.69679],[-76.14542,-8.68787],[-76.13653,-8.67405],[-76.13971,-8.66715],[-76.13021,-8.66311],[-76.13126,-8.65679],[-76.12385,-8.65292],[-76.11593,-8.65757],[-76.10974,-8.65406],[-76.107,-8.64245],[-76.11399,-8.63541],[-76.11988,-8.63537],[-76.12377,-8.62576],[-76.12029,-8.61906],[-76.12451,-8.6045],[-76.12287,-8.59397],[-76.12743,-8.58132],[-76.13468,-8.57256],[-76.1264,-8.54542],[-76.13115,-8.52771],[-76.12609,-8.51694],[-76.13021,-8.48037],[-76.12865,-8.4571],[-76.11693,-8.44218],[-76.11882,-8.43041],[-76.10941,-8.41779],[-76.11039,-8.40487],[-76.1079,-8.39774],[-76.11323,-8.38424],[-76.10917,-8.37961],[-76.11892,-8.37306],[-76.12823,-8.36053],[-76.12128,-8.35037],[-76.11457,-8.34689],[-76.11236,-8.33741],[-76.10697,-8.33177],[-76.10107,-8.33226],[-76.0858,-8.32803],[-76.07363,-8.33342],[-76.05635,-8.32929],[-76.04862,-8.33969],[-76.04141,-8.34083],[-76.03598,-8.32941],[-76.02855,-8.32749],[-76.01961,-8.32052],[-76.01011,-8.31693],[-76.00556,-8.30607],[-75.99601,-8.30667],[-75.99412,-8.31923],[-75.98565,-8.32222],[-75.9852,-8.33095],[-75.97363,-8.34287],[-75.96759,-8.34581],[-75.96835,-8.35621],[-75.9604,-8.37353],[-75.95009,-8.38875],[-75.94634,-8.39912],[-75.94717,-8.4224],[-75.95243,-8.43035],[-75.9587,-8.44589],[-75.96491,-8.45174],[-75.9619,-8.47565],[-75.95545,-8.48447],[-75.95491,-8.50202],[-75.96309,-8.5046]]]}},{"type":"Feature","properties":{"ubigeo":"100608","nombre":"Castillo Grande"},"geometry":{"type":"Polygon","coordinates":[[[-76.01899,-9.15727],[-76.01917,-9.16561],[-76.00854,-9.1861],[-75.99429,-9.22411],[-76.00073,-9.23469],[-76.00614,-9.25556],[-76.00103,-9.27656],[-76.00218,-9.29528],[-76.00834,-9.30759],[-76.02022,-9.30428],[-76.02814,-9.29851],[-76.03133,-9.2907],[-76.02824,-9.27333],[-76.03417,-9.26954],[-76.04055,-9.25678],[-76.05009,-9.25032],[-76.05019,-9.24543],[-76.03959,-9.24249],[-76.04887,-9.23285],[-76.05802,-9.21171],[-76.0689,-9.20725],[-76.06968,-9.19568],[-76.07796,-9.19198],[-76.09031,-9.19302],[-76.09585,-9.18431],[-76.09614,-9.17266],[-76.09286,-9.1667],[-76.09437,-9.1589],[-76.08237,-9.15009],[-76.08348,-9.1276],[-76.07102,-9.13217],[-76.07301,-9.13886],[-76.06582,-9.14461],[-76.05571,-9.14159],[-76.02999,-9.14811],[-76.01899,-9.15727]]]}},{"type":"Feature","properties":{"ubigeo":"100609","nombre":"Pueblo Nuevo"},"geometry":{"type":"Polygon","coordinates":[[[-76.00035,-9.15843],[-76.01026,-9.15773],[-76.01366,-9.16271],[-76.01899,-9.15727],[-76.02999,-9.14811],[-76.05571,-9.14159],[-76.06582,-9.14461],[-76.07301,-9.13886],[-76.07102,-9.13217],[-76.06543,-9.1242],[-76.07029,-9.09562],[-76.07571,-9.08849],[-76.08392,-9.08916],[-76.08172,-9.08144],[-76.07358,-9.07621],[-76.07664,-9.07214],[-76.09631,-9.07714],[-76.09807,-9.08769],[-76.10658,-9.08826],[-76.1132,-9.09573],[-76.12329,-9.09945],[-76.13871,-9.10172],[-76.15086,-9.09935],[-76.15693,-9.10217],[-76.17541,-9.0952],[-76.18374,-9.10234],[-76.18634,-9.11042],[-76.19224,-9.11611],[-76.19359,-9.12528],[-76.19894,-9.12716],[-76.20684,-9.13659],[-76.21547,-9.13933],[-76.21169,-9.12783],[-76.20566,-9.12205],[-76.20418,-9.11198],[-76.19879,-9.10678],[-76.19649,-9.09375],[-76.1897,-9.08616],[-76.19097,-9.07546],[-76.18674,-9.07186],[-76.16825,-9.0684],[-76.1604,-9.06946],[-76.15947,-9.04896],[-76.15557,-9.04197],[-76.1404,-9.02493],[-76.13349,-9.03299],[-76.12759,-9.03134],[-76.11924,-9.01971],[-76.10721,-9.01788],[-76.10376,-9.0254],[-76.09634,-9.02897],[-76.09283,-9.0466],[-76.08726,-9.04337],[-76.07909,-9.05316],[-76.08101,-9.05941],[-76.06852,-9.06553],[-76.06236,-9.0651],[-76.0409,-9.07813],[-76.02936,-9.08109],[-76.00438,-9.08117],[-75.99006,-9.07575],[-75.98434,-9.06552],[-75.98837,-9.04199],[-75.97713,-9.03982],[-75.97353,-9.02729],[-75.96313,-9.02559],[-75.93912,-9.01177],[-75.92923,-9.02233],[-75.914,-9.01366],[-75.90774,-9.01425],[-75.8907,-9.00487],[-75.87898,-9.01763],[-75.87575,-9.02947],[-75.86657,-9.03569],[-75.85852,-9.05151],[-75.84965,-9.05114],[-75.83788,-9.06194],[-75.83962,-9.07654],[-75.85576,-9.08669],[-75.87286,-9.09101],[-75.8832,-9.09741],[-75.89366,-9.10818],[-75.8972,-9.11674],[-75.90388,-9.12223],[-75.92038,-9.12727],[-75.92559,-9.13341],[-75.9398,-9.13323],[-75.96135,-9.13848],[-75.96614,-9.14809],[-75.97569,-9.15502],[-75.98947,-9.152],[-76.00035,-9.15843]]]}},{"type":"Feature","properties":{"ubigeo":"100610","nombre":"Santo Domingo de Anda"},"geometry":{"type":"Polygon","coordinates":[[[-75.8907,-9.00487],[-75.90774,-9.01425],[-75.914,-9.01366],[-75.92923,-9.02233],[-75.93912,-9.01177],[-75.96313,-9.02559],[-75.97353,-9.02729],[-75.97713,-9.03982],[-75.98837,-9.04199],[-75.98434,-9.06552],[-75.99006,-9.07575],[-76.00438,-9.08117],[-76.02936,-9.08109],[-76.0409,-9.07813],[-76.06236,-9.0651],[-76.06852,-9.06553],[-76.08101,-9.05941],[-76.07909,-9.05316],[-76.08726,-9.04337],[-76.09283,-9.0466],[-76.09634,-9.02897],[-76.09354,-9.0193],[-76.10119,-9.0075],[-76.09067,-8.99872],[-76.07406,-8.99081],[-76.06296,-8.9928],[-76.05734,-8.98552],[-76.04693,-8.9813],[-76.03083,-8.96756],[-76.0126,-8.95452],[-76.01209,-8.93689],[-76.00797,-8.92915],[-76.00068,-8.92549],[-75.9865,-8.93328],[-75.97499,-8.92918],[-75.96785,-8.91352],[-75.97235,-8.88974],[-75.95363,-8.88835],[-75.94842,-8.88319],[-75.93878,-8.88494],[-75.9322,-8.86233],[-75.92199,-8.8569],[-75.9217,-8.86684],[-75.91118,-8.88489],[-75.90988,-8.89679],[-75.90127,-8.89815],[-75.90312,-8.9155],[-75.89904,-8.91886],[-75.88937,-8.94963],[-75.88844,-8.96279],[-75.88377,-8.97273],[-75.88487,-8.98015],[-75.8945,-8.98371],[-75.8907,-9.00487]]]}},{"type":"Feature","properties":{"ubigeo":"100701","nombre":"Huacrachuco"},"geometry":{"type":"Polygon","coordinates":[[[-77.06558,-8.72923],[-77.07208,-8.72713],[-77.07789,-8.71842],[-77.08595,-8.73082],[-77.09482,-8.73027],[-77.10614,-8.73642],[-77.11869,-8.73592],[-77.14842,-8.72678],[-77.16397,-8.73786],[-77.18116,-8.7455],[-77.19441,-8.75639],[-77.21375,-8.76875],[-77.22292,-8.77031],[-77.22749,-8.74283],[-77.23244,-8.74075],[-77.24817,-8.72731],[-77.24736,-8.71276],[-77.24629,-8.70235],[-77.25136,-8.6975],[-77.25172,-8.68339],[-77.26163,-8.66447],[-77.25857,-8.65646],[-77.2606,-8.64852],[-77.26926,-8.64453],[-77.2873,-8.64269],[-77.29485,-8.63293],[-77.28903,-8.5893],[-77.29715,-8.5784],[-77.29671,-8.57002],[-77.30501,-8.56544],[-77.31541,-8.54375],[-77.31137,-8.53865],[-77.31343,-8.52988],[-77.31749,-8.53015],[-77.31009,-8.52192],[-77.29338,-8.51712],[-77.28278,-8.50589],[-77.2771,-8.49574],[-77.27617,-8.4868],[-77.27131,-8.47543],[-77.26408,-8.46753],[-77.2341,-8.47854],[-77.22094,-8.47976],[-77.20421,-8.48569],[-77.19361,-8.47987],[-77.18554,-8.48019],[-77.1748,-8.47123],[-77.16455,-8.46708],[-77.14674,-8.45451],[-77.13384,-8.44002],[-77.13103,-8.44488],[-77.1335,-8.46239],[-77.14257,-8.47583],[-77.13993,-8.48046],[-77.12516,-8.48379],[-77.11771,-8.47898],[-77.10873,-8.47983],[-77.1009,-8.48823],[-77.08888,-8.48282],[-77.08083,-8.48818],[-77.08055,-8.49833],[-77.09165,-8.51698],[-77.08433,-8.52562],[-77.07588,-8.52665],[-77.07566,-8.5342],[-77.06065,-8.53855],[-77.06,-8.54364],[-77.06776,-8.54663],[-77.07015,-8.55658],[-77.06905,-8.57246],[-77.05545,-8.57483],[-77.04828,-8.58366],[-77.0477,-8.58992],[-77.055,-8.60828],[-77.03719,-8.62318],[-77.03734,-8.63109],[-77.0457,-8.63643],[-77.03733,-8.63868],[-77.03426,-8.64523],[-77.04547,-8.6529],[-77.05469,-8.65635],[-77.06288,-8.66772],[-77.05691,-8.6745],[-77.05728,-8.68475],[-77.06223,-8.69259],[-77.06412,-8.70587],[-77.04893,-8.71563],[-77.05836,-8.71868],[-77.06558,-8.72923]]]}},{"type":"Feature","properties":{"ubigeo":"100702","nombre":"Cholon"},"geometry":{"type":"Polygon","coordinates":[[[-76.31566,-8.53397],[-76.32482,-8.53486],[-76.33642,-8.54385],[-76.34281,-8.55939],[-76.33949,-8.56592],[-76.34546,-8.58601],[-76.3546,-8.5891],[-76.35006,-8.60128],[-76.35315,-8.60673],[-76.36731,-8.6062],[-76.37007,-8.615],[-76.39365,-8.61965],[-76.40074,-8.61866],[-76.42575,-8.63535],[-76.44784,-8.63933],[-76.45336,-8.64262],[-76.46054,-8.65337],[-76.47135,-8.66017],[-76.49322,-8.681],[-76.50758,-8.68538],[-76.51837,-8.68227],[-76.54181,-8.68122],[-76.55256,-8.6851],[-76.55661,-8.68048],[-76.55809,-8.69152],[-76.56492,-8.69929],[-76.57609,-8.69951],[-76.58078,-8.70347],[-76.58649,-8.70032],[-76.60814,-8.71015],[-76.60462,-8.73177],[-76.60037,-8.73502],[-76.60877,-8.74007],[-76.61533,-8.73866],[-76.6259,-8.74768],[-76.62527,-8.76412],[-76.62896,-8.76464],[-76.6372,-8.77519],[-76.63799,-8.78325],[-76.64272,-8.78482],[-76.65534,-8.79937],[-76.67394,-8.80803],[-76.67664,-8.81819],[-76.68332,-8.81729],[-76.69024,-8.82543],[-76.69107,-8.83612],[-76.69827,-8.84777],[-76.71205,-8.85248],[-76.71061,-8.86101],[-76.72284,-8.88044],[-76.72853,-8.87282],[-76.73478,-8.87078],[-76.74592,-8.88173],[-76.75319,-8.87264],[-76.75908,-8.86028],[-76.76559,-8.85803],[-76.77089,-8.86239],[-76.77585,-8.85134],[-76.78613,-8.84173],[-76.80787,-8.83806],[-76.81008,-8.83299],[-76.82231,-8.83446],[-76.83203,-8.84302],[-76.85768,-8.8526],[-76.85812,-8.86306],[-76.86207,-8.86581],[-76.87976,-8.86248],[-76.89404,-8.86193],[-76.89751,-8.8499],[-76.90706,-8.84992],[-76.9154,-8.84088],[-76.92349,-8.84083],[-76.92937,-8.83654],[-76.93721,-8.84607],[-76.95121,-8.83975],[-76.96787,-8.83743],[-76.97602,-8.84541],[-76.97818,-8.85173],[-76.98539,-8.84571],[-76.99728,-8.84117],[-77.00066,-8.84718],[-77.01012,-8.8486],[-77.01875,-8.84015],[-77.02855,-8.84088],[-77.0371,-8.83444],[-77.03307,-8.82247],[-77.05165,-8.81097],[-77.06971,-8.78676],[-77.08225,-8.77409],[-77.07789,-8.7679],[-77.07818,-8.75634],[-77.06558,-8.72923],[-77.05836,-8.71868],[-77.04893,-8.71563],[-77.06412,-8.70587],[-77.06223,-8.69259],[-77.05728,-8.68475],[-77.05691,-8.6745],[-77.06288,-8.66772],[-77.05469,-8.65635],[-77.04547,-8.6529],[-77.03426,-8.64523],[-77.03733,-8.63868],[-77.0457,-8.63643],[-77.03734,-8.63109],[-77.03719,-8.62318],[-77.055,-8.60828],[-77.0477,-8.58992],[-77.04828,-8.58366],[-77.05545,-8.57483],[-77.06905,-8.57246],[-77.07015,-8.55658],[-77.06776,-8.54663],[-77.06,-8.54364],[-77.0498,-8.55372],[-77.03737,-8.55334],[-77.03071,-8.54082],[-77.02438,-8.54303],[-77.0116,-8.53769],[-76.99578,-8.55495],[-76.9773,-8.5606],[-76.96702,-8.55959],[-76.95537,-8.54559],[-76.94889,-8.54567],[-76.94003,-8.55258],[-76.94238,-8.55684],[-76.93597,-8.56697],[-76.9163,-8.57016],[-76.90384,-8.56581],[-76.89708,-8.56875],[-76.89056,-8.55612],[-76.87489,-8.5582],[-76.8647,-8.56635],[-76.86171,-8.55201],[-76.85219,-8.55068],[-76.84727,-8.54648],[-76.84349,-8.52673],[-76.83158,-8.51666],[-76.81872,-8.51766],[-76.80445,-8.51057],[-76.79675,-8.51085],[-76.79137,-8.52236],[-76.77859,-8.52164],[-76.76842,-8.52681],[-76.75459,-8.51964],[-76.74099,-8.52465],[-76.7299,-8.51482],[-76.71943,-8.51912],[-76.70729,-8.53018],[-76.69353,-8.53205],[-76.67976,-8.5275],[-76.67835,-8.52127],[-76.66632,-8.52601],[-76.65166,-8.52129],[-76.64147,-8.52289],[-76.63706,-8.51515],[-76.61399,-8.5106],[-76.60131,-8.51216],[-76.59265,-8.50841],[-76.58426,-8.51012],[-76.57393,-8.50685],[-76.56629,-8.50815],[-76.54781,-8.49764],[-76.5395,-8.5135],[-76.52934,-8.51938],[-76.51542,-8.53351],[-76.50513,-8.53555],[-76.49351,-8.55184],[-76.49909,-8.56394],[-76.49531,-8.57576],[-76.46617,-8.56974],[-76.46786,-8.55843],[-76.45885,-8.54508],[-76.45547,-8.53544],[-76.45733,-8.52802],[-76.44959,-8.51753],[-76.44434,-8.49821],[-76.44395,-8.48879],[-76.43953,-8.48371],[-76.43617,-8.47011],[-76.42627,-8.45964],[-76.42476,-8.45362],[-76.4168,-8.44344],[-76.40043,-8.43747],[-76.38962,-8.42633],[-76.37579,-8.42258],[-76.37127,-8.41092],[-76.36255,-8.41475],[-76.35704,-8.42441],[-76.34666,-8.42498],[-76.33347,-8.42947],[-76.33221,-8.44628],[-76.32773,-8.45442],[-76.32812,-8.4619],[-76.3222,-8.46756],[-76.32743,-8.47991],[-76.32217,-8.49373],[-76.31586,-8.4971],[-76.31318,-8.50356],[-76.32094,-8.51192],[-76.3249,-8.52312],[-76.31566,-8.53397]]]}},{"type":"Feature","properties":{"ubigeo":"100703","nombre":"San Buenaventura"},"geometry":{"type":"Polygon","coordinates":[[[-77.08225,-8.77409],[-77.0894,-8.77597],[-77.10008,-8.76732],[-77.10711,-8.77431],[-77.12136,-8.7753],[-77.12628,-8.78154],[-77.14329,-8.78072],[-77.14758,-8.77706],[-77.15564,-8.79772],[-77.15007,-8.8104],[-77.16061,-8.81866],[-77.16508,-8.8282],[-77.17482,-8.83362],[-77.18497,-8.8279],[-77.19573,-8.81499],[-77.20013,-8.79359],[-77.20605,-8.78234],[-77.21713,-8.7769],[-77.22292,-8.77031],[-77.21375,-8.76875],[-77.19441,-8.75639],[-77.18116,-8.7455],[-77.16397,-8.73786],[-77.14842,-8.72678],[-77.11869,-8.73592],[-77.10614,-8.73642],[-77.09482,-8.73027],[-77.08595,-8.73082],[-77.07789,-8.71842],[-77.07208,-8.72713],[-77.06558,-8.72923],[-77.07818,-8.75634],[-77.07789,-8.7679],[-77.08225,-8.77409]]]}},{"type":"Feature","properties":{"ubigeo":"100704","nombre":"La Morada"},"geometry":{"type":"Polygon","coordinates":[[[-76.47407,-9.01242],[-76.48499,-9.01638],[-76.51187,-9.01733],[-76.51702,-9.0224],[-76.53255,-9.02727],[-76.54341,-9.01464],[-76.555,-9.0223],[-76.56188,-9.02159],[-76.57165,-9.0321],[-76.58628,-9.0387],[-76.59521,-9.04826],[-76.6161,-9.0545],[-76.62581,-9.05104],[-76.63766,-9.04141],[-76.65244,-9.0253],[-76.64691,-9.01759],[-76.64032,-9.01538],[-76.63013,-9.01747],[-76.62305,-9.01057],[-76.62277,-9.00482],[-76.61522,-8.99836],[-76.60256,-8.99504],[-76.59903,-8.98846],[-76.57677,-8.97605],[-76.57165,-8.96887],[-76.56859,-8.95094],[-76.54646,-8.93454],[-76.52624,-8.92686],[-76.51761,-8.92872],[-76.50435,-8.91811],[-76.49356,-8.91865],[-76.4852,-8.93064],[-76.46716,-8.91193],[-76.458,-8.90703],[-76.45155,-8.8902],[-76.43646,-8.88231],[-76.42881,-8.88066],[-76.42934,-8.87051],[-76.41476,-8.8547],[-76.41466,-8.84095],[-76.42114,-8.8258],[-76.41696,-8.81727],[-76.41961,-8.79748],[-76.40262,-8.78514],[-76.39594,-8.78405],[-76.38461,-8.77624],[-76.3741,-8.77969],[-76.35797,-8.77712],[-76.34909,-8.77246],[-76.35237,-8.75769],[-76.34977,-8.75023],[-76.34133,-8.74043],[-76.34271,-8.7286],[-76.35254,-8.7265],[-76.35852,-8.72038],[-76.36832,-8.7158],[-76.36717,-8.71],[-76.35727,-8.70221],[-76.35394,-8.69385],[-76.34516,-8.69168],[-76.3357,-8.68078],[-76.32349,-8.67255],[-76.31226,-8.67114],[-76.30476,-8.66246],[-76.29808,-8.64687],[-76.28574,-8.63613],[-76.27038,-8.62992],[-76.26344,-8.63605],[-76.26936,-8.64659],[-76.26823,-8.65462],[-76.25274,-8.66543],[-76.24834,-8.68303],[-76.25563,-8.68303],[-76.25373,-8.69595],[-76.2574,-8.70664],[-76.24687,-8.71539],[-76.24259,-8.72721],[-76.22868,-8.74503],[-76.23409,-8.74897],[-76.24393,-8.74772],[-76.2421,-8.75533],[-76.23487,-8.75485],[-76.23027,-8.75961],[-76.23829,-8.76299],[-76.24014,-8.77068],[-76.23253,-8.78076],[-76.23712,-8.79311],[-76.23169,-8.79723],[-76.22699,-8.7926],[-76.20999,-8.78872],[-76.19725,-8.78201],[-76.19853,-8.78849],[-76.19133,-8.79748],[-76.19663,-8.79872],[-76.19567,-8.80671],[-76.2035,-8.80848],[-76.19959,-8.81306],[-76.19984,-8.82401],[-76.20446,-8.8231],[-76.20678,-8.83963],[-76.21454,-8.84081],[-76.22325,-8.85074],[-76.22665,-8.86017],[-76.22077,-8.8617],[-76.22905,-8.86611],[-76.22404,-8.87118],[-76.22502,-8.88667],[-76.21847,-8.8913],[-76.21934,-8.90217],[-76.2243,-8.90536],[-76.22091,-8.91065],[-76.22297,-8.91696],[-76.21764,-8.917],[-76.22539,-8.93525],[-76.2361,-8.9469],[-76.22998,-8.95056],[-76.23017,-8.95751],[-76.24365,-8.96605],[-76.24172,-8.97036],[-76.25271,-8.9708],[-76.25275,-8.97708],[-76.26752,-8.97584],[-76.26687,-8.97913],[-76.27836,-8.99633],[-76.29199,-8.99891],[-76.30877,-9.0093],[-76.32618,-9.01258],[-76.32805,-9.01632],[-76.35304,-9.02418],[-76.37067,-9.02534],[-76.38119,-9.01789],[-76.3817,-9.01285],[-76.38912,-9.01309],[-76.3964,-9.00421],[-76.41923,-8.9864],[-76.4373,-8.9856],[-76.44722,-8.99419],[-76.45823,-8.99671],[-76.46717,-9.00764],[-76.47407,-9.01242]]]}},{"type":"Feature","properties":{"ubigeo":"100705","nombre":"Santa Rosa de Alto Yanajanca"},"geometry":{"type":"Polygon","coordinates":[[[-76.27038,-8.62992],[-76.28574,-8.63613],[-76.29808,-8.64687],[-76.30476,-8.66246],[-76.31226,-8.67114],[-76.32349,-8.67255],[-76.3357,-8.68078],[-76.34516,-8.69168],[-76.35394,-8.69385],[-76.35727,-8.70221],[-76.36717,-8.71],[-76.36832,-8.7158],[-76.35852,-8.72038],[-76.35254,-8.7265],[-76.34271,-8.7286],[-76.34133,-8.74043],[-76.34977,-8.75023],[-76.35237,-8.75769],[-76.34909,-8.77246],[-76.35797,-8.77712],[-76.3741,-8.77969],[-76.38461,-8.77624],[-76.39594,-8.78405],[-76.40262,-8.78514],[-76.41961,-8.79748],[-76.41696,-8.81727],[-76.42114,-8.8258],[-76.41466,-8.84095],[-76.41476,-8.8547],[-76.42934,-8.87051],[-76.42881,-8.88066],[-76.43646,-8.88231],[-76.45155,-8.8902],[-76.458,-8.90703],[-76.46716,-8.91193],[-76.4852,-8.93064],[-76.49356,-8.91865],[-76.50435,-8.91811],[-76.51761,-8.92872],[-76.52624,-8.92686],[-76.54646,-8.93454],[-76.56859,-8.95094],[-76.57165,-8.96887],[-76.57677,-8.97605],[-76.59903,-8.98846],[-76.60256,-8.99504],[-76.61522,-8.99836],[-76.62277,-9.00482],[-76.62305,-9.01057],[-76.63013,-9.01747],[-76.64032,-9.01538],[-76.64727,-9.01003],[-76.65109,-8.99808],[-76.65606,-8.99383],[-76.65581,-8.98494],[-76.67446,-8.9605],[-76.6847,-8.94075],[-76.68377,-8.9313],[-76.69642,-8.92964],[-76.7009,-8.91509],[-76.71136,-8.91228],[-76.7134,-8.90006],[-76.71931,-8.89563],[-76.71879,-8.88586],[-76.72284,-8.88044],[-76.71061,-8.86101],[-76.71205,-8.85248],[-76.69827,-8.84777],[-76.69107,-8.83612],[-76.69024,-8.82543],[-76.68332,-8.81729],[-76.67664,-8.81819],[-76.67394,-8.80803],[-76.65534,-8.79937],[-76.64272,-8.78482],[-76.63799,-8.78325],[-76.6372,-8.77519],[-76.62896,-8.76464],[-76.62527,-8.76412],[-76.6259,-8.74768],[-76.61533,-8.73866],[-76.60877,-8.74007],[-76.60037,-8.73502],[-76.60462,-8.73177],[-76.60814,-8.71015],[-76.58649,-8.70032],[-76.58078,-8.70347],[-76.57609,-8.69951],[-76.56492,-8.69929],[-76.55809,-8.69152],[-76.55661,-8.68048],[-76.55256,-8.6851],[-76.54181,-8.68122],[-76.51837,-8.68227],[-76.50758,-8.68538],[-76.49322,-8.681],[-76.47135,-8.66017],[-76.46054,-8.65337],[-76.45336,-8.64262],[-76.44784,-8.63933],[-76.42575,-8.63535],[-76.40074,-8.61866],[-76.39365,-8.61965],[-76.37007,-8.615],[-76.36731,-8.6062],[-76.35315,-8.60673],[-76.35006,-8.60128],[-76.3546,-8.5891],[-76.34546,-8.58601],[-76.33949,-8.56592],[-76.34281,-8.55939],[-76.33642,-8.54385],[-76.32482,-8.53486],[-76.31566,-8.53397],[-76.3102,-8.54763],[-76.30078,-8.55497],[-76.30102,-8.56188],[-76.30609,-8.56684],[-76.30383,-8.57432],[-76.29547,-8.56987],[-76.2861,-8.56912],[-76.28036,-8.57356],[-76.28645,-8.58017],[-76.28616,-8.5873],[-76.27303,-8.5949],[-76.27524,-8.60471],[-76.26406,-8.6103],[-76.27038,-8.62992]]]}},{"type":"Feature","properties":{"ubigeo":"100801","nombre":"Panao"},"geometry":{"type":"Polygon","coordinates":[[[-75.72125,-10.22696],[-75.73258,-10.23419],[-75.7376,-10.23272],[-75.75136,-10.24001],[-75.75953,-10.23768],[-75.77253,-10.24682],[-75.7856,-10.25237],[-75.80627,-10.24773],[-75.81271,-10.24409],[-75.82626,-10.24788],[-75.8429,-10.26244],[-75.84414,-10.27586],[-75.84895,-10.29075],[-75.85972,-10.30283],[-75.87068,-10.31095],[-75.87876,-10.3136],[-75.90366,-10.33423],[-75.91498,-10.34922],[-75.92441,-10.35603],[-75.93454,-10.37498],[-75.93111,-10.39],[-75.926,-10.39872],[-75.92515,-10.40676],[-75.93165,-10.41839],[-75.94349,-10.42873],[-75.95152,-10.44138],[-75.95848,-10.45696],[-75.97581,-10.47934],[-76.00279,-10.48889],[-76.01069,-10.4554],[-76.02812,-10.4671],[-76.03167,-10.45593],[-76.03021,-10.44073],[-76.03229,-10.43207],[-76.02595,-10.42614],[-76.03187,-10.41429],[-76.02897,-10.40598],[-76.04011,-10.39605],[-76.0347,-10.39092],[-76.03361,-10.38171],[-76.04125,-10.37377],[-76.03699,-10.36178],[-76.03784,-10.34644],[-76.04214,-10.33884],[-76.04174,-10.33114],[-76.05902,-10.32363],[-76.0662,-10.31664],[-76.05451,-10.30762],[-76.04615,-10.30563],[-76.0471,-10.28364],[-76.05035,-10.27294],[-76.04771,-10.2658],[-76.03525,-10.26031],[-76.0412,-10.24929],[-76.03938,-10.23669],[-76.04253,-10.22858],[-76.05314,-10.22353],[-76.05959,-10.21795],[-76.05481,-10.20454],[-76.06738,-10.1946],[-76.06203,-10.19063],[-76.05674,-10.17384],[-76.05878,-10.16841],[-76.05334,-10.15671],[-76.05667,-10.14839],[-76.05476,-10.14029],[-76.06478,-10.1359],[-76.06381,-10.13084],[-76.04587,-10.11357],[-76.04057,-10.10657],[-76.04364,-10.09904],[-76.05252,-10.09522],[-76.04996,-10.0851],[-76.05255,-10.07383],[-76.04166,-10.06954],[-76.03968,-10.06177],[-76.04443,-10.0549],[-76.03626,-10.03951],[-76.02465,-10.04671],[-76.00736,-10.04943],[-76.00317,-10.03379],[-75.99408,-10.03038],[-75.9923,-10.01498],[-75.98737,-10.01357],[-75.98303,-10.00486],[-75.97141,-9.99061],[-75.96904,-9.97855],[-75.97434,-9.96408],[-75.9846,-9.95983],[-75.99691,-9.94421],[-76.00366,-9.94455],[-76.00903,-9.92778],[-76.00835,-9.91746],[-76.01569,-9.90644],[-76.00187,-9.89998],[-76.00108,-9.89384],[-75.99095,-9.89147],[-75.97915,-9.88162],[-75.96982,-9.87792],[-75.95827,-9.86611],[-75.94971,-9.85394],[-75.94514,-9.85154],[-75.93916,-9.84047],[-75.93116,-9.83165],[-75.92862,-9.84023],[-75.91976,-9.84485],[-75.91108,-9.85332],[-75.90691,-9.86189],[-75.91012,-9.87244],[-75.89995,-9.8786],[-75.90059,-9.88656],[-75.89299,-9.89787],[-75.88298,-9.89055],[-75.87445,-9.90801],[-75.86844,-9.91655],[-75.87732,-9.92858],[-75.87374,-9.93151],[-75.87843,-9.95886],[-75.88278,-9.96596],[-75.88243,-9.97839],[-75.87969,-9.98299],[-75.86731,-9.98545],[-75.86212,-9.98968],[-75.84368,-9.98838],[-75.82856,-9.99729],[-75.8213,-9.99184],[-75.80339,-9.99349],[-75.79699,-9.98801],[-75.79188,-9.98897],[-75.78337,-9.99926],[-75.77747,-9.99513],[-75.76295,-9.99842],[-75.75157,-9.99505],[-75.74021,-9.99967],[-75.72,-9.99997],[-75.6838,-9.99371],[-75.66729,-10.00002],[-75.65977,-10.01327],[-75.6482,-10.02053],[-75.64518,-10.02693],[-75.66415,-10.04687],[-75.6729,-10.04806],[-75.67695,-10.05621],[-75.68628,-10.09154],[-75.68991,-10.09131],[-75.69324,-10.10401],[-75.68962,-10.11671],[-75.70107,-10.12964],[-75.70389,-10.14318],[-75.70294,-10.1543],[-75.70574,-10.15909],[-75.69925,-10.17173],[-75.7011,-10.17848],[-75.70076,-10.19632],[-75.70943,-10.21507],[-75.72125,-10.22696]]]}},{"type":"Feature","properties":{"ubigeo":"100802","nombre":"Chaglla"},"geometry":{"type":"Polygon","coordinates":[[[-75.59227,-9.95196],[-75.59797,-9.95811],[-75.59498,-9.96604],[-75.59754,-9.97232],[-75.59488,-9.98468],[-75.59756,-9.99595],[-75.59529,-10.01017],[-75.60311,-10.02548],[-75.64518,-10.02693],[-75.6482,-10.02053],[-75.65977,-10.01327],[-75.66729,-10.00002],[-75.6838,-9.99371],[-75.72,-9.99997],[-75.74021,-9.99967],[-75.75157,-9.99505],[-75.76295,-9.99842],[-75.77747,-9.99513],[-75.78337,-9.99926],[-75.79188,-9.98897],[-75.79699,-9.98801],[-75.80339,-9.99349],[-75.8213,-9.99184],[-75.82856,-9.99729],[-75.84368,-9.98838],[-75.86212,-9.98968],[-75.86731,-9.98545],[-75.87969,-9.98299],[-75.88243,-9.97839],[-75.88278,-9.96596],[-75.87843,-9.95886],[-75.87374,-9.93151],[-75.87732,-9.92858],[-75.86844,-9.91655],[-75.87445,-9.90801],[-75.88298,-9.89055],[-75.89299,-9.89787],[-75.90059,-9.88656],[-75.89995,-9.8786],[-75.91012,-9.87244],[-75.90691,-9.86189],[-75.91108,-9.85332],[-75.91976,-9.84485],[-75.92862,-9.84023],[-75.93116,-9.83165],[-75.92489,-9.81882],[-75.93926,-9.80501],[-75.92567,-9.7949],[-75.89132,-9.79107],[-75.87412,-9.79291],[-75.86752,-9.80416],[-75.85041,-9.81039],[-75.83179,-9.82106],[-75.82519,-9.83104],[-75.81936,-9.82997],[-75.81315,-9.82228],[-75.80512,-9.8221],[-75.79533,-9.81158],[-75.79877,-9.79053],[-75.80923,-9.76729],[-75.80457,-9.75524],[-75.80669,-9.74121],[-75.80501,-9.73193],[-75.81039,-9.72035],[-75.84304,-9.68856],[-75.85187,-9.68426],[-75.84668,-9.66868],[-75.83979,-9.66337],[-75.83982,-9.65158],[-75.85281,-9.63907],[-75.85671,-9.62949],[-75.87107,-9.61642],[-75.87337,-9.60562],[-75.89109,-9.59569],[-75.89687,-9.58359],[-75.91267,-9.56745],[-75.91616,-9.56009],[-75.91691,-9.54979],[-75.92336,-9.54353],[-75.93098,-9.51156],[-75.93575,-9.50991],[-75.94664,-9.49703],[-75.94232,-9.48797],[-75.93374,-9.4853],[-75.93097,-9.47845],[-75.91446,-9.46505],[-75.8924,-9.43315],[-75.88335,-9.42534],[-75.87077,-9.42152],[-75.85343,-9.42676],[-75.84371,-9.42113],[-75.83737,-9.41089],[-75.8212,-9.39854],[-75.8162,-9.39198],[-75.80311,-9.39429],[-75.78633,-9.40498],[-75.78409,-9.41405],[-75.7861,-9.4234],[-75.79131,-9.43019],[-75.78988,-9.45373],[-75.793,-9.46194],[-75.78814,-9.46947],[-75.78336,-9.48645],[-75.77752,-9.49877],[-75.77623,-9.52231],[-75.76693,-9.5351],[-75.75578,-9.5447],[-75.75708,-9.56494],[-75.75321,-9.57134],[-75.74997,-9.59072],[-75.74305,-9.59712],[-75.73837,-9.60816],[-75.72976,-9.61501],[-75.72092,-9.61711],[-75.71388,-9.6125],[-75.71325,-9.62061],[-75.71661,-9.63335],[-75.71232,-9.65517],[-75.71455,-9.66849],[-75.71147,-9.69077],[-75.72095,-9.70948],[-75.72334,-9.72076],[-75.72454,-9.74],[-75.71591,-9.76567],[-75.7144,-9.79128],[-75.71628,-9.8023],[-75.72505,-9.80733],[-75.73009,-9.80234],[-75.74357,-9.80571],[-75.75293,-9.81698],[-75.75153,-9.82701],[-75.75547,-9.83486],[-75.75454,-9.84206],[-75.76141,-9.85644],[-75.75304,-9.86879],[-75.75271,-9.88352],[-75.74024,-9.8839],[-75.7374,-9.89067],[-75.72682,-9.90392],[-75.7093,-9.9158],[-75.69747,-9.91323],[-75.68535,-9.91747],[-75.67275,-9.94015],[-75.64922,-9.94823],[-75.62993,-9.94653],[-75.62625,-9.94163],[-75.61261,-9.94523],[-75.59431,-9.94452],[-75.59227,-9.95196]]]}},{"type":"Feature","properties":{"ubigeo":"100803","nombre":"Molino"},"geometry":{"type":"Polygon","coordinates":[[[-76.05252,-10.09522],[-76.06468,-10.09152],[-76.07181,-10.09499],[-76.07377,-10.08637],[-76.10458,-10.07266],[-76.12062,-10.07459],[-76.12543,-10.06786],[-76.11833,-10.05581],[-76.11832,-10.04568],[-76.12753,-10.03444],[-76.12453,-10.03125],[-76.12403,-10.0146],[-76.13074,-10.01026],[-76.13608,-10.00019],[-76.13621,-9.98628],[-76.12674,-9.97958],[-76.12927,-9.97407],[-76.12517,-9.97019],[-76.12541,-9.96016],[-76.11621,-9.95226],[-76.11536,-9.94011],[-76.10873,-9.93051],[-76.09378,-9.92765],[-76.07062,-9.93198],[-76.05975,-9.92443],[-76.05428,-9.91697],[-76.04894,-9.91602],[-76.04745,-9.90204],[-76.0354,-9.9093],[-76.03463,-9.9165],[-76.02296,-9.91989],[-76.01569,-9.90644],[-76.00835,-9.91746],[-76.00903,-9.92778],[-76.00366,-9.94455],[-75.99691,-9.94421],[-75.9846,-9.95983],[-75.97434,-9.96408],[-75.96904,-9.97855],[-75.97141,-9.99061],[-75.98303,-10.00486],[-75.98737,-10.01357],[-75.9923,-10.01498],[-75.99408,-10.03038],[-76.00317,-10.03379],[-76.00736,-10.04943],[-76.02465,-10.04671],[-76.03626,-10.03951],[-76.04443,-10.0549],[-76.03968,-10.06177],[-76.04166,-10.06954],[-76.05255,-10.07383],[-76.04996,-10.0851],[-76.05252,-10.09522]]]}},{"type":"Feature","properties":{"ubigeo":"100804","nombre":"Umari"},"geometry":{"type":"Polygon","coordinates":[[[-76.01569,-9.90644],[-76.02296,-9.91989],[-76.03463,-9.9165],[-76.0354,-9.9093],[-76.04745,-9.90204],[-76.04894,-9.91602],[-76.05428,-9.91697],[-76.05975,-9.92443],[-76.07062,-9.93198],[-76.09378,-9.92765],[-76.10873,-9.93051],[-76.11536,-9.94011],[-76.12454,-9.92539],[-76.11797,-9.91282],[-76.11721,-9.9031],[-76.12324,-9.88862],[-76.10785,-9.88612],[-76.09955,-9.88885],[-76.08681,-9.88132],[-76.08063,-9.85877],[-76.07377,-9.8531],[-76.0688,-9.83794],[-76.06091,-9.82385],[-76.0625,-9.82],[-76.0522,-9.82159],[-76.04756,-9.82424],[-76.03334,-9.82337],[-76.00812,-9.81831],[-75.98602,-9.81571],[-75.97686,-9.81664],[-75.96101,-9.81393],[-75.93926,-9.80501],[-75.92489,-9.81882],[-75.93116,-9.83165],[-75.93916,-9.84047],[-75.94514,-9.85154],[-75.94971,-9.85394],[-75.95827,-9.86611],[-75.96982,-9.87792],[-75.97915,-9.88162],[-75.99095,-9.89147],[-76.00108,-9.89384],[-76.00187,-9.89998],[-76.01569,-9.90644]]]}},{"type":"Feature","properties":{"ubigeo":"100901","nombre":"Puerto Inca"},"geometry":{"type":"Polygon","coordinates":[[[-74.70496,-9.41671],[-74.71073,-9.41148],[-74.7168,-9.3948],[-74.72072,-9.3918],[-74.73423,-9.38998],[-74.75607,-9.39759],[-74.76111,-9.40506],[-74.77923,-9.41882],[-74.78848,-9.42896],[-74.80852,-9.44074],[-74.81402,-9.44857],[-74.82392,-9.44915],[-74.82965,-9.45387],[-74.8456,-9.4454],[-74.85375,-9.44836],[-74.86372,-9.43971],[-74.87335,-9.44205],[-74.88103,-9.43566],[-74.88804,-9.43479],[-74.89012,-9.44182],[-74.8975,-9.44034],[-74.91478,-9.4474],[-74.91709,-9.45566],[-74.92853,-9.45902],[-74.93479,-9.46862],[-74.94356,-9.46457],[-74.94608,-9.45896],[-74.9627,-9.46369],[-74.95628,-9.4707],[-74.95095,-9.46855],[-74.94235,-9.47749],[-74.94402,-9.49126],[-74.94157,-9.50397],[-74.95696,-9.50397],[-74.98975,-9.48767],[-75.0092,-9.48493],[-75.01322,-9.4896],[-75.02474,-9.48836],[-75.04587,-9.48148],[-75.05025,-9.47058],[-75.07609,-9.46711],[-75.08247,-9.46002],[-75.09873,-9.46664],[-75.10533,-9.47693],[-75.10805,-9.48612],[-75.11714,-9.49623],[-75.12606,-9.49738],[-75.14228,-9.51063],[-75.15506,-9.5236],[-75.17322,-9.5462],[-75.17853,-9.53996],[-75.19659,-9.53122],[-75.19913,-9.51569],[-75.20427,-9.50709],[-75.20854,-9.49015],[-75.20668,-9.4728],[-75.19109,-9.4373],[-75.1846,-9.41748],[-75.17588,-9.37868],[-75.18497,-9.36759],[-75.20933,-9.35132],[-75.22217,-9.33579],[-75.24575,-9.32267],[-75.25809,-9.32306],[-75.26329,-9.31904],[-75.27197,-9.31851],[-75.27775,-9.30701],[-75.28984,-9.31212],[-75.31333,-9.30154],[-75.30429,-9.29702],[-75.30014,-9.28994],[-75.28577,-9.27828],[-75.2797,-9.27694],[-75.27188,-9.26632],[-75.26811,-9.25001],[-75.27192,-9.23342],[-75.25669,-9.23248],[-75.2436,-9.22225],[-75.233,-9.20932],[-75.23122,-9.20025],[-75.22261,-9.19002],[-75.21914,-9.17825],[-75.21282,-9.17716],[-75.21648,-9.15508],[-75.22875,-9.1477],[-75.22905,-9.1365],[-75.2339,-9.12882],[-75.23176,-9.11844],[-75.24065,-9.10659],[-75.24058,-9.10015],[-75.22007,-9.10462],[-75.20831,-9.10175],[-75.19913,-9.11151],[-75.18912,-9.11479],[-75.17895,-9.11491],[-75.16507,-9.10554],[-75.14899,-9.10647],[-75.13413,-9.10257],[-75.11389,-9.10987],[-75.09169,-9.10723],[-75.05602,-9.10638],[-75.0441,-9.10109],[-75.02432,-9.09926],[-75.00432,-9.10041],[-74.98461,-9.11052],[-74.97905,-9.1054],[-74.96274,-9.10696],[-74.95735,-9.11357],[-74.94797,-9.11793],[-74.92396,-9.1135],[-74.91373,-9.10797],[-74.89787,-9.09388],[-74.89602,-9.0871],[-74.88371,-9.07214],[-74.86362,-9.06943],[-74.84508,-9.05931],[-74.84319,-9.05561],[-74.83729,-9.06259],[-74.83128,-9.05955],[-74.83878,-9.0513],[-74.82522,-9.04847],[-74.82717,-9.04052],[-74.81595,-9.04441],[-74.82289,-9.03377],[-74.81617,-9.0328],[-74.80972,-9.04795],[-74.80746,-9.07636],[-74.81693,-9.09178],[-74.83149,-9.09551],[-74.83447,-9.10708],[-74.84201,-9.11369],[-74.84165,-9.11802],[-74.83203,-9.11733],[-74.83023,-9.13538],[-74.83677,-9.13934],[-74.83745,-9.14584],[-74.82707,-9.14507],[-74.82671,-9.13965],[-74.81944,-9.14289],[-74.79397,-9.14231],[-74.78455,-9.1379],[-74.78369,-9.14175],[-74.77456,-9.14481],[-74.76753,-9.16878],[-74.7589,-9.17106],[-74.75501,-9.18084],[-74.74509,-9.18489],[-74.73156,-9.1972],[-74.72125,-9.20375],[-74.70028,-9.2234],[-74.69662,-9.23415],[-74.6888,-9.24249],[-74.67397,-9.25173],[-74.66483,-9.25408],[-74.6478,-9.26361],[-74.64114,-9.26406],[-74.62436,-9.25991],[-74.61378,-9.24995],[-74.60662,-9.24824],[-74.60231,-9.25068],[-74.5899,-9.26717],[-74.59121,-9.29109],[-74.58715,-9.29558],[-74.59394,-9.30947],[-74.60709,-9.3215],[-74.61557,-9.33988],[-74.62537,-9.35021],[-74.62661,-9.36306],[-74.63623,-9.36944],[-74.64889,-9.36649],[-74.65632,-9.3702],[-74.65783,-9.38201],[-74.66393,-9.38715],[-74.67275,-9.38888],[-74.68328,-9.40718],[-74.69251,-9.41079],[-74.69635,-9.41794],[-74.70496,-9.41671]]]}},{"type":"Feature","properties":{"ubigeo":"100902","nombre":"Codo del Pozuzo"},"geometry":{"type":"Polygon","coordinates":[[[-75.17322,-9.5462],[-75.18338,-9.55993],[-75.18724,-9.58543],[-75.19096,-9.59663],[-75.20239,-9.60882],[-75.21257,-9.61272],[-75.23419,-9.62861],[-75.24789,-9.64356],[-75.26144,-9.65409],[-75.2793,-9.6724],[-75.30872,-9.70032],[-75.32629,-9.72335],[-75.32968,-9.72961],[-75.33109,-9.74396],[-75.32702,-9.75631],[-75.31064,-9.77467],[-75.30307,-9.78362],[-75.29761,-9.79426],[-75.29263,-9.81617],[-75.28262,-9.83049],[-75.27582,-9.84976],[-75.277,-9.85592],[-75.28822,-9.8707],[-75.30609,-9.87187],[-75.32521,-9.87691],[-75.33868,-9.87401],[-75.34739,-9.87458],[-75.36936,-9.87083],[-75.38957,-9.87429],[-75.3996,-9.87846],[-75.41118,-9.88843],[-75.40896,-9.90283],[-75.39662,-9.90896],[-75.39565,-9.91396],[-75.40426,-9.92603],[-75.42292,-9.94357],[-75.44174,-9.93626],[-75.4508,-9.94376],[-75.4537,-9.95577],[-75.46231,-9.95728],[-75.4681,-9.98117],[-75.4671,-9.98837],[-75.47455,-9.99217],[-75.47946,-9.98524],[-75.49208,-9.98002],[-75.5102,-9.9787],[-75.51549,-9.98097],[-75.5371,-9.97996],[-75.54838,-9.98441],[-75.56074,-9.97011],[-75.56038,-9.96414],[-75.59039,-9.95559],[-75.59227,-9.95196],[-75.59431,-9.94452],[-75.61261,-9.94523],[-75.62625,-9.94163],[-75.62993,-9.94653],[-75.64922,-9.94823],[-75.67275,-9.94015],[-75.68535,-9.91747],[-75.69747,-9.91323],[-75.7093,-9.9158],[-75.72682,-9.90392],[-75.7374,-9.89067],[-75.74024,-9.8839],[-75.75271,-9.88352],[-75.75304,-9.86879],[-75.76141,-9.85644],[-75.75454,-9.84206],[-75.75547,-9.83486],[-75.75153,-9.82701],[-75.75293,-9.81698],[-75.74357,-9.80571],[-75.73009,-9.80234],[-75.72505,-9.80733],[-75.71628,-9.8023],[-75.7144,-9.79128],[-75.71591,-9.76567],[-75.72454,-9.74],[-75.72334,-9.72076],[-75.72095,-9.70948],[-75.71147,-9.69077],[-75.71455,-9.66849],[-75.71232,-9.65517],[-75.71661,-9.63335],[-75.71325,-9.62061],[-75.71388,-9.6125],[-75.70977,-9.59663],[-75.69901,-9.58041],[-75.68865,-9.57825],[-75.68137,-9.57108],[-75.67759,-9.56006],[-75.67844,-9.5472],[-75.67528,-9.53096],[-75.66875,-9.50959],[-75.66094,-9.50037],[-75.6608,-9.4936],[-75.65584,-9.49034],[-75.64909,-9.47407],[-75.63363,-9.45022],[-75.6299,-9.43717],[-75.62772,-9.41934],[-75.62918,-9.41086],[-75.61666,-9.41408],[-75.61138,-9.40614],[-75.60066,-9.41381],[-75.5822,-9.4028],[-75.56247,-9.40118],[-75.53864,-9.39347],[-75.53328,-9.38854],[-75.51796,-9.38217],[-75.50967,-9.38315],[-75.48779,-9.37265],[-75.48141,-9.35967],[-75.46674,-9.34101],[-75.45625,-9.325],[-75.45197,-9.29634],[-75.42809,-9.29636],[-75.41849,-9.29261],[-75.40225,-9.30196],[-75.39233,-9.3004],[-75.38323,-9.30727],[-75.37215,-9.31023],[-75.36457,-9.30586],[-75.35782,-9.30782],[-75.34949,-9.30454],[-75.33406,-9.28876],[-75.31903,-9.29366],[-75.31333,-9.30154],[-75.28984,-9.31212],[-75.27775,-9.30701],[-75.27197,-9.31851],[-75.26329,-9.31904],[-75.25809,-9.32306],[-75.24575,-9.32267],[-75.22217,-9.33579],[-75.20933,-9.35132],[-75.18497,-9.36759],[-75.17588,-9.37868],[-75.1846,-9.41748],[-75.19109,-9.4373],[-75.20668,-9.4728],[-75.20854,-9.49015],[-75.20427,-9.50709],[-75.19913,-9.51569],[-75.19659,-9.53122],[-75.17853,-9.53996],[-75.17322,-9.5462]]]}},{"type":"Feature","properties":{"ubigeo":"100903","nombre":"Honoria"},"geometry":{"type":"Polygon","coordinates":[[[-74.53218,-8.77613],[-74.55022,-8.78263],[-74.57287,-8.79265],[-74.577,-8.80069],[-74.58809,-8.81265],[-74.60892,-8.82023],[-74.61629,-8.82795],[-74.64036,-8.82855],[-74.64752,-8.80624],[-74.66313,-8.79127],[-74.67468,-8.78529],[-74.69208,-8.78825],[-74.69582,-8.79572],[-74.69488,-8.80724],[-74.68199,-8.82003],[-74.68227,-8.82529],[-74.68907,-8.82747],[-74.70253,-8.80782],[-74.70808,-8.80857],[-74.72066,-8.82109],[-74.74145,-8.8344],[-74.75226,-8.84847],[-74.75854,-8.85149],[-74.76144,-8.85951],[-74.76973,-8.86802],[-74.79286,-8.88083],[-74.79975,-8.87641],[-74.81776,-8.87798],[-74.8476,-8.87634],[-74.85337,-8.87418],[-74.85867,-8.85822],[-74.85625,-8.85186],[-74.85963,-8.84487],[-74.87921,-8.83679],[-74.90561,-8.82377],[-74.91128,-8.82323],[-74.89574,-8.80476],[-74.86534,-8.78095],[-74.85291,-8.76438],[-74.85056,-8.75689],[-74.85071,-8.73001],[-74.84651,-8.71351],[-74.84869,-8.7028],[-74.84708,-8.68893],[-74.84155,-8.68227],[-74.84682,-8.67039],[-74.84668,-8.66124],[-74.79753,-8.63171],[-74.6925,-8.58118],[-74.68275,-8.57596],[-74.66215,-8.56111],[-74.64419,-8.55413],[-74.61782,-8.54872],[-74.58975,-8.54872],[-74.57757,-8.55379],[-74.55694,-8.57307],[-74.54713,-8.58457],[-74.54375,-8.5937],[-74.53612,-8.62986],[-74.52779,-8.71097],[-74.52535,-8.74932],[-74.53218,-8.77613]]]}},{"type":"Feature","properties":{"ubigeo":"100904","nombre":"Tournavista"},"geometry":{"type":"Polygon","coordinates":[[[-74.60662,-9.24824],[-74.61378,-9.24995],[-74.62436,-9.25991],[-74.64114,-9.26406],[-74.6478,-9.26361],[-74.66483,-9.25408],[-74.67397,-9.25173],[-74.6888,-9.24249],[-74.69662,-9.23415],[-74.70028,-9.2234],[-74.72125,-9.20375],[-74.73156,-9.1972],[-74.74509,-9.18489],[-74.75501,-9.18084],[-74.7589,-9.17106],[-74.76753,-9.16878],[-74.77456,-9.14481],[-74.78369,-9.14175],[-74.78455,-9.1379],[-74.79397,-9.14231],[-74.81944,-9.14289],[-74.82671,-9.13965],[-74.82707,-9.14507],[-74.83745,-9.14584],[-74.83677,-9.13934],[-74.83023,-9.13538],[-74.83203,-9.11733],[-74.84165,-9.11802],[-74.84201,-9.11369],[-74.83447,-9.10708],[-74.83149,-9.09551],[-74.81693,-9.09178],[-74.80746,-9.07636],[-74.80972,-9.04795],[-74.81617,-9.0328],[-74.82289,-9.03377],[-74.81595,-9.04441],[-74.82717,-9.04052],[-74.82522,-9.04847],[-74.83878,-9.0513],[-74.83128,-9.05955],[-74.83729,-9.06259],[-74.84319,-9.05561],[-74.84508,-9.05931],[-74.86362,-9.06943],[-74.88371,-9.07214],[-74.89602,-9.0871],[-74.89787,-9.09388],[-74.91373,-9.10797],[-74.92396,-9.1135],[-74.94797,-9.11793],[-74.95735,-9.11357],[-74.96274,-9.10696],[-74.97905,-9.1054],[-74.98461,-9.11052],[-75.00432,-9.10041],[-75.02432,-9.09926],[-75.0441,-9.10109],[-75.05602,-9.10638],[-75.09169,-9.10723],[-75.11389,-9.10987],[-75.13413,-9.10257],[-75.14899,-9.10647],[-75.16507,-9.10554],[-75.17895,-9.11491],[-75.18912,-9.11479],[-75.19913,-9.11151],[-75.20831,-9.10175],[-75.2049,-9.08029],[-75.19607,-9.0759],[-75.19607,-9.06954],[-75.20122,-9.06384],[-75.19496,-9.06326],[-75.19489,-9.05719],[-75.17638,-9.04155],[-75.17035,-9.04133],[-75.1624,-9.03395],[-75.16563,-9.02832],[-75.17571,-9.02473],[-75.17453,-9.01253],[-75.15762,-9.0105],[-75.15469,-8.99964],[-75.13921,-8.9995],[-75.14009,-8.99433],[-75.12981,-8.98594],[-75.12526,-8.98719],[-75.11958,-8.98118],[-75.12056,-8.95985],[-75.1248,-8.95312],[-75.13326,-8.9508],[-75.13474,-8.94483],[-75.12856,-8.93571],[-75.1206,-8.93662],[-75.11742,-8.93123],[-75.11022,-8.92928],[-75.10843,-8.922],[-75.11739,-8.91167],[-75.1201,-8.901],[-75.12259,-8.88095],[-75.10872,-8.88254],[-75.09431,-8.87636],[-75.07139,-8.8736],[-75.06737,-8.88141],[-75.05484,-8.87642],[-75.04687,-8.86824],[-75.03322,-8.86772],[-75.02365,-8.85907],[-75.00681,-8.86489],[-75.005,-8.86973],[-74.97898,-8.87165],[-74.96575,-8.86941],[-74.95447,-8.86357],[-74.94071,-8.85789],[-74.91128,-8.82323],[-74.90561,-8.82377],[-74.87921,-8.83679],[-74.85963,-8.84487],[-74.85625,-8.85186],[-74.85867,-8.85822],[-74.85337,-8.87418],[-74.8476,-8.87634],[-74.81776,-8.87798],[-74.79975,-8.87641],[-74.79286,-8.88083],[-74.76973,-8.86802],[-74.76144,-8.85951],[-74.75854,-8.85149],[-74.75226,-8.84847],[-74.74145,-8.8344],[-74.72066,-8.82109],[-74.70808,-8.80857],[-74.70253,-8.80782],[-74.68907,-8.82747],[-74.68227,-8.82529],[-74.68199,-8.82003],[-74.69488,-8.80724],[-74.69582,-8.79572],[-74.69208,-8.78825],[-74.67468,-8.78529],[-74.66313,-8.79127],[-74.64752,-8.80624],[-74.64036,-8.82855],[-74.61629,-8.82795],[-74.62141,-8.84557],[-74.62422,-8.88873],[-74.63638,-8.91225],[-74.64431,-8.91878],[-74.64729,-8.93808],[-74.64945,-8.96331],[-74.65274,-8.97958],[-74.6478,-8.98957],[-74.65108,-8.99983],[-74.66171,-9.00383],[-74.66916,-9.02026],[-74.66406,-9.03392],[-74.65137,-9.04877],[-74.65706,-9.0686],[-74.66488,-9.07959],[-74.67132,-9.0833],[-74.67809,-9.09404],[-74.67546,-9.1071],[-74.67186,-9.11054],[-74.6548,-9.11384],[-74.64071,-9.11856],[-74.63654,-9.12551],[-74.64098,-9.1418],[-74.63956,-9.15968],[-74.63609,-9.17296],[-74.62697,-9.19705],[-74.62447,-9.21556],[-74.61663,-9.23033],[-74.61529,-9.23798],[-74.60662,-9.24824]]]}},{"type":"Feature","properties":{"ubigeo":"100905","nombre":"Yuyapichis"},"geometry":{"type":"Polygon","coordinates":[[[-74.67596,-9.44691],[-74.68939,-9.4457],[-74.69801,-9.45131],[-74.71677,-9.45908],[-74.7199,-9.46548],[-74.72882,-9.47241],[-74.73522,-9.49247],[-74.73979,-9.49726],[-74.74194,-9.51734],[-74.75052,-9.52461],[-74.74642,-9.53835],[-74.74805,-9.54291],[-74.73517,-9.57271],[-74.74055,-9.57869],[-74.74728,-9.57869],[-74.75585,-9.58405],[-74.7539,-9.5952],[-74.75574,-9.60654],[-74.76301,-9.60446],[-74.77238,-9.61432],[-74.76373,-9.62664],[-74.76579,-9.63831],[-74.78165,-9.65296],[-74.7866,-9.66451],[-74.79755,-9.66564],[-74.80842,-9.67551],[-74.81806,-9.67107],[-74.82188,-9.67719],[-74.81865,-9.69358],[-74.82877,-9.70396],[-74.823,-9.7152],[-74.82308,-9.7253],[-74.81684,-9.73643],[-74.83163,-9.74563],[-74.8438,-9.74915],[-74.84474,-9.75382],[-74.83924,-9.76392],[-74.84707,-9.78048],[-74.84252,-9.78746],[-74.83179,-9.78312],[-74.82137,-9.78492],[-74.8156,-9.79543],[-74.82303,-9.80049],[-74.82672,-9.80974],[-74.82379,-9.81591],[-74.83051,-9.82157],[-74.83624,-9.82005],[-74.83526,-9.82886],[-74.8304,-9.83381],[-74.835,-9.84711],[-74.8526,-9.84836],[-74.86278,-9.84228],[-74.862,-9.83934],[-74.87908,-9.82047],[-74.88587,-9.82004],[-74.90339,-9.83889],[-74.95162,-9.85991],[-74.98555,-9.86406],[-74.99362,-9.8398],[-75.00286,-9.83725],[-75.01309,-9.8381],[-75.02174,-9.83094],[-75.03521,-9.8308],[-75.04326,-9.82285],[-75.05269,-9.82303],[-75.05677,-9.81921],[-75.07349,-9.83126],[-75.08013,-9.8392],[-75.09447,-9.84448],[-75.1084,-9.84625],[-75.12302,-9.84075],[-75.13519,-9.83861],[-75.16012,-9.83997],[-75.20261,-9.81537],[-75.21553,-9.80406],[-75.24075,-9.78584],[-75.25688,-9.77858],[-75.26317,-9.78018],[-75.27978,-9.77919],[-75.28863,-9.77576],[-75.29879,-9.77774],[-75.31064,-9.77467],[-75.32702,-9.75631],[-75.33109,-9.74396],[-75.32968,-9.72961],[-75.32629,-9.72335],[-75.30872,-9.70032],[-75.2793,-9.6724],[-75.26144,-9.65409],[-75.24789,-9.64356],[-75.23419,-9.62861],[-75.21257,-9.61272],[-75.20239,-9.60882],[-75.19096,-9.59663],[-75.18724,-9.58543],[-75.18338,-9.55993],[-75.17322,-9.5462],[-75.15506,-9.5236],[-75.14228,-9.51063],[-75.12606,-9.49738],[-75.11714,-9.49623],[-75.10805,-9.48612],[-75.10533,-9.47693],[-75.09873,-9.46664],[-75.08247,-9.46002],[-75.07609,-9.46711],[-75.05025,-9.47058],[-75.04587,-9.48148],[-75.02474,-9.48836],[-75.01322,-9.4896],[-75.0092,-9.48493],[-74.98975,-9.48767],[-74.95696,-9.50397],[-74.94157,-9.50397],[-74.94402,-9.49126],[-74.94235,-9.47749],[-74.95095,-9.46855],[-74.95628,-9.4707],[-74.9627,-9.46369],[-74.94608,-9.45896],[-74.94356,-9.46457],[-74.93479,-9.46862],[-74.92853,-9.45902],[-74.91709,-9.45566],[-74.91478,-9.4474],[-74.8975,-9.44034],[-74.89012,-9.44182],[-74.88804,-9.43479],[-74.88103,-9.43566],[-74.87335,-9.44205],[-74.86372,-9.43971],[-74.85375,-9.44836],[-74.8456,-9.4454],[-74.82965,-9.45387],[-74.82392,-9.44915],[-74.81402,-9.44857],[-74.80852,-9.44074],[-74.78848,-9.42896],[-74.77923,-9.41882],[-74.76111,-9.40506],[-74.75607,-9.39759],[-74.73423,-9.38998],[-74.72072,-9.3918],[-74.7168,-9.3948],[-74.71073,-9.41148],[-74.70496,-9.41671],[-74.70942,-9.42221],[-74.69767,-9.43564],[-74.68907,-9.4349],[-74.67596,-9.44691]]]}},{"type":"Feature","properties":{"ubigeo":"101001","nombre":"Jesús"},"geometry":{"type":"Polygon","coordinates":[[[-76.59708,-10.10093],[-76.59906,-10.11348],[-76.60368,-10.12478],[-76.63162,-10.12747],[-76.64398,-10.12362],[-76.64998,-10.13631],[-76.64956,-10.14337],[-76.65671,-10.1462],[-76.66019,-10.16015],[-76.67155,-10.16325],[-76.67187,-10.17635],[-76.678,-10.18034],[-76.67928,-10.19027],[-76.67239,-10.20352],[-76.67024,-10.2131],[-76.67406,-10.21962],[-76.69251,-10.22407],[-76.70161,-10.21999],[-76.70962,-10.22214],[-76.72157,-10.21942],[-76.72847,-10.23878],[-76.72871,-10.25325],[-76.73335,-10.26654],[-76.72961,-10.27267],[-76.73481,-10.28461],[-76.74745,-10.28712],[-76.74602,-10.29279],[-76.74875,-10.30552],[-76.76253,-10.30862],[-76.76967,-10.31879],[-76.77521,-10.3183],[-76.78302,-10.32912],[-76.78511,-10.35064],[-76.78024,-10.35784],[-76.77742,-10.37029],[-76.7895,-10.38359],[-76.80323,-10.38676],[-76.80568,-10.3923],[-76.83167,-10.39307],[-76.83921,-10.37311],[-76.8405,-10.36333],[-76.84449,-10.37006],[-76.85639,-10.37727],[-76.86585,-10.37484],[-76.863,-10.36619],[-76.87549,-10.34277],[-76.86917,-10.33814],[-76.87226,-10.33478],[-76.87493,-10.32022],[-76.88137,-10.30851],[-76.89451,-10.30433],[-76.89102,-10.29474],[-76.90079,-10.28532],[-76.90625,-10.27419],[-76.90503,-10.26896],[-76.88921,-10.2654],[-76.87707,-10.25698],[-76.86853,-10.24553],[-76.855,-10.24261],[-76.85081,-10.23422],[-76.84012,-10.22968],[-76.83275,-10.22197],[-76.83119,-10.21376],[-76.82503,-10.20466],[-76.81473,-10.19603],[-76.8099,-10.18835],[-76.79188,-10.17625],[-76.78244,-10.1776],[-76.77494,-10.19021],[-76.76661,-10.19679],[-76.74405,-10.18383],[-76.74567,-10.17543],[-76.73646,-10.16354],[-76.73552,-10.15771],[-76.72778,-10.15046],[-76.72031,-10.13744],[-76.71806,-10.12313],[-76.7203,-10.12046],[-76.71799,-10.10198],[-76.72104,-10.09679],[-76.73208,-10.08925],[-76.73293,-10.07187],[-76.72625,-10.06678],[-76.72458,-10.05732],[-76.71901,-10.05132],[-76.70886,-10.07358],[-76.70122,-10.08109],[-76.69589,-10.07004],[-76.68276,-10.07359],[-76.68093,-10.07761],[-76.66944,-10.07821],[-76.66758,-10.06764],[-76.67362,-10.048],[-76.66711,-10.04774],[-76.65387,-10.04147],[-76.64654,-10.04978],[-76.63504,-10.05149],[-76.63129,-10.04684],[-76.61595,-10.03754],[-76.60394,-10.03282],[-76.59648,-10.04027],[-76.60186,-10.05087],[-76.60613,-10.07024],[-76.60553,-10.08585],[-76.59708,-10.10093]]]}},{"type":"Feature","properties":{"ubigeo":"101002","nombre":"Baños"},"geometry":{"type":"Polygon","coordinates":[[[-76.71901,-10.05132],[-76.72458,-10.05732],[-76.72625,-10.06678],[-76.73293,-10.07187],[-76.73208,-10.08925],[-76.72104,-10.09679],[-76.71799,-10.10198],[-76.7203,-10.12046],[-76.71806,-10.12313],[-76.72031,-10.13744],[-76.72778,-10.15046],[-76.73552,-10.15771],[-76.73646,-10.16354],[-76.74567,-10.17543],[-76.74405,-10.18383],[-76.76661,-10.19679],[-76.77494,-10.19021],[-76.78244,-10.1776],[-76.78581,-10.16323],[-76.7971,-10.1648],[-76.8187,-10.14694],[-76.82314,-10.14767],[-76.82419,-10.13941],[-76.83296,-10.13932],[-76.84109,-10.13379],[-76.85052,-10.13311],[-76.85662,-10.13682],[-76.86676,-10.13235],[-76.8744,-10.13915],[-76.88033,-10.13358],[-76.90121,-10.13194],[-76.90393,-10.11536],[-76.90194,-10.11334],[-76.88581,-10.11338],[-76.87989,-10.11655],[-76.87268,-10.09489],[-76.86413,-10.09477],[-76.85358,-10.10178],[-76.8485,-10.09793],[-76.84604,-10.08874],[-76.83803,-10.08512],[-76.80717,-10.08436],[-76.81241,-10.07157],[-76.81201,-10.05089],[-76.79439,-10.04736],[-76.77736,-10.03896],[-76.76816,-10.02981],[-76.7522,-10.03159],[-76.74852,-10.02449],[-76.74096,-10.02783],[-76.72742,-10.02793],[-76.71231,-10.03736],[-76.71901,-10.05132]]]}},{"type":"Feature","properties":{"ubigeo":"101003","nombre":"Jivia"},"geometry":{"type":"Polygon","coordinates":[[[-76.59648,-10.04027],[-76.60394,-10.03282],[-76.61595,-10.03754],[-76.63129,-10.04684],[-76.63504,-10.05149],[-76.64654,-10.04978],[-76.65387,-10.04147],[-76.66711,-10.04774],[-76.67362,-10.048],[-76.66758,-10.06764],[-76.66944,-10.07821],[-76.68093,-10.07761],[-76.68276,-10.07359],[-76.69589,-10.07004],[-76.70122,-10.08109],[-76.70886,-10.07358],[-76.71901,-10.05132],[-76.71231,-10.03736],[-76.70408,-10.02392],[-76.69607,-10.0158],[-76.68215,-9.98793],[-76.67924,-10.00222],[-76.68036,-10.01269],[-76.67552,-10.01721],[-76.67792,-10.02566],[-76.67124,-10.02371],[-76.66049,-10.02815],[-76.64767,-10.01771],[-76.64026,-10.01775],[-76.62596,-10.02501],[-76.62043,-10.01415],[-76.61058,-10.0077],[-76.60308,-10.00778],[-76.5905,-9.99143],[-76.58154,-9.99113],[-76.58075,-10.00854],[-76.58542,-10.0112],[-76.58564,-10.01929],[-76.57823,-10.03046],[-76.59648,-10.04027]]]}},{"type":"Feature","properties":{"ubigeo":"101004","nombre":"Queropalca"},"geometry":{"type":"Polygon","coordinates":[[[-76.78244,-10.1776],[-76.79188,-10.17625],[-76.8099,-10.18835],[-76.81473,-10.19603],[-76.82503,-10.20466],[-76.83119,-10.21376],[-76.83275,-10.22197],[-76.84012,-10.22968],[-76.85081,-10.23422],[-76.855,-10.24261],[-76.86853,-10.24553],[-76.87707,-10.25698],[-76.88921,-10.2654],[-76.90503,-10.26896],[-76.90669,-10.257],[-76.9028,-10.25207],[-76.90494,-10.23741],[-76.91345,-10.23045],[-76.91622,-10.21752],[-76.90944,-10.19902],[-76.91392,-10.18994],[-76.91192,-10.18507],[-76.90854,-10.17678],[-76.91261,-10.16329],[-76.91069,-10.15995],[-76.91504,-10.13377],[-76.91546,-10.11991],[-76.90393,-10.11536],[-76.90121,-10.13194],[-76.88033,-10.13358],[-76.8744,-10.13915],[-76.86676,-10.13235],[-76.85662,-10.13682],[-76.85052,-10.13311],[-76.84109,-10.13379],[-76.83296,-10.13932],[-76.82419,-10.13941],[-76.82314,-10.14767],[-76.8187,-10.14694],[-76.7971,-10.1648],[-76.78581,-10.16323],[-76.78244,-10.1776]]]}},{"type":"Feature","properties":{"ubigeo":"101005","nombre":"Rondos"},"geometry":{"type":"Polygon","coordinates":[[[-76.62654,-9.91919],[-76.63578,-9.93147],[-76.63838,-9.94057],[-76.64569,-9.94674],[-76.6426,-9.95768],[-76.65049,-9.9623],[-76.65725,-9.96052],[-76.66948,-9.9716],[-76.67876,-9.96986],[-76.68404,-9.97541],[-76.67882,-9.98279],[-76.68215,-9.98793],[-76.69607,-10.0158],[-76.70408,-10.02392],[-76.71231,-10.03736],[-76.72742,-10.02793],[-76.74096,-10.02783],[-76.74852,-10.02449],[-76.7522,-10.03159],[-76.76816,-10.02981],[-76.77736,-10.03896],[-76.79439,-10.04736],[-76.81201,-10.05089],[-76.8113,-10.04399],[-76.81521,-10.02254],[-76.82156,-10.01937],[-76.82405,-10.011],[-76.80417,-10.0023],[-76.80054,-10.00651],[-76.78828,-10.00447],[-76.77321,-9.99406],[-76.77853,-9.98096],[-76.77612,-9.96846],[-76.77991,-9.95702],[-76.76971,-9.95423],[-76.76338,-9.94111],[-76.75818,-9.93819],[-76.75215,-9.94454],[-76.73595,-9.93393],[-76.73008,-9.92071],[-76.73349,-9.91183],[-76.72006,-9.89836],[-76.71046,-9.91178],[-76.7054,-9.92657],[-76.70163,-9.9286],[-76.68279,-9.91325],[-76.68012,-9.90528],[-76.67658,-9.89932],[-76.67846,-9.89097],[-76.67636,-9.88073],[-76.66964,-9.8774],[-76.66147,-9.86813],[-76.64892,-9.87127],[-76.64108,-9.8817],[-76.65124,-9.89503],[-76.65402,-9.90754],[-76.65939,-9.90886],[-76.65343,-9.91887],[-76.64363,-9.9178],[-76.62654,-9.91919]]]}},{"type":"Feature","properties":{"ubigeo":"101006","nombre":"San Francisco de Asís"},"geometry":{"type":"Polygon","coordinates":[[[-76.57397,-9.97367],[-76.58154,-9.99113],[-76.5905,-9.99143],[-76.60308,-10.00778],[-76.61058,-10.0077],[-76.62043,-10.01415],[-76.62596,-10.02501],[-76.64026,-10.01775],[-76.64767,-10.01771],[-76.66049,-10.02815],[-76.67124,-10.02371],[-76.67792,-10.02566],[-76.67552,-10.01721],[-76.68036,-10.01269],[-76.67924,-10.00222],[-76.68215,-9.98793],[-76.67882,-9.98279],[-76.68404,-9.97541],[-76.67876,-9.96986],[-76.66948,-9.9716],[-76.65725,-9.96052],[-76.65049,-9.9623],[-76.6426,-9.95768],[-76.64569,-9.94674],[-76.63838,-9.94057],[-76.63578,-9.93147],[-76.62481,-9.93213],[-76.61155,-9.92688],[-76.59283,-9.93805],[-76.58614,-9.94499],[-76.57238,-9.94161],[-76.57014,-9.94537],[-76.57047,-9.95923],[-76.57759,-9.96672],[-76.57397,-9.97367]]]}},{"type":"Feature","properties":{"ubigeo":"101007","nombre":"San Miguel de Cauri"},"geometry":{"type":"Polygon","coordinates":[[[-76.49398,-10.31053],[-76.48621,-10.31922],[-76.48365,-10.32635],[-76.4728,-10.33777],[-76.47599,-10.34732],[-76.48632,-10.35186],[-76.48647,-10.36666],[-76.49192,-10.37034],[-76.49094,-10.3789],[-76.49676,-10.38034],[-76.51683,-10.3816],[-76.52419,-10.37736],[-76.53373,-10.38756],[-76.55188,-10.38464],[-76.55786,-10.39333],[-76.5751,-10.3758],[-76.57985,-10.37639],[-76.58391,-10.38437],[-76.59338,-10.38724],[-76.59336,-10.40149],[-76.60737,-10.40515],[-76.62039,-10.41525],[-76.6472,-10.41514],[-76.65882,-10.4213],[-76.66414,-10.43149],[-76.66325,-10.43763],[-76.67182,-10.44001],[-76.67679,-10.43762],[-76.69846,-10.44456],[-76.69751,-10.45571],[-76.70217,-10.46154],[-76.71483,-10.46207],[-76.72533,-10.47767],[-76.72915,-10.47907],[-76.73051,-10.4743],[-76.74264,-10.4668],[-76.77281,-10.46364],[-76.77263,-10.45886],[-76.78815,-10.43812],[-76.79985,-10.43956],[-76.80292,-10.43097],[-76.7999,-10.41913],[-76.807,-10.40216],[-76.80568,-10.3923],[-76.80323,-10.38676],[-76.7895,-10.38359],[-76.77742,-10.37029],[-76.78024,-10.35784],[-76.78511,-10.35064],[-76.78302,-10.32912],[-76.77521,-10.3183],[-76.76967,-10.31879],[-76.76253,-10.30862],[-76.74875,-10.30552],[-76.74602,-10.29279],[-76.74745,-10.28712],[-76.73481,-10.28461],[-76.72961,-10.27267],[-76.73335,-10.26654],[-76.72871,-10.25325],[-76.72847,-10.23878],[-76.72157,-10.21942],[-76.70962,-10.22214],[-76.70161,-10.21999],[-76.69251,-10.22407],[-76.67406,-10.21962],[-76.67024,-10.2131],[-76.67239,-10.20352],[-76.67928,-10.19027],[-76.678,-10.18034],[-76.67187,-10.17635],[-76.67155,-10.16325],[-76.66019,-10.16015],[-76.65671,-10.1462],[-76.64956,-10.14337],[-76.64998,-10.13631],[-76.64398,-10.12362],[-76.63162,-10.12747],[-76.60368,-10.12478],[-76.59906,-10.11348],[-76.59708,-10.10093],[-76.56768,-10.09652],[-76.55897,-10.09786],[-76.54952,-10.11037],[-76.54087,-10.1254],[-76.53484,-10.14006],[-76.53895,-10.16572],[-76.53052,-10.17771],[-76.5278,-10.1875],[-76.51765,-10.18707],[-76.521,-10.19429],[-76.51937,-10.20579],[-76.52399,-10.21431],[-76.5159,-10.23908],[-76.51229,-10.24239],[-76.51493,-10.26621],[-76.51782,-10.27031],[-76.51289,-10.29184],[-76.49398,-10.31053]]]}},{"type":"Feature","properties":{"ubigeo":"101101","nombre":"Chavinillo"},"geometry":{"type":"Polygon","coordinates":[[[-76.46982,-9.80787],[-76.49087,-9.8313],[-76.4997,-9.83545],[-76.51477,-9.84677],[-76.52253,-9.84677],[-76.53262,-9.84225],[-76.54434,-9.84555],[-76.54781,-9.85521],[-76.53809,-9.85923],[-76.53111,-9.8676],[-76.57015,-9.8898],[-76.58622,-9.88502],[-76.60608,-9.88196],[-76.61556,-9.86568],[-76.62311,-9.85651],[-76.6223,-9.8507],[-76.63327,-9.84526],[-76.64111,-9.82792],[-76.6473,-9.81468],[-76.6357,-9.80918],[-76.62694,-9.81052],[-76.61557,-9.80706],[-76.61291,-9.78797],[-76.60475,-9.77748],[-76.59606,-9.76195],[-76.58256,-9.76261],[-76.57663,-9.76695],[-76.57137,-9.75781],[-76.55417,-9.75205],[-76.53921,-9.7421],[-76.52474,-9.72727],[-76.50215,-9.74065],[-76.49673,-9.74561],[-76.48399,-9.74041],[-76.47737,-9.74724],[-76.46716,-9.7502],[-76.4632,-9.76507],[-76.46775,-9.77091],[-76.46966,-9.78263],[-76.46728,-9.7896],[-76.46982,-9.80787]]]}},{"type":"Feature","properties":{"ubigeo":"101102","nombre":"Cahuac"},"geometry":{"type":"Polygon","coordinates":[[[-76.60776,-9.88362],[-76.62387,-9.88443],[-76.64108,-9.8817],[-76.64892,-9.87127],[-76.66147,-9.86813],[-76.66964,-9.8774],[-76.67636,-9.88073],[-76.67846,-9.89097],[-76.67658,-9.89932],[-76.68012,-9.90528],[-76.68687,-9.90204],[-76.68587,-9.8853],[-76.68824,-9.86919],[-76.68473,-9.85167],[-76.67743,-9.85704],[-76.66538,-9.86116],[-76.66047,-9.8587],[-76.66287,-9.84494],[-76.64111,-9.82792],[-76.63327,-9.84526],[-76.6223,-9.8507],[-76.62311,-9.85651],[-76.61556,-9.86568],[-76.60608,-9.88196],[-76.60776,-9.88362]]]}},{"type":"Feature","properties":{"ubigeo":"101103","nombre":"Chacabamba"},"geometry":{"type":"Polygon","coordinates":[[[-76.62654,-9.91919],[-76.64363,-9.9178],[-76.65343,-9.91887],[-76.65939,-9.90886],[-76.65402,-9.90754],[-76.65124,-9.89503],[-76.64108,-9.8817],[-76.62387,-9.88443],[-76.60776,-9.88362],[-76.60552,-9.89079],[-76.61181,-9.90544],[-76.61952,-9.90773],[-76.62654,-9.91919]]]}},{"type":"Feature","properties":{"ubigeo":"101104","nombre":"Aparicio Pomares"},"geometry":{"type":"Polygon","coordinates":[[[-76.48399,-9.74041],[-76.49673,-9.74561],[-76.50215,-9.74065],[-76.52474,-9.72727],[-76.53921,-9.7421],[-76.55417,-9.75205],[-76.57137,-9.75781],[-76.57663,-9.76695],[-76.58256,-9.76261],[-76.59606,-9.76195],[-76.60534,-9.75655],[-76.61184,-9.76737],[-76.62094,-9.77369],[-76.65079,-9.77942],[-76.65941,-9.77828],[-76.66192,-9.77162],[-76.65458,-9.75303],[-76.65573,-9.7447],[-76.65878,-9.72276],[-76.66447,-9.71423],[-76.68972,-9.70154],[-76.68116,-9.68874],[-76.67339,-9.68167],[-76.66397,-9.67734],[-76.66171,-9.68018],[-76.64447,-9.68777],[-76.62989,-9.68475],[-76.61689,-9.67518],[-76.60658,-9.67801],[-76.59812,-9.67251],[-76.58588,-9.67456],[-76.58029,-9.67858],[-76.55888,-9.68271],[-76.54974,-9.68069],[-76.52597,-9.66566],[-76.51867,-9.66878],[-76.51552,-9.6764],[-76.50862,-9.67341],[-76.49699,-9.67501],[-76.49227,-9.68078],[-76.48455,-9.67525],[-76.47646,-9.67452],[-76.46797,-9.685],[-76.47145,-9.69249],[-76.46897,-9.70168],[-76.46299,-9.70696],[-76.465,-9.72136],[-76.47681,-9.72475],[-76.47675,-9.73505],[-76.48399,-9.74041]]]}},{"type":"Feature","properties":{"ubigeo":"101105","nombre":"Jacas Chico"},"geometry":{"type":"Polygon","coordinates":[[[-76.52217,-9.91368],[-76.51865,-9.90357],[-76.52787,-9.89264],[-76.53209,-9.87886],[-76.53111,-9.8676],[-76.53809,-9.85923],[-76.54781,-9.85521],[-76.54434,-9.84555],[-76.53262,-9.84225],[-76.52253,-9.84677],[-76.51477,-9.84677],[-76.4997,-9.83545],[-76.4914,-9.85303],[-76.48808,-9.86669],[-76.48823,-9.87861],[-76.48525,-9.88318],[-76.4729,-9.88501],[-76.46717,-9.89163],[-76.48213,-9.89821],[-76.48537,-9.90359],[-76.48689,-9.90612],[-76.4987,-9.90435],[-76.50715,-9.91299],[-76.52217,-9.91368]]]}},{"type":"Feature","properties":{"ubigeo":"101106","nombre":"Obas"},"geometry":{"type":"Polygon","coordinates":[[[-76.59606,-9.76195],[-76.60475,-9.77748],[-76.61291,-9.78797],[-76.61557,-9.80706],[-76.62694,-9.81052],[-76.6357,-9.80918],[-76.6473,-9.81468],[-76.64111,-9.82792],[-76.66287,-9.84494],[-76.66047,-9.8587],[-76.66538,-9.86116],[-76.67743,-9.85704],[-76.68473,-9.85167],[-76.68824,-9.86919],[-76.68587,-9.8853],[-76.68687,-9.90204],[-76.68012,-9.90528],[-76.68279,-9.91325],[-76.70163,-9.9286],[-76.7054,-9.92657],[-76.71046,-9.91178],[-76.72006,-9.89836],[-76.72671,-9.88215],[-76.74079,-9.86984],[-76.74253,-9.86358],[-76.75802,-9.84246],[-76.74497,-9.84263],[-76.73203,-9.84664],[-76.72074,-9.84474],[-76.72459,-9.83672],[-76.72732,-9.81845],[-76.71816,-9.82228],[-76.71294,-9.82859],[-76.69447,-9.80881],[-76.69515,-9.78814],[-76.69964,-9.77726],[-76.68964,-9.74906],[-76.67476,-9.74474],[-76.65573,-9.7447],[-76.65458,-9.75303],[-76.66192,-9.77162],[-76.65941,-9.77828],[-76.65079,-9.77942],[-76.62094,-9.77369],[-76.61184,-9.76737],[-76.60534,-9.75655],[-76.59606,-9.76195]]]}},{"type":"Feature","properties":{"ubigeo":"101107","nombre":"Pampamarca"},"geometry":{"type":"Polygon","coordinates":[[[-76.65573,-9.7447],[-76.67476,-9.74474],[-76.68964,-9.74906],[-76.69964,-9.77726],[-76.69515,-9.78814],[-76.69447,-9.80881],[-76.71294,-9.82859],[-76.71816,-9.82228],[-76.72732,-9.81845],[-76.72459,-9.83672],[-76.72074,-9.84474],[-76.73203,-9.84664],[-76.74497,-9.84263],[-76.75802,-9.84246],[-76.74978,-9.83673],[-76.74676,-9.81948],[-76.73587,-9.79191],[-76.73332,-9.77977],[-76.73576,-9.75298],[-76.7125,-9.75133],[-76.70249,-9.74804],[-76.70249,-9.73837],[-76.71468,-9.72817],[-76.72298,-9.71138],[-76.72121,-9.70208],[-76.70371,-9.68981],[-76.70207,-9.69409],[-76.68972,-9.70154],[-76.66447,-9.71423],[-76.65878,-9.72276],[-76.65573,-9.7447]]]}},{"type":"Feature","properties":{"ubigeo":"101108","nombre":"Choras"},"geometry":{"type":"Polygon","coordinates":[[[-76.57047,-9.95923],[-76.57014,-9.94537],[-76.57238,-9.94161],[-76.58614,-9.94499],[-76.59283,-9.93805],[-76.61155,-9.92688],[-76.62481,-9.93213],[-76.63578,-9.93147],[-76.62654,-9.91919],[-76.61952,-9.90773],[-76.61181,-9.90544],[-76.60552,-9.89079],[-76.60776,-9.88362],[-76.60608,-9.88196],[-76.58622,-9.88502],[-76.57015,-9.8898],[-76.53111,-9.8676],[-76.53209,-9.87886],[-76.52787,-9.89264],[-76.51865,-9.90357],[-76.52217,-9.91368],[-76.54877,-9.92263],[-76.54785,-9.94365],[-76.55693,-9.94816],[-76.5566,-9.95524],[-76.57047,-9.95923]]]}}]}