{"type":"FeatureCollection","features":[{"type":"Feature","properties":{"ubigeo":"120101","nombre":"Huancayo"},"geometry":{"type":"Polygon","coordinates":[[[-74.95263,-12.01581],[-74.95907,-12.02288],[-74.97421,-12.02369],[-74.97955,-12.0193],[-74.98966,-12.0174],[-74.99638,-12.02084],[-75.01036,-12.01594],[-75.01226,-12.01123],[-75.02078,-12.01329],[-75.02104,-12.00753],[-75.02681,-12.0022],[-75.04393,-11.99837],[-75.04926,-11.99985],[-75.04705,-12.01156],[-75.06523,-12.02541],[-75.06735,-12.03615],[-75.07472,-12.03798],[-75.08574,-12.05137],[-75.08457,-12.05622],[-75.10091,-12.05924],[-75.11035,-12.05542],[-75.11747,-12.04636],[-75.12466,-12.04786],[-75.15076,-12.04906],[-75.15929,-12.05646],[-75.17347,-12.0601],[-75.18126,-12.06846],[-75.1952,-12.07235],[-75.20646,-12.07836],[-75.22532,-12.08389],[-75.23222,-12.08765],[-75.23616,-12.06957],[-75.21868,-12.07048],[-75.20999,-12.06248],[-75.19869,-12.0441],[-75.19875,-12.03203],[-75.19615,-12.02507],[-75.18245,-12.01258],[-75.17335,-12.01158],[-75.16168,-12.00433],[-75.14529,-12.00357],[-75.13486,-12.00977],[-75.12929,-12.00994],[-75.11868,-12.00179],[-75.11699,-11.99592],[-75.10498,-11.98922],[-75.09478,-11.97958],[-75.09019,-11.97916],[-75.08064,-11.97001],[-75.08246,-11.95947],[-75.0924,-11.94849],[-75.09503,-11.94134],[-75.09288,-11.935],[-75.0955,-11.92312],[-75.08372,-11.90891],[-75.06571,-11.90136],[-75.05347,-11.90357],[-75.05384,-11.9083],[-75.04634,-11.91774],[-75.03179,-11.92082],[-75.02676,-11.92409],[-75.01107,-11.92101],[-75.00481,-11.92602],[-74.99396,-11.94166],[-74.98419,-11.94623],[-74.98414,-11.95245],[-74.97742,-11.95956],[-74.96909,-11.96094],[-74.96464,-11.97105],[-74.9552,-11.9765],[-74.95228,-11.9862],[-74.94656,-11.99378],[-74.95263,-12.01581]]]}},{"type":"Feature","properties":{"ubigeo":"120104","nombre":"Carhuacallanga"},"geometry":{"type":"Polygon","coordinates":[[[-75.21097,-12.38531],[-75.21396,-12.37633],[-75.2138,-12.3382],[-75.21764,-12.33412],[-75.20868,-12.32854],[-75.19648,-12.3366],[-75.18959,-12.34462],[-75.18237,-12.36028],[-75.18673,-12.36653],[-75.19263,-12.36713],[-75.21097,-12.38531]]]}},{"type":"Feature","properties":{"ubigeo":"120105","nombre":"Chacapampa"},"geometry":{"type":"Polygon","coordinates":[[[-75.21097,-12.38531],[-75.22008,-12.39045],[-75.21433,-12.39621],[-75.21743,-12.40189],[-75.21545,-12.40928],[-75.2149,-12.42062],[-75.22328,-12.43553],[-75.21958,-12.44689],[-75.21487,-12.45184],[-75.21552,-12.46342],[-75.22303,-12.46707],[-75.22965,-12.47557],[-75.24288,-12.46425],[-75.25188,-12.46288],[-75.26586,-12.46721],[-75.27836,-12.46783],[-75.27999,-12.47375],[-75.28882,-12.4755],[-75.29766,-12.48525],[-75.30949,-12.47913],[-75.31389,-12.48446],[-75.32474,-12.4855],[-75.32087,-12.47649],[-75.32226,-12.46523],[-75.32651,-12.45477],[-75.3213,-12.44428],[-75.31096,-12.43316],[-75.30669,-12.41727],[-75.29711,-12.41438],[-75.27722,-12.41237],[-75.25941,-12.40222],[-75.25325,-12.40162],[-75.25771,-12.39079],[-75.26848,-12.37863],[-75.26798,-12.35647],[-75.25181,-12.34835],[-75.24972,-12.34223],[-75.25739,-12.33688],[-75.26855,-12.31911],[-75.26272,-12.31233],[-75.24818,-12.31314],[-75.24717,-12.30949],[-75.22204,-12.32489],[-75.21764,-12.33412],[-75.2138,-12.3382],[-75.21396,-12.37633],[-75.21097,-12.38531]]]}},{"type":"Feature","properties":{"ubigeo":"120106","nombre":"Chicche"},"geometry":{"type":"Polygon","coordinates":[[[-75.24717,-12.30949],[-75.24818,-12.31314],[-75.26272,-12.31233],[-75.26855,-12.31911],[-75.2732,-12.31134],[-75.28289,-12.30439],[-75.3041,-12.30192],[-75.31631,-12.29861],[-75.32111,-12.30287],[-75.32831,-12.29893],[-75.34071,-12.30907],[-75.34021,-12.31504],[-75.34567,-12.32387],[-75.35254,-12.32761],[-75.35768,-12.32138],[-75.35723,-12.30892],[-75.31461,-12.27015],[-75.30356,-12.2711],[-75.29985,-12.25827],[-75.2978,-12.26218],[-75.28739,-12.26548],[-75.28226,-12.26308],[-75.27158,-12.26662],[-75.25234,-12.27616],[-75.24756,-12.28229],[-75.24717,-12.30949]]]}},{"type":"Feature","properties":{"ubigeo":"120107","nombre":"Chilca"},"geometry":{"type":"Polygon","coordinates":[[[-75.18594,-12.10812],[-75.19584,-12.09196],[-75.20123,-12.09682],[-75.21008,-12.09673],[-75.21256,-12.1003],[-75.22953,-12.10439],[-75.23334,-12.10076],[-75.23184,-12.09563],[-75.23222,-12.08765],[-75.22532,-12.08389],[-75.20646,-12.07836],[-75.1952,-12.07235],[-75.18126,-12.06846],[-75.17347,-12.0601],[-75.15929,-12.05646],[-75.15076,-12.04906],[-75.12466,-12.04786],[-75.13842,-12.06027],[-75.14335,-12.06015],[-75.16158,-12.08156],[-75.17172,-12.08843],[-75.17854,-12.10179],[-75.18594,-12.10812]]]}},{"type":"Feature","properties":{"ubigeo":"120108","nombre":"Chongos Alto"},"geometry":{"type":"Polygon","coordinates":[[[-75.30669,-12.41727],[-75.31096,-12.43316],[-75.3213,-12.44428],[-75.32651,-12.45477],[-75.32226,-12.46523],[-75.32087,-12.47649],[-75.32474,-12.4855],[-75.31868,-12.50342],[-75.31934,-12.5145],[-75.33652,-12.52203],[-75.34751,-12.53438],[-75.36239,-12.5396],[-75.36844,-12.54451],[-75.37264,-12.55339],[-75.37916,-12.55754],[-75.39074,-12.57487],[-75.39915,-12.58252],[-75.40945,-12.58473],[-75.40916,-12.59712],[-75.41205,-12.59992],[-75.41013,-12.61793],[-75.41538,-12.62842],[-75.43145,-12.62573],[-75.44265,-12.61774],[-75.45347,-12.62247],[-75.46079,-12.63139],[-75.45712,-12.6499],[-75.45263,-12.65766],[-75.45928,-12.67467],[-75.4672,-12.68333],[-75.48421,-12.67605],[-75.48952,-12.66332],[-75.49085,-12.64794],[-75.49905,-12.63856],[-75.51056,-12.63447],[-75.52609,-12.61841],[-75.54896,-12.62511],[-75.55927,-12.63075],[-75.56882,-12.6326],[-75.57961,-12.64148],[-75.58284,-12.62176],[-75.57803,-12.59219],[-75.57209,-12.58357],[-75.56663,-12.5709],[-75.57184,-12.56407],[-75.56644,-12.55269],[-75.55887,-12.54515],[-75.55199,-12.54493],[-75.54574,-12.53268],[-75.54537,-12.52561],[-75.5362,-12.51728],[-75.54111,-12.50611],[-75.53927,-12.50032],[-75.55011,-12.47394],[-75.55741,-12.45659],[-75.55544,-12.43122],[-75.5595,-12.42266],[-75.55959,-12.41072],[-75.5409,-12.40343],[-75.52354,-12.40486],[-75.50742,-12.40307],[-75.5,-12.39652],[-75.4904,-12.39865],[-75.47161,-12.39228],[-75.45663,-12.37949],[-75.44285,-12.36983],[-75.42637,-12.36832],[-75.40998,-12.36396],[-75.398,-12.3534],[-75.38487,-12.34739],[-75.37666,-12.33957],[-75.35974,-12.33515],[-75.35254,-12.32761],[-75.34567,-12.32387],[-75.34021,-12.31504],[-75.34071,-12.30907],[-75.32831,-12.29893],[-75.32111,-12.30287],[-75.31631,-12.29861],[-75.3041,-12.30192],[-75.28289,-12.30439],[-75.2732,-12.31134],[-75.26855,-12.31911],[-75.28091,-12.31444],[-75.29297,-12.32525],[-75.2891,-12.33365],[-75.2934,-12.34346],[-75.31125,-12.35835],[-75.31684,-12.37116],[-75.31908,-12.38379],[-75.32339,-12.38974],[-75.30669,-12.41727]]]}},{"type":"Feature","properties":{"ubigeo":"120111","nombre":"Chupuro"},"geometry":{"type":"Polygon","coordinates":[[[-75.24426,-12.15409],[-75.24054,-12.16012],[-75.24162,-12.17494],[-75.22772,-12.20727],[-75.22779,-12.21471],[-75.21404,-12.23048],[-75.20981,-12.24534],[-75.20303,-12.2515],[-75.20864,-12.26054],[-75.22036,-12.26916],[-75.23147,-12.26769],[-75.23445,-12.25204],[-75.24445,-12.24182],[-75.24933,-12.22291],[-75.25787,-12.21336],[-75.26312,-12.19711],[-75.27129,-12.19038],[-75.27592,-12.17761],[-75.2653,-12.15677],[-75.25943,-12.15386],[-75.24412,-12.15332],[-75.24426,-12.15409]]]}},{"type":"Feature","properties":{"ubigeo":"120112","nombre":"Colca"},"geometry":{"type":"Polygon","coordinates":[[[-75.13048,-12.32857],[-75.12935,-12.33436],[-75.13521,-12.33527],[-75.14023,-12.3421],[-75.13661,-12.34913],[-75.13357,-12.37194],[-75.13101,-12.3785],[-75.14687,-12.39555],[-75.15414,-12.3957],[-75.1646,-12.38908],[-75.17602,-12.37258],[-75.18237,-12.36028],[-75.18959,-12.34462],[-75.19648,-12.3366],[-75.20868,-12.32854],[-75.21764,-12.33412],[-75.22204,-12.32489],[-75.24717,-12.30949],[-75.24756,-12.28229],[-75.25234,-12.27616],[-75.27158,-12.26662],[-75.27391,-12.25764],[-75.26268,-12.24892],[-75.25548,-12.25422],[-75.24963,-12.25415],[-75.24445,-12.24182],[-75.23445,-12.25204],[-75.23147,-12.26769],[-75.22036,-12.26916],[-75.20864,-12.26054],[-75.20303,-12.2515],[-75.19147,-12.26001],[-75.18349,-12.27721],[-75.17774,-12.28336],[-75.16723,-12.28105],[-75.15932,-12.28273],[-75.15441,-12.29059],[-75.15927,-12.30176],[-75.15358,-12.31407],[-75.13927,-12.31869],[-75.13048,-12.32857]]]}},{"type":"Feature","properties":{"ubigeo":"120113","nombre":"Cullhuas"},"geometry":{"type":"Polygon","coordinates":[[[-75.09845,-12.28256],[-75.10375,-12.29512],[-75.11044,-12.30346],[-75.12046,-12.308],[-75.13048,-12.32857],[-75.13927,-12.31869],[-75.15358,-12.31407],[-75.15927,-12.30176],[-75.15441,-12.29059],[-75.15932,-12.28273],[-75.16723,-12.28105],[-75.17774,-12.28336],[-75.18349,-12.27721],[-75.19147,-12.26001],[-75.20303,-12.2515],[-75.20981,-12.24534],[-75.21404,-12.23048],[-75.22779,-12.21471],[-75.22772,-12.20727],[-75.21759,-12.20688],[-75.21005,-12.20996],[-75.20486,-12.20634],[-75.1848,-12.20417],[-75.17771,-12.19691],[-75.1657,-12.19041],[-75.15298,-12.20007],[-75.14062,-12.20286],[-75.12608,-12.22374],[-75.12012,-12.22577],[-75.11666,-12.23603],[-75.10423,-12.24083],[-75.10045,-12.2511],[-75.10522,-12.27114],[-75.10419,-12.27833],[-75.09845,-12.28256]]]}},{"type":"Feature","properties":{"ubigeo":"120114","nombre":"El Tambo"},"geometry":{"type":"Polygon","coordinates":[[[-75.05347,-11.90357],[-75.06571,-11.90136],[-75.08372,-11.90891],[-75.0955,-11.92312],[-75.09288,-11.935],[-75.09503,-11.94134],[-75.0924,-11.94849],[-75.08246,-11.95947],[-75.08064,-11.97001],[-75.09019,-11.97916],[-75.09478,-11.97958],[-75.10498,-11.98922],[-75.11699,-11.99592],[-75.11868,-12.00179],[-75.12929,-12.00994],[-75.13486,-12.00977],[-75.14529,-12.00357],[-75.16168,-12.00433],[-75.17335,-12.01158],[-75.18245,-12.01258],[-75.19615,-12.02507],[-75.19875,-12.03203],[-75.19869,-12.0441],[-75.20999,-12.06248],[-75.21868,-12.07048],[-75.23616,-12.06957],[-75.23879,-12.06307],[-75.23934,-12.05291],[-75.24266,-12.04907],[-75.24707,-12.03302],[-75.23779,-12.02526],[-75.2424,-12.01812],[-75.23923,-12.01518],[-75.23535,-11.99964],[-75.22484,-12.00022],[-75.2112,-11.98374],[-75.2114,-11.97289],[-75.19871,-11.95922],[-75.19827,-11.95368],[-75.21033,-11.94566],[-75.21292,-11.9411],[-75.21192,-11.93655],[-75.19636,-11.92425],[-75.18782,-11.92147],[-75.1841,-11.91512],[-75.17101,-11.90982],[-75.15047,-11.91557],[-75.13114,-11.91772],[-75.12715,-11.92805],[-75.12172,-11.9249],[-75.11053,-11.92614],[-75.1039,-11.91186],[-75.09386,-11.90482],[-75.08974,-11.89164],[-75.09078,-11.88369],[-75.08295,-11.88224],[-75.07349,-11.87256],[-75.07108,-11.88092],[-75.06249,-11.88896],[-75.05817,-11.8918],[-75.05347,-11.90357]]]}},{"type":"Feature","properties":{"ubigeo":"120116","nombre":"Huacrapuquio"},"geometry":{"type":"Polygon","coordinates":[[[-75.22772,-12.20727],[-75.24162,-12.17494],[-75.22825,-12.17213],[-75.2265,-12.16489],[-75.21276,-12.16251],[-75.20884,-12.15655],[-75.19522,-12.17497],[-75.18177,-12.18694],[-75.17382,-12.19066],[-75.1657,-12.19041],[-75.17771,-12.19691],[-75.1848,-12.20417],[-75.20486,-12.20634],[-75.21005,-12.20996],[-75.21759,-12.20688],[-75.22772,-12.20727]]]}},{"type":"Feature","properties":{"ubigeo":"120117","nombre":"Hualhuas"},"geometry":{"type":"Polygon","coordinates":[[[-75.26287,-11.99159],[-75.26666,-11.98203],[-75.26916,-11.97213],[-75.24202,-11.95219],[-75.23596,-11.95721],[-75.22032,-11.94428],[-75.21292,-11.9411],[-75.21033,-11.94566],[-75.21532,-11.94894],[-75.22473,-11.96176],[-75.23152,-11.96466],[-75.23773,-11.9816],[-75.26287,-11.99159]]]}},{"type":"Feature","properties":{"ubigeo":"120119","nombre":"Huancan"},"geometry":{"type":"Polygon","coordinates":[[[-75.19735,-12.12583],[-75.2178,-12.11459],[-75.23206,-12.11651],[-75.23334,-12.10076],[-75.22953,-12.10439],[-75.21256,-12.1003],[-75.21008,-12.09673],[-75.20123,-12.09682],[-75.19584,-12.09196],[-75.18594,-12.10812],[-75.17735,-12.1213],[-75.18241,-12.12404],[-75.19735,-12.12583]]]}},{"type":"Feature","properties":{"ubigeo":"120120","nombre":"Huasicancha"},"geometry":{"type":"Polygon","coordinates":[[[-75.30669,-12.41727],[-75.32339,-12.38974],[-75.31908,-12.38379],[-75.31684,-12.37116],[-75.31125,-12.35835],[-75.2934,-12.34346],[-75.2891,-12.33365],[-75.29297,-12.32525],[-75.28091,-12.31444],[-75.26855,-12.31911],[-75.25739,-12.33688],[-75.24972,-12.34223],[-75.25181,-12.34835],[-75.26798,-12.35647],[-75.26848,-12.37863],[-75.25771,-12.39079],[-75.25325,-12.40162],[-75.25941,-12.40222],[-75.27722,-12.41237],[-75.29711,-12.41438],[-75.30669,-12.41727]]]}},{"type":"Feature","properties":{"ubigeo":"120121","nombre":"Huayucachi"},"geometry":{"type":"Polygon","coordinates":[[[-75.20976,-12.14654],[-75.22397,-12.15341],[-75.23457,-12.15201],[-75.24426,-12.15409],[-75.24412,-12.15332],[-75.24034,-12.14152],[-75.23593,-12.12323],[-75.23206,-12.11651],[-75.2178,-12.11459],[-75.19735,-12.12583],[-75.20258,-12.13581],[-75.20765,-12.13714],[-75.20976,-12.14654]]]}},{"type":"Feature","properties":{"ubigeo":"120122","nombre":"Ingenio"},"geometry":{"type":"Polygon","coordinates":[[[-75.27921,-11.92911],[-75.28049,-11.92203],[-75.27564,-11.90395],[-75.27903,-11.89206],[-75.27099,-11.88857],[-75.25709,-11.86829],[-75.24978,-11.86548],[-75.22937,-11.86559],[-75.22749,-11.84314],[-75.22388,-11.82704],[-75.21898,-11.81708],[-75.22102,-11.8045],[-75.21408,-11.80372],[-75.21178,-11.79839],[-75.19872,-11.79471],[-75.18283,-11.79494],[-75.1724,-11.79766],[-75.1627,-11.81125],[-75.16054,-11.82066],[-75.17692,-11.83119],[-75.19398,-11.82982],[-75.20068,-11.83211],[-75.20312,-11.83993],[-75.21052,-11.84248],[-75.21113,-11.85131],[-75.21699,-11.85526],[-75.21941,-11.86247],[-75.22454,-11.896],[-75.2243,-11.90057],[-75.23854,-11.89479],[-75.24497,-11.88997],[-75.24492,-11.91327],[-75.25246,-11.91666],[-75.26761,-11.91826],[-75.27921,-11.92911]]]}},{"type":"Feature","properties":{"ubigeo":"120124","nombre":"Pariahuanca"},"geometry":{"type":"Polygon","coordinates":[[[-74.88794,-11.8463],[-74.88735,-11.85006],[-74.87794,-11.85113],[-74.86949,-11.85624],[-74.86989,-11.87065],[-74.85604,-11.87734],[-74.84507,-11.87906],[-74.85069,-11.89224],[-74.84986,-11.89833],[-74.83619,-11.90167],[-74.82018,-11.91317],[-74.81781,-11.93572],[-74.80937,-11.94461],[-74.79384,-11.93683],[-74.78172,-11.93948],[-74.77352,-11.94703],[-74.76134,-11.94066],[-74.74923,-11.94737],[-74.74175,-11.94625],[-74.73772,-11.95705],[-74.72191,-11.96579],[-74.70813,-11.9855],[-74.67099,-12.0122],[-74.67851,-12.01748],[-74.67913,-12.02603],[-74.68374,-12.03847],[-74.69932,-12.04437],[-74.71069,-12.0572],[-74.72009,-12.05913],[-74.71999,-12.05605],[-74.73053,-12.04694],[-74.74357,-12.04095],[-74.74861,-12.04142],[-74.75912,-12.05112],[-74.77993,-12.053],[-74.79428,-12.05829],[-74.81782,-12.05351],[-74.83012,-12.0626],[-74.83737,-12.07082],[-74.85098,-12.06976],[-74.86021,-12.06622],[-74.87077,-12.06599],[-74.88086,-12.05369],[-74.89633,-12.04888],[-74.90787,-12.03652],[-74.92,-12.03288],[-74.93037,-12.02286],[-74.94342,-12.01724],[-74.95263,-12.01581],[-74.94656,-11.99378],[-74.95228,-11.9862],[-74.9552,-11.9765],[-74.96464,-11.97105],[-74.96909,-11.96094],[-74.97742,-11.95956],[-74.98414,-11.95245],[-74.98419,-11.94623],[-74.99396,-11.94166],[-75.00481,-11.92602],[-75.01107,-11.92101],[-75.02676,-11.92409],[-75.03179,-11.92082],[-75.04634,-11.91774],[-75.05384,-11.9083],[-75.05347,-11.90357],[-75.05817,-11.8918],[-75.06249,-11.88896],[-75.05751,-11.88065],[-75.05089,-11.87596],[-75.04511,-11.85655],[-75.03222,-11.8467],[-75.0282,-11.83614],[-75.0156,-11.82125],[-74.99295,-11.81692],[-74.98145,-11.82697],[-74.9684,-11.84452],[-74.96131,-11.84323],[-74.95141,-11.82673],[-74.93986,-11.83721],[-74.92995,-11.83534],[-74.92535,-11.84465],[-74.91278,-11.84717],[-74.90925,-11.84324],[-74.89652,-11.84189],[-74.88794,-11.8463]]]}},{"type":"Feature","properties":{"ubigeo":"120125","nombre":"Pilcomayo"},"geometry":{"type":"Polygon","coordinates":[[[-75.23879,-12.06307],[-75.2507,-12.06213],[-75.25725,-12.05787],[-75.26381,-12.06082],[-75.27372,-12.05663],[-75.27044,-12.04836],[-75.25592,-12.04121],[-75.26226,-12.03457],[-75.25568,-12.02273],[-75.24707,-12.03302],[-75.24266,-12.04907],[-75.23934,-12.05291],[-75.23879,-12.06307]]]}},{"type":"Feature","properties":{"ubigeo":"120126","nombre":"Pucara"},"geometry":{"type":"Polygon","coordinates":[[[-75.06885,-12.10623],[-75.07095,-12.11293],[-75.06513,-12.11529],[-75.06792,-12.12712],[-75.06315,-12.13348],[-75.06901,-12.14286],[-75.07695,-12.14715],[-75.07262,-12.1578],[-75.04833,-12.17033],[-75.05376,-12.18764],[-75.04936,-12.20134],[-75.05917,-12.20578],[-75.06314,-12.22091],[-75.07163,-12.2352],[-75.08551,-12.23673],[-75.09238,-12.24445],[-75.09269,-12.25047],[-75.10045,-12.2511],[-75.10423,-12.24083],[-75.11666,-12.23603],[-75.12012,-12.22577],[-75.12608,-12.22374],[-75.14062,-12.20286],[-75.15298,-12.20007],[-75.1657,-12.19041],[-75.16304,-12.18075],[-75.16412,-12.16678],[-75.1508,-12.15452],[-75.13483,-12.15886],[-75.11005,-12.14376],[-75.09932,-12.12759],[-75.09944,-12.11406],[-75.09452,-12.11184],[-75.08807,-12.1008],[-75.07131,-12.10239],[-75.06885,-12.10623]]]}},{"type":"Feature","properties":{"ubigeo":"120127","nombre":"Quichuay"},"geometry":{"type":"Polygon","coordinates":[[[-75.29046,-11.89815],[-75.29488,-11.88739],[-75.29222,-11.88622],[-75.28315,-11.8825],[-75.27777,-11.87657],[-75.2666,-11.87305],[-75.27462,-11.86348],[-75.26382,-11.85134],[-75.26406,-11.83528],[-75.25255,-11.82274],[-75.25071,-11.80994],[-75.2406,-11.80955],[-75.23459,-11.80566],[-75.22102,-11.8045],[-75.21898,-11.81708],[-75.22388,-11.82704],[-75.22749,-11.84314],[-75.22937,-11.86559],[-75.24978,-11.86548],[-75.25709,-11.86829],[-75.27099,-11.88857],[-75.27903,-11.89206],[-75.29046,-11.89815]]]}},{"type":"Feature","properties":{"ubigeo":"120128","nombre":"Quilcas"},"geometry":{"type":"Polygon","coordinates":[[[-75.21192,-11.93655],[-75.22251,-11.93022],[-75.2314,-11.93379],[-75.24144,-11.93092],[-75.25156,-11.94524],[-75.26234,-11.94497],[-75.26551,-11.95075],[-75.27046,-11.93954],[-75.27921,-11.92911],[-75.26761,-11.91826],[-75.25246,-11.91666],[-75.24492,-11.91327],[-75.24497,-11.88997],[-75.23854,-11.89479],[-75.2243,-11.90057],[-75.22454,-11.896],[-75.21941,-11.86247],[-75.21699,-11.85526],[-75.21113,-11.85131],[-75.21052,-11.84248],[-75.20312,-11.83993],[-75.20068,-11.83211],[-75.19398,-11.82982],[-75.17692,-11.83119],[-75.16054,-11.82066],[-75.15119,-11.82284],[-75.14398,-11.83263],[-75.12928,-11.84224],[-75.12208,-11.84295],[-75.11798,-11.83544],[-75.10451,-11.8327],[-75.09219,-11.83414],[-75.0897,-11.84401],[-75.07606,-11.8628],[-75.07349,-11.87256],[-75.08295,-11.88224],[-75.09078,-11.88369],[-75.08974,-11.89164],[-75.09386,-11.90482],[-75.1039,-11.91186],[-75.11053,-11.92614],[-75.12172,-11.9249],[-75.12715,-11.92805],[-75.13114,-11.91772],[-75.15047,-11.91557],[-75.17101,-11.90982],[-75.1841,-11.91512],[-75.18782,-11.92147],[-75.19636,-11.92425],[-75.21192,-11.93655]]]}},{"type":"Feature","properties":{"ubigeo":"120129","nombre":"San Agustín"},"geometry":{"type":"Polygon","coordinates":[[[-75.25568,-12.02273],[-75.26613,-12.01338],[-75.26617,-11.999],[-75.26287,-11.99159],[-75.23773,-11.9816],[-75.23152,-11.96466],[-75.22473,-11.96176],[-75.21532,-11.94894],[-75.21033,-11.94566],[-75.19827,-11.95368],[-75.19871,-11.95922],[-75.2114,-11.97289],[-75.2112,-11.98374],[-75.22484,-12.00022],[-75.23535,-11.99964],[-75.23923,-12.01518],[-75.2424,-12.01812],[-75.23779,-12.02526],[-75.24707,-12.03302],[-75.25568,-12.02273]]]}},{"type":"Feature","properties":{"ubigeo":"120130","nombre":"San Jerónimo de Tunan"},"geometry":{"type":"Polygon","coordinates":[[[-75.26551,-11.95075],[-75.27129,-11.95923],[-75.27331,-11.96939],[-75.28099,-11.97567],[-75.29266,-11.96551],[-75.29949,-11.95014],[-75.31278,-11.938],[-75.2941,-11.92165],[-75.29412,-11.91042],[-75.29046,-11.89815],[-75.27903,-11.89206],[-75.27564,-11.90395],[-75.28049,-11.92203],[-75.27921,-11.92911],[-75.27046,-11.93954],[-75.26551,-11.95075]]]}},{"type":"Feature","properties":{"ubigeo":"120132","nombre":"Saño"},"geometry":{"type":"Polygon","coordinates":[[[-75.21292,-11.9411],[-75.22032,-11.94428],[-75.23596,-11.95721],[-75.24202,-11.95219],[-75.26916,-11.97213],[-75.26666,-11.98203],[-75.2801,-11.97753],[-75.28099,-11.97567],[-75.27331,-11.96939],[-75.27129,-11.95923],[-75.26551,-11.95075],[-75.26234,-11.94497],[-75.25156,-11.94524],[-75.24144,-11.93092],[-75.2314,-11.93379],[-75.22251,-11.93022],[-75.21192,-11.93655],[-75.21292,-11.9411]]]}},{"type":"Feature","properties":{"ubigeo":"120133","nombre":"Sapallanga"},"geometry":{"type":"Polygon","coordinates":[[[-75.07131,-12.10239],[-75.08807,-12.1008],[-75.09452,-12.11184],[-75.09944,-12.11406],[-75.09932,-12.12759],[-75.11005,-12.14376],[-75.13483,-12.15886],[-75.1508,-12.15452],[-75.16412,-12.16678],[-75.16304,-12.18075],[-75.1657,-12.19041],[-75.17382,-12.19066],[-75.18177,-12.18694],[-75.19522,-12.17497],[-75.20884,-12.15655],[-75.20976,-12.14654],[-75.20765,-12.13714],[-75.20258,-12.13581],[-75.19735,-12.12583],[-75.18241,-12.12404],[-75.17735,-12.1213],[-75.18594,-12.10812],[-75.17854,-12.10179],[-75.17172,-12.08843],[-75.16158,-12.08156],[-75.14335,-12.06015],[-75.13842,-12.06027],[-75.12466,-12.04786],[-75.11747,-12.04636],[-75.11035,-12.05542],[-75.10091,-12.05924],[-75.08457,-12.05622],[-75.07461,-12.06015],[-75.06949,-12.07552],[-75.07008,-12.08291],[-75.06582,-12.09387],[-75.07131,-12.10239]]]}},{"type":"Feature","properties":{"ubigeo":"120134","nombre":"Sicaya"},"geometry":{"type":"Polygon","coordinates":[[[-75.26287,-11.99159],[-75.26617,-11.999],[-75.26613,-12.01338],[-75.25568,-12.02273],[-75.26226,-12.03457],[-75.25592,-12.04121],[-75.27044,-12.04836],[-75.27372,-12.05663],[-75.2916,-12.05597],[-75.3024,-12.04905],[-75.31478,-12.04263],[-75.318,-12.03602],[-75.31312,-12.03376],[-75.3204,-12.0145],[-75.32507,-12.00933],[-75.31109,-12.00651],[-75.30396,-11.98534],[-75.29159,-11.98533],[-75.2792,-11.98052],[-75.2801,-11.97753],[-75.26666,-11.98203],[-75.26287,-11.99159]]]}},{"type":"Feature","properties":{"ubigeo":"120135","nombre":"Santo Domingo de Acobamba"},"geometry":{"type":"Polygon","coordinates":[[[-74.65828,-11.9936],[-74.66143,-12.00561],[-74.67099,-12.0122],[-74.70813,-11.9855],[-74.72191,-11.96579],[-74.73772,-11.95705],[-74.74175,-11.94625],[-74.74923,-11.94737],[-74.76134,-11.94066],[-74.77352,-11.94703],[-74.78172,-11.93948],[-74.79384,-11.93683],[-74.80937,-11.94461],[-74.81781,-11.93572],[-74.82018,-11.91317],[-74.83619,-11.90167],[-74.84986,-11.89833],[-74.85069,-11.89224],[-74.84507,-11.87906],[-74.85604,-11.87734],[-74.86989,-11.87065],[-74.86949,-11.85624],[-74.87794,-11.85113],[-74.88735,-11.85006],[-74.88794,-11.8463],[-74.88536,-11.8356],[-74.87599,-11.83015],[-74.86529,-11.81503],[-74.85096,-11.80227],[-74.85753,-11.79069],[-74.86752,-11.78377],[-74.8689,-11.77747],[-74.84942,-11.7737],[-74.83861,-11.76287],[-74.83141,-11.76651],[-74.81738,-11.76225],[-74.80442,-11.7664],[-74.78755,-11.76597],[-74.77,-11.76235],[-74.77874,-11.7412],[-74.77487,-11.73426],[-74.77418,-11.72251],[-74.76792,-11.71758],[-74.76533,-11.70761],[-74.74817,-11.70209],[-74.74479,-11.7034],[-74.74126,-11.68671],[-74.7368,-11.67487],[-74.72915,-11.66736],[-74.72101,-11.66466],[-74.70949,-11.67424],[-74.69839,-11.66642],[-74.6907,-11.6662],[-74.67963,-11.66125],[-74.67568,-11.67178],[-74.6665,-11.67421],[-74.6641,-11.67921],[-74.65137,-11.68768],[-74.65154,-11.69667],[-74.64254,-11.70095],[-74.64597,-11.72089],[-74.6449,-11.72594],[-74.65028,-11.73631],[-74.63993,-11.74074],[-74.63723,-11.75136],[-74.6255,-11.76046],[-74.62448,-11.77352],[-74.614,-11.78161],[-74.60634,-11.79311],[-74.61075,-11.80575],[-74.5967,-11.8185],[-74.59908,-11.82958],[-74.59442,-11.83468],[-74.59673,-11.84278],[-74.59066,-11.85031],[-74.58184,-11.85376],[-74.58414,-11.86048],[-74.58324,-11.87236],[-74.57789,-11.88238],[-74.57071,-11.88444],[-74.55968,-11.88265],[-74.54921,-11.87803],[-74.53601,-11.87836],[-74.52488,-11.88895],[-74.5243,-11.89752],[-74.50736,-11.91611],[-74.49051,-11.91367],[-74.48783,-11.92309],[-74.49557,-11.92547],[-74.50479,-11.93767],[-74.49894,-11.95324],[-74.50122,-11.96108],[-74.5005,-11.9767],[-74.50765,-11.98708],[-74.52649,-11.98739],[-74.53298,-11.98404],[-74.54307,-11.98405],[-74.549,-11.99699],[-74.55768,-12.00095],[-74.56923,-11.99458],[-74.57171,-11.98481],[-74.58203,-11.98794],[-74.59466,-11.98745],[-74.59246,-11.99498],[-74.60355,-11.99954],[-74.61255,-11.98798],[-74.61725,-11.99006],[-74.62416,-11.98518],[-74.6427,-11.98867],[-74.64891,-11.99489],[-74.65828,-11.9936]]]}},{"type":"Feature","properties":{"ubigeo":"120136","nombre":"Viques"},"geometry":{"type":"Polygon","coordinates":[[[-75.24162,-12.17494],[-75.24054,-12.16012],[-75.24426,-12.15409],[-75.23457,-12.15201],[-75.22397,-12.15341],[-75.20976,-12.14654],[-75.20884,-12.15655],[-75.21276,-12.16251],[-75.2265,-12.16489],[-75.22825,-12.17213],[-75.24162,-12.17494]]]}},{"type":"Feature","properties":{"ubigeo":"120201","nombre":"Concepción"},"geometry":{"type":"Polygon","coordinates":[[[-75.29046,-11.89815],[-75.29412,-11.91042],[-75.2941,-11.92165],[-75.31278,-11.938],[-75.31957,-11.93664],[-75.3288,-11.92727],[-75.33383,-11.91813],[-75.34514,-11.90917],[-75.32798,-11.89515],[-75.32103,-11.9046],[-75.31624,-11.9049],[-75.30543,-11.89605],[-75.29571,-11.88178],[-75.29222,-11.88622],[-75.29488,-11.88739],[-75.29046,-11.89815]]]}},{"type":"Feature","properties":{"ubigeo":"120202","nombre":"Aco"},"geometry":{"type":"Polygon","coordinates":[[[-75.34816,-11.94718],[-75.36068,-11.96455],[-75.36526,-11.96399],[-75.36593,-11.97566],[-75.3708,-11.97682],[-75.37748,-11.97003],[-75.38099,-11.97358],[-75.37881,-11.98066],[-75.39056,-11.98277],[-75.39944,-11.9727],[-75.39719,-11.96688],[-75.40881,-11.96714],[-75.42147,-11.97318],[-75.42408,-11.98441],[-75.43255,-11.98456],[-75.43822,-11.97724],[-75.43952,-11.96729],[-75.45229,-11.95859],[-75.43122,-11.95323],[-75.43073,-11.94855],[-75.41815,-11.94365],[-75.41255,-11.93443],[-75.40774,-11.93439],[-75.40835,-11.92659],[-75.40046,-11.92242],[-75.39308,-11.92605],[-75.38617,-11.93475],[-75.3755,-11.9345],[-75.36659,-11.92889],[-75.36455,-11.938],[-75.35919,-11.94453],[-75.34816,-11.94718]]]}},{"type":"Feature","properties":{"ubigeo":"120203","nombre":"Andamarca"},"geometry":{"type":"Polygon","coordinates":[[[-74.72973,-11.61102],[-74.72514,-11.614],[-74.72693,-11.63276],[-74.72202,-11.64256],[-74.72191,-11.65107],[-74.71786,-11.6585],[-74.72101,-11.66466],[-74.72915,-11.66736],[-74.7368,-11.67487],[-74.74126,-11.68671],[-74.74479,-11.7034],[-74.74817,-11.70209],[-74.76533,-11.70761],[-74.76792,-11.71758],[-74.77418,-11.72251],[-74.77487,-11.73426],[-74.77874,-11.7412],[-74.77,-11.76235],[-74.78755,-11.76597],[-74.80442,-11.7664],[-74.81738,-11.76225],[-74.83141,-11.76651],[-74.83861,-11.76287],[-74.84942,-11.7737],[-74.8689,-11.77747],[-74.86752,-11.78377],[-74.85753,-11.79069],[-74.85096,-11.80227],[-74.86529,-11.81503],[-74.87599,-11.83015],[-74.88536,-11.8356],[-74.88794,-11.8463],[-74.89652,-11.84189],[-74.90925,-11.84324],[-74.91278,-11.84717],[-74.92535,-11.84465],[-74.92995,-11.83534],[-74.93986,-11.83721],[-74.95141,-11.82673],[-74.96131,-11.84323],[-74.9684,-11.84452],[-74.98145,-11.82697],[-74.99295,-11.81692],[-74.99518,-11.80328],[-74.98483,-11.79742],[-74.97952,-11.78317],[-74.97072,-11.77823],[-74.96079,-11.78023],[-74.958,-11.75588],[-74.94724,-11.73105],[-74.94198,-11.7224],[-74.94249,-11.70736],[-74.94546,-11.70157],[-74.93774,-11.68688],[-74.92877,-11.6873],[-74.9156,-11.68142],[-74.90694,-11.68592],[-74.89748,-11.68507],[-74.88618,-11.67608],[-74.88584,-11.66611],[-74.87658,-11.65636],[-74.88148,-11.64845],[-74.8909,-11.65146],[-74.89856,-11.64384],[-74.90342,-11.58831],[-74.91298,-11.58415],[-74.90851,-11.57822],[-74.90948,-11.56816],[-74.924,-11.56349],[-74.93268,-11.55589],[-74.93267,-11.54864],[-74.92691,-11.54614],[-74.91708,-11.52841],[-74.91064,-11.52855],[-74.8967,-11.53705],[-74.88692,-11.53868],[-74.87252,-11.54882],[-74.8715,-11.55401],[-74.84969,-11.56257],[-74.84037,-11.57571],[-74.83271,-11.57477],[-74.82025,-11.58836],[-74.81,-11.58726],[-74.80489,-11.59438],[-74.79496,-11.59522],[-74.78914,-11.60237],[-74.78295,-11.60316],[-74.76601,-11.5984],[-74.7625,-11.61116],[-74.74758,-11.60519],[-74.73563,-11.60679],[-74.72973,-11.61102]]]}},{"type":"Feature","properties":{"ubigeo":"120204","nombre":"Chambara"},"geometry":{"type":"Polygon","coordinates":[[[-75.39944,-11.9727],[-75.39978,-11.97957],[-75.37957,-12.01322],[-75.36814,-12.01006],[-75.36304,-12.01405],[-75.36182,-12.02466],[-75.35539,-12.02777],[-75.38504,-12.03833],[-75.38915,-12.0337],[-75.39141,-12.04003],[-75.39613,-12.04014],[-75.41407,-12.04779],[-75.41822,-12.0573],[-75.4288,-12.06343],[-75.43861,-12.06161],[-75.45992,-12.06672],[-75.4637,-12.05511],[-75.46926,-12.05066],[-75.47032,-12.03907],[-75.47673,-12.02791],[-75.47539,-12.02085],[-75.47835,-12.00485],[-75.47305,-11.99625],[-75.47122,-11.99133],[-75.49112,-11.97179],[-75.49829,-11.96817],[-75.49669,-11.95808],[-75.48588,-11.94674],[-75.47921,-11.93553],[-75.46466,-11.93467],[-75.46002,-11.93828],[-75.45229,-11.95859],[-75.43952,-11.96729],[-75.43822,-11.97724],[-75.43255,-11.98456],[-75.42408,-11.98441],[-75.42147,-11.97318],[-75.40881,-11.96714],[-75.39719,-11.96688],[-75.39944,-11.9727]]]}},{"type":"Feature","properties":{"ubigeo":"120205","nombre":"Cochas"},"geometry":{"type":"Polygon","coordinates":[[[-75.19492,-11.62531],[-75.19796,-11.60664],[-75.20263,-11.5992],[-75.18927,-11.5909],[-75.18586,-11.58283],[-75.18656,-11.57328],[-75.17749,-11.57093],[-75.17321,-11.56511],[-75.16993,-11.55159],[-75.16275,-11.5451],[-75.16346,-11.53622],[-75.15168,-11.52874],[-75.14648,-11.53813],[-75.14581,-11.55568],[-75.13767,-11.55882],[-75.13777,-11.56722],[-75.13346,-11.5758],[-75.13888,-11.59281],[-75.12918,-11.59656],[-75.12288,-11.59354],[-75.11575,-11.59947],[-75.11484,-11.60846],[-75.1058,-11.62416],[-75.08739,-11.63349],[-75.08793,-11.65309],[-75.08105,-11.67767],[-75.08008,-11.69215],[-75.0841,-11.69679],[-75.10045,-11.69456],[-75.11537,-11.69032],[-75.1264,-11.6838],[-75.12026,-11.67262],[-75.12449,-11.66379],[-75.13032,-11.66142],[-75.13203,-11.65291],[-75.13784,-11.64856],[-75.15241,-11.65077],[-75.15709,-11.64698],[-75.16636,-11.64661],[-75.17235,-11.65728],[-75.17895,-11.64963],[-75.18442,-11.63484],[-75.19492,-11.62531]]]}},{"type":"Feature","properties":{"ubigeo":"120206","nombre":"Comas"},"geometry":{"type":"Polygon","coordinates":[[[-74.93268,-11.55589],[-74.924,-11.56349],[-74.90948,-11.56816],[-74.90851,-11.57822],[-74.91298,-11.58415],[-74.90342,-11.58831],[-74.89856,-11.64384],[-74.8909,-11.65146],[-74.88148,-11.64845],[-74.87658,-11.65636],[-74.88584,-11.66611],[-74.88618,-11.67608],[-74.89748,-11.68507],[-74.90694,-11.68592],[-74.9156,-11.68142],[-74.92877,-11.6873],[-74.93774,-11.68688],[-74.94546,-11.70157],[-74.94249,-11.70736],[-74.94198,-11.7224],[-74.94724,-11.73105],[-74.958,-11.75588],[-74.96079,-11.78023],[-74.97072,-11.77823],[-74.97952,-11.78317],[-74.98483,-11.79742],[-74.99518,-11.80328],[-74.99295,-11.81692],[-75.0156,-11.82125],[-75.0282,-11.83614],[-75.03222,-11.8467],[-75.04511,-11.85655],[-75.05089,-11.87596],[-75.05751,-11.88065],[-75.06249,-11.88896],[-75.07108,-11.88092],[-75.07349,-11.87256],[-75.07606,-11.8628],[-75.0897,-11.84401],[-75.09219,-11.83414],[-75.10451,-11.8327],[-75.11798,-11.83544],[-75.12208,-11.84295],[-75.12928,-11.84224],[-75.14398,-11.83263],[-75.15119,-11.82284],[-75.16054,-11.82066],[-75.1627,-11.81125],[-75.1724,-11.79766],[-75.18283,-11.79494],[-75.19872,-11.79471],[-75.21178,-11.79839],[-75.21408,-11.80372],[-75.22102,-11.8045],[-75.23459,-11.80566],[-75.2406,-11.80955],[-75.25071,-11.80994],[-75.26623,-11.8125],[-75.26976,-11.80028],[-75.26244,-11.79056],[-75.25124,-11.78756],[-75.23757,-11.78084],[-75.23379,-11.77475],[-75.23628,-11.7695],[-75.22899,-11.76446],[-75.21823,-11.76471],[-75.20726,-11.77181],[-75.19524,-11.77645],[-75.18693,-11.77612],[-75.19765,-11.76353],[-75.20025,-11.75064],[-75.19304,-11.7189],[-75.19229,-11.70763],[-75.20289,-11.69218],[-75.21079,-11.68933],[-75.21439,-11.67548],[-75.22026,-11.67174],[-75.2241,-11.66118],[-75.21231,-11.64967],[-75.21731,-11.63763],[-75.21156,-11.62486],[-75.19492,-11.62531],[-75.18442,-11.63484],[-75.17895,-11.64963],[-75.17235,-11.65728],[-75.16636,-11.64661],[-75.15709,-11.64698],[-75.15241,-11.65077],[-75.13784,-11.64856],[-75.13203,-11.65291],[-75.13032,-11.66142],[-75.12449,-11.66379],[-75.12026,-11.67262],[-75.1264,-11.6838],[-75.11537,-11.69032],[-75.10045,-11.69456],[-75.0841,-11.69679],[-75.08008,-11.69215],[-75.08105,-11.67767],[-75.08793,-11.65309],[-75.06511,-11.65277],[-75.05555,-11.64216],[-75.06247,-11.63745],[-75.07315,-11.6157],[-75.06525,-11.60436],[-75.06841,-11.59864],[-75.08053,-11.59593],[-75.09224,-11.58939],[-75.09381,-11.57393],[-75.10443,-11.5519],[-75.11651,-11.54153],[-75.1328,-11.52434],[-75.12801,-11.51475],[-75.1151,-11.51187],[-75.10417,-11.50476],[-75.09827,-11.49674],[-75.08697,-11.49672],[-75.08148,-11.49202],[-75.07294,-11.49295],[-75.06196,-11.48689],[-75.05947,-11.47587],[-75.05266,-11.47037],[-75.04725,-11.47427],[-75.03561,-11.47279],[-75.036,-11.46177],[-75.03278,-11.45505],[-75.02299,-11.45309],[-75.01233,-11.44633],[-75.01057,-11.44017],[-75.00056,-11.42701],[-74.99309,-11.43075],[-74.98577,-11.43975],[-74.97294,-11.43818],[-74.96549,-11.44339],[-74.96253,-11.45249],[-74.95703,-11.45454],[-74.95076,-11.46269],[-74.94212,-11.46326],[-74.93265,-11.46842],[-74.93212,-11.47385],[-74.91495,-11.48002],[-74.91598,-11.48822],[-74.92862,-11.49355],[-74.93666,-11.49969],[-74.94472,-11.4995],[-74.95414,-11.50395],[-74.94768,-11.51705],[-74.95567,-11.52624],[-74.96304,-11.52827],[-74.96268,-11.53649],[-74.96669,-11.5439],[-74.97496,-11.55076],[-74.97528,-11.5631],[-74.97095,-11.5711],[-74.95888,-11.57272],[-74.94148,-11.56487],[-74.94033,-11.55562],[-74.93268,-11.55589]]]}},{"type":"Feature","properties":{"ubigeo":"120207","nombre":"Heroínas Toledo"},"geometry":{"type":"Polygon","coordinates":[[[-75.31093,-11.8576],[-75.31234,-11.84979],[-75.30527,-11.83097],[-75.28965,-11.82289],[-75.28093,-11.81616],[-75.26623,-11.8125],[-75.25071,-11.80994],[-75.25255,-11.82274],[-75.26406,-11.83528],[-75.26382,-11.85134],[-75.27462,-11.86348],[-75.28425,-11.86719],[-75.29728,-11.86103],[-75.31093,-11.8576]]]}},{"type":"Feature","properties":{"ubigeo":"120208","nombre":"Manzanares"},"geometry":{"type":"Polygon","coordinates":[[[-75.33259,-12.00865],[-75.35539,-12.02777],[-75.36182,-12.02466],[-75.36304,-12.01405],[-75.36814,-12.01006],[-75.37957,-12.01322],[-75.39978,-11.97957],[-75.39944,-11.9727],[-75.39056,-11.98277],[-75.37881,-11.98066],[-75.36587,-11.99539],[-75.35449,-11.99151],[-75.35073,-11.98685],[-75.33259,-12.00865]]]}},{"type":"Feature","properties":{"ubigeo":"120209","nombre":"Mariscal Castilla"},"geometry":{"type":"Polygon","coordinates":[[[-75.08793,-11.65309],[-75.08739,-11.63349],[-75.1058,-11.62416],[-75.11484,-11.60846],[-75.11575,-11.59947],[-75.12288,-11.59354],[-75.12918,-11.59656],[-75.13888,-11.59281],[-75.13346,-11.5758],[-75.13777,-11.56722],[-75.13767,-11.55882],[-75.14581,-11.55568],[-75.14648,-11.53813],[-75.15168,-11.52874],[-75.1328,-11.52434],[-75.11651,-11.54153],[-75.10443,-11.5519],[-75.09381,-11.57393],[-75.09224,-11.58939],[-75.08053,-11.59593],[-75.06841,-11.59864],[-75.06525,-11.60436],[-75.07315,-11.6157],[-75.06247,-11.63745],[-75.05555,-11.64216],[-75.06511,-11.65277],[-75.08793,-11.65309]]]}},{"type":"Feature","properties":{"ubigeo":"120210","nombre":"Matahuasi"},"geometry":{"type":"Polygon","coordinates":[[[-75.32762,-11.88259],[-75.32798,-11.89515],[-75.34514,-11.90917],[-75.35786,-11.9003],[-75.36368,-11.8943],[-75.36788,-11.89656],[-75.38146,-11.88599],[-75.40099,-11.87424],[-75.37433,-11.86384],[-75.37068,-11.86808],[-75.33655,-11.85685],[-75.34063,-11.86766],[-75.33507,-11.87301],[-75.33158,-11.88294],[-75.32762,-11.88259]]]}},{"type":"Feature","properties":{"ubigeo":"120211","nombre":"Mito"},"geometry":{"type":"Polygon","coordinates":[[[-75.31278,-11.938],[-75.3209,-11.95039],[-75.33035,-11.95456],[-75.34816,-11.94718],[-75.35919,-11.94453],[-75.36455,-11.938],[-75.36659,-11.92889],[-75.3755,-11.9345],[-75.38617,-11.93475],[-75.39308,-11.92605],[-75.37448,-11.91128],[-75.36355,-11.90698],[-75.35786,-11.9003],[-75.34514,-11.90917],[-75.33383,-11.91813],[-75.3288,-11.92727],[-75.31957,-11.93664],[-75.31278,-11.938]]]}},{"type":"Feature","properties":{"ubigeo":"120212","nombre":"Nueve de Julio"},"geometry":{"type":"Polygon","coordinates":[[[-75.32798,-11.89515],[-75.32762,-11.88259],[-75.31557,-11.87654],[-75.29571,-11.88178],[-75.30543,-11.89605],[-75.31624,-11.9049],[-75.32103,-11.9046],[-75.32798,-11.89515]]]}},{"type":"Feature","properties":{"ubigeo":"120213","nombre":"Orcotuna"},"geometry":{"type":"Polygon","coordinates":[[[-75.2801,-11.97753],[-75.2792,-11.98052],[-75.29159,-11.98533],[-75.30396,-11.98534],[-75.31109,-12.00651],[-75.32507,-12.00933],[-75.33259,-12.00865],[-75.35073,-11.98685],[-75.35449,-11.99151],[-75.36587,-11.99539],[-75.37881,-11.98066],[-75.38099,-11.97358],[-75.37748,-11.97003],[-75.3708,-11.97682],[-75.36593,-11.97566],[-75.36526,-11.96399],[-75.36068,-11.96455],[-75.34816,-11.94718],[-75.33035,-11.95456],[-75.3209,-11.95039],[-75.31278,-11.938],[-75.29949,-11.95014],[-75.29266,-11.96551],[-75.28099,-11.97567],[-75.2801,-11.97753]]]}},{"type":"Feature","properties":{"ubigeo":"120214","nombre":"San José de Quero"},"geometry":{"type":"Polygon","coordinates":[[[-75.45992,-12.06672],[-75.45837,-12.07837],[-75.4691,-12.08227],[-75.4746,-12.09195],[-75.47432,-12.10007],[-75.48662,-12.11167],[-75.50777,-12.11976],[-75.51821,-12.12173],[-75.53239,-12.1457],[-75.52568,-12.16369],[-75.53243,-12.18202],[-75.53621,-12.18735],[-75.54669,-12.18346],[-75.5495,-12.17532],[-75.55543,-12.17416],[-75.5722,-12.15953],[-75.58293,-12.15517],[-75.58586,-12.14515],[-75.59926,-12.14652],[-75.62752,-12.14174],[-75.63039,-12.12806],[-75.63882,-12.12086],[-75.63454,-12.11501],[-75.65474,-12.10273],[-75.65938,-12.0939],[-75.67327,-12.0852],[-75.68822,-12.08213],[-75.68469,-12.07126],[-75.67673,-12.06636],[-75.67382,-12.05835],[-75.68523,-12.0522],[-75.6943,-12.04269],[-75.68307,-12.03598],[-75.68786,-12.0166],[-75.67563,-12.00825],[-75.65653,-12.00867],[-75.64653,-12.01687],[-75.63781,-12.02021],[-75.62276,-12.0223],[-75.61252,-12.01634],[-75.60979,-12.00751],[-75.58804,-12.00038],[-75.57975,-12.00202],[-75.57745,-12.01017],[-75.56322,-12.0161],[-75.55372,-12.02311],[-75.54336,-12.02726],[-75.53469,-12.02725],[-75.52334,-12.02208],[-75.50831,-12.00995],[-75.48951,-12.00746],[-75.47959,-11.99671],[-75.47305,-11.99625],[-75.47835,-12.00485],[-75.47539,-12.02085],[-75.47673,-12.02791],[-75.47032,-12.03907],[-75.46926,-12.05066],[-75.4637,-12.05511],[-75.45992,-12.06672]]]}},{"type":"Feature","properties":{"ubigeo":"120215","nombre":"Santa Rosa de Ocopa"},"geometry":{"type":"Polygon","coordinates":[[[-75.27462,-11.86348],[-75.2666,-11.87305],[-75.27777,-11.87657],[-75.28315,-11.8825],[-75.29222,-11.88622],[-75.29571,-11.88178],[-75.31557,-11.87654],[-75.32762,-11.88259],[-75.33158,-11.88294],[-75.33507,-11.87301],[-75.34063,-11.86766],[-75.33655,-11.85685],[-75.32982,-11.85863],[-75.31986,-11.85362],[-75.31093,-11.8576],[-75.29728,-11.86103],[-75.28425,-11.86719],[-75.27462,-11.86348]]]}},{"type":"Feature","properties":{"ubigeo":"120301","nombre":"Chanchamayo"},"geometry":{"type":"Polygon","coordinates":[[[-75.24524,-10.86025],[-75.23496,-10.85894],[-75.23394,-10.86687],[-75.22392,-10.87441],[-75.21151,-10.88698],[-75.19448,-10.8958],[-75.19431,-10.90521],[-75.20357,-10.90964],[-75.21071,-10.90461],[-75.21741,-10.89218],[-75.24205,-10.88392],[-75.25564,-10.88934],[-75.25447,-10.89891],[-75.25024,-10.90417],[-75.25159,-10.92204],[-75.23965,-10.92854],[-75.23363,-10.92793],[-75.24297,-10.94013],[-75.23505,-10.94366],[-75.23171,-10.95058],[-75.22662,-10.95057],[-75.23381,-10.96304],[-75.24778,-10.96116],[-75.25663,-10.96535],[-75.27075,-10.98019],[-75.2684,-10.98436],[-75.25864,-10.98615],[-75.2502,-10.99517],[-75.2377,-10.99694],[-75.22931,-11.00647],[-75.23589,-11.01415],[-75.23236,-11.01649],[-75.2352,-11.0308],[-75.23378,-11.03994],[-75.23803,-11.04607],[-75.23755,-11.05435],[-75.23347,-11.05592],[-75.2298,-11.06685],[-75.22184,-11.06921],[-75.22198,-11.07483],[-75.23146,-11.08298],[-75.22796,-11.10033],[-75.21732,-11.0961],[-75.21151,-11.09737],[-75.2065,-11.10474],[-75.18748,-11.11453],[-75.18868,-11.11722],[-75.17643,-11.12009],[-75.17147,-11.13176],[-75.16394,-11.13491],[-75.15894,-11.1419],[-75.14793,-11.13987],[-75.13936,-11.14909],[-75.12744,-11.15298],[-75.12842,-11.16102],[-75.11975,-11.16487],[-75.1128,-11.19882],[-75.11866,-11.21044],[-75.1223,-11.22854],[-75.12118,-11.23596],[-75.11228,-11.24863],[-75.09475,-11.25347],[-75.10962,-11.25795],[-75.10994,-11.26468],[-75.11916,-11.25859],[-75.12228,-11.24965],[-75.12921,-11.23891],[-75.1381,-11.23818],[-75.14359,-11.22329],[-75.14269,-11.21917],[-75.14963,-11.2118],[-75.16429,-11.20817],[-75.17017,-11.19927],[-75.1807,-11.19627],[-75.19758,-11.18803],[-75.20398,-11.17921],[-75.21209,-11.17466],[-75.22052,-11.17519],[-75.23332,-11.16913],[-75.24225,-11.16081],[-75.24503,-11.15233],[-75.24581,-11.1332],[-75.25064,-11.12407],[-75.24335,-11.10769],[-75.24486,-11.09869],[-75.25503,-11.09199],[-75.26333,-11.07587],[-75.28744,-11.07401],[-75.2925,-11.07982],[-75.30449,-11.07722],[-75.31675,-11.07911],[-75.32342,-11.07476],[-75.33628,-11.07763],[-75.34161,-11.07592],[-75.3473,-11.06539],[-75.35683,-11.06798],[-75.37493,-11.06634],[-75.37914,-11.06089],[-75.37896,-11.05053],[-75.39034,-11.04138],[-75.39522,-11.04249],[-75.39863,-11.0566],[-75.41382,-11.05994],[-75.4254,-11.06645],[-75.42751,-11.07146],[-75.44558,-11.07485],[-75.46618,-11.08124],[-75.4722,-11.09106],[-75.48006,-11.0901],[-75.48444,-11.09781],[-75.49361,-11.10124],[-75.50353,-11.0971],[-75.50832,-11.10491],[-75.52515,-11.12036],[-75.5275,-11.12627],[-75.5344,-11.12597],[-75.54703,-11.13528],[-75.5548,-11.1369],[-75.56284,-11.14371],[-75.57791,-11.14522],[-75.59168,-11.14238],[-75.60034,-11.13713],[-75.60884,-11.12626],[-75.62018,-11.10486],[-75.62771,-11.10424],[-75.64443,-11.11023],[-75.65643,-11.10579],[-75.65995,-11.10128],[-75.66896,-11.1008],[-75.65946,-11.0973],[-75.65517,-11.09196],[-75.64733,-11.08996],[-75.6233,-11.0769],[-75.61424,-11.07901],[-75.61029,-11.07404],[-75.60429,-11.07508],[-75.59612,-11.06288],[-75.58615,-11.05805],[-75.5844,-11.0514],[-75.57627,-11.0508],[-75.56361,-11.04576],[-75.563,-11.05041],[-75.55451,-11.05337],[-75.54095,-11.04674],[-75.53757,-11.05035],[-75.52777,-11.05006],[-75.52556,-11.04361],[-75.51537,-11.04342],[-75.50419,-11.02632],[-75.48193,-11.01616],[-75.46412,-11.02421],[-75.45996,-11.0179],[-75.4531,-11.01644],[-75.44525,-11.00766],[-75.45425,-11.00225],[-75.4502,-10.99023],[-75.44424,-10.98452],[-75.43765,-10.96517],[-75.42278,-10.95789],[-75.4235,-10.93689],[-75.43015,-10.93285],[-75.43138,-10.92349],[-75.4369,-10.91021],[-75.45335,-10.9003],[-75.44734,-10.88809],[-75.43764,-10.87981],[-75.43088,-10.87929],[-75.41827,-10.89035],[-75.41058,-10.87703],[-75.41072,-10.8617],[-75.39805,-10.85331],[-75.38573,-10.86494],[-75.37518,-10.87991],[-75.36904,-10.89592],[-75.36018,-10.90203],[-75.33929,-10.90462],[-75.3288,-10.91274],[-75.32476,-10.92308],[-75.30646,-10.91851],[-75.29115,-10.90904],[-75.28418,-10.91169],[-75.27899,-10.90431],[-75.28555,-10.89013],[-75.2836,-10.88389],[-75.27641,-10.88386],[-75.2758,-10.87169],[-75.26804,-10.86271],[-75.25067,-10.86493],[-75.24524,-10.86025]]]}},{"type":"Feature","properties":{"ubigeo":"120302","nombre":"Perene"},"geometry":{"type":"Polygon","coordinates":[[[-75.07589,-11.26758],[-75.09434,-11.26206],[-75.09475,-11.25347],[-75.11228,-11.24863],[-75.12118,-11.23596],[-75.1223,-11.22854],[-75.11866,-11.21044],[-75.1128,-11.19882],[-75.11975,-11.16487],[-75.12842,-11.16102],[-75.12744,-11.15298],[-75.13936,-11.14909],[-75.14793,-11.13987],[-75.15894,-11.1419],[-75.16394,-11.13491],[-75.17147,-11.13176],[-75.17643,-11.12009],[-75.18868,-11.11722],[-75.18748,-11.11453],[-75.2065,-11.10474],[-75.21151,-11.09737],[-75.21732,-11.0961],[-75.22796,-11.10033],[-75.23146,-11.08298],[-75.22198,-11.07483],[-75.22184,-11.06921],[-75.2298,-11.06685],[-75.23347,-11.05592],[-75.23755,-11.05435],[-75.23803,-11.04607],[-75.23378,-11.03994],[-75.2352,-11.0308],[-75.23236,-11.01649],[-75.23589,-11.01415],[-75.22931,-11.00647],[-75.2377,-10.99694],[-75.2502,-10.99517],[-75.25864,-10.98615],[-75.2684,-10.98436],[-75.27075,-10.98019],[-75.25663,-10.96535],[-75.24778,-10.96116],[-75.23381,-10.96304],[-75.22662,-10.95057],[-75.23171,-10.95058],[-75.23505,-10.94366],[-75.24297,-10.94013],[-75.23363,-10.92793],[-75.23965,-10.92854],[-75.25159,-10.92204],[-75.25024,-10.90417],[-75.25447,-10.89891],[-75.25564,-10.88934],[-75.24205,-10.88392],[-75.21741,-10.89218],[-75.21071,-10.90461],[-75.20357,-10.90964],[-75.19431,-10.90521],[-75.19448,-10.8958],[-75.21151,-10.88698],[-75.22392,-10.87441],[-75.23394,-10.86687],[-75.23496,-10.85894],[-75.24524,-10.86025],[-75.23674,-10.85092],[-75.22094,-10.84351],[-75.19823,-10.86117],[-75.18794,-10.87447],[-75.18266,-10.86204],[-75.16997,-10.85647],[-75.16667,-10.84468],[-75.16175,-10.83755],[-75.16214,-10.83119],[-75.1708,-10.81997],[-75.17365,-10.80341],[-75.17788,-10.79176],[-75.18867,-10.78531],[-75.18995,-10.7804],[-75.17665,-10.7499],[-75.16595,-10.75718],[-75.15729,-10.76008],[-75.14233,-10.74125],[-75.12701,-10.73823],[-75.10904,-10.72211],[-75.09773,-10.7084],[-75.09592,-10.70005],[-75.08783,-10.68868],[-75.08845,-10.68354],[-75.07974,-10.68327],[-75.07162,-10.67785],[-75.07432,-10.66581],[-75.06507,-10.65289],[-75.05444,-10.65708],[-75.03921,-10.67278],[-75.03564,-10.68232],[-75.02505,-10.68047],[-75.0207,-10.67369],[-75.01254,-10.67881],[-75.00731,-10.68739],[-75.00641,-10.69893],[-75.00878,-10.71062],[-75.0055,-10.72033],[-74.99533,-10.7256],[-74.98651,-10.73551],[-74.98784,-10.7438],[-74.98282,-10.74979],[-74.96722,-10.74849],[-74.9529,-10.75246],[-74.95104,-10.75724],[-74.93869,-10.76595],[-74.9239,-10.76764],[-74.91684,-10.77233],[-74.91397,-10.78254],[-74.90344,-10.80381],[-74.90151,-10.81556],[-74.89481,-10.82933],[-74.89317,-10.84295],[-74.90764,-10.86953],[-74.91346,-10.86989],[-74.92194,-10.87908],[-74.91865,-10.8865],[-74.90953,-10.88698],[-74.88505,-10.89771],[-74.87925,-10.90838],[-74.86876,-10.91842],[-74.89114,-10.93565],[-74.90189,-10.93923],[-74.90577,-10.94509],[-74.91155,-10.94431],[-74.91287,-10.95029],[-74.92129,-10.9581],[-74.92928,-10.95556],[-74.93326,-10.96338],[-74.94872,-10.96838],[-74.94971,-10.97413],[-74.9625,-10.9776],[-74.96086,-10.98321],[-74.96977,-10.98853],[-74.97135,-10.99602],[-74.97708,-10.99399],[-74.98591,-10.99875],[-74.99379,-11.02124],[-74.99019,-11.03328],[-74.99503,-11.03921],[-74.99394,-11.04717],[-75.00301,-11.04621],[-75.00279,-11.05386],[-75.00924,-11.05436],[-75.00096,-11.0616],[-75.00268,-11.0724],[-74.99944,-11.07814],[-75.00483,-11.09176],[-75.00334,-11.09521],[-74.99056,-11.10088],[-74.99989,-11.11317],[-75.01581,-11.12153],[-75.01535,-11.12762],[-75.02033,-11.1364],[-75.01428,-11.14283],[-75.02775,-11.16333],[-75.02713,-11.16747],[-75.03489,-11.17778],[-75.03047,-11.18432],[-75.03435,-11.18703],[-75.03552,-11.19648],[-75.04193,-11.20966],[-75.04149,-11.21369],[-75.05211,-11.23459],[-75.05022,-11.25106],[-75.05436,-11.25675],[-75.07589,-11.26758]]]}},{"type":"Feature","properties":{"ubigeo":"120303","nombre":"Pichanaqui"},"geometry":{"type":"Polygon","coordinates":[[[-74.62258,-10.97635],[-74.62829,-10.98562],[-74.64353,-11.00005],[-74.64742,-11.00905],[-74.65748,-11.00814],[-74.66222,-11.0109],[-74.6716,-11.00858],[-74.68603,-11.01016],[-74.69243,-11.01629],[-74.7144,-11.01567],[-74.71902,-11.02037],[-74.72964,-11.01723],[-74.73391,-11.01186],[-74.74571,-11.01075],[-74.75014,-11.01651],[-74.75219,-11.0356],[-74.74893,-11.04442],[-74.74623,-11.06988],[-74.76301,-11.07239],[-74.76664,-11.08448],[-74.77961,-11.08875],[-74.77843,-11.09236],[-74.78545,-11.10165],[-74.78944,-11.09794],[-74.79306,-11.10296],[-74.80009,-11.10282],[-74.81042,-11.10794],[-74.82528,-11.12714],[-74.82898,-11.12409],[-74.83991,-11.13093],[-74.84332,-11.12569],[-74.84849,-11.13634],[-74.85461,-11.13938],[-74.85588,-11.14838],[-74.85967,-11.14381],[-74.86819,-11.15465],[-74.87694,-11.15567],[-74.87717,-11.16124],[-74.88318,-11.16475],[-74.89928,-11.16854],[-74.89063,-11.17859],[-74.89182,-11.19007],[-74.90193,-11.1865],[-74.906,-11.1886],[-74.90294,-11.1999],[-74.91105,-11.21308],[-74.91027,-11.22243],[-74.90057,-11.23792],[-74.89083,-11.23401],[-74.88842,-11.24119],[-74.89479,-11.246],[-74.89162,-11.25365],[-74.89012,-11.26974],[-74.91505,-11.27577],[-74.92812,-11.28846],[-74.93679,-11.29191],[-74.96824,-11.3003],[-74.97975,-11.30081],[-74.99219,-11.29697],[-75.01594,-11.29598],[-75.02374,-11.30078],[-75.03777,-11.30413],[-75.04416,-11.29759],[-75.04973,-11.29237],[-75.05714,-11.2937],[-75.06639,-11.29032],[-75.07433,-11.28023],[-75.0809,-11.2778],[-75.07589,-11.26758],[-75.05436,-11.25675],[-75.05022,-11.25106],[-75.05211,-11.23459],[-75.04149,-11.21369],[-75.04193,-11.20966],[-75.03552,-11.19648],[-75.03435,-11.18703],[-75.03047,-11.18432],[-75.03489,-11.17778],[-75.02713,-11.16747],[-75.02775,-11.16333],[-75.01428,-11.14283],[-75.02033,-11.1364],[-75.01535,-11.12762],[-75.01581,-11.12153],[-74.99989,-11.11317],[-74.99056,-11.10088],[-75.00334,-11.09521],[-75.00483,-11.09176],[-74.99944,-11.07814],[-75.00268,-11.0724],[-75.00096,-11.0616],[-75.00924,-11.05436],[-75.00279,-11.05386],[-75.00301,-11.04621],[-74.99394,-11.04717],[-74.99503,-11.03921],[-74.99019,-11.03328],[-74.99379,-11.02124],[-74.98591,-10.99875],[-74.97708,-10.99399],[-74.97135,-10.99602],[-74.96977,-10.98853],[-74.96086,-10.98321],[-74.9625,-10.9776],[-74.94971,-10.97413],[-74.94872,-10.96838],[-74.93326,-10.96338],[-74.92928,-10.95556],[-74.92129,-10.9581],[-74.91287,-10.95029],[-74.91155,-10.94431],[-74.90577,-10.94509],[-74.90189,-10.93923],[-74.89114,-10.93565],[-74.86876,-10.91842],[-74.87925,-10.90838],[-74.88505,-10.89771],[-74.90953,-10.88698],[-74.91865,-10.8865],[-74.92194,-10.87908],[-74.91346,-10.86989],[-74.90764,-10.86953],[-74.89317,-10.84295],[-74.89481,-10.82933],[-74.90151,-10.81556],[-74.90344,-10.80381],[-74.91397,-10.78254],[-74.91684,-10.77233],[-74.9239,-10.76764],[-74.93869,-10.76595],[-74.95104,-10.75724],[-74.9529,-10.75246],[-74.96722,-10.74849],[-74.98282,-10.74979],[-74.96063,-10.739],[-74.95648,-10.73282],[-74.93932,-10.74884],[-74.91736,-10.75457],[-74.91452,-10.7483],[-74.90306,-10.75742],[-74.89331,-10.76917],[-74.88524,-10.7706],[-74.88202,-10.76393],[-74.87079,-10.76248],[-74.86594,-10.75897],[-74.87068,-10.73905],[-74.87622,-10.72732],[-74.88702,-10.71245],[-74.88232,-10.70185],[-74.86971,-10.70767],[-74.85114,-10.73297],[-74.8365,-10.7713],[-74.83131,-10.78054],[-74.80574,-10.81717],[-74.7918,-10.83116],[-74.77613,-10.82665],[-74.76816,-10.83048],[-74.76036,-10.82514],[-74.74061,-10.83618],[-74.73171,-10.83493],[-74.72213,-10.84788],[-74.70795,-10.85816],[-74.70017,-10.87789],[-74.70172,-10.88125],[-74.6954,-10.89456],[-74.70202,-10.915],[-74.69375,-10.93307],[-74.69663,-10.94285],[-74.69452,-10.94815],[-74.69875,-10.95655],[-74.67811,-10.95136],[-74.67088,-10.95804],[-74.66124,-10.95283],[-74.64318,-10.95743],[-74.62776,-10.96511],[-74.62258,-10.97635]]]}},{"type":"Feature","properties":{"ubigeo":"120304","nombre":"San Luis de Shuaro"},"geometry":{"type":"Polygon","coordinates":[[[-75.24524,-10.86025],[-75.25067,-10.86493],[-75.26804,-10.86271],[-75.2758,-10.87169],[-75.27641,-10.88386],[-75.2836,-10.88389],[-75.28555,-10.89013],[-75.27899,-10.90431],[-75.28418,-10.91169],[-75.29115,-10.90904],[-75.30646,-10.91851],[-75.32476,-10.92308],[-75.3288,-10.91274],[-75.33929,-10.90462],[-75.36018,-10.90203],[-75.36904,-10.89592],[-75.37518,-10.87991],[-75.38573,-10.86494],[-75.37897,-10.85612],[-75.36274,-10.85011],[-75.35648,-10.8368],[-75.35526,-10.82027],[-75.36188,-10.81917],[-75.3534,-10.80411],[-75.34542,-10.79949],[-75.33879,-10.80066],[-75.32647,-10.81936],[-75.31047,-10.82775],[-75.30427,-10.83824],[-75.28837,-10.84206],[-75.26236,-10.82529],[-75.25752,-10.80991],[-75.24747,-10.80196],[-75.24347,-10.79056],[-75.24533,-10.77552],[-75.24419,-10.76416],[-75.22973,-10.75943],[-75.22052,-10.76382],[-75.20418,-10.76468],[-75.18995,-10.7804],[-75.18867,-10.78531],[-75.17788,-10.79176],[-75.17365,-10.80341],[-75.1708,-10.81997],[-75.16214,-10.83119],[-75.16175,-10.83755],[-75.16667,-10.84468],[-75.16997,-10.85647],[-75.18266,-10.86204],[-75.18794,-10.87447],[-75.19823,-10.86117],[-75.22094,-10.84351],[-75.23674,-10.85092],[-75.24524,-10.86025]]]}},{"type":"Feature","properties":{"ubigeo":"120305","nombre":"San Ramón"},"geometry":{"type":"Polygon","coordinates":[[[-75.43479,-11.25821],[-75.50618,-11.2244],[-75.57931,-11.22873],[-75.58636,-11.22225],[-75.58304,-11.21369],[-75.58611,-11.21204],[-75.58837,-11.17713],[-75.58394,-11.1679],[-75.59052,-11.16481],[-75.60221,-11.17249],[-75.61511,-11.15705],[-75.62296,-11.15582],[-75.63768,-11.1642],[-75.64289,-11.14498],[-75.65152,-11.13253],[-75.65563,-11.13201],[-75.65583,-11.12135],[-75.66965,-11.11531],[-75.66896,-11.1008],[-75.65995,-11.10128],[-75.65643,-11.10579],[-75.64443,-11.11023],[-75.62771,-11.10424],[-75.62018,-11.10486],[-75.60884,-11.12626],[-75.60034,-11.13713],[-75.59168,-11.14238],[-75.57791,-11.14522],[-75.56284,-11.14371],[-75.5548,-11.1369],[-75.54703,-11.13528],[-75.5344,-11.12597],[-75.5275,-11.12627],[-75.52515,-11.12036],[-75.50832,-11.10491],[-75.50353,-11.0971],[-75.49361,-11.10124],[-75.48444,-11.09781],[-75.48006,-11.0901],[-75.4722,-11.09106],[-75.46618,-11.08124],[-75.44558,-11.07485],[-75.42751,-11.07146],[-75.4254,-11.06645],[-75.41382,-11.05994],[-75.39863,-11.0566],[-75.39522,-11.04249],[-75.39034,-11.04138],[-75.37896,-11.05053],[-75.37914,-11.06089],[-75.37493,-11.06634],[-75.35683,-11.06798],[-75.3473,-11.06539],[-75.34161,-11.07592],[-75.33628,-11.07763],[-75.32342,-11.07476],[-75.31675,-11.07911],[-75.30449,-11.07722],[-75.2925,-11.07982],[-75.28744,-11.07401],[-75.26333,-11.07587],[-75.25503,-11.09199],[-75.24486,-11.09869],[-75.24335,-11.10769],[-75.25064,-11.12407],[-75.24581,-11.1332],[-75.24503,-11.15233],[-75.24225,-11.16081],[-75.23332,-11.16913],[-75.22052,-11.17519],[-75.21209,-11.17466],[-75.20398,-11.17921],[-75.19758,-11.18803],[-75.1807,-11.19627],[-75.17017,-11.19927],[-75.16429,-11.20817],[-75.14963,-11.2118],[-75.14269,-11.21917],[-75.14359,-11.22329],[-75.1381,-11.23818],[-75.12921,-11.23891],[-75.12228,-11.24965],[-75.13185,-11.2534],[-75.13656,-11.26115],[-75.14491,-11.26137],[-75.14795,-11.2682],[-75.15986,-11.26844],[-75.17949,-11.24116],[-75.1863,-11.23465],[-75.19388,-11.21586],[-75.21024,-11.21481],[-75.21548,-11.21181],[-75.23384,-11.20802],[-75.23779,-11.21017],[-75.25647,-11.20403],[-75.28523,-11.18703],[-75.28479,-11.1812],[-75.29353,-11.17674],[-75.30598,-11.175],[-75.31464,-11.18422],[-75.33091,-11.18502],[-75.33727,-11.18183],[-75.33568,-11.17338],[-75.34933,-11.17121],[-75.35945,-11.19199],[-75.3705,-11.19493],[-75.37106,-11.20138],[-75.37631,-11.20441],[-75.37966,-11.21999],[-75.39067,-11.2209],[-75.40447,-11.22738],[-75.41181,-11.23839],[-75.41244,-11.24681],[-75.42169,-11.25679],[-75.43479,-11.25821]]]}},{"type":"Feature","properties":{"ubigeo":"120306","nombre":"Vitoc"},"geometry":{"type":"Polygon","coordinates":[[[-75.09475,-11.25347],[-75.09434,-11.26206],[-75.07589,-11.26758],[-75.0809,-11.2778],[-75.07433,-11.28023],[-75.06639,-11.29032],[-75.05714,-11.2937],[-75.04973,-11.29237],[-75.04416,-11.29759],[-75.05047,-11.30696],[-75.04349,-11.32047],[-75.0395,-11.31945],[-75.03332,-11.32903],[-75.03507,-11.33582],[-75.02785,-11.33767],[-75.02472,-11.34438],[-75.0284,-11.35023],[-75.30659,-11.30085],[-75.35825,-11.28501],[-75.43479,-11.25821],[-75.42169,-11.25679],[-75.41244,-11.24681],[-75.41181,-11.23839],[-75.40447,-11.22738],[-75.39067,-11.2209],[-75.37966,-11.21999],[-75.37631,-11.20441],[-75.37106,-11.20138],[-75.3705,-11.19493],[-75.35945,-11.19199],[-75.34933,-11.17121],[-75.33568,-11.17338],[-75.33727,-11.18183],[-75.33091,-11.18502],[-75.31464,-11.18422],[-75.30598,-11.175],[-75.29353,-11.17674],[-75.28479,-11.1812],[-75.28523,-11.18703],[-75.25647,-11.20403],[-75.23779,-11.21017],[-75.23384,-11.20802],[-75.21548,-11.21181],[-75.21024,-11.21481],[-75.19388,-11.21586],[-75.1863,-11.23465],[-75.17949,-11.24116],[-75.15986,-11.26844],[-75.14795,-11.2682],[-75.14491,-11.26137],[-75.13656,-11.26115],[-75.13185,-11.2534],[-75.12228,-11.24965],[-75.11916,-11.25859],[-75.10994,-11.26468],[-75.10962,-11.25795],[-75.09475,-11.25347]]]}},{"type":"Feature","properties":{"ubigeo":"120401","nombre":"Jauja"},"geometry":{"type":"Polygon","coordinates":[[[-75.45821,-11.78762],[-75.46342,-11.79215],[-75.48258,-11.7841],[-75.49249,-11.7853],[-75.50138,-11.77502],[-75.51504,-11.77427],[-75.51719,-11.7688],[-75.51279,-11.76008],[-75.50141,-11.76032],[-75.49331,-11.75755],[-75.48542,-11.76738],[-75.48216,-11.77544],[-75.47071,-11.7814],[-75.46147,-11.78158],[-75.45821,-11.78762]]]}},{"type":"Feature","properties":{"ubigeo":"120402","nombre":"Acolla"},"geometry":{"type":"Polygon","coordinates":[[[-75.52043,-11.61866],[-75.52634,-11.63058],[-75.52488,-11.63525],[-75.53848,-11.63903],[-75.54669,-11.63462],[-75.55451,-11.63874],[-75.56634,-11.63559],[-75.56557,-11.64612],[-75.55766,-11.64719],[-75.5541,-11.6642],[-75.54489,-11.67092],[-75.55011,-11.67435],[-75.53912,-11.68461],[-75.54007,-11.6896],[-75.53299,-11.69771],[-75.5324,-11.70527],[-75.52654,-11.7209],[-75.52113,-11.72855],[-75.51975,-11.74191],[-75.51535,-11.74351],[-75.52232,-11.75359],[-75.51279,-11.76008],[-75.51719,-11.7688],[-75.51504,-11.77427],[-75.51872,-11.77739],[-75.53696,-11.7796],[-75.54366,-11.75199],[-75.55922,-11.73085],[-75.55606,-11.72404],[-75.56043,-11.70947],[-75.56998,-11.71358],[-75.57869,-11.71322],[-75.59014,-11.70038],[-75.58762,-11.69397],[-75.59038,-11.6795],[-75.60288,-11.67748],[-75.60623,-11.67436],[-75.60984,-11.65007],[-75.6139,-11.64786],[-75.61335,-11.63332],[-75.61741,-11.61857],[-75.62158,-11.61163],[-75.61611,-11.59862],[-75.62279,-11.58863],[-75.6134,-11.58248],[-75.60373,-11.58356],[-75.60079,-11.57763],[-75.58944,-11.58448],[-75.58062,-11.59586],[-75.57624,-11.58163],[-75.56549,-11.59109],[-75.55718,-11.59509],[-75.5556,-11.60103],[-75.5491,-11.59829],[-75.53724,-11.6122],[-75.53001,-11.61229],[-75.52043,-11.61866]]]}},{"type":"Feature","properties":{"ubigeo":"120403","nombre":"Apata"},"geometry":{"type":"Polygon","coordinates":[[[-75.26623,-11.8125],[-75.28093,-11.81616],[-75.28965,-11.82289],[-75.30527,-11.83097],[-75.31234,-11.84979],[-75.31093,-11.8576],[-75.31986,-11.85362],[-75.32982,-11.85863],[-75.33655,-11.85685],[-75.37068,-11.86808],[-75.37433,-11.86384],[-75.3733,-11.8503],[-75.36062,-11.84312],[-75.36583,-11.83371],[-75.36385,-11.82429],[-75.35679,-11.81553],[-75.34874,-11.82106],[-75.34312,-11.82076],[-75.33097,-11.81097],[-75.32908,-11.80167],[-75.3357,-11.77468],[-75.32846,-11.76583],[-75.34085,-11.76836],[-75.35657,-11.76131],[-75.35877,-11.74857],[-75.36478,-11.74392],[-75.37447,-11.74233],[-75.3792,-11.73662],[-75.38638,-11.73497],[-75.37481,-11.72118],[-75.35963,-11.71295],[-75.35267,-11.71476],[-75.33233,-11.7034],[-75.3328,-11.69194],[-75.32628,-11.68666],[-75.33061,-11.6793],[-75.32479,-11.66964],[-75.32588,-11.66099],[-75.32308,-11.65394],[-75.30805,-11.63971],[-75.29165,-11.63413],[-75.28153,-11.62156],[-75.27114,-11.61805],[-75.27005,-11.61385],[-75.28283,-11.60503],[-75.28632,-11.59608],[-75.28168,-11.58679],[-75.27695,-11.58444],[-75.27675,-11.57285],[-75.28371,-11.55824],[-75.27586,-11.53945],[-75.27525,-11.5333],[-75.26374,-11.52388],[-75.25752,-11.51446],[-75.2541,-11.49618],[-75.25077,-11.49141],[-75.25134,-11.48022],[-75.25554,-11.47099],[-75.26544,-11.46799],[-75.25984,-11.46395],[-75.25631,-11.45218],[-75.25839,-11.44276],[-75.25742,-11.43497],[-75.2479,-11.44609],[-75.23369,-11.44594],[-75.22913,-11.44896],[-75.22698,-11.46003],[-75.21927,-11.4654],[-75.21446,-11.48428],[-75.20889,-11.48672],[-75.20292,-11.49644],[-75.1939,-11.50542],[-75.19552,-11.52327],[-75.19233,-11.52785],[-75.20841,-11.53208],[-75.21771,-11.54211],[-75.22602,-11.55567],[-75.2213,-11.56611],[-75.22395,-11.58366],[-75.22891,-11.58678],[-75.22882,-11.59374],[-75.23356,-11.60514],[-75.23099,-11.6151],[-75.21853,-11.61802],[-75.21156,-11.62486],[-75.21731,-11.63763],[-75.21231,-11.64967],[-75.2241,-11.66118],[-75.22026,-11.67174],[-75.21439,-11.67548],[-75.21079,-11.68933],[-75.20289,-11.69218],[-75.19229,-11.70763],[-75.19304,-11.7189],[-75.20025,-11.75064],[-75.19765,-11.76353],[-75.18693,-11.77612],[-75.19524,-11.77645],[-75.20726,-11.77181],[-75.21823,-11.76471],[-75.22899,-11.76446],[-75.23628,-11.7695],[-75.23379,-11.77475],[-75.23757,-11.78084],[-75.25124,-11.78756],[-75.26244,-11.79056],[-75.26976,-11.80028],[-75.26623,-11.8125]]]}},{"type":"Feature","properties":{"ubigeo":"120404","nombre":"Ataura"},"geometry":{"type":"Polygon","coordinates":[[[-75.43541,-11.81331],[-75.44065,-11.80507],[-75.4587,-11.79745],[-75.46649,-11.7976],[-75.46342,-11.79215],[-75.45821,-11.78762],[-75.45098,-11.78084],[-75.4313,-11.7978],[-75.43541,-11.81331]]]}},{"type":"Feature","properties":{"ubigeo":"120405","nombre":"Canchayllo"},"geometry":{"type":"Polygon","coordinates":[[[-75.64076,-11.88984],[-75.64171,-11.89936],[-75.62763,-11.9181],[-75.62739,-11.92556],[-75.61908,-11.93458],[-75.61884,-11.95368],[-75.61559,-11.95654],[-75.59813,-11.96024],[-75.59573,-11.96769],[-75.59058,-11.96842],[-75.57975,-12.00202],[-75.58804,-12.00038],[-75.60979,-12.00751],[-75.61252,-12.01634],[-75.62276,-12.0223],[-75.63781,-12.02021],[-75.64653,-12.01687],[-75.65653,-12.00867],[-75.67563,-12.00825],[-75.68786,-12.0166],[-75.68307,-12.03598],[-75.6943,-12.04269],[-75.70109,-12.04816],[-75.71673,-12.04652],[-75.74218,-12.03668],[-75.74305,-12.04684],[-75.75203,-12.05538],[-75.76566,-12.05963],[-75.7765,-12.05181],[-75.7866,-12.03938],[-75.79959,-12.03461],[-75.81455,-12.02073],[-75.81894,-12.01374],[-75.82407,-12.01569],[-75.82849,-12.02443],[-75.83401,-12.02432],[-75.84255,-12.00645],[-75.85276,-12.00819],[-75.86823,-12.00056],[-75.87444,-12.00035],[-75.88429,-11.99363],[-75.89695,-11.99314],[-75.90156,-11.99786],[-75.90744,-11.99641],[-75.91063,-11.98933],[-75.92599,-11.98429],[-75.9477,-11.99435],[-75.95068,-11.98826],[-75.95919,-11.98522],[-75.96448,-11.98887],[-75.97531,-11.98394],[-75.99318,-11.99468],[-76.00071,-11.98508],[-76.01425,-11.98433],[-76.01962,-11.97596],[-76.03873,-11.96282],[-76.04125,-11.95576],[-76.05259,-11.94824],[-76.05186,-11.93896],[-76.04062,-11.93595],[-76.03378,-11.92918],[-76.02661,-11.91275],[-76.02962,-11.90735],[-76.02433,-11.89763],[-76.01566,-11.90404],[-76.00992,-11.90006],[-75.99348,-11.89963],[-75.97872,-11.89134],[-75.97438,-11.88344],[-75.95815,-11.87653],[-75.95575,-11.87049],[-75.93554,-11.86961],[-75.93338,-11.87316],[-75.9211,-11.87647],[-75.90665,-11.87364],[-75.90211,-11.86918],[-75.90444,-11.86041],[-75.89559,-11.84492],[-75.90147,-11.82379],[-75.89634,-11.81428],[-75.89831,-11.80326],[-75.89185,-11.79757],[-75.89314,-11.78363],[-75.87367,-11.77023],[-75.85504,-11.76759],[-75.83226,-11.76985],[-75.82217,-11.78368],[-75.81496,-11.78964],[-75.79782,-11.79024],[-75.78787,-11.78477],[-75.78288,-11.77844],[-75.76776,-11.77438],[-75.75465,-11.77475],[-75.74103,-11.74856],[-75.7345,-11.74678],[-75.72343,-11.75357],[-75.7162,-11.76465],[-75.70784,-11.77034],[-75.70917,-11.7777],[-75.69866,-11.79021],[-75.69979,-11.80231],[-75.68775,-11.81775],[-75.68929,-11.82968],[-75.68579,-11.84302],[-75.66638,-11.85441],[-75.65473,-11.85506],[-75.64928,-11.86956],[-75.64897,-11.87968],[-75.64092,-11.88317],[-75.64076,-11.88984]]]}},{"type":"Feature","properties":{"ubigeo":"120406","nombre":"Curicaca"},"geometry":{"type":"Polygon","coordinates":[[[-75.58957,-11.79561],[-75.59418,-11.79981],[-75.60027,-11.81411],[-75.60921,-11.81297],[-75.61487,-11.81766],[-75.62343,-11.81321],[-75.62962,-11.81579],[-75.63872,-11.80852],[-75.64977,-11.80482],[-75.6711,-11.78817],[-75.68305,-11.78831],[-75.68911,-11.79149],[-75.69343,-11.78149],[-75.70584,-11.77508],[-75.70784,-11.77034],[-75.7162,-11.76465],[-75.72343,-11.75357],[-75.7345,-11.74678],[-75.71354,-11.72299],[-75.70028,-11.713],[-75.69738,-11.71795],[-75.68102,-11.72718],[-75.66809,-11.74169],[-75.65693,-11.75178],[-75.63932,-11.77942],[-75.62362,-11.79232],[-75.60588,-11.78524],[-75.58957,-11.79561]]]}},{"type":"Feature","properties":{"ubigeo":"120407","nombre":"El Mantaro"},"geometry":{"type":"Polygon","coordinates":[[[-75.41682,-11.83795],[-75.42308,-11.83023],[-75.40603,-11.81701],[-75.40602,-11.8048],[-75.39484,-11.79828],[-75.38279,-11.79805],[-75.36848,-11.80162],[-75.35408,-11.79189],[-75.36409,-11.80494],[-75.36665,-11.8139],[-75.37317,-11.81677],[-75.38142,-11.83041],[-75.38881,-11.83494],[-75.41233,-11.84098],[-75.41682,-11.83795]]]}},{"type":"Feature","properties":{"ubigeo":"120408","nombre":"Huamali"},"geometry":{"type":"Polygon","coordinates":[[[-75.42308,-11.83023],[-75.43215,-11.81509],[-75.43541,-11.81331],[-75.4313,-11.7978],[-75.41012,-11.79608],[-75.40001,-11.78689],[-75.40433,-11.76803],[-75.40184,-11.75854],[-75.4029,-11.74973],[-75.3958,-11.75001],[-75.39774,-11.75952],[-75.37915,-11.75399],[-75.37313,-11.75442],[-75.37373,-11.76411],[-75.38349,-11.77999],[-75.39206,-11.78579],[-75.39484,-11.79828],[-75.40602,-11.8048],[-75.40603,-11.81701],[-75.42308,-11.83023]]]}},{"type":"Feature","properties":{"ubigeo":"120409","nombre":"Huaripampa"},"geometry":{"type":"Polygon","coordinates":[[[-75.4587,-11.79745],[-75.47076,-11.82205],[-75.4772,-11.8419],[-75.47686,-11.8517],[-75.48192,-11.85594],[-75.4947,-11.83858],[-75.49879,-11.82998],[-75.49727,-11.8245],[-75.48864,-11.81952],[-75.49427,-11.81625],[-75.49388,-11.80675],[-75.48759,-11.80192],[-75.47271,-11.79634],[-75.46649,-11.7976],[-75.4587,-11.79745]]]}},{"type":"Feature","properties":{"ubigeo":"120410","nombre":"Huertas"},"geometry":{"type":"Polygon","coordinates":[[[-75.45096,-11.77038],[-75.45098,-11.78084],[-75.45821,-11.78762],[-75.46147,-11.78158],[-75.47071,-11.7814],[-75.48216,-11.77544],[-75.48542,-11.76738],[-75.48071,-11.75225],[-75.47036,-11.74728],[-75.45138,-11.74389],[-75.44782,-11.7463],[-75.45954,-11.76395],[-75.45096,-11.77038]]]}},{"type":"Feature","properties":{"ubigeo":"120411","nombre":"Janjaillo"},"geometry":{"type":"Polygon","coordinates":[[[-75.60605,-11.74029],[-75.60298,-11.75592],[-75.59535,-11.75736],[-75.58328,-11.77832],[-75.57622,-11.78272],[-75.58109,-11.79043],[-75.58957,-11.79561],[-75.60588,-11.78524],[-75.62362,-11.79232],[-75.63932,-11.77942],[-75.65693,-11.75178],[-75.66809,-11.74169],[-75.65157,-11.74185],[-75.6409,-11.74685],[-75.63144,-11.74608],[-75.61572,-11.73589],[-75.60488,-11.73692],[-75.60605,-11.74029]]]}},{"type":"Feature","properties":{"ubigeo":"120412","nombre":"Julcán"},"geometry":{"type":"Polygon","coordinates":[[[-75.4029,-11.74973],[-75.40529,-11.75736],[-75.41776,-11.76531],[-75.4249,-11.77241],[-75.43567,-11.77576],[-75.45096,-11.77038],[-75.45954,-11.76395],[-75.44782,-11.7463],[-75.44523,-11.74204],[-75.43212,-11.74088],[-75.42374,-11.73511],[-75.41141,-11.73218],[-75.40219,-11.73488],[-75.4029,-11.74973]]]}},{"type":"Feature","properties":{"ubigeo":"120413","nombre":"Leonor Ordóñez"},"geometry":{"type":"Polygon","coordinates":[[[-75.40099,-11.87424],[-75.42502,-11.88939],[-75.43507,-11.88668],[-75.44522,-11.87886],[-75.45114,-11.88426],[-75.46345,-11.88907],[-75.4696,-11.88394],[-75.46526,-11.87431],[-75.45617,-11.86241],[-75.44864,-11.86561],[-75.44251,-11.86179],[-75.42823,-11.84836],[-75.42241,-11.84683],[-75.41682,-11.83795],[-75.41233,-11.84098],[-75.41188,-11.849],[-75.40099,-11.87424]]]}},{"type":"Feature","properties":{"ubigeo":"120414","nombre":"Llocllapampa"},"geometry":{"type":"Polygon","coordinates":[[[-75.57622,-11.78272],[-75.56156,-11.80077],[-75.57274,-11.81465],[-75.56901,-11.82297],[-75.55487,-11.83656],[-75.54736,-11.84624],[-75.54587,-11.85375],[-75.5511,-11.85873],[-75.5669,-11.86177],[-75.57425,-11.85993],[-75.59898,-11.86967],[-75.60818,-11.88424],[-75.61475,-11.89033],[-75.63268,-11.88805],[-75.64076,-11.88984],[-75.64092,-11.88317],[-75.64897,-11.87968],[-75.64928,-11.86956],[-75.65473,-11.85506],[-75.66638,-11.85441],[-75.68579,-11.84302],[-75.68929,-11.82968],[-75.68775,-11.81775],[-75.69979,-11.80231],[-75.69866,-11.79021],[-75.70917,-11.7777],[-75.70784,-11.77034],[-75.70584,-11.77508],[-75.69343,-11.78149],[-75.68911,-11.79149],[-75.68305,-11.78831],[-75.6711,-11.78817],[-75.64977,-11.80482],[-75.63872,-11.80852],[-75.62962,-11.81579],[-75.62343,-11.81321],[-75.61487,-11.81766],[-75.60921,-11.81297],[-75.60027,-11.81411],[-75.59418,-11.79981],[-75.58957,-11.79561],[-75.58109,-11.79043],[-75.57622,-11.78272]]]}},{"type":"Feature","properties":{"ubigeo":"120415","nombre":"Marco"},"geometry":{"type":"Polygon","coordinates":[[[-75.5486,-11.79122],[-75.56055,-11.78223],[-75.57622,-11.78272],[-75.58328,-11.77832],[-75.59535,-11.75736],[-75.60298,-11.75592],[-75.60605,-11.74029],[-75.59038,-11.74114],[-75.57949,-11.74513],[-75.56866,-11.73395],[-75.55922,-11.73085],[-75.54366,-11.75199],[-75.53696,-11.7796],[-75.5486,-11.79122]]]}},{"type":"Feature","properties":{"ubigeo":"120416","nombre":"Masma"},"geometry":{"type":"Polygon","coordinates":[[[-75.45098,-11.78084],[-75.45096,-11.77038],[-75.43567,-11.77576],[-75.4249,-11.77241],[-75.41776,-11.76531],[-75.40529,-11.75736],[-75.4029,-11.74973],[-75.40184,-11.75854],[-75.40433,-11.76803],[-75.40001,-11.78689],[-75.41012,-11.79608],[-75.4313,-11.7978],[-75.45098,-11.78084]]]}},{"type":"Feature","properties":{"ubigeo":"120417","nombre":"Masma Chicche"},"geometry":{"type":"Polygon","coordinates":[[[-75.33097,-11.81097],[-75.33262,-11.80827],[-75.34879,-11.80874],[-75.35408,-11.79189],[-75.36848,-11.80162],[-75.38279,-11.79805],[-75.39484,-11.79828],[-75.39206,-11.78579],[-75.38349,-11.77999],[-75.37373,-11.76411],[-75.37313,-11.75442],[-75.37915,-11.75399],[-75.39774,-11.75952],[-75.3958,-11.75001],[-75.4029,-11.74973],[-75.40219,-11.73488],[-75.39654,-11.73819],[-75.38638,-11.73497],[-75.3792,-11.73662],[-75.37447,-11.74233],[-75.36478,-11.74392],[-75.35877,-11.74857],[-75.35657,-11.76131],[-75.34085,-11.76836],[-75.32846,-11.76583],[-75.3357,-11.77468],[-75.32908,-11.80167],[-75.33097,-11.81097]]]}},{"type":"Feature","properties":{"ubigeo":"120418","nombre":"Molinos"},"geometry":{"type":"Polygon","coordinates":[[[-75.38638,-11.73497],[-75.39654,-11.73819],[-75.40219,-11.73488],[-75.41141,-11.73218],[-75.42374,-11.73511],[-75.43212,-11.74088],[-75.44523,-11.74204],[-75.44782,-11.7463],[-75.45138,-11.74389],[-75.47036,-11.74728],[-75.46092,-11.74059],[-75.44821,-11.72467],[-75.43532,-11.72024],[-75.42807,-11.69985],[-75.4199,-11.69095],[-75.4212,-11.68396],[-75.4148,-11.67133],[-75.41768,-11.65198],[-75.40491,-11.64112],[-75.39858,-11.64052],[-75.39473,-11.63296],[-75.38125,-11.62984],[-75.37572,-11.62514],[-75.37858,-11.61858],[-75.37848,-11.60206],[-75.37145,-11.5947],[-75.37335,-11.58611],[-75.36707,-11.58177],[-75.36695,-11.57044],[-75.37066,-11.56305],[-75.38045,-11.55663],[-75.38074,-11.53774],[-75.38738,-11.53014],[-75.38631,-11.51907],[-75.36946,-11.51698],[-75.36521,-11.51051],[-75.36113,-11.50956],[-75.34879,-11.51526],[-75.34953,-11.51069],[-75.34308,-11.49534],[-75.33808,-11.49163],[-75.33603,-11.48115],[-75.32979,-11.48136],[-75.32775,-11.47579],[-75.31976,-11.4719],[-75.3191,-11.46448],[-75.31327,-11.45186],[-75.30824,-11.45396],[-75.29943,-11.44912],[-75.29483,-11.45361],[-75.28774,-11.44746],[-75.27377,-11.44215],[-75.26436,-11.44634],[-75.25839,-11.44276],[-75.25631,-11.45218],[-75.25984,-11.46395],[-75.26544,-11.46799],[-75.25554,-11.47099],[-75.25134,-11.48022],[-75.25077,-11.49141],[-75.2541,-11.49618],[-75.25752,-11.51446],[-75.26374,-11.52388],[-75.27525,-11.5333],[-75.27586,-11.53945],[-75.28371,-11.55824],[-75.27675,-11.57285],[-75.27695,-11.58444],[-75.28168,-11.58679],[-75.28632,-11.59608],[-75.28283,-11.60503],[-75.27005,-11.61385],[-75.27114,-11.61805],[-75.28153,-11.62156],[-75.29165,-11.63413],[-75.30805,-11.63971],[-75.32308,-11.65394],[-75.32588,-11.66099],[-75.32479,-11.66964],[-75.33061,-11.6793],[-75.32628,-11.68666],[-75.3328,-11.69194],[-75.33233,-11.7034],[-75.35267,-11.71476],[-75.35963,-11.71295],[-75.37481,-11.72118],[-75.38638,-11.73497]]]}},{"type":"Feature","properties":{"ubigeo":"120419","nombre":"Monobamba"},"geometry":{"type":"Polygon","coordinates":[[[-74.97294,-11.43818],[-74.98577,-11.43975],[-74.99309,-11.43075],[-75.00056,-11.42701],[-75.01057,-11.44017],[-75.01233,-11.44633],[-75.02299,-11.45309],[-75.03278,-11.45505],[-75.036,-11.46177],[-75.03561,-11.47279],[-75.04725,-11.47427],[-75.05266,-11.47037],[-75.05947,-11.47587],[-75.06196,-11.48689],[-75.07294,-11.49295],[-75.08148,-11.49202],[-75.08697,-11.49672],[-75.09827,-11.49674],[-75.10417,-11.50476],[-75.1151,-11.51187],[-75.12801,-11.51475],[-75.1328,-11.52434],[-75.15168,-11.52874],[-75.16346,-11.53622],[-75.16275,-11.5451],[-75.16993,-11.55159],[-75.17321,-11.56511],[-75.17749,-11.57093],[-75.18656,-11.57328],[-75.18586,-11.58283],[-75.18927,-11.5909],[-75.20263,-11.5992],[-75.19796,-11.60664],[-75.19492,-11.62531],[-75.21156,-11.62486],[-75.21853,-11.61802],[-75.23099,-11.6151],[-75.23356,-11.60514],[-75.22882,-11.59374],[-75.22891,-11.58678],[-75.22395,-11.58366],[-75.2213,-11.56611],[-75.22602,-11.55567],[-75.21771,-11.54211],[-75.20841,-11.53208],[-75.19233,-11.52785],[-75.19552,-11.52327],[-75.1939,-11.50542],[-75.20292,-11.49644],[-75.20889,-11.48672],[-75.21446,-11.48428],[-75.21927,-11.4654],[-75.22698,-11.46003],[-75.22913,-11.44896],[-75.23369,-11.44594],[-75.2479,-11.44609],[-75.25742,-11.43497],[-75.25839,-11.44276],[-75.26436,-11.44634],[-75.27377,-11.44215],[-75.28774,-11.44746],[-75.29483,-11.45361],[-75.29943,-11.44912],[-75.30824,-11.45396],[-75.31327,-11.45186],[-75.3191,-11.46448],[-75.31976,-11.4719],[-75.32775,-11.47579],[-75.32979,-11.48136],[-75.33603,-11.48115],[-75.33808,-11.49163],[-75.34308,-11.49534],[-75.34953,-11.51069],[-75.34879,-11.51526],[-75.36113,-11.50956],[-75.36521,-11.51051],[-75.37012,-11.5027],[-75.38114,-11.49497],[-75.38922,-11.4824],[-75.39272,-11.46292],[-75.40246,-11.46294],[-75.41361,-11.45706],[-75.42151,-11.45777],[-75.4279,-11.46397],[-75.43612,-11.46352],[-75.44173,-11.468],[-75.45069,-11.46917],[-75.46877,-11.48114],[-75.47717,-11.48299],[-75.47152,-11.47282],[-75.45747,-11.45343],[-75.46112,-11.44576],[-75.46126,-11.42894],[-75.4529,-11.42299],[-75.45162,-11.41327],[-75.4395,-11.40726],[-75.43777,-11.39929],[-75.42891,-11.39112],[-75.41615,-11.39358],[-75.40967,-11.38777],[-75.40946,-11.37179],[-75.40545,-11.3682],[-75.40212,-11.3457],[-75.4112,-11.33397],[-75.42403,-11.33001],[-75.43096,-11.33231],[-75.43352,-11.32377],[-75.43327,-11.31011],[-75.4431,-11.30275],[-75.43795,-11.29059],[-75.447,-11.27174],[-75.44104,-11.26598],[-75.43319,-11.26525],[-75.43479,-11.25821],[-75.35825,-11.28501],[-75.30659,-11.30085],[-75.0284,-11.35023],[-75.00767,-11.35974],[-74.99967,-11.36163],[-74.99713,-11.368],[-74.98807,-11.37456],[-74.99854,-11.38964],[-74.99866,-11.39722],[-74.97367,-11.43023],[-74.97294,-11.43818]]]}},{"type":"Feature","properties":{"ubigeo":"120420","nombre":"Muqui"},"geometry":{"type":"Polygon","coordinates":[[[-75.41682,-11.83795],[-75.42241,-11.84683],[-75.42823,-11.84836],[-75.44251,-11.86179],[-75.455,-11.84856],[-75.45432,-11.83757],[-75.43541,-11.81331],[-75.43215,-11.81509],[-75.42308,-11.83023],[-75.41682,-11.83795]]]}},{"type":"Feature","properties":{"ubigeo":"120421","nombre":"Muquiyauyo"},"geometry":{"type":"Polygon","coordinates":[[[-75.44251,-11.86179],[-75.44864,-11.86561],[-75.45617,-11.86241],[-75.46526,-11.87431],[-75.47028,-11.86583],[-75.48192,-11.85594],[-75.47686,-11.8517],[-75.4772,-11.8419],[-75.47076,-11.82205],[-75.4587,-11.79745],[-75.44065,-11.80507],[-75.43541,-11.81331],[-75.45432,-11.83757],[-75.455,-11.84856],[-75.44251,-11.86179]]]}},{"type":"Feature","properties":{"ubigeo":"120422","nombre":"Paca"},"geometry":{"type":"Polygon","coordinates":[[[-75.50687,-11.69596],[-75.50483,-11.70658],[-75.49719,-11.71756],[-75.49813,-11.72876],[-75.50977,-11.73501],[-75.51535,-11.74351],[-75.51975,-11.74191],[-75.52113,-11.72855],[-75.52654,-11.7209],[-75.5324,-11.70527],[-75.53299,-11.69771],[-75.54007,-11.6896],[-75.53912,-11.68461],[-75.55011,-11.67435],[-75.54489,-11.67092],[-75.5541,-11.6642],[-75.55766,-11.64719],[-75.56557,-11.64612],[-75.56634,-11.63559],[-75.55451,-11.63874],[-75.54669,-11.63462],[-75.53848,-11.63903],[-75.52488,-11.63525],[-75.52687,-11.6414],[-75.5191,-11.655],[-75.52706,-11.66879],[-75.52683,-11.67628],[-75.5174,-11.67822],[-75.51181,-11.69152],[-75.50687,-11.69596]]]}},{"type":"Feature","properties":{"ubigeo":"120423","nombre":"Paccha"},"geometry":{"type":"Polygon","coordinates":[[[-75.48192,-11.85594],[-75.47028,-11.86583],[-75.46526,-11.87431],[-75.4696,-11.88394],[-75.48202,-11.89441],[-75.48956,-11.89327],[-75.48149,-11.90671],[-75.49836,-11.92055],[-75.5064,-11.91285],[-75.52221,-11.90712],[-75.52279,-11.90146],[-75.53167,-11.89956],[-75.54723,-11.90404],[-75.56086,-11.91551],[-75.56049,-11.92404],[-75.57288,-11.9271],[-75.57571,-11.91851],[-75.58765,-11.90217],[-75.59166,-11.89134],[-75.60042,-11.90023],[-75.60669,-11.90118],[-75.61475,-11.89033],[-75.60818,-11.88424],[-75.59898,-11.86967],[-75.57425,-11.85993],[-75.5669,-11.86177],[-75.5511,-11.85873],[-75.54587,-11.85375],[-75.53562,-11.85941],[-75.5325,-11.865],[-75.52623,-11.86305],[-75.53056,-11.84212],[-75.51484,-11.83315],[-75.50892,-11.83487],[-75.49941,-11.82422],[-75.49727,-11.8245],[-75.49879,-11.82998],[-75.4947,-11.83858],[-75.48192,-11.85594]]]}},{"type":"Feature","properties":{"ubigeo":"120424","nombre":"Pancan"},"geometry":{"type":"Polygon","coordinates":[[[-75.48071,-11.75225],[-75.48542,-11.76738],[-75.49331,-11.75755],[-75.50141,-11.76032],[-75.51279,-11.76008],[-75.52232,-11.75359],[-75.51535,-11.74351],[-75.50977,-11.73501],[-75.49813,-11.72876],[-75.4852,-11.73869],[-75.48011,-11.73861],[-75.48071,-11.75225]]]}},{"type":"Feature","properties":{"ubigeo":"120425","nombre":"Parco"},"geometry":{"type":"Polygon","coordinates":[[[-75.49941,-11.82422],[-75.50892,-11.83487],[-75.51484,-11.83315],[-75.53056,-11.84212],[-75.52623,-11.86305],[-75.5325,-11.865],[-75.53562,-11.85941],[-75.54587,-11.85375],[-75.54736,-11.84624],[-75.55487,-11.83656],[-75.56901,-11.82297],[-75.57274,-11.81465],[-75.56156,-11.80077],[-75.57622,-11.78272],[-75.56055,-11.78223],[-75.5486,-11.79122],[-75.54921,-11.79555],[-75.53449,-11.80172],[-75.51809,-11.80093],[-75.51666,-11.80992],[-75.51015,-11.81728],[-75.49941,-11.82422]]]}},{"type":"Feature","properties":{"ubigeo":"120426","nombre":"Pomacancha"},"geometry":{"type":"Polygon","coordinates":[[[-75.62279,-11.58863],[-75.61611,-11.59862],[-75.62158,-11.61163],[-75.61741,-11.61857],[-75.61335,-11.63332],[-75.6139,-11.64786],[-75.61931,-11.65313],[-75.6171,-11.67498],[-75.6222,-11.70196],[-75.60776,-11.71751],[-75.60488,-11.73692],[-75.61572,-11.73589],[-75.63144,-11.74608],[-75.6409,-11.74685],[-75.65157,-11.74185],[-75.66809,-11.74169],[-75.68102,-11.72718],[-75.69738,-11.71795],[-75.70028,-11.713],[-75.71538,-11.70075],[-75.71701,-11.68438],[-75.72021,-11.67601],[-75.74154,-11.6474],[-75.75644,-11.63957],[-75.75759,-11.62833],[-75.76587,-11.62179],[-75.76635,-11.61072],[-75.77481,-11.5991],[-75.77664,-11.59043],[-75.78164,-11.58801],[-75.78743,-11.55924],[-75.79504,-11.55658],[-75.80176,-11.54477],[-75.79362,-11.54533],[-75.77055,-11.53689],[-75.75748,-11.54193],[-75.74947,-11.54236],[-75.74504,-11.53816],[-75.73705,-11.52267],[-75.72763,-11.52548],[-75.72706,-11.53554],[-75.71842,-11.5443],[-75.71161,-11.56605],[-75.70136,-11.55719],[-75.68936,-11.55636],[-75.68381,-11.56546],[-75.66455,-11.56911],[-75.64919,-11.57015],[-75.64434,-11.56433],[-75.63401,-11.5685],[-75.63197,-11.58389],[-75.62279,-11.58863]]]}},{"type":"Feature","properties":{"ubigeo":"120427","nombre":"Ricran"},"geometry":{"type":"Polygon","coordinates":[[[-75.41768,-11.65198],[-75.42226,-11.65022],[-75.43471,-11.65863],[-75.45382,-11.64004],[-75.46285,-11.64213],[-75.47283,-11.63395],[-75.48215,-11.63558],[-75.48782,-11.6426],[-75.50179,-11.63584],[-75.50475,-11.62807],[-75.51186,-11.62995],[-75.52043,-11.61866],[-75.53001,-11.61229],[-75.53724,-11.6122],[-75.5491,-11.59829],[-75.54868,-11.59146],[-75.55331,-11.57713],[-75.56855,-11.55695],[-75.57301,-11.54249],[-75.5672,-11.53429],[-75.54742,-11.52571],[-75.5519,-11.51398],[-75.54721,-11.50359],[-75.54216,-11.50575],[-75.53269,-11.49417],[-75.52413,-11.49794],[-75.51254,-11.51189],[-75.51153,-11.51649],[-75.49764,-11.50945],[-75.4928,-11.51698],[-75.48733,-11.51529],[-75.47854,-11.52299],[-75.47395,-11.52141],[-75.47084,-11.51208],[-75.47374,-11.50488],[-75.47222,-11.49555],[-75.47736,-11.49148],[-75.47717,-11.48299],[-75.46877,-11.48114],[-75.45069,-11.46917],[-75.44173,-11.468],[-75.43612,-11.46352],[-75.4279,-11.46397],[-75.42151,-11.45777],[-75.41361,-11.45706],[-75.40246,-11.46294],[-75.39272,-11.46292],[-75.38922,-11.4824],[-75.38114,-11.49497],[-75.37012,-11.5027],[-75.36521,-11.51051],[-75.36946,-11.51698],[-75.38631,-11.51907],[-75.38738,-11.53014],[-75.38074,-11.53774],[-75.38045,-11.55663],[-75.37066,-11.56305],[-75.36695,-11.57044],[-75.36707,-11.58177],[-75.37335,-11.58611],[-75.37145,-11.5947],[-75.37848,-11.60206],[-75.37858,-11.61858],[-75.37572,-11.62514],[-75.38125,-11.62984],[-75.39473,-11.63296],[-75.39858,-11.64052],[-75.40491,-11.64112],[-75.41768,-11.65198]]]}},{"type":"Feature","properties":{"ubigeo":"120428","nombre":"San Lorenzo"},"geometry":{"type":"Polygon","coordinates":[[[-75.37433,-11.86384],[-75.40099,-11.87424],[-75.41188,-11.849],[-75.41233,-11.84098],[-75.38881,-11.83494],[-75.38142,-11.83041],[-75.37317,-11.81677],[-75.36665,-11.8139],[-75.36409,-11.80494],[-75.35408,-11.79189],[-75.34879,-11.80874],[-75.33262,-11.80827],[-75.33097,-11.81097],[-75.34312,-11.82076],[-75.34874,-11.82106],[-75.35679,-11.81553],[-75.36385,-11.82429],[-75.36583,-11.83371],[-75.36062,-11.84312],[-75.3733,-11.8503],[-75.37433,-11.86384]]]}},{"type":"Feature","properties":{"ubigeo":"120429","nombre":"San Pedro de Chunan"},"geometry":{"type":"Polygon","coordinates":[[[-75.49813,-11.72876],[-75.49719,-11.71756],[-75.50483,-11.70658],[-75.50687,-11.69596],[-75.49654,-11.69979],[-75.48859,-11.7072],[-75.48062,-11.70958],[-75.47582,-11.71621],[-75.47556,-11.7323],[-75.48011,-11.73861],[-75.4852,-11.73869],[-75.49813,-11.72876]]]}},{"type":"Feature","properties":{"ubigeo":"120430","nombre":"Sausa"},"geometry":{"type":"Polygon","coordinates":[[[-75.46649,-11.7976],[-75.47271,-11.79634],[-75.48759,-11.80192],[-75.50193,-11.79374],[-75.49249,-11.7853],[-75.48258,-11.7841],[-75.46342,-11.79215],[-75.46649,-11.7976]]]}},{"type":"Feature","properties":{"ubigeo":"120431","nombre":"Sincos"},"geometry":{"type":"Polygon","coordinates":[[[-75.39308,-11.92605],[-75.40046,-11.92242],[-75.40835,-11.92659],[-75.40774,-11.93439],[-75.41255,-11.93443],[-75.41815,-11.94365],[-75.43073,-11.94855],[-75.43122,-11.95323],[-75.45229,-11.95859],[-75.46002,-11.93828],[-75.46466,-11.93467],[-75.47921,-11.93553],[-75.48588,-11.94674],[-75.49669,-11.95808],[-75.49829,-11.96817],[-75.49112,-11.97179],[-75.47122,-11.99133],[-75.47305,-11.99625],[-75.47959,-11.99671],[-75.48951,-12.00746],[-75.50831,-12.00995],[-75.52334,-12.02208],[-75.53469,-12.02725],[-75.54336,-12.02726],[-75.55372,-12.02311],[-75.56322,-12.0161],[-75.57745,-12.01017],[-75.57975,-12.00202],[-75.59058,-11.96842],[-75.59573,-11.96769],[-75.59813,-11.96024],[-75.61559,-11.95654],[-75.61884,-11.95368],[-75.61908,-11.93458],[-75.62739,-11.92556],[-75.62763,-11.9181],[-75.64171,-11.89936],[-75.64076,-11.88984],[-75.63268,-11.88805],[-75.61475,-11.89033],[-75.60669,-11.90118],[-75.60042,-11.90023],[-75.59166,-11.89134],[-75.58765,-11.90217],[-75.57571,-11.91851],[-75.57288,-11.9271],[-75.56049,-11.92404],[-75.56086,-11.91551],[-75.54723,-11.90404],[-75.53167,-11.89956],[-75.52279,-11.90146],[-75.52221,-11.90712],[-75.5064,-11.91285],[-75.49836,-11.92055],[-75.48149,-11.90671],[-75.48956,-11.89327],[-75.48202,-11.89441],[-75.4696,-11.88394],[-75.46345,-11.88907],[-75.45114,-11.88426],[-75.44522,-11.87886],[-75.43507,-11.88668],[-75.42502,-11.88939],[-75.40099,-11.87424],[-75.38146,-11.88599],[-75.36788,-11.89656],[-75.36368,-11.8943],[-75.35786,-11.9003],[-75.36355,-11.90698],[-75.37448,-11.91128],[-75.39308,-11.92605]]]}},{"type":"Feature","properties":{"ubigeo":"120432","nombre":"Tunan Marca"},"geometry":{"type":"Polygon","coordinates":[[[-75.60605,-11.74029],[-75.60488,-11.73692],[-75.60776,-11.71751],[-75.6222,-11.70196],[-75.6171,-11.67498],[-75.61931,-11.65313],[-75.6139,-11.64786],[-75.60984,-11.65007],[-75.60623,-11.67436],[-75.60288,-11.67748],[-75.59038,-11.6795],[-75.58762,-11.69397],[-75.59014,-11.70038],[-75.57869,-11.71322],[-75.56998,-11.71358],[-75.56043,-11.70947],[-75.55606,-11.72404],[-75.55922,-11.73085],[-75.56866,-11.73395],[-75.57949,-11.74513],[-75.59038,-11.74114],[-75.60605,-11.74029]]]}},{"type":"Feature","properties":{"ubigeo":"120433","nombre":"Yauli"},"geometry":{"type":"Polygon","coordinates":[[[-75.47036,-11.74728],[-75.48071,-11.75225],[-75.48011,-11.73861],[-75.47556,-11.7323],[-75.47582,-11.71621],[-75.48062,-11.70958],[-75.48859,-11.7072],[-75.49654,-11.69979],[-75.50687,-11.69596],[-75.51181,-11.69152],[-75.5174,-11.67822],[-75.52683,-11.67628],[-75.52706,-11.66879],[-75.5191,-11.655],[-75.52687,-11.6414],[-75.52488,-11.63525],[-75.52634,-11.63058],[-75.52043,-11.61866],[-75.51186,-11.62995],[-75.50475,-11.62807],[-75.50179,-11.63584],[-75.48782,-11.6426],[-75.48215,-11.63558],[-75.47283,-11.63395],[-75.46285,-11.64213],[-75.45382,-11.64004],[-75.43471,-11.65863],[-75.42226,-11.65022],[-75.41768,-11.65198],[-75.4148,-11.67133],[-75.4212,-11.68396],[-75.4199,-11.69095],[-75.42807,-11.69985],[-75.43532,-11.72024],[-75.44821,-11.72467],[-75.46092,-11.74059],[-75.47036,-11.74728]]]}},{"type":"Feature","properties":{"ubigeo":"120434","nombre":"Yauyos"},"geometry":{"type":"Polygon","coordinates":[[[-75.48759,-11.80192],[-75.49388,-11.80675],[-75.49427,-11.81625],[-75.48864,-11.81952],[-75.49727,-11.8245],[-75.49941,-11.82422],[-75.51015,-11.81728],[-75.51666,-11.80992],[-75.51809,-11.80093],[-75.53449,-11.80172],[-75.54921,-11.79555],[-75.5486,-11.79122],[-75.53696,-11.7796],[-75.51872,-11.77739],[-75.51504,-11.77427],[-75.50138,-11.77502],[-75.49249,-11.7853],[-75.50193,-11.79374],[-75.48759,-11.80192]]]}},{"type":"Feature","properties":{"ubigeo":"120501","nombre":"Junin"},"geometry":{"type":"Polygon","coordinates":[[[-75.89014,-11.33316],[-75.89602,-11.3367],[-75.92435,-11.32976],[-75.94204,-11.33514],[-75.96019,-11.33332],[-75.97051,-11.34442],[-75.96911,-11.35081],[-75.9792,-11.35791],[-76.00635,-11.36526],[-76.01331,-11.37567],[-76.02093,-11.37372],[-76.028,-11.37972],[-76.03046,-11.37485],[-76.03739,-11.37866],[-76.04258,-11.3718],[-76.05594,-11.37871],[-76.06221,-11.38463],[-76.07076,-11.38742],[-76.07742,-11.385],[-76.0824,-11.38796],[-76.09357,-11.37411],[-76.09689,-11.36091],[-76.10544,-11.35295],[-76.10812,-11.33549],[-76.12421,-11.32581],[-76.13607,-11.31537],[-76.13405,-11.31008],[-76.13867,-11.30596],[-76.14127,-11.29412],[-76.15393,-11.2856],[-76.15656,-11.27856],[-76.16527,-11.27015],[-76.16841,-11.25668],[-76.17737,-11.24237],[-76.17755,-11.2356],[-76.16938,-11.2198],[-76.18058,-11.21902],[-76.19074,-11.20048],[-76.18509,-11.18564],[-76.17551,-11.1936],[-76.17134,-11.20377],[-76.16584,-11.20644],[-76.14629,-11.20367],[-76.14008,-11.21022],[-76.12999,-11.20686],[-76.12196,-11.18588],[-76.11352,-11.18539],[-76.09701,-11.16326],[-76.08936,-11.16198],[-76.0759,-11.16586],[-76.07085,-11.15874],[-76.07184,-11.14841],[-76.06268,-11.12514],[-76.06514,-11.11275],[-76.06904,-11.10675],[-76.06049,-11.09764],[-76.05896,-11.09205],[-76.04368,-11.09247],[-76.02966,-11.0872],[-76.02518,-11.08028],[-76.02934,-11.07597],[-76.02891,-11.06546],[-76.02291,-11.05628],[-76.0164,-11.05429],[-76.01191,-11.04602],[-76.01138,-11.03249],[-76.01524,-11.02671],[-76.02122,-11.02823],[-76.03506,-11.02318],[-76.04458,-11.02473],[-76.04894,-11.00441],[-76.04232,-10.9973],[-76.04016,-10.98315],[-76.03568,-10.97873],[-76.02275,-10.97664],[-75.9962,-10.96202],[-75.9925,-10.9571],[-75.98026,-10.95709],[-75.97086,-10.95438],[-75.96045,-10.94735],[-75.9528,-10.95248],[-75.95082,-10.96077],[-75.94242,-10.96951],[-75.93229,-10.97116],[-75.93033,-10.98364],[-75.93173,-10.99455],[-75.90812,-11.01824],[-75.90784,-11.02906],[-75.89106,-11.04801],[-75.88892,-11.06273],[-75.89816,-11.07691],[-75.90685,-11.08143],[-75.91126,-11.09158],[-75.9003,-11.09553],[-75.88644,-11.10947],[-75.90512,-11.12849],[-75.90079,-11.1354],[-75.88045,-11.14148],[-75.88836,-11.149],[-75.88448,-11.15715],[-75.89741,-11.1668],[-75.89753,-11.17355],[-75.90447,-11.17563],[-75.89994,-11.19202],[-75.90185,-11.2003],[-75.91145,-11.20478],[-75.92204,-11.21975],[-75.9337,-11.21727],[-75.96012,-11.21744],[-75.97193,-11.21417],[-75.94476,-11.24541],[-75.92467,-11.28082],[-75.91344,-11.29312],[-75.91388,-11.30171],[-75.8968,-11.31746],[-75.89014,-11.33316]]]}},{"type":"Feature","properties":{"ubigeo":"120502","nombre":"Carhuamayo"},"geometry":{"type":"Polygon","coordinates":[[[-75.96045,-10.94735],[-75.97086,-10.95438],[-75.98026,-10.95709],[-75.9925,-10.9571],[-75.9962,-10.96202],[-76.02275,-10.97664],[-76.03568,-10.97873],[-76.04016,-10.98315],[-76.04232,-10.9973],[-76.04894,-11.00441],[-76.04896,-10.99848],[-76.05586,-10.99489],[-76.07102,-10.97603],[-76.09687,-10.97145],[-76.10584,-10.97211],[-76.1116,-10.96169],[-76.12293,-10.96264],[-76.11619,-10.95063],[-76.11001,-10.94672],[-76.10915,-10.93894],[-76.09896,-10.93031],[-76.09203,-10.9135],[-76.09134,-10.90656],[-76.07967,-10.89378],[-76.06808,-10.88662],[-76.05079,-10.88349],[-76.04448,-10.87952],[-76.04244,-10.8732],[-76.01503,-10.84268],[-76.0088,-10.8387],[-76.00814,-10.83035],[-75.99329,-10.82084],[-75.97888,-10.83215],[-75.97019,-10.84323],[-75.96163,-10.84396],[-75.95573,-10.85878],[-75.95109,-10.86385],[-75.93715,-10.87151],[-75.93863,-10.87985],[-75.93592,-10.88972],[-75.94174,-10.90075],[-75.94216,-10.90976],[-75.96242,-10.93105],[-75.96045,-10.94735]]]}},{"type":"Feature","properties":{"ubigeo":"120503","nombre":"Ondores"},"geometry":{"type":"Polygon","coordinates":[[[-76.18509,-11.18564],[-76.19781,-11.17935],[-76.19843,-11.17152],[-76.20888,-11.16921],[-76.20732,-11.16097],[-76.20148,-11.15449],[-76.20302,-11.14923],[-76.21081,-11.15268],[-76.21463,-11.15031],[-76.2189,-11.13904],[-76.2237,-11.13651],[-76.22629,-11.12845],[-76.23859,-11.11535],[-76.24309,-11.11531],[-76.24938,-11.10729],[-76.25125,-11.09538],[-76.24833,-11.08249],[-76.24414,-11.07658],[-76.24016,-11.04693],[-76.24347,-11.04131],[-76.25079,-11.04022],[-76.25138,-11.03193],[-76.25957,-11.02592],[-76.25344,-11.02232],[-76.25995,-11.01501],[-76.25631,-11.01141],[-76.25982,-11.00574],[-76.25567,-11.0024],[-76.26358,-10.99882],[-76.26582,-10.98071],[-76.27295,-10.97102],[-76.26615,-10.96107],[-76.2715,-10.95226],[-76.27672,-10.95035],[-76.27778,-10.94037],[-76.27618,-10.93276],[-76.27886,-10.92345],[-76.27628,-10.91886],[-76.26996,-10.92241],[-76.25985,-10.92143],[-76.24802,-10.93318],[-76.24817,-10.93864],[-76.23683,-10.95785],[-76.22909,-10.96445],[-76.22685,-10.97093],[-76.21403,-10.98803],[-76.20851,-11.00166],[-76.19675,-11.01507],[-76.192,-11.02827],[-76.17831,-11.03566],[-76.17633,-11.04421],[-76.16509,-11.05286],[-76.1567,-11.05582],[-76.14686,-11.07894],[-76.13577,-11.08467],[-76.12367,-11.08601],[-76.12203,-11.10121],[-76.11439,-11.1095],[-76.09872,-11.11764],[-76.09759,-11.11012],[-76.08683,-11.10675],[-76.08027,-11.11289],[-76.06514,-11.11275],[-76.06268,-11.12514],[-76.07184,-11.14841],[-76.07085,-11.15874],[-76.0759,-11.16586],[-76.08936,-11.16198],[-76.09701,-11.16326],[-76.11352,-11.18539],[-76.12196,-11.18588],[-76.12999,-11.20686],[-76.14008,-11.21022],[-76.14629,-11.20367],[-76.16584,-11.20644],[-76.17134,-11.20377],[-76.17551,-11.1936],[-76.18509,-11.18564]]]}},{"type":"Feature","properties":{"ubigeo":"120504","nombre":"Ulcumayo"},"geometry":{"type":"Polygon","coordinates":[[[-75.44741,-10.75157],[-75.4351,-10.74758],[-75.42392,-10.75484],[-75.4135,-10.75082],[-75.3951,-10.75901],[-75.39647,-10.76906],[-75.39135,-10.78127],[-75.38694,-10.79945],[-75.39169,-10.82817],[-75.39076,-10.83226],[-75.40168,-10.84507],[-75.40957,-10.84595],[-75.40771,-10.85273],[-75.41072,-10.8617],[-75.41058,-10.87703],[-75.41827,-10.89035],[-75.43088,-10.87929],[-75.43764,-10.87981],[-75.44734,-10.88809],[-75.45335,-10.9003],[-75.46522,-10.90113],[-75.4652,-10.90841],[-75.47801,-10.91705],[-75.48648,-10.91818],[-75.49758,-10.92779],[-75.49439,-10.94029],[-75.49642,-10.95176],[-75.50281,-10.96207],[-75.50776,-10.96223],[-75.51516,-10.95355],[-75.52354,-10.94997],[-75.53698,-10.94835],[-75.55202,-10.95118],[-75.56012,-10.95747],[-75.56647,-10.95408],[-75.5842,-10.95347],[-75.59286,-10.95672],[-75.60016,-10.95448],[-75.6142,-10.96088],[-75.62524,-10.95889],[-75.65224,-10.95814],[-75.66546,-10.94958],[-75.6742,-10.9506],[-75.68189,-10.96456],[-75.69927,-10.9702],[-75.70558,-10.97907],[-75.71491,-10.98178],[-75.7256,-10.99162],[-75.7274,-10.99917],[-75.7396,-11.00074],[-75.76233,-11.01002],[-75.77527,-10.99892],[-75.78406,-10.99749],[-75.78645,-11.00488],[-75.80255,-11.01493],[-75.80637,-11.027],[-75.81717,-11.03444],[-75.81274,-11.04345],[-75.81312,-11.05019],[-75.83231,-11.05133],[-75.83856,-11.08441],[-75.83246,-11.09462],[-75.83739,-11.10429],[-75.83894,-11.11941],[-75.85219,-11.11971],[-75.85237,-11.12805],[-75.85642,-11.13889],[-75.86244,-11.14485],[-75.87282,-11.14108],[-75.88045,-11.14148],[-75.90079,-11.1354],[-75.90512,-11.12849],[-75.88644,-11.10947],[-75.9003,-11.09553],[-75.91126,-11.09158],[-75.90685,-11.08143],[-75.89816,-11.07691],[-75.88892,-11.06273],[-75.89106,-11.04801],[-75.90784,-11.02906],[-75.90812,-11.01824],[-75.93173,-10.99455],[-75.93033,-10.98364],[-75.93229,-10.97116],[-75.94242,-10.96951],[-75.95082,-10.96077],[-75.9528,-10.95248],[-75.96045,-10.94735],[-75.96242,-10.93105],[-75.94216,-10.90976],[-75.94174,-10.90075],[-75.93592,-10.88972],[-75.93059,-10.88339],[-75.92275,-10.88315],[-75.91711,-10.87444],[-75.89698,-10.86884],[-75.88287,-10.8699],[-75.87405,-10.86768],[-75.86526,-10.87654],[-75.86176,-10.86841],[-75.85152,-10.87326],[-75.84979,-10.88043],[-75.83838,-10.8863],[-75.83061,-10.87658],[-75.816,-10.87288],[-75.81832,-10.85405],[-75.81545,-10.84698],[-75.80698,-10.83908],[-75.78599,-10.82456],[-75.77293,-10.82588],[-75.76267,-10.83021],[-75.743,-10.82253],[-75.73237,-10.80919],[-75.71952,-10.80936],[-75.71272,-10.81424],[-75.69325,-10.81722],[-75.68853,-10.82732],[-75.69342,-10.8342],[-75.67855,-10.84018],[-75.6661,-10.82858],[-75.64977,-10.82338],[-75.64085,-10.82679],[-75.6056,-10.82189],[-75.60147,-10.81393],[-75.58967,-10.8109],[-75.5841,-10.80157],[-75.57651,-10.78102],[-75.57432,-10.77037],[-75.5759,-10.7599],[-75.57382,-10.74699],[-75.56827,-10.73319],[-75.56385,-10.72977],[-75.55692,-10.74407],[-75.55006,-10.74571],[-75.54364,-10.74101],[-75.53142,-10.74329],[-75.52308,-10.75367],[-75.51402,-10.75646],[-75.50969,-10.75401],[-75.49833,-10.75867],[-75.49025,-10.75683],[-75.48293,-10.7655],[-75.48182,-10.77866],[-75.47789,-10.78096],[-75.46971,-10.7762],[-75.46385,-10.75893],[-75.46468,-10.75159],[-75.46012,-10.74968],[-75.44741,-10.75157]]]}},{"type":"Feature","properties":{"ubigeo":"120601","nombre":"Satipo"},"geometry":{"type":"Polygon","coordinates":[[[-74.59603,-11.29707],[-74.60379,-11.29498],[-74.61017,-11.2818],[-74.62682,-11.27121],[-74.63114,-11.2646],[-74.637,-11.26357],[-74.65541,-11.26676],[-74.67962,-11.28545],[-74.68589,-11.28599],[-74.70043,-11.29516],[-74.69743,-11.30077],[-74.70375,-11.30293],[-74.7197,-11.29617],[-74.72686,-11.2995],[-74.74406,-11.30213],[-74.75521,-11.29917],[-74.76166,-11.29106],[-74.76643,-11.26895],[-74.77678,-11.26974],[-74.78956,-11.26573],[-74.80145,-11.26907],[-74.81349,-11.26507],[-74.82231,-11.26794],[-74.83352,-11.26364],[-74.84734,-11.27829],[-74.84774,-11.28655],[-74.86718,-11.28934],[-74.87286,-11.29258],[-74.86967,-11.28046],[-74.87304,-11.27242],[-74.87892,-11.26886],[-74.89012,-11.26974],[-74.89162,-11.25365],[-74.89479,-11.246],[-74.88842,-11.24119],[-74.89083,-11.23401],[-74.90057,-11.23792],[-74.91027,-11.22243],[-74.91105,-11.21308],[-74.90294,-11.1999],[-74.906,-11.1886],[-74.90193,-11.1865],[-74.89182,-11.19007],[-74.89063,-11.17859],[-74.89928,-11.16854],[-74.88318,-11.16475],[-74.87717,-11.16124],[-74.87694,-11.15567],[-74.86819,-11.15465],[-74.85967,-11.14381],[-74.85588,-11.14838],[-74.83878,-11.17052],[-74.8376,-11.1789],[-74.83069,-11.19307],[-74.82307,-11.20041],[-74.79263,-11.21138],[-74.78745,-11.2033],[-74.78548,-11.18912],[-74.78104,-11.18513],[-74.7659,-11.18439],[-74.74759,-11.18049],[-74.73685,-11.18669],[-74.73468,-11.19392],[-74.72279,-11.20766],[-74.72228,-11.21243],[-74.70316,-11.23072],[-74.69491,-11.23294],[-74.68095,-11.2325],[-74.67559,-11.22986],[-74.66303,-11.23685],[-74.65354,-11.22912],[-74.64571,-11.22708],[-74.63352,-11.20867],[-74.6329,-11.2012],[-74.6398,-11.18489],[-74.63909,-11.17199],[-74.62881,-11.15524],[-74.62486,-11.15255],[-74.63314,-11.14497],[-74.63694,-11.14775],[-74.6499,-11.14285],[-74.64984,-11.12468],[-74.65895,-11.11583],[-74.64471,-11.10227],[-74.63535,-11.09974],[-74.62899,-11.09102],[-74.63655,-11.07911],[-74.63068,-11.06912],[-74.62326,-11.06781],[-74.6173,-11.07461],[-74.60102,-11.06764],[-74.58262,-11.06609],[-74.57884,-11.06366],[-74.56094,-11.06887],[-74.54663,-11.05851],[-74.53331,-11.0544],[-74.53303,-11.04305],[-74.52951,-11.04029],[-74.52321,-11.02376],[-74.52877,-11.01817],[-74.53111,-11.00598],[-74.51965,-11.0075],[-74.51936,-11.01148],[-74.50948,-11.0137],[-74.50946,-11.02625],[-74.50461,-11.03337],[-74.49429,-11.03011],[-74.47213,-11.03716],[-74.46891,-11.04403],[-74.45847,-11.0453],[-74.45266,-11.05384],[-74.43406,-11.0654],[-74.43503,-11.07285],[-74.42385,-11.07705],[-74.42096,-11.08339],[-74.41467,-11.0854],[-74.40597,-11.10258],[-74.39766,-11.10147],[-74.39244,-11.11358],[-74.38007,-11.11514],[-74.38568,-11.12243],[-74.38348,-11.13654],[-74.38813,-11.14175],[-74.40028,-11.14111],[-74.41416,-11.14904],[-74.418,-11.15493],[-74.41097,-11.17872],[-74.4063,-11.18863],[-74.41235,-11.19836],[-74.41754,-11.20026],[-74.42393,-11.21608],[-74.42628,-11.22116],[-74.4348,-11.21936],[-74.4478,-11.22293],[-74.4557,-11.2207],[-74.48136,-11.22428],[-74.48562,-11.23195],[-74.48653,-11.25125],[-74.49298,-11.25266],[-74.515,-11.25255],[-74.52578,-11.24327],[-74.52895,-11.23531],[-74.53983,-11.22977],[-74.54823,-11.23385],[-74.54612,-11.24158],[-74.55001,-11.25211],[-74.54103,-11.26497],[-74.54535,-11.27738],[-74.55787,-11.28201],[-74.56337,-11.29128],[-74.58161,-11.28896],[-74.59303,-11.29031],[-74.59603,-11.29707]]]}},{"type":"Feature","properties":{"ubigeo":"120602","nombre":"Coviriali"},"geometry":{"type":"Polygon","coordinates":[[[-74.6121,-11.35755],[-74.633,-11.37522],[-74.64033,-11.36838],[-74.64763,-11.36756],[-74.66212,-11.35817],[-74.67108,-11.35788],[-74.68085,-11.35147],[-74.68712,-11.35238],[-74.69924,-11.3365],[-74.7154,-11.33007],[-74.69743,-11.30077],[-74.70043,-11.29516],[-74.68589,-11.28599],[-74.67962,-11.28545],[-74.65541,-11.26676],[-74.637,-11.26357],[-74.63114,-11.2646],[-74.62682,-11.27121],[-74.61017,-11.2818],[-74.60379,-11.29498],[-74.59603,-11.29707],[-74.59589,-11.30401],[-74.6061,-11.30936],[-74.61111,-11.3235],[-74.60899,-11.34121],[-74.6121,-11.35755]]]}},{"type":"Feature","properties":{"ubigeo":"120603","nombre":"Llaylla"},"geometry":{"type":"Polygon","coordinates":[[[-74.72973,-11.61102],[-74.73563,-11.60679],[-74.74758,-11.60519],[-74.7625,-11.61116],[-74.76601,-11.5984],[-74.76489,-11.59422],[-74.75535,-11.5882],[-74.75116,-11.57259],[-74.7527,-11.5659],[-74.74723,-11.56461],[-74.73803,-11.54964],[-74.73925,-11.52365],[-74.72516,-11.51601],[-74.72051,-11.50371],[-74.7148,-11.49804],[-74.716,-11.49202],[-74.7078,-11.46851],[-74.70921,-11.45833],[-74.69682,-11.45179],[-74.69396,-11.44436],[-74.69727,-11.434],[-74.68687,-11.43058],[-74.68253,-11.42426],[-74.68378,-11.41108],[-74.69001,-11.40583],[-74.691,-11.39766],[-74.68306,-11.38185],[-74.67403,-11.38391],[-74.6685,-11.36734],[-74.66212,-11.35817],[-74.64763,-11.36756],[-74.64033,-11.36838],[-74.633,-11.37522],[-74.6121,-11.35755],[-74.6057,-11.36052],[-74.59389,-11.36076],[-74.58013,-11.36826],[-74.57507,-11.36446],[-74.5727,-11.35362],[-74.56385,-11.34587],[-74.55126,-11.34479],[-74.54761,-11.34832],[-74.53359,-11.34799],[-74.52806,-11.35042],[-74.53368,-11.35115],[-74.5356,-11.35755],[-74.54597,-11.36421],[-74.54587,-11.37012],[-74.53879,-11.37936],[-74.53375,-11.38147],[-74.53498,-11.39525],[-74.53134,-11.40001],[-74.53356,-11.4121],[-74.54507,-11.42098],[-74.54533,-11.42764],[-74.55235,-11.4307],[-74.56227,-11.42744],[-74.56889,-11.43343],[-74.58284,-11.43712],[-74.59233,-11.44859],[-74.59039,-11.45736],[-74.61613,-11.47055],[-74.6169,-11.48965],[-74.61207,-11.49992],[-74.62036,-11.50405],[-74.62385,-11.51727],[-74.62792,-11.52279],[-74.65536,-11.53124],[-74.6547,-11.54588],[-74.64454,-11.55346],[-74.65032,-11.56326],[-74.66683,-11.57264],[-74.68002,-11.56171],[-74.68466,-11.56579],[-74.69473,-11.56592],[-74.68891,-11.57272],[-74.69389,-11.57902],[-74.70057,-11.57917],[-74.7068,-11.58474],[-74.71796,-11.58258],[-74.72399,-11.58429],[-74.72172,-11.59322],[-74.72973,-11.61102]]]}},{"type":"Feature","properties":{"ubigeo":"120604","nombre":"Mazamari"},"geometry":{"type":"Polygon","coordinates":[[[-74.6121,-11.35755],[-74.60899,-11.34121],[-74.61111,-11.3235],[-74.6061,-11.30936],[-74.59589,-11.30401],[-74.59603,-11.29707],[-74.59303,-11.29031],[-74.58161,-11.28896],[-74.56337,-11.29128],[-74.55787,-11.28201],[-74.54535,-11.27738],[-74.54103,-11.26497],[-74.55001,-11.25211],[-74.54612,-11.24158],[-74.54823,-11.23385],[-74.53983,-11.22977],[-74.52895,-11.23531],[-74.52578,-11.24327],[-74.515,-11.25255],[-74.49298,-11.25266],[-74.48653,-11.25125],[-74.48562,-11.23195],[-74.48136,-11.22428],[-74.4557,-11.2207],[-74.4478,-11.22293],[-74.4348,-11.21936],[-74.42628,-11.22116],[-74.42393,-11.21608],[-74.39397,-11.21447],[-74.38453,-11.21018],[-74.38357,-11.20357],[-74.36972,-11.19642],[-74.36399,-11.18459],[-74.3561,-11.18148],[-74.3529,-11.18523],[-74.34699,-11.17483],[-74.33811,-11.17341],[-74.33553,-11.1678],[-74.3304,-11.16937],[-74.32779,-11.16351],[-74.31613,-11.15468],[-74.29845,-11.14788],[-74.28925,-11.14908],[-74.27742,-11.16002],[-74.26467,-11.16406],[-74.24576,-11.16658],[-74.23983,-11.16137],[-74.23058,-11.16451],[-74.23283,-11.18994],[-74.24224,-11.20346],[-74.24294,-11.22176],[-74.24089,-11.23646],[-74.24793,-11.24665],[-74.24182,-11.25653],[-74.22891,-11.25108],[-74.22535,-11.26133],[-74.22683,-11.27361],[-74.22341,-11.29025],[-74.21918,-11.29813],[-74.21981,-11.31108],[-74.20309,-11.32825],[-74.19353,-11.34566],[-74.18508,-11.35405],[-74.18346,-11.36552],[-74.17914,-11.36854],[-74.17019,-11.3833],[-74.15954,-11.3928],[-74.1524,-11.40842],[-74.13873,-11.41399],[-74.13145,-11.42558],[-74.1199,-11.43332],[-74.11449,-11.44305],[-74.10037,-11.4469],[-74.1016,-11.46796],[-74.09012,-11.48502],[-74.08133,-11.48966],[-74.0704,-11.50368],[-74.06192,-11.50756],[-74.06097,-11.51186],[-74.07807,-11.53407],[-74.07375,-11.54244],[-74.07161,-11.55638],[-74.06729,-11.56318],[-74.06667,-11.57724],[-74.07583,-11.5844],[-74.08036,-11.59712],[-74.08614,-11.60475],[-74.08837,-11.59947],[-74.09896,-11.60015],[-74.10499,-11.58644],[-74.10245,-11.58294],[-74.10689,-11.57469],[-74.11928,-11.57377],[-74.12383,-11.58172],[-74.13006,-11.58325],[-74.14193,-11.5791],[-74.14649,-11.58099],[-74.14729,-11.57195],[-74.1518,-11.56849],[-74.16048,-11.57208],[-74.17322,-11.56773],[-74.18198,-11.56848],[-74.18577,-11.55785],[-74.19213,-11.54975],[-74.19086,-11.5426],[-74.19806,-11.53996],[-74.20177,-11.53336],[-74.2179,-11.53308],[-74.22601,-11.53907],[-74.24293,-11.53045],[-74.2585,-11.5325],[-74.26067,-11.52661],[-74.27542,-11.51757],[-74.28694,-11.52085],[-74.29208,-11.52778],[-74.30416,-11.52151],[-74.32119,-11.52205],[-74.32619,-11.51579],[-74.32807,-11.5057],[-74.3465,-11.50454],[-74.35163,-11.49776],[-74.35246,-11.4872],[-74.36024,-11.47108],[-74.36542,-11.45543],[-74.37941,-11.44273],[-74.37271,-11.43972],[-74.3764,-11.4276],[-74.38463,-11.41036],[-74.38564,-11.40019],[-74.3899,-11.39988],[-74.40378,-11.37666],[-74.41026,-11.36018],[-74.42299,-11.34003],[-74.45678,-11.35483],[-74.46848,-11.36582],[-74.47158,-11.37153],[-74.48522,-11.37769],[-74.49712,-11.36449],[-74.51129,-11.36705],[-74.51857,-11.35924],[-74.52244,-11.36056],[-74.52806,-11.35042],[-74.53359,-11.34799],[-74.54761,-11.34832],[-74.55126,-11.34479],[-74.56385,-11.34587],[-74.5727,-11.35362],[-74.57507,-11.36446],[-74.58013,-11.36826],[-74.59389,-11.36076],[-74.6057,-11.36052],[-74.6121,-11.35755]]]}},{"type":"Feature","properties":{"ubigeo":"120605","nombre":"Pampa Hermosa"},"geometry":{"type":"Polygon","coordinates":[[[-74.66212,-11.35817],[-74.6685,-11.36734],[-74.67403,-11.38391],[-74.68306,-11.38185],[-74.691,-11.39766],[-74.69001,-11.40583],[-74.68378,-11.41108],[-74.68253,-11.42426],[-74.68687,-11.43058],[-74.69727,-11.434],[-74.69396,-11.44436],[-74.69682,-11.45179],[-74.70921,-11.45833],[-74.7078,-11.46851],[-74.716,-11.49202],[-74.7148,-11.49804],[-74.72051,-11.50371],[-74.72516,-11.51601],[-74.73925,-11.52365],[-74.73803,-11.54964],[-74.74723,-11.56461],[-74.7527,-11.5659],[-74.75116,-11.57259],[-74.75535,-11.5882],[-74.76489,-11.59422],[-74.76601,-11.5984],[-74.78295,-11.60316],[-74.78914,-11.60237],[-74.79496,-11.59522],[-74.80489,-11.59438],[-74.81,-11.58726],[-74.82025,-11.58836],[-74.83271,-11.57477],[-74.84037,-11.57571],[-74.84969,-11.56257],[-74.8715,-11.55401],[-74.87252,-11.54882],[-74.88692,-11.53868],[-74.8967,-11.53705],[-74.91064,-11.52855],[-74.91708,-11.52841],[-74.92691,-11.54614],[-74.93267,-11.54864],[-74.93268,-11.55589],[-74.94033,-11.55562],[-74.94148,-11.56487],[-74.95888,-11.57272],[-74.97095,-11.5711],[-74.97528,-11.5631],[-74.97496,-11.55076],[-74.96669,-11.5439],[-74.96268,-11.53649],[-74.96304,-11.52827],[-74.95567,-11.52624],[-74.94768,-11.51705],[-74.95414,-11.50395],[-74.94472,-11.4995],[-74.93666,-11.49969],[-74.92862,-11.49355],[-74.91598,-11.48822],[-74.91495,-11.48002],[-74.93212,-11.47385],[-74.93265,-11.46842],[-74.94212,-11.46326],[-74.95076,-11.46269],[-74.95703,-11.45454],[-74.96253,-11.45249],[-74.96549,-11.44339],[-74.97294,-11.43818],[-74.97367,-11.43023],[-74.99866,-11.39722],[-74.99854,-11.38964],[-74.98807,-11.37456],[-74.99713,-11.368],[-74.99967,-11.36163],[-75.00767,-11.35974],[-75.0284,-11.35023],[-75.02472,-11.34438],[-75.02785,-11.33767],[-75.03507,-11.33582],[-75.03332,-11.32903],[-75.0395,-11.31945],[-75.04349,-11.32047],[-75.05047,-11.30696],[-75.04416,-11.29759],[-75.03777,-11.30413],[-75.02374,-11.30078],[-75.01594,-11.29598],[-74.99219,-11.29697],[-74.97975,-11.30081],[-74.96824,-11.3003],[-74.93679,-11.29191],[-74.92812,-11.28846],[-74.91505,-11.27577],[-74.89012,-11.26974],[-74.87892,-11.26886],[-74.87304,-11.27242],[-74.86967,-11.28046],[-74.87286,-11.29258],[-74.86718,-11.28934],[-74.84774,-11.28655],[-74.84734,-11.27829],[-74.83352,-11.26364],[-74.82231,-11.26794],[-74.81349,-11.26507],[-74.80145,-11.26907],[-74.78956,-11.26573],[-74.77678,-11.26974],[-74.76643,-11.26895],[-74.76166,-11.29106],[-74.75521,-11.29917],[-74.74406,-11.30213],[-74.72686,-11.2995],[-74.7197,-11.29617],[-74.70375,-11.30293],[-74.69743,-11.30077],[-74.7154,-11.33007],[-74.69924,-11.3365],[-74.68712,-11.35238],[-74.68085,-11.35147],[-74.67108,-11.35788],[-74.66212,-11.35817]]]}},{"type":"Feature","properties":{"ubigeo":"120606","nombre":"Pangoa"},"geometry":{"type":"Polygon","coordinates":[[[-74.36564,-12.13456],[-74.37958,-12.11986],[-74.39478,-12.10968],[-74.39882,-12.10361],[-74.40664,-12.1072],[-74.41199,-12.10188],[-74.41952,-12.09378],[-74.41458,-12.08455],[-74.4142,-12.07672],[-74.42278,-12.06735],[-74.43358,-12.06936],[-74.44525,-12.0451],[-74.45211,-12.04946],[-74.45163,-12.03944],[-74.45554,-12.03358],[-74.46312,-12.03512],[-74.46989,-12.02753],[-74.48186,-12.02756],[-74.48838,-12.0332],[-74.50276,-12.02021],[-74.52908,-12.01466],[-74.54356,-11.99901],[-74.549,-11.99699],[-74.54307,-11.98405],[-74.53298,-11.98404],[-74.52649,-11.98739],[-74.50765,-11.98708],[-74.5005,-11.9767],[-74.50122,-11.96108],[-74.49894,-11.95324],[-74.50479,-11.93767],[-74.49557,-11.92547],[-74.48783,-11.92309],[-74.49051,-11.91367],[-74.50736,-11.91611],[-74.5243,-11.89752],[-74.52488,-11.88895],[-74.53601,-11.87836],[-74.54921,-11.87803],[-74.55968,-11.88265],[-74.57071,-11.88444],[-74.57789,-11.88238],[-74.58324,-11.87236],[-74.58414,-11.86048],[-74.58184,-11.85376],[-74.59066,-11.85031],[-74.59673,-11.84278],[-74.59442,-11.83468],[-74.59908,-11.82958],[-74.5967,-11.8185],[-74.61075,-11.80575],[-74.60634,-11.79311],[-74.614,-11.78161],[-74.62448,-11.77352],[-74.6255,-11.76046],[-74.63723,-11.75136],[-74.63993,-11.74074],[-74.65028,-11.73631],[-74.6449,-11.72594],[-74.64597,-11.72089],[-74.64254,-11.70095],[-74.65154,-11.69667],[-74.65137,-11.68768],[-74.6641,-11.67921],[-74.6665,-11.67421],[-74.67568,-11.67178],[-74.67963,-11.66125],[-74.6907,-11.6662],[-74.69839,-11.66642],[-74.70949,-11.67424],[-74.72101,-11.66466],[-74.71786,-11.6585],[-74.72191,-11.65107],[-74.72202,-11.64256],[-74.72693,-11.63276],[-74.72514,-11.614],[-74.72973,-11.61102],[-74.72172,-11.59322],[-74.72399,-11.58429],[-74.71796,-11.58258],[-74.7068,-11.58474],[-74.70057,-11.57917],[-74.69389,-11.57902],[-74.68891,-11.57272],[-74.69473,-11.56592],[-74.68466,-11.56579],[-74.68002,-11.56171],[-74.66683,-11.57264],[-74.65032,-11.56326],[-74.64454,-11.55346],[-74.6547,-11.54588],[-74.65536,-11.53124],[-74.62792,-11.52279],[-74.62385,-11.51727],[-74.62036,-11.50405],[-74.61207,-11.49992],[-74.6169,-11.48965],[-74.61613,-11.47055],[-74.59039,-11.45736],[-74.59233,-11.44859],[-74.58284,-11.43712],[-74.56889,-11.43343],[-74.56227,-11.42744],[-74.55235,-11.4307],[-74.54533,-11.42764],[-74.54507,-11.42098],[-74.53356,-11.4121],[-74.53134,-11.40001],[-74.53498,-11.39525],[-74.53375,-11.38147],[-74.53879,-11.37936],[-74.54587,-11.37012],[-74.54597,-11.36421],[-74.5356,-11.35755],[-74.53368,-11.35115],[-74.52806,-11.35042],[-74.52244,-11.36056],[-74.51857,-11.35924],[-74.51129,-11.36705],[-74.49712,-11.36449],[-74.48522,-11.37769],[-74.47158,-11.37153],[-74.46848,-11.36582],[-74.45678,-11.35483],[-74.42299,-11.34003],[-74.41026,-11.36018],[-74.40378,-11.37666],[-74.3899,-11.39988],[-74.38564,-11.40019],[-74.38463,-11.41036],[-74.3764,-11.4276],[-74.37271,-11.43972],[-74.37941,-11.44273],[-74.36542,-11.45543],[-74.36024,-11.47108],[-74.35246,-11.4872],[-74.35163,-11.49776],[-74.3465,-11.50454],[-74.32807,-11.5057],[-74.32619,-11.51579],[-74.32119,-11.52205],[-74.30416,-11.52151],[-74.29208,-11.52778],[-74.28694,-11.52085],[-74.27542,-11.51757],[-74.26067,-11.52661],[-74.2585,-11.5325],[-74.24293,-11.53045],[-74.22601,-11.53907],[-74.2179,-11.53308],[-74.20177,-11.53336],[-74.19806,-11.53996],[-74.19086,-11.5426],[-74.19213,-11.54975],[-74.18577,-11.55785],[-74.18198,-11.56848],[-74.17322,-11.56773],[-74.16048,-11.57208],[-74.1518,-11.56849],[-74.14729,-11.57195],[-74.14649,-11.58099],[-74.14193,-11.5791],[-74.13006,-11.58325],[-74.12383,-11.58172],[-74.11928,-11.57377],[-74.10689,-11.57469],[-74.10245,-11.58294],[-74.10499,-11.58644],[-74.09896,-11.60015],[-74.08837,-11.59947],[-74.08614,-11.60475],[-74.08036,-11.59712],[-74.07463,-11.60317],[-74.05748,-11.59598],[-74.04086,-11.60012],[-74.03197,-11.61576],[-74.02574,-11.62164],[-74.02057,-11.64294],[-74.02717,-11.65414],[-74.02748,-11.66949],[-74.01343,-11.68152],[-74.02349,-11.68384],[-74.02412,-11.6947],[-74.01156,-11.69459],[-74.00613,-11.6976],[-74.00494,-11.70458],[-74.00912,-11.71472],[-74.00359,-11.72654],[-74.0074,-11.73272],[-74.00462,-11.74034],[-73.99363,-11.75027],[-73.99766,-11.77144],[-73.99115,-11.77246],[-73.97789,-11.75729],[-73.97475,-11.75938],[-73.97592,-11.77293],[-73.97384,-11.78358],[-73.96526,-11.79114],[-73.96388,-11.80622],[-73.95718,-11.8124],[-73.96748,-11.8308],[-73.96688,-11.84147],[-73.95985,-11.84843],[-73.95329,-11.86005],[-73.9329,-11.85685],[-73.92491,-11.86938],[-73.92444,-11.88345],[-73.93792,-11.90402],[-73.94321,-11.90703],[-73.95061,-11.90428],[-73.9602,-11.90716],[-73.9629,-11.91493],[-73.98476,-11.93329],[-73.98568,-11.94064],[-73.99356,-11.94617],[-74.00667,-11.95962],[-74.00728,-11.97423],[-74.01619,-11.99271],[-74.03489,-12.00136],[-74.04106,-12.00914],[-74.05489,-12.01858],[-74.05793,-12.03382],[-74.05311,-12.04362],[-74.05719,-12.04958],[-74.05563,-12.0595],[-74.05872,-12.07215],[-74.06363,-12.08137],[-74.06606,-12.10272],[-74.06889,-12.10634],[-74.07934,-12.10728],[-74.08723,-12.1115],[-74.08773,-12.12473],[-74.08078,-12.13209],[-74.08158,-12.14893],[-74.0928,-12.1601],[-74.11151,-12.16405],[-74.11247,-12.17043],[-74.12211,-12.18499],[-74.13306,-12.1942],[-74.13627,-12.18159],[-74.14091,-12.17537],[-74.14948,-12.17094],[-74.16542,-12.1589],[-74.17348,-12.14937],[-74.18151,-12.14568],[-74.18261,-12.13721],[-74.19229,-12.12634],[-74.19308,-12.12206],[-74.20323,-12.12011],[-74.20627,-12.11195],[-74.22774,-12.10414],[-74.24308,-12.10722],[-74.25126,-12.10588],[-74.26874,-12.07621],[-74.27443,-12.06256],[-74.28536,-12.07154],[-74.30002,-12.06655],[-74.30654,-12.07093],[-74.32151,-12.07444],[-74.33217,-12.08738],[-74.34063,-12.09268],[-74.35041,-12.1076],[-74.35611,-12.12432],[-74.36564,-12.13456]]]}},{"type":"Feature","properties":{"ubigeo":"120607","nombre":"Río Negro"},"geometry":{"type":"Polygon","coordinates":[[[-74.85588,-11.14838],[-74.85461,-11.13938],[-74.84849,-11.13634],[-74.84332,-11.12569],[-74.83991,-11.13093],[-74.82898,-11.12409],[-74.82528,-11.12714],[-74.81042,-11.10794],[-74.80009,-11.10282],[-74.79306,-11.10296],[-74.78944,-11.09794],[-74.78545,-11.10165],[-74.77843,-11.09236],[-74.77961,-11.08875],[-74.76664,-11.08448],[-74.76301,-11.07239],[-74.74623,-11.06988],[-74.74893,-11.04442],[-74.75219,-11.0356],[-74.75014,-11.01651],[-74.74571,-11.01075],[-74.73391,-11.01186],[-74.72964,-11.01723],[-74.71902,-11.02037],[-74.7144,-11.01567],[-74.69243,-11.01629],[-74.68603,-11.01016],[-74.6716,-11.00858],[-74.66222,-11.0109],[-74.65748,-11.00814],[-74.64742,-11.00905],[-74.64353,-11.00005],[-74.62829,-10.98562],[-74.62258,-10.97635],[-74.61241,-10.97911],[-74.60508,-10.97753],[-74.59457,-10.97028],[-74.58233,-10.98231],[-74.56293,-10.98379],[-74.5565,-10.99632],[-74.54922,-10.99236],[-74.53111,-11.00598],[-74.52877,-11.01817],[-74.52321,-11.02376],[-74.52951,-11.04029],[-74.53303,-11.04305],[-74.53331,-11.0544],[-74.54663,-11.05851],[-74.56094,-11.06887],[-74.57884,-11.06366],[-74.58262,-11.06609],[-74.60102,-11.06764],[-74.6173,-11.07461],[-74.62326,-11.06781],[-74.63068,-11.06912],[-74.63655,-11.07911],[-74.62899,-11.09102],[-74.63535,-11.09974],[-74.64471,-11.10227],[-74.65895,-11.11583],[-74.64984,-11.12468],[-74.6499,-11.14285],[-74.63694,-11.14775],[-74.63314,-11.14497],[-74.62486,-11.15255],[-74.62881,-11.15524],[-74.63909,-11.17199],[-74.6398,-11.18489],[-74.6329,-11.2012],[-74.63352,-11.20867],[-74.64571,-11.22708],[-74.65354,-11.22912],[-74.66303,-11.23685],[-74.67559,-11.22986],[-74.68095,-11.2325],[-74.69491,-11.23294],[-74.70316,-11.23072],[-74.72228,-11.21243],[-74.72279,-11.20766],[-74.73468,-11.19392],[-74.73685,-11.18669],[-74.74759,-11.18049],[-74.7659,-11.18439],[-74.78104,-11.18513],[-74.78548,-11.18912],[-74.78745,-11.2033],[-74.79263,-11.21138],[-74.82307,-11.20041],[-74.83069,-11.19307],[-74.8376,-11.1789],[-74.83878,-11.17052],[-74.85588,-11.14838]]]}},{"type":"Feature","properties":{"ubigeo":"120608","nombre":"Río Tambo"},"geometry":{"type":"Polygon","coordinates":[[[-73.41975,-11.38394],[-73.4301,-11.39992],[-73.4433,-11.40968],[-73.44586,-11.42062],[-73.45258,-11.42473],[-73.45584,-11.4402],[-73.46905,-11.44522],[-73.47672,-11.45893],[-73.47453,-11.46215],[-73.47972,-11.47136],[-73.46904,-11.48227],[-73.45381,-11.50533],[-73.44973,-11.53194],[-73.45564,-11.5357],[-73.47779,-11.53908],[-73.48713,-11.53492],[-73.49304,-11.54624],[-73.49213,-11.5518],[-73.50324,-11.56382],[-73.51427,-11.56824],[-73.53164,-11.57856],[-73.55965,-11.59205],[-73.58203,-11.61558],[-73.59436,-11.64033],[-73.59969,-11.64507],[-73.60827,-11.66016],[-73.61241,-11.67466],[-73.60861,-11.68521],[-73.60204,-11.69042],[-73.59741,-11.70094],[-73.58318,-11.71883],[-73.57448,-11.73415],[-73.56996,-11.75629],[-73.57052,-11.76289],[-73.57991,-11.76939],[-73.58166,-11.80696],[-73.58082,-11.82408],[-73.57751,-11.83648],[-73.56866,-11.84514],[-73.55526,-11.85236],[-73.54558,-11.85229],[-73.51113,-11.86241],[-73.49053,-11.87817],[-73.48572,-11.8923],[-73.47632,-11.90752],[-73.46372,-11.9233],[-73.46266,-11.92981],[-73.45615,-11.9341],[-73.44713,-11.93495],[-73.44113,-11.9442],[-73.44519,-11.95925],[-73.44019,-11.97073],[-73.43032,-11.98126],[-73.43769,-11.98963],[-73.43401,-11.99838],[-73.42504,-12.00391],[-73.42485,-12.0105],[-73.41812,-12.01506],[-73.40681,-12.00557],[-73.39788,-12.02094],[-73.39887,-12.04575],[-73.40327,-12.0574],[-73.40857,-12.06142],[-73.40034,-12.07346],[-73.3913,-12.07674],[-73.40045,-12.08859],[-73.39962,-12.09255],[-73.38886,-12.10089],[-73.37852,-12.1036],[-73.36395,-12.11167],[-73.35537,-12.11425],[-73.36181,-12.12697],[-73.36189,-12.13596],[-73.38175,-12.14058],[-73.39699,-12.13947],[-73.41742,-12.14527],[-73.42901,-12.15261],[-73.43952,-12.15201],[-73.44606,-12.16029],[-73.4609,-12.1961],[-73.46474,-12.21477],[-73.46965,-12.21997],[-73.47007,-12.23704],[-73.49244,-12.25046],[-73.50755,-12.25287],[-73.5168,-12.24911],[-73.52576,-12.25165],[-73.53374,-12.25898],[-73.54812,-12.26093],[-73.55395,-12.26501],[-73.55895,-12.27489],[-73.57433,-12.27684],[-73.57894,-12.29724],[-73.58495,-12.31311],[-73.5867,-12.33001],[-73.59205,-12.33423],[-73.58644,-12.34867],[-73.58937,-12.36185],[-73.58607,-12.36618],[-73.59047,-12.37694],[-73.5991,-12.3859],[-73.60376,-12.38699],[-73.60721,-12.38025],[-73.62882,-12.37383],[-73.63363,-12.37901],[-73.64448,-12.37205],[-73.65129,-12.36104],[-73.65833,-12.35735],[-73.65598,-12.35166],[-73.66078,-12.33671],[-73.65988,-12.32972],[-73.66496,-12.32113],[-73.67513,-12.31492],[-73.68907,-12.29941],[-73.69088,-12.291],[-73.70781,-12.26791],[-73.72274,-12.26376],[-73.73694,-12.26679],[-73.752,-12.25542],[-73.76141,-12.25325],[-73.77898,-12.26278],[-73.79562,-12.26228],[-73.82054,-12.24611],[-73.8382,-12.24252],[-73.86306,-12.2434],[-73.8782,-12.24883],[-73.88334,-12.26225],[-73.8998,-12.267],[-73.92493,-12.28319],[-73.93321,-12.28518],[-73.95084,-12.28118],[-73.97223,-12.29433],[-73.97108,-12.27341],[-73.9771,-12.26342],[-73.9811,-12.24991],[-73.98045,-12.24259],[-73.99293,-12.23486],[-73.99884,-12.22551],[-74.01274,-12.2178],[-74.01948,-12.20131],[-74.02749,-12.17399],[-74.03971,-12.16346],[-74.0492,-12.16296],[-74.05934,-12.17169],[-74.06528,-12.17278],[-74.07272,-12.16872],[-74.07387,-12.16089],[-74.06295,-12.14926],[-74.06606,-12.14066],[-74.08078,-12.13209],[-74.08773,-12.12473],[-74.08723,-12.1115],[-74.07934,-12.10728],[-74.06889,-12.10634],[-74.06606,-12.10272],[-74.06363,-12.08137],[-74.05872,-12.07215],[-74.05563,-12.0595],[-74.05719,-12.04958],[-74.05311,-12.04362],[-74.05793,-12.03382],[-74.05489,-12.01858],[-74.04106,-12.00914],[-74.03489,-12.00136],[-74.01619,-11.99271],[-74.00728,-11.97423],[-74.00667,-11.95962],[-73.99356,-11.94617],[-73.98568,-11.94064],[-73.98476,-11.93329],[-73.9629,-11.91493],[-73.9602,-11.90716],[-73.95061,-11.90428],[-73.94321,-11.90703],[-73.93792,-11.90402],[-73.92444,-11.88345],[-73.92491,-11.86938],[-73.9329,-11.85685],[-73.95329,-11.86005],[-73.95985,-11.84843],[-73.96688,-11.84147],[-73.96748,-11.8308],[-73.95718,-11.8124],[-73.96388,-11.80622],[-73.96526,-11.79114],[-73.97384,-11.78358],[-73.97592,-11.77293],[-73.97475,-11.75938],[-73.97789,-11.75729],[-73.99115,-11.77246],[-73.99766,-11.77144],[-73.99363,-11.75027],[-74.00462,-11.74034],[-74.0074,-11.73272],[-74.00359,-11.72654],[-74.00912,-11.71472],[-74.00494,-11.70458],[-74.00613,-11.6976],[-74.01156,-11.69459],[-74.02412,-11.6947],[-74.02349,-11.68384],[-74.01343,-11.68152],[-74.02748,-11.66949],[-74.02717,-11.65414],[-74.02057,-11.64294],[-74.02574,-11.62164],[-74.03197,-11.61576],[-74.04086,-11.60012],[-74.05748,-11.59598],[-74.07463,-11.60317],[-74.08036,-11.59712],[-74.07583,-11.5844],[-74.06667,-11.57724],[-74.06729,-11.56318],[-74.07161,-11.55638],[-74.07375,-11.54244],[-74.07807,-11.53407],[-74.06097,-11.51186],[-74.06192,-11.50756],[-74.0704,-11.50368],[-74.08133,-11.48966],[-74.09012,-11.48502],[-74.1016,-11.46796],[-74.10037,-11.4469],[-74.11449,-11.44305],[-74.1199,-11.43332],[-74.13145,-11.42558],[-74.13873,-11.41399],[-74.1524,-11.40842],[-74.15954,-11.3928],[-74.17019,-11.3833],[-74.17914,-11.36854],[-74.18346,-11.36552],[-74.18508,-11.35405],[-74.19353,-11.34566],[-74.20309,-11.32825],[-74.21981,-11.31108],[-74.21918,-11.29813],[-74.22341,-11.29025],[-74.22683,-11.27361],[-74.22535,-11.26133],[-74.22891,-11.25108],[-74.24182,-11.25653],[-74.24793,-11.24665],[-74.24089,-11.23646],[-74.24294,-11.22176],[-74.24224,-11.20346],[-74.23283,-11.18994],[-74.23058,-11.16451],[-74.23983,-11.16137],[-74.24576,-11.16658],[-74.26467,-11.16406],[-74.27742,-11.16002],[-74.28925,-11.14908],[-74.29845,-11.14788],[-74.31613,-11.15468],[-74.32779,-11.16351],[-74.3304,-11.16937],[-74.33553,-11.1678],[-74.33811,-11.17341],[-74.34699,-11.17483],[-74.3529,-11.18523],[-74.3561,-11.18148],[-74.36399,-11.18459],[-74.36972,-11.19642],[-74.38357,-11.20357],[-74.38453,-11.21018],[-74.39397,-11.21447],[-74.42393,-11.21608],[-74.41754,-11.20026],[-74.41235,-11.19836],[-74.4063,-11.18863],[-74.41097,-11.17872],[-74.418,-11.15493],[-74.41416,-11.14904],[-74.40028,-11.14111],[-74.38813,-11.14175],[-74.38348,-11.13654],[-74.38568,-11.12243],[-74.38007,-11.11514],[-74.39244,-11.11358],[-74.39766,-11.10147],[-74.40597,-11.10258],[-74.41467,-11.0854],[-74.42096,-11.08339],[-74.42385,-11.07705],[-74.43503,-11.07285],[-74.43406,-11.0654],[-74.45266,-11.05384],[-74.45847,-11.0453],[-74.46891,-11.04403],[-74.47213,-11.03716],[-74.49429,-11.03011],[-74.50461,-11.03337],[-74.50946,-11.02625],[-74.50948,-11.0137],[-74.51936,-11.01148],[-74.51965,-11.0075],[-74.53111,-11.00598],[-74.54922,-10.99236],[-74.5565,-10.99632],[-74.56293,-10.98379],[-74.58233,-10.98231],[-74.59457,-10.97028],[-74.60508,-10.97753],[-74.61241,-10.97911],[-74.62258,-10.97635],[-74.62776,-10.96511],[-74.64318,-10.95743],[-74.66124,-10.95283],[-74.67088,-10.95804],[-74.67811,-10.95136],[-74.69875,-10.95655],[-74.69452,-10.94815],[-74.69663,-10.94285],[-74.69375,-10.93307],[-74.70202,-10.915],[-74.6954,-10.89456],[-74.70172,-10.88125],[-74.70017,-10.87789],[-74.69491,-10.88492],[-74.68135,-10.88916],[-74.67918,-10.87907],[-74.66575,-10.87291],[-74.65781,-10.87396],[-74.6493,-10.86707],[-74.63417,-10.87356],[-74.63355,-10.88411],[-74.62354,-10.8909],[-74.6141,-10.90463],[-74.59481,-10.91149],[-74.58817,-10.91039],[-74.56996,-10.91521],[-74.56236,-10.91368],[-74.54107,-10.93154],[-74.53271,-10.93207],[-74.52581,-10.93976],[-74.50838,-10.9503],[-74.50268,-10.96516],[-74.50377,-10.97777],[-74.50008,-10.996],[-74.49453,-11.00112],[-74.48474,-11.00223],[-74.46244,-11.00055],[-74.44541,-11.00485],[-74.41864,-11.02524],[-74.41342,-11.03357],[-74.4001,-11.04324],[-74.39188,-11.04474],[-74.37365,-11.05652],[-74.36417,-11.05481],[-74.35029,-11.05667],[-74.33945,-11.05396],[-74.32002,-11.03842],[-74.29386,-11.03133],[-74.28154,-11.03313],[-74.25644,-11.01822],[-74.2245,-11.01914],[-74.21993,-11.02077],[-74.20147,-11.01966],[-74.19837,-10.99715],[-74.19087,-10.986],[-74.18248,-10.98579],[-74.17794,-10.99052],[-74.14799,-10.99884],[-74.13685,-10.9886],[-74.11652,-10.99086],[-74.10746,-10.98675],[-74.09178,-10.98681],[-74.07708,-10.99281],[-74.06136,-10.99574],[-74.03626,-10.98901],[-74.02211,-10.99335],[-74.0055,-10.99319],[-73.99613,-11.01745],[-73.99075,-11.02687],[-73.98911,-11.04112],[-73.97874,-11.07003],[-73.97828,-11.08314],[-73.98366,-11.09271],[-73.97827,-11.12063],[-73.96671,-11.13121],[-73.95842,-11.14153],[-73.95738,-11.14814],[-73.94183,-11.15122],[-73.93474,-11.14234],[-73.91649,-11.1431],[-73.90854,-11.15166],[-73.8993,-11.15578],[-73.89227,-11.16811],[-73.86306,-11.16912],[-73.85271,-11.16433],[-73.85737,-11.15871],[-73.8613,-11.14553],[-73.85968,-11.13256],[-73.86565,-11.09868],[-73.8631,-11.09075],[-73.86283,-11.07012],[-73.86657,-11.03735],[-73.86404,-11.01805],[-73.86368,-11.00174],[-73.86109,-10.97412],[-73.85781,-10.97155],[-73.85575,-10.95697],[-73.84828,-10.95076],[-73.84547,-10.94389],[-73.83222,-10.93305],[-73.82341,-10.92107],[-73.82684,-10.91279],[-73.81776,-10.90178],[-73.82106,-10.89669],[-73.8142,-10.8916],[-73.81493,-10.88293],[-73.82077,-10.87901],[-73.81601,-10.85795],[-73.82163,-10.84443],[-73.82216,-10.83607],[-73.81679,-10.83014],[-73.81777,-10.81381],[-73.81181,-10.80558],[-73.81422,-10.7999],[-73.80052,-10.79591],[-73.7907,-10.79636],[-73.78181,-10.78618],[-73.77848,-10.77504],[-73.78328,-10.75802],[-73.78199,-10.75062],[-73.77653,-10.7493],[-73.7572,-10.7359],[-73.74212,-10.73401],[-73.73711,-10.73731],[-73.734,-10.75109],[-73.72925,-10.75558],[-73.71486,-10.75989],[-73.70426,-10.77126],[-73.69619,-10.77303],[-73.67678,-10.79008],[-73.66565,-10.79316],[-73.66754,-10.79941],[-73.65968,-10.80702],[-73.63611,-10.82482],[-73.6104,-10.84657],[-73.59433,-10.85256],[-73.58052,-10.85457],[-73.57427,-10.85226],[-73.56723,-10.85921],[-73.56026,-10.86061],[-73.55902,-10.87414],[-73.56365,-10.89739],[-73.56727,-10.90595],[-73.56484,-10.93675],[-73.57168,-10.94856],[-73.57149,-10.95809],[-73.55867,-10.97535],[-73.55824,-10.99914],[-73.55454,-11.00339],[-73.55301,-11.01405],[-73.54134,-11.02155],[-73.54359,-11.03501],[-73.54258,-11.04742],[-73.52294,-11.05797],[-73.50659,-11.05789],[-73.49827,-11.06399],[-73.48879,-11.06237],[-73.4826,-11.06524],[-73.47824,-11.0787],[-73.47133,-11.087],[-73.47418,-11.09896],[-73.46959,-11.10646],[-73.46692,-11.11997],[-73.47519,-11.12836],[-73.46759,-11.15643],[-73.4666,-11.16614],[-73.46196,-11.17928],[-73.46334,-11.18551],[-73.45838,-11.19545],[-73.4592,-11.20878],[-73.4544,-11.22114],[-73.4501,-11.22475],[-73.44987,-11.23557],[-73.45566,-11.25752],[-73.45444,-11.26306],[-73.46113,-11.27694],[-73.4631,-11.29355],[-73.46011,-11.30271],[-73.47132,-11.30556],[-73.48409,-11.31934],[-73.47987,-11.33033],[-73.48564,-11.34432],[-73.48069,-11.3541],[-73.47065,-11.34401],[-73.46713,-11.34417],[-73.46374,-11.35428],[-73.44976,-11.36808],[-73.41975,-11.38394]]]}},{"type":"Feature","properties":{"ubigeo":"120609","nombre":"Vizcatán del Ene"},"geometry":{"type":"Polygon","coordinates":[[[-73.98045,-12.24259],[-73.98713,-12.26135],[-73.98638,-12.26832],[-73.99418,-12.27993],[-74.00198,-12.28403],[-74.00968,-12.27886],[-74.01896,-12.27841],[-74.03099,-12.27057],[-74.04022,-12.26147],[-74.04481,-12.2664],[-74.05505,-12.26932],[-74.05744,-12.27505],[-74.07101,-12.2771],[-74.07674,-12.2819],[-74.09836,-12.28491],[-74.10137,-12.30401],[-74.10598,-12.31534],[-74.11229,-12.31926],[-74.12144,-12.3336],[-74.12918,-12.33208],[-74.13116,-12.31461],[-74.14034,-12.31615],[-74.14733,-12.32438],[-74.15932,-12.32114],[-74.16525,-12.31317],[-74.17666,-12.31415],[-74.17968,-12.31742],[-74.18762,-12.31438],[-74.18735,-12.30664],[-74.19337,-12.30191],[-74.19989,-12.30255],[-74.20695,-12.29828],[-74.21545,-12.30339],[-74.22193,-12.29831],[-74.21578,-12.29198],[-74.22088,-12.28611],[-74.21804,-12.27808],[-74.22383,-12.27706],[-74.23305,-12.26746],[-74.24098,-12.27059],[-74.24711,-12.26821],[-74.24903,-12.2575],[-74.25815,-12.2559],[-74.26318,-12.24646],[-74.27052,-12.23914],[-74.28407,-12.24064],[-74.2917,-12.22991],[-74.29149,-12.22305],[-74.29726,-12.22604],[-74.31267,-12.22451],[-74.3144,-12.23039],[-74.32187,-12.22978],[-74.33652,-12.21493],[-74.33067,-12.21208],[-74.33419,-12.19446],[-74.34424,-12.19533],[-74.35149,-12.1764],[-74.34595,-12.17374],[-74.34706,-12.16506],[-74.35464,-12.16425],[-74.36131,-12.15522],[-74.35819,-12.1487],[-74.35238,-12.14776],[-74.35136,-12.13832],[-74.36564,-12.13456],[-74.35611,-12.12432],[-74.35041,-12.1076],[-74.34063,-12.09268],[-74.33217,-12.08738],[-74.32151,-12.07444],[-74.30654,-12.07093],[-74.30002,-12.06655],[-74.28536,-12.07154],[-74.27443,-12.06256],[-74.26874,-12.07621],[-74.25126,-12.10588],[-74.24308,-12.10722],[-74.22774,-12.10414],[-74.20627,-12.11195],[-74.20323,-12.12011],[-74.19308,-12.12206],[-74.19229,-12.12634],[-74.18261,-12.13721],[-74.18151,-12.14568],[-74.17348,-12.14937],[-74.16542,-12.1589],[-74.14948,-12.17094],[-74.14091,-12.17537],[-74.13627,-12.18159],[-74.13306,-12.1942],[-74.12211,-12.18499],[-74.11247,-12.17043],[-74.11151,-12.16405],[-74.0928,-12.1601],[-74.08158,-12.14893],[-74.08078,-12.13209],[-74.06606,-12.14066],[-74.06295,-12.14926],[-74.07387,-12.16089],[-74.07272,-12.16872],[-74.06528,-12.17278],[-74.05934,-12.17169],[-74.0492,-12.16296],[-74.03971,-12.16346],[-74.02749,-12.17399],[-74.01948,-12.20131],[-74.01274,-12.2178],[-73.99884,-12.22551],[-73.99293,-12.23486],[-73.98045,-12.24259]]]}},{"type":"Feature","properties":{"ubigeo":"120701","nombre":"Tarma"},"geometry":{"type":"Polygon","coordinates":[[[-75.60105,-11.44272],[-75.62023,-11.45305],[-75.61724,-11.46783],[-75.62374,-11.47446],[-75.63555,-11.4773],[-75.64238,-11.48266],[-75.6646,-11.48816],[-75.67322,-11.49366],[-75.68957,-11.49514],[-75.69536,-11.50038],[-75.68622,-11.52544],[-75.68949,-11.54675],[-75.68936,-11.55636],[-75.70136,-11.55719],[-75.71161,-11.56605],[-75.71842,-11.5443],[-75.72706,-11.53554],[-75.72763,-11.52548],[-75.73705,-11.52267],[-75.74504,-11.53816],[-75.74947,-11.54236],[-75.75748,-11.54193],[-75.77055,-11.53689],[-75.79362,-11.54533],[-75.80176,-11.54477],[-75.81162,-11.54693],[-75.82683,-11.5371],[-75.83922,-11.52239],[-75.85931,-11.50541],[-75.86487,-11.50953],[-75.87092,-11.50708],[-75.87439,-11.49093],[-75.88621,-11.47422],[-75.89433,-11.45756],[-75.90848,-11.43175],[-75.91497,-11.43051],[-75.91638,-11.41583],[-75.88269,-11.40318],[-75.88291,-11.39112],[-75.87546,-11.38705],[-75.86229,-11.39227],[-75.85294,-11.39018],[-75.83158,-11.37788],[-75.81054,-11.38365],[-75.79767,-11.39481],[-75.78501,-11.39325],[-75.75466,-11.39825],[-75.74731,-11.39558],[-75.73262,-11.39871],[-75.71657,-11.39074],[-75.70747,-11.37926],[-75.70812,-11.37333],[-75.71897,-11.35127],[-75.7045,-11.3579],[-75.67881,-11.38038],[-75.67186,-11.39193],[-75.66257,-11.39509],[-75.65305,-11.40242],[-75.64978,-11.3889],[-75.63433,-11.39343],[-75.61988,-11.40259],[-75.60989,-11.40156],[-75.59518,-11.40714],[-75.59423,-11.41271],[-75.6005,-11.42325],[-75.61194,-11.43208],[-75.61109,-11.43709],[-75.60105,-11.44272]]]}},{"type":"Feature","properties":{"ubigeo":"120702","nombre":"Acobamba"},"geometry":{"type":"Polygon","coordinates":[[[-75.5979,-11.39098],[-75.59518,-11.40714],[-75.60989,-11.40156],[-75.61988,-11.40259],[-75.63433,-11.39343],[-75.64978,-11.3889],[-75.65305,-11.40242],[-75.66257,-11.39509],[-75.67186,-11.39193],[-75.67881,-11.38038],[-75.7045,-11.3579],[-75.71897,-11.35127],[-75.72853,-11.34444],[-75.73754,-11.34292],[-75.7308,-11.33746],[-75.72025,-11.33435],[-75.71327,-11.3268],[-75.70554,-11.33067],[-75.69938,-11.32242],[-75.70798,-11.31544],[-75.70746,-11.3057],[-75.70273,-11.3014],[-75.69925,-11.29032],[-75.68893,-11.29095],[-75.67905,-11.29537],[-75.66459,-11.30656],[-75.65326,-11.31825],[-75.64721,-11.31109],[-75.62221,-11.31011],[-75.61144,-11.3225],[-75.60889,-11.33764],[-75.6031,-11.35147],[-75.60516,-11.36671],[-75.59978,-11.37795],[-75.5979,-11.39098]]]}},{"type":"Feature","properties":{"ubigeo":"120703","nombre":"Huaricolca"},"geometry":{"type":"Polygon","coordinates":[[[-75.5491,-11.59829],[-75.5556,-11.60103],[-75.55718,-11.59509],[-75.56549,-11.59109],[-75.57624,-11.58163],[-75.58062,-11.59586],[-75.58944,-11.58448],[-75.60079,-11.57763],[-75.60373,-11.58356],[-75.6134,-11.58248],[-75.62279,-11.58863],[-75.63197,-11.58389],[-75.63401,-11.5685],[-75.64434,-11.56433],[-75.64919,-11.57015],[-75.66455,-11.56911],[-75.68381,-11.56546],[-75.68936,-11.55636],[-75.68949,-11.54675],[-75.68622,-11.52544],[-75.69536,-11.50038],[-75.68957,-11.49514],[-75.67322,-11.49366],[-75.6646,-11.48816],[-75.64238,-11.48266],[-75.63555,-11.4773],[-75.62374,-11.47446],[-75.61724,-11.46783],[-75.62023,-11.45305],[-75.60105,-11.44272],[-75.59609,-11.44775],[-75.58269,-11.47131],[-75.5803,-11.48037],[-75.56373,-11.485],[-75.54971,-11.49244],[-75.54721,-11.50359],[-75.5519,-11.51398],[-75.54742,-11.52571],[-75.5672,-11.53429],[-75.57301,-11.54249],[-75.56855,-11.55695],[-75.55331,-11.57713],[-75.54868,-11.59146],[-75.5491,-11.59829]]]}},{"type":"Feature","properties":{"ubigeo":"120704","nombre":"Huasahuasi"},"geometry":{"type":"Polygon","coordinates":[[[-75.50618,-11.2244],[-75.51329,-11.22763],[-75.51765,-11.23548],[-75.52766,-11.24481],[-75.54617,-11.24885],[-75.55876,-11.26528],[-75.57079,-11.27148],[-75.58689,-11.27351],[-75.60077,-11.29091],[-75.60603,-11.29381],[-75.61115,-11.30271],[-75.62221,-11.31011],[-75.64721,-11.31109],[-75.65326,-11.31825],[-75.66459,-11.30656],[-75.67905,-11.29537],[-75.68893,-11.29095],[-75.69925,-11.29032],[-75.71532,-11.2813],[-75.71632,-11.27302],[-75.72997,-11.27349],[-75.7243,-11.26285],[-75.73247,-11.23827],[-75.7407,-11.23225],[-75.75423,-11.22931],[-75.76472,-11.22256],[-75.76867,-11.20999],[-75.77799,-11.20523],[-75.78431,-11.21259],[-75.79255,-11.19995],[-75.79414,-11.18677],[-75.79978,-11.18637],[-75.81359,-11.17891],[-75.80847,-11.16888],[-75.80121,-11.16127],[-75.79641,-11.16365],[-75.7848,-11.15965],[-75.78026,-11.16108],[-75.77393,-11.14947],[-75.77956,-11.14154],[-75.78218,-11.13163],[-75.78703,-11.12563],[-75.79819,-11.11926],[-75.79406,-11.11507],[-75.78033,-11.11575],[-75.76806,-11.1095],[-75.75195,-11.10523],[-75.74374,-11.10985],[-75.73391,-11.1086],[-75.73081,-11.09364],[-75.72576,-11.08863],[-75.71187,-11.08212],[-75.69718,-11.08398],[-75.68815,-11.07792],[-75.67949,-11.07688],[-75.67733,-11.07171],[-75.66561,-11.07858],[-75.65814,-11.0736],[-75.65382,-11.0637],[-75.64075,-11.05796],[-75.63149,-11.05146],[-75.62484,-11.05116],[-75.61561,-11.04552],[-75.61468,-11.03004],[-75.60777,-11.01505],[-75.60614,-10.99901],[-75.60883,-10.9932],[-75.6077,-10.98127],[-75.60277,-10.97664],[-75.60355,-10.96678],[-75.60016,-10.95448],[-75.59286,-10.95672],[-75.5842,-10.95347],[-75.56647,-10.95408],[-75.56012,-10.95747],[-75.55202,-10.95118],[-75.53698,-10.94835],[-75.52354,-10.94997],[-75.51516,-10.95355],[-75.50776,-10.96223],[-75.50281,-10.96207],[-75.49642,-10.95176],[-75.49439,-10.94029],[-75.49758,-10.92779],[-75.48648,-10.91818],[-75.47801,-10.91705],[-75.4652,-10.90841],[-75.46522,-10.90113],[-75.45335,-10.9003],[-75.4369,-10.91021],[-75.43138,-10.92349],[-75.43015,-10.93285],[-75.4235,-10.93689],[-75.42278,-10.95789],[-75.43765,-10.96517],[-75.44424,-10.98452],[-75.4502,-10.99023],[-75.45425,-11.00225],[-75.44525,-11.00766],[-75.4531,-11.01644],[-75.45996,-11.0179],[-75.46412,-11.02421],[-75.48193,-11.01616],[-75.50419,-11.02632],[-75.51537,-11.04342],[-75.52556,-11.04361],[-75.52777,-11.05006],[-75.53757,-11.05035],[-75.54095,-11.04674],[-75.55451,-11.05337],[-75.563,-11.05041],[-75.56361,-11.04576],[-75.57627,-11.0508],[-75.5844,-11.0514],[-75.58615,-11.05805],[-75.59612,-11.06288],[-75.60429,-11.07508],[-75.61029,-11.07404],[-75.61424,-11.07901],[-75.6233,-11.0769],[-75.64733,-11.08996],[-75.65517,-11.09196],[-75.65946,-11.0973],[-75.66896,-11.1008],[-75.66965,-11.11531],[-75.65583,-11.12135],[-75.65563,-11.13201],[-75.65152,-11.13253],[-75.64289,-11.14498],[-75.63768,-11.1642],[-75.62296,-11.15582],[-75.61511,-11.15705],[-75.60221,-11.17249],[-75.59052,-11.16481],[-75.58394,-11.1679],[-75.58837,-11.17713],[-75.58611,-11.21204],[-75.58304,-11.21369],[-75.58636,-11.22225],[-75.57931,-11.22873],[-75.50618,-11.2244]]]}},{"type":"Feature","properties":{"ubigeo":"120705","nombre":"La Unión"},"geometry":{"type":"Polygon","coordinates":[[[-75.71897,-11.35127],[-75.70812,-11.37333],[-75.70747,-11.37926],[-75.71657,-11.39074],[-75.73262,-11.39871],[-75.74731,-11.39558],[-75.75466,-11.39825],[-75.78501,-11.39325],[-75.79767,-11.39481],[-75.81054,-11.38365],[-75.83158,-11.37788],[-75.85294,-11.39018],[-75.86229,-11.39227],[-75.87546,-11.38705],[-75.88291,-11.39112],[-75.88269,-11.40318],[-75.89272,-11.39912],[-75.91286,-11.38338],[-75.90864,-11.37648],[-75.93945,-11.34713],[-75.96019,-11.33332],[-75.94204,-11.33514],[-75.92435,-11.32976],[-75.89602,-11.3367],[-75.89014,-11.33316],[-75.88091,-11.32964],[-75.85754,-11.32687],[-75.83754,-11.32535],[-75.83189,-11.32157],[-75.82397,-11.32816],[-75.8103,-11.32972],[-75.8004,-11.32654],[-75.78354,-11.32968],[-75.76957,-11.33571],[-75.75354,-11.33641],[-75.74697,-11.34175],[-75.73754,-11.34292],[-75.72853,-11.34444],[-75.71897,-11.35127]]]}},{"type":"Feature","properties":{"ubigeo":"120706","nombre":"Palca"},"geometry":{"type":"Polygon","coordinates":[[[-75.46126,-11.42894],[-75.46936,-11.4171],[-75.46447,-11.40715],[-75.47049,-11.40096],[-75.46798,-11.39474],[-75.47556,-11.38047],[-75.4719,-11.36814],[-75.47379,-11.3577],[-75.49554,-11.36333],[-75.50527,-11.35917],[-75.52124,-11.36135],[-75.53817,-11.35593],[-75.54842,-11.34498],[-75.5643,-11.35237],[-75.56918,-11.35895],[-75.5817,-11.36529],[-75.5891,-11.37398],[-75.59194,-11.38481],[-75.5979,-11.39098],[-75.59978,-11.37795],[-75.60516,-11.36671],[-75.6031,-11.35147],[-75.60889,-11.33764],[-75.61144,-11.3225],[-75.62221,-11.31011],[-75.61115,-11.30271],[-75.60603,-11.29381],[-75.60077,-11.29091],[-75.58689,-11.27351],[-75.57079,-11.27148],[-75.55876,-11.26528],[-75.54617,-11.24885],[-75.52766,-11.24481],[-75.51765,-11.23548],[-75.51329,-11.22763],[-75.50618,-11.2244],[-75.43479,-11.25821],[-75.43319,-11.26525],[-75.44104,-11.26598],[-75.447,-11.27174],[-75.43795,-11.29059],[-75.4431,-11.30275],[-75.43327,-11.31011],[-75.43352,-11.32377],[-75.43096,-11.33231],[-75.42403,-11.33001],[-75.4112,-11.33397],[-75.40212,-11.3457],[-75.40545,-11.3682],[-75.40946,-11.37179],[-75.40967,-11.38777],[-75.41615,-11.39358],[-75.42891,-11.39112],[-75.43777,-11.39929],[-75.4395,-11.40726],[-75.45162,-11.41327],[-75.4529,-11.42299],[-75.46126,-11.42894]]]}},{"type":"Feature","properties":{"ubigeo":"120707","nombre":"Palcamayo"},"geometry":{"type":"Polygon","coordinates":[[[-75.73754,-11.34292],[-75.74697,-11.34175],[-75.75354,-11.33641],[-75.76957,-11.33571],[-75.78354,-11.32968],[-75.8004,-11.32654],[-75.8103,-11.32972],[-75.82397,-11.32816],[-75.83189,-11.32157],[-75.83754,-11.32535],[-75.85754,-11.32687],[-75.84887,-11.31075],[-75.836,-11.30339],[-75.82017,-11.29855],[-75.81712,-11.2953],[-75.79677,-11.2861],[-75.7943,-11.27383],[-75.81233,-11.26761],[-75.82362,-11.26686],[-75.82133,-11.2595],[-75.81432,-11.25462],[-75.82197,-11.23959],[-75.83454,-11.22514],[-75.84692,-11.20521],[-75.8479,-11.1964],[-75.83969,-11.1821],[-75.82526,-11.18352],[-75.81359,-11.17891],[-75.79978,-11.18637],[-75.79414,-11.18677],[-75.79255,-11.19995],[-75.78431,-11.21259],[-75.77799,-11.20523],[-75.76867,-11.20999],[-75.76472,-11.22256],[-75.75423,-11.22931],[-75.7407,-11.23225],[-75.73247,-11.23827],[-75.7243,-11.26285],[-75.72997,-11.27349],[-75.71632,-11.27302],[-75.71532,-11.2813],[-75.69925,-11.29032],[-75.70273,-11.3014],[-75.70746,-11.3057],[-75.70798,-11.31544],[-75.69938,-11.32242],[-75.70554,-11.33067],[-75.71327,-11.3268],[-75.72025,-11.33435],[-75.7308,-11.33746],[-75.73754,-11.34292]]]}},{"type":"Feature","properties":{"ubigeo":"120708","nombre":"San Pedro de Cajas"},"geometry":{"type":"Polygon","coordinates":[[[-75.81359,-11.17891],[-75.82526,-11.18352],[-75.83969,-11.1821],[-75.8479,-11.1964],[-75.84692,-11.20521],[-75.83454,-11.22514],[-75.82197,-11.23959],[-75.81432,-11.25462],[-75.82133,-11.2595],[-75.82362,-11.26686],[-75.81233,-11.26761],[-75.7943,-11.27383],[-75.79677,-11.2861],[-75.81712,-11.2953],[-75.82017,-11.29855],[-75.836,-11.30339],[-75.84887,-11.31075],[-75.85754,-11.32687],[-75.88091,-11.32964],[-75.89014,-11.33316],[-75.8968,-11.31746],[-75.91388,-11.30171],[-75.91344,-11.29312],[-75.92467,-11.28082],[-75.94476,-11.24541],[-75.97193,-11.21417],[-75.96012,-11.21744],[-75.9337,-11.21727],[-75.92204,-11.21975],[-75.91145,-11.20478],[-75.90185,-11.2003],[-75.89994,-11.19202],[-75.90447,-11.17563],[-75.89753,-11.17355],[-75.89741,-11.1668],[-75.88448,-11.15715],[-75.88836,-11.149],[-75.88045,-11.14148],[-75.87282,-11.14108],[-75.86244,-11.14485],[-75.85642,-11.13889],[-75.85237,-11.12805],[-75.85219,-11.11971],[-75.83894,-11.11941],[-75.83739,-11.10429],[-75.83246,-11.09462],[-75.83856,-11.08441],[-75.83231,-11.05133],[-75.81312,-11.05019],[-75.81274,-11.04345],[-75.81717,-11.03444],[-75.80637,-11.027],[-75.80255,-11.01493],[-75.78645,-11.00488],[-75.78406,-10.99749],[-75.77527,-10.99892],[-75.76233,-11.01002],[-75.7396,-11.00074],[-75.7274,-10.99917],[-75.7256,-10.99162],[-75.71491,-10.98178],[-75.70558,-10.97907],[-75.69927,-10.9702],[-75.68189,-10.96456],[-75.6742,-10.9506],[-75.66546,-10.94958],[-75.65224,-10.95814],[-75.62524,-10.95889],[-75.6142,-10.96088],[-75.60016,-10.95448],[-75.60355,-10.96678],[-75.60277,-10.97664],[-75.6077,-10.98127],[-75.60883,-10.9932],[-75.60614,-10.99901],[-75.60777,-11.01505],[-75.61468,-11.03004],[-75.61561,-11.04552],[-75.62484,-11.05116],[-75.63149,-11.05146],[-75.64075,-11.05796],[-75.65382,-11.0637],[-75.65814,-11.0736],[-75.66561,-11.07858],[-75.67733,-11.07171],[-75.67949,-11.07688],[-75.68815,-11.07792],[-75.69718,-11.08398],[-75.71187,-11.08212],[-75.72576,-11.08863],[-75.73081,-11.09364],[-75.73391,-11.1086],[-75.74374,-11.10985],[-75.75195,-11.10523],[-75.76806,-11.1095],[-75.78033,-11.11575],[-75.79406,-11.11507],[-75.79819,-11.11926],[-75.78703,-11.12563],[-75.78218,-11.13163],[-75.77956,-11.14154],[-75.77393,-11.14947],[-75.78026,-11.16108],[-75.7848,-11.15965],[-75.79641,-11.16365],[-75.80121,-11.16127],[-75.80847,-11.16888],[-75.81359,-11.17891]]]}},{"type":"Feature","properties":{"ubigeo":"120709","nombre":"Tapo"},"geometry":{"type":"Polygon","coordinates":[[[-75.47717,-11.48299],[-75.47736,-11.49148],[-75.47222,-11.49555],[-75.47374,-11.50488],[-75.47084,-11.51208],[-75.47395,-11.52141],[-75.47854,-11.52299],[-75.48733,-11.51529],[-75.4928,-11.51698],[-75.49764,-11.50945],[-75.51153,-11.51649],[-75.51254,-11.51189],[-75.52413,-11.49794],[-75.53269,-11.49417],[-75.54216,-11.50575],[-75.54721,-11.50359],[-75.54971,-11.49244],[-75.56373,-11.485],[-75.5803,-11.48037],[-75.58269,-11.47131],[-75.59609,-11.44775],[-75.60105,-11.44272],[-75.61109,-11.43709],[-75.61194,-11.43208],[-75.6005,-11.42325],[-75.59423,-11.41271],[-75.59518,-11.40714],[-75.5979,-11.39098],[-75.59194,-11.38481],[-75.5891,-11.37398],[-75.5817,-11.36529],[-75.56918,-11.35895],[-75.5643,-11.35237],[-75.54842,-11.34498],[-75.53817,-11.35593],[-75.52124,-11.36135],[-75.50527,-11.35917],[-75.49554,-11.36333],[-75.47379,-11.3577],[-75.4719,-11.36814],[-75.47556,-11.38047],[-75.46798,-11.39474],[-75.47049,-11.40096],[-75.46447,-11.40715],[-75.46936,-11.4171],[-75.46126,-11.42894],[-75.46112,-11.44576],[-75.45747,-11.45343],[-75.47152,-11.47282],[-75.47717,-11.48299]]]}},{"type":"Feature","properties":{"ubigeo":"120801","nombre":"La Oroya"},"geometry":{"type":"Polygon","coordinates":[[[-75.70028,-11.713],[-75.71354,-11.72299],[-75.7345,-11.74678],[-75.75212,-11.72817],[-75.75227,-11.70281],[-75.76368,-11.70126],[-75.76833,-11.69737],[-75.77057,-11.68701],[-75.77822,-11.67973],[-75.78194,-11.66721],[-75.78834,-11.66675],[-75.79584,-11.65101],[-75.82512,-11.64377],[-75.83622,-11.64454],[-75.84746,-11.65461],[-75.85612,-11.68177],[-75.86636,-11.67758],[-75.88187,-11.67789],[-75.88819,-11.67174],[-75.88848,-11.66383],[-75.9,-11.66885],[-75.91364,-11.67043],[-75.92708,-11.67826],[-75.93682,-11.67164],[-75.93941,-11.66599],[-75.95296,-11.66097],[-75.96341,-11.64552],[-75.97586,-11.6405],[-75.9804,-11.64618],[-75.98157,-11.63988],[-75.98629,-11.62333],[-75.98354,-11.61326],[-75.97779,-11.61173],[-75.96756,-11.59967],[-75.95871,-11.59274],[-75.95693,-11.58561],[-75.9576,-11.56959],[-75.94902,-11.56226],[-75.94427,-11.55346],[-75.92808,-11.54424],[-75.91622,-11.52602],[-75.90962,-11.52132],[-75.91502,-11.51686],[-75.92889,-11.515],[-75.92717,-11.50867],[-75.93145,-11.50399],[-75.92736,-11.49268],[-75.92027,-11.48568],[-75.9088,-11.48506],[-75.90783,-11.47848],[-75.90052,-11.47259],[-75.90057,-11.46648],[-75.89433,-11.45756],[-75.88621,-11.47422],[-75.87439,-11.49093],[-75.87092,-11.50708],[-75.86487,-11.50953],[-75.85931,-11.50541],[-75.83922,-11.52239],[-75.82683,-11.5371],[-75.81162,-11.54693],[-75.80176,-11.54477],[-75.79504,-11.55658],[-75.78743,-11.55924],[-75.78164,-11.58801],[-75.77664,-11.59043],[-75.77481,-11.5991],[-75.76635,-11.61072],[-75.76587,-11.62179],[-75.75759,-11.62833],[-75.75644,-11.63957],[-75.74154,-11.6474],[-75.72021,-11.67601],[-75.71701,-11.68438],[-75.71538,-11.70075],[-75.70028,-11.713]]]}},{"type":"Feature","properties":{"ubigeo":"120802","nombre":"Chacapalpa"},"geometry":{"type":"Polygon","coordinates":[[[-75.89314,-11.78363],[-75.90131,-11.77336],[-75.90838,-11.77392],[-75.90466,-11.75601],[-75.90708,-11.73756],[-75.90538,-11.72666],[-75.89655,-11.7179],[-75.88801,-11.7171],[-75.87448,-11.71051],[-75.87068,-11.70243],[-75.86287,-11.69613],[-75.85612,-11.68177],[-75.84746,-11.65461],[-75.83622,-11.64454],[-75.82512,-11.64377],[-75.79584,-11.65101],[-75.78834,-11.66675],[-75.78194,-11.66721],[-75.77822,-11.67973],[-75.77057,-11.68701],[-75.76833,-11.69737],[-75.76368,-11.70126],[-75.75227,-11.70281],[-75.75212,-11.72817],[-75.7345,-11.74678],[-75.74103,-11.74856],[-75.75465,-11.77475],[-75.76776,-11.77438],[-75.78288,-11.77844],[-75.78787,-11.78477],[-75.79782,-11.79024],[-75.81496,-11.78964],[-75.82217,-11.78368],[-75.83226,-11.76985],[-75.85504,-11.76759],[-75.87367,-11.77023],[-75.89314,-11.78363]]]}},{"type":"Feature","properties":{"ubigeo":"120803","nombre":"Huay-Huay"},"geometry":{"type":"Polygon","coordinates":[[[-75.90838,-11.77392],[-75.91631,-11.77108],[-75.92922,-11.75591],[-75.95207,-11.75802],[-75.96175,-11.7608],[-75.97023,-11.76649],[-75.97787,-11.76658],[-75.98261,-11.77871],[-75.99333,-11.78268],[-76.01271,-11.79509],[-76.01766,-11.78975],[-76.02911,-11.78721],[-76.04037,-11.77428],[-76.05101,-11.76118],[-76.05196,-11.75394],[-76.04699,-11.74763],[-76.04061,-11.74679],[-76.04006,-11.72894],[-76.04669,-11.71404],[-76.04541,-11.70632],[-76.03815,-11.70229],[-76.01761,-11.70612],[-76.01252,-11.70171],[-76.01196,-11.69009],[-76.00119,-11.67601],[-76.0071,-11.66119],[-76.00401,-11.65561],[-75.98993,-11.64211],[-75.98157,-11.63988],[-75.9804,-11.64618],[-75.97586,-11.6405],[-75.96341,-11.64552],[-75.95296,-11.66097],[-75.93941,-11.66599],[-75.93682,-11.67164],[-75.92708,-11.67826],[-75.91364,-11.67043],[-75.9,-11.66885],[-75.88848,-11.66383],[-75.88819,-11.67174],[-75.88187,-11.67789],[-75.86636,-11.67758],[-75.85612,-11.68177],[-75.86287,-11.69613],[-75.87068,-11.70243],[-75.87448,-11.71051],[-75.88801,-11.7171],[-75.89655,-11.7179],[-75.90538,-11.72666],[-75.90708,-11.73756],[-75.90466,-11.75601],[-75.90838,-11.77392]]]}},{"type":"Feature","properties":{"ubigeo":"120804","nombre":"Marcapomacocha"},"geometry":{"type":"Polygon","coordinates":[[[-76.0824,-11.38796],[-76.08622,-11.39221],[-76.09248,-11.41499],[-76.10273,-11.43112],[-76.1048,-11.43831],[-76.12093,-11.45828],[-76.13515,-11.46654],[-76.15329,-11.48223],[-76.15588,-11.49278],[-76.16804,-11.50431],[-76.1814,-11.50529],[-76.19565,-11.51692],[-76.20564,-11.52868],[-76.2062,-11.53328],[-76.21736,-11.53994],[-76.21916,-11.5491],[-76.22734,-11.55389],[-76.23741,-11.56901],[-76.24459,-11.56643],[-76.25454,-11.56903],[-76.26202,-11.56667],[-76.26869,-11.57063],[-76.27184,-11.58012],[-76.28679,-11.59123],[-76.29286,-11.58878],[-76.29765,-11.59617],[-76.30119,-11.5848],[-76.29973,-11.57676],[-76.30437,-11.56753],[-76.31751,-11.5627],[-76.32127,-11.55321],[-76.32583,-11.55212],[-76.32786,-11.54432],[-76.35,-11.5423],[-76.34866,-11.52817],[-76.35092,-11.52007],[-76.3594,-11.52287],[-76.36176,-11.51457],[-76.37684,-11.50149],[-76.38102,-11.48634],[-76.37151,-11.47552],[-76.37484,-11.4642],[-76.37741,-11.44422],[-76.39434,-11.44501],[-76.41183,-11.4146],[-76.40429,-11.40923],[-76.40142,-11.40285],[-76.41411,-11.37955],[-76.4204,-11.37366],[-76.42268,-11.35486],[-76.43175,-11.34556],[-76.44336,-11.34728],[-76.45097,-11.3439],[-76.45702,-11.33443],[-76.45727,-11.33259],[-76.42664,-11.3255],[-76.42215,-11.31936],[-76.42801,-11.30993],[-76.42141,-11.30277],[-76.41169,-11.30055],[-76.40199,-11.30381],[-76.39718,-11.31499],[-76.39056,-11.3176],[-76.3747,-11.31325],[-76.36475,-11.30775],[-76.35794,-11.31339],[-76.33498,-11.30737],[-76.32394,-11.29575],[-76.3086,-11.29365],[-76.30223,-11.29971],[-76.28858,-11.30346],[-76.28515,-11.29665],[-76.27476,-11.29079],[-76.26635,-11.28202],[-76.25146,-11.27454],[-76.25282,-11.26255],[-76.24853,-11.25451],[-76.24481,-11.25574],[-76.23414,-11.25003],[-76.22641,-11.25051],[-76.20889,-11.24215],[-76.19761,-11.24212],[-76.18235,-11.23904],[-76.17737,-11.24237],[-76.16841,-11.25668],[-76.16527,-11.27015],[-76.15656,-11.27856],[-76.15393,-11.2856],[-76.14127,-11.29412],[-76.13867,-11.30596],[-76.13405,-11.31008],[-76.13607,-11.31537],[-76.12421,-11.32581],[-76.10812,-11.33549],[-76.10544,-11.35295],[-76.09689,-11.36091],[-76.09357,-11.37411],[-76.0824,-11.38796]]]}},{"type":"Feature","properties":{"ubigeo":"120805","nombre":"Morococha"},"geometry":{"type":"Polygon","coordinates":[[[-76.03331,-11.58093],[-76.03616,-11.58259],[-76.03515,-11.59316],[-76.03821,-11.60419],[-76.04839,-11.60943],[-76.06358,-11.6092],[-76.07221,-11.59761],[-76.08997,-11.61213],[-76.091,-11.61756],[-76.10352,-11.62677],[-76.1176,-11.6217],[-76.12469,-11.63097],[-76.13219,-11.6295],[-76.1414,-11.63233],[-76.14916,-11.62534],[-76.15499,-11.6265],[-76.16305,-11.61749],[-76.17273,-11.614],[-76.18069,-11.61443],[-76.17981,-11.61092],[-76.18787,-11.60231],[-76.18771,-11.59279],[-76.19329,-11.58746],[-76.19939,-11.58843],[-76.2055,-11.57442],[-76.21693,-11.57157],[-76.21754,-11.56549],[-76.22371,-11.56273],[-76.22734,-11.55389],[-76.21916,-11.5491],[-76.21736,-11.53994],[-76.2062,-11.53328],[-76.20564,-11.52868],[-76.19565,-11.51692],[-76.1814,-11.50529],[-76.16804,-11.50431],[-76.15588,-11.49278],[-76.15329,-11.48223],[-76.13515,-11.46654],[-76.12093,-11.45828],[-76.1048,-11.43831],[-76.10273,-11.43112],[-76.09248,-11.41499],[-76.08622,-11.39221],[-76.0824,-11.38796],[-76.08516,-11.41905],[-76.0839,-11.42491],[-76.09395,-11.44023],[-76.09509,-11.44802],[-76.08568,-11.45242],[-76.06799,-11.46964],[-76.06607,-11.47618],[-76.06912,-11.4845],[-76.06275,-11.50633],[-76.0675,-11.53749],[-76.05745,-11.5437],[-76.05981,-11.55105],[-76.04665,-11.55765],[-76.0439,-11.56456],[-76.03495,-11.56359],[-76.03083,-11.57253],[-76.03331,-11.58093]]]}},{"type":"Feature","properties":{"ubigeo":"120806","nombre":"Paccha"},"geometry":{"type":"Polygon","coordinates":[[[-75.89433,-11.45756],[-75.90057,-11.46648],[-75.90052,-11.47259],[-75.90783,-11.47848],[-75.9088,-11.48506],[-75.92027,-11.48568],[-75.92736,-11.49268],[-75.93145,-11.50399],[-75.94823,-11.51349],[-75.97079,-11.51388],[-75.9768,-11.51849],[-75.9984,-11.52778],[-76.00596,-11.52688],[-76.02382,-11.52945],[-76.05343,-11.53933],[-76.05745,-11.5437],[-76.0675,-11.53749],[-76.06275,-11.50633],[-76.06912,-11.4845],[-76.06607,-11.47618],[-76.06799,-11.46964],[-76.08568,-11.45242],[-76.09509,-11.44802],[-76.09395,-11.44023],[-76.0839,-11.42491],[-76.08516,-11.41905],[-76.0824,-11.38796],[-76.07742,-11.385],[-76.07076,-11.38742],[-76.06221,-11.38463],[-76.05594,-11.37871],[-76.04258,-11.3718],[-76.03739,-11.37866],[-76.03046,-11.37485],[-76.028,-11.37972],[-76.02093,-11.37372],[-76.01331,-11.37567],[-76.00635,-11.36526],[-75.9792,-11.35791],[-75.96911,-11.35081],[-75.97051,-11.34442],[-75.96019,-11.33332],[-75.93945,-11.34713],[-75.90864,-11.37648],[-75.91286,-11.38338],[-75.89272,-11.39912],[-75.88269,-11.40318],[-75.91638,-11.41583],[-75.91497,-11.43051],[-75.90848,-11.43175],[-75.89433,-11.45756]]]}},{"type":"Feature","properties":{"ubigeo":"120807","nombre":"Santa Bárbara de Carhuacayan"},"geometry":{"type":"Polygon","coordinates":[[[-76.18509,-11.18564],[-76.19074,-11.20048],[-76.18058,-11.21902],[-76.16938,-11.2198],[-76.17755,-11.2356],[-76.17737,-11.24237],[-76.18235,-11.23904],[-76.19761,-11.24212],[-76.20889,-11.24215],[-76.22641,-11.25051],[-76.23414,-11.25003],[-76.24481,-11.25574],[-76.24853,-11.25451],[-76.25282,-11.26255],[-76.25146,-11.27454],[-76.26635,-11.28202],[-76.27476,-11.29079],[-76.28515,-11.29665],[-76.28858,-11.30346],[-76.30223,-11.29971],[-76.3086,-11.29365],[-76.32394,-11.29575],[-76.33498,-11.30737],[-76.35794,-11.31339],[-76.36475,-11.30775],[-76.3747,-11.31325],[-76.39056,-11.3176],[-76.39718,-11.31499],[-76.40199,-11.30381],[-76.41169,-11.30055],[-76.42141,-11.30277],[-76.42801,-11.30993],[-76.42215,-11.31936],[-76.42664,-11.3255],[-76.45727,-11.33259],[-76.46452,-11.32046],[-76.46327,-11.31251],[-76.47859,-11.29128],[-76.47077,-11.27789],[-76.46087,-11.27056],[-76.46217,-11.26582],[-76.47663,-11.26421],[-76.48394,-11.25745],[-76.49071,-11.2466],[-76.48512,-11.24423],[-76.48412,-11.23019],[-76.49415,-11.20788],[-76.49208,-11.18931],[-76.50687,-11.16979],[-76.50318,-11.16602],[-76.50542,-11.14314],[-76.5184,-11.11608],[-76.49539,-11.10906],[-76.49121,-11.08944],[-76.47752,-11.0831],[-76.46457,-11.08473],[-76.45824,-11.07847],[-76.45192,-11.07981],[-76.44681,-11.07125],[-76.43187,-11.07989],[-76.43001,-11.07646],[-76.39722,-11.07576],[-76.39235,-11.07042],[-76.38287,-11.0749],[-76.38357,-11.08026],[-76.35931,-11.08754],[-76.35096,-11.09419],[-76.3378,-11.08274],[-76.3319,-11.0836],[-76.31807,-11.09164],[-76.31973,-11.09668],[-76.31788,-11.11042],[-76.3079,-11.13266],[-76.29371,-11.13361],[-76.28856,-11.13783],[-76.28025,-11.13817],[-76.26294,-11.1496],[-76.25218,-11.15052],[-76.2449,-11.14298],[-76.22778,-11.1556],[-76.21463,-11.15031],[-76.21081,-11.15268],[-76.20302,-11.14923],[-76.20148,-11.15449],[-76.20732,-11.16097],[-76.20888,-11.16921],[-76.19843,-11.17152],[-76.19781,-11.17935],[-76.18509,-11.18564]]]}},{"type":"Feature","properties":{"ubigeo":"120808","nombre":"Santa Rosa de Sacco"},"geometry":{"type":"Polygon","coordinates":[[[-76.03331,-11.58093],[-76.03083,-11.57253],[-76.03495,-11.56359],[-76.0439,-11.56456],[-76.04665,-11.55765],[-76.05981,-11.55105],[-76.05745,-11.5437],[-76.05343,-11.53933],[-76.02382,-11.52945],[-76.00596,-11.52688],[-75.9984,-11.52778],[-75.9768,-11.51849],[-75.97079,-11.51388],[-75.94823,-11.51349],[-75.93145,-11.50399],[-75.92717,-11.50867],[-75.92889,-11.515],[-75.91502,-11.51686],[-75.90962,-11.52132],[-75.91622,-11.52602],[-75.92808,-11.54424],[-75.94427,-11.55346],[-75.94902,-11.56226],[-75.9576,-11.56959],[-75.95693,-11.58561],[-75.95871,-11.59274],[-75.96756,-11.59967],[-75.97779,-11.61173],[-75.98354,-11.61326],[-75.98629,-11.62333],[-75.99397,-11.61548],[-76.0112,-11.6076],[-76.01485,-11.59929],[-76.01919,-11.60224],[-76.02691,-11.59724],[-76.02839,-11.58794],[-76.03331,-11.58093]]]}},{"type":"Feature","properties":{"ubigeo":"120809","nombre":"Suitucancha"},"geometry":{"type":"Polygon","coordinates":[[[-75.89314,-11.78363],[-75.89185,-11.79757],[-75.89831,-11.80326],[-75.89634,-11.81428],[-75.90147,-11.82379],[-75.89559,-11.84492],[-75.90444,-11.86041],[-75.90211,-11.86918],[-75.90665,-11.87364],[-75.9211,-11.87647],[-75.93338,-11.87316],[-75.93554,-11.86961],[-75.95575,-11.87049],[-75.95815,-11.87653],[-75.97438,-11.88344],[-75.97872,-11.89134],[-75.99348,-11.89963],[-76.00992,-11.90006],[-76.01566,-11.90404],[-76.02433,-11.89763],[-76.02962,-11.90735],[-76.02661,-11.91275],[-76.03378,-11.92918],[-76.04062,-11.93595],[-76.05186,-11.93896],[-76.05711,-11.92476],[-76.05822,-11.91281],[-76.05034,-11.9096],[-76.05185,-11.89957],[-76.0421,-11.89042],[-76.04038,-11.87821],[-76.04368,-11.86996],[-76.05159,-11.86064],[-76.05551,-11.85025],[-76.05351,-11.84064],[-76.05637,-11.83438],[-76.04829,-11.82125],[-76.05116,-11.80944],[-76.04409,-11.80418],[-76.05139,-11.79524],[-76.04596,-11.79084],[-76.04795,-11.77659],[-76.04037,-11.77428],[-76.02911,-11.78721],[-76.01766,-11.78975],[-76.01271,-11.79509],[-75.99333,-11.78268],[-75.98261,-11.77871],[-75.97787,-11.76658],[-75.97023,-11.76649],[-75.96175,-11.7608],[-75.95207,-11.75802],[-75.92922,-11.75591],[-75.91631,-11.77108],[-75.90838,-11.77392],[-75.90131,-11.77336],[-75.89314,-11.78363]]]}},{"type":"Feature","properties":{"ubigeo":"120810","nombre":"Yauli"},"geometry":{"type":"Polygon","coordinates":[[[-75.98157,-11.63988],[-75.98993,-11.64211],[-76.00401,-11.65561],[-76.0071,-11.66119],[-76.00119,-11.67601],[-76.01196,-11.69009],[-76.01252,-11.70171],[-76.01761,-11.70612],[-76.03815,-11.70229],[-76.04541,-11.70632],[-76.04669,-11.71404],[-76.04006,-11.72894],[-76.04061,-11.74679],[-76.04699,-11.74763],[-76.05196,-11.75394],[-76.05101,-11.76118],[-76.04037,-11.77428],[-76.04795,-11.77659],[-76.04596,-11.79084],[-76.05139,-11.79524],[-76.04409,-11.80418],[-76.05116,-11.80944],[-76.04829,-11.82125],[-76.05637,-11.83438],[-76.05351,-11.84064],[-76.05551,-11.85025],[-76.05159,-11.86064],[-76.04368,-11.86996],[-76.04038,-11.87821],[-76.0421,-11.89042],[-76.05185,-11.89957],[-76.05175,-11.89086],[-76.05818,-11.87996],[-76.08459,-11.86038],[-76.09481,-11.8479],[-76.09812,-11.83685],[-76.10417,-11.83165],[-76.1126,-11.81158],[-76.12521,-11.79545],[-76.1335,-11.79238],[-76.13695,-11.78096],[-76.14375,-11.77658],[-76.14992,-11.7837],[-76.15438,-11.78139],[-76.17288,-11.76256],[-76.17538,-11.75038],[-76.18609,-11.73922],[-76.1982,-11.73781],[-76.20233,-11.72805],[-76.20337,-11.70856],[-76.20733,-11.70243],[-76.2048,-11.69455],[-76.19721,-11.69338],[-76.1933,-11.67349],[-76.20187,-11.66814],[-76.20488,-11.65953],[-76.18829,-11.64239],[-76.19128,-11.63373],[-76.19878,-11.62755],[-76.19474,-11.61966],[-76.18622,-11.61409],[-76.18069,-11.61443],[-76.17273,-11.614],[-76.16305,-11.61749],[-76.15499,-11.6265],[-76.14916,-11.62534],[-76.1414,-11.63233],[-76.13219,-11.6295],[-76.12469,-11.63097],[-76.1176,-11.6217],[-76.10352,-11.62677],[-76.091,-11.61756],[-76.08997,-11.61213],[-76.07221,-11.59761],[-76.06358,-11.6092],[-76.04839,-11.60943],[-76.03821,-11.60419],[-76.03515,-11.59316],[-76.03616,-11.58259],[-76.03331,-11.58093],[-76.02839,-11.58794],[-76.02691,-11.59724],[-76.01919,-11.60224],[-76.01485,-11.59929],[-76.0112,-11.6076],[-75.99397,-11.61548],[-75.98629,-11.62333],[-75.98157,-11.63988]]]}},{"type":"Feature","properties":{"ubigeo":"120901","nombre":"Chupaca"},"geometry":{"type":"Polygon","coordinates":[[[-75.27372,-12.05663],[-75.26381,-12.06082],[-75.25806,-12.06332],[-75.26076,-12.0803],[-75.26785,-12.08149],[-75.261,-12.09626],[-75.26881,-12.09846],[-75.27969,-12.09887],[-75.2983,-12.07704],[-75.30793,-12.06064],[-75.33246,-12.05362],[-75.34118,-12.05301],[-75.32074,-12.04859],[-75.3024,-12.04905],[-75.2916,-12.05597],[-75.27372,-12.05663]]]}},{"type":"Feature","properties":{"ubigeo":"120902","nombre":"Ahuac"},"geometry":{"type":"Polygon","coordinates":[[[-75.34118,-12.05301],[-75.33246,-12.05362],[-75.30793,-12.06064],[-75.2983,-12.07704],[-75.3044,-12.09255],[-75.31275,-12.10195],[-75.31207,-12.10901],[-75.32132,-12.12002],[-75.32614,-12.12187],[-75.32882,-12.13698],[-75.33792,-12.13998],[-75.34952,-12.12845],[-75.35089,-12.1155],[-75.37617,-12.09858],[-75.38977,-12.08433],[-75.39407,-12.08411],[-75.40449,-12.07377],[-75.40087,-12.06003],[-75.40479,-12.05752],[-75.41822,-12.0573],[-75.41407,-12.04779],[-75.39613,-12.04014],[-75.39141,-12.04003],[-75.38921,-12.04301],[-75.37763,-12.0441],[-75.36376,-12.05132],[-75.34118,-12.05301]]]}},{"type":"Feature","properties":{"ubigeo":"120903","nombre":"Chongos Bajo"},"geometry":{"type":"Polygon","coordinates":[[[-75.24412,-12.15332],[-75.25943,-12.15386],[-75.2653,-12.15677],[-75.27592,-12.17761],[-75.27129,-12.19038],[-75.26312,-12.19711],[-75.25787,-12.21336],[-75.24933,-12.22291],[-75.24445,-12.24182],[-75.24963,-12.25415],[-75.25548,-12.25422],[-75.26268,-12.24892],[-75.27391,-12.25764],[-75.27158,-12.26662],[-75.28226,-12.26308],[-75.28739,-12.26548],[-75.2978,-12.26218],[-75.29985,-12.25827],[-75.31316,-12.24549],[-75.31927,-12.24908],[-75.32799,-12.24659],[-75.32969,-12.24023],[-75.32534,-12.23509],[-75.3268,-12.22297],[-75.3227,-12.21246],[-75.32561,-12.20832],[-75.32567,-12.19619],[-75.32056,-12.19512],[-75.30236,-12.1732],[-75.30189,-12.16858],[-75.31752,-12.15305],[-75.31018,-12.1486],[-75.29144,-12.14603],[-75.29008,-12.1295],[-75.28449,-12.11959],[-75.27625,-12.11227],[-75.28036,-12.10757],[-75.26623,-12.1053],[-75.26881,-12.09846],[-75.261,-12.09626],[-75.25896,-12.09575],[-75.26192,-12.10791],[-75.25625,-12.11168],[-75.26205,-12.12309],[-75.24798,-12.12802],[-75.24831,-12.14209],[-75.24034,-12.14152],[-75.24412,-12.15332]]]}},{"type":"Feature","properties":{"ubigeo":"120904","nombre":"Huachac"},"geometry":{"type":"Polygon","coordinates":[[[-75.3024,-12.04905],[-75.32074,-12.04859],[-75.34118,-12.05301],[-75.36376,-12.05132],[-75.37763,-12.0441],[-75.38921,-12.04301],[-75.39141,-12.04003],[-75.38915,-12.0337],[-75.38504,-12.03833],[-75.35539,-12.02777],[-75.33259,-12.00865],[-75.32507,-12.00933],[-75.3204,-12.0145],[-75.31312,-12.03376],[-75.318,-12.03602],[-75.31478,-12.04263],[-75.3024,-12.04905]]]}},{"type":"Feature","properties":{"ubigeo":"120905","nombre":"Huamancaca Chico"},"geometry":{"type":"Polygon","coordinates":[[[-75.23616,-12.06957],[-75.23222,-12.08765],[-75.23184,-12.09563],[-75.24566,-12.09433],[-75.25896,-12.09575],[-75.261,-12.09626],[-75.26785,-12.08149],[-75.26076,-12.0803],[-75.25806,-12.06332],[-75.26381,-12.06082],[-75.25725,-12.05787],[-75.2507,-12.06213],[-75.23879,-12.06307],[-75.23616,-12.06957]]]}},{"type":"Feature","properties":{"ubigeo":"120906","nombre":"San Juan de Iscos"},"geometry":{"type":"Polygon","coordinates":[[[-75.31752,-12.15305],[-75.31795,-12.1493],[-75.33021,-12.14096],[-75.33792,-12.13998],[-75.32882,-12.13698],[-75.32614,-12.12187],[-75.32132,-12.12002],[-75.31207,-12.10901],[-75.31275,-12.10195],[-75.3044,-12.09255],[-75.2983,-12.07704],[-75.27969,-12.09887],[-75.26881,-12.09846],[-75.26623,-12.1053],[-75.28036,-12.10757],[-75.27625,-12.11227],[-75.28449,-12.11959],[-75.29008,-12.1295],[-75.29144,-12.14603],[-75.31018,-12.1486],[-75.31752,-12.15305]]]}},{"type":"Feature","properties":{"ubigeo":"120907","nombre":"San Juan de Jarpa"},"geometry":{"type":"Polygon","coordinates":[[[-75.53621,-12.18735],[-75.53243,-12.18202],[-75.52568,-12.16369],[-75.53239,-12.1457],[-75.51821,-12.12173],[-75.50777,-12.11976],[-75.48662,-12.11167],[-75.47432,-12.10007],[-75.4746,-12.09195],[-75.4691,-12.08227],[-75.45837,-12.07837],[-75.45992,-12.06672],[-75.43861,-12.06161],[-75.4288,-12.06343],[-75.41822,-12.0573],[-75.40479,-12.05752],[-75.40087,-12.06003],[-75.40449,-12.07377],[-75.39407,-12.08411],[-75.38977,-12.08433],[-75.37617,-12.09858],[-75.38662,-12.10934],[-75.38798,-12.11902],[-75.39371,-12.12145],[-75.38492,-12.13861],[-75.38549,-12.14668],[-75.39171,-12.1557],[-75.40364,-12.15565],[-75.42206,-12.16146],[-75.42495,-12.16546],[-75.44054,-12.16492],[-75.45065,-12.16148],[-75.46282,-12.1677],[-75.47184,-12.16013],[-75.4827,-12.15484],[-75.49119,-12.15846],[-75.49908,-12.16676],[-75.49854,-12.1791],[-75.51494,-12.18173],[-75.52105,-12.19584],[-75.53007,-12.19362],[-75.53621,-12.18735]]]}},{"type":"Feature","properties":{"ubigeo":"120908","nombre":"Tres de Diciembre"},"geometry":{"type":"Polygon","coordinates":[[[-75.23334,-12.10076],[-75.23206,-12.11651],[-75.23593,-12.12323],[-75.24034,-12.14152],[-75.24831,-12.14209],[-75.24798,-12.12802],[-75.26205,-12.12309],[-75.25625,-12.11168],[-75.26192,-12.10791],[-75.25896,-12.09575],[-75.24566,-12.09433],[-75.23184,-12.09563],[-75.23334,-12.10076]]]}},{"type":"Feature","properties":{"ubigeo":"120909","nombre":"Yanacancha"},"geometry":{"type":"Polygon","coordinates":[[[-75.31752,-12.15305],[-75.30189,-12.16858],[-75.30236,-12.1732],[-75.32056,-12.19512],[-75.32567,-12.19619],[-75.32561,-12.20832],[-75.3227,-12.21246],[-75.3268,-12.22297],[-75.32534,-12.23509],[-75.32969,-12.24023],[-75.32799,-12.24659],[-75.31927,-12.24908],[-75.31316,-12.24549],[-75.29985,-12.25827],[-75.30356,-12.2711],[-75.31461,-12.27015],[-75.35723,-12.30892],[-75.35768,-12.32138],[-75.35254,-12.32761],[-75.35974,-12.33515],[-75.37666,-12.33957],[-75.38487,-12.34739],[-75.398,-12.3534],[-75.40998,-12.36396],[-75.42637,-12.36832],[-75.44285,-12.36983],[-75.45663,-12.37949],[-75.47161,-12.39228],[-75.4904,-12.39865],[-75.5,-12.39652],[-75.50742,-12.40307],[-75.52354,-12.40486],[-75.5409,-12.40343],[-75.55959,-12.41072],[-75.56698,-12.40989],[-75.56595,-12.40344],[-75.56027,-12.39854],[-75.56164,-12.39089],[-75.55119,-12.37581],[-75.5487,-12.36424],[-75.55454,-12.35944],[-75.5641,-12.33629],[-75.57106,-12.32984],[-75.58266,-12.32837],[-75.5888,-12.3247],[-75.59254,-12.31556],[-75.58641,-12.30078],[-75.59145,-12.29734],[-75.60916,-12.26772],[-75.61624,-12.26384],[-75.61612,-12.25649],[-75.62943,-12.24605],[-75.65208,-12.21448],[-75.65203,-12.20676],[-75.66552,-12.19388],[-75.67076,-12.19314],[-75.67087,-12.18648],[-75.65976,-12.18057],[-75.65849,-12.17525],[-75.64847,-12.17421],[-75.64898,-12.16306],[-75.64142,-12.14922],[-75.62752,-12.14174],[-75.59926,-12.14652],[-75.58586,-12.14515],[-75.58293,-12.15517],[-75.5722,-12.15953],[-75.55543,-12.17416],[-75.5495,-12.17532],[-75.54669,-12.18346],[-75.53621,-12.18735],[-75.53007,-12.19362],[-75.52105,-12.19584],[-75.51494,-12.18173],[-75.49854,-12.1791],[-75.49908,-12.16676],[-75.49119,-12.15846],[-75.4827,-12.15484],[-75.47184,-12.16013],[-75.46282,-12.1677],[-75.45065,-12.16148],[-75.44054,-12.16492],[-75.42495,-12.16546],[-75.42206,-12.16146],[-75.40364,-12.15565],[-75.39171,-12.1557],[-75.38549,-12.14668],[-75.38492,-12.13861],[-75.39371,-12.12145],[-75.38798,-12.11902],[-75.38662,-12.10934],[-75.37617,-12.09858],[-75.35089,-12.1155],[-75.34952,-12.12845],[-75.33792,-12.13998],[-75.33021,-12.14096],[-75.31795,-12.1493],[-75.31752,-12.15305]]]}}]}