{"type":"FeatureCollection","features":[{"type":"Feature","properties":{"ubigeo":"130101","nombre":"Trujillo"},"geometry":{"type":"Polygon","coordinates":[[[-79.01582,-8.08613],[-78.99145,-8.08878],[-78.99625,-8.09423],[-78.99501,-8.09968],[-79.00091,-8.10324],[-78.994,-8.10658],[-78.99241,-8.1123],[-78.98277,-8.12698],[-78.99426,-8.12798],[-79.00452,-8.13993],[-79.02673,-8.15125],[-79.02742,-8.13729],[-79.03526,-8.13019],[-79.06094,-8.11865],[-79.06499,-8.11062],[-79.06294,-8.10321],[-79.05896,-8.10449],[-79.04996,-8.08316],[-79.03306,-8.08736],[-79.02279,-8.08919],[-79.01582,-8.08613]]]}},{"type":"Feature","properties":{"ubigeo":"130102","nombre":"El Porvenir"},"geometry":{"type":"Polygon","coordinates":[[[-78.96276,-8.01517],[-78.95741,-8.01773],[-78.95335,-8.0277],[-78.96092,-8.03333],[-78.9679,-8.04294],[-78.97887,-8.05095],[-78.98002,-8.0655],[-78.99145,-8.08878],[-79.01582,-8.08613],[-79.01031,-8.08493],[-79.01665,-8.07609],[-79.03157,-8.07944],[-79.03337,-8.07242],[-79.03326,-8.07185],[-79.00014,-8.06575],[-78.99547,-8.05689],[-78.97494,-8.03751],[-78.9885,-8.02412],[-78.9882,-8.02384],[-78.98493,-8.01662],[-78.96276,-8.01517]]]}},{"type":"Feature","properties":{"ubigeo":"130103","nombre":"Florencia de Mora"},"geometry":{"type":"Polygon","coordinates":[[[-79.03306,-8.08736],[-79.03157,-8.07944],[-79.01665,-8.07609],[-79.01031,-8.08493],[-79.01582,-8.08613],[-79.02279,-8.08919],[-79.03306,-8.08736]]]}},{"type":"Feature","properties":{"ubigeo":"130104","nombre":"Huanchaco"},"geometry":{"type":"Polygon","coordinates":[[[-78.9219,-7.96745],[-78.92936,-7.97041],[-78.9352,-7.98316],[-78.94208,-7.98773],[-78.94924,-7.99885],[-78.95533,-8.00243],[-78.96276,-8.01517],[-78.98493,-8.01662],[-78.9882,-8.02384],[-78.98878,-8.02439],[-78.99586,-8.02691],[-79.02111,-8.04491],[-79.02736,-8.05449],[-79.03548,-8.05418],[-79.04076,-8.04429],[-79.053,-8.03971],[-79.06695,-8.04695],[-79.07088,-8.0444],[-79.08614,-8.05648],[-79.08123,-8.06288],[-79.08352,-8.0675],[-79.06945,-8.07583],[-79.06851,-8.08001],[-79.04996,-8.08316],[-79.05896,-8.10449],[-79.06294,-8.10321],[-79.06499,-8.11062],[-79.06094,-8.11865],[-79.06473,-8.12832],[-79.07099,-8.13286],[-79.08882,-8.11764],[-79.11557,-8.09666],[-79.12258,-8.08748],[-79.1194,-8.07539],[-79.13008,-8.05985],[-79.16766,-8.0307],[-79.17685,-8.0227],[-79.2108,-7.99882],[-79.20183,-7.98943],[-79.17848,-7.97771],[-79.17406,-7.96831],[-79.16755,-7.96381],[-79.1495,-7.94369],[-79.13937,-7.94116],[-79.13291,-7.94338],[-79.12684,-7.93752],[-79.11687,-7.94599],[-79.11333,-7.95839],[-79.11242,-7.97103],[-79.10656,-7.97351],[-79.10589,-7.98198],[-79.04001,-7.98832],[-79.03618,-7.98199],[-79.03681,-7.97051],[-79.02023,-7.96151],[-79.01228,-7.9597],[-79.00993,-7.94855],[-79.00153,-7.93112],[-79.0001,-7.91956],[-78.9968,-7.91628],[-78.99057,-7.90033],[-78.98509,-7.89349],[-78.97586,-7.8937],[-78.96597,-7.90096],[-78.95521,-7.90285],[-78.94602,-7.89631],[-78.93077,-7.91708],[-78.92856,-7.93291],[-78.93144,-7.93802],[-78.93071,-7.955],[-78.92507,-7.95743],[-78.9219,-7.96745]]]}},{"type":"Feature","properties":{"ubigeo":"130105","nombre":"La Esperanza"},"geometry":{"type":"Polygon","coordinates":[[[-79.03303,-8.0707],[-79.03337,-8.07242],[-79.03157,-8.07944],[-79.03306,-8.08736],[-79.04996,-8.08316],[-79.06851,-8.08001],[-79.06945,-8.07583],[-79.08352,-8.0675],[-79.08123,-8.06288],[-79.08614,-8.05648],[-79.07088,-8.0444],[-79.06695,-8.04695],[-79.053,-8.03971],[-79.04076,-8.04429],[-79.03548,-8.05418],[-79.03585,-8.06939],[-79.03303,-8.0707]]]}},{"type":"Feature","properties":{"ubigeo":"130106","nombre":"Laredo"},"geometry":{"type":"Polygon","coordinates":[[[-78.72305,-8.09228],[-78.70709,-8.09417],[-78.69164,-8.09353],[-78.68399,-8.09091],[-78.68237,-8.09722],[-78.68064,-8.11185],[-78.6818,-8.12542],[-78.63763,-8.13044],[-78.63909,-8.143],[-78.6427,-8.14754],[-78.65935,-8.1469],[-78.66824,-8.14085],[-78.67915,-8.14729],[-78.68097,-8.15181],[-78.69983,-8.15388],[-78.71022,-8.16303],[-78.72418,-8.16738],[-78.72802,-8.17094],[-78.7463,-8.17351],[-78.76387,-8.17383],[-78.77282,-8.17666],[-78.77742,-8.18272],[-78.78112,-8.20791],[-78.78719,-8.20325],[-78.7967,-8.2012],[-78.80984,-8.20633],[-78.82476,-8.20251],[-78.83147,-8.20359],[-78.83814,-8.19824],[-78.84083,-8.1911],[-78.84009,-8.18525],[-78.84926,-8.17564],[-78.85505,-8.17488],[-78.86612,-8.18202],[-78.89137,-8.18768],[-78.89835,-8.18572],[-78.9041,-8.17537],[-78.93059,-8.17254],[-78.94587,-8.16727],[-78.96175,-8.16667],[-78.96901,-8.16365],[-78.97697,-8.14495],[-78.98438,-8.13718],[-78.98277,-8.12698],[-78.99241,-8.1123],[-78.994,-8.10658],[-79.00091,-8.10324],[-78.99501,-8.09968],[-78.99625,-8.09423],[-78.99145,-8.08878],[-78.98002,-8.0655],[-78.97887,-8.05095],[-78.9679,-8.04294],[-78.96092,-8.03333],[-78.95335,-8.0277],[-78.95741,-8.01773],[-78.96276,-8.01517],[-78.95533,-8.00243],[-78.94924,-7.99885],[-78.94208,-7.98773],[-78.9352,-7.98316],[-78.92936,-7.97041],[-78.9219,-7.96745],[-78.91676,-7.96978],[-78.91925,-7.97708],[-78.90957,-7.99231],[-78.90522,-7.99158],[-78.90458,-7.99928],[-78.89347,-8.00643],[-78.87849,-8.00414],[-78.85529,-8.00578],[-78.84646,-8.0137],[-78.82641,-8.01456],[-78.823,-8.02635],[-78.82441,-8.03082],[-78.81845,-8.0419],[-78.80711,-8.05077],[-78.81482,-8.06195],[-78.8148,-8.06816],[-78.80726,-8.07513],[-78.80445,-8.08809],[-78.79046,-8.09589],[-78.78783,-8.11141],[-78.78048,-8.10471],[-78.77453,-8.10789],[-78.76207,-8.10737],[-78.74945,-8.11009],[-78.74345,-8.10672],[-78.73638,-8.09741],[-78.72305,-8.09228]]]}},{"type":"Feature","properties":{"ubigeo":"130107","nombre":"Moche"},"geometry":{"type":"Polygon","coordinates":[[[-78.96175,-8.16667],[-78.97828,-8.17099],[-78.99383,-8.17251],[-78.9975,-8.18015],[-78.99896,-8.19691],[-79.03526,-8.16266],[-79.02673,-8.15125],[-79.00452,-8.13993],[-78.99426,-8.12798],[-78.98277,-8.12698],[-78.98438,-8.13718],[-78.97697,-8.14495],[-78.96901,-8.16365],[-78.96175,-8.16667]]]}},{"type":"Feature","properties":{"ubigeo":"130108","nombre":"Poroto"},"geometry":{"type":"Polygon","coordinates":[[[-78.68228,-7.99666],[-78.69152,-7.99945],[-78.69687,-8.00816],[-78.71645,-8.01684],[-78.71511,-8.02305],[-78.70812,-8.02535],[-78.70586,-8.03865],[-78.71697,-8.04351],[-78.72011,-8.05002],[-78.71953,-8.06174],[-78.72305,-8.09228],[-78.73638,-8.09741],[-78.74345,-8.10672],[-78.74945,-8.11009],[-78.76207,-8.10737],[-78.77453,-8.10789],[-78.78048,-8.10471],[-78.78783,-8.11141],[-78.79046,-8.09589],[-78.80445,-8.08809],[-78.80726,-8.07513],[-78.8148,-8.06816],[-78.81482,-8.06195],[-78.80711,-8.05077],[-78.81845,-8.0419],[-78.82441,-8.03082],[-78.823,-8.02635],[-78.82641,-8.01456],[-78.80703,-8.01896],[-78.79815,-8.01485],[-78.79207,-8.00814],[-78.77866,-8.00027],[-78.76877,-7.9875],[-78.76472,-7.97647],[-78.75648,-7.97346],[-78.73831,-7.9714],[-78.71652,-7.97553],[-78.70592,-7.96429],[-78.70636,-7.95577],[-78.69377,-7.94378],[-78.68979,-7.9461],[-78.6902,-7.96648],[-78.69439,-7.97211],[-78.68417,-7.98703],[-78.68228,-7.99666]]]}},{"type":"Feature","properties":{"ubigeo":"130109","nombre":"Salaverry"},"geometry":{"type":"Polygon","coordinates":[[[-78.90053,-8.37145],[-78.90657,-8.36171],[-78.9418,-8.31445],[-78.94625,-8.30572],[-78.95857,-8.28987],[-78.95557,-8.28252],[-78.96257,-8.26187],[-78.97518,-8.24642],[-78.98872,-8.2324],[-78.98121,-8.22763],[-78.98388,-8.21321],[-78.99896,-8.19691],[-78.9975,-8.18015],[-78.99383,-8.17251],[-78.97828,-8.17099],[-78.96175,-8.16667],[-78.94587,-8.16727],[-78.93059,-8.17254],[-78.9041,-8.17537],[-78.89835,-8.18572],[-78.89137,-8.18768],[-78.86612,-8.18202],[-78.85505,-8.17488],[-78.84926,-8.17564],[-78.84009,-8.18525],[-78.84083,-8.1911],[-78.84286,-8.1997],[-78.83832,-8.2091],[-78.83747,-8.22931],[-78.82356,-8.23332],[-78.81603,-8.23296],[-78.81444,-8.23845],[-78.80336,-8.24995],[-78.8025,-8.25755],[-78.80915,-8.26975],[-78.81531,-8.27296],[-78.80835,-8.28574],[-78.81353,-8.2928],[-78.81676,-8.30999],[-78.82331,-8.31002],[-78.83071,-8.31675],[-78.84002,-8.31801],[-78.84904,-8.32849],[-78.85601,-8.33034],[-78.86781,-8.33844],[-78.88137,-8.34266],[-78.8895,-8.35422],[-78.89271,-8.3665],[-78.90053,-8.37145]]]}},{"type":"Feature","properties":{"ubigeo":"130110","nombre":"Simbal"},"geometry":{"type":"Polygon","coordinates":[[[-78.73277,-7.89926],[-78.7368,-7.91051],[-78.73193,-7.92778],[-78.72015,-7.92721],[-78.69377,-7.94378],[-78.70636,-7.95577],[-78.70592,-7.96429],[-78.71652,-7.97553],[-78.73831,-7.9714],[-78.75648,-7.97346],[-78.76472,-7.97647],[-78.76877,-7.9875],[-78.77866,-8.00027],[-78.79207,-8.00814],[-78.79815,-8.01485],[-78.80703,-8.01896],[-78.82641,-8.01456],[-78.84646,-8.0137],[-78.85529,-8.00578],[-78.87849,-8.00414],[-78.89347,-8.00643],[-78.90458,-7.99928],[-78.90522,-7.99158],[-78.90957,-7.99231],[-78.91925,-7.97708],[-78.91676,-7.96978],[-78.9219,-7.96745],[-78.92507,-7.95743],[-78.93071,-7.955],[-78.93144,-7.93802],[-78.92856,-7.93291],[-78.93077,-7.91708],[-78.94602,-7.89631],[-78.94471,-7.89285],[-78.9266,-7.89266],[-78.9133,-7.88619],[-78.90337,-7.88738],[-78.88845,-7.86712],[-78.88475,-7.84198],[-78.8747,-7.83205],[-78.85584,-7.82528],[-78.85165,-7.81721],[-78.84391,-7.81248],[-78.83733,-7.80361],[-78.82488,-7.804],[-78.81626,-7.79687],[-78.80333,-7.8001],[-78.78166,-7.79971],[-78.77379,-7.80385],[-78.78173,-7.81827],[-78.76803,-7.83368],[-78.77256,-7.83724],[-78.77571,-7.84739],[-78.77471,-7.85439],[-78.7831,-7.86303],[-78.78002,-7.87354],[-78.78022,-7.88362],[-78.76378,-7.88142],[-78.74341,-7.88687],[-78.72723,-7.88336],[-78.73209,-7.89069],[-78.73277,-7.89926]]]}},{"type":"Feature","properties":{"ubigeo":"130111","nombre":"Victor Larco Herrera"},"geometry":{"type":"Polygon","coordinates":[[[-79.03526,-8.16266],[-79.07099,-8.13286],[-79.06473,-8.12832],[-79.06094,-8.11865],[-79.03526,-8.13019],[-79.02742,-8.13729],[-79.02673,-8.15125],[-79.03526,-8.16266]]]}},{"type":"Feature","properties":{"ubigeo":"130112","nombre":"Alto Trujillo"},"geometry":{"type":"Polygon","coordinates":[[[-79.03548,-8.05418],[-79.02736,-8.05449],[-79.02111,-8.04491],[-78.99586,-8.02691],[-78.98878,-8.02439],[-78.9885,-8.02412],[-78.97494,-8.03751],[-78.99547,-8.05689],[-79.00014,-8.06575],[-79.03326,-8.07185],[-79.03303,-8.0707],[-79.03585,-8.06939],[-79.03548,-8.05418]]]}},{"type":"Feature","properties":{"ubigeo":"130201","nombre":"Ascope"},"geometry":{"type":"Polygon","coordinates":[[[-79.12133,-7.75056],[-79.12714,-7.74398],[-79.14753,-7.74498],[-79.15081,-7.73515],[-79.1504,-7.71718],[-79.15748,-7.71668],[-79.17179,-7.70261],[-79.17879,-7.68155],[-79.19592,-7.662],[-79.19016,-7.65498],[-79.1768,-7.6461],[-79.16589,-7.63611],[-79.13773,-7.62126],[-79.11584,-7.61536],[-79.09695,-7.58534],[-79.09075,-7.56187],[-79.07465,-7.54747],[-79.06873,-7.53953],[-79.06404,-7.52678],[-79.06595,-7.52081],[-79.05717,-7.52733],[-79.06146,-7.5388],[-79.05985,-7.54668],[-79.0391,-7.5612],[-79.04025,-7.58161],[-79.04372,-7.58804],[-79.04123,-7.59989],[-79.03433,-7.60392],[-79.02642,-7.62545],[-79.0186,-7.62906],[-79.00849,-7.63963],[-79.00648,-7.64524],[-78.99215,-7.66095],[-78.96239,-7.65879],[-78.95938,-7.65559],[-78.97168,-7.68485],[-78.98521,-7.6913],[-78.99386,-7.70743],[-78.99282,-7.71541],[-79.00067,-7.72171],[-79.02444,-7.72196],[-79.04077,-7.71848],[-79.0514,-7.7212],[-79.05776,-7.72659],[-79.07522,-7.72951],[-79.08634,-7.73404],[-79.09864,-7.74216],[-79.1068,-7.7435],[-79.12133,-7.75056]]]}},{"type":"Feature","properties":{"ubigeo":"130202","nombre":"Chicama"},"geometry":{"type":"Polygon","coordinates":[[[-78.81626,-7.79687],[-78.82488,-7.804],[-78.83733,-7.80361],[-78.84391,-7.81248],[-78.85165,-7.81721],[-78.85584,-7.82528],[-78.8747,-7.83205],[-78.88475,-7.84198],[-78.88845,-7.86712],[-78.90337,-7.88738],[-78.9133,-7.88619],[-78.9266,-7.89266],[-78.94471,-7.89285],[-78.94602,-7.89631],[-78.95521,-7.90285],[-78.96597,-7.90096],[-78.97586,-7.8937],[-78.98509,-7.89349],[-78.99057,-7.90033],[-78.9968,-7.91628],[-79.0001,-7.91956],[-79.00153,-7.93112],[-79.00993,-7.94855],[-79.01228,-7.9597],[-79.02023,-7.96151],[-79.03681,-7.97051],[-79.03618,-7.98199],[-79.04001,-7.98832],[-79.10589,-7.98198],[-79.10656,-7.97351],[-79.11242,-7.97103],[-79.11333,-7.95839],[-79.11687,-7.94599],[-79.12684,-7.93752],[-79.13291,-7.94338],[-79.13937,-7.94116],[-79.1495,-7.94369],[-79.15398,-7.93208],[-79.16308,-7.91909],[-79.17512,-7.92502],[-79.17519,-7.90829],[-79.18606,-7.90412],[-79.18925,-7.90896],[-79.20156,-7.90094],[-79.20049,-7.88387],[-79.18706,-7.84746],[-79.1842,-7.84407],[-79.19164,-7.84032],[-79.19861,-7.84406],[-79.20696,-7.83908],[-79.19026,-7.8361],[-79.17427,-7.8204],[-79.1591,-7.7934],[-79.15156,-7.78423],[-79.14076,-7.77248],[-79.13559,-7.76152],[-79.12133,-7.75056],[-79.1068,-7.7435],[-79.09864,-7.74216],[-79.08634,-7.73404],[-79.07522,-7.72951],[-79.05776,-7.72659],[-79.0514,-7.7212],[-79.04077,-7.71848],[-79.02444,-7.72196],[-79.00067,-7.72171],[-78.99282,-7.71541],[-78.99386,-7.70743],[-78.98521,-7.6913],[-78.97168,-7.68485],[-78.95938,-7.65559],[-78.95171,-7.64654],[-78.95069,-7.64068],[-78.94219,-7.6272],[-78.94294,-7.62279],[-78.94145,-7.61704],[-78.9182,-7.60269],[-78.90776,-7.59807],[-78.87086,-7.59228],[-78.85804,-7.59507],[-78.84421,-7.58896],[-78.83182,-7.58622],[-78.83089,-7.58014],[-78.8231,-7.57467],[-78.80763,-7.57345],[-78.79854,-7.5866],[-78.79355,-7.60863],[-78.79745,-7.61571],[-78.79443,-7.6202],[-78.80377,-7.63411],[-78.81908,-7.63952],[-78.82502,-7.63352],[-78.83776,-7.63747],[-78.84645,-7.63597],[-78.88036,-7.64049],[-78.89598,-7.64539],[-78.89749,-7.65332],[-78.89563,-7.66839],[-78.90608,-7.68403],[-78.91229,-7.68608],[-78.9106,-7.70307],[-78.90786,-7.70987],[-78.91397,-7.71951],[-78.90316,-7.72365],[-78.89307,-7.74897],[-78.88555,-7.75892],[-78.89198,-7.76379],[-78.88985,-7.7718],[-78.87315,-7.77008],[-78.86224,-7.77493],[-78.85913,-7.78886],[-78.85225,-7.78466],[-78.83272,-7.78375],[-78.82093,-7.7873],[-78.81626,-7.79687]]]}},{"type":"Feature","properties":{"ubigeo":"130203","nombre":"Chocope"},"geometry":{"type":"Polygon","coordinates":[[[-79.20696,-7.83908],[-79.20991,-7.83181],[-79.22916,-7.82565],[-79.24537,-7.81652],[-79.26729,-7.81881],[-79.27505,-7.81136],[-79.30195,-7.79917],[-79.28852,-7.77083],[-79.27581,-7.77452],[-79.26656,-7.76081],[-79.24519,-7.74255],[-79.24232,-7.73046],[-79.22525,-7.73518],[-79.22205,-7.73966],[-79.22471,-7.76158],[-79.2206,-7.7681],[-79.19837,-7.76162],[-79.19176,-7.77062],[-79.19201,-7.77741],[-79.17617,-7.774],[-79.16144,-7.77623],[-79.15156,-7.78423],[-79.1591,-7.7934],[-79.17427,-7.8204],[-79.19026,-7.8361],[-79.20696,-7.83908]]]}},{"type":"Feature","properties":{"ubigeo":"130204","nombre":"Magdalena de Cao"},"geometry":{"type":"Polygon","coordinates":[[[-79.20696,-7.83908],[-79.22175,-7.84707],[-79.22933,-7.85877],[-79.24805,-7.87256],[-79.26391,-7.88863],[-79.26534,-7.89663],[-79.26284,-7.90728],[-79.27444,-7.92638],[-79.27624,-7.93499],[-79.28465,-7.94432],[-79.30847,-7.92439],[-79.30987,-7.91405],[-79.32994,-7.8952],[-79.3527,-7.87221],[-79.36437,-7.8585],[-79.37575,-7.8421],[-79.38152,-7.82547],[-79.38294,-7.81515],[-79.37406,-7.8121],[-79.30998,-7.79517],[-79.30195,-7.79917],[-79.27505,-7.81136],[-79.26729,-7.81881],[-79.24537,-7.81652],[-79.22916,-7.82565],[-79.20991,-7.83181],[-79.20696,-7.83908]]]}},{"type":"Feature","properties":{"ubigeo":"130205","nombre":"Paijan"},"geometry":{"type":"Polygon","coordinates":[[[-79.24232,-7.73046],[-79.24519,-7.74255],[-79.26656,-7.76081],[-79.27581,-7.77452],[-79.28852,-7.77083],[-79.30195,-7.79917],[-79.30998,-7.79517],[-79.31351,-7.76758],[-79.31024,-7.75852],[-79.31984,-7.75094],[-79.3415,-7.7259],[-79.3581,-7.71988],[-79.369,-7.72603],[-79.36656,-7.7137],[-79.35506,-7.70696],[-79.33707,-7.69305],[-79.32448,-7.67861],[-79.30501,-7.67997],[-79.29421,-7.67837],[-79.2862,-7.69357],[-79.27667,-7.69624],[-79.27235,-7.70903],[-79.27362,-7.72335],[-79.24232,-7.73046]]]}},{"type":"Feature","properties":{"ubigeo":"130206","nombre":"Rázuri"},"geometry":{"type":"Polygon","coordinates":[[[-79.27667,-7.69624],[-79.2862,-7.69357],[-79.29421,-7.67837],[-79.30501,-7.67997],[-79.32448,-7.67861],[-79.33707,-7.69305],[-79.35506,-7.70696],[-79.36656,-7.7137],[-79.369,-7.72603],[-79.3581,-7.71988],[-79.3415,-7.7259],[-79.31984,-7.75094],[-79.31024,-7.75852],[-79.31351,-7.76758],[-79.30998,-7.79517],[-79.37406,-7.8121],[-79.38294,-7.81515],[-79.38674,-7.80979],[-79.3845,-7.79992],[-79.39243,-7.78781],[-79.41113,-7.76913],[-79.44772,-7.73628],[-79.46546,-7.71657],[-79.46571,-7.71193],[-79.44662,-7.70471],[-79.43529,-7.69336],[-79.43682,-7.6736],[-79.44909,-7.64708],[-79.45576,-7.63664],[-79.38564,-7.59768],[-79.37887,-7.591],[-79.37011,-7.5759],[-79.36832,-7.56623],[-79.35674,-7.55866],[-79.3495,-7.56258],[-79.34102,-7.57732],[-79.33238,-7.58218],[-79.32643,-7.57445],[-79.31779,-7.58321],[-79.31252,-7.57979],[-79.30188,-7.59279],[-79.30271,-7.60039],[-79.30925,-7.61036],[-79.31134,-7.62328],[-79.3102,-7.64032],[-79.30228,-7.6449],[-79.30038,-7.65015],[-79.27823,-7.65977],[-79.28008,-7.67873],[-79.27699,-7.68234],[-79.27667,-7.69624]]]}},{"type":"Feature","properties":{"ubigeo":"130207","nombre":"Santiago de Cao"},"geometry":{"type":"Polygon","coordinates":[[[-79.2108,-7.99882],[-79.22129,-7.98972],[-79.28465,-7.94432],[-79.27624,-7.93499],[-79.27444,-7.92638],[-79.26284,-7.90728],[-79.26534,-7.89663],[-79.26391,-7.88863],[-79.24805,-7.87256],[-79.22933,-7.85877],[-79.22175,-7.84707],[-79.20696,-7.83908],[-79.19861,-7.84406],[-79.19164,-7.84032],[-79.1842,-7.84407],[-79.18706,-7.84746],[-79.20049,-7.88387],[-79.20156,-7.90094],[-79.18925,-7.90896],[-79.18606,-7.90412],[-79.17519,-7.90829],[-79.17512,-7.92502],[-79.16308,-7.91909],[-79.15398,-7.93208],[-79.1495,-7.94369],[-79.16755,-7.96381],[-79.17406,-7.96831],[-79.17848,-7.97771],[-79.20183,-7.98943],[-79.2108,-7.99882]]]}},{"type":"Feature","properties":{"ubigeo":"130208","nombre":"Casa Grande"},"geometry":{"type":"Polygon","coordinates":[[[-79.06595,-7.52081],[-79.06404,-7.52678],[-79.06873,-7.53953],[-79.07465,-7.54747],[-79.09075,-7.56187],[-79.09695,-7.58534],[-79.11584,-7.61536],[-79.13773,-7.62126],[-79.16589,-7.63611],[-79.1768,-7.6461],[-79.19016,-7.65498],[-79.19592,-7.662],[-79.17879,-7.68155],[-79.17179,-7.70261],[-79.15748,-7.71668],[-79.1504,-7.71718],[-79.15081,-7.73515],[-79.14753,-7.74498],[-79.12714,-7.74398],[-79.12133,-7.75056],[-79.13559,-7.76152],[-79.14076,-7.77248],[-79.15156,-7.78423],[-79.16144,-7.77623],[-79.17617,-7.774],[-79.19201,-7.77741],[-79.19176,-7.77062],[-79.19837,-7.76162],[-79.2206,-7.7681],[-79.22471,-7.76158],[-79.22205,-7.73966],[-79.22525,-7.73518],[-79.24232,-7.73046],[-79.27362,-7.72335],[-79.27235,-7.70903],[-79.27667,-7.69624],[-79.27699,-7.68234],[-79.28008,-7.67873],[-79.27823,-7.65977],[-79.30038,-7.65015],[-79.30228,-7.6449],[-79.3102,-7.64032],[-79.31134,-7.62328],[-79.30925,-7.61036],[-79.30271,-7.60039],[-79.30188,-7.59279],[-79.31252,-7.57979],[-79.30844,-7.56711],[-79.30037,-7.54976],[-79.29214,-7.54682],[-79.29226,-7.53348],[-79.29606,-7.51295],[-79.2922,-7.50988],[-79.28399,-7.51401],[-79.26905,-7.50583],[-79.26166,-7.5039],[-79.26778,-7.4934],[-79.2674,-7.48828],[-79.25632,-7.47207],[-79.25285,-7.46175],[-79.24514,-7.46241],[-79.23809,-7.45618],[-79.24168,-7.45005],[-79.23019,-7.4403],[-79.22547,-7.42829],[-79.21975,-7.42827],[-79.21152,-7.42147],[-79.2059,-7.40815],[-79.20724,-7.40173],[-79.19914,-7.39342],[-79.18733,-7.38866],[-79.18711,-7.39764],[-79.16213,-7.41797],[-79.15272,-7.43982],[-79.12276,-7.44164],[-79.06543,-7.47271],[-79.06911,-7.47962],[-79.07155,-7.50535],[-79.06566,-7.51221],[-79.06595,-7.52081]]]}},{"type":"Feature","properties":{"ubigeo":"130301","nombre":"Bolívar"},"geometry":{"type":"Polygon","coordinates":[[[-77.63078,-7.41405],[-77.64371,-7.42557],[-77.64982,-7.42742],[-77.65998,-7.43634],[-77.67025,-7.42008],[-77.67385,-7.40778],[-77.68354,-7.39991],[-77.69973,-7.40252],[-77.70744,-7.40683],[-77.72021,-7.40768],[-77.73395,-7.41145],[-77.74189,-7.41839],[-77.74851,-7.42001],[-77.75331,-7.4291],[-77.76821,-7.43824],[-77.77392,-7.42647],[-77.77199,-7.41846],[-77.78073,-7.41088],[-77.80057,-7.40301],[-77.80308,-7.39844],[-77.81344,-7.39254],[-77.82514,-7.3783],[-77.82093,-7.36912],[-77.8296,-7.34764],[-77.83142,-7.34251],[-77.83837,-7.34112],[-77.83105,-7.31003],[-77.83764,-7.30026],[-77.8394,-7.29099],[-77.85658,-7.2832],[-77.85441,-7.27207],[-77.8596,-7.26487],[-77.85696,-7.24532],[-77.84924,-7.23557],[-77.86477,-7.2264],[-77.86919,-7.22868],[-77.8809,-7.22139],[-77.88247,-7.20262],[-77.859,-7.20836],[-77.85402,-7.20025],[-77.84026,-7.19326],[-77.83219,-7.19627],[-77.80209,-7.18037],[-77.79314,-7.18042],[-77.78737,-7.1758],[-77.79736,-7.15953],[-77.80937,-7.13301],[-77.81171,-7.12201],[-77.80856,-7.11462],[-77.79748,-7.12001],[-77.78815,-7.11828],[-77.77857,-7.10012],[-77.76276,-7.10001],[-77.75535,-7.09525],[-77.75249,-7.08319],[-77.72805,-7.0817],[-77.71791,-7.08869],[-77.71493,-7.09348],[-77.71338,-7.10789],[-77.70072,-7.11787],[-77.6891,-7.12132],[-77.68126,-7.13164],[-77.66487,-7.13802],[-77.65268,-7.14654],[-77.64353,-7.149],[-77.63363,-7.17003],[-77.62082,-7.17257],[-77.61542,-7.17944],[-77.62105,-7.19163],[-77.61298,-7.20637],[-77.60738,-7.20611],[-77.60553,-7.21916],[-77.61666,-7.22645],[-77.62386,-7.22733],[-77.63625,-7.23568],[-77.63764,-7.24293],[-77.64675,-7.24074],[-77.64513,-7.25345],[-77.63734,-7.2545],[-77.64692,-7.26961],[-77.63951,-7.28051],[-77.63488,-7.29268],[-77.63359,-7.30882],[-77.62865,-7.32002],[-77.63454,-7.32576],[-77.63246,-7.33075],[-77.63908,-7.34326],[-77.63483,-7.35013],[-77.63571,-7.35745],[-77.62942,-7.3815],[-77.62168,-7.39736],[-77.63078,-7.41405]]]}},{"type":"Feature","properties":{"ubigeo":"130302","nombre":"Bambamarca"},"geometry":{"type":"Polygon","coordinates":[[[-77.59897,-7.44851],[-77.59945,-7.45924],[-77.62044,-7.46217],[-77.62256,-7.46616],[-77.63063,-7.46504],[-77.63373,-7.47133],[-77.63234,-7.48381],[-77.63951,-7.48648],[-77.64748,-7.5033],[-77.66327,-7.51248],[-77.68407,-7.51531],[-77.68675,-7.5263],[-77.69297,-7.53505],[-77.69437,-7.54247],[-77.70765,-7.55085],[-77.70715,-7.55661],[-77.71255,-7.55303],[-77.72086,-7.54113],[-77.72075,-7.5305],[-77.73211,-7.51903],[-77.73307,-7.51432],[-77.74405,-7.50587],[-77.7449,-7.49604],[-77.74221,-7.48771],[-77.74598,-7.47916],[-77.74137,-7.46669],[-77.7451,-7.46374],[-77.75542,-7.44105],[-77.76664,-7.44107],[-77.76821,-7.43824],[-77.75331,-7.4291],[-77.74851,-7.42001],[-77.74189,-7.41839],[-77.73395,-7.41145],[-77.72021,-7.40768],[-77.70744,-7.40683],[-77.69973,-7.40252],[-77.68354,-7.39991],[-77.67385,-7.40778],[-77.67025,-7.42008],[-77.65998,-7.43634],[-77.64982,-7.42742],[-77.64371,-7.42557],[-77.63078,-7.41405],[-77.61365,-7.41995],[-77.61027,-7.43486],[-77.59897,-7.44851]]]}},{"type":"Feature","properties":{"ubigeo":"130303","nombre":"Condormarca"},"geometry":{"type":"Polygon","coordinates":[[[-77.70145,-7.59364],[-77.6982,-7.56455],[-77.70566,-7.56282],[-77.70715,-7.55661],[-77.70765,-7.55085],[-77.69437,-7.54247],[-77.69297,-7.53505],[-77.68675,-7.5263],[-77.68407,-7.51531],[-77.66327,-7.51248],[-77.64748,-7.5033],[-77.63951,-7.48648],[-77.63234,-7.48381],[-77.63373,-7.47133],[-77.63063,-7.46504],[-77.62256,-7.46616],[-77.62044,-7.46217],[-77.59945,-7.45924],[-77.59897,-7.44851],[-77.59293,-7.44349],[-77.58467,-7.44994],[-77.56932,-7.4566],[-77.55954,-7.46482],[-77.56007,-7.46978],[-77.5543,-7.47839],[-77.54953,-7.4959],[-77.54266,-7.49712],[-77.53908,-7.50739],[-77.52692,-7.50484],[-77.52174,-7.51159],[-77.52913,-7.51619],[-77.52986,-7.53635],[-77.53563,-7.54383],[-77.5339,-7.55488],[-77.54019,-7.5629],[-77.53693,-7.57129],[-77.54039,-7.5756],[-77.5367,-7.58228],[-77.52225,-7.57706],[-77.51545,-7.58378],[-77.50932,-7.58159],[-77.50615,-7.58607],[-77.49603,-7.5836],[-77.48576,-7.60399],[-77.49419,-7.61361],[-77.50441,-7.61533],[-77.51023,-7.61143],[-77.52169,-7.61268],[-77.52918,-7.62035],[-77.52271,-7.63182],[-77.52829,-7.64132],[-77.53656,-7.64411],[-77.53772,-7.6509],[-77.53095,-7.65448],[-77.53189,-7.66257],[-77.54556,-7.67218],[-77.55852,-7.67379],[-77.57006,-7.66207],[-77.585,-7.65506],[-77.59253,-7.65517],[-77.60594,-7.64713],[-77.61413,-7.63754],[-77.62178,-7.62257],[-77.64454,-7.61069],[-77.65835,-7.6071],[-77.66852,-7.60684],[-77.68628,-7.59948],[-77.69202,-7.59423],[-77.70145,-7.59364]]]}},{"type":"Feature","properties":{"ubigeo":"130304","nombre":"Longotea"},"geometry":{"type":"Polygon","coordinates":[[[-77.82792,-7.11283],[-77.84017,-7.10404],[-77.85749,-7.10166],[-77.86741,-7.097],[-77.87718,-7.10075],[-77.88766,-7.0987],[-77.88961,-7.10461],[-77.88561,-7.11293],[-77.88556,-7.13713],[-77.89431,-7.14829],[-77.90432,-7.15457],[-77.91049,-7.16207],[-77.92269,-7.15746],[-77.9262,-7.15279],[-77.92558,-7.13642],[-77.92919,-7.11875],[-77.92952,-7.10636],[-77.9398,-7.09618],[-77.94136,-7.08707],[-77.94929,-7.07842],[-77.94772,-7.06933],[-77.95115,-7.06461],[-77.95793,-7.05433],[-77.96592,-7.05077],[-77.96526,-7.03829],[-77.97289,-7.02403],[-77.97985,-7.02142],[-77.97889,-7.01598],[-77.98513,-7.01421],[-77.98828,-7.00622],[-77.98585,-7.00034],[-78.00055,-6.9892],[-77.98849,-6.97532],[-77.99393,-6.96947],[-77.99951,-6.97053],[-77.99214,-6.96401],[-77.98358,-6.96309],[-77.96289,-6.97618],[-77.94915,-6.97343],[-77.93924,-6.97655],[-77.93074,-6.98617],[-77.93026,-6.99299],[-77.92144,-6.99577],[-77.90837,-7.00462],[-77.8963,-7.00871],[-77.88478,-7.01856],[-77.87866,-7.01936],[-77.87684,-7.02833],[-77.85468,-7.03612],[-77.84886,-7.0462],[-77.8355,-7.05768],[-77.82299,-7.06347],[-77.81291,-7.0711],[-77.81767,-7.07858],[-77.81473,-7.08856],[-77.82263,-7.0938],[-77.82793,-7.10379],[-77.82792,-7.11283]]]}},{"type":"Feature","properties":{"ubigeo":"130305","nombre":"Uchumarca"},"geometry":{"type":"Polygon","coordinates":[[[-77.71791,-7.08869],[-77.72805,-7.0817],[-77.75249,-7.08319],[-77.75535,-7.09525],[-77.76276,-7.10001],[-77.77857,-7.10012],[-77.78815,-7.11828],[-77.79748,-7.12001],[-77.80856,-7.11462],[-77.82209,-7.11809],[-77.82792,-7.11283],[-77.82793,-7.10379],[-77.82263,-7.0938],[-77.81473,-7.08856],[-77.81767,-7.07858],[-77.81291,-7.0711],[-77.82299,-7.06347],[-77.8355,-7.05768],[-77.84886,-7.0462],[-77.85468,-7.03612],[-77.87684,-7.02833],[-77.87866,-7.01936],[-77.88478,-7.01856],[-77.8963,-7.00871],[-77.90837,-7.00462],[-77.92144,-6.99577],[-77.93026,-6.99299],[-77.93074,-6.98617],[-77.91529,-6.98057],[-77.90001,-6.98067],[-77.88706,-6.97164],[-77.88034,-6.9625],[-77.84586,-6.9764],[-77.83924,-6.97323],[-77.83343,-6.95678],[-77.80989,-6.96118],[-77.80193,-6.96614],[-77.79461,-6.95814],[-77.78763,-6.95491],[-77.7793,-6.94145],[-77.76594,-6.96212],[-77.75893,-6.96451],[-77.75506,-6.9767],[-77.7471,-6.98672],[-77.74436,-6.99823],[-77.74768,-7.00472],[-77.74384,-7.01316],[-77.74566,-7.01955],[-77.7404,-7.02651],[-77.74078,-7.03308],[-77.73194,-7.04872],[-77.71719,-7.06524],[-77.70957,-7.0664],[-77.70674,-7.07247],[-77.71791,-7.08869]]]}},{"type":"Feature","properties":{"ubigeo":"130306","nombre":"Ucuncha"},"geometry":{"type":"Polygon","coordinates":[[[-77.80856,-7.11462],[-77.81171,-7.12201],[-77.80937,-7.13301],[-77.79736,-7.15953],[-77.78737,-7.1758],[-77.79314,-7.18042],[-77.80209,-7.18037],[-77.83219,-7.19627],[-77.84026,-7.19326],[-77.85402,-7.20025],[-77.859,-7.20836],[-77.88247,-7.20262],[-77.88092,-7.19546],[-77.8874,-7.18523],[-77.89778,-7.18249],[-77.89787,-7.16681],[-77.91049,-7.16207],[-77.90432,-7.15457],[-77.89431,-7.14829],[-77.88556,-7.13713],[-77.88561,-7.11293],[-77.88961,-7.10461],[-77.88766,-7.0987],[-77.87718,-7.10075],[-77.86741,-7.097],[-77.85749,-7.10166],[-77.84017,-7.10404],[-77.82792,-7.11283],[-77.82209,-7.11809],[-77.80856,-7.11462]]]}},{"type":"Feature","properties":{"ubigeo":"130401","nombre":"Chepen"},"geometry":{"type":"Polygon","coordinates":[[[-79.36928,-7.32412],[-79.37097,-7.32049],[-79.38706,-7.30882],[-79.40397,-7.30235],[-79.41724,-7.2826],[-79.42319,-7.25717],[-79.44076,-7.23993],[-79.45417,-7.22917],[-79.46269,-7.22057],[-79.46692,-7.21188],[-79.46845,-7.19619],[-79.4567,-7.19401],[-79.44653,-7.20237],[-79.44131,-7.19625],[-79.43262,-7.19722],[-79.4305,-7.18925],[-79.41953,-7.18356],[-79.40535,-7.17234],[-79.38709,-7.17132],[-79.3842,-7.16276],[-79.36683,-7.15401],[-79.35099,-7.14989],[-79.33593,-7.14809],[-79.30463,-7.13901],[-79.3053,-7.14715],[-79.28256,-7.15595],[-79.27877,-7.16326],[-79.28107,-7.16818],[-79.27455,-7.18278],[-79.26533,-7.19409],[-79.2518,-7.19835],[-79.27134,-7.21512],[-79.27553,-7.21581],[-79.26977,-7.22706],[-79.27932,-7.2477],[-79.27139,-7.25877],[-79.26892,-7.27841],[-79.28263,-7.27506],[-79.30883,-7.28539],[-79.31399,-7.29496],[-79.32753,-7.30894],[-79.33729,-7.31223],[-79.35033,-7.32192],[-79.3591,-7.32524],[-79.36928,-7.32412]]]}},{"type":"Feature","properties":{"ubigeo":"130402","nombre":"Pacanga"},"geometry":{"type":"Polygon","coordinates":[[[-79.29619,-7.12962],[-79.30463,-7.13901],[-79.33593,-7.14809],[-79.35099,-7.14989],[-79.36683,-7.15401],[-79.3842,-7.16276],[-79.38709,-7.17132],[-79.40535,-7.17234],[-79.41953,-7.18356],[-79.4305,-7.18925],[-79.43262,-7.19722],[-79.44131,-7.19625],[-79.44653,-7.20237],[-79.4567,-7.19401],[-79.46845,-7.19619],[-79.46692,-7.21188],[-79.46853,-7.21532],[-79.49491,-7.19907],[-79.51203,-7.19336],[-79.51653,-7.17893],[-79.52329,-7.1808],[-79.53839,-7.17146],[-79.54651,-7.1563],[-79.55349,-7.15722],[-79.55902,-7.14808],[-79.56345,-7.12562],[-79.56184,-7.12159],[-79.56614,-7.1126],[-79.57989,-7.10027],[-79.59323,-7.07299],[-79.53529,-7.01148],[-79.5209,-6.99377],[-79.51442,-6.98633],[-79.51473,-6.97858],[-79.50332,-6.96742],[-79.49639,-6.97171],[-79.48763,-6.96708],[-79.47838,-6.97065],[-79.46792,-6.96608],[-79.45468,-6.94628],[-79.43733,-6.94859],[-79.43085,-6.95337],[-79.40076,-6.95693],[-79.4004,-6.96336],[-79.39232,-6.96491],[-79.38932,-6.97517],[-79.37717,-6.98499],[-79.36999,-6.98537],[-79.3691,-6.99169],[-79.35961,-7.00497],[-79.34232,-7.0108],[-79.33054,-7.02422],[-79.32259,-7.02568],[-79.33162,-7.05735],[-79.32748,-7.07148],[-79.33054,-7.07557],[-79.32615,-7.08299],[-79.31809,-7.08466],[-79.31292,-7.09039],[-79.31151,-7.0992],[-79.31214,-7.12252],[-79.29619,-7.12962]]]}},{"type":"Feature","properties":{"ubigeo":"130403","nombre":"Pueblo Nuevo"},"geometry":{"type":"Polygon","coordinates":[[[-79.45417,-7.22917],[-79.46216,-7.22368],[-79.46933,-7.22474],[-79.47168,-7.2302],[-79.48858,-7.22123],[-79.4857,-7.23002],[-79.49068,-7.23545],[-79.50111,-7.23435],[-79.50491,-7.25464],[-79.5103,-7.25897],[-79.5183,-7.2587],[-79.52447,-7.25149],[-79.54183,-7.24657],[-79.54181,-7.25393],[-79.55227,-7.26726],[-79.55314,-7.28076],[-79.56109,-7.28855],[-79.58269,-7.28386],[-79.59972,-7.28575],[-79.6098,-7.26659],[-79.62134,-7.25027],[-79.63996,-7.22879],[-79.66638,-7.20259],[-79.69062,-7.17713],[-79.59323,-7.07299],[-79.57989,-7.10027],[-79.56614,-7.1126],[-79.56184,-7.12159],[-79.56345,-7.12562],[-79.55902,-7.14808],[-79.55349,-7.15722],[-79.54651,-7.1563],[-79.53839,-7.17146],[-79.52329,-7.1808],[-79.51653,-7.17893],[-79.51203,-7.19336],[-79.49491,-7.19907],[-79.46853,-7.21532],[-79.46692,-7.21188],[-79.46269,-7.22057],[-79.45417,-7.22917]]]}},{"type":"Feature","properties":{"ubigeo":"130501","nombre":"Julcan"},"geometry":{"type":"Polygon","coordinates":[[[-78.49005,-8.19248],[-78.49857,-8.19774],[-78.50562,-8.20586],[-78.51642,-8.20835],[-78.52062,-8.19998],[-78.51336,-8.19191],[-78.51149,-8.1799],[-78.51431,-8.16362],[-78.50517,-8.14173],[-78.50003,-8.13371],[-78.50426,-8.12703],[-78.52067,-8.11124],[-78.5297,-8.09915],[-78.52978,-8.09051],[-78.5359,-8.08389],[-78.53127,-8.07485],[-78.53065,-8.0667],[-78.5341,-8.0521],[-78.53312,-8.04267],[-78.51606,-8.02995],[-78.51359,-8.0229],[-78.50409,-8.02727],[-78.49954,-8.02573],[-78.49135,-8.01541],[-78.48289,-8.00714],[-78.47587,-8.00504],[-78.47185,-7.99716],[-78.45757,-7.99155],[-78.42893,-7.99984],[-78.42279,-7.99219],[-78.40615,-7.9901],[-78.39895,-7.99474],[-78.39102,-8.00953],[-78.38147,-8.01716],[-78.36983,-8.01742],[-78.35165,-8.02556],[-78.35478,-8.02996],[-78.3608,-8.03642],[-78.37247,-8.03841],[-78.38545,-8.0487],[-78.39673,-8.05488],[-78.40282,-8.07057],[-78.40076,-8.08079],[-78.40917,-8.08864],[-78.41574,-8.08726],[-78.42931,-8.09563],[-78.4276,-8.10811],[-78.43004,-8.11767],[-78.43646,-8.12205],[-78.44927,-8.1365],[-78.45573,-8.14089],[-78.46375,-8.15653],[-78.47254,-8.16658],[-78.47122,-8.17142],[-78.49005,-8.19248]]]}},{"type":"Feature","properties":{"ubigeo":"130502","nombre":"Calamarca"},"geometry":{"type":"Polygon","coordinates":[[[-78.49005,-8.19248],[-78.47122,-8.17142],[-78.47254,-8.16658],[-78.46375,-8.15653],[-78.45573,-8.14089],[-78.44927,-8.1365],[-78.43646,-8.12205],[-78.43004,-8.11767],[-78.4276,-8.10811],[-78.42931,-8.09563],[-78.41574,-8.08726],[-78.40917,-8.08864],[-78.40076,-8.08079],[-78.40282,-8.07057],[-78.39673,-8.05488],[-78.38545,-8.0487],[-78.37247,-8.03841],[-78.3608,-8.03642],[-78.35478,-8.02996],[-78.34733,-8.04051],[-78.33702,-8.04459],[-78.32938,-8.0545],[-78.31999,-8.05754],[-78.30941,-8.05219],[-78.30118,-8.05258],[-78.28868,-8.06224],[-78.28954,-8.0745],[-78.29939,-8.08237],[-78.29924,-8.10305],[-78.30336,-8.11306],[-78.30883,-8.11583],[-78.31136,-8.12546],[-78.31796,-8.13314],[-78.3163,-8.14632],[-78.32439,-8.15412],[-78.3325,-8.14958],[-78.36255,-8.16131],[-78.37648,-8.17093],[-78.37779,-8.18572],[-78.3861,-8.19079],[-78.40767,-8.19477],[-78.41962,-8.19],[-78.43272,-8.19035],[-78.44702,-8.19646],[-78.45461,-8.20352],[-78.46289,-8.19766],[-78.47291,-8.19478],[-78.48503,-8.19586],[-78.49005,-8.19248]]]}},{"type":"Feature","properties":{"ubigeo":"130503","nombre":"Carabamba"},"geometry":{"type":"Polygon","coordinates":[[[-78.5359,-8.08389],[-78.52978,-8.09051],[-78.5297,-8.09915],[-78.52067,-8.11124],[-78.50426,-8.12703],[-78.50003,-8.13371],[-78.50517,-8.14173],[-78.51431,-8.16362],[-78.51149,-8.1799],[-78.51336,-8.19191],[-78.52062,-8.19998],[-78.51642,-8.20835],[-78.52951,-8.21791],[-78.54054,-8.21855],[-78.55148,-8.22534],[-78.56217,-8.22828],[-78.56597,-8.24142],[-78.56158,-8.24539],[-78.56578,-8.25103],[-78.57538,-8.24369],[-78.5883,-8.24111],[-78.60469,-8.22207],[-78.60114,-8.20846],[-78.60697,-8.19539],[-78.61581,-8.19357],[-78.62153,-8.18859],[-78.63156,-8.19109],[-78.64375,-8.19011],[-78.65247,-8.18466],[-78.65071,-8.17561],[-78.64274,-8.16831],[-78.6368,-8.15553],[-78.63909,-8.143],[-78.63763,-8.13044],[-78.6818,-8.12542],[-78.68064,-8.11185],[-78.68237,-8.09722],[-78.66604,-8.09634],[-78.65109,-8.09117],[-78.63578,-8.09764],[-78.62987,-8.09313],[-78.62543,-8.0765],[-78.60944,-8.06293],[-78.59572,-8.06157],[-78.57399,-8.0726],[-78.56485,-8.07635],[-78.54975,-8.07817],[-78.54449,-8.0854],[-78.5359,-8.08389]]]}},{"type":"Feature","properties":{"ubigeo":"130504","nombre":"Huaso"},"geometry":{"type":"Polygon","coordinates":[[[-78.29952,-8.20785],[-78.3007,-8.23634],[-78.30917,-8.24264],[-78.31292,-8.25335],[-78.33061,-8.25747],[-78.33465,-8.26383],[-78.34653,-8.27117],[-78.35523,-8.28983],[-78.36194,-8.29294],[-78.36512,-8.30207],[-78.3773,-8.31018],[-78.38997,-8.30144],[-78.40515,-8.3054],[-78.41206,-8.30414],[-78.41595,-8.32002],[-78.4152,-8.33445],[-78.42487,-8.35876],[-78.42985,-8.36024],[-78.43611,-8.36494],[-78.43664,-8.37547],[-78.4425,-8.38228],[-78.45933,-8.38454],[-78.46596,-8.3876],[-78.48379,-8.38161],[-78.4944,-8.37134],[-78.47914,-8.35108],[-78.49836,-8.34097],[-78.51659,-8.33832],[-78.53415,-8.3271],[-78.5367,-8.32239],[-78.55038,-8.32421],[-78.55772,-8.32073],[-78.57114,-8.31989],[-78.58062,-8.30872],[-78.5883,-8.3075],[-78.58375,-8.29081],[-78.5832,-8.27931],[-78.57655,-8.27571],[-78.57137,-8.26188],[-78.56679,-8.26037],[-78.56578,-8.25103],[-78.56158,-8.24539],[-78.56597,-8.24142],[-78.56217,-8.22828],[-78.55148,-8.22534],[-78.54054,-8.21855],[-78.52951,-8.21791],[-78.51642,-8.20835],[-78.50562,-8.20586],[-78.49857,-8.19774],[-78.49005,-8.19248],[-78.48503,-8.19586],[-78.47291,-8.19478],[-78.46289,-8.19766],[-78.45461,-8.20352],[-78.44702,-8.19646],[-78.43272,-8.19035],[-78.41962,-8.19],[-78.40767,-8.19477],[-78.3861,-8.19079],[-78.37779,-8.18572],[-78.37648,-8.17093],[-78.36255,-8.16131],[-78.3325,-8.14958],[-78.32439,-8.15412],[-78.31178,-8.16149],[-78.30414,-8.16859],[-78.29909,-8.20264],[-78.29952,-8.20785]]]}},{"type":"Feature","properties":{"ubigeo":"130601","nombre":"Otuzco"},"geometry":{"type":"Polygon","coordinates":[[[-78.505,-7.75504],[-78.5007,-7.76006],[-78.5024,-7.77803],[-78.50173,-7.80428],[-78.51027,-7.81937],[-78.50992,-7.8357],[-78.50135,-7.84458],[-78.47806,-7.84495],[-78.48168,-7.86171],[-78.49454,-7.874],[-78.49023,-7.88089],[-78.48841,-7.89615],[-78.47913,-7.90274],[-78.47846,-7.91103],[-78.48683,-7.9109],[-78.50371,-7.91784],[-78.51017,-7.91705],[-78.51332,-7.92395],[-78.52284,-7.93392],[-78.54351,-7.93289],[-78.55352,-7.92421],[-78.56579,-7.92299],[-78.57075,-7.92698],[-78.5878,-7.93079],[-78.59461,-7.93921],[-78.60356,-7.94361],[-78.61699,-7.96017],[-78.63877,-7.96922],[-78.65748,-7.98841],[-78.67424,-7.99037],[-78.68228,-7.99666],[-78.68417,-7.98703],[-78.69439,-7.97211],[-78.6902,-7.96648],[-78.68979,-7.9461],[-78.67455,-7.93947],[-78.66441,-7.92906],[-78.65689,-7.92612],[-78.65954,-7.91529],[-78.65651,-7.90745],[-78.64795,-7.8997],[-78.65437,-7.88094],[-78.64792,-7.86818],[-78.65214,-7.85793],[-78.65219,-7.85397],[-78.63262,-7.83146],[-78.62599,-7.82699],[-78.63113,-7.81842],[-78.64749,-7.81258],[-78.66504,-7.79699],[-78.66319,-7.79198],[-78.65066,-7.77969],[-78.64448,-7.77006],[-78.63621,-7.76363],[-78.62732,-7.75129],[-78.60045,-7.73517],[-78.6005,-7.72076],[-78.59475,-7.70975],[-78.59643,-7.70347],[-78.58715,-7.70261],[-78.57971,-7.71282],[-78.5614,-7.71875],[-78.55195,-7.72609],[-78.5426,-7.74134],[-78.53305,-7.74767],[-78.50868,-7.75568],[-78.505,-7.75504]]]}},{"type":"Feature","properties":{"ubigeo":"130602","nombre":"Agallpampa"},"geometry":{"type":"Polygon","coordinates":[[[-78.40615,-7.9901],[-78.42279,-7.99219],[-78.42893,-7.99984],[-78.45757,-7.99155],[-78.47185,-7.99716],[-78.47587,-8.00504],[-78.48289,-8.00714],[-78.49135,-8.01541],[-78.49971,-8.00202],[-78.50821,-7.99466],[-78.51655,-7.99377],[-78.52502,-8.00153],[-78.53623,-8.00632],[-78.541,-8.00304],[-78.55489,-8.00262],[-78.55756,-7.99006],[-78.56751,-7.98359],[-78.57047,-7.97767],[-78.57975,-7.97249],[-78.5894,-7.97742],[-78.59866,-7.96954],[-78.61699,-7.96017],[-78.60356,-7.94361],[-78.59461,-7.93921],[-78.5878,-7.93079],[-78.57075,-7.92698],[-78.56579,-7.92299],[-78.55352,-7.92421],[-78.54351,-7.93289],[-78.52284,-7.93392],[-78.51332,-7.92395],[-78.51017,-7.91705],[-78.50371,-7.91784],[-78.48683,-7.9109],[-78.47846,-7.91103],[-78.46,-7.8962],[-78.45104,-7.89616],[-78.44007,-7.88103],[-78.42823,-7.88113],[-78.41501,-7.87778],[-78.41284,-7.87383],[-78.41776,-7.86624],[-78.40713,-7.86728],[-78.39786,-7.85871],[-78.39182,-7.86159],[-78.38807,-7.87323],[-78.37765,-7.88172],[-78.37886,-7.89587],[-78.37081,-7.90483],[-78.35304,-7.91771],[-78.33693,-7.92173],[-78.32446,-7.93007],[-78.34076,-7.93912],[-78.34443,-7.94637],[-78.36622,-7.95018],[-78.37859,-7.97636],[-78.38827,-7.97702],[-78.39845,-7.98269],[-78.40615,-7.9901]]]}},{"type":"Feature","properties":{"ubigeo":"130604","nombre":"Charat"},"geometry":{"type":"Polygon","coordinates":[[[-78.47806,-7.84495],[-78.50135,-7.84458],[-78.50992,-7.8357],[-78.51027,-7.81937],[-78.50173,-7.80428],[-78.5024,-7.77803],[-78.5007,-7.76006],[-78.505,-7.75504],[-78.48951,-7.75434],[-78.47423,-7.7612],[-78.45677,-7.7655],[-78.45399,-7.76858],[-78.45504,-7.78123],[-78.44989,-7.79071],[-78.4503,-7.79695],[-78.44349,-7.80575],[-78.43843,-7.81987],[-78.42983,-7.82807],[-78.42945,-7.83215],[-78.4379,-7.83718],[-78.4408,-7.84836],[-78.44693,-7.85681],[-78.47289,-7.85092],[-78.47806,-7.84495]]]}},{"type":"Feature","properties":{"ubigeo":"130605","nombre":"Huaranchal"},"geometry":{"type":"Polygon","coordinates":[[[-78.35662,-7.67381],[-78.36155,-7.68417],[-78.376,-7.68412],[-78.40096,-7.69436],[-78.40729,-7.70395],[-78.41253,-7.70528],[-78.42145,-7.70058],[-78.43734,-7.70311],[-78.4452,-7.70812],[-78.44883,-7.71626],[-78.45928,-7.72056],[-78.45961,-7.73336],[-78.46481,-7.73841],[-78.4636,-7.74556],[-78.46995,-7.75188],[-78.48951,-7.75434],[-78.505,-7.75504],[-78.50868,-7.75568],[-78.53305,-7.74767],[-78.5426,-7.74134],[-78.55195,-7.72609],[-78.53263,-7.72031],[-78.52173,-7.71061],[-78.51551,-7.70988],[-78.5122,-7.70359],[-78.49905,-7.69668],[-78.49662,-7.68575],[-78.48571,-7.67774],[-78.4799,-7.66858],[-78.45528,-7.65704],[-78.46844,-7.64574],[-78.48736,-7.63976],[-78.4897,-7.63389],[-78.47953,-7.63725],[-78.45789,-7.63141],[-78.44712,-7.6238],[-78.44605,-7.634],[-78.44161,-7.64061],[-78.42426,-7.64105],[-78.41953,-7.63917],[-78.38746,-7.64399],[-78.37606,-7.63996],[-78.37186,-7.6446],[-78.36073,-7.6443],[-78.36056,-7.65384],[-78.35644,-7.66231],[-78.35946,-7.66801],[-78.35662,-7.67381]]]}},{"type":"Feature","properties":{"ubigeo":"130606","nombre":"La Cuesta"},"geometry":{"type":"Polygon","coordinates":[[[-78.68979,-7.9461],[-78.69377,-7.94378],[-78.72015,-7.92721],[-78.73193,-7.92778],[-78.7368,-7.91051],[-78.73277,-7.89926],[-78.70203,-7.90607],[-78.69344,-7.90984],[-78.68591,-7.90739],[-78.67359,-7.89643],[-78.67073,-7.88499],[-78.67332,-7.87892],[-78.67512,-7.86213],[-78.67808,-7.85883],[-78.66671,-7.86141],[-78.65214,-7.85793],[-78.64792,-7.86818],[-78.65437,-7.88094],[-78.64795,-7.8997],[-78.65651,-7.90745],[-78.65954,-7.91529],[-78.65689,-7.92612],[-78.66441,-7.92906],[-78.67455,-7.93947],[-78.68979,-7.9461]]]}},{"type":"Feature","properties":{"ubigeo":"130608","nombre":"Mache"},"geometry":{"type":"Polygon","coordinates":[[[-78.5359,-8.08389],[-78.54449,-8.0854],[-78.54975,-8.07817],[-78.56485,-8.07635],[-78.57399,-8.0726],[-78.5561,-8.05867],[-78.55181,-8.04997],[-78.55597,-8.04037],[-78.55413,-8.0289],[-78.5573,-8.02417],[-78.54973,-8.01268],[-78.55489,-8.00262],[-78.541,-8.00304],[-78.53623,-8.00632],[-78.52502,-8.00153],[-78.51655,-7.99377],[-78.50821,-7.99466],[-78.49971,-8.00202],[-78.49135,-8.01541],[-78.49954,-8.02573],[-78.50409,-8.02727],[-78.51359,-8.0229],[-78.51606,-8.02995],[-78.53312,-8.04267],[-78.5341,-8.0521],[-78.53065,-8.0667],[-78.53127,-8.07485],[-78.5359,-8.08389]]]}},{"type":"Feature","properties":{"ubigeo":"130610","nombre":"Paranday"},"geometry":{"type":"Polygon","coordinates":[[[-78.72723,-7.88336],[-78.7202,-7.87555],[-78.70596,-7.87247],[-78.68966,-7.87398],[-78.68054,-7.86813],[-78.67808,-7.85883],[-78.67512,-7.86213],[-78.67332,-7.87892],[-78.67073,-7.88499],[-78.67359,-7.89643],[-78.68591,-7.90739],[-78.69344,-7.90984],[-78.70203,-7.90607],[-78.73277,-7.89926],[-78.73209,-7.89069],[-78.72723,-7.88336]]]}},{"type":"Feature","properties":{"ubigeo":"130611","nombre":"Salpo"},"geometry":{"type":"Polygon","coordinates":[[[-78.57399,-8.0726],[-78.59572,-8.06157],[-78.60944,-8.06293],[-78.62543,-8.0765],[-78.62987,-8.09313],[-78.63578,-8.09764],[-78.65109,-8.09117],[-78.66604,-8.09634],[-78.68237,-8.09722],[-78.68399,-8.09091],[-78.69164,-8.09353],[-78.70709,-8.09417],[-78.72305,-8.09228],[-78.71953,-8.06174],[-78.72011,-8.05002],[-78.71697,-8.04351],[-78.70586,-8.03865],[-78.70812,-8.02535],[-78.71511,-8.02305],[-78.71645,-8.01684],[-78.69687,-8.00816],[-78.69152,-7.99945],[-78.68228,-7.99666],[-78.67424,-7.99037],[-78.65748,-7.98841],[-78.63877,-7.96922],[-78.61699,-7.96017],[-78.59866,-7.96954],[-78.5894,-7.97742],[-78.57975,-7.97249],[-78.57047,-7.97767],[-78.56751,-7.98359],[-78.55756,-7.99006],[-78.55489,-8.00262],[-78.54973,-8.01268],[-78.5573,-8.02417],[-78.55413,-8.0289],[-78.55597,-8.04037],[-78.55181,-8.04997],[-78.5561,-8.05867],[-78.57399,-8.0726]]]}},{"type":"Feature","properties":{"ubigeo":"130613","nombre":"Sinsicap"},"geometry":{"type":"Polygon","coordinates":[[[-78.66504,-7.79699],[-78.64749,-7.81258],[-78.63113,-7.81842],[-78.62599,-7.82699],[-78.63262,-7.83146],[-78.65219,-7.85397],[-78.65214,-7.85793],[-78.66671,-7.86141],[-78.67808,-7.85883],[-78.68054,-7.86813],[-78.68966,-7.87398],[-78.70596,-7.87247],[-78.7202,-7.87555],[-78.72723,-7.88336],[-78.74341,-7.88687],[-78.76378,-7.88142],[-78.78022,-7.88362],[-78.78002,-7.87354],[-78.7831,-7.86303],[-78.77471,-7.85439],[-78.77571,-7.84739],[-78.77256,-7.83724],[-78.76803,-7.83368],[-78.78173,-7.81827],[-78.77379,-7.80385],[-78.78166,-7.79971],[-78.80333,-7.8001],[-78.81626,-7.79687],[-78.82093,-7.7873],[-78.83272,-7.78375],[-78.85225,-7.78466],[-78.85913,-7.78886],[-78.86224,-7.77493],[-78.87315,-7.77008],[-78.88985,-7.7718],[-78.89198,-7.76379],[-78.88555,-7.75892],[-78.89307,-7.74897],[-78.90316,-7.72365],[-78.91397,-7.71951],[-78.90786,-7.70987],[-78.9106,-7.70307],[-78.91229,-7.68608],[-78.90608,-7.68403],[-78.89563,-7.66839],[-78.89749,-7.65332],[-78.89598,-7.64539],[-78.88036,-7.64049],[-78.84645,-7.63597],[-78.83776,-7.63747],[-78.82502,-7.63352],[-78.81908,-7.63952],[-78.80377,-7.63411],[-78.80214,-7.63864],[-78.79237,-7.64003],[-78.77469,-7.65453],[-78.77003,-7.66664],[-78.7577,-7.67429],[-78.75109,-7.67291],[-78.74791,-7.684],[-78.74262,-7.68837],[-78.73069,-7.68876],[-78.72776,-7.69431],[-78.71246,-7.70398],[-78.71243,-7.72127],[-78.70471,-7.72606],[-78.70176,-7.74706],[-78.69605,-7.76268],[-78.68901,-7.77354],[-78.68302,-7.77579],[-78.67253,-7.78527],[-78.66504,-7.79699]]]}},{"type":"Feature","properties":{"ubigeo":"130614","nombre":"Usquil"},"geometry":{"type":"Polygon","coordinates":[[[-78.25301,-7.88653],[-78.2602,-7.89358],[-78.27159,-7.88788],[-78.28961,-7.8889],[-78.30344,-7.89421],[-78.30861,-7.90161],[-78.32047,-7.90595],[-78.32446,-7.93007],[-78.33693,-7.92173],[-78.35304,-7.91771],[-78.37081,-7.90483],[-78.37886,-7.89587],[-78.37765,-7.88172],[-78.38807,-7.87323],[-78.39182,-7.86159],[-78.39786,-7.85871],[-78.40713,-7.86728],[-78.41776,-7.86624],[-78.41284,-7.87383],[-78.41501,-7.87778],[-78.42823,-7.88113],[-78.44007,-7.88103],[-78.45104,-7.89616],[-78.46,-7.8962],[-78.47846,-7.91103],[-78.47913,-7.90274],[-78.48841,-7.89615],[-78.49023,-7.88089],[-78.49454,-7.874],[-78.48168,-7.86171],[-78.47806,-7.84495],[-78.47289,-7.85092],[-78.44693,-7.85681],[-78.4408,-7.84836],[-78.4379,-7.83718],[-78.42945,-7.83215],[-78.42983,-7.82807],[-78.43843,-7.81987],[-78.44349,-7.80575],[-78.4503,-7.79695],[-78.44989,-7.79071],[-78.45504,-7.78123],[-78.45399,-7.76858],[-78.45677,-7.7655],[-78.47423,-7.7612],[-78.48951,-7.75434],[-78.46995,-7.75188],[-78.4636,-7.74556],[-78.46481,-7.73841],[-78.45961,-7.73336],[-78.45928,-7.72056],[-78.44883,-7.71626],[-78.4452,-7.70812],[-78.43734,-7.70311],[-78.42145,-7.70058],[-78.41253,-7.70528],[-78.40729,-7.70395],[-78.40096,-7.69436],[-78.376,-7.68412],[-78.36155,-7.68417],[-78.35662,-7.67381],[-78.35218,-7.67296],[-78.34796,-7.68572],[-78.33565,-7.69054],[-78.33014,-7.69963],[-78.32092,-7.69739],[-78.3152,-7.70318],[-78.3028,-7.69646],[-78.29577,-7.70686],[-78.28963,-7.70657],[-78.28386,-7.71557],[-78.27572,-7.72022],[-78.28209,-7.7264],[-78.28325,-7.7421],[-78.28116,-7.74728],[-78.27242,-7.75352],[-78.26115,-7.75402],[-78.2629,-7.76647],[-78.26126,-7.77301],[-78.27335,-7.78491],[-78.2729,-7.79723],[-78.26967,-7.81335],[-78.25232,-7.83718],[-78.24888,-7.85494],[-78.25339,-7.87567],[-78.25301,-7.88653]]]}},{"type":"Feature","properties":{"ubigeo":"130701","nombre":"San Pedro de Lloc"},"geometry":{"type":"Polygon","coordinates":[[[-79.1865,-7.37735],[-79.18733,-7.38866],[-79.19914,-7.39342],[-79.20724,-7.40173],[-79.2059,-7.40815],[-79.21152,-7.42147],[-79.21975,-7.42827],[-79.22547,-7.42829],[-79.23019,-7.4403],[-79.24168,-7.45005],[-79.23809,-7.45618],[-79.24514,-7.46241],[-79.25285,-7.46175],[-79.25632,-7.47207],[-79.2674,-7.48828],[-79.26778,-7.4934],[-79.26166,-7.5039],[-79.26905,-7.50583],[-79.28399,-7.51401],[-79.2922,-7.50988],[-79.29606,-7.51295],[-79.29226,-7.53348],[-79.29214,-7.54682],[-79.30037,-7.54976],[-79.30844,-7.56711],[-79.31252,-7.57979],[-79.31779,-7.58321],[-79.32643,-7.57445],[-79.33238,-7.58218],[-79.34102,-7.57732],[-79.3495,-7.56258],[-79.35674,-7.55866],[-79.36832,-7.56623],[-79.37011,-7.5759],[-79.37887,-7.591],[-79.38564,-7.59768],[-79.45576,-7.63664],[-79.47174,-7.61225],[-79.49526,-7.58119],[-79.49599,-7.57533],[-79.51875,-7.5464],[-79.54088,-7.52126],[-79.53948,-7.51402],[-79.55007,-7.49453],[-79.57661,-7.46151],[-79.57901,-7.44233],[-79.56291,-7.4412],[-79.54764,-7.42036],[-79.54348,-7.41693],[-79.53704,-7.40368],[-79.53551,-7.39504],[-79.52396,-7.39187],[-79.51128,-7.37703],[-79.49623,-7.36943],[-79.48599,-7.36698],[-79.48439,-7.37017],[-79.47026,-7.37138],[-79.46155,-7.36556],[-79.45736,-7.37361],[-79.44746,-7.37071],[-79.4465,-7.38675],[-79.44177,-7.39205],[-79.43239,-7.38886],[-79.42877,-7.38389],[-79.40845,-7.38885],[-79.40792,-7.40566],[-79.39724,-7.41545],[-79.38889,-7.42809],[-79.38961,-7.44088],[-79.38387,-7.44252],[-79.3663,-7.42921],[-79.35958,-7.43005],[-79.33968,-7.41783],[-79.33576,-7.40809],[-79.32504,-7.40124],[-79.31142,-7.40551],[-79.30362,-7.40417],[-79.30063,-7.39957],[-79.28861,-7.39322],[-79.2811,-7.39263],[-79.27503,-7.38482],[-79.26087,-7.379],[-79.23087,-7.39095],[-79.19372,-7.3738],[-79.1865,-7.37735]]]}},{"type":"Feature","properties":{"ubigeo":"130702","nombre":"Guadalupe"},"geometry":{"type":"Polygon","coordinates":[[[-79.36928,-7.32412],[-79.37945,-7.32733],[-79.39337,-7.32675],[-79.40762,-7.33148],[-79.43836,-7.32257],[-79.45164,-7.32613],[-79.46499,-7.32149],[-79.48079,-7.32531],[-79.51957,-7.32333],[-79.53795,-7.32681],[-79.55029,-7.3244],[-79.57177,-7.32462],[-79.58306,-7.33577],[-79.58936,-7.3383],[-79.5905,-7.32692],[-79.58762,-7.31838],[-79.59155,-7.3048],[-79.59972,-7.28575],[-79.58269,-7.28386],[-79.56109,-7.28855],[-79.55314,-7.28076],[-79.55227,-7.26726],[-79.54181,-7.25393],[-79.54183,-7.24657],[-79.52447,-7.25149],[-79.5183,-7.2587],[-79.5103,-7.25897],[-79.50491,-7.25464],[-79.50111,-7.23435],[-79.49068,-7.23545],[-79.4857,-7.23002],[-79.48858,-7.22123],[-79.47168,-7.2302],[-79.46933,-7.22474],[-79.46216,-7.22368],[-79.45417,-7.22917],[-79.44076,-7.23993],[-79.42319,-7.25717],[-79.41724,-7.2826],[-79.40397,-7.30235],[-79.38706,-7.30882],[-79.37097,-7.32049],[-79.36928,-7.32412]]]}},{"type":"Feature","properties":{"ubigeo":"130703","nombre":"Jequetepeque"},"geometry":{"type":"Polygon","coordinates":[[[-79.51459,-7.35252],[-79.53583,-7.37149],[-79.55014,-7.38859],[-79.56518,-7.39482],[-79.5699,-7.38949],[-79.5744,-7.37388],[-79.58854,-7.35093],[-79.58936,-7.3383],[-79.58306,-7.33577],[-79.57177,-7.32462],[-79.55029,-7.3244],[-79.53795,-7.32681],[-79.51957,-7.32333],[-79.48079,-7.32531],[-79.49599,-7.33253],[-79.49445,-7.33637],[-79.50911,-7.34269],[-79.51459,-7.35252]]]}},{"type":"Feature","properties":{"ubigeo":"130704","nombre":"Pacasmayo"},"geometry":{"type":"Polygon","coordinates":[[[-79.57901,-7.44233],[-79.58375,-7.4347],[-79.58848,-7.4141],[-79.57883,-7.408],[-79.57286,-7.40039],[-79.5699,-7.38949],[-79.56518,-7.39482],[-79.55014,-7.38859],[-79.53583,-7.37149],[-79.51459,-7.35252],[-79.50191,-7.36057],[-79.49623,-7.36943],[-79.51128,-7.37703],[-79.52396,-7.39187],[-79.53551,-7.39504],[-79.53704,-7.40368],[-79.54348,-7.41693],[-79.54764,-7.42036],[-79.56291,-7.4412],[-79.57901,-7.44233]]]}},{"type":"Feature","properties":{"ubigeo":"130705","nombre":"San José"},"geometry":{"type":"Polygon","coordinates":[[[-79.26087,-7.379],[-79.27503,-7.38482],[-79.2811,-7.39263],[-79.28861,-7.39322],[-79.30063,-7.39957],[-79.30362,-7.40417],[-79.31142,-7.40551],[-79.32504,-7.40124],[-79.33576,-7.40809],[-79.33968,-7.41783],[-79.35958,-7.43005],[-79.3663,-7.42921],[-79.38387,-7.44252],[-79.38961,-7.44088],[-79.38889,-7.42809],[-79.39724,-7.41545],[-79.40792,-7.40566],[-79.40845,-7.38885],[-79.42877,-7.38389],[-79.43239,-7.38886],[-79.44177,-7.39205],[-79.4465,-7.38675],[-79.44746,-7.37071],[-79.45736,-7.37361],[-79.46155,-7.36556],[-79.47026,-7.37138],[-79.48439,-7.37017],[-79.48599,-7.36698],[-79.49623,-7.36943],[-79.50191,-7.36057],[-79.51459,-7.35252],[-79.50911,-7.34269],[-79.49445,-7.33637],[-79.49599,-7.33253],[-79.48079,-7.32531],[-79.46499,-7.32149],[-79.45164,-7.32613],[-79.43836,-7.32257],[-79.40762,-7.33148],[-79.39337,-7.32675],[-79.37945,-7.32733],[-79.36928,-7.32412],[-79.3656,-7.33241],[-79.34713,-7.33664],[-79.33427,-7.35288],[-79.32252,-7.35453],[-79.31492,-7.35968],[-79.29999,-7.35313],[-79.29312,-7.34726],[-79.28026,-7.3509],[-79.27924,-7.35953],[-79.27311,-7.36699],[-79.26453,-7.37178],[-79.26087,-7.379]]]}},{"type":"Feature","properties":{"ubigeo":"130801","nombre":"Tayabamba"},"geometry":{"type":"Polygon","coordinates":[[[-77.10329,-8.43804],[-77.10392,-8.44404],[-77.12078,-8.44741],[-77.13384,-8.44002],[-77.15265,-8.43644],[-77.153,-8.42589],[-77.16879,-8.43025],[-77.17662,-8.43842],[-77.18357,-8.42829],[-77.18532,-8.41918],[-77.17953,-8.41454],[-77.18149,-8.40215],[-77.18534,-8.39958],[-77.19927,-8.40386],[-77.20293,-8.40154],[-77.19738,-8.3891],[-77.22144,-8.38005],[-77.22315,-8.36427],[-77.23737,-8.36263],[-77.25059,-8.37367],[-77.26278,-8.38126],[-77.2693,-8.37945],[-77.27535,-8.38786],[-77.28729,-8.39082],[-77.29451,-8.38711],[-77.3003,-8.37864],[-77.3107,-8.3699],[-77.32312,-8.35512],[-77.3427,-8.35378],[-77.33886,-8.34475],[-77.32914,-8.33262],[-77.31803,-8.32656],[-77.3127,-8.30906],[-77.31721,-8.30161],[-77.32549,-8.29914],[-77.33289,-8.27992],[-77.34249,-8.27281],[-77.34639,-8.27782],[-77.35442,-8.27599],[-77.36759,-8.26897],[-77.38217,-8.26384],[-77.37354,-8.24805],[-77.37645,-8.23418],[-77.37575,-8.22486],[-77.38025,-8.22028],[-77.3887,-8.20062],[-77.37401,-8.1911],[-77.35411,-8.1858],[-77.35171,-8.18355],[-77.33627,-8.19214],[-77.33104,-8.20454],[-77.32156,-8.21669],[-77.31765,-8.21764],[-77.31137,-8.22732],[-77.29899,-8.23815],[-77.28649,-8.2363],[-77.27267,-8.24265],[-77.26302,-8.24015],[-77.24602,-8.2212],[-77.24342,-8.2439],[-77.23536,-8.25016],[-77.22434,-8.25179],[-77.21664,-8.26886],[-77.20751,-8.26925],[-77.20383,-8.27656],[-77.20285,-8.29192],[-77.19059,-8.29971],[-77.19078,-8.31361],[-77.18371,-8.31646],[-77.17535,-8.33277],[-77.15817,-8.33256],[-77.1574,-8.34199],[-77.15355,-8.34627],[-77.15468,-8.35595],[-77.13852,-8.37658],[-77.13471,-8.38453],[-77.13687,-8.39093],[-77.13011,-8.40026],[-77.12392,-8.41505],[-77.1267,-8.42355],[-77.12405,-8.42796],[-77.11097,-8.427],[-77.10329,-8.43804]]]}},{"type":"Feature","properties":{"ubigeo":"130802","nombre":"Buldibuyo"},"geometry":{"type":"Polygon","coordinates":[[[-77.29618,-8.12684],[-77.31326,-8.14882],[-77.32324,-8.15591],[-77.33356,-8.15887],[-77.34564,-8.15696],[-77.36243,-8.16322],[-77.36212,-8.16914],[-77.35595,-8.17409],[-77.35171,-8.18355],[-77.35411,-8.1858],[-77.37401,-8.1911],[-77.3887,-8.20062],[-77.39776,-8.20351],[-77.4112,-8.20401],[-77.40941,-8.2106],[-77.41802,-8.22731],[-77.4233,-8.2189],[-77.42075,-8.21046],[-77.43829,-8.19705],[-77.44373,-8.18943],[-77.44381,-8.1777],[-77.44779,-8.17049],[-77.45963,-8.16822],[-77.45771,-8.15908],[-77.46075,-8.1471],[-77.45544,-8.14334],[-77.45333,-8.12998],[-77.45718,-8.12992],[-77.46214,-8.11559],[-77.47402,-8.09937],[-77.47677,-8.08706],[-77.45146,-8.08735],[-77.43749,-8.08414],[-77.43124,-8.07811],[-77.42604,-8.07898],[-77.41633,-8.06798],[-77.40813,-8.07191],[-77.39674,-8.06579],[-77.39436,-8.0599],[-77.38547,-8.05539],[-77.37682,-8.05935],[-77.37328,-8.06468],[-77.3493,-8.05438],[-77.33492,-8.05661],[-77.32743,-8.05409],[-77.32449,-8.05804],[-77.30721,-8.0566],[-77.30328,-8.06304],[-77.30225,-8.0732],[-77.29625,-8.07721],[-77.28654,-8.09083],[-77.28801,-8.10128],[-77.29981,-8.10831],[-77.30879,-8.12056],[-77.29853,-8.11941],[-77.29618,-8.12684]]]}},{"type":"Feature","properties":{"ubigeo":"130803","nombre":"Chillia"},"geometry":{"type":"Polygon","coordinates":[[[-77.41802,-8.22731],[-77.43089,-8.23693],[-77.44896,-8.24294],[-77.45341,-8.24884],[-77.46882,-8.25286],[-77.48063,-8.24805],[-77.48798,-8.25695],[-77.49429,-8.25935],[-77.50583,-8.2734],[-77.52143,-8.2707],[-77.52863,-8.26569],[-77.52783,-8.24722],[-77.53597,-8.24105],[-77.55276,-8.23642],[-77.56571,-8.23739],[-77.57534,-8.23006],[-77.57332,-8.21249],[-77.57079,-8.20726],[-77.55729,-8.19373],[-77.56454,-8.18737],[-77.5708,-8.17313],[-77.57541,-8.16815],[-77.59435,-8.16252],[-77.60319,-8.15718],[-77.60787,-8.14678],[-77.60149,-8.13849],[-77.60338,-8.13476],[-77.61595,-8.13146],[-77.62453,-8.1175],[-77.63138,-8.11426],[-77.63652,-8.10619],[-77.6254,-8.09447],[-77.61883,-8.07983],[-77.60168,-8.08815],[-77.57712,-8.09032],[-77.57153,-8.09269],[-77.56935,-8.08543],[-77.56115,-8.07977],[-77.55357,-8.06881],[-77.54299,-8.06624],[-77.53106,-8.06702],[-77.50825,-8.06265],[-77.50862,-8.05087],[-77.49418,-8.06632],[-77.48494,-8.0699],[-77.47888,-8.07819],[-77.47677,-8.08706],[-77.47402,-8.09937],[-77.46214,-8.11559],[-77.45718,-8.12992],[-77.45333,-8.12998],[-77.45544,-8.14334],[-77.46075,-8.1471],[-77.45771,-8.15908],[-77.45963,-8.16822],[-77.44779,-8.17049],[-77.44381,-8.1777],[-77.44373,-8.18943],[-77.43829,-8.19705],[-77.42075,-8.21046],[-77.4233,-8.2189],[-77.41802,-8.22731]]]}},{"type":"Feature","properties":{"ubigeo":"130804","nombre":"Huancaspata"},"geometry":{"type":"Polygon","coordinates":[[[-77.13384,-8.44002],[-77.14674,-8.45451],[-77.16455,-8.46708],[-77.1748,-8.47123],[-77.18554,-8.48019],[-77.19361,-8.47987],[-77.20421,-8.48569],[-77.22094,-8.47976],[-77.2341,-8.47854],[-77.26408,-8.46753],[-77.27131,-8.47543],[-77.27617,-8.4868],[-77.2771,-8.49574],[-77.28278,-8.50589],[-77.29338,-8.51712],[-77.31009,-8.52192],[-77.31749,-8.53015],[-77.3371,-8.53145],[-77.34735,-8.51793],[-77.36602,-8.50709],[-77.37063,-8.49926],[-77.36579,-8.48469],[-77.34858,-8.47185],[-77.34282,-8.45723],[-77.31431,-8.46677],[-77.31439,-8.45823],[-77.30457,-8.44564],[-77.30316,-8.41682],[-77.29894,-8.39939],[-77.31144,-8.39357],[-77.31901,-8.38057],[-77.32746,-8.37735],[-77.33837,-8.37733],[-77.3513,-8.36927],[-77.35507,-8.35889],[-77.3427,-8.35378],[-77.32312,-8.35512],[-77.3107,-8.3699],[-77.3003,-8.37864],[-77.29451,-8.38711],[-77.28729,-8.39082],[-77.27535,-8.38786],[-77.2693,-8.37945],[-77.26278,-8.38126],[-77.25059,-8.37367],[-77.23737,-8.36263],[-77.22315,-8.36427],[-77.22144,-8.38005],[-77.19738,-8.3891],[-77.20293,-8.40154],[-77.19927,-8.40386],[-77.18534,-8.39958],[-77.18149,-8.40215],[-77.17953,-8.41454],[-77.18532,-8.41918],[-77.18357,-8.42829],[-77.17662,-8.43842],[-77.16879,-8.43025],[-77.153,-8.42589],[-77.15265,-8.43644],[-77.13384,-8.44002]]]}},{"type":"Feature","properties":{"ubigeo":"130805","nombre":"Huaylillas"},"geometry":{"type":"Polygon","coordinates":[[[-77.35171,-8.18355],[-77.35595,-8.17409],[-77.36212,-8.16914],[-77.36243,-8.16322],[-77.34564,-8.15696],[-77.33356,-8.15887],[-77.32324,-8.15591],[-77.31326,-8.14882],[-77.29618,-8.12684],[-77.29057,-8.13229],[-77.2851,-8.14642],[-77.2876,-8.15249],[-77.28229,-8.1558],[-77.27052,-8.15609],[-77.2628,-8.17758],[-77.25444,-8.17653],[-77.24646,-8.18291],[-77.24276,-8.19049],[-77.23188,-8.20352],[-77.23354,-8.21105],[-77.24602,-8.2212],[-77.26302,-8.24015],[-77.27267,-8.24265],[-77.28649,-8.2363],[-77.29899,-8.23815],[-77.31137,-8.22732],[-77.31765,-8.21764],[-77.32156,-8.21669],[-77.33104,-8.20454],[-77.33627,-8.19214],[-77.35171,-8.18355]]]}},{"type":"Feature","properties":{"ubigeo":"130806","nombre":"Huayo"},"geometry":{"type":"Polygon","coordinates":[[[-77.61883,-8.07983],[-77.6233,-8.07353],[-77.64273,-8.06722],[-77.64688,-8.0615],[-77.64741,-8.04971],[-77.64939,-8.03221],[-77.64157,-8.00655],[-77.64082,-7.98333],[-77.63804,-7.96911],[-77.64049,-7.96057],[-77.63513,-7.95505],[-77.63044,-7.96568],[-77.61776,-7.97104],[-77.61184,-7.97812],[-77.60225,-7.97922],[-77.59259,-7.98747],[-77.57439,-7.99646],[-77.56681,-8.00942],[-77.54363,-8.02188],[-77.53497,-8.03043],[-77.52525,-8.03287],[-77.51919,-8.0424],[-77.50862,-8.05087],[-77.50825,-8.06265],[-77.53106,-8.06702],[-77.54299,-8.06624],[-77.55357,-8.06881],[-77.56115,-8.07977],[-77.56935,-8.08543],[-77.57153,-8.09269],[-77.57712,-8.09032],[-77.60168,-8.08815],[-77.61883,-8.07983]]]}},{"type":"Feature","properties":{"ubigeo":"130807","nombre":"Ongon"},"geometry":{"type":"Polygon","coordinates":[[[-76.9033,-8.26809],[-76.90124,-8.28347],[-76.90547,-8.28602],[-76.91112,-8.29749],[-76.907,-8.30443],[-76.91247,-8.31271],[-76.91375,-8.32609],[-76.93185,-8.34348],[-76.92618,-8.35049],[-76.927,-8.35926],[-76.94022,-8.35912],[-76.9442,-8.36177],[-76.95006,-8.37502],[-76.96555,-8.36967],[-76.97455,-8.37893],[-76.9719,-8.39059],[-76.97648,-8.39594],[-76.98185,-8.39324],[-76.99268,-8.39538],[-76.99678,-8.38422],[-77.00247,-8.38305],[-77.0325,-8.40397],[-77.04372,-8.40454],[-77.06525,-8.3966],[-77.06988,-8.3975],[-77.07536,-8.40587],[-77.08548,-8.40622],[-77.09399,-8.42775],[-77.0932,-8.43447],[-77.10329,-8.43804],[-77.11097,-8.427],[-77.12405,-8.42796],[-77.1267,-8.42355],[-77.12392,-8.41505],[-77.13011,-8.40026],[-77.13687,-8.39093],[-77.13471,-8.38453],[-77.13852,-8.37658],[-77.15468,-8.35595],[-77.15355,-8.34627],[-77.1574,-8.34199],[-77.15817,-8.33256],[-77.17535,-8.33277],[-77.18371,-8.31646],[-77.19078,-8.31361],[-77.19059,-8.29971],[-77.20285,-8.29192],[-77.20383,-8.27656],[-77.20751,-8.26925],[-77.21664,-8.26886],[-77.22434,-8.25179],[-77.23536,-8.25016],[-77.24342,-8.2439],[-77.24602,-8.2212],[-77.23354,-8.21105],[-77.23188,-8.20352],[-77.24276,-8.19049],[-77.24646,-8.18291],[-77.25444,-8.17653],[-77.2628,-8.17758],[-77.27052,-8.15609],[-77.28229,-8.1558],[-77.2876,-8.15249],[-77.2851,-8.14642],[-77.29057,-8.13229],[-77.29618,-8.12684],[-77.29853,-8.11941],[-77.30879,-8.12056],[-77.29981,-8.10831],[-77.28801,-8.10128],[-77.28654,-8.09083],[-77.29625,-8.07721],[-77.30225,-8.0732],[-77.30328,-8.06304],[-77.29226,-8.06009],[-77.28134,-8.04878],[-77.26916,-8.05035],[-77.2588,-8.04683],[-77.25472,-8.03375],[-77.23829,-8.01332],[-77.22442,-8.01179],[-77.21594,-8.01414],[-77.20487,-8.01255],[-77.18214,-8.02249],[-77.16492,-8.02212],[-77.15054,-8.03204],[-77.13199,-8.03197],[-77.11832,-8.02524],[-77.10152,-8.02723],[-77.08614,-8.03428],[-77.0687,-8.03951],[-77.04703,-8.04501],[-77.03137,-8.04612],[-77.01956,-8.05269],[-77.00841,-8.07468],[-77.00359,-8.08135],[-76.99732,-8.0823],[-76.98625,-8.10388],[-76.98672,-8.11123],[-76.97801,-8.11875],[-76.96921,-8.12068],[-76.95533,-8.13454],[-76.94703,-8.13992],[-76.93808,-8.13675],[-76.93021,-8.13846],[-76.92118,-8.14772],[-76.91947,-8.15332],[-76.91177,-8.1589],[-76.907,-8.17074],[-76.91186,-8.18095],[-76.91227,-8.18978],[-76.92363,-8.20645],[-76.9256,-8.2185],[-76.91503,-8.2324],[-76.90819,-8.25344],[-76.90768,-8.26254],[-76.9033,-8.26809]]]}},{"type":"Feature","properties":{"ubigeo":"130808","nombre":"Parcoy"},"geometry":{"type":"Polygon","coordinates":[[[-77.38547,-8.05539],[-77.39436,-8.0599],[-77.39674,-8.06579],[-77.40813,-8.07191],[-77.41633,-8.06798],[-77.42604,-8.07898],[-77.43124,-8.07811],[-77.43749,-8.08414],[-77.45146,-8.08735],[-77.47677,-8.08706],[-77.47888,-8.07819],[-77.48494,-8.0699],[-77.49418,-8.06632],[-77.50862,-8.05087],[-77.51919,-8.0424],[-77.52525,-8.03287],[-77.53497,-8.03043],[-77.54363,-8.02188],[-77.56681,-8.00942],[-77.57439,-7.99646],[-77.59259,-7.98747],[-77.60225,-7.97922],[-77.61184,-7.97812],[-77.61776,-7.97104],[-77.63044,-7.96568],[-77.63513,-7.95505],[-77.62741,-7.95137],[-77.62414,-7.94559],[-77.62679,-7.94008],[-77.62983,-7.93652],[-77.62406,-7.92352],[-77.62799,-7.90815],[-77.62779,-7.89972],[-77.63503,-7.89579],[-77.63568,-7.89066],[-77.62987,-7.88067],[-77.62072,-7.89],[-77.61046,-7.88751],[-77.60278,-7.88889],[-77.58675,-7.89953],[-77.56523,-7.89771],[-77.55657,-7.9167],[-77.55477,-7.9352],[-77.544,-7.94773],[-77.52632,-7.94451],[-77.51617,-7.93692],[-77.49569,-7.94278],[-77.48995,-7.95238],[-77.48298,-7.95386],[-77.46384,-7.96796],[-77.45971,-7.97541],[-77.45139,-7.98075],[-77.44625,-7.99007],[-77.43799,-7.98934],[-77.42772,-8.00324],[-77.41914,-8.00393],[-77.40671,-7.99532],[-77.39961,-8.00806],[-77.39435,-8.00888],[-77.38805,-8.0199],[-77.37776,-8.02672],[-77.37523,-8.03256],[-77.3813,-8.03789],[-77.38116,-8.04512],[-77.38547,-8.05539]]]}},{"type":"Feature","properties":{"ubigeo":"130809","nombre":"Pataz"},"geometry":{"type":"Polygon","coordinates":[[[-77.49685,-7.78587],[-77.50315,-7.79356],[-77.50476,-7.80284],[-77.51637,-7.82049],[-77.52353,-7.82491],[-77.5364,-7.82783],[-77.55385,-7.8351],[-77.5673,-7.84717],[-77.57855,-7.8455],[-77.59219,-7.84697],[-77.61754,-7.85734],[-77.62949,-7.85964],[-77.63351,-7.85129],[-77.63335,-7.8412],[-77.64026,-7.82237],[-77.64985,-7.81344],[-77.64838,-7.80176],[-77.65648,-7.79789],[-77.65728,-7.78813],[-77.65359,-7.77046],[-77.65935,-7.75259],[-77.66556,-7.74629],[-77.66262,-7.73905],[-77.66885,-7.7222],[-77.6652,-7.71215],[-77.65502,-7.70877],[-77.6606,-7.70371],[-77.66369,-7.69388],[-77.67007,-7.69029],[-77.67874,-7.6777],[-77.67215,-7.66494],[-77.67667,-7.64741],[-77.67508,-7.64468],[-77.67967,-7.63191],[-77.69115,-7.61889],[-77.69762,-7.61572],[-77.70145,-7.59364],[-77.69202,-7.59423],[-77.68628,-7.59948],[-77.66852,-7.60684],[-77.65835,-7.6071],[-77.64454,-7.61069],[-77.62178,-7.62257],[-77.61413,-7.63754],[-77.60594,-7.64713],[-77.59253,-7.65517],[-77.585,-7.65506],[-77.57006,-7.66207],[-77.55852,-7.67379],[-77.54556,-7.67218],[-77.53189,-7.66257],[-77.53095,-7.65448],[-77.5217,-7.65438],[-77.51126,-7.65773],[-77.50795,-7.67143],[-77.50947,-7.67654],[-77.49789,-7.68635],[-77.48863,-7.68525],[-77.47681,-7.67739],[-77.46653,-7.67488],[-77.46073,-7.6803],[-77.46128,-7.69137],[-77.47149,-7.69145],[-77.48453,-7.69971],[-77.48294,-7.71935],[-77.48769,-7.7266],[-77.49568,-7.73195],[-77.49551,-7.73706],[-77.52778,-7.75758],[-77.52547,-7.76834],[-77.50655,-7.77038],[-77.50532,-7.77863],[-77.49685,-7.78587]]]}},{"type":"Feature","properties":{"ubigeo":"130810","nombre":"Pias"},"geometry":{"type":"Polygon","coordinates":[[[-77.62987,-7.88067],[-77.62362,-7.87654],[-77.62436,-7.86431],[-77.62949,-7.85964],[-77.61754,-7.85734],[-77.59219,-7.84697],[-77.57855,-7.8455],[-77.5673,-7.84717],[-77.55385,-7.8351],[-77.5364,-7.82783],[-77.52353,-7.82491],[-77.51637,-7.82049],[-77.50476,-7.80284],[-77.50315,-7.79356],[-77.49685,-7.78587],[-77.48966,-7.79393],[-77.48245,-7.79652],[-77.47983,-7.80329],[-77.47214,-7.80302],[-77.46824,-7.80747],[-77.45794,-7.81093],[-77.45023,-7.80834],[-77.44286,-7.81364],[-77.44262,-7.82419],[-77.4356,-7.82935],[-77.43157,-7.84174],[-77.43785,-7.84701],[-77.43746,-7.85172],[-77.42657,-7.8685],[-77.42389,-7.87918],[-77.40678,-7.90249],[-77.40165,-7.89845],[-77.38883,-7.9077],[-77.37691,-7.90882],[-77.37537,-7.92006],[-77.38266,-7.92514],[-77.38657,-7.93633],[-77.38556,-7.94386],[-77.39052,-7.94731],[-77.38781,-7.96381],[-77.397,-7.96947],[-77.4005,-7.983],[-77.40671,-7.99532],[-77.41914,-8.00393],[-77.42772,-8.00324],[-77.43799,-7.98934],[-77.44625,-7.99007],[-77.45139,-7.98075],[-77.45971,-7.97541],[-77.46384,-7.96796],[-77.48298,-7.95386],[-77.48995,-7.95238],[-77.49569,-7.94278],[-77.51617,-7.93692],[-77.52632,-7.94451],[-77.544,-7.94773],[-77.55477,-7.9352],[-77.55657,-7.9167],[-77.56523,-7.89771],[-77.58675,-7.89953],[-77.60278,-7.88889],[-77.61046,-7.88751],[-77.62072,-7.89],[-77.62987,-7.88067]]]}},{"type":"Feature","properties":{"ubigeo":"130811","nombre":"Santiago de Challas"},"geometry":{"type":"Polygon","coordinates":[[[-77.37063,-8.49926],[-77.3863,-8.49408],[-77.40034,-8.48197],[-77.40227,-8.47206],[-77.39898,-8.46415],[-77.40391,-8.45199],[-77.40546,-8.44148],[-77.41834,-8.43965],[-77.43067,-8.4306],[-77.43836,-8.42233],[-77.43791,-8.41633],[-77.4386,-8.39791],[-77.44848,-8.38162],[-77.44736,-8.36882],[-77.43839,-8.36773],[-77.42709,-8.37532],[-77.41029,-8.37874],[-77.38923,-8.38828],[-77.38174,-8.38706],[-77.36728,-8.39925],[-77.35673,-8.39502],[-77.34994,-8.39621],[-77.32597,-8.38531],[-77.31901,-8.38057],[-77.31144,-8.39357],[-77.29894,-8.39939],[-77.30316,-8.41682],[-77.30457,-8.44564],[-77.31439,-8.45823],[-77.31431,-8.46677],[-77.34282,-8.45723],[-77.34858,-8.47185],[-77.36579,-8.48469],[-77.37063,-8.49926]]]}},{"type":"Feature","properties":{"ubigeo":"130812","nombre":"Taurija"},"geometry":{"type":"Polygon","coordinates":[[[-77.44837,-8.36814],[-77.45436,-8.35624],[-77.45944,-8.35494],[-77.45744,-8.34626],[-77.4589,-8.33566],[-77.46381,-8.33126],[-77.47064,-8.33244],[-77.47799,-8.32655],[-77.47525,-8.31793],[-77.47947,-8.31682],[-77.48763,-8.30355],[-77.48659,-8.29761],[-77.49137,-8.28255],[-77.50583,-8.2734],[-77.49429,-8.25935],[-77.48798,-8.25695],[-77.48063,-8.24805],[-77.46882,-8.25286],[-77.45341,-8.24884],[-77.44896,-8.24294],[-77.43089,-8.23693],[-77.41802,-8.22731],[-77.40941,-8.2106],[-77.4112,-8.20401],[-77.39776,-8.20351],[-77.3887,-8.20062],[-77.38025,-8.22028],[-77.37575,-8.22486],[-77.37645,-8.23418],[-77.37354,-8.24805],[-77.38217,-8.26384],[-77.38378,-8.28122],[-77.38983,-8.28818],[-77.40127,-8.31681],[-77.40832,-8.32079],[-77.41929,-8.32048],[-77.43385,-8.34494],[-77.43532,-8.35764],[-77.44837,-8.36814]]]}},{"type":"Feature","properties":{"ubigeo":"130813","nombre":"Urpay"},"geometry":{"type":"Polygon","coordinates":[[[-77.31901,-8.38057],[-77.32597,-8.38531],[-77.34994,-8.39621],[-77.35673,-8.39502],[-77.36728,-8.39925],[-77.38174,-8.38706],[-77.38923,-8.38828],[-77.41029,-8.37874],[-77.42709,-8.37532],[-77.43839,-8.36773],[-77.44736,-8.36882],[-77.44837,-8.36814],[-77.43532,-8.35764],[-77.43385,-8.34494],[-77.41929,-8.32048],[-77.40832,-8.32079],[-77.40127,-8.31681],[-77.38983,-8.28818],[-77.38378,-8.28122],[-77.38217,-8.26384],[-77.36759,-8.26897],[-77.35442,-8.27599],[-77.34639,-8.27782],[-77.34249,-8.27281],[-77.33289,-8.27992],[-77.32549,-8.29914],[-77.31721,-8.30161],[-77.3127,-8.30906],[-77.31803,-8.32656],[-77.32914,-8.33262],[-77.33886,-8.34475],[-77.3427,-8.35378],[-77.35507,-8.35889],[-77.3513,-8.36927],[-77.33837,-8.37733],[-77.32746,-8.37735],[-77.31901,-8.38057]]]}},{"type":"Feature","properties":{"ubigeo":"130901","nombre":"Huamachuco"},"geometry":{"type":"Polygon","coordinates":[[[-77.90719,-7.7976],[-77.92631,-7.79866],[-77.93935,-7.78946],[-77.94748,-7.79136],[-77.95315,-7.80018],[-77.96009,-7.80393],[-77.96789,-7.80356],[-77.9697,-7.80875],[-77.98744,-7.8114],[-77.99355,-7.81526],[-77.98512,-7.82962],[-77.98954,-7.83363],[-77.99608,-7.8564],[-78.00149,-7.85941],[-78.00768,-7.87393],[-77.99727,-7.895],[-77.98742,-7.89953],[-77.98528,-7.90419],[-77.99785,-7.90049],[-78.00794,-7.8942],[-78.00987,-7.90265],[-78.0186,-7.90413],[-78.02911,-7.91199],[-78.03663,-7.90731],[-78.04434,-7.91632],[-78.04417,-7.9221],[-78.05175,-7.92735],[-78.06433,-7.92723],[-78.07014,-7.93562],[-78.0682,-7.94114],[-78.0787,-7.94171],[-78.08713,-7.9461],[-78.10756,-7.95075],[-78.11879,-7.94981],[-78.13286,-7.95735],[-78.14493,-7.93417],[-78.16529,-7.93287],[-78.16888,-7.94131],[-78.18765,-7.94137],[-78.18057,-7.93094],[-78.1714,-7.92355],[-78.16691,-7.90665],[-78.14526,-7.88626],[-78.14002,-7.86733],[-78.14575,-7.85616],[-78.15471,-7.84443],[-78.16185,-7.82148],[-78.14809,-7.82872],[-78.13707,-7.83011],[-78.12875,-7.82821],[-78.11512,-7.83689],[-78.11254,-7.82786],[-78.10402,-7.82226],[-78.10598,-7.8118],[-78.10265,-7.8072],[-78.10524,-7.79661],[-78.1235,-7.78145],[-78.12833,-7.77407],[-78.11634,-7.76082],[-78.11653,-7.74792],[-78.10881,-7.74542],[-78.09259,-7.74562],[-78.08454,-7.73964],[-78.07876,-7.72148],[-78.07618,-7.70662],[-78.06505,-7.71437],[-78.06198,-7.72175],[-78.05347,-7.73059],[-78.04984,-7.74234],[-78.04972,-7.75624],[-78.04042,-7.74999],[-78.02583,-7.74942],[-77.99788,-7.74207],[-77.98244,-7.74609],[-77.97384,-7.75796],[-77.97176,-7.75404],[-77.96121,-7.753],[-77.94321,-7.73672],[-77.94084,-7.73077],[-77.94575,-7.71653],[-77.93895,-7.70394],[-77.93923,-7.69625],[-77.92779,-7.69701],[-77.91827,-7.72136],[-77.90427,-7.72674],[-77.89633,-7.74134],[-77.88111,-7.7491],[-77.88686,-7.75821],[-77.88833,-7.76661],[-77.90719,-7.7976]]]}},{"type":"Feature","properties":{"ubigeo":"130902","nombre":"Chugay"},"geometry":{"type":"Polygon","coordinates":[[[-77.62679,-7.94008],[-77.62414,-7.94559],[-77.62741,-7.95137],[-77.63513,-7.95505],[-77.64049,-7.96057],[-77.63804,-7.96911],[-77.64082,-7.98333],[-77.64721,-7.98484],[-77.66153,-7.98228],[-77.67156,-7.98272],[-77.69126,-7.97596],[-77.69865,-7.97035],[-77.70368,-7.96075],[-77.70852,-7.96299],[-77.71279,-7.95761],[-77.71825,-7.95854],[-77.72781,-7.96337],[-77.73754,-7.96224],[-77.73715,-7.94978],[-77.74251,-7.9415],[-77.73987,-7.93575],[-77.74932,-7.92399],[-77.74487,-7.91917],[-77.74638,-7.90942],[-77.75075,-7.90253],[-77.75659,-7.90095],[-77.76479,-7.90621],[-77.78207,-7.90994],[-77.78976,-7.90566],[-77.7986,-7.9108],[-77.80814,-7.9123],[-77.82734,-7.92008],[-77.83895,-7.9056],[-77.85166,-7.90426],[-77.86129,-7.89349],[-77.86689,-7.87831],[-77.86773,-7.86918],[-77.87875,-7.85507],[-77.89121,-7.84228],[-77.89902,-7.82486],[-77.90625,-7.80979],[-77.90719,-7.7976],[-77.88833,-7.76661],[-77.88686,-7.75821],[-77.88111,-7.7491],[-77.87132,-7.72943],[-77.86447,-7.72087],[-77.85424,-7.6841],[-77.84873,-7.67275],[-77.84654,-7.65994],[-77.83982,-7.64556],[-77.84521,-7.63704],[-77.82624,-7.63976],[-77.81352,-7.65022],[-77.80069,-7.65485],[-77.79423,-7.65412],[-77.78297,-7.64617],[-77.77325,-7.64727],[-77.76858,-7.65165],[-77.77375,-7.65735],[-77.78454,-7.66048],[-77.78711,-7.66419],[-77.78783,-7.68002],[-77.77955,-7.6985],[-77.78715,-7.71793],[-77.7857,-7.73029],[-77.80169,-7.74485],[-77.79768,-7.74755],[-77.78269,-7.77417],[-77.77255,-7.7975],[-77.76479,-7.80712],[-77.76577,-7.81391],[-77.75143,-7.84173],[-77.74352,-7.84441],[-77.73029,-7.85314],[-77.72101,-7.85247],[-77.714,-7.84844],[-77.70749,-7.86034],[-77.71743,-7.86604],[-77.71877,-7.87784],[-77.72648,-7.88594],[-77.73448,-7.88709],[-77.73045,-7.90459],[-77.73302,-7.91071],[-77.7197,-7.91553],[-77.71153,-7.91313],[-77.7041,-7.91548],[-77.69038,-7.91471],[-77.67901,-7.91989],[-77.67214,-7.91846],[-77.6626,-7.93141],[-77.65777,-7.93008],[-77.63288,-7.94542],[-77.62679,-7.94008]]]}},{"type":"Feature","properties":{"ubigeo":"130903","nombre":"Cochorco"},"geometry":{"type":"Polygon","coordinates":[[[-77.62987,-7.88067],[-77.63568,-7.89066],[-77.63503,-7.89579],[-77.62779,-7.89972],[-77.62799,-7.90815],[-77.62406,-7.92352],[-77.62983,-7.93652],[-77.62679,-7.94008],[-77.63288,-7.94542],[-77.65777,-7.93008],[-77.6626,-7.93141],[-77.67214,-7.91846],[-77.67901,-7.91989],[-77.69038,-7.91471],[-77.7041,-7.91548],[-77.71153,-7.91313],[-77.7197,-7.91553],[-77.73302,-7.91071],[-77.73045,-7.90459],[-77.73448,-7.88709],[-77.72648,-7.88594],[-77.71877,-7.87784],[-77.71743,-7.86604],[-77.70749,-7.86034],[-77.714,-7.84844],[-77.72101,-7.85247],[-77.73029,-7.85314],[-77.74352,-7.84441],[-77.75143,-7.84173],[-77.76577,-7.81391],[-77.76479,-7.80712],[-77.77255,-7.7975],[-77.78269,-7.77417],[-77.79768,-7.74755],[-77.80169,-7.74485],[-77.7857,-7.73029],[-77.78192,-7.73688],[-77.77295,-7.74064],[-77.76812,-7.74904],[-77.74854,-7.76527],[-77.73635,-7.76898],[-77.73458,-7.75029],[-77.7224,-7.73987],[-77.70851,-7.72377],[-77.69685,-7.71758],[-77.6865,-7.70725],[-77.66965,-7.70124],[-77.67007,-7.69029],[-77.66369,-7.69388],[-77.6606,-7.70371],[-77.65502,-7.70877],[-77.6652,-7.71215],[-77.66885,-7.7222],[-77.66262,-7.73905],[-77.66556,-7.74629],[-77.65935,-7.75259],[-77.65359,-7.77046],[-77.65728,-7.78813],[-77.65648,-7.79789],[-77.64838,-7.80176],[-77.64985,-7.81344],[-77.64026,-7.82237],[-77.63335,-7.8412],[-77.63351,-7.85129],[-77.62949,-7.85964],[-77.62436,-7.86431],[-77.62362,-7.87654],[-77.62987,-7.88067]]]}},{"type":"Feature","properties":{"ubigeo":"130904","nombre":"Curgos"},"geometry":{"type":"Polygon","coordinates":[[[-77.89902,-7.82486],[-77.90375,-7.8332],[-77.90302,-7.84387],[-77.9126,-7.85944],[-77.92457,-7.87379],[-77.94011,-7.8848],[-77.94748,-7.89817],[-77.96872,-7.90573],[-77.98528,-7.90419],[-77.98742,-7.89953],[-77.99727,-7.895],[-78.00768,-7.87393],[-78.00149,-7.85941],[-77.99608,-7.8564],[-77.98954,-7.83363],[-77.98512,-7.82962],[-77.99355,-7.81526],[-77.98744,-7.8114],[-77.9697,-7.80875],[-77.96789,-7.80356],[-77.96009,-7.80393],[-77.95315,-7.80018],[-77.94748,-7.79136],[-77.93935,-7.78946],[-77.92631,-7.79866],[-77.90719,-7.7976],[-77.90625,-7.80979],[-77.89902,-7.82486]]]}},{"type":"Feature","properties":{"ubigeo":"130905","nombre":"Marcabal"},"geometry":{"type":"Polygon","coordinates":[[[-77.88111,-7.7491],[-77.89633,-7.74134],[-77.90427,-7.72674],[-77.91827,-7.72136],[-77.92779,-7.69701],[-77.93923,-7.69625],[-77.93895,-7.70394],[-77.94575,-7.71653],[-77.94084,-7.73077],[-77.94321,-7.73672],[-77.96121,-7.753],[-77.97176,-7.75404],[-77.97384,-7.75796],[-77.98244,-7.74609],[-77.99788,-7.74207],[-78.02583,-7.74942],[-78.04042,-7.74999],[-78.04972,-7.75624],[-78.04984,-7.74234],[-78.05347,-7.73059],[-78.06198,-7.72175],[-78.06505,-7.71437],[-78.07618,-7.70662],[-78.08122,-7.69617],[-78.06321,-7.68881],[-78.05093,-7.67892],[-78.04382,-7.67817],[-78.02597,-7.68251],[-78.01696,-7.67983],[-77.99864,-7.67907],[-77.9732,-7.66705],[-77.96673,-7.67515],[-77.9628,-7.67431],[-77.96471,-7.66619],[-77.95782,-7.6548],[-77.94835,-7.65973],[-77.93658,-7.65748],[-77.9323,-7.65179],[-77.93913,-7.64838],[-77.9405,-7.64063],[-77.92625,-7.63709],[-77.92004,-7.62858],[-77.91278,-7.6249],[-77.9199,-7.60412],[-77.92277,-7.60031],[-77.91009,-7.59715],[-77.88789,-7.58821],[-77.86953,-7.58485],[-77.86537,-7.59916],[-77.86626,-7.60863],[-77.86324,-7.61674],[-77.85818,-7.61967],[-77.84521,-7.63704],[-77.83982,-7.64556],[-77.84654,-7.65994],[-77.84873,-7.67275],[-77.85424,-7.6841],[-77.86447,-7.72087],[-77.87132,-7.72943],[-77.88111,-7.7491]]]}},{"type":"Feature","properties":{"ubigeo":"130906","nombre":"Sanagoran"},"geometry":{"type":"Polygon","coordinates":[[[-78.08122,-7.69617],[-78.07618,-7.70662],[-78.07876,-7.72148],[-78.08454,-7.73964],[-78.09259,-7.74562],[-78.10881,-7.74542],[-78.11653,-7.74792],[-78.11634,-7.76082],[-78.12833,-7.77407],[-78.1235,-7.78145],[-78.10524,-7.79661],[-78.10265,-7.8072],[-78.10598,-7.8118],[-78.10402,-7.82226],[-78.11254,-7.82786],[-78.11512,-7.83689],[-78.12875,-7.82821],[-78.13707,-7.83011],[-78.14809,-7.82872],[-78.16185,-7.82148],[-78.15471,-7.84443],[-78.14575,-7.85616],[-78.14002,-7.86733],[-78.14526,-7.88626],[-78.16691,-7.90665],[-78.1714,-7.92355],[-78.18057,-7.93094],[-78.18765,-7.94137],[-78.19297,-7.93711],[-78.19781,-7.92359],[-78.20546,-7.91172],[-78.21184,-7.89685],[-78.21885,-7.9009],[-78.22337,-7.89561],[-78.23712,-7.88781],[-78.2442,-7.88135],[-78.25301,-7.88653],[-78.25339,-7.87567],[-78.24888,-7.85494],[-78.25232,-7.83718],[-78.26967,-7.81335],[-78.2729,-7.79723],[-78.27335,-7.78491],[-78.26126,-7.77301],[-78.2629,-7.76647],[-78.26115,-7.75402],[-78.24232,-7.7545],[-78.22465,-7.75933],[-78.22117,-7.76314],[-78.21386,-7.75798],[-78.2163,-7.74909],[-78.21164,-7.74321],[-78.21965,-7.72857],[-78.2159,-7.72392],[-78.21106,-7.72778],[-78.19945,-7.72938],[-78.19284,-7.72721],[-78.19029,-7.7175],[-78.17834,-7.71186],[-78.17135,-7.71339],[-78.15886,-7.69335],[-78.14911,-7.69165],[-78.141,-7.68272],[-78.14256,-7.66569],[-78.13184,-7.65988],[-78.12781,-7.65348],[-78.11683,-7.65376],[-78.11268,-7.65911],[-78.09333,-7.67534],[-78.08122,-7.69617]]]}},{"type":"Feature","properties":{"ubigeo":"130907","nombre":"Sarin"},"geometry":{"type":"Polygon","coordinates":[[[-77.97063,-8.01277],[-77.98464,-7.98971],[-77.98563,-7.98232],[-78.0049,-7.984],[-78.00427,-7.97438],[-78.01283,-7.95925],[-78.01358,-7.95096],[-78.02225,-7.93977],[-78.02113,-7.93035],[-78.02538,-7.91617],[-78.02911,-7.91199],[-78.0186,-7.90413],[-78.00987,-7.90265],[-78.00794,-7.8942],[-77.99785,-7.90049],[-77.98528,-7.90419],[-77.96872,-7.90573],[-77.94748,-7.89817],[-77.94011,-7.8848],[-77.92457,-7.87379],[-77.9126,-7.85944],[-77.90302,-7.84387],[-77.90375,-7.8332],[-77.89902,-7.82486],[-77.89121,-7.84228],[-77.87875,-7.85507],[-77.86773,-7.86918],[-77.86689,-7.87831],[-77.86129,-7.89349],[-77.85166,-7.90426],[-77.83895,-7.9056],[-77.82734,-7.92008],[-77.80814,-7.9123],[-77.7986,-7.9108],[-77.78976,-7.90566],[-77.78207,-7.90994],[-77.76479,-7.90621],[-77.75659,-7.90095],[-77.75075,-7.90253],[-77.74638,-7.90942],[-77.74487,-7.91917],[-77.74932,-7.92399],[-77.73987,-7.93575],[-77.74251,-7.9415],[-77.73715,-7.94978],[-77.73754,-7.96224],[-77.72781,-7.96337],[-77.71825,-7.95854],[-77.71907,-7.96752],[-77.75201,-7.98604],[-77.75728,-7.99663],[-77.75364,-8.00008],[-77.75971,-8.00371],[-77.7764,-8.00345],[-77.78153,-8.00749],[-77.80428,-8.00718],[-77.81457,-7.9951],[-77.83827,-7.97518],[-77.84741,-7.98139],[-77.86459,-7.9872],[-77.87725,-7.98014],[-77.87859,-7.98793],[-77.88782,-7.99959],[-77.89168,-7.99473],[-77.90561,-7.99308],[-77.91669,-7.99525],[-77.91999,-8.00022],[-77.93248,-7.98411],[-77.96064,-7.97064],[-77.96217,-7.97991],[-77.95884,-8.00108],[-77.97063,-8.01277]]]}},{"type":"Feature","properties":{"ubigeo":"130908","nombre":"Sartimbamba"},"geometry":{"type":"Polygon","coordinates":[[[-77.70715,-7.55661],[-77.70566,-7.56282],[-77.6982,-7.56455],[-77.70145,-7.59364],[-77.69762,-7.61572],[-77.69115,-7.61889],[-77.67967,-7.63191],[-77.67508,-7.64468],[-77.67667,-7.64741],[-77.67215,-7.66494],[-77.67874,-7.6777],[-77.67007,-7.69029],[-77.66965,-7.70124],[-77.6865,-7.70725],[-77.69685,-7.71758],[-77.70851,-7.72377],[-77.7224,-7.73987],[-77.73458,-7.75029],[-77.73635,-7.76898],[-77.74854,-7.76527],[-77.76812,-7.74904],[-77.77295,-7.74064],[-77.78192,-7.73688],[-77.7857,-7.73029],[-77.78715,-7.71793],[-77.77955,-7.6985],[-77.78783,-7.68002],[-77.78711,-7.66419],[-77.78454,-7.66048],[-77.77375,-7.65735],[-77.76858,-7.65165],[-77.77325,-7.64727],[-77.78297,-7.64617],[-77.79423,-7.65412],[-77.80069,-7.65485],[-77.81352,-7.65022],[-77.82624,-7.63976],[-77.84521,-7.63704],[-77.85818,-7.61967],[-77.86324,-7.61674],[-77.86626,-7.60863],[-77.86537,-7.59916],[-77.86953,-7.58485],[-77.86582,-7.56115],[-77.8618,-7.55226],[-77.86264,-7.53485],[-77.85749,-7.5242],[-77.84417,-7.51438],[-77.81839,-7.50728],[-77.81346,-7.50439],[-77.79187,-7.50039],[-77.77,-7.48178],[-77.75939,-7.47821],[-77.74598,-7.47916],[-77.74221,-7.48771],[-77.7449,-7.49604],[-77.74405,-7.50587],[-77.73307,-7.51432],[-77.73211,-7.51903],[-77.72075,-7.5305],[-77.72086,-7.54113],[-77.71255,-7.55303],[-77.70715,-7.55661]]]}},{"type":"Feature","properties":{"ubigeo":"131001","nombre":"Santiago de Chuco"},"geometry":{"type":"Polygon","coordinates":[[[-78.16105,-8.11712],[-78.14924,-8.13685],[-78.14057,-8.15845],[-78.1352,-8.1638],[-78.13597,-8.17761],[-78.12802,-8.18762],[-78.11779,-8.20576],[-78.11901,-8.21572],[-78.13192,-8.22937],[-78.13509,-8.23862],[-78.13069,-8.25283],[-78.12336,-8.26783],[-78.11376,-8.28198],[-78.11495,-8.29034],[-78.11212,-8.29868],[-78.11839,-8.30335],[-78.11644,-8.31069],[-78.12064,-8.31869],[-78.11496,-8.32273],[-78.10854,-8.3359],[-78.11439,-8.34376],[-78.11494,-8.35074],[-78.12247,-8.36008],[-78.13551,-8.36717],[-78.13923,-8.39016],[-78.13464,-8.39305],[-78.14061,-8.41413],[-78.13947,-8.42783],[-78.15674,-8.46357],[-78.1573,-8.47819],[-78.17041,-8.49204],[-78.17245,-8.50161],[-78.17981,-8.50856],[-78.18728,-8.50796],[-78.19035,-8.51447],[-78.2026,-8.52607],[-78.2169,-8.55799],[-78.21515,-8.56571],[-78.20793,-8.56609],[-78.2019,-8.57389],[-78.19362,-8.59968],[-78.20252,-8.61689],[-78.20051,-8.62251],[-78.20715,-8.6327],[-78.22835,-8.64479],[-78.23557,-8.65292],[-78.24139,-8.64058],[-78.24593,-8.63713],[-78.2609,-8.61475],[-78.26153,-8.59792],[-78.2641,-8.59262],[-78.27807,-8.57945],[-78.28264,-8.57193],[-78.2812,-8.56237],[-78.29009,-8.54837],[-78.28332,-8.54218],[-78.2763,-8.54272],[-78.26672,-8.53756],[-78.26766,-8.52758],[-78.27314,-8.52067],[-78.27611,-8.51096],[-78.27377,-8.50635],[-78.27355,-8.48327],[-78.26093,-8.47268],[-78.2637,-8.46738],[-78.28262,-8.46694],[-78.29776,-8.46183],[-78.32071,-8.46696],[-78.33065,-8.46659],[-78.33949,-8.47461],[-78.34188,-8.48335],[-78.34455,-8.47546],[-78.36094,-8.46421],[-78.37427,-8.45964],[-78.37721,-8.4424],[-78.37308,-8.42428],[-78.37389,-8.40454],[-78.3965,-8.40266],[-78.40524,-8.41245],[-78.40724,-8.39842],[-78.42017,-8.38736],[-78.42461,-8.39016],[-78.42991,-8.37376],[-78.42985,-8.36024],[-78.42487,-8.35876],[-78.4152,-8.33445],[-78.41595,-8.32002],[-78.41206,-8.30414],[-78.40515,-8.3054],[-78.38997,-8.30144],[-78.3773,-8.31018],[-78.36512,-8.30207],[-78.36194,-8.29294],[-78.35523,-8.28983],[-78.34653,-8.27117],[-78.33465,-8.26383],[-78.33061,-8.25747],[-78.31292,-8.25335],[-78.30917,-8.24264],[-78.3007,-8.23634],[-78.29952,-8.20785],[-78.28675,-8.19145],[-78.26653,-8.17173],[-78.27282,-8.15746],[-78.26642,-8.14415],[-78.26471,-8.13251],[-78.25857,-8.13069],[-78.24768,-8.12113],[-78.23147,-8.1247],[-78.21982,-8.11872],[-78.21504,-8.12231],[-78.19549,-8.12193],[-78.17098,-8.10737],[-78.16146,-8.10843],[-78.16105,-8.11712]]]}},{"type":"Feature","properties":{"ubigeo":"131002","nombre":"Angasmarca"},"geometry":{"type":"Polygon","coordinates":[[[-77.98969,-8.18531],[-77.98485,-8.19575],[-77.9873,-8.20263],[-77.97955,-8.2112],[-77.98233,-8.21537],[-78.01863,-8.22432],[-78.02851,-8.2383],[-78.0382,-8.21574],[-78.04238,-8.212],[-78.04991,-8.21612],[-78.05852,-8.22659],[-78.06246,-8.21982],[-78.07755,-8.21077],[-78.07936,-8.19623],[-78.08396,-8.1899],[-78.08575,-8.17076],[-78.09379,-8.16753],[-78.09624,-8.16193],[-78.08506,-8.15551],[-78.08071,-8.11059],[-78.06991,-8.10992],[-78.05887,-8.0998],[-78.05519,-8.08958],[-78.04252,-8.08581],[-78.03638,-8.08039],[-78.02878,-8.07913],[-78.01352,-8.06606],[-78.00516,-8.05893],[-77.98943,-8.05222],[-77.97845,-8.06164],[-77.96764,-8.06298],[-77.96834,-8.06669],[-77.95447,-8.08272],[-77.96969,-8.09021],[-77.97911,-8.09239],[-77.98843,-8.10019],[-78.00393,-8.10732],[-78.003,-8.12595],[-78.02477,-8.14534],[-78.03448,-8.1662],[-78.0284,-8.17086],[-78.00713,-8.17851],[-77.99665,-8.17898],[-77.98969,-8.18531]]]}},{"type":"Feature","properties":{"ubigeo":"131003","nombre":"Cachicadan"},"geometry":{"type":"Polygon","coordinates":[[[-77.97063,-8.01277],[-77.96645,-8.01508],[-77.96293,-8.02588],[-77.96361,-8.0356],[-77.95531,-8.0491],[-77.9564,-8.05629],[-77.96764,-8.06298],[-77.97845,-8.06164],[-77.98943,-8.05222],[-78.00516,-8.05893],[-78.01352,-8.06606],[-78.03255,-8.0615],[-78.0369,-8.06932],[-78.05063,-8.07064],[-78.05503,-8.07606],[-78.07107,-8.08499],[-78.07945,-8.08732],[-78.08952,-8.09486],[-78.0972,-8.09485],[-78.11234,-8.08993],[-78.1184,-8.10108],[-78.14447,-8.10736],[-78.16105,-8.11712],[-78.16146,-8.10843],[-78.16412,-8.09402],[-78.15761,-8.08425],[-78.15783,-8.06757],[-78.15024,-8.0581],[-78.13357,-8.04903],[-78.13002,-8.03448],[-78.13569,-8.02959],[-78.13735,-8.01874],[-78.13276,-8.01446],[-78.13386,-8.00519],[-78.1275,-8.00377],[-78.12401,-7.99154],[-78.11728,-7.9858],[-78.12676,-7.97545],[-78.13286,-7.95735],[-78.11879,-7.94981],[-78.10756,-7.95075],[-78.08713,-7.9461],[-78.0787,-7.94171],[-78.0682,-7.94114],[-78.07014,-7.93562],[-78.06433,-7.92723],[-78.05175,-7.92735],[-78.04417,-7.9221],[-78.04434,-7.91632],[-78.03663,-7.90731],[-78.02911,-7.91199],[-78.02538,-7.91617],[-78.02113,-7.93035],[-78.02225,-7.93977],[-78.01358,-7.95096],[-78.01283,-7.95925],[-78.00427,-7.97438],[-78.0049,-7.984],[-77.98563,-7.98232],[-77.98464,-7.98971],[-77.97063,-8.01277]]]}},{"type":"Feature","properties":{"ubigeo":"131004","nombre":"Mollebamba"},"geometry":{"type":"Polygon","coordinates":[[[-77.98969,-8.18531],[-77.99665,-8.17898],[-78.00713,-8.17851],[-78.0284,-8.17086],[-78.03448,-8.1662],[-78.02477,-8.14534],[-78.003,-8.12595],[-78.00393,-8.10732],[-77.98843,-8.10019],[-77.97911,-8.09239],[-77.96969,-8.09021],[-77.95447,-8.08272],[-77.96834,-8.06669],[-77.96764,-8.06298],[-77.9564,-8.05629],[-77.94781,-8.05604],[-77.94324,-8.04838],[-77.93491,-8.04947],[-77.93318,-8.05959],[-77.9363,-8.06496],[-77.93135,-8.07301],[-77.93041,-8.08214],[-77.93446,-8.08139],[-77.94485,-8.08856],[-77.95383,-8.09068],[-77.95282,-8.09657],[-77.95772,-8.10149],[-77.96096,-8.11153],[-77.95672,-8.12081],[-77.95838,-8.13726],[-77.95593,-8.142],[-77.9608,-8.14758],[-77.96013,-8.15339],[-77.96614,-8.15959],[-77.96817,-8.17516],[-77.9792,-8.18768],[-77.98969,-8.18531]]]}},{"type":"Feature","properties":{"ubigeo":"131005","nombre":"Mollepata"},"geometry":{"type":"Polygon","coordinates":[[[-77.94263,-8.20139],[-77.9574,-8.20827],[-77.97955,-8.2112],[-77.9873,-8.20263],[-77.98485,-8.19575],[-77.98969,-8.18531],[-77.9792,-8.18768],[-77.96817,-8.17516],[-77.96614,-8.15959],[-77.96013,-8.15339],[-77.9608,-8.14758],[-77.95593,-8.142],[-77.95838,-8.13726],[-77.95672,-8.12081],[-77.96096,-8.11153],[-77.95772,-8.10149],[-77.95282,-8.09657],[-77.95383,-8.09068],[-77.94485,-8.08856],[-77.93446,-8.08139],[-77.93041,-8.08214],[-77.91805,-8.07985],[-77.90496,-8.07269],[-77.89792,-8.07411],[-77.90543,-8.09492],[-77.90446,-8.10455],[-77.91075,-8.11967],[-77.9142,-8.12144],[-77.91843,-8.13395],[-77.92037,-8.14726],[-77.92655,-8.15714],[-77.93411,-8.19419],[-77.94263,-8.20139]]]}},{"type":"Feature","properties":{"ubigeo":"131006","nombre":"Quiruvilca"},"geometry":{"type":"Polygon","coordinates":[[[-78.13286,-7.95735],[-78.12676,-7.97545],[-78.11728,-7.9858],[-78.12401,-7.99154],[-78.1275,-8.00377],[-78.13386,-8.00519],[-78.13276,-8.01446],[-78.13735,-8.01874],[-78.13569,-8.02959],[-78.13002,-8.03448],[-78.13357,-8.04903],[-78.15024,-8.0581],[-78.15783,-8.06757],[-78.15761,-8.08425],[-78.16412,-8.09402],[-78.16146,-8.10843],[-78.17098,-8.10737],[-78.19549,-8.12193],[-78.21504,-8.12231],[-78.21982,-8.11872],[-78.23147,-8.1247],[-78.24768,-8.12113],[-78.25857,-8.13069],[-78.26471,-8.13251],[-78.26642,-8.14415],[-78.27282,-8.15746],[-78.26653,-8.17173],[-78.28675,-8.19145],[-78.29952,-8.20785],[-78.29909,-8.20264],[-78.30414,-8.16859],[-78.31178,-8.16149],[-78.32439,-8.15412],[-78.3163,-8.14632],[-78.31796,-8.13314],[-78.31136,-8.12546],[-78.30883,-8.11583],[-78.30336,-8.11306],[-78.29924,-8.10305],[-78.29939,-8.08237],[-78.28954,-8.0745],[-78.28868,-8.06224],[-78.30118,-8.05258],[-78.30941,-8.05219],[-78.31999,-8.05754],[-78.32938,-8.0545],[-78.33702,-8.04459],[-78.34733,-8.04051],[-78.35478,-8.02996],[-78.35165,-8.02556],[-78.36983,-8.01742],[-78.38147,-8.01716],[-78.39102,-8.00953],[-78.39895,-7.99474],[-78.40615,-7.9901],[-78.39845,-7.98269],[-78.38827,-7.97702],[-78.37859,-7.97636],[-78.36622,-7.95018],[-78.34443,-7.94637],[-78.34076,-7.93912],[-78.32446,-7.93007],[-78.32047,-7.90595],[-78.30861,-7.90161],[-78.30344,-7.89421],[-78.28961,-7.8889],[-78.27159,-7.88788],[-78.2602,-7.89358],[-78.25301,-7.88653],[-78.2442,-7.88135],[-78.23712,-7.88781],[-78.22337,-7.89561],[-78.21885,-7.9009],[-78.21184,-7.89685],[-78.20546,-7.91172],[-78.19781,-7.92359],[-78.19297,-7.93711],[-78.18765,-7.94137],[-78.16888,-7.94131],[-78.16529,-7.93287],[-78.14493,-7.93417],[-78.13286,-7.95735]]]}},{"type":"Feature","properties":{"ubigeo":"131007","nombre":"Santa Cruz de Chuca"},"geometry":{"type":"Polygon","coordinates":[[[-78.02851,-8.2383],[-78.03431,-8.24543],[-78.03489,-8.25392],[-78.04551,-8.25787],[-78.05823,-8.26881],[-78.06525,-8.27148],[-78.06646,-8.27759],[-78.07365,-8.28162],[-78.08198,-8.28109],[-78.09048,-8.29444],[-78.09487,-8.2954],[-78.10223,-8.30538],[-78.11644,-8.31069],[-78.11839,-8.30335],[-78.11212,-8.29868],[-78.11495,-8.29034],[-78.11376,-8.28198],[-78.12336,-8.26783],[-78.13069,-8.25283],[-78.13509,-8.23862],[-78.13192,-8.22937],[-78.11901,-8.21572],[-78.11779,-8.20576],[-78.12802,-8.18762],[-78.13597,-8.17761],[-78.1352,-8.1638],[-78.14057,-8.15845],[-78.14924,-8.13685],[-78.16105,-8.11712],[-78.14447,-8.10736],[-78.1184,-8.10108],[-78.11234,-8.08993],[-78.0972,-8.09485],[-78.08952,-8.09486],[-78.07945,-8.08732],[-78.07107,-8.08499],[-78.05503,-8.07606],[-78.05063,-8.07064],[-78.0369,-8.06932],[-78.03255,-8.0615],[-78.01352,-8.06606],[-78.02878,-8.07913],[-78.03638,-8.08039],[-78.04252,-8.08581],[-78.05519,-8.08958],[-78.05887,-8.0998],[-78.06991,-8.10992],[-78.08071,-8.11059],[-78.08506,-8.15551],[-78.09624,-8.16193],[-78.09379,-8.16753],[-78.08575,-8.17076],[-78.08396,-8.1899],[-78.07936,-8.19623],[-78.07755,-8.21077],[-78.06246,-8.21982],[-78.05852,-8.22659],[-78.04991,-8.21612],[-78.04238,-8.212],[-78.0382,-8.21574],[-78.02851,-8.2383]]]}},{"type":"Feature","properties":{"ubigeo":"131008","nombre":"Sitabamba"},"geometry":{"type":"Polygon","coordinates":[[[-77.64741,-8.04971],[-77.66595,-8.05817],[-77.68468,-8.063],[-77.69137,-8.06052],[-77.71839,-8.07347],[-77.73618,-8.07264],[-77.74339,-8.07018],[-77.75023,-8.0772],[-77.76105,-8.07523],[-77.78578,-8.0792],[-77.7917,-8.07765],[-77.7958,-8.07102],[-77.81044,-8.06774],[-77.82445,-8.06974],[-77.83328,-8.07574],[-77.85221,-8.07478],[-77.86556,-8.05708],[-77.86948,-8.05596],[-77.88352,-8.06371],[-77.89694,-8.06323],[-77.89792,-8.07411],[-77.90496,-8.07269],[-77.91805,-8.07985],[-77.93041,-8.08214],[-77.93135,-8.07301],[-77.9363,-8.06496],[-77.93318,-8.05959],[-77.93491,-8.04947],[-77.94324,-8.04838],[-77.94781,-8.05604],[-77.9564,-8.05629],[-77.95531,-8.0491],[-77.96361,-8.0356],[-77.96293,-8.02588],[-77.96645,-8.01508],[-77.97063,-8.01277],[-77.95884,-8.00108],[-77.96217,-7.97991],[-77.96064,-7.97064],[-77.93248,-7.98411],[-77.91999,-8.00022],[-77.91669,-7.99525],[-77.90561,-7.99308],[-77.89168,-7.99473],[-77.88782,-7.99959],[-77.87859,-7.98793],[-77.87725,-7.98014],[-77.86459,-7.9872],[-77.84741,-7.98139],[-77.83827,-7.97518],[-77.81457,-7.9951],[-77.80428,-8.00718],[-77.78153,-8.00749],[-77.7764,-8.00345],[-77.75971,-8.00371],[-77.75364,-8.00008],[-77.75728,-7.99663],[-77.75201,-7.98604],[-77.71907,-7.96752],[-77.71825,-7.95854],[-77.71279,-7.95761],[-77.70852,-7.96299],[-77.70368,-7.96075],[-77.69865,-7.97035],[-77.69126,-7.97596],[-77.67156,-7.98272],[-77.66153,-7.98228],[-77.64721,-7.98484],[-77.64082,-7.98333],[-77.64157,-8.00655],[-77.64939,-8.03221],[-77.64741,-8.04971]]]}},{"type":"Feature","properties":{"ubigeo":"131101","nombre":"Cascas"},"geometry":{"type":"Polygon","coordinates":[[[-78.62511,-7.54831],[-78.63368,-7.55475],[-78.64814,-7.56046],[-78.68559,-7.58256],[-78.69678,-7.58463],[-78.70496,-7.57622],[-78.70629,-7.56968],[-78.71673,-7.56139],[-78.72742,-7.56509],[-78.74106,-7.56414],[-78.74484,-7.55848],[-78.77362,-7.54934],[-78.7778,-7.5514],[-78.79194,-7.55008],[-78.79904,-7.56414],[-78.80763,-7.57345],[-78.8231,-7.57467],[-78.83089,-7.58014],[-78.83182,-7.58622],[-78.84421,-7.58896],[-78.85804,-7.59507],[-78.87086,-7.59228],[-78.90776,-7.59807],[-78.9182,-7.60269],[-78.94145,-7.61704],[-78.94294,-7.62279],[-78.94434,-7.59842],[-78.93649,-7.5949],[-78.93516,-7.58185],[-78.92659,-7.57009],[-78.9139,-7.55832],[-78.91277,-7.55109],[-78.89591,-7.53744],[-78.87393,-7.5312],[-78.8615,-7.53186],[-78.85149,-7.52255],[-78.85749,-7.51243],[-78.85763,-7.50417],[-78.86185,-7.4972],[-78.88669,-7.4841],[-78.87658,-7.47034],[-78.8676,-7.467],[-78.85693,-7.45741],[-78.84776,-7.45277],[-78.84162,-7.43762],[-78.83592,-7.4365],[-78.82094,-7.42599],[-78.81038,-7.42293],[-78.80341,-7.41899],[-78.80141,-7.40351],[-78.78991,-7.39515],[-78.78368,-7.40463],[-78.78594,-7.41079],[-78.77973,-7.42365],[-78.77208,-7.41181],[-78.76194,-7.40823],[-78.76012,-7.40198],[-78.74527,-7.407],[-78.73821,-7.42009],[-78.73046,-7.41993],[-78.71333,-7.40964],[-78.69623,-7.41336],[-78.6733,-7.41162],[-78.66428,-7.4036],[-78.66247,-7.413],[-78.6522,-7.42761],[-78.64604,-7.42771],[-78.63829,-7.43359],[-78.62984,-7.4455],[-78.62782,-7.45636],[-78.6295,-7.46627],[-78.62753,-7.47945],[-78.63187,-7.4837],[-78.63135,-7.49181],[-78.6362,-7.5043],[-78.64442,-7.51486],[-78.6496,-7.52902],[-78.634,-7.54274],[-78.62511,-7.54831]]]}},{"type":"Feature","properties":{"ubigeo":"131102","nombre":"Lucma"},"geometry":{"type":"Polygon","coordinates":[[[-78.4897,-7.63389],[-78.48736,-7.63976],[-78.46844,-7.64574],[-78.45528,-7.65704],[-78.4799,-7.66858],[-78.48571,-7.67774],[-78.49662,-7.68575],[-78.49905,-7.69668],[-78.5122,-7.70359],[-78.51551,-7.70988],[-78.52173,-7.71061],[-78.53263,-7.72031],[-78.55195,-7.72609],[-78.5614,-7.71875],[-78.57971,-7.71282],[-78.58715,-7.70261],[-78.59643,-7.70347],[-78.60355,-7.69254],[-78.61182,-7.685],[-78.61366,-7.66852],[-78.62763,-7.66515],[-78.63821,-7.65812],[-78.64374,-7.64536],[-78.65301,-7.64515],[-78.65912,-7.63933],[-78.65617,-7.63282],[-78.66313,-7.62812],[-78.67937,-7.62434],[-78.67786,-7.62017],[-78.68614,-7.59608],[-78.69678,-7.58463],[-78.68559,-7.58256],[-78.64814,-7.56046],[-78.63368,-7.55475],[-78.62511,-7.54831],[-78.60205,-7.54907],[-78.59473,-7.54676],[-78.5901,-7.55019],[-78.58054,-7.54712],[-78.5654,-7.55224],[-78.55593,-7.55108],[-78.55053,-7.56918],[-78.52989,-7.57811],[-78.51526,-7.59067],[-78.51462,-7.59483],[-78.50197,-7.60807],[-78.49885,-7.62693],[-78.4897,-7.63389]]]}},{"type":"Feature","properties":{"ubigeo":"131103","nombre":"Marmot"},"geometry":{"type":"Polygon","coordinates":[[[-78.59643,-7.70347],[-78.59475,-7.70975],[-78.6005,-7.72076],[-78.60045,-7.73517],[-78.62732,-7.75129],[-78.63621,-7.76363],[-78.64448,-7.77006],[-78.65066,-7.77969],[-78.66319,-7.79198],[-78.66504,-7.79699],[-78.67253,-7.78527],[-78.68302,-7.77579],[-78.68901,-7.77354],[-78.69605,-7.76268],[-78.70176,-7.74706],[-78.70471,-7.72606],[-78.71243,-7.72127],[-78.71246,-7.70398],[-78.72776,-7.69431],[-78.73069,-7.68876],[-78.74262,-7.68837],[-78.74791,-7.684],[-78.75109,-7.67291],[-78.7577,-7.67429],[-78.77003,-7.66664],[-78.77469,-7.65453],[-78.79237,-7.64003],[-78.80214,-7.63864],[-78.80377,-7.63411],[-78.79443,-7.6202],[-78.79745,-7.61571],[-78.79355,-7.60863],[-78.79854,-7.5866],[-78.80763,-7.57345],[-78.79904,-7.56414],[-78.79194,-7.55008],[-78.7778,-7.5514],[-78.77362,-7.54934],[-78.74484,-7.55848],[-78.74106,-7.56414],[-78.72742,-7.56509],[-78.71673,-7.56139],[-78.70629,-7.56968],[-78.70496,-7.57622],[-78.69678,-7.58463],[-78.68614,-7.59608],[-78.67786,-7.62017],[-78.67937,-7.62434],[-78.66313,-7.62812],[-78.65617,-7.63282],[-78.65912,-7.63933],[-78.65301,-7.64515],[-78.64374,-7.64536],[-78.63821,-7.65812],[-78.62763,-7.66515],[-78.61366,-7.66852],[-78.61182,-7.685],[-78.60355,-7.69254],[-78.59643,-7.70347]]]}},{"type":"Feature","properties":{"ubigeo":"131104","nombre":"Sayapullo"},"geometry":{"type":"Polygon","coordinates":[[[-78.37606,-7.63996],[-78.38746,-7.64399],[-78.41953,-7.63917],[-78.42426,-7.64105],[-78.44161,-7.64061],[-78.44605,-7.634],[-78.44712,-7.6238],[-78.45789,-7.63141],[-78.47953,-7.63725],[-78.4897,-7.63389],[-78.49885,-7.62693],[-78.50197,-7.60807],[-78.51462,-7.59483],[-78.51526,-7.59067],[-78.52989,-7.57811],[-78.55053,-7.56918],[-78.55593,-7.55108],[-78.53907,-7.5493],[-78.52387,-7.54986],[-78.51097,-7.55668],[-78.49735,-7.55338],[-78.49139,-7.55487],[-78.4595,-7.52796],[-78.45157,-7.51258],[-78.4373,-7.50209],[-78.42753,-7.49242],[-78.41749,-7.48942],[-78.41563,-7.48507],[-78.40308,-7.48349],[-78.3929,-7.49202],[-78.38452,-7.49204],[-78.37845,-7.49709],[-78.36043,-7.50048],[-78.3442,-7.49409],[-78.33583,-7.49525],[-78.32779,-7.49747],[-78.32222,-7.50333],[-78.32575,-7.5099],[-78.33905,-7.50787],[-78.34958,-7.51182],[-78.35324,-7.52056],[-78.36083,-7.52996],[-78.36386,-7.54547],[-78.35978,-7.55107],[-78.35679,-7.57401],[-78.36185,-7.58466],[-78.37017,-7.59328],[-78.37774,-7.59354],[-78.37976,-7.60027],[-78.37632,-7.61662],[-78.37689,-7.62465],[-78.38282,-7.63011],[-78.37606,-7.63996]]]}},{"type":"Feature","properties":{"ubigeo":"131201","nombre":"Viru"},"geometry":{"type":"Polygon","coordinates":[[[-78.56578,-8.25103],[-78.56679,-8.26037],[-78.57137,-8.26188],[-78.57655,-8.27571],[-78.5832,-8.27931],[-78.58375,-8.29081],[-78.5883,-8.3075],[-78.58062,-8.30872],[-78.57114,-8.31989],[-78.55772,-8.32073],[-78.55038,-8.32421],[-78.56322,-8.34721],[-78.56384,-8.35429],[-78.57978,-8.36646],[-78.59082,-8.3773],[-78.59979,-8.38204],[-78.60774,-8.39125],[-78.61196,-8.40536],[-78.61887,-8.41695],[-78.6284,-8.41972],[-78.63289,-8.42737],[-78.64217,-8.43202],[-78.65543,-8.44836],[-78.65903,-8.4628],[-78.67318,-8.4777],[-78.67328,-8.49017],[-78.68712,-8.49311],[-78.69621,-8.49052],[-78.6978,-8.49488],[-78.70842,-8.50106],[-78.7208,-8.498],[-78.72566,-8.50743],[-78.73302,-8.50512],[-78.75474,-8.50482],[-78.75478,-8.51324],[-78.75044,-8.52575],[-78.75054,-8.53371],[-78.74632,-8.5364],[-78.73279,-8.56839],[-78.74168,-8.58699],[-78.74081,-8.5964],[-78.74457,-8.60177],[-78.74854,-8.62147],[-78.76603,-8.58648],[-78.77801,-8.56941],[-78.79558,-8.54975],[-78.83191,-8.51741],[-78.86227,-8.49408],[-78.91509,-8.46008],[-78.93488,-8.43632],[-78.93408,-8.42773],[-78.9126,-8.42882],[-78.90084,-8.41423],[-78.89541,-8.39687],[-78.89637,-8.37893],[-78.90053,-8.37145],[-78.89271,-8.3665],[-78.8895,-8.35422],[-78.88137,-8.34266],[-78.86781,-8.33844],[-78.85601,-8.33034],[-78.84904,-8.32849],[-78.84002,-8.31801],[-78.83071,-8.31675],[-78.82331,-8.31002],[-78.81676,-8.30999],[-78.81353,-8.2928],[-78.80835,-8.28574],[-78.81531,-8.27296],[-78.80915,-8.26975],[-78.8025,-8.25755],[-78.80336,-8.24995],[-78.81444,-8.23845],[-78.81603,-8.23296],[-78.82356,-8.23332],[-78.83747,-8.22931],[-78.83832,-8.2091],[-78.84286,-8.1997],[-78.84083,-8.1911],[-78.83814,-8.19824],[-78.83147,-8.20359],[-78.82476,-8.20251],[-78.80984,-8.20633],[-78.7967,-8.2012],[-78.78719,-8.20325],[-78.78112,-8.20791],[-78.77742,-8.18272],[-78.77282,-8.17666],[-78.76387,-8.17383],[-78.7463,-8.17351],[-78.72802,-8.17094],[-78.72418,-8.16738],[-78.71022,-8.16303],[-78.69983,-8.15388],[-78.68097,-8.15181],[-78.67915,-8.14729],[-78.66824,-8.14085],[-78.65935,-8.1469],[-78.6427,-8.14754],[-78.63909,-8.143],[-78.6368,-8.15553],[-78.64274,-8.16831],[-78.65071,-8.17561],[-78.65247,-8.18466],[-78.64375,-8.19011],[-78.63156,-8.19109],[-78.62153,-8.18859],[-78.61581,-8.19357],[-78.60697,-8.19539],[-78.60114,-8.20846],[-78.60469,-8.22207],[-78.5883,-8.24111],[-78.57538,-8.24369],[-78.56578,-8.25103]]]}},{"type":"Feature","properties":{"ubigeo":"131202","nombre":"Chao"},"geometry":{"type":"Polygon","coordinates":[[[-78.23557,-8.65292],[-78.24613,-8.65836],[-78.27266,-8.65631],[-78.28767,-8.6625],[-78.29479,-8.65881],[-78.31095,-8.66721],[-78.31645,-8.6653],[-78.33348,-8.66646],[-78.33728,-8.67568],[-78.35481,-8.67328],[-78.3732,-8.68724],[-78.37917,-8.69657],[-78.39733,-8.70256],[-78.4023,-8.70747],[-78.41012,-8.70821],[-78.42533,-8.7239],[-78.44823,-8.73693],[-78.46793,-8.74153],[-78.48482,-8.75054],[-78.4933,-8.74983],[-78.51814,-8.75298],[-78.52937,-8.76311],[-78.55161,-8.77504],[-78.54822,-8.76932],[-78.55831,-8.7577],[-78.56476,-8.75384],[-78.56749,-8.74489],[-78.57182,-8.74305],[-78.57664,-8.71446],[-78.5737,-8.70288],[-78.58694,-8.7101],[-78.59051,-8.71868],[-78.5998,-8.71509],[-78.61145,-8.71685],[-78.61914,-8.69791],[-78.6244,-8.69373],[-78.63629,-8.69729],[-78.65412,-8.6838],[-78.65932,-8.671],[-78.66461,-8.67985],[-78.67348,-8.68063],[-78.68287,-8.6863],[-78.69113,-8.69596],[-78.70994,-8.70072],[-78.71912,-8.69654],[-78.7243,-8.68945],[-78.73709,-8.67951],[-78.74665,-8.68408],[-78.738,-8.66694],[-78.74032,-8.6487],[-78.74854,-8.62147],[-78.74457,-8.60177],[-78.74081,-8.5964],[-78.74168,-8.58699],[-78.73279,-8.56839],[-78.74632,-8.5364],[-78.75054,-8.53371],[-78.75044,-8.52575],[-78.75478,-8.51324],[-78.75474,-8.50482],[-78.73302,-8.50512],[-78.72566,-8.50743],[-78.7208,-8.498],[-78.70842,-8.50106],[-78.6978,-8.49488],[-78.69621,-8.49052],[-78.68712,-8.49311],[-78.67328,-8.49017],[-78.67318,-8.4777],[-78.65903,-8.4628],[-78.65543,-8.44836],[-78.64217,-8.43202],[-78.63289,-8.42737],[-78.6284,-8.41972],[-78.61887,-8.41695],[-78.61196,-8.40536],[-78.60774,-8.39125],[-78.59979,-8.38204],[-78.59082,-8.3773],[-78.57978,-8.36646],[-78.56384,-8.35429],[-78.56322,-8.34721],[-78.55038,-8.32421],[-78.5367,-8.32239],[-78.53415,-8.3271],[-78.51659,-8.33832],[-78.49836,-8.34097],[-78.47914,-8.35108],[-78.4944,-8.37134],[-78.48379,-8.38161],[-78.46596,-8.3876],[-78.45933,-8.38454],[-78.4425,-8.38228],[-78.43664,-8.37547],[-78.43611,-8.36494],[-78.42985,-8.36024],[-78.42991,-8.37376],[-78.42461,-8.39016],[-78.42017,-8.38736],[-78.40724,-8.39842],[-78.40524,-8.41245],[-78.3965,-8.40266],[-78.37389,-8.40454],[-78.37308,-8.42428],[-78.37721,-8.4424],[-78.37427,-8.45964],[-78.36094,-8.46421],[-78.34455,-8.47546],[-78.34188,-8.48335],[-78.33949,-8.47461],[-78.33065,-8.46659],[-78.32071,-8.46696],[-78.29776,-8.46183],[-78.28262,-8.46694],[-78.2637,-8.46738],[-78.26093,-8.47268],[-78.27355,-8.48327],[-78.27377,-8.50635],[-78.27611,-8.51096],[-78.27314,-8.52067],[-78.26766,-8.52758],[-78.26672,-8.53756],[-78.2763,-8.54272],[-78.28332,-8.54218],[-78.29009,-8.54837],[-78.2812,-8.56237],[-78.28264,-8.57193],[-78.27807,-8.57945],[-78.2641,-8.59262],[-78.26153,-8.59792],[-78.2609,-8.61475],[-78.24593,-8.63713],[-78.24139,-8.64058],[-78.23557,-8.65292]]]}},{"type":"Feature","properties":{"ubigeo":"131203","nombre":"Guadalupito"},"geometry":{"type":"Polygon","coordinates":[[[-78.60482,-8.95487],[-78.61951,-8.96653],[-78.62973,-8.97089],[-78.64492,-8.96923],[-78.64281,-8.95754],[-78.64501,-8.94345],[-78.64366,-8.93695],[-78.65166,-8.91436],[-78.6728,-8.88459],[-78.69088,-8.86571],[-78.71488,-8.83493],[-78.73451,-8.80785],[-78.76116,-8.77396],[-78.75753,-8.7666],[-78.76071,-8.75641],[-78.74277,-8.74032],[-78.74109,-8.72413],[-78.73738,-8.71208],[-78.7401,-8.7002],[-78.74665,-8.68408],[-78.73709,-8.67951],[-78.7243,-8.68945],[-78.71912,-8.69654],[-78.70994,-8.70072],[-78.69113,-8.69596],[-78.68287,-8.6863],[-78.67348,-8.68063],[-78.66461,-8.67985],[-78.65932,-8.671],[-78.65412,-8.6838],[-78.63629,-8.69729],[-78.6244,-8.69373],[-78.61914,-8.69791],[-78.61145,-8.71685],[-78.5998,-8.71509],[-78.59051,-8.71868],[-78.58694,-8.7101],[-78.5737,-8.70288],[-78.57664,-8.71446],[-78.57182,-8.74305],[-78.56749,-8.74489],[-78.56476,-8.75384],[-78.55831,-8.7577],[-78.54822,-8.76932],[-78.55161,-8.77504],[-78.56534,-8.7926],[-78.56514,-8.79673],[-78.5758,-8.81973],[-78.58218,-8.84534],[-78.58828,-8.85868],[-78.58245,-8.8666],[-78.57648,-8.88905],[-78.57979,-8.90544],[-78.58607,-8.92115],[-78.58962,-8.92497],[-78.58994,-8.94262],[-78.60482,-8.95487]]]}}]}