{"type":"FeatureCollection","features":[{"type":"Feature","properties":{"ubigeo":"150101","nombre":"Lima"},"geometry":{"type":"Polygon","coordinates":[[[-77.0032,-12.06258],[-77.0156,-12.06138],[-77.01745,-12.05748],[-77.03538,-12.0598],[-77.02807,-12.07871],[-77.03632,-12.07985],[-77.03757,-12.06421],[-77.04567,-12.06525],[-77.04162,-12.05974],[-77.04237,-12.05087],[-77.05376,-12.0491],[-77.06122,-12.06753],[-77.0778,-12.06847],[-77.07913,-12.06021],[-77.08711,-12.06152],[-77.08766,-12.05173],[-77.07812,-12.05004],[-77.08161,-12.04695],[-77.08303,-12.03632],[-77.07218,-12.03437],[-77.04347,-12.03885],[-77.02946,-12.04335],[-77.0162,-12.04342],[-77.01286,-12.03728],[-77.00985,-12.03064],[-77.00296,-12.04684],[-77.00677,-12.04957],[-77.01095,-12.04374],[-77.01232,-12.05364],[-77.00177,-12.06168],[-77.0032,-12.06258]]]}},{"type":"Feature","properties":{"ubigeo":"150102","nombre":"Ancón"},"geometry":{"type":"Polygon","coordinates":[[[-77.02494,-11.681],[-77.02599,-11.69939],[-77.03424,-11.71007],[-77.04347,-11.71247],[-77.03224,-11.73755],[-77.03245,-11.74079],[-77.03938,-11.75248],[-77.05307,-11.76511],[-77.05701,-11.78582],[-77.07275,-11.79195],[-77.08225,-11.80087],[-77.09221,-11.80357],[-77.10732,-11.81264],[-77.11587,-11.82062],[-77.12635,-11.81973],[-77.14711,-11.81928],[-77.13915,-11.80011],[-77.15827,-11.7811],[-77.1864,-11.78919],[-77.19541,-11.7805],[-77.19843,-11.76942],[-77.19415,-11.76696],[-77.18102,-11.77578],[-77.1741,-11.7706],[-77.16956,-11.74893],[-77.17093,-11.73419],[-77.18041,-11.71812],[-77.19591,-11.69794],[-77.18959,-11.6949],[-77.18211,-11.68591],[-77.16646,-11.69444],[-77.16084,-11.70156],[-77.15453,-11.7017],[-77.1553,-11.68406],[-77.15816,-11.68117],[-77.15154,-11.66987],[-77.13175,-11.65729],[-77.12634,-11.66038],[-77.12265,-11.65446],[-77.13172,-11.64541],[-77.13119,-11.63989],[-77.13737,-11.63553],[-77.1347,-11.62664],[-77.12771,-11.62595],[-77.11984,-11.63015],[-77.1059,-11.6252],[-77.10578,-11.61944],[-77.08527,-11.60424],[-77.0777,-11.57702],[-77.06484,-11.57324],[-77.0623,-11.57763],[-77.05537,-11.57558],[-77.04615,-11.57863],[-77.03677,-11.58893],[-77.02196,-11.59662],[-77.01784,-11.60342],[-77.00764,-11.6082],[-77.00498,-11.61341],[-77.01451,-11.62284],[-77.01651,-11.63356],[-77.02925,-11.644],[-77.0351,-11.65142],[-77.02463,-11.6766],[-77.02494,-11.681]]]}},{"type":"Feature","properties":{"ubigeo":"150103","nombre":"Ate"},"geometry":{"type":"Polygon","coordinates":[[[-76.88913,-12.05936],[-76.91374,-12.05963],[-76.9215,-12.06611],[-76.93087,-12.06328],[-76.93942,-12.06493],[-76.94451,-12.0568],[-76.96787,-12.0655],[-76.97609,-12.07829],[-76.98212,-12.085],[-76.9873,-12.07993],[-76.99083,-12.07542],[-76.98722,-12.06407],[-76.9978,-12.06083],[-76.9935,-12.05664],[-76.9824,-12.06014],[-76.97333,-12.05844],[-76.93783,-12.04376],[-76.94401,-12.02759],[-76.95534,-12.02936],[-76.9525,-12.02482],[-76.93496,-12.02234],[-76.92115,-12.02254],[-76.89736,-12.01313],[-76.89136,-12.0129],[-76.84405,-12.0027],[-76.83735,-11.9923],[-76.82132,-12.00056],[-76.81335,-12.00238],[-76.80516,-11.99847],[-76.79873,-12.00304],[-76.79051,-12.00348],[-76.78456,-12.00925],[-76.78286,-12.02325],[-76.79239,-12.02796],[-76.80529,-12.03808],[-76.82466,-12.04751],[-76.83357,-12.04097],[-76.85191,-12.03768],[-76.88913,-12.05936]]]}},{"type":"Feature","properties":{"ubigeo":"150104","nombre":"Barranco"},"geometry":{"type":"Polygon","coordinates":[[[-77.01605,-12.15562],[-77.02631,-12.15731],[-77.02611,-12.14428],[-77.02922,-12.14003],[-77.018,-12.1312],[-77.01244,-12.14041],[-77.01838,-12.15261],[-77.01605,-12.15562]]]}},{"type":"Feature","properties":{"ubigeo":"150105","nombre":"Breña"},"geometry":{"type":"Polygon","coordinates":[[[-77.04974,-12.07019],[-77.06122,-12.06753],[-77.05376,-12.0491],[-77.04237,-12.05087],[-77.04162,-12.05974],[-77.04567,-12.06525],[-77.04974,-12.07019]]]}},{"type":"Feature","properties":{"ubigeo":"150106","nombre":"Carabayllo"},"geometry":{"type":"Polygon","coordinates":[[[-77.03245,-11.74079],[-77.011,-11.75107],[-76.99678,-11.75236],[-76.98528,-11.7463],[-76.97367,-11.74798],[-76.97361,-11.73609],[-76.96004,-11.73437],[-76.95508,-11.73687],[-76.95098,-11.74714],[-76.94052,-11.75059],[-76.93329,-11.75639],[-76.91565,-11.74516],[-76.91447,-11.73217],[-76.90268,-11.72878],[-76.88496,-11.73483],[-76.88081,-11.73217],[-76.87544,-11.74357],[-76.86775,-11.74747],[-76.8527,-11.74865],[-76.83382,-11.74376],[-76.8273,-11.74768],[-76.81826,-11.74782],[-76.80487,-11.75587],[-76.82554,-11.7773],[-76.83461,-11.77882],[-76.8433,-11.7857],[-76.85124,-11.79815],[-76.86154,-11.79887],[-76.87749,-11.7946],[-76.89649,-11.79322],[-76.90661,-11.79612],[-76.90589,-11.81685],[-76.90327,-11.82271],[-76.91641,-11.83136],[-76.93564,-11.83368],[-76.93421,-11.84466],[-76.94228,-11.86087],[-76.95267,-11.86549],[-76.96211,-11.8729],[-76.97664,-11.89127],[-76.98795,-11.89715],[-76.99217,-11.90071],[-77.00032,-11.89989],[-77.00595,-11.90387],[-77.01426,-11.90323],[-77.03075,-11.91015],[-77.0421,-11.8945],[-77.04551,-11.89789],[-77.05095,-11.88781],[-77.05406,-11.88984],[-77.05525,-11.87512],[-77.05904,-11.86929],[-77.05863,-11.85994],[-77.06498,-11.85152],[-77.07545,-11.84718],[-77.08306,-11.84071],[-77.0894,-11.83018],[-77.09221,-11.80357],[-77.08225,-11.80087],[-77.07275,-11.79195],[-77.05701,-11.78582],[-77.05307,-11.76511],[-77.03938,-11.75248],[-77.03245,-11.74079]]]}},{"type":"Feature","properties":{"ubigeo":"150107","nombre":"Chaclacayo"},"geometry":{"type":"Polygon","coordinates":[[[-76.72234,-11.99959],[-76.7419,-12.00293],[-76.75498,-12.01727],[-76.78286,-12.02325],[-76.78456,-12.00925],[-76.79051,-12.00348],[-76.79873,-12.00304],[-76.80516,-11.99847],[-76.81335,-12.00238],[-76.82132,-12.00056],[-76.83735,-11.9923],[-76.81408,-11.98345],[-76.80856,-11.98367],[-76.79026,-11.97762],[-76.76972,-11.97405],[-76.74404,-11.96719],[-76.73125,-11.96155],[-76.72515,-11.9699],[-76.72061,-11.98512],[-76.71479,-11.99236],[-76.72234,-11.99959]]]}},{"type":"Feature","properties":{"ubigeo":"150108","nombre":"Chorrillos"},"geometry":{"type":"Polygon","coordinates":[[[-76.98624,-12.16767],[-76.98104,-12.17205],[-76.98328,-12.1791],[-76.97705,-12.19452],[-76.97288,-12.19527],[-76.977,-12.21767],[-76.97238,-12.22477],[-76.9759,-12.23075],[-77.03771,-12.20408],[-77.03406,-12.20051],[-77.03981,-12.19271],[-77.03954,-12.18222],[-77.03381,-12.17816],[-77.0377,-12.16882],[-77.02913,-12.16589],[-77.02631,-12.15731],[-77.01605,-12.15562],[-77.00751,-12.1603],[-77.01379,-12.16656],[-77.00238,-12.17417],[-76.99821,-12.16699],[-76.99044,-12.17297],[-76.98624,-12.16767]]]}},{"type":"Feature","properties":{"ubigeo":"150109","nombre":"Cieneguilla"},"geometry":{"type":"Polygon","coordinates":[[[-76.70864,-12.11426],[-76.71692,-12.12057],[-76.73117,-12.12489],[-76.7346,-12.12929],[-76.75324,-12.13622],[-76.77084,-12.13486],[-76.80026,-12.14373],[-76.80347,-12.14137],[-76.81622,-12.14216],[-76.83228,-12.14591],[-76.88134,-12.0722],[-76.88913,-12.05936],[-76.85191,-12.03768],[-76.83357,-12.04097],[-76.82466,-12.04751],[-76.80529,-12.03808],[-76.79239,-12.02796],[-76.78286,-12.02325],[-76.75498,-12.01727],[-76.7419,-12.00293],[-76.72234,-11.99959],[-76.71319,-12.01037],[-76.70657,-12.03236],[-76.70406,-12.03063],[-76.6951,-12.03706],[-76.67808,-12.05298],[-76.67351,-12.07351],[-76.68199,-12.08439],[-76.69643,-12.08848],[-76.70519,-12.08626],[-76.71662,-12.09934],[-76.71437,-12.10801],[-76.70864,-12.11426]]]}},{"type":"Feature","properties":{"ubigeo":"150110","nombre":"Comas"},"geometry":{"type":"Polygon","coordinates":[[[-77.02828,-11.96068],[-77.04739,-11.9664],[-77.0602,-11.97662],[-77.06519,-11.95244],[-77.06987,-11.95314],[-77.07365,-11.91771],[-77.06394,-11.9009],[-77.05406,-11.88984],[-77.05095,-11.88781],[-77.04551,-11.89789],[-77.0421,-11.8945],[-77.03075,-11.91015],[-77.01426,-11.90323],[-77.00595,-11.90387],[-77.00032,-11.89989],[-76.99217,-11.90071],[-76.98795,-11.89715],[-76.99054,-11.9073],[-76.98839,-11.91631],[-76.99567,-11.91732],[-77.00554,-11.93004],[-77.01716,-11.93728],[-77.0179,-11.94984],[-77.02828,-11.96068]]]}},{"type":"Feature","properties":{"ubigeo":"150111","nombre":"El Agustino"},"geometry":{"type":"Polygon","coordinates":[[[-76.95534,-12.02936],[-76.96357,-12.03182],[-76.97633,-12.0404],[-76.98815,-12.03955],[-76.98461,-12.04427],[-76.99074,-12.0522],[-76.98651,-12.05617],[-76.97531,-12.05388],[-76.97333,-12.05844],[-76.9824,-12.06014],[-76.9935,-12.05664],[-76.9978,-12.06083],[-77.00177,-12.06168],[-77.01232,-12.05364],[-77.01095,-12.04374],[-77.00677,-12.04957],[-77.00296,-12.04684],[-77.00985,-12.03064],[-76.99599,-12.02699],[-76.98117,-12.02548],[-76.9683,-12.02663],[-76.9524,-12.02142],[-76.93496,-12.02234],[-76.9525,-12.02482],[-76.95534,-12.02936]]]}},{"type":"Feature","properties":{"ubigeo":"150112","nombre":"Independencia"},"geometry":{"type":"Polygon","coordinates":[[[-77.05301,-12.011],[-77.06131,-12.00848],[-77.06603,-11.97748],[-77.0602,-11.97662],[-77.04739,-11.9664],[-77.02828,-11.96068],[-77.02893,-11.9832],[-77.03093,-11.9968],[-77.04496,-12.01182],[-77.04766,-12.0178],[-77.05301,-12.011]]]}},{"type":"Feature","properties":{"ubigeo":"150113","nombre":"Jesús María"},"geometry":{"type":"Polygon","coordinates":[[[-77.04866,-12.08511],[-77.05502,-12.09186],[-77.06315,-12.08648],[-77.04974,-12.07019],[-77.04567,-12.06525],[-77.03757,-12.06421],[-77.03632,-12.07985],[-77.04866,-12.08511]]]}},{"type":"Feature","properties":{"ubigeo":"150114","nombre":"La Molina"},"geometry":{"type":"Polygon","coordinates":[[[-76.91078,-12.12233],[-76.92061,-12.11897],[-76.93072,-12.12322],[-76.94079,-12.12216],[-76.94775,-12.11754],[-76.95099,-12.10443],[-76.96095,-12.09167],[-76.95773,-12.07993],[-76.96289,-12.07649],[-76.96962,-12.08348],[-76.97609,-12.07829],[-76.96787,-12.0655],[-76.94451,-12.0568],[-76.93942,-12.06493],[-76.93087,-12.06328],[-76.9215,-12.06611],[-76.91374,-12.05963],[-76.88913,-12.05936],[-76.89112,-12.06721],[-76.88926,-12.07675],[-76.8856,-12.07636],[-76.88569,-12.09212],[-76.89221,-12.09403],[-76.89015,-12.09962],[-76.89831,-12.11433],[-76.90271,-12.11323],[-76.91078,-12.12233]]]}},{"type":"Feature","properties":{"ubigeo":"150115","nombre":"La Victoria"},"geometry":{"type":"Polygon","coordinates":[[[-77.00414,-12.08408],[-77.00985,-12.08898],[-77.02284,-12.09081],[-77.02807,-12.07871],[-77.03538,-12.0598],[-77.01745,-12.05748],[-77.0156,-12.06138],[-77.0032,-12.06258],[-76.9963,-12.06831],[-77.01035,-12.07823],[-77.00414,-12.08408]]]}},{"type":"Feature","properties":{"ubigeo":"150116","nombre":"Lince"},"geometry":{"type":"Polygon","coordinates":[[[-77.04866,-12.08511],[-77.03632,-12.07985],[-77.02807,-12.07871],[-77.02284,-12.09081],[-77.03381,-12.08911],[-77.04769,-12.09152],[-77.04866,-12.08511]]]}},{"type":"Feature","properties":{"ubigeo":"150117","nombre":"Los Olivos"},"geometry":{"type":"Polygon","coordinates":[[[-77.06131,-12.00848],[-77.07983,-12.01268],[-77.0847,-11.99669],[-77.07843,-11.98322],[-77.08591,-11.9825],[-77.08328,-11.97662],[-77.08795,-11.97369],[-77.08382,-11.96826],[-77.08609,-11.94741],[-77.08403,-11.93677],[-77.07789,-11.92919],[-77.07365,-11.91771],[-77.06987,-11.95314],[-77.06519,-11.95244],[-77.0602,-11.97662],[-77.06603,-11.97748],[-77.06131,-12.00848]]]}},{"type":"Feature","properties":{"ubigeo":"150118","nombre":"Lurigancho"},"geometry":{"type":"Polygon","coordinates":[[[-76.66886,-11.92367],[-76.67172,-11.92894],[-76.66242,-11.9366],[-76.64696,-11.95288],[-76.64833,-11.96737],[-76.66141,-11.97906],[-76.67351,-11.98018],[-76.681,-11.98806],[-76.68716,-11.98907],[-76.70001,-11.98587],[-76.7085,-11.99235],[-76.71479,-11.99236],[-76.72061,-11.98512],[-76.72515,-11.9699],[-76.73125,-11.96155],[-76.74404,-11.96719],[-76.76972,-11.97405],[-76.79026,-11.97762],[-76.80856,-11.98367],[-76.81408,-11.98345],[-76.83735,-11.9923],[-76.84405,-12.0027],[-76.89136,-12.0129],[-76.89736,-12.01313],[-76.92115,-12.02254],[-76.93496,-12.02234],[-76.9524,-12.02142],[-76.95626,-12.00981],[-76.96741,-12.00428],[-76.9694,-11.99493],[-76.9535,-11.96944],[-76.95017,-11.95375],[-76.9409,-11.95225],[-76.93137,-11.94217],[-76.92349,-11.9473],[-76.92023,-11.9578],[-76.91655,-11.95984],[-76.90798,-11.95412],[-76.89375,-11.95622],[-76.8864,-11.95231],[-76.86589,-11.94635],[-76.85468,-11.93721],[-76.8455,-11.93578],[-76.832,-11.94516],[-76.8259,-11.94103],[-76.82528,-11.93431],[-76.81637,-11.92682],[-76.79801,-11.92936],[-76.79168,-11.92761],[-76.78019,-11.91579],[-76.77696,-11.91569],[-76.75706,-11.9029],[-76.74701,-11.89439],[-76.74169,-11.895],[-76.73339,-11.88638],[-76.72794,-11.87571],[-76.7178,-11.88759],[-76.71091,-11.89215],[-76.70402,-11.89138],[-76.69414,-11.89656],[-76.69285,-11.90189],[-76.66886,-11.92367]]]}},{"type":"Feature","properties":{"ubigeo":"150119","nombre":"Lurin"},"geometry":{"type":"Polygon","coordinates":[[[-76.8431,-12.3117],[-76.86194,-12.2959],[-76.88861,-12.28489],[-76.9027,-12.27362],[-76.94024,-12.24828],[-76.93821,-12.24538],[-76.92752,-12.25269],[-76.92722,-12.24718],[-76.91468,-12.24825],[-76.911,-12.23344],[-76.90708,-12.234],[-76.8966,-12.21882],[-76.88936,-12.2145],[-76.89095,-12.20776],[-76.8836,-12.2109],[-76.87148,-12.22043],[-76.87265,-12.22507],[-76.85965,-12.23885],[-76.8549,-12.23316],[-76.84924,-12.2395],[-76.84297,-12.23591],[-76.84529,-12.22079],[-76.83815,-12.2158],[-76.82418,-12.21136],[-76.81645,-12.20031],[-76.80887,-12.19795],[-76.79672,-12.1989],[-76.7892,-12.20291],[-76.7693,-12.18614],[-76.75837,-12.18499],[-76.74605,-12.17746],[-76.74113,-12.16908],[-76.73398,-12.16441],[-76.7094,-12.17077],[-76.70429,-12.17783],[-76.69025,-12.18179],[-76.67714,-12.17557],[-76.66591,-12.18013],[-76.66203,-12.17796],[-76.66452,-12.18459],[-76.67293,-12.18879],[-76.69012,-12.20235],[-76.69771,-12.21714],[-76.71345,-12.22386],[-76.71827,-12.22904],[-76.72316,-12.24393],[-76.73088,-12.24615],[-76.74007,-12.25364],[-76.75842,-12.25039],[-76.76372,-12.25245],[-76.76806,-12.26065],[-76.79199,-12.26519],[-76.8008,-12.27431],[-76.81924,-12.28285],[-76.82794,-12.29198],[-76.8431,-12.3117]]]}},{"type":"Feature","properties":{"ubigeo":"150120","nombre":"Magdalena del Mar"},"geometry":{"type":"Polygon","coordinates":[[[-77.05502,-12.09186],[-77.0574,-12.09255],[-77.06092,-12.1082],[-77.07825,-12.09672],[-77.07213,-12.08355],[-77.06315,-12.08648],[-77.05502,-12.09186]]]}},{"type":"Feature","properties":{"ubigeo":"150121","nombre":"Pueblo Libre"},"geometry":{"type":"Polygon","coordinates":[[[-77.06315,-12.08648],[-77.07213,-12.08355],[-77.0814,-12.07825],[-77.0778,-12.06847],[-77.06122,-12.06753],[-77.04974,-12.07019],[-77.06315,-12.08648]]]}},{"type":"Feature","properties":{"ubigeo":"150122","nombre":"Miraflores"},"geometry":{"type":"Polygon","coordinates":[[[-77.018,-12.1312],[-77.02922,-12.14003],[-77.0314,-12.13329],[-77.05648,-12.11133],[-77.03666,-12.11002],[-77.02736,-12.10285],[-77.02592,-12.11916],[-77.01382,-12.11929],[-77.0101,-12.11564],[-77.00283,-12.12643],[-77.018,-12.1312]]]}},{"type":"Feature","properties":{"ubigeo":"150123","nombre":"Pachacamac"},"geometry":{"type":"Polygon","coordinates":[[[-76.6793,-12.13097],[-76.69156,-12.14136],[-76.68792,-12.15183],[-76.67192,-12.1722],[-76.66101,-12.17318],[-76.66203,-12.17796],[-76.66591,-12.18013],[-76.67714,-12.17557],[-76.69025,-12.18179],[-76.70429,-12.17783],[-76.7094,-12.17077],[-76.73398,-12.16441],[-76.74113,-12.16908],[-76.74605,-12.17746],[-76.75837,-12.18499],[-76.7693,-12.18614],[-76.7892,-12.20291],[-76.79672,-12.1989],[-76.80887,-12.19795],[-76.81645,-12.20031],[-76.82418,-12.21136],[-76.83815,-12.2158],[-76.84529,-12.22079],[-76.84297,-12.23591],[-76.84924,-12.2395],[-76.8549,-12.23316],[-76.85965,-12.23885],[-76.87265,-12.22507],[-76.87148,-12.22043],[-76.8836,-12.2109],[-76.89095,-12.20776],[-76.89188,-12.19877],[-76.88551,-12.18728],[-76.88124,-12.16786],[-76.88419,-12.15428],[-76.89553,-12.14734],[-76.89646,-12.14161],[-76.90422,-12.13162],[-76.91241,-12.1276],[-76.91078,-12.12233],[-76.90271,-12.11323],[-76.89831,-12.11433],[-76.89015,-12.09962],[-76.89221,-12.09403],[-76.88569,-12.09212],[-76.8856,-12.07636],[-76.88926,-12.07675],[-76.89112,-12.06721],[-76.88913,-12.05936],[-76.88134,-12.0722],[-76.83228,-12.14591],[-76.81622,-12.14216],[-76.80347,-12.14137],[-76.80026,-12.14373],[-76.77084,-12.13486],[-76.75324,-12.13622],[-76.7346,-12.12929],[-76.73117,-12.12489],[-76.71692,-12.12057],[-76.70864,-12.11426],[-76.69775,-12.11519],[-76.69051,-12.12472],[-76.6793,-12.13097]]]}},{"type":"Feature","properties":{"ubigeo":"150124","nombre":"Pucusana"},"geometry":{"type":"MultiPolygon","coordinates":[[[[-76.78416,-12.51993],[-76.80098,-12.50878],[-76.79913,-12.48576],[-76.80231,-12.48122],[-76.79276,-12.47893],[-76.78912,-12.46962],[-76.78815,-12.45588],[-76.78383,-12.45564],[-76.78505,-12.44344],[-76.77504,-12.43787],[-76.77939,-12.42633],[-76.78007,-12.41706],[-76.77595,-12.42443],[-76.76267,-12.41923],[-76.75343,-12.42883],[-76.75685,-12.44522],[-76.75192,-12.4634],[-76.75604,-12.47398],[-76.76836,-12.48235],[-76.77149,-12.49326],[-76.7908,-12.50312],[-76.78416,-12.51993]]],[[[-76.79853,-12.47508],[-76.79853,-12.47508],[-76.79853,-12.47508],[-76.79853,-12.47508]]]]}},{"type":"Feature","properties":{"ubigeo":"150125","nombre":"Puente Piedra"},"geometry":{"type":"Polygon","coordinates":[[[-77.07365,-11.91771],[-77.07789,-11.92919],[-77.08403,-11.93677],[-77.09524,-11.94966],[-77.09533,-11.94521],[-77.10328,-11.93521],[-77.1025,-11.92782],[-77.09727,-11.92431],[-77.09762,-11.91629],[-77.08947,-11.90009],[-77.09302,-11.8918],[-77.09243,-11.88308],[-77.09691,-11.87091],[-77.10729,-11.86605],[-77.10622,-11.85646],[-77.11082,-11.85371],[-77.11509,-11.84172],[-77.11641,-11.83122],[-77.12635,-11.81973],[-77.11587,-11.82062],[-77.10732,-11.81264],[-77.09221,-11.80357],[-77.0894,-11.83018],[-77.08306,-11.84071],[-77.07545,-11.84718],[-77.06498,-11.85152],[-77.05863,-11.85994],[-77.05904,-11.86929],[-77.05525,-11.87512],[-77.05406,-11.88984],[-77.06394,-11.9009],[-77.07365,-11.91771]]]}},{"type":"Feature","properties":{"ubigeo":"150126","nombre":"Punta Hermosa"},"geometry":{"type":"Polygon","coordinates":[[[-76.8162,-12.34538],[-76.81927,-12.33944],[-76.82827,-12.33846],[-76.83066,-12.33128],[-76.83766,-12.32448],[-76.83603,-12.31741],[-76.8431,-12.3117],[-76.82794,-12.29198],[-76.81924,-12.28285],[-76.8008,-12.27431],[-76.79199,-12.26519],[-76.76806,-12.26065],[-76.76372,-12.25245],[-76.75842,-12.25039],[-76.74007,-12.25364],[-76.73088,-12.24615],[-76.72316,-12.24393],[-76.71827,-12.22904],[-76.71345,-12.22386],[-76.69771,-12.21714],[-76.69012,-12.20235],[-76.67293,-12.18879],[-76.66452,-12.18459],[-76.66203,-12.17796],[-76.65267,-12.19256],[-76.64863,-12.20816],[-76.64564,-12.21182],[-76.65388,-12.21619],[-76.6539,-12.22061],[-76.66138,-12.23009],[-76.66562,-12.24377],[-76.67227,-12.25166],[-76.69354,-12.26984],[-76.70189,-12.27242],[-76.71844,-12.28533],[-76.7273,-12.29527],[-76.74317,-12.29609],[-76.7546,-12.30943],[-76.76293,-12.30699],[-76.7745,-12.32132],[-76.79199,-12.32663],[-76.80721,-12.34011],[-76.8162,-12.34538]]]}},{"type":"Feature","properties":{"ubigeo":"150127","nombre":"Punta Negra"},"geometry":{"type":"Polygon","coordinates":[[[-76.7892,-12.38393],[-76.78895,-12.38051],[-76.79945,-12.3677],[-76.80093,-12.36044],[-76.81694,-12.35249],[-76.8162,-12.34538],[-76.80721,-12.34011],[-76.79199,-12.32663],[-76.7745,-12.32132],[-76.76293,-12.30699],[-76.7546,-12.30943],[-76.74317,-12.29609],[-76.7273,-12.29527],[-76.71844,-12.28533],[-76.70189,-12.27242],[-76.69354,-12.26984],[-76.67227,-12.25166],[-76.66562,-12.24377],[-76.66138,-12.23009],[-76.6539,-12.22061],[-76.65388,-12.21619],[-76.64564,-12.21182],[-76.6375,-12.21922],[-76.6211,-12.22688],[-76.62096,-12.23817],[-76.62509,-12.25175],[-76.63679,-12.27936],[-76.65202,-12.28858],[-76.65417,-12.30506],[-76.66255,-12.30839],[-76.66986,-12.31967],[-76.67399,-12.31952],[-76.67842,-12.33349],[-76.69776,-12.34087],[-76.70244,-12.33887],[-76.71968,-12.34251],[-76.72539,-12.34132],[-76.73974,-12.34727],[-76.74461,-12.35254],[-76.75582,-12.35754],[-76.7662,-12.36803],[-76.7892,-12.38393]]]}},{"type":"Feature","properties":{"ubigeo":"150128","nombre":"Rímac"},"geometry":{"type":"Polygon","coordinates":[[[-77.04347,-12.03885],[-77.04429,-12.02852],[-77.05067,-12.02221],[-77.05301,-12.011],[-77.04766,-12.0178],[-77.04496,-12.01182],[-77.03093,-11.9968],[-77.02225,-12.01021],[-77.01947,-12.0212],[-77.02233,-12.02808],[-77.01286,-12.03728],[-77.0162,-12.04342],[-77.02946,-12.04335],[-77.04347,-12.03885]]]}},{"type":"Feature","properties":{"ubigeo":"150129","nombre":"San Bartolo"},"geometry":{"type":"Polygon","coordinates":[[[-76.75691,-12.40147],[-76.77065,-12.38712],[-76.77911,-12.40059],[-76.77736,-12.39368],[-76.7892,-12.38393],[-76.7662,-12.36803],[-76.75582,-12.35754],[-76.74461,-12.35254],[-76.73974,-12.34727],[-76.72539,-12.34132],[-76.71968,-12.34251],[-76.70244,-12.33887],[-76.69776,-12.34087],[-76.67842,-12.33349],[-76.68192,-12.35325],[-76.67354,-12.3599],[-76.66799,-12.36023],[-76.67534,-12.37621],[-76.68341,-12.38211],[-76.69979,-12.38297],[-76.71937,-12.39312],[-76.72185,-12.39624],[-76.7411,-12.39836],[-76.74807,-12.39664],[-76.75691,-12.40147]]]}},{"type":"Feature","properties":{"ubigeo":"150130","nombre":"San Borja"},"geometry":{"type":"Polygon","coordinates":[[[-76.99359,-12.11128],[-77.00959,-12.11237],[-77.01051,-12.10729],[-77.01205,-12.10011],[-77.00985,-12.08898],[-77.00414,-12.08408],[-76.9873,-12.07993],[-76.98212,-12.085],[-76.97825,-12.11021],[-76.99359,-12.11128]]]}},{"type":"Feature","properties":{"ubigeo":"150131","nombre":"San Isidro"},"geometry":{"type":"Polygon","coordinates":[[[-77.00985,-12.08898],[-77.01205,-12.10011],[-77.01051,-12.10729],[-77.01648,-12.10229],[-77.02736,-12.10285],[-77.03666,-12.11002],[-77.05648,-12.11133],[-77.06092,-12.1082],[-77.0574,-12.09255],[-77.05502,-12.09186],[-77.04866,-12.08511],[-77.04769,-12.09152],[-77.03381,-12.08911],[-77.02284,-12.09081],[-77.00985,-12.08898]]]}},{"type":"Feature","properties":{"ubigeo":"150132","nombre":"San Juan de Lurigancho"},"geometry":{"type":"Polygon","coordinates":[[[-76.9524,-12.02142],[-76.9683,-12.02663],[-76.98117,-12.02548],[-76.99599,-12.02699],[-77.00985,-12.03064],[-77.01286,-12.03728],[-77.02233,-12.02808],[-77.01947,-12.0212],[-77.02225,-12.01021],[-77.03093,-11.9968],[-77.02893,-11.9832],[-77.02828,-11.96068],[-77.0179,-11.94984],[-77.01716,-11.93728],[-77.00554,-11.93004],[-76.99567,-11.91732],[-76.98839,-11.91631],[-76.99054,-11.9073],[-76.98795,-11.89715],[-76.97664,-11.89127],[-76.96211,-11.8729],[-76.95267,-11.86549],[-76.94228,-11.86087],[-76.93677,-11.86918],[-76.93066,-11.87061],[-76.91184,-11.86494],[-76.89609,-11.86413],[-76.8989,-11.88247],[-76.91211,-11.88927],[-76.918,-11.90645],[-76.91827,-11.91966],[-76.91467,-11.92609],[-76.92753,-11.93411],[-76.93137,-11.94217],[-76.9409,-11.95225],[-76.95017,-11.95375],[-76.9535,-11.96944],[-76.9694,-11.99493],[-76.96741,-12.00428],[-76.95626,-12.00981],[-76.9524,-12.02142]]]}},{"type":"Feature","properties":{"ubigeo":"150133","nombre":"San Juan de Miraflores"},"geometry":{"type":"Polygon","coordinates":[[[-76.94079,-12.12216],[-76.94738,-12.13301],[-76.95768,-12.1427],[-76.96188,-12.15483],[-76.95612,-12.15959],[-76.95232,-12.1854],[-76.95852,-12.19245],[-76.9726,-12.1921],[-76.97288,-12.19527],[-76.97705,-12.19452],[-76.98328,-12.1791],[-76.98104,-12.17205],[-76.98624,-12.16767],[-76.98076,-12.13874],[-76.97482,-12.14227],[-76.97457,-12.13489],[-76.9662,-12.12917],[-76.95552,-12.11565],[-76.94775,-12.11754],[-76.94079,-12.12216]]]}},{"type":"Feature","properties":{"ubigeo":"150134","nombre":"San Luis"},"geometry":{"type":"Polygon","coordinates":[[[-76.9873,-12.07993],[-77.00414,-12.08408],[-77.01035,-12.07823],[-76.9963,-12.06831],[-77.0032,-12.06258],[-77.00177,-12.06168],[-76.9978,-12.06083],[-76.98722,-12.06407],[-76.99083,-12.07542],[-76.9873,-12.07993]]]}},{"type":"Feature","properties":{"ubigeo":"150135","nombre":"San Martín de Porres"},"geometry":{"type":"Polygon","coordinates":[[[-77.05301,-12.011],[-77.05067,-12.02221],[-77.04429,-12.02852],[-77.04347,-12.03885],[-77.07218,-12.03437],[-77.08303,-12.03632],[-77.09348,-12.03843],[-77.0963,-12.03364],[-77.08731,-12.01563],[-77.10334,-11.99759],[-77.10713,-11.99931],[-77.1185,-11.99176],[-77.10971,-11.97616],[-77.11593,-11.97068],[-77.12022,-11.95096],[-77.1285,-11.93759],[-77.12076,-11.94502],[-77.09524,-11.94966],[-77.08403,-11.93677],[-77.08609,-11.94741],[-77.08382,-11.96826],[-77.08795,-11.97369],[-77.08328,-11.97662],[-77.08591,-11.9825],[-77.07843,-11.98322],[-77.0847,-11.99669],[-77.07983,-12.01268],[-77.06131,-12.00848],[-77.05301,-12.011]]]}},{"type":"Feature","properties":{"ubigeo":"150136","nombre":"San Miguel"},"geometry":{"type":"Polygon","coordinates":[[[-77.07213,-12.08355],[-77.07825,-12.09672],[-77.0818,-12.09375],[-77.11149,-12.07951],[-77.10606,-12.07422],[-77.10466,-12.06326],[-77.08711,-12.06152],[-77.07913,-12.06021],[-77.0778,-12.06847],[-77.0814,-12.07825],[-77.07213,-12.08355]]]}},{"type":"Feature","properties":{"ubigeo":"150137","nombre":"Santa Anita"},"geometry":{"type":"Polygon","coordinates":[[[-76.95534,-12.02936],[-76.94401,-12.02759],[-76.93783,-12.04376],[-76.97333,-12.05844],[-76.97531,-12.05388],[-76.98651,-12.05617],[-76.99074,-12.0522],[-76.98461,-12.04427],[-76.98815,-12.03955],[-76.97633,-12.0404],[-76.96357,-12.03182],[-76.95534,-12.02936]]]}},{"type":"Feature","properties":{"ubigeo":"150138","nombre":"Santa María del Mar"},"geometry":{"type":"Polygon","coordinates":[[[-76.75343,-12.42883],[-76.76267,-12.41923],[-76.77595,-12.42443],[-76.78007,-12.41706],[-76.77569,-12.4045],[-76.77911,-12.40059],[-76.77065,-12.38712],[-76.75691,-12.40147],[-76.75343,-12.42883]]]}},{"type":"Feature","properties":{"ubigeo":"150139","nombre":"Santa Rosa"},"geometry":{"type":"Polygon","coordinates":[[[-77.18796,-11.82856],[-77.17973,-11.82261],[-77.17678,-11.81586],[-77.17802,-11.80194],[-77.1864,-11.78919],[-77.15827,-11.7811],[-77.13915,-11.80011],[-77.14711,-11.81928],[-77.15695,-11.82581],[-77.17479,-11.82551],[-77.18796,-11.82856]]]}},{"type":"Feature","properties":{"ubigeo":"150140","nombre":"Santiago de Surco"},"geometry":{"type":"Polygon","coordinates":[[[-76.98624,-12.16767],[-76.99044,-12.17297],[-76.99821,-12.16699],[-77.00238,-12.17417],[-77.01379,-12.16656],[-77.00751,-12.1603],[-77.01605,-12.15562],[-77.01838,-12.15261],[-77.01244,-12.14041],[-77.018,-12.1312],[-77.00283,-12.12643],[-76.99359,-12.11128],[-76.97825,-12.11021],[-76.98212,-12.085],[-76.97609,-12.07829],[-76.96962,-12.08348],[-76.96289,-12.07649],[-76.95773,-12.07993],[-76.96095,-12.09167],[-76.95099,-12.10443],[-76.94775,-12.11754],[-76.95552,-12.11565],[-76.9662,-12.12917],[-76.97457,-12.13489],[-76.97482,-12.14227],[-76.98076,-12.13874],[-76.98624,-12.16767]]]}},{"type":"Feature","properties":{"ubigeo":"150141","nombre":"Surquillo"},"geometry":{"type":"Polygon","coordinates":[[[-76.99359,-12.11128],[-77.00283,-12.12643],[-77.0101,-12.11564],[-77.01382,-12.11929],[-77.02592,-12.11916],[-77.02736,-12.10285],[-77.01648,-12.10229],[-77.01051,-12.10729],[-77.00959,-12.11237],[-76.99359,-12.11128]]]}},{"type":"Feature","properties":{"ubigeo":"150142","nombre":"Villa El Salvador"},"geometry":{"type":"Polygon","coordinates":[[[-76.94024,-12.24828],[-76.9759,-12.23075],[-76.97238,-12.22477],[-76.977,-12.21767],[-76.97288,-12.19527],[-76.9726,-12.1921],[-76.95852,-12.19245],[-76.95232,-12.1854],[-76.94219,-12.18258],[-76.923,-12.21325],[-76.91804,-12.22606],[-76.90973,-12.22969],[-76.911,-12.23344],[-76.91468,-12.24825],[-76.92722,-12.24718],[-76.92752,-12.25269],[-76.93821,-12.24538],[-76.94024,-12.24828]]]}},{"type":"Feature","properties":{"ubigeo":"150143","nombre":"Villa María del Triunfo"},"geometry":{"type":"Polygon","coordinates":[[[-76.89095,-12.20776],[-76.88936,-12.2145],[-76.8966,-12.21882],[-76.90708,-12.234],[-76.911,-12.23344],[-76.90973,-12.22969],[-76.91804,-12.22606],[-76.923,-12.21325],[-76.94219,-12.18258],[-76.95232,-12.1854],[-76.95612,-12.15959],[-76.96188,-12.15483],[-76.95768,-12.1427],[-76.94738,-12.13301],[-76.94079,-12.12216],[-76.93072,-12.12322],[-76.92061,-12.11897],[-76.91078,-12.12233],[-76.91241,-12.1276],[-76.90422,-12.13162],[-76.89646,-12.14161],[-76.89553,-12.14734],[-76.88419,-12.15428],[-76.88124,-12.16786],[-76.88551,-12.18728],[-76.89188,-12.19877],[-76.89095,-12.20776]]]}},{"type":"Feature","properties":{"ubigeo":"150201","nombre":"Barranca"},"geometry":{"type":"Polygon","coordinates":[[[-77.68992,-10.75769],[-77.75094,-10.7826],[-77.75585,-10.77543],[-77.76495,-10.77181],[-77.76141,-10.76473],[-77.77201,-10.75118],[-77.79386,-10.73564],[-77.78179,-10.72596],[-77.75856,-10.71096],[-77.71988,-10.68978],[-77.71242,-10.68362],[-77.69455,-10.67454],[-77.67672,-10.66813],[-77.66615,-10.66682],[-77.62338,-10.66579],[-77.60989,-10.66927],[-77.58336,-10.66536],[-77.57419,-10.66269],[-77.57276,-10.68626],[-77.57454,-10.69431],[-77.56314,-10.70943],[-77.5757,-10.71689],[-77.57856,-10.72371],[-77.59269,-10.71213],[-77.6046,-10.70992],[-77.6105,-10.70259],[-77.62858,-10.7119],[-77.64032,-10.72454],[-77.65314,-10.7236],[-77.65593,-10.72912],[-77.66322,-10.73129],[-77.66699,-10.74025],[-77.66424,-10.74608],[-77.66647,-10.7565],[-77.67293,-10.75911],[-77.67947,-10.75377],[-77.68992,-10.75769]]]}},{"type":"Feature","properties":{"ubigeo":"150202","nombre":"Paramonga"},"geometry":{"type":"Polygon","coordinates":[[[-77.59937,-10.38333],[-77.62323,-10.40546],[-77.63456,-10.41227],[-77.6453,-10.40866],[-77.65474,-10.41724],[-77.66303,-10.41833],[-77.66578,-10.42712],[-77.67666,-10.43192],[-77.68392,-10.43139],[-77.68883,-10.43861],[-77.68739,-10.45197],[-77.69412,-10.46358],[-77.7012,-10.46858],[-77.70734,-10.48906],[-77.71241,-10.49165],[-77.70941,-10.5004],[-77.71189,-10.50507],[-77.72119,-10.50408],[-77.72188,-10.51189],[-77.73794,-10.52079],[-77.74462,-10.53227],[-77.74296,-10.54624],[-77.74646,-10.55154],[-77.74479,-10.56078],[-77.73634,-10.5684],[-77.74363,-10.58006],[-77.73792,-10.59688],[-77.73259,-10.60458],[-77.72608,-10.6233],[-77.73362,-10.62904],[-77.74868,-10.63289],[-77.75927,-10.63933],[-77.76261,-10.64515],[-77.76911,-10.64229],[-77.78494,-10.64498],[-77.78217,-10.64851],[-77.7834,-10.6655],[-77.79765,-10.67528],[-77.80336,-10.68766],[-77.81648,-10.69372],[-77.83824,-10.67398],[-77.8592,-10.64999],[-77.86453,-10.64019],[-77.87905,-10.62314],[-77.88628,-10.61196],[-77.86861,-10.5965],[-77.85714,-10.5787],[-77.84713,-10.57438],[-77.83969,-10.56792],[-77.83217,-10.56735],[-77.81835,-10.58044],[-77.79968,-10.58532],[-77.7911,-10.5838],[-77.785,-10.57204],[-77.77587,-10.57535],[-77.77138,-10.57161],[-77.77427,-10.55401],[-77.77174,-10.53776],[-77.77244,-10.51248],[-77.78106,-10.50726],[-77.78644,-10.48892],[-77.79618,-10.48329],[-77.79832,-10.47612],[-77.7901,-10.46764],[-77.78962,-10.45962],[-77.78159,-10.45441],[-77.77452,-10.44473],[-77.76389,-10.43771],[-77.76786,-10.42879],[-77.76021,-10.43022],[-77.75816,-10.41683],[-77.74987,-10.4068],[-77.75562,-10.384],[-77.75213,-10.37286],[-77.75704,-10.34422],[-77.75393,-10.33334],[-77.75636,-10.32812],[-77.75251,-10.3219],[-77.74624,-10.32438],[-77.74038,-10.3207],[-77.73536,-10.32351],[-77.71738,-10.32249],[-77.70434,-10.32527],[-77.69875,-10.3221],[-77.69239,-10.3209],[-77.67717,-10.32822],[-77.66691,-10.33895],[-77.6492,-10.34347],[-77.63166,-10.32221],[-77.61943,-10.32783],[-77.61704,-10.33628],[-77.60036,-10.36001],[-77.59774,-10.36642],[-77.59937,-10.38333]]]}},{"type":"Feature","properties":{"ubigeo":"150203","nombre":"Pativilca"},"geometry":{"type":"Polygon","coordinates":[[[-77.57419,-10.66269],[-77.58336,-10.66536],[-77.60989,-10.66927],[-77.62338,-10.66579],[-77.66615,-10.66682],[-77.67672,-10.66813],[-77.69455,-10.67454],[-77.71242,-10.68362],[-77.71988,-10.68978],[-77.75856,-10.71096],[-77.78179,-10.72596],[-77.79386,-10.73564],[-77.80403,-10.72595],[-77.80662,-10.70781],[-77.81648,-10.69372],[-77.80336,-10.68766],[-77.79765,-10.67528],[-77.7834,-10.6655],[-77.78217,-10.64851],[-77.78494,-10.64498],[-77.76911,-10.64229],[-77.76261,-10.64515],[-77.75927,-10.63933],[-77.74868,-10.63289],[-77.73362,-10.62904],[-77.72608,-10.6233],[-77.73259,-10.60458],[-77.73792,-10.59688],[-77.74363,-10.58006],[-77.73634,-10.5684],[-77.73181,-10.56622],[-77.72756,-10.55271],[-77.71573,-10.55969],[-77.71008,-10.56017],[-77.7083,-10.54744],[-77.68778,-10.5373],[-77.67615,-10.53764],[-77.67017,-10.54098],[-77.6635,-10.53331],[-77.65139,-10.53013],[-77.64108,-10.51385],[-77.6353,-10.51629],[-77.62474,-10.50203],[-77.62023,-10.50571],[-77.61441,-10.50327],[-77.60132,-10.5093],[-77.59965,-10.51745],[-77.61224,-10.52098],[-77.61633,-10.52467],[-77.61287,-10.53818],[-77.61458,-10.54639],[-77.62107,-10.54816],[-77.63123,-10.56012],[-77.63821,-10.56303],[-77.63949,-10.57765],[-77.64534,-10.58286],[-77.63816,-10.6029],[-77.62847,-10.61121],[-77.61951,-10.61425],[-77.61794,-10.60011],[-77.60706,-10.59441],[-77.59599,-10.58541],[-77.57665,-10.58375],[-77.57326,-10.59292],[-77.57412,-10.61466],[-77.58266,-10.62185],[-77.58297,-10.63893],[-77.58923,-10.64558],[-77.57622,-10.65736],[-77.57419,-10.66269]]]}},{"type":"Feature","properties":{"ubigeo":"150204","nombre":"Supe"},"geometry":{"type":"Polygon","coordinates":[[[-77.38566,-10.70779],[-77.37314,-10.71512],[-77.3655,-10.71441],[-77.37355,-10.73022],[-77.38499,-10.74022],[-77.38674,-10.75274],[-77.3945,-10.75572],[-77.40249,-10.76798],[-77.4163,-10.76531],[-77.42568,-10.7687],[-77.43151,-10.78975],[-77.43878,-10.80298],[-77.44679,-10.80168],[-77.45815,-10.80996],[-77.46222,-10.87007],[-77.44429,-10.9161],[-77.47826,-10.91861],[-77.52571,-10.93198],[-77.54672,-10.89286],[-77.56139,-10.8784],[-77.58592,-10.87313],[-77.59176,-10.86835],[-77.59313,-10.86177],[-77.59953,-10.86003],[-77.61483,-10.86812],[-77.62032,-10.86531],[-77.62832,-10.87069],[-77.64189,-10.87229],[-77.64784,-10.86471],[-77.66042,-10.86677],[-77.70152,-10.88612],[-77.702,-10.87529],[-77.70706,-10.8733],[-77.70793,-10.86427],[-77.70366,-10.85773],[-77.71071,-10.848],[-77.72279,-10.83665],[-77.74281,-10.82192],[-77.75086,-10.8187],[-77.70393,-10.77943],[-77.69781,-10.77615],[-77.68992,-10.75769],[-77.67947,-10.75377],[-77.67293,-10.75911],[-77.66647,-10.7565],[-77.66424,-10.74608],[-77.66699,-10.74025],[-77.66322,-10.73129],[-77.65593,-10.72912],[-77.65314,-10.7236],[-77.64032,-10.72454],[-77.62858,-10.7119],[-77.6105,-10.70259],[-77.6046,-10.70992],[-77.59269,-10.71213],[-77.57856,-10.72371],[-77.57717,-10.72857],[-77.58469,-10.74145],[-77.5888,-10.75768],[-77.58521,-10.76419],[-77.59207,-10.77522],[-77.59119,-10.78645],[-77.57371,-10.7747],[-77.5511,-10.75225],[-77.54293,-10.75084],[-77.52657,-10.73629],[-77.51228,-10.73395],[-77.50429,-10.73601],[-77.49496,-10.7461],[-77.47111,-10.74187],[-77.46496,-10.73629],[-77.45988,-10.73709],[-77.45265,-10.72893],[-77.43614,-10.72364],[-77.42506,-10.7297],[-77.41543,-10.72998],[-77.39439,-10.71678],[-77.38566,-10.70779]]]}},{"type":"Feature","properties":{"ubigeo":"150205","nombre":"Supe Puerto"},"geometry":{"type":"Polygon","coordinates":[[[-77.75094,-10.7826],[-77.68992,-10.75769],[-77.69781,-10.77615],[-77.70393,-10.77943],[-77.75086,-10.8187],[-77.74833,-10.81215],[-77.75458,-10.80393],[-77.74481,-10.79971],[-77.74404,-10.79454],[-77.75094,-10.7826]]]}},{"type":"Feature","properties":{"ubigeo":"150301","nombre":"Cajatambo"},"geometry":{"type":"Polygon","coordinates":[[[-76.7999,-10.41913],[-76.80951,-10.4236],[-76.82817,-10.42898],[-76.82652,-10.44135],[-76.82913,-10.44523],[-76.82327,-10.46928],[-76.82341,-10.48354],[-76.83375,-10.48262],[-76.84064,-10.47358],[-76.84976,-10.47956],[-76.8572,-10.49336],[-76.8548,-10.5064],[-76.85943,-10.5082],[-76.85595,-10.51782],[-76.85803,-10.54072],[-76.85462,-10.54672],[-76.86101,-10.54987],[-76.86598,-10.55791],[-76.8589,-10.56231],[-76.85854,-10.56889],[-76.86371,-10.57467],[-76.86503,-10.5845],[-76.8707,-10.57884],[-76.86832,-10.57076],[-76.87501,-10.56139],[-76.89422,-10.56125],[-76.90178,-10.5587],[-76.91359,-10.56091],[-76.91769,-10.56917],[-76.92412,-10.56989],[-76.93109,-10.58208],[-76.938,-10.58502],[-76.94266,-10.56956],[-76.95759,-10.5619],[-76.97086,-10.56969],[-76.9826,-10.56278],[-76.99537,-10.56481],[-76.99706,-10.56858],[-77.01099,-10.56947],[-77.02567,-10.55332],[-77.02852,-10.54679],[-77.03665,-10.54362],[-77.04452,-10.52396],[-77.04341,-10.5188],[-77.03421,-10.50905],[-77.02698,-10.50753],[-77.02915,-10.49481],[-77.04338,-10.48709],[-77.05647,-10.48816],[-77.08088,-10.48555],[-77.08253,-10.47946],[-77.09097,-10.46758],[-77.10287,-10.46386],[-77.0868,-10.45168],[-77.07985,-10.43222],[-77.07181,-10.41843],[-77.06042,-10.408],[-77.03275,-10.38977],[-77.02558,-10.38953],[-77.02045,-10.37542],[-77.01616,-10.36996],[-76.99774,-10.358],[-76.97383,-10.35677],[-76.96401,-10.35917],[-76.95552,-10.35596],[-76.92532,-10.35308],[-76.90578,-10.34537],[-76.89589,-10.33028],[-76.8955,-10.31645],[-76.89225,-10.31381],[-76.89451,-10.30433],[-76.88137,-10.30851],[-76.87493,-10.32022],[-76.87226,-10.33478],[-76.86917,-10.33814],[-76.87549,-10.34277],[-76.863,-10.36619],[-76.86585,-10.37484],[-76.85639,-10.37727],[-76.84449,-10.37006],[-76.8405,-10.36333],[-76.83921,-10.37311],[-76.83167,-10.39307],[-76.80568,-10.3923],[-76.807,-10.40216],[-76.7999,-10.41913]]]}},{"type":"Feature","properties":{"ubigeo":"150302","nombre":"Copa"},"geometry":{"type":"Polygon","coordinates":[[[-77.10287,-10.46386],[-77.10642,-10.47046],[-77.11425,-10.47171],[-77.12248,-10.46839],[-77.13024,-10.47029],[-77.14177,-10.46724],[-77.14594,-10.47221],[-77.15223,-10.47041],[-77.17091,-10.47617],[-77.17603,-10.4831],[-77.17462,-10.4646],[-77.16522,-10.45738],[-77.15002,-10.45109],[-77.14476,-10.44385],[-77.13824,-10.42647],[-77.12829,-10.42121],[-77.11655,-10.40635],[-77.11099,-10.40334],[-77.11088,-10.39209],[-77.0902,-10.37263],[-77.089,-10.36014],[-77.08077,-10.35768],[-77.07391,-10.34771],[-77.07161,-10.3381],[-77.06233,-10.33463],[-77.05328,-10.33984],[-77.04617,-10.33463],[-77.03399,-10.33254],[-77.02471,-10.32753],[-77.0091,-10.30777],[-77.00767,-10.28654],[-77.0023,-10.28192],[-76.99948,-10.28989],[-76.98985,-10.29585],[-76.97991,-10.29706],[-76.97485,-10.30383],[-76.96545,-10.30538],[-76.96227,-10.29721],[-76.95116,-10.28893],[-76.94293,-10.28752],[-76.93812,-10.2797],[-76.92086,-10.27543],[-76.91684,-10.27808],[-76.90625,-10.27419],[-76.90079,-10.28532],[-76.89102,-10.29474],[-76.89451,-10.30433],[-76.89225,-10.31381],[-76.8955,-10.31645],[-76.89589,-10.33028],[-76.90578,-10.34537],[-76.92532,-10.35308],[-76.95552,-10.35596],[-76.96401,-10.35917],[-76.97383,-10.35677],[-76.99774,-10.358],[-77.01616,-10.36996],[-77.02045,-10.37542],[-77.02558,-10.38953],[-77.03275,-10.38977],[-77.06042,-10.408],[-77.07181,-10.41843],[-77.07985,-10.43222],[-77.0868,-10.45168],[-77.10287,-10.46386]]]}},{"type":"Feature","properties":{"ubigeo":"150303","nombre":"Gorgor"},"geometry":{"type":"Polygon","coordinates":[[[-76.86503,-10.5845],[-76.85942,-10.59565],[-76.86293,-10.60143],[-76.86331,-10.62182],[-76.86851,-10.63317],[-76.8732,-10.63496],[-76.87947,-10.65622],[-76.89074,-10.65442],[-76.89482,-10.66515],[-76.90593,-10.66744],[-76.90887,-10.66715],[-76.92418,-10.68357],[-76.93718,-10.68546],[-76.93819,-10.69092],[-76.95285,-10.69749],[-76.96025,-10.68765],[-76.97361,-10.68222],[-76.99345,-10.68076],[-77.00768,-10.68889],[-77.01097,-10.69599],[-77.0167,-10.69108],[-77.02459,-10.6786],[-77.04042,-10.67794],[-77.04833,-10.6799],[-77.05509,-10.69138],[-77.06588,-10.68793],[-77.06653,-10.67912],[-77.08437,-10.66675],[-77.09285,-10.66649],[-77.09432,-10.67075],[-77.10321,-10.67288],[-77.1092,-10.6656],[-77.11729,-10.66267],[-77.12272,-10.64896],[-77.12596,-10.64695],[-77.1223,-10.63523],[-77.11506,-10.62825],[-77.10891,-10.61335],[-77.10985,-10.6078],[-77.10506,-10.59533],[-77.10675,-10.58563],[-77.09904,-10.57954],[-77.08138,-10.57361],[-77.06872,-10.56522],[-77.06287,-10.55699],[-77.05707,-10.55528],[-77.04349,-10.54261],[-77.03665,-10.54362],[-77.02852,-10.54679],[-77.02567,-10.55332],[-77.01099,-10.56947],[-76.99706,-10.56858],[-76.99537,-10.56481],[-76.9826,-10.56278],[-76.97086,-10.56969],[-76.95759,-10.5619],[-76.94266,-10.56956],[-76.938,-10.58502],[-76.93109,-10.58208],[-76.92412,-10.56989],[-76.91769,-10.56917],[-76.91359,-10.56091],[-76.90178,-10.5587],[-76.89422,-10.56125],[-76.87501,-10.56139],[-76.86832,-10.57076],[-76.8707,-10.57884],[-76.86503,-10.5845]]]}},{"type":"Feature","properties":{"ubigeo":"150304","nombre":"Huancapon"},"geometry":{"type":"Polygon","coordinates":[[[-77.10675,-10.58563],[-77.12916,-10.57952],[-77.14046,-10.57231],[-77.14953,-10.5558],[-77.16884,-10.55103],[-77.18293,-10.54267],[-77.18881,-10.54222],[-77.18059,-10.53331],[-77.1811,-10.52389],[-77.17083,-10.5173],[-77.16682,-10.50413],[-77.17105,-10.48711],[-77.17603,-10.4831],[-77.17091,-10.47617],[-77.15223,-10.47041],[-77.14594,-10.47221],[-77.14177,-10.46724],[-77.13024,-10.47029],[-77.12248,-10.46839],[-77.11425,-10.47171],[-77.10642,-10.47046],[-77.10287,-10.46386],[-77.09097,-10.46758],[-77.08253,-10.47946],[-77.08088,-10.48555],[-77.05647,-10.48816],[-77.04338,-10.48709],[-77.02915,-10.49481],[-77.02698,-10.50753],[-77.03421,-10.50905],[-77.04341,-10.5188],[-77.04452,-10.52396],[-77.03665,-10.54362],[-77.04349,-10.54261],[-77.05707,-10.55528],[-77.06287,-10.55699],[-77.06872,-10.56522],[-77.08138,-10.57361],[-77.09904,-10.57954],[-77.10675,-10.58563]]]}},{"type":"Feature","properties":{"ubigeo":"150305","nombre":"Manas"},"geometry":{"type":"Polygon","coordinates":[[[-77.12596,-10.64695],[-77.13778,-10.64688],[-77.14115,-10.65475],[-77.15301,-10.66743],[-77.17482,-10.67051],[-77.17748,-10.67725],[-77.18789,-10.67859],[-77.19723,-10.68683],[-77.20549,-10.68039],[-77.21531,-10.67721],[-77.22163,-10.68167],[-77.24682,-10.68334],[-77.26089,-10.67242],[-77.26727,-10.67297],[-77.29433,-10.66039],[-77.30018,-10.65975],[-77.30409,-10.64778],[-77.31412,-10.64133],[-77.31881,-10.63216],[-77.32946,-10.61805],[-77.3447,-10.60798],[-77.34247,-10.60102],[-77.33438,-10.59421],[-77.32753,-10.5941],[-77.32051,-10.58792],[-77.31063,-10.56769],[-77.29011,-10.55607],[-77.27776,-10.55628],[-77.27082,-10.56061],[-77.26726,-10.55054],[-77.25187,-10.54524],[-77.24215,-10.54769],[-77.23677,-10.54481],[-77.22527,-10.54616],[-77.21406,-10.55436],[-77.19698,-10.55494],[-77.19099,-10.55213],[-77.18881,-10.54222],[-77.18293,-10.54267],[-77.16884,-10.55103],[-77.14953,-10.5558],[-77.14046,-10.57231],[-77.12916,-10.57952],[-77.10675,-10.58563],[-77.10506,-10.59533],[-77.10985,-10.6078],[-77.10891,-10.61335],[-77.11506,-10.62825],[-77.1223,-10.63523],[-77.12596,-10.64695]]]}},{"type":"Feature","properties":{"ubigeo":"150401","nombre":"Canta"},"geometry":{"type":"Polygon","coordinates":[[[-76.54497,-11.52217],[-76.55023,-11.50996],[-76.55396,-11.50836],[-76.56333,-11.51642],[-76.57023,-11.51313],[-76.59065,-11.51306],[-76.60374,-11.5196],[-76.61593,-11.52056],[-76.62754,-11.527],[-76.63517,-11.53995],[-76.64658,-11.52877],[-76.64938,-11.52315],[-76.6592,-11.51488],[-76.67268,-11.50837],[-76.66826,-11.50155],[-76.65242,-11.50094],[-76.65176,-11.49564],[-76.63399,-11.47482],[-76.63261,-11.46365],[-76.61507,-11.44802],[-76.61591,-11.44324],[-76.60534,-11.42814],[-76.59632,-11.42177],[-76.59109,-11.41293],[-76.57379,-11.41386],[-76.54667,-11.40567],[-76.54591,-11.41472],[-76.55035,-11.43144],[-76.54156,-11.45185],[-76.53026,-11.45441],[-76.51872,-11.44963],[-76.50996,-11.45514],[-76.50269,-11.46615],[-76.50402,-11.47763],[-76.51293,-11.48914],[-76.52469,-11.49414],[-76.53011,-11.51228],[-76.54292,-11.51749],[-76.54497,-11.52217]]]}},{"type":"Feature","properties":{"ubigeo":"150402","nombre":"Arahuay"},"geometry":{"type":"Polygon","coordinates":[[[-76.55957,-11.5943],[-76.55796,-11.60915],[-76.56036,-11.61372],[-76.57528,-11.6211],[-76.57454,-11.63244],[-76.59985,-11.63731],[-76.61586,-11.65275],[-76.63042,-11.6532],[-76.64535,-11.6601],[-76.65745,-11.65743],[-76.66549,-11.65877],[-76.6794,-11.67103],[-76.68829,-11.67173],[-76.70737,-11.69131],[-76.71827,-11.69515],[-76.72729,-11.69398],[-76.74005,-11.69812],[-76.7497,-11.71205],[-76.75417,-11.7105],[-76.76306,-11.68873],[-76.75487,-11.67261],[-76.75565,-11.65246],[-76.74852,-11.63532],[-76.74182,-11.6356],[-76.73293,-11.63098],[-76.7252,-11.61926],[-76.70571,-11.61249],[-76.69821,-11.60092],[-76.68639,-11.59457],[-76.67764,-11.59414],[-76.67129,-11.58998],[-76.66706,-11.59266],[-76.66187,-11.60475],[-76.65911,-11.60078],[-76.64762,-11.60188],[-76.63535,-11.60901],[-76.62818,-11.60477],[-76.61701,-11.60615],[-76.60582,-11.60446],[-76.58541,-11.59736],[-76.57781,-11.60029],[-76.55957,-11.5943]]]}},{"type":"Feature","properties":{"ubigeo":"150403","nombre":"Huamantanga"},"geometry":{"type":"Polygon","coordinates":[[[-76.70997,-11.54154],[-76.71671,-11.5579],[-76.72745,-11.56794],[-76.72777,-11.57356],[-76.73962,-11.57696],[-76.74896,-11.58461],[-76.75417,-11.58534],[-76.78179,-11.56028],[-76.79332,-11.55964],[-76.7977,-11.59109],[-76.80241,-11.596],[-76.80113,-11.60326],[-76.80795,-11.62088],[-76.81457,-11.61841],[-76.82377,-11.62008],[-76.82981,-11.62706],[-76.85489,-11.63116],[-76.8701,-11.64471],[-76.88768,-11.65141],[-76.89343,-11.64911],[-76.89467,-11.64269],[-76.90102,-11.64],[-76.9269,-11.63958],[-76.93402,-11.65011],[-76.93779,-11.66571],[-76.94283,-11.66748],[-76.95067,-11.67721],[-76.97461,-11.6781],[-76.97608,-11.68538],[-76.98852,-11.68433],[-76.99476,-11.68644],[-77.00803,-11.685],[-77.01392,-11.68062],[-77.02494,-11.681],[-77.02463,-11.6766],[-77.0351,-11.65142],[-77.02925,-11.644],[-77.01651,-11.63356],[-77.01451,-11.62284],[-77.00498,-11.61341],[-77.00387,-11.60413],[-76.99832,-11.59748],[-76.9808,-11.59723],[-76.96483,-11.58497],[-76.95306,-11.58414],[-76.94454,-11.57476],[-76.94396,-11.56276],[-76.93757,-11.55023],[-76.92547,-11.55861],[-76.90429,-11.54459],[-76.89438,-11.53454],[-76.87471,-11.5378],[-76.85909,-11.50834],[-76.86212,-11.50206],[-76.87619,-11.4992],[-76.88238,-11.49184],[-76.89225,-11.49219],[-76.89654,-11.47773],[-76.89273,-11.47003],[-76.89372,-11.4615],[-76.88497,-11.46537],[-76.85611,-11.46782],[-76.83951,-11.45944],[-76.83472,-11.45363],[-76.81044,-11.44218],[-76.8057,-11.43336],[-76.78937,-11.42896],[-76.77601,-11.42161],[-76.76828,-11.42045],[-76.75649,-11.42794],[-76.73958,-11.42637],[-76.72937,-11.43364],[-76.71899,-11.43468],[-76.70602,-11.42374],[-76.69457,-11.42933],[-76.67952,-11.44001],[-76.6782,-11.44704],[-76.68148,-11.4555],[-76.69372,-11.46384],[-76.7044,-11.48378],[-76.70413,-11.49373],[-76.71282,-11.50726],[-76.7081,-11.51119],[-76.71105,-11.52773],[-76.70997,-11.54154]]]}},{"type":"Feature","properties":{"ubigeo":"150404","nombre":"Huaros"},"geometry":{"type":"Polygon","coordinates":[[[-76.37684,-11.50149],[-76.39319,-11.49982],[-76.40059,-11.50717],[-76.41216,-11.4996],[-76.4141,-11.49238],[-76.4369,-11.4873],[-76.44978,-11.46721],[-76.45674,-11.46243],[-76.46932,-11.46065],[-76.47533,-11.46708],[-76.48428,-11.45877],[-76.49498,-11.45823],[-76.50269,-11.46615],[-76.50996,-11.45514],[-76.51872,-11.44963],[-76.53026,-11.45441],[-76.54156,-11.45185],[-76.55035,-11.43144],[-76.54591,-11.41472],[-76.54667,-11.40567],[-76.57379,-11.41386],[-76.59109,-11.41293],[-76.59632,-11.42177],[-76.60534,-11.42814],[-76.61591,-11.44324],[-76.63127,-11.43323],[-76.64046,-11.41457],[-76.639,-11.39728],[-76.62898,-11.39128],[-76.63016,-11.38018],[-76.62457,-11.378],[-76.62352,-11.36879],[-76.63106,-11.35366],[-76.61423,-11.34847],[-76.60482,-11.34901],[-76.59858,-11.34313],[-76.59818,-11.32658],[-76.57869,-11.31268],[-76.57338,-11.31725],[-76.55567,-11.31885],[-76.54607,-11.31609],[-76.53966,-11.32119],[-76.53369,-11.333],[-76.52618,-11.33449],[-76.51572,-11.32722],[-76.50876,-11.32815],[-76.49176,-11.34185],[-76.48348,-11.34442],[-76.45702,-11.33443],[-76.45097,-11.3439],[-76.44336,-11.34728],[-76.43175,-11.34556],[-76.42268,-11.35486],[-76.4204,-11.37366],[-76.41411,-11.37955],[-76.40142,-11.40285],[-76.40429,-11.40923],[-76.41183,-11.4146],[-76.39434,-11.44501],[-76.37741,-11.44422],[-76.37484,-11.4642],[-76.37151,-11.47552],[-76.38102,-11.48634],[-76.37684,-11.50149]]]}},{"type":"Feature","properties":{"ubigeo":"150405","nombre":"Lachaqui"},"geometry":{"type":"Polygon","coordinates":[[[-76.55957,-11.5943],[-76.57781,-11.60029],[-76.58541,-11.59736],[-76.60582,-11.60446],[-76.61701,-11.60615],[-76.62818,-11.60477],[-76.63535,-11.60901],[-76.64762,-11.60188],[-76.65911,-11.60078],[-76.65081,-11.58248],[-76.64387,-11.58182],[-76.64824,-11.56851],[-76.65692,-11.56562],[-76.66022,-11.55388],[-76.67145,-11.55721],[-76.68804,-11.5556],[-76.69854,-11.55677],[-76.70522,-11.55429],[-76.70997,-11.54154],[-76.70292,-11.53884],[-76.6896,-11.52846],[-76.68838,-11.52306],[-76.67268,-11.50837],[-76.6592,-11.51488],[-76.64938,-11.52315],[-76.64658,-11.52877],[-76.63517,-11.53995],[-76.62754,-11.527],[-76.61593,-11.52056],[-76.60374,-11.5196],[-76.59065,-11.51306],[-76.57023,-11.51313],[-76.56333,-11.51642],[-76.55396,-11.50836],[-76.55023,-11.50996],[-76.54497,-11.52217],[-76.5424,-11.52597],[-76.5455,-11.53568],[-76.53611,-11.55909],[-76.54197,-11.5688],[-76.54748,-11.5703],[-76.55957,-11.5943]]]}},{"type":"Feature","properties":{"ubigeo":"150406","nombre":"San Buenaventura"},"geometry":{"type":"Polygon","coordinates":[[[-76.61591,-11.44324],[-76.61507,-11.44802],[-76.63261,-11.46365],[-76.63399,-11.47482],[-76.65176,-11.49564],[-76.65242,-11.50094],[-76.66826,-11.50155],[-76.67268,-11.50837],[-76.68838,-11.52306],[-76.6896,-11.52846],[-76.70292,-11.53884],[-76.70997,-11.54154],[-76.71105,-11.52773],[-76.7081,-11.51119],[-76.71282,-11.50726],[-76.70413,-11.49373],[-76.7044,-11.48378],[-76.69372,-11.46384],[-76.68148,-11.4555],[-76.6782,-11.44704],[-76.67952,-11.44001],[-76.69457,-11.42933],[-76.68836,-11.41782],[-76.6848,-11.41573],[-76.67821,-11.39644],[-76.67069,-11.39443],[-76.6672,-11.3847],[-76.67014,-11.37601],[-76.66727,-11.35664],[-76.66795,-11.34601],[-76.65289,-11.34806],[-76.63818,-11.34463],[-76.63106,-11.35366],[-76.62352,-11.36879],[-76.62457,-11.378],[-76.63016,-11.38018],[-76.62898,-11.39128],[-76.639,-11.39728],[-76.64046,-11.41457],[-76.63127,-11.43323],[-76.61591,-11.44324]]]}},{"type":"Feature","properties":{"ubigeo":"150407","nombre":"Santa Rosa de Quives"},"geometry":{"type":"Polygon","coordinates":[[[-76.7497,-11.71205],[-76.7506,-11.72768],[-76.75339,-11.73153],[-76.77668,-11.74],[-76.79587,-11.75263],[-76.80487,-11.75587],[-76.81826,-11.74782],[-76.8273,-11.74768],[-76.83382,-11.74376],[-76.8527,-11.74865],[-76.86775,-11.74747],[-76.87544,-11.74357],[-76.88081,-11.73217],[-76.88496,-11.73483],[-76.90268,-11.72878],[-76.91447,-11.73217],[-76.91565,-11.74516],[-76.93329,-11.75639],[-76.94052,-11.75059],[-76.95098,-11.74714],[-76.95508,-11.73687],[-76.96004,-11.73437],[-76.97361,-11.73609],[-76.97367,-11.74798],[-76.98528,-11.7463],[-76.99678,-11.75236],[-77.011,-11.75107],[-77.03245,-11.74079],[-77.03224,-11.73755],[-77.04347,-11.71247],[-77.03424,-11.71007],[-77.02599,-11.69939],[-77.02494,-11.681],[-77.01392,-11.68062],[-77.00803,-11.685],[-76.99476,-11.68644],[-76.98852,-11.68433],[-76.97608,-11.68538],[-76.97461,-11.6781],[-76.95067,-11.67721],[-76.94283,-11.66748],[-76.93779,-11.66571],[-76.93402,-11.65011],[-76.9269,-11.63958],[-76.90102,-11.64],[-76.89467,-11.64269],[-76.89343,-11.64911],[-76.88768,-11.65141],[-76.8701,-11.64471],[-76.85489,-11.63116],[-76.82981,-11.62706],[-76.82377,-11.62008],[-76.81457,-11.61841],[-76.80795,-11.62088],[-76.80113,-11.60326],[-76.80241,-11.596],[-76.7977,-11.59109],[-76.79332,-11.55964],[-76.78179,-11.56028],[-76.75417,-11.58534],[-76.74896,-11.58461],[-76.73962,-11.57696],[-76.72777,-11.57356],[-76.72745,-11.56794],[-76.71671,-11.5579],[-76.70997,-11.54154],[-76.70522,-11.55429],[-76.69854,-11.55677],[-76.68804,-11.5556],[-76.67145,-11.55721],[-76.66022,-11.55388],[-76.65692,-11.56562],[-76.64824,-11.56851],[-76.64387,-11.58182],[-76.65081,-11.58248],[-76.65911,-11.60078],[-76.66187,-11.60475],[-76.66706,-11.59266],[-76.67129,-11.58998],[-76.67764,-11.59414],[-76.68639,-11.59457],[-76.69821,-11.60092],[-76.70571,-11.61249],[-76.7252,-11.61926],[-76.73293,-11.63098],[-76.74182,-11.6356],[-76.74852,-11.63532],[-76.75565,-11.65246],[-76.75487,-11.67261],[-76.76306,-11.68873],[-76.75417,-11.7105],[-76.7497,-11.71205]]]}},{"type":"Feature","properties":{"ubigeo":"150501","nombre":"San Vicente de Cañete"},"geometry":{"type":"Polygon","coordinates":[[[-76.2506,-13.09489],[-76.24205,-13.10039],[-76.23067,-13.1023],[-76.21253,-13.09921],[-76.20025,-13.10709],[-76.18835,-13.10188],[-76.17715,-13.09401],[-76.16324,-13.0902],[-76.14563,-13.10417],[-76.1381,-13.1048],[-76.12661,-13.09601],[-76.11927,-13.10159],[-76.11469,-13.11366],[-76.11465,-13.12593],[-76.10961,-13.12607],[-76.1012,-13.13378],[-76.08512,-13.13902],[-76.09582,-13.14722],[-76.09962,-13.15421],[-76.11452,-13.16513],[-76.12847,-13.17754],[-76.13974,-13.18017],[-76.15525,-13.1922],[-76.16223,-13.21847],[-76.17187,-13.24279],[-76.18583,-13.25933],[-76.18878,-13.26977],[-76.19979,-13.2959],[-76.20732,-13.3061],[-76.23373,-13.3158],[-76.24479,-13.32351],[-76.25445,-13.30879],[-76.28406,-13.27215],[-76.2985,-13.25716],[-76.32317,-13.22936],[-76.34743,-13.19958],[-76.35555,-13.19164],[-76.36135,-13.17778],[-76.385,-13.15141],[-76.39132,-13.14578],[-76.39299,-13.13818],[-76.41488,-13.11449],[-76.43815,-13.08652],[-76.4054,-13.07314],[-76.38933,-13.06011],[-76.38448,-13.06451],[-76.36717,-13.05689],[-76.34355,-13.06783],[-76.34264,-13.08246],[-76.34749,-13.09233],[-76.34611,-13.10126],[-76.33697,-13.10206],[-76.31211,-13.10063],[-76.2824,-13.09231],[-76.25486,-13.09636],[-76.2506,-13.09489]]]}},{"type":"Feature","properties":{"ubigeo":"150502","nombre":"Asia"},"geometry":{"type":"Polygon","coordinates":[[[-76.42893,-12.8808],[-76.44693,-12.88047],[-76.45325,-12.88737],[-76.46711,-12.89639],[-76.47146,-12.89664],[-76.50644,-12.92362],[-76.51803,-12.87084],[-76.51543,-12.86034],[-76.51948,-12.85045],[-76.52986,-12.83967],[-76.54975,-12.82553],[-76.55992,-12.82085],[-76.56024,-12.81121],[-76.56761,-12.80315],[-76.59944,-12.78162],[-76.60918,-12.77774],[-76.61158,-12.76921],[-76.62248,-12.75524],[-76.63568,-12.74334],[-76.63669,-12.73639],[-76.62998,-12.72718],[-76.63008,-12.72178],[-76.61678,-12.72546],[-76.61504,-12.73284],[-76.60459,-12.73705],[-76.59271,-12.72975],[-76.59749,-12.72167],[-76.58321,-12.71429],[-76.57255,-12.7008],[-76.57209,-12.69366],[-76.56461,-12.68379],[-76.56049,-12.68464],[-76.55577,-12.69832],[-76.54176,-12.69388],[-76.52827,-12.69992],[-76.51724,-12.70151],[-76.50923,-12.71225],[-76.50847,-12.71982],[-76.51297,-12.72695],[-76.50669,-12.7302],[-76.51086,-12.74529],[-76.50178,-12.76837],[-76.48464,-12.77256],[-76.47859,-12.76892],[-76.45102,-12.77601],[-76.42603,-12.77415],[-76.40212,-12.7694],[-76.40088,-12.77839],[-76.40498,-12.79276],[-76.4125,-12.80303],[-76.41025,-12.81296],[-76.42121,-12.83267],[-76.42793,-12.84083],[-76.42515,-12.85531],[-76.42893,-12.8808]]]}},{"type":"Feature","properties":{"ubigeo":"150503","nombre":"Calango"},"geometry":{"type":"Polygon","coordinates":[[[-76.31548,-12.42281],[-76.31355,-12.43062],[-76.32187,-12.4438],[-76.33096,-12.44164],[-76.331,-12.44999],[-76.33681,-12.45699],[-76.33935,-12.4676],[-76.33671,-12.4839],[-76.34012,-12.49451],[-76.34838,-12.50783],[-76.35212,-12.52002],[-76.36749,-12.5326],[-76.37821,-12.53961],[-76.38098,-12.54735],[-76.38856,-12.55702],[-76.38791,-12.56314],[-76.39297,-12.58028],[-76.39956,-12.58081],[-76.40922,-12.58821],[-76.42619,-12.57879],[-76.45162,-12.58652],[-76.46314,-12.58655],[-76.47916,-12.56965],[-76.49618,-12.572],[-76.50749,-12.57828],[-76.51511,-12.58633],[-76.52433,-12.61027],[-76.54513,-12.61447],[-76.54137,-12.60723],[-76.55358,-12.59036],[-76.56251,-12.5934],[-76.58712,-12.58334],[-76.59889,-12.5836],[-76.60274,-12.57661],[-76.61004,-12.57279],[-76.62242,-12.56593],[-76.62155,-12.55807],[-76.626,-12.54642],[-76.62225,-12.539],[-76.60904,-12.53091],[-76.60377,-12.50942],[-76.59891,-12.49654],[-76.59052,-12.48374],[-76.58422,-12.48234],[-76.57929,-12.47588],[-76.57191,-12.47351],[-76.56139,-12.47626],[-76.5561,-12.48209],[-76.54069,-12.47377],[-76.53877,-12.4676],[-76.52769,-12.45571],[-76.51105,-12.45095],[-76.50159,-12.45407],[-76.48684,-12.4496],[-76.48082,-12.4449],[-76.4641,-12.43971],[-76.45618,-12.42739],[-76.45201,-12.41681],[-76.45277,-12.40426],[-76.44314,-12.39166],[-76.43488,-12.38684],[-76.42244,-12.3736],[-76.41971,-12.36216],[-76.41148,-12.35061],[-76.39945,-12.34074],[-76.39383,-12.32364],[-76.38579,-12.31747],[-76.37766,-12.32099],[-76.37261,-12.33491],[-76.34933,-12.33905],[-76.346,-12.33773],[-76.34391,-12.35996],[-76.3454,-12.388],[-76.33637,-12.39988],[-76.33328,-12.41609],[-76.31851,-12.41962],[-76.31548,-12.42281]]]}},{"type":"Feature","properties":{"ubigeo":"150504","nombre":"Cerro Azul"},"geometry":{"type":"Polygon","coordinates":[[[-76.42889,-13.00695],[-76.43007,-13.01087],[-76.43508,-13.02617],[-76.43243,-13.03226],[-76.4431,-13.04472],[-76.46797,-13.0558],[-76.4772,-13.04668],[-76.48935,-13.03074],[-76.48182,-13.02428],[-76.48341,-13.01482],[-76.49611,-12.99208],[-76.5034,-12.98445],[-76.50478,-12.97258],[-76.51201,-12.96112],[-76.51381,-12.95209],[-76.50663,-12.94731],[-76.50644,-12.92362],[-76.47146,-12.89664],[-76.46711,-12.89639],[-76.45325,-12.88737],[-76.44693,-12.88047],[-76.42893,-12.8808],[-76.4313,-12.88525],[-76.42729,-12.9028],[-76.43282,-12.92379],[-76.43639,-12.93108],[-76.44151,-12.95376],[-76.44678,-12.95635],[-76.43207,-12.95561],[-76.42829,-12.95956],[-76.42814,-12.97252],[-76.43387,-12.97479],[-76.42913,-12.98688],[-76.43036,-12.99607],[-76.43561,-13.00321],[-76.42889,-13.00695]]]}},{"type":"Feature","properties":{"ubigeo":"150505","nombre":"Chilca"},"geometry":{"type":"Polygon","coordinates":[[[-76.59891,-12.49654],[-76.61384,-12.48876],[-76.6282,-12.48483],[-76.63563,-12.49161],[-76.64481,-12.48573],[-76.65456,-12.49185],[-76.65858,-12.49915],[-76.66608,-12.49751],[-76.66981,-12.50228],[-76.67278,-12.52427],[-76.67908,-12.53354],[-76.68406,-12.53494],[-76.68678,-12.54552],[-76.70378,-12.55589],[-76.72611,-12.56148],[-76.73527,-12.55602],[-76.73415,-12.54844],[-76.74676,-12.53912],[-76.779,-12.52077],[-76.78416,-12.51993],[-76.7908,-12.50312],[-76.77149,-12.49326],[-76.76836,-12.48235],[-76.75604,-12.47398],[-76.75192,-12.4634],[-76.75685,-12.44522],[-76.75343,-12.42883],[-76.75691,-12.40147],[-76.74807,-12.39664],[-76.7411,-12.39836],[-76.72185,-12.39624],[-76.71937,-12.39312],[-76.69979,-12.38297],[-76.68341,-12.38211],[-76.67534,-12.37621],[-76.66799,-12.36023],[-76.65083,-12.35616],[-76.63377,-12.36118],[-76.62734,-12.36756],[-76.61668,-12.37283],[-76.60707,-12.36908],[-76.60395,-12.36107],[-76.60743,-12.35289],[-76.59649,-12.344],[-76.59231,-12.3257],[-76.59583,-12.31487],[-76.58883,-12.30952],[-76.58987,-12.30099],[-76.58154,-12.29293],[-76.57925,-12.28653],[-76.56569,-12.28204],[-76.55733,-12.27573],[-76.5475,-12.28572],[-76.54022,-12.30649],[-76.5323,-12.3154],[-76.53766,-12.33937],[-76.52507,-12.35249],[-76.52693,-12.36582],[-76.51969,-12.37364],[-76.5161,-12.38595],[-76.51027,-12.38711],[-76.5012,-12.40065],[-76.48698,-12.40862],[-76.47595,-12.40973],[-76.47101,-12.40292],[-76.46443,-12.40112],[-76.45277,-12.40426],[-76.45201,-12.41681],[-76.45618,-12.42739],[-76.4641,-12.43971],[-76.48082,-12.4449],[-76.48684,-12.4496],[-76.50159,-12.45407],[-76.51105,-12.45095],[-76.52769,-12.45571],[-76.53877,-12.4676],[-76.54069,-12.47377],[-76.5561,-12.48209],[-76.56139,-12.47626],[-76.57191,-12.47351],[-76.57929,-12.47588],[-76.58422,-12.48234],[-76.59052,-12.48374],[-76.59891,-12.49654]]]}},{"type":"Feature","properties":{"ubigeo":"150506","nombre":"Coayllo"},"geometry":{"type":"Polygon","coordinates":[[[-76.29593,-12.72525],[-76.30929,-12.74597],[-76.32431,-12.74902],[-76.33688,-12.74565],[-76.35442,-12.75351],[-76.35847,-12.75189],[-76.36354,-12.75875],[-76.38184,-12.76557],[-76.38916,-12.76225],[-76.40177,-12.76391],[-76.40212,-12.7694],[-76.42603,-12.77415],[-76.45102,-12.77601],[-76.47859,-12.76892],[-76.48464,-12.77256],[-76.50178,-12.76837],[-76.51086,-12.74529],[-76.50669,-12.7302],[-76.51297,-12.72695],[-76.50847,-12.71982],[-76.50923,-12.71225],[-76.51724,-12.70151],[-76.52827,-12.69992],[-76.54176,-12.69388],[-76.55577,-12.69832],[-76.56049,-12.68464],[-76.56461,-12.68379],[-76.57099,-12.67847],[-76.57222,-12.67061],[-76.56996,-12.6588],[-76.55996,-12.64288],[-76.54693,-12.63224],[-76.54942,-12.62185],[-76.54513,-12.61447],[-76.52433,-12.61027],[-76.51511,-12.58633],[-76.50749,-12.57828],[-76.49618,-12.572],[-76.47916,-12.56965],[-76.46314,-12.58655],[-76.45162,-12.58652],[-76.42619,-12.57879],[-76.40922,-12.58821],[-76.39956,-12.58081],[-76.39297,-12.58028],[-76.38791,-12.56314],[-76.38856,-12.55702],[-76.38098,-12.54735],[-76.37821,-12.53961],[-76.36749,-12.5326],[-76.34177,-12.53108],[-76.33481,-12.5365],[-76.32322,-12.5283],[-76.31831,-12.53481],[-76.31637,-12.54797],[-76.30844,-12.54851],[-76.30287,-12.55517],[-76.30053,-12.56406],[-76.29104,-12.57424],[-76.29186,-12.57961],[-76.28712,-12.58753],[-76.27423,-12.58367],[-76.25785,-12.58618],[-76.25253,-12.5955],[-76.2567,-12.61101],[-76.26284,-12.6187],[-76.26955,-12.64304],[-76.27501,-12.65129],[-76.28813,-12.65446],[-76.28863,-12.66786],[-76.28498,-12.68456],[-76.29063,-12.68943],[-76.29362,-12.7019],[-76.29955,-12.71534],[-76.29593,-12.72525]]]}},{"type":"Feature","properties":{"ubigeo":"150507","nombre":"Imperial"},"geometry":{"type":"Polygon","coordinates":[[[-76.33697,-13.10206],[-76.34611,-13.10126],[-76.34749,-13.09233],[-76.34264,-13.08246],[-76.34355,-13.06783],[-76.36717,-13.05689],[-76.38448,-13.06451],[-76.38933,-13.06011],[-76.38873,-13.05273],[-76.40353,-13.02413],[-76.41711,-13.01582],[-76.4222,-13.01711],[-76.43007,-13.01087],[-76.42889,-13.00695],[-76.42108,-13.00132],[-76.41226,-13.00848],[-76.4017,-13.00977],[-76.39301,-12.99822],[-76.35657,-12.98236],[-76.35061,-12.98478],[-76.35716,-13.00012],[-76.35541,-13.01917],[-76.34852,-13.02963],[-76.33605,-13.03405],[-76.3398,-13.04864],[-76.33163,-13.05361],[-76.32892,-13.07482],[-76.33122,-13.08649],[-76.33574,-13.09298],[-76.33211,-13.09872],[-76.33697,-13.10206]]]}},{"type":"Feature","properties":{"ubigeo":"150508","nombre":"Lunahuana"},"geometry":{"type":"Polygon","coordinates":[[[-76.08512,-13.13902],[-76.08512,-13.13902],[-76.1012,-13.13378],[-76.10961,-13.12607],[-76.11465,-13.12593],[-76.11469,-13.11366],[-76.11927,-13.10159],[-76.12661,-13.09601],[-76.1381,-13.1048],[-76.14563,-13.10417],[-76.16324,-13.0902],[-76.17715,-13.09401],[-76.18835,-13.10188],[-76.20025,-13.10709],[-76.21253,-13.09921],[-76.23067,-13.1023],[-76.24205,-13.10039],[-76.2506,-13.09489],[-76.24578,-13.0919],[-76.23271,-13.07506],[-76.22107,-13.04802],[-76.22406,-13.04097],[-76.23233,-13.04055],[-76.2296,-13.02096],[-76.2369,-13.01424],[-76.23212,-13.00068],[-76.2343,-12.99467],[-76.22569,-12.98706],[-76.22824,-12.9796],[-76.22569,-12.96808],[-76.21299,-12.95262],[-76.2075,-12.9393],[-76.1973,-12.92918],[-76.18706,-12.92508],[-76.17933,-12.89461],[-76.16247,-12.8906],[-76.15648,-12.88596],[-76.14877,-12.88952],[-76.11446,-12.91316],[-76.10318,-12.91556],[-76.09907,-12.92004],[-76.07663,-12.92935],[-76.06734,-12.94532],[-76.05235,-12.94737],[-76.04696,-12.96537],[-76.04907,-12.97374],[-76.04546,-12.98605],[-76.03539,-12.99382],[-76.02455,-12.9952],[-76.01362,-13.00223],[-76.00748,-13.00054],[-75.99897,-13.00364],[-75.9614,-13.00138],[-75.96082,-13.02042],[-75.96817,-13.03214],[-75.9692,-13.04164],[-75.98423,-13.05287],[-76.0038,-13.07351],[-76.01194,-13.0855],[-76.02143,-13.09393],[-76.04193,-13.10575],[-76.04943,-13.1146],[-76.06763,-13.12718],[-76.07239,-13.12827],[-76.08512,-13.13902]]]}},{"type":"Feature","properties":{"ubigeo":"150509","nombre":"Mala"},"geometry":{"type":"Polygon","coordinates":[[[-76.56461,-12.68379],[-76.57209,-12.69366],[-76.57255,-12.7008],[-76.58321,-12.71429],[-76.59749,-12.72167],[-76.59271,-12.72975],[-76.60459,-12.73705],[-76.61504,-12.73284],[-76.61678,-12.72546],[-76.63008,-12.72178],[-76.64007,-12.70819],[-76.65161,-12.69902],[-76.65618,-12.69941],[-76.65382,-12.68895],[-76.66063,-12.68265],[-76.65935,-12.67637],[-76.65003,-12.66708],[-76.64689,-12.65047],[-76.63861,-12.63565],[-76.62937,-12.61915],[-76.62298,-12.60245],[-76.62208,-12.59506],[-76.61004,-12.57279],[-76.60274,-12.57661],[-76.59889,-12.5836],[-76.58712,-12.58334],[-76.56251,-12.5934],[-76.55358,-12.59036],[-76.54137,-12.60723],[-76.54513,-12.61447],[-76.54942,-12.62185],[-76.54693,-12.63224],[-76.55996,-12.64288],[-76.56996,-12.6588],[-76.57222,-12.67061],[-76.57099,-12.67847],[-76.56461,-12.68379]]]}},{"type":"Feature","properties":{"ubigeo":"150510","nombre":"Nuevo Imperial"},"geometry":{"type":"Polygon","coordinates":[[[-76.17933,-12.89461],[-76.18706,-12.92508],[-76.1973,-12.92918],[-76.2075,-12.9393],[-76.21299,-12.95262],[-76.22569,-12.96808],[-76.22824,-12.9796],[-76.22569,-12.98706],[-76.2343,-12.99467],[-76.23212,-13.00068],[-76.2369,-13.01424],[-76.2296,-13.02096],[-76.23233,-13.04055],[-76.22406,-13.04097],[-76.22107,-13.04802],[-76.23271,-13.07506],[-76.24578,-13.0919],[-76.2506,-13.09489],[-76.25486,-13.09636],[-76.2824,-13.09231],[-76.31211,-13.10063],[-76.33697,-13.10206],[-76.33211,-13.09872],[-76.33574,-13.09298],[-76.33122,-13.08649],[-76.32892,-13.07482],[-76.33163,-13.05361],[-76.3398,-13.04864],[-76.33605,-13.03405],[-76.34852,-13.02963],[-76.35541,-13.01917],[-76.35716,-13.00012],[-76.35061,-12.98478],[-76.34762,-12.9817],[-76.335,-12.98688],[-76.32118,-12.99937],[-76.3055,-12.99058],[-76.30438,-12.98136],[-76.28907,-12.96353],[-76.28776,-12.9588],[-76.29637,-12.94152],[-76.29537,-12.93406],[-76.28418,-12.93145],[-76.28221,-12.91705],[-76.27526,-12.90857],[-76.27615,-12.9038],[-76.26678,-12.88627],[-76.25705,-12.85437],[-76.26438,-12.84321],[-76.26457,-12.82866],[-76.25847,-12.81768],[-76.25171,-12.81592],[-76.24254,-12.78795],[-76.23374,-12.79126],[-76.2233,-12.79991],[-76.21534,-12.80203],[-76.21115,-12.80774],[-76.19937,-12.81345],[-76.18977,-12.82521],[-76.19144,-12.83261],[-76.18496,-12.84517],[-76.17727,-12.85437],[-76.181,-12.87714],[-76.18497,-12.88394],[-76.17933,-12.89461]]]}},{"type":"Feature","properties":{"ubigeo":"150511","nombre":"Pacaran"},"geometry":{"type":"Polygon","coordinates":[[[-76.09723,-12.80131],[-76.08856,-12.80661],[-76.08424,-12.81521],[-76.05991,-12.82793],[-76.05548,-12.83668],[-76.05211,-12.85252],[-76.05612,-12.86108],[-76.04779,-12.86102],[-76.04044,-12.87045],[-76.0422,-12.88524],[-76.03717,-12.9018],[-76.02564,-12.90775],[-76.01257,-12.92103],[-76.0039,-12.92241],[-75.98998,-12.92209],[-75.98228,-12.92638],[-75.97464,-12.92316],[-75.97345,-12.93928],[-75.96189,-12.95726],[-75.95743,-12.96989],[-75.9602,-12.98198],[-75.9614,-13.00138],[-75.99897,-13.00364],[-76.00748,-13.00054],[-76.01362,-13.00223],[-76.02455,-12.9952],[-76.03539,-12.99382],[-76.04546,-12.98605],[-76.04907,-12.97374],[-76.04696,-12.96537],[-76.05235,-12.94737],[-76.06734,-12.94532],[-76.07663,-12.92935],[-76.09907,-12.92004],[-76.10318,-12.91556],[-76.11446,-12.91316],[-76.14877,-12.88952],[-76.15648,-12.88596],[-76.16247,-12.8906],[-76.17933,-12.89461],[-76.18497,-12.88394],[-76.181,-12.87714],[-76.17727,-12.85437],[-76.1652,-12.84999],[-76.16603,-12.8435],[-76.16088,-12.83769],[-76.15388,-12.83784],[-76.1549,-12.82501],[-76.14444,-12.82042],[-76.14155,-12.79342],[-76.12542,-12.78662],[-76.11413,-12.79279],[-76.10657,-12.80098],[-76.09723,-12.80131]]]}},{"type":"Feature","properties":{"ubigeo":"150512","nombre":"Quilmana"},"geometry":{"type":"Polygon","coordinates":[[[-76.35061,-12.98478],[-76.35657,-12.98236],[-76.39301,-12.99822],[-76.4017,-13.00977],[-76.41226,-13.00848],[-76.42108,-13.00132],[-76.42889,-13.00695],[-76.43561,-13.00321],[-76.43036,-12.99607],[-76.42913,-12.98688],[-76.43387,-12.97479],[-76.42814,-12.97252],[-76.42829,-12.95956],[-76.43207,-12.95561],[-76.44678,-12.95635],[-76.44151,-12.95376],[-76.43639,-12.93108],[-76.43282,-12.92379],[-76.42729,-12.9028],[-76.4313,-12.88525],[-76.42893,-12.8808],[-76.42515,-12.85531],[-76.42793,-12.84083],[-76.42121,-12.83267],[-76.41025,-12.81296],[-76.4125,-12.80303],[-76.40498,-12.79276],[-76.40088,-12.77839],[-76.40212,-12.7694],[-76.40177,-12.76391],[-76.38916,-12.76225],[-76.38184,-12.76557],[-76.36354,-12.75875],[-76.35847,-12.75189],[-76.35442,-12.75351],[-76.33688,-12.74565],[-76.32431,-12.74902],[-76.30929,-12.74597],[-76.29593,-12.72525],[-76.29634,-12.73236],[-76.28947,-12.74533],[-76.28301,-12.75212],[-76.25549,-12.7508],[-76.24621,-12.75668],[-76.24202,-12.77987],[-76.24254,-12.78795],[-76.25171,-12.81592],[-76.25847,-12.81768],[-76.26457,-12.82866],[-76.26438,-12.84321],[-76.25705,-12.85437],[-76.26678,-12.88627],[-76.27615,-12.9038],[-76.27526,-12.90857],[-76.28221,-12.91705],[-76.28418,-12.93145],[-76.29537,-12.93406],[-76.29637,-12.94152],[-76.28776,-12.9588],[-76.28907,-12.96353],[-76.30438,-12.98136],[-76.3055,-12.99058],[-76.32118,-12.99937],[-76.335,-12.98688],[-76.34762,-12.9817],[-76.35061,-12.98478]]]}},{"type":"Feature","properties":{"ubigeo":"150513","nombre":"San Antonio"},"geometry":{"type":"Polygon","coordinates":[[[-76.63861,-12.63565],[-76.64689,-12.65047],[-76.65003,-12.66708],[-76.65935,-12.67637],[-76.67245,-12.66058],[-76.6743,-12.65164],[-76.66841,-12.6465],[-76.67243,-12.62778],[-76.6837,-12.61814],[-76.68468,-12.61186],[-76.70592,-12.59371],[-76.70315,-12.58598],[-76.70553,-12.58014],[-76.71872,-12.56635],[-76.72611,-12.56148],[-76.70378,-12.55589],[-76.69213,-12.57388],[-76.66263,-12.58852],[-76.66265,-12.60145],[-76.65201,-12.6113],[-76.64968,-12.61982],[-76.63861,-12.63565]]]}},{"type":"Feature","properties":{"ubigeo":"150514","nombre":"San Luis"},"geometry":{"type":"Polygon","coordinates":[[[-76.43815,-13.08652],[-76.45833,-13.06466],[-76.46797,-13.0558],[-76.4431,-13.04472],[-76.43243,-13.03226],[-76.43508,-13.02617],[-76.43007,-13.01087],[-76.4222,-13.01711],[-76.41711,-13.01582],[-76.40353,-13.02413],[-76.38873,-13.05273],[-76.38933,-13.06011],[-76.4054,-13.07314],[-76.43815,-13.08652]]]}},{"type":"Feature","properties":{"ubigeo":"150515","nombre":"Santa Cruz de Flores"},"geometry":{"type":"Polygon","coordinates":[[[-76.61004,-12.57279],[-76.62208,-12.59506],[-76.62298,-12.60245],[-76.62937,-12.61915],[-76.63861,-12.63565],[-76.64968,-12.61982],[-76.65201,-12.6113],[-76.66265,-12.60145],[-76.66263,-12.58852],[-76.69213,-12.57388],[-76.70378,-12.55589],[-76.68678,-12.54552],[-76.68406,-12.53494],[-76.67908,-12.53354],[-76.67278,-12.52427],[-76.66981,-12.50228],[-76.66608,-12.49751],[-76.65858,-12.49915],[-76.65456,-12.49185],[-76.64481,-12.48573],[-76.63563,-12.49161],[-76.6282,-12.48483],[-76.61384,-12.48876],[-76.59891,-12.49654],[-76.60377,-12.50942],[-76.60904,-12.53091],[-76.62225,-12.539],[-76.626,-12.54642],[-76.62155,-12.55807],[-76.62242,-12.56593],[-76.61004,-12.57279]]]}},{"type":"Feature","properties":{"ubigeo":"150516","nombre":"Zúñiga"},"geometry":{"type":"Polygon","coordinates":[[[-76.0039,-12.92241],[-76.01257,-12.92103],[-76.02564,-12.90775],[-76.03717,-12.9018],[-76.0422,-12.88524],[-76.04044,-12.87045],[-76.04779,-12.86102],[-76.05612,-12.86108],[-76.05211,-12.85252],[-76.05548,-12.83668],[-76.05991,-12.82793],[-76.08424,-12.81521],[-76.08856,-12.80661],[-76.09723,-12.80131],[-76.09155,-12.79559],[-76.08346,-12.79368],[-76.07815,-12.78721],[-76.07266,-12.79242],[-76.06336,-12.79294],[-76.05457,-12.78954],[-76.04517,-12.78196],[-76.02163,-12.78935],[-76.01735,-12.78182],[-76.00753,-12.77577],[-76.00474,-12.76335],[-76.00002,-12.75689],[-75.99324,-12.75888],[-75.98827,-12.76747],[-75.98393,-12.7823],[-75.97044,-12.78508],[-75.95777,-12.79497],[-75.94253,-12.80214],[-75.94113,-12.81951],[-75.95483,-12.83693],[-75.95941,-12.84897],[-75.97157,-12.84077],[-75.98088,-12.83859],[-75.98882,-12.84293],[-76.00204,-12.84011],[-76.00855,-12.85387],[-76.00119,-12.86863],[-76.0002,-12.87732],[-75.99299,-12.89605],[-75.99438,-12.90587],[-76.0039,-12.92241]]]}},{"type":"Feature","properties":{"ubigeo":"150601","nombre":"Huaral"},"geometry":{"type":"Polygon","coordinates":[[[-76.98937,-11.34985],[-77.00137,-11.35484],[-77.00736,-11.36037],[-77.02516,-11.36918],[-77.03898,-11.37381],[-77.05131,-11.38494],[-77.05367,-11.39794],[-77.06116,-11.39968],[-77.06871,-11.41403],[-77.08921,-11.43988],[-77.10564,-11.44771],[-77.13098,-11.46629],[-77.13577,-11.47323],[-77.15698,-11.49129],[-77.16408,-11.49423],[-77.17666,-11.50554],[-77.19133,-11.53707],[-77.19504,-11.55344],[-77.20403,-11.56355],[-77.21462,-11.55787],[-77.21765,-11.54107],[-77.22284,-11.53448],[-77.24129,-11.51897],[-77.24998,-11.50981],[-77.26073,-11.50834],[-77.26972,-11.49871],[-77.27929,-11.50152],[-77.28568,-11.49033],[-77.28719,-11.4657],[-77.29326,-11.45555],[-77.30349,-11.4496],[-77.30495,-11.44143],[-77.30321,-11.42814],[-77.3184,-11.40243],[-77.31647,-11.3962],[-77.32398,-11.38548],[-77.32054,-11.36392],[-77.3285,-11.35562],[-77.33299,-11.34419],[-77.33119,-11.33429],[-77.32229,-11.31743],[-77.31831,-11.30272],[-77.31223,-11.28892],[-77.30685,-11.28497],[-77.30349,-11.2741],[-77.29023,-11.27756],[-77.28612,-11.27429],[-77.27734,-11.28092],[-77.26954,-11.2938],[-77.2542,-11.30242],[-77.24181,-11.30434],[-77.23072,-11.3153],[-77.2271,-11.32685],[-77.22544,-11.34154],[-77.21567,-11.34393],[-77.205,-11.34296],[-77.19338,-11.35353],[-77.18927,-11.36282],[-77.17514,-11.36187],[-77.16338,-11.36575],[-77.15929,-11.34451],[-77.14511,-11.3418],[-77.14016,-11.32138],[-77.13127,-11.29821],[-77.11095,-11.28238],[-77.09142,-11.28318],[-77.07816,-11.27709],[-77.07144,-11.26843],[-77.06574,-11.24546],[-77.06032,-11.2528],[-77.04523,-11.26149],[-77.03265,-11.26165],[-77.02156,-11.2868],[-77.00811,-11.29387],[-76.98667,-11.29694],[-76.96749,-11.30484],[-76.96588,-11.3143],[-76.96089,-11.32011],[-76.95837,-11.34036],[-76.95181,-11.34861],[-76.9593,-11.34884],[-76.97281,-11.33471],[-76.97646,-11.34026],[-76.98937,-11.34985]]]}},{"type":"Feature","properties":{"ubigeo":"150602","nombre":"Atavillos Alto"},"geometry":{"type":"Polygon","coordinates":[[[-76.45727,-11.33259],[-76.45702,-11.33443],[-76.48348,-11.34442],[-76.49176,-11.34185],[-76.50876,-11.32815],[-76.51572,-11.32722],[-76.52618,-11.33449],[-76.53369,-11.333],[-76.53966,-11.32119],[-76.54607,-11.31609],[-76.55567,-11.31885],[-76.57338,-11.31725],[-76.57869,-11.31268],[-76.59818,-11.32658],[-76.59858,-11.34313],[-76.60482,-11.34901],[-76.61423,-11.34847],[-76.63106,-11.35366],[-76.63818,-11.34463],[-76.65289,-11.34806],[-76.66795,-11.34601],[-76.6721,-11.34315],[-76.67317,-11.33069],[-76.6862,-11.32045],[-76.69468,-11.32136],[-76.70011,-11.31787],[-76.70223,-11.30773],[-76.71143,-11.30372],[-76.72134,-11.30582],[-76.74135,-11.29376],[-76.759,-11.27918],[-76.76947,-11.27572],[-76.77754,-11.26584],[-76.76603,-11.26183],[-76.74861,-11.26239],[-76.73932,-11.25958],[-76.73369,-11.26255],[-76.70227,-11.24775],[-76.67733,-11.23922],[-76.6746,-11.23015],[-76.65785,-11.2256],[-76.65577,-11.22246],[-76.6343,-11.227],[-76.61424,-11.21959],[-76.6023,-11.2219],[-76.5962,-11.21542],[-76.58715,-11.21633],[-76.57443,-11.21058],[-76.5583,-11.21015],[-76.53679,-11.20322],[-76.52908,-11.20634],[-76.52199,-11.20456],[-76.51547,-11.20784],[-76.50301,-11.20241],[-76.49415,-11.20788],[-76.48412,-11.23019],[-76.48512,-11.24423],[-76.49071,-11.2466],[-76.48394,-11.25745],[-76.47663,-11.26421],[-76.46217,-11.26582],[-76.46087,-11.27056],[-76.47077,-11.27789],[-76.47859,-11.29128],[-76.46327,-11.31251],[-76.46452,-11.32046],[-76.45727,-11.33259]]]}},{"type":"Feature","properties":{"ubigeo":"150603","nombre":"Atavillos Bajo"},"geometry":{"type":"Polygon","coordinates":[[[-76.66795,-11.34601],[-76.66727,-11.35664],[-76.67014,-11.37601],[-76.6672,-11.3847],[-76.67069,-11.39443],[-76.67821,-11.39644],[-76.6848,-11.41573],[-76.68836,-11.41782],[-76.70074,-11.41394],[-76.71101,-11.39978],[-76.71966,-11.39694],[-76.73895,-11.39893],[-76.7915,-11.37912],[-76.80334,-11.37158],[-76.81138,-11.35883],[-76.83622,-11.35378],[-76.84634,-11.34211],[-76.857,-11.3395],[-76.86153,-11.33184],[-76.87657,-11.31971],[-76.86992,-11.31632],[-76.86083,-11.30527],[-76.85015,-11.29869],[-76.83371,-11.28157],[-76.83045,-11.2778],[-76.81662,-11.28641],[-76.79069,-11.29341],[-76.77664,-11.2989],[-76.75731,-11.31287],[-76.73822,-11.32078],[-76.73447,-11.32863],[-76.7169,-11.32937],[-76.70011,-11.31787],[-76.69468,-11.32136],[-76.6862,-11.32045],[-76.67317,-11.33069],[-76.6721,-11.34315],[-76.66795,-11.34601]]]}},{"type":"Feature","properties":{"ubigeo":"150604","nombre":"Aucallama"},"geometry":{"type":"Polygon","coordinates":[[[-77.00498,-11.61341],[-77.00764,-11.6082],[-77.01784,-11.60342],[-77.02196,-11.59662],[-77.03677,-11.58893],[-77.04615,-11.57863],[-77.05537,-11.57558],[-77.0623,-11.57763],[-77.06484,-11.57324],[-77.0777,-11.57702],[-77.08527,-11.60424],[-77.10578,-11.61944],[-77.1059,-11.6252],[-77.11984,-11.63015],[-77.12771,-11.62595],[-77.1347,-11.62664],[-77.13737,-11.63553],[-77.13119,-11.63989],[-77.13172,-11.64541],[-77.12265,-11.65446],[-77.12634,-11.66038],[-77.13175,-11.65729],[-77.15154,-11.66987],[-77.15816,-11.68117],[-77.1553,-11.68406],[-77.15453,-11.7017],[-77.16084,-11.70156],[-77.16646,-11.69444],[-77.18211,-11.68591],[-77.18959,-11.6949],[-77.19591,-11.69794],[-77.19955,-11.69336],[-77.19238,-11.68748],[-77.19325,-11.67964],[-77.19852,-11.67347],[-77.20761,-11.65612],[-77.20784,-11.64809],[-77.22629,-11.63038],[-77.24824,-11.61431],[-77.24163,-11.60855],[-77.2325,-11.60538],[-77.21987,-11.59445],[-77.20968,-11.58053],[-77.20403,-11.56355],[-77.19504,-11.55344],[-77.19133,-11.53707],[-77.17666,-11.50554],[-77.16408,-11.49423],[-77.15698,-11.49129],[-77.13577,-11.47323],[-77.13098,-11.46629],[-77.10564,-11.44771],[-77.08921,-11.43988],[-77.06871,-11.41403],[-77.06116,-11.39968],[-77.05367,-11.39794],[-77.05131,-11.38494],[-77.03898,-11.37381],[-77.02516,-11.36918],[-77.00736,-11.36037],[-77.00137,-11.35484],[-76.98937,-11.34985],[-76.97715,-11.35953],[-76.97247,-11.37363],[-76.9721,-11.38424],[-76.9493,-11.39185],[-76.93954,-11.40027],[-76.91693,-11.39961],[-76.90901,-11.40859],[-76.91238,-11.42116],[-76.89842,-11.44399],[-76.89372,-11.4615],[-76.89273,-11.47003],[-76.89654,-11.47773],[-76.89225,-11.49219],[-76.88238,-11.49184],[-76.87619,-11.4992],[-76.86212,-11.50206],[-76.85909,-11.50834],[-76.87471,-11.5378],[-76.89438,-11.53454],[-76.90429,-11.54459],[-76.92547,-11.55861],[-76.93757,-11.55023],[-76.94396,-11.56276],[-76.94454,-11.57476],[-76.95306,-11.58414],[-76.96483,-11.58497],[-76.9808,-11.59723],[-76.99832,-11.59748],[-77.00387,-11.60413],[-77.00498,-11.61341]]]}},{"type":"Feature","properties":{"ubigeo":"150605","nombre":"Chancay"},"geometry":{"type":"Polygon","coordinates":[[[-77.24824,-11.61431],[-77.28251,-11.58577],[-77.27128,-11.58351],[-77.27128,-11.5729],[-77.27638,-11.55948],[-77.2836,-11.54808],[-77.29567,-11.5376],[-77.29546,-11.52873],[-77.30475,-11.51223],[-77.31932,-11.5],[-77.34231,-11.48696],[-77.34261,-11.47456],[-77.35167,-11.46742],[-77.36021,-11.46442],[-77.36021,-11.46072],[-77.38269,-11.44718],[-77.3777,-11.43641],[-77.37789,-11.4282],[-77.37005,-11.41467],[-77.35365,-11.40256],[-77.33432,-11.39852],[-77.32398,-11.38548],[-77.31647,-11.3962],[-77.3184,-11.40243],[-77.30321,-11.42814],[-77.30495,-11.44143],[-77.30349,-11.4496],[-77.29326,-11.45555],[-77.28719,-11.4657],[-77.28568,-11.49033],[-77.27929,-11.50152],[-77.26972,-11.49871],[-77.26073,-11.50834],[-77.24998,-11.50981],[-77.24129,-11.51897],[-77.22284,-11.53448],[-77.21765,-11.54107],[-77.21462,-11.55787],[-77.20403,-11.56355],[-77.20968,-11.58053],[-77.21987,-11.59445],[-77.2325,-11.60538],[-77.24163,-11.60855],[-77.24824,-11.61431]]]}},{"type":"Feature","properties":{"ubigeo":"150606","nombre":"Ihuari"},"geometry":{"type":"Polygon","coordinates":[[[-76.83681,-11.1417],[-76.84087,-11.14482],[-76.83925,-11.15607],[-76.8502,-11.1648],[-76.85176,-11.17246],[-76.86057,-11.17668],[-76.86573,-11.19042],[-76.88665,-11.20443],[-76.89689,-11.22438],[-76.89474,-11.23885],[-76.90131,-11.24949],[-76.89996,-11.26234],[-76.90735,-11.27199],[-76.91088,-11.28153],[-76.91723,-11.28788],[-76.92179,-11.30044],[-76.93141,-11.31586],[-76.93052,-11.32321],[-76.94386,-11.33379],[-76.94642,-11.3425],[-76.95181,-11.34861],[-76.95837,-11.34036],[-76.96089,-11.32011],[-76.96588,-11.3143],[-76.96749,-11.30484],[-76.98667,-11.29694],[-77.00811,-11.29387],[-77.02156,-11.2868],[-77.03265,-11.26165],[-77.04523,-11.26149],[-77.06032,-11.2528],[-77.06574,-11.24546],[-77.05697,-11.23051],[-77.06024,-11.22436],[-77.05803,-11.21724],[-77.06442,-11.2057],[-77.06003,-11.1951],[-77.06396,-11.19031],[-77.07373,-11.18974],[-77.08505,-11.18461],[-77.08615,-11.17458],[-77.08315,-11.16774],[-77.08786,-11.15286],[-77.08389,-11.14736],[-77.08263,-11.1329],[-77.0791,-11.12462],[-77.07545,-11.10336],[-77.07699,-11.09205],[-77.06917,-11.09054],[-77.05204,-11.09576],[-77.05068,-11.10764],[-77.05657,-11.11645],[-77.05428,-11.1253],[-77.04641,-11.13837],[-77.03725,-11.13728],[-77.03042,-11.13245],[-77.02041,-11.13521],[-77.01253,-11.13031],[-77.00944,-11.12156],[-76.98472,-11.10121],[-76.97853,-11.10041],[-76.95134,-11.08702],[-76.94268,-11.07825],[-76.90758,-11.08761],[-76.87854,-11.08276],[-76.87015,-11.08747],[-76.84946,-11.09079],[-76.84039,-11.09448],[-76.83664,-11.10223],[-76.82899,-11.10345],[-76.82716,-11.11095],[-76.82961,-11.1185],[-76.82657,-11.12348],[-76.83407,-11.1326],[-76.83681,-11.1417]]]}},{"type":"Feature","properties":{"ubigeo":"150607","nombre":"Lampian"},"geometry":{"type":"Polygon","coordinates":[[[-76.83371,-11.28157],[-76.85015,-11.29869],[-76.86083,-11.30527],[-76.86992,-11.31632],[-76.87657,-11.31971],[-76.88523,-11.32824],[-76.89453,-11.32844],[-76.92963,-11.33886],[-76.93396,-11.34169],[-76.94642,-11.3425],[-76.94386,-11.33379],[-76.93052,-11.32321],[-76.93141,-11.31586],[-76.92179,-11.30044],[-76.91723,-11.28788],[-76.91088,-11.28153],[-76.90735,-11.27199],[-76.89996,-11.26234],[-76.90131,-11.24949],[-76.89474,-11.23885],[-76.89689,-11.22438],[-76.88665,-11.20443],[-76.86573,-11.19042],[-76.86057,-11.17668],[-76.85176,-11.17246],[-76.8502,-11.1648],[-76.83925,-11.15607],[-76.84087,-11.14482],[-76.83681,-11.1417],[-76.8246,-11.15288],[-76.81283,-11.15831],[-76.80861,-11.16426],[-76.80636,-11.17615],[-76.80732,-11.18835],[-76.81896,-11.19713],[-76.82219,-11.20728],[-76.80414,-11.2213],[-76.81328,-11.24678],[-76.81842,-11.25749],[-76.83184,-11.26096],[-76.83743,-11.27781],[-76.83371,-11.28157]]]}},{"type":"Feature","properties":{"ubigeo":"150608","nombre":"Pacaraos"},"geometry":{"type":"Polygon","coordinates":[[[-76.65577,-11.22246],[-76.65785,-11.2256],[-76.6746,-11.23015],[-76.67733,-11.23922],[-76.70227,-11.24775],[-76.73369,-11.26255],[-76.73932,-11.25958],[-76.74861,-11.26239],[-76.76603,-11.26183],[-76.77754,-11.26584],[-76.77696,-11.25921],[-76.76972,-11.23132],[-76.75875,-11.229],[-76.74692,-11.22275],[-76.7435,-11.20953],[-76.73715,-11.19807],[-76.72271,-11.18903],[-76.71276,-11.18981],[-76.70425,-11.18176],[-76.70465,-11.16999],[-76.7317,-11.15132],[-76.73236,-11.14276],[-76.72581,-11.13038],[-76.72266,-11.11154],[-76.72268,-11.09011],[-76.72873,-11.08359],[-76.72751,-11.07872],[-76.73798,-11.07096],[-76.74075,-11.06582],[-76.73066,-11.06386],[-76.72248,-11.05783],[-76.72056,-11.05234],[-76.70486,-11.05538],[-76.7012,-11.05057],[-76.69252,-11.05165],[-76.68208,-11.04688],[-76.67137,-11.05403],[-76.66741,-11.05168],[-76.66476,-11.04134],[-76.65784,-11.03437],[-76.6336,-11.03832],[-76.63148,-11.02789],[-76.6269,-11.02385],[-76.61753,-11.02882],[-76.58465,-11.01599],[-76.57695,-11.01653],[-76.56925,-11.01348],[-76.56352,-11.0229],[-76.5564,-11.02285],[-76.5313,-11.03606],[-76.5267,-11.05099],[-76.5421,-11.05628],[-76.55843,-11.05747],[-76.56468,-11.06557],[-76.58568,-11.07934],[-76.59741,-11.09953],[-76.60926,-11.10712],[-76.6151,-11.11781],[-76.62396,-11.12433],[-76.6245,-11.14967],[-76.63231,-11.16924],[-76.64113,-11.18174],[-76.64186,-11.18746],[-76.6506,-11.19894],[-76.652,-11.21194],[-76.65577,-11.22246]]]}},{"type":"Feature","properties":{"ubigeo":"150609","nombre":"San Miguel de Acos"},"geometry":{"type":"Polygon","coordinates":[[[-76.70011,-11.31787],[-76.7169,-11.32937],[-76.73447,-11.32863],[-76.73822,-11.32078],[-76.75731,-11.31287],[-76.77664,-11.2989],[-76.79069,-11.29341],[-76.81662,-11.28641],[-76.83045,-11.2778],[-76.83371,-11.28157],[-76.83743,-11.27781],[-76.83184,-11.26096],[-76.81842,-11.25749],[-76.8188,-11.26988],[-76.80409,-11.26491],[-76.77754,-11.26584],[-76.76947,-11.27572],[-76.759,-11.27918],[-76.74135,-11.29376],[-76.72134,-11.30582],[-76.71143,-11.30372],[-76.70223,-11.30773],[-76.70011,-11.31787]]]}},{"type":"Feature","properties":{"ubigeo":"150610","nombre":"Santa Cruz de Andamarca"},"geometry":{"type":"Polygon","coordinates":[[[-76.49415,-11.20788],[-76.50301,-11.20241],[-76.51547,-11.20784],[-76.52199,-11.20456],[-76.52908,-11.20634],[-76.53679,-11.20322],[-76.5583,-11.21015],[-76.57443,-11.21058],[-76.58715,-11.21633],[-76.5962,-11.21542],[-76.6023,-11.2219],[-76.61424,-11.21959],[-76.6343,-11.227],[-76.65577,-11.22246],[-76.652,-11.21194],[-76.6506,-11.19894],[-76.64186,-11.18746],[-76.64113,-11.18174],[-76.63231,-11.16924],[-76.6245,-11.14967],[-76.62396,-11.12433],[-76.6151,-11.11781],[-76.60926,-11.10712],[-76.59741,-11.09953],[-76.58568,-11.07934],[-76.56468,-11.06557],[-76.55843,-11.05747],[-76.5421,-11.05628],[-76.5267,-11.05099],[-76.51468,-11.06871],[-76.49757,-11.08611],[-76.49121,-11.08944],[-76.49539,-11.10906],[-76.5184,-11.11608],[-76.50542,-11.14314],[-76.50318,-11.16602],[-76.50687,-11.16979],[-76.49208,-11.18931],[-76.49415,-11.20788]]]}},{"type":"Feature","properties":{"ubigeo":"150611","nombre":"Sumbilca"},"geometry":{"type":"Polygon","coordinates":[[[-76.69457,-11.42933],[-76.70602,-11.42374],[-76.71899,-11.43468],[-76.72937,-11.43364],[-76.73958,-11.42637],[-76.75649,-11.42794],[-76.76828,-11.42045],[-76.77601,-11.42161],[-76.78937,-11.42896],[-76.8057,-11.43336],[-76.81044,-11.44218],[-76.83472,-11.45363],[-76.83951,-11.45944],[-76.85611,-11.46782],[-76.88497,-11.46537],[-76.89372,-11.4615],[-76.89842,-11.44399],[-76.91238,-11.42116],[-76.90901,-11.40859],[-76.91693,-11.39961],[-76.93954,-11.40027],[-76.9493,-11.39185],[-76.9721,-11.38424],[-76.97247,-11.37363],[-76.97715,-11.35953],[-76.98937,-11.34985],[-76.97646,-11.34026],[-76.97281,-11.33471],[-76.9593,-11.34884],[-76.95181,-11.34861],[-76.94642,-11.3425],[-76.93396,-11.34169],[-76.92963,-11.33886],[-76.89453,-11.32844],[-76.88523,-11.32824],[-76.87657,-11.31971],[-76.86153,-11.33184],[-76.857,-11.3395],[-76.84634,-11.34211],[-76.83622,-11.35378],[-76.81138,-11.35883],[-76.80334,-11.37158],[-76.7915,-11.37912],[-76.73895,-11.39893],[-76.71966,-11.39694],[-76.71101,-11.39978],[-76.70074,-11.41394],[-76.68836,-11.41782],[-76.69457,-11.42933]]]}},{"type":"Feature","properties":{"ubigeo":"150612","nombre":"Veintisiete de Noviembre"},"geometry":{"type":"Polygon","coordinates":[[[-76.77754,-11.26584],[-76.80409,-11.26491],[-76.8188,-11.26988],[-76.81842,-11.25749],[-76.81328,-11.24678],[-76.80414,-11.2213],[-76.82219,-11.20728],[-76.81896,-11.19713],[-76.80732,-11.18835],[-76.80636,-11.17615],[-76.80861,-11.16426],[-76.81283,-11.15831],[-76.8246,-11.15288],[-76.83681,-11.1417],[-76.83407,-11.1326],[-76.82657,-11.12348],[-76.82961,-11.1185],[-76.82716,-11.11095],[-76.82899,-11.10345],[-76.81484,-11.09873],[-76.81227,-11.08707],[-76.80049,-11.08268],[-76.79327,-11.07637],[-76.78774,-11.0571],[-76.78245,-11.04575],[-76.77546,-11.04491],[-76.7656,-11.03512],[-76.75408,-11.03997],[-76.74382,-11.03605],[-76.73957,-11.041],[-76.74213,-11.05553],[-76.74075,-11.06582],[-76.73798,-11.07096],[-76.72751,-11.07872],[-76.72873,-11.08359],[-76.72268,-11.09011],[-76.72266,-11.11154],[-76.72581,-11.13038],[-76.73236,-11.14276],[-76.7317,-11.15132],[-76.70465,-11.16999],[-76.70425,-11.18176],[-76.71276,-11.18981],[-76.72271,-11.18903],[-76.73715,-11.19807],[-76.7435,-11.20953],[-76.74692,-11.22275],[-76.75875,-11.229],[-76.76972,-11.23132],[-76.77696,-11.25921],[-76.77754,-11.26584]]]}},{"type":"Feature","properties":{"ubigeo":"150701","nombre":"Matucana"},"geometry":{"type":"Polygon","coordinates":[[[-76.31059,-11.84191],[-76.30908,-11.84879],[-76.32463,-11.87656],[-76.34777,-11.89411],[-76.35177,-11.90121],[-76.35772,-11.89997],[-76.36652,-11.90388],[-76.37714,-11.91881],[-76.38811,-11.9185],[-76.39671,-11.92152],[-76.3934,-11.91251],[-76.39556,-11.89146],[-76.39988,-11.88353],[-76.41481,-11.86861],[-76.42114,-11.8667],[-76.42693,-11.85529],[-76.4348,-11.82596],[-76.42725,-11.81356],[-76.43196,-11.80551],[-76.43178,-11.79151],[-76.4411,-11.7905],[-76.44828,-11.78417],[-76.44699,-11.77769],[-76.43463,-11.77097],[-76.42634,-11.77339],[-76.42204,-11.7699],[-76.41386,-11.77092],[-76.40905,-11.76646],[-76.41124,-11.74536],[-76.40837,-11.73828],[-76.38509,-11.72307],[-76.38346,-11.71283],[-76.37996,-11.71062],[-76.35718,-11.70951],[-76.34589,-11.71174],[-76.34295,-11.70039],[-76.3385,-11.69923],[-76.32845,-11.71259],[-76.33031,-11.7191],[-76.33864,-11.72218],[-76.34943,-11.7316],[-76.35668,-11.74223],[-76.35972,-11.77028],[-76.35563,-11.78963],[-76.35842,-11.79529],[-76.35523,-11.81111],[-76.32913,-11.8288],[-76.32671,-11.83488],[-76.31059,-11.84191]]]}},{"type":"Feature","properties":{"ubigeo":"150702","nombre":"Antioquia"},"geometry":{"type":"Polygon","coordinates":[[[-76.57291,-11.96091],[-76.57522,-11.96367],[-76.56846,-11.98093],[-76.56466,-11.98561],[-76.55552,-11.98833],[-76.54974,-11.99357],[-76.55839,-12.01892],[-76.54986,-12.03107],[-76.53778,-12.02752],[-76.52559,-12.01917],[-76.51463,-12.01704],[-76.50822,-12.02196],[-76.50155,-12.03834],[-76.48647,-12.04139],[-76.48137,-12.04732],[-76.47512,-12.03929],[-76.45908,-12.03549],[-76.44394,-12.03775],[-76.44185,-12.04791],[-76.44611,-12.06006],[-76.44382,-12.06561],[-76.45502,-12.06912],[-76.46315,-12.07548],[-76.46581,-12.08203],[-76.46496,-12.09888],[-76.46775,-12.10293],[-76.46651,-12.10822],[-76.47733,-12.11172],[-76.47749,-12.11826],[-76.47249,-12.12663],[-76.47409,-12.13785],[-76.47042,-12.14419],[-76.47442,-12.15833],[-76.47907,-12.15806],[-76.4832,-12.14383],[-76.48823,-12.1388],[-76.49775,-12.13627],[-76.51294,-12.15035],[-76.51832,-12.15908],[-76.517,-12.16607],[-76.52674,-12.15498],[-76.5435,-12.14527],[-76.54616,-12.13299],[-76.55116,-12.12826],[-76.56096,-12.13213],[-76.57775,-12.13445],[-76.58562,-12.13087],[-76.58892,-12.13798],[-76.59764,-12.14195],[-76.60566,-12.1408],[-76.61253,-12.14407],[-76.61772,-12.14029],[-76.62608,-12.14305],[-76.6384,-12.1396],[-76.64065,-12.13518],[-76.64962,-12.13191],[-76.65808,-12.13823],[-76.6793,-12.13097],[-76.69051,-12.12472],[-76.69775,-12.11519],[-76.70864,-12.11426],[-76.71437,-12.10801],[-76.71662,-12.09934],[-76.70519,-12.08626],[-76.69643,-12.08848],[-76.68199,-12.08439],[-76.67351,-12.07351],[-76.67808,-12.05298],[-76.6951,-12.03706],[-76.70406,-12.03063],[-76.70657,-12.03236],[-76.71319,-12.01037],[-76.72234,-11.99959],[-76.71479,-11.99236],[-76.7085,-11.99235],[-76.70001,-11.98587],[-76.68716,-11.98907],[-76.681,-11.98806],[-76.67351,-11.98018],[-76.66141,-11.97906],[-76.64833,-11.96737],[-76.64024,-11.96794],[-76.62533,-11.95866],[-76.6133,-11.96109],[-76.60573,-11.95437],[-76.58797,-11.94847],[-76.58175,-11.94959],[-76.57291,-11.96091]]]}},{"type":"Feature","properties":{"ubigeo":"150703","nombre":"Callahuanca"},"geometry":{"type":"Polygon","coordinates":[[[-76.63334,-11.85162],[-76.62336,-11.83249],[-76.62841,-11.82488],[-76.62756,-11.81644],[-76.61926,-11.80908],[-76.59681,-11.80637],[-76.58809,-11.79849],[-76.57274,-11.7979],[-76.57004,-11.78651],[-76.54405,-11.77729],[-76.53329,-11.78191],[-76.51421,-11.77989],[-76.51615,-11.78996],[-76.52118,-11.79622],[-76.53022,-11.80044],[-76.53667,-11.8095],[-76.54017,-11.82012],[-76.54702,-11.82547],[-76.55579,-11.82696],[-76.56374,-11.83852],[-76.58393,-11.83369],[-76.58837,-11.84225],[-76.60627,-11.84859],[-76.61723,-11.84628],[-76.63334,-11.85162]]]}},{"type":"Feature","properties":{"ubigeo":"150704","nombre":"Carampoma"},"geometry":{"type":"Polygon","coordinates":[[[-76.3058,-11.6801],[-76.30584,-11.68435],[-76.31443,-11.69227],[-76.31448,-11.70193],[-76.31872,-11.70842],[-76.32845,-11.71259],[-76.3385,-11.69923],[-76.34295,-11.70039],[-76.34589,-11.71174],[-76.35718,-11.70951],[-76.37996,-11.71062],[-76.38346,-11.71283],[-76.38723,-11.70838],[-76.39748,-11.70942],[-76.4089,-11.69662],[-76.41901,-11.69881],[-76.43623,-11.6886],[-76.4562,-11.68131],[-76.46299,-11.67657],[-76.47309,-11.68015],[-76.50215,-11.67104],[-76.51694,-11.67258],[-76.52501,-11.66515],[-76.5311,-11.65131],[-76.51388,-11.62967],[-76.51547,-11.61737],[-76.52269,-11.61143],[-76.52189,-11.6011],[-76.52673,-11.59474],[-76.51906,-11.5946],[-76.51509,-11.57553],[-76.50385,-11.55787],[-76.5117,-11.57866],[-76.51515,-11.59212],[-76.51497,-11.60613],[-76.50582,-11.62866],[-76.50821,-11.64017],[-76.50892,-11.66353],[-76.49791,-11.65882],[-76.49324,-11.66028],[-76.47322,-11.65613],[-76.45951,-11.64886],[-76.45378,-11.63256],[-76.44121,-11.62567],[-76.43335,-11.62453],[-76.42691,-11.61786],[-76.40021,-11.60811],[-76.38573,-11.59],[-76.37797,-11.57618],[-76.36183,-11.56538],[-76.35494,-11.55543],[-76.35,-11.5423],[-76.32786,-11.54432],[-76.32583,-11.55212],[-76.32127,-11.55321],[-76.31751,-11.5627],[-76.30437,-11.56753],[-76.29973,-11.57676],[-76.30119,-11.5848],[-76.29765,-11.59617],[-76.29826,-11.60208],[-76.30832,-11.60663],[-76.30557,-11.63065],[-76.31319,-11.64241],[-76.31827,-11.64232],[-76.32511,-11.65418],[-76.31226,-11.67583],[-76.3058,-11.6801]]]}},{"type":"Feature","properties":{"ubigeo":"150705","nombre":"Chicla"},"geometry":{"type":"Polygon","coordinates":[[[-76.18609,-11.73922],[-76.19296,-11.7525],[-76.19378,-11.7744],[-76.19989,-11.79027],[-76.20355,-11.79298],[-76.23758,-11.77951],[-76.25015,-11.75877],[-76.24816,-11.75432],[-76.25821,-11.73494],[-76.27137,-11.73372],[-76.28543,-11.71748],[-76.28473,-11.69985],[-76.28645,-11.68936],[-76.29501,-11.67395],[-76.30393,-11.67457],[-76.3058,-11.6801],[-76.31226,-11.67583],[-76.32511,-11.65418],[-76.31827,-11.64232],[-76.31319,-11.64241],[-76.30557,-11.63065],[-76.30832,-11.60663],[-76.29826,-11.60208],[-76.29765,-11.59617],[-76.29286,-11.58878],[-76.28679,-11.59123],[-76.27184,-11.58012],[-76.26869,-11.57063],[-76.26202,-11.56667],[-76.25454,-11.56903],[-76.24459,-11.56643],[-76.23741,-11.56901],[-76.22734,-11.55389],[-76.22371,-11.56273],[-76.21754,-11.56549],[-76.21693,-11.57157],[-76.2055,-11.57442],[-76.19939,-11.58843],[-76.19329,-11.58746],[-76.18771,-11.59279],[-76.18787,-11.60231],[-76.17981,-11.61092],[-76.18069,-11.61443],[-76.18622,-11.61409],[-76.19474,-11.61966],[-76.19878,-11.62755],[-76.19128,-11.63373],[-76.18829,-11.64239],[-76.20488,-11.65953],[-76.20187,-11.66814],[-76.1933,-11.67349],[-76.19721,-11.69338],[-76.2048,-11.69455],[-76.20733,-11.70243],[-76.20337,-11.70856],[-76.20233,-11.72805],[-76.1982,-11.73781],[-76.18609,-11.73922]]]}},{"type":"Feature","properties":{"ubigeo":"150706","nombre":"Cuenca"},"geometry":{"type":"Polygon","coordinates":[[[-76.40928,-12.18488],[-76.42966,-12.18748],[-76.4418,-12.18542],[-76.45948,-12.18861],[-76.46722,-12.1844],[-76.48664,-12.18027],[-76.49693,-12.18305],[-76.50816,-12.17945],[-76.517,-12.16607],[-76.51832,-12.15908],[-76.51294,-12.15035],[-76.49775,-12.13627],[-76.48823,-12.1388],[-76.4832,-12.14383],[-76.47907,-12.15806],[-76.47442,-12.15833],[-76.47042,-12.14419],[-76.47409,-12.13785],[-76.47249,-12.12663],[-76.47749,-12.11826],[-76.47733,-12.11172],[-76.46651,-12.10822],[-76.46775,-12.10293],[-76.45986,-12.10352],[-76.45814,-12.11124],[-76.45076,-12.11689],[-76.44335,-12.12569],[-76.43427,-12.12246],[-76.42752,-12.13396],[-76.42428,-12.15336],[-76.40629,-12.15483],[-76.3929,-12.16019],[-76.38967,-12.1721],[-76.39835,-12.17697],[-76.41065,-12.17861],[-76.40928,-12.18488]]]}},{"type":"Feature","properties":{"ubigeo":"150707","nombre":"Huachupampa"},"geometry":{"type":"Polygon","coordinates":[[[-76.54295,-11.73156],[-76.54629,-11.73687],[-76.55767,-11.7428],[-76.57055,-11.74116],[-76.59303,-11.74443],[-76.60876,-11.73941],[-76.60273,-11.72914],[-76.62261,-11.72301],[-76.63651,-11.72428],[-76.64547,-11.71059],[-76.64578,-11.69669],[-76.63402,-11.67684],[-76.61586,-11.65275],[-76.59985,-11.63731],[-76.57454,-11.63244],[-76.57991,-11.65827],[-76.57626,-11.66127],[-76.57906,-11.68446],[-76.58716,-11.69817],[-76.57948,-11.70231],[-76.57411,-11.69773],[-76.55637,-11.69202],[-76.55098,-11.69817],[-76.54842,-11.71307],[-76.54295,-11.73156]]]}},{"type":"Feature","properties":{"ubigeo":"150708","nombre":"Huanza"},"geometry":{"type":"Polygon","coordinates":[[[-76.35,-11.5423],[-76.35494,-11.55543],[-76.36183,-11.56538],[-76.37797,-11.57618],[-76.38573,-11.59],[-76.40021,-11.60811],[-76.42691,-11.61786],[-76.43335,-11.62453],[-76.44121,-11.62567],[-76.45378,-11.63256],[-76.45951,-11.64886],[-76.47322,-11.65613],[-76.49324,-11.66028],[-76.49791,-11.65882],[-76.50892,-11.66353],[-76.50821,-11.64017],[-76.50582,-11.62866],[-76.51497,-11.60613],[-76.51515,-11.59212],[-76.5117,-11.57866],[-76.50385,-11.55787],[-76.503,-11.55116],[-76.50851,-11.53479],[-76.50487,-11.52025],[-76.49375,-11.51097],[-76.49077,-11.50467],[-76.47919,-11.50355],[-76.47081,-11.50905],[-76.46609,-11.50317],[-76.47823,-11.4733],[-76.47533,-11.46708],[-76.46932,-11.46065],[-76.45674,-11.46243],[-76.44978,-11.46721],[-76.4369,-11.4873],[-76.4141,-11.49238],[-76.41216,-11.4996],[-76.40059,-11.50717],[-76.39319,-11.49982],[-76.37684,-11.50149],[-76.36176,-11.51457],[-76.3594,-11.52287],[-76.35092,-11.52007],[-76.34866,-11.52817],[-76.35,-11.5423]]]}},{"type":"Feature","properties":{"ubigeo":"150709","nombre":"Huarochiri"},"geometry":{"type":"Polygon","coordinates":[[[-76.22521,-11.99642],[-76.24495,-12.01439],[-76.24727,-12.02917],[-76.25267,-12.03371],[-76.25602,-12.0464],[-76.25537,-12.06317],[-76.24594,-12.08632],[-76.23862,-12.09295],[-76.23615,-12.1017],[-76.22851,-12.1089],[-76.22902,-12.12049],[-76.22164,-12.13832],[-76.2141,-12.14489],[-76.21322,-12.14975],[-76.21885,-12.15727],[-76.22562,-12.1557],[-76.23079,-12.14918],[-76.23905,-12.15071],[-76.24385,-12.16232],[-76.24795,-12.16494],[-76.25997,-12.1562],[-76.27324,-12.13596],[-76.28129,-12.13809],[-76.27934,-12.15104],[-76.28434,-12.16415],[-76.28103,-12.17978],[-76.27141,-12.18909],[-76.27084,-12.19579],[-76.28092,-12.20346],[-76.29316,-12.20461],[-76.30514,-12.2151],[-76.32121,-12.20247],[-76.32128,-12.18789],[-76.31193,-12.18429],[-76.31332,-12.16934],[-76.32004,-12.16306],[-76.32905,-12.16519],[-76.34142,-12.16033],[-76.34001,-12.14803],[-76.34743,-12.14592],[-76.34753,-12.12688],[-76.32529,-12.07703],[-76.33412,-12.06113],[-76.32814,-12.05614],[-76.32446,-12.02829],[-76.32063,-12.02206],[-76.30993,-12.01666],[-76.30695,-12.00885],[-76.29692,-12.01019],[-76.28431,-12.00315],[-76.26926,-11.99871],[-76.26204,-11.99436],[-76.25596,-11.98384],[-76.24824,-11.9777],[-76.25393,-11.96364],[-76.22488,-11.9499],[-76.22079,-11.93246],[-76.21562,-11.9244],[-76.21855,-11.91273],[-76.21068,-11.90636],[-76.20849,-11.89942],[-76.20059,-11.8896],[-76.18927,-11.88806],[-76.18054,-11.87911],[-76.16218,-11.88691],[-76.17004,-11.8934],[-76.17458,-11.91016],[-76.19455,-11.92919],[-76.19846,-11.93774],[-76.19848,-11.94873],[-76.20182,-11.95833],[-76.22441,-11.99253],[-76.22521,-11.99642]]]}},{"type":"Feature","properties":{"ubigeo":"150710","nombre":"Lahuaytambo"},"geometry":{"type":"Polygon","coordinates":[[[-76.34753,-12.12688],[-76.35462,-12.12523],[-76.37963,-12.12906],[-76.38707,-12.13521],[-76.39305,-12.13431],[-76.3967,-12.12287],[-76.40685,-12.1119],[-76.42055,-12.11051],[-76.44342,-12.11125],[-76.45076,-12.11689],[-76.45814,-12.11124],[-76.45986,-12.10352],[-76.46775,-12.10293],[-76.46496,-12.09888],[-76.46581,-12.08203],[-76.46315,-12.07548],[-76.45502,-12.06912],[-76.44382,-12.06561],[-76.43346,-12.07253],[-76.41747,-12.07566],[-76.41345,-12.07926],[-76.40596,-12.07533],[-76.39633,-12.06297],[-76.38212,-12.0603],[-76.37095,-12.0657],[-76.34982,-12.06278],[-76.34544,-12.06468],[-76.33412,-12.06113],[-76.32529,-12.07703],[-76.34753,-12.12688]]]}},{"type":"Feature","properties":{"ubigeo":"150711","nombre":"Langa"},"geometry":{"type":"Polygon","coordinates":[[[-76.32121,-12.20247],[-76.33191,-12.19862],[-76.33903,-12.2016],[-76.3518,-12.19579],[-76.36202,-12.20096],[-76.36662,-12.19674],[-76.38898,-12.19927],[-76.3974,-12.19821],[-76.40443,-12.19511],[-76.40928,-12.18488],[-76.41065,-12.17861],[-76.39835,-12.17697],[-76.38967,-12.1721],[-76.3929,-12.16019],[-76.40629,-12.15483],[-76.42428,-12.15336],[-76.42752,-12.13396],[-76.43427,-12.12246],[-76.44335,-12.12569],[-76.45076,-12.11689],[-76.44342,-12.11125],[-76.42055,-12.11051],[-76.40685,-12.1119],[-76.3967,-12.12287],[-76.39305,-12.13431],[-76.38707,-12.13521],[-76.37963,-12.12906],[-76.35462,-12.12523],[-76.34753,-12.12688],[-76.34743,-12.14592],[-76.34001,-12.14803],[-76.34142,-12.16033],[-76.32905,-12.16519],[-76.32004,-12.16306],[-76.31332,-12.16934],[-76.31193,-12.18429],[-76.32128,-12.18789],[-76.32121,-12.20247]]]}},{"type":"Feature","properties":{"ubigeo":"150712","nombre":"Laraos"},"geometry":{"type":"Polygon","coordinates":[[[-76.50385,-11.55787],[-76.51509,-11.57553],[-76.51906,-11.5946],[-76.52673,-11.59474],[-76.52189,-11.6011],[-76.52269,-11.61143],[-76.51547,-11.61737],[-76.51388,-11.62967],[-76.5311,-11.65131],[-76.52501,-11.66515],[-76.51694,-11.67258],[-76.537,-11.68075],[-76.54136,-11.67998],[-76.55637,-11.69202],[-76.57411,-11.69773],[-76.57948,-11.70231],[-76.58716,-11.69817],[-76.57906,-11.68446],[-76.57626,-11.66127],[-76.57991,-11.65827],[-76.57454,-11.63244],[-76.57528,-11.6211],[-76.56036,-11.61372],[-76.55796,-11.60915],[-76.55957,-11.5943],[-76.54748,-11.5703],[-76.54197,-11.5688],[-76.53611,-11.55909],[-76.5455,-11.53568],[-76.5424,-11.52597],[-76.54497,-11.52217],[-76.54292,-11.51749],[-76.53011,-11.51228],[-76.52469,-11.49414],[-76.51293,-11.48914],[-76.50402,-11.47763],[-76.50269,-11.46615],[-76.49498,-11.45823],[-76.48428,-11.45877],[-76.47533,-11.46708],[-76.47823,-11.4733],[-76.46609,-11.50317],[-76.47081,-11.50905],[-76.47919,-11.50355],[-76.49077,-11.50467],[-76.49375,-11.51097],[-76.50487,-11.52025],[-76.50851,-11.53479],[-76.503,-11.55116],[-76.50385,-11.55787]]]}},{"type":"Feature","properties":{"ubigeo":"150713","nombre":"Mariatana"},"geometry":{"type":"Polygon","coordinates":[[[-76.30514,-12.2151],[-76.29936,-12.22104],[-76.29301,-12.23436],[-76.29872,-12.24272],[-76.29707,-12.24732],[-76.30046,-12.25735],[-76.30191,-12.26893],[-76.30755,-12.27974],[-76.31822,-12.28538],[-76.32372,-12.29155],[-76.32856,-12.3129],[-76.33527,-12.32018],[-76.33832,-12.3282],[-76.346,-12.33773],[-76.34933,-12.33905],[-76.37261,-12.33491],[-76.37766,-12.32099],[-76.38579,-12.31747],[-76.39513,-12.31206],[-76.40954,-12.30876],[-76.42009,-12.31056],[-76.42737,-12.30673],[-76.44056,-12.29354],[-76.43609,-12.27827],[-76.435,-12.26327],[-76.42414,-12.25291],[-76.42076,-12.23924],[-76.41344,-12.23454],[-76.40961,-12.22729],[-76.41044,-12.21667],[-76.3974,-12.19821],[-76.38898,-12.19927],[-76.36662,-12.19674],[-76.36202,-12.20096],[-76.3518,-12.19579],[-76.33903,-12.2016],[-76.33191,-12.19862],[-76.32121,-12.20247],[-76.30514,-12.2151]]]}},{"type":"Feature","properties":{"ubigeo":"150714","nombre":"Ricardo Palma"},"geometry":{"type":"Polygon","coordinates":[[[-76.58175,-11.94959],[-76.58797,-11.94847],[-76.60573,-11.95437],[-76.6133,-11.96109],[-76.62533,-11.95866],[-76.64024,-11.96794],[-76.64833,-11.96737],[-76.64696,-11.95288],[-76.66242,-11.9366],[-76.67172,-11.92894],[-76.66886,-11.92367],[-76.65611,-11.92223],[-76.65139,-11.92565],[-76.62758,-11.9222],[-76.61417,-11.91325],[-76.60939,-11.91403],[-76.59384,-11.90803],[-76.5915,-11.92352],[-76.5861,-11.93441],[-76.58175,-11.94959]]]}},{"type":"Feature","properties":{"ubigeo":"150715","nombre":"San Andrés de Tupicocha"},"geometry":{"type":"Polygon","coordinates":[[[-76.44394,-12.03775],[-76.45908,-12.03549],[-76.47512,-12.03929],[-76.48137,-12.04732],[-76.48647,-12.04139],[-76.50155,-12.03834],[-76.50822,-12.02196],[-76.51463,-12.01704],[-76.5023,-12.00334],[-76.49452,-11.9897],[-76.4927,-11.97853],[-76.48604,-11.97449],[-76.49215,-11.9585],[-76.48331,-11.95141],[-76.49053,-11.93592],[-76.46428,-11.93838],[-76.45274,-11.92621],[-76.44381,-11.93424],[-76.43175,-11.93908],[-76.42744,-11.94462],[-76.41563,-11.9446],[-76.41259,-11.95811],[-76.39754,-11.97669],[-76.39891,-11.98135],[-76.4114,-11.97866],[-76.41882,-11.98361],[-76.42253,-11.9954],[-76.42017,-12.00577],[-76.42308,-12.02235],[-76.4371,-12.0295],[-76.44394,-12.03775]]]}},{"type":"Feature","properties":{"ubigeo":"150716","nombre":"San Antonio"},"geometry":{"type":"Polygon","coordinates":[[[-76.61733,-11.78046],[-76.64067,-11.7711],[-76.6557,-11.77033],[-76.66753,-11.7629],[-76.67606,-11.76486],[-76.67492,-11.77533],[-76.66925,-11.77983],[-76.66292,-11.79564],[-76.66806,-11.81013],[-76.66679,-11.82037],[-76.67386,-11.82582],[-76.67648,-11.83809],[-76.68131,-11.84793],[-76.67985,-11.85458],[-76.68373,-11.86023],[-76.70294,-11.87545],[-76.70402,-11.89138],[-76.71091,-11.89215],[-76.7178,-11.88759],[-76.72794,-11.87571],[-76.73339,-11.88638],[-76.74169,-11.895],[-76.74701,-11.89439],[-76.75706,-11.9029],[-76.77696,-11.91569],[-76.78019,-11.91579],[-76.79168,-11.92761],[-76.79801,-11.92936],[-76.81637,-11.92682],[-76.82528,-11.93431],[-76.8259,-11.94103],[-76.832,-11.94516],[-76.8455,-11.93578],[-76.85468,-11.93721],[-76.86589,-11.94635],[-76.8864,-11.95231],[-76.89375,-11.95622],[-76.90798,-11.95412],[-76.91655,-11.95984],[-76.92023,-11.9578],[-76.92349,-11.9473],[-76.93137,-11.94217],[-76.92753,-11.93411],[-76.91467,-11.92609],[-76.91827,-11.91966],[-76.918,-11.90645],[-76.91211,-11.88927],[-76.8989,-11.88247],[-76.89609,-11.86413],[-76.91184,-11.86494],[-76.93066,-11.87061],[-76.93677,-11.86918],[-76.94228,-11.86087],[-76.93421,-11.84466],[-76.93564,-11.83368],[-76.91641,-11.83136],[-76.90327,-11.82271],[-76.90589,-11.81685],[-76.90661,-11.79612],[-76.89649,-11.79322],[-76.87749,-11.7946],[-76.86154,-11.79887],[-76.85124,-11.79815],[-76.8433,-11.7857],[-76.83461,-11.77882],[-76.82554,-11.7773],[-76.80487,-11.75587],[-76.79587,-11.75263],[-76.77668,-11.74],[-76.75339,-11.73153],[-76.7506,-11.72768],[-76.7497,-11.71205],[-76.74005,-11.69812],[-76.72729,-11.69398],[-76.71827,-11.69515],[-76.70737,-11.69131],[-76.68829,-11.67173],[-76.6794,-11.67103],[-76.66549,-11.65877],[-76.65745,-11.65743],[-76.64535,-11.6601],[-76.63042,-11.6532],[-76.61586,-11.65275],[-76.63402,-11.67684],[-76.64578,-11.69669],[-76.64547,-11.71059],[-76.63651,-11.72428],[-76.62261,-11.72301],[-76.60273,-11.72914],[-76.60876,-11.73941],[-76.61493,-11.7432],[-76.61708,-11.75039],[-76.61305,-11.75511],[-76.61491,-11.77733],[-76.61733,-11.78046]]]}},{"type":"Feature","properties":{"ubigeo":"150717","nombre":"San Bartolomé"},"geometry":{"type":"Polygon","coordinates":[[[-76.49053,-11.93592],[-76.50197,-11.93405],[-76.50341,-11.94547],[-76.50859,-11.95898],[-76.50704,-11.96746],[-76.51617,-11.95462],[-76.52032,-11.93917],[-76.53063,-11.9269],[-76.53018,-11.90421],[-76.53726,-11.89348],[-76.52581,-11.88475],[-76.51367,-11.87989],[-76.49847,-11.86349],[-76.50018,-11.88005],[-76.49745,-11.8884],[-76.48918,-11.88623],[-76.47329,-11.91118],[-76.45714,-11.92512],[-76.45274,-11.92621],[-76.46428,-11.93838],[-76.49053,-11.93592]]]}},{"type":"Feature","properties":{"ubigeo":"150718","nombre":"San Damian"},"geometry":{"type":"Polygon","coordinates":[[[-76.33412,-12.06113],[-76.34544,-12.06468],[-76.34982,-12.06278],[-76.37095,-12.0657],[-76.38212,-12.0603],[-76.39633,-12.06297],[-76.40596,-12.07533],[-76.41345,-12.07926],[-76.41747,-12.07566],[-76.43346,-12.07253],[-76.44382,-12.06561],[-76.44611,-12.06006],[-76.44185,-12.04791],[-76.44394,-12.03775],[-76.4371,-12.0295],[-76.42308,-12.02235],[-76.42017,-12.00577],[-76.42253,-11.9954],[-76.41882,-11.98361],[-76.4114,-11.97866],[-76.39891,-11.98135],[-76.39754,-11.97669],[-76.41259,-11.95811],[-76.41563,-11.9446],[-76.39819,-11.92898],[-76.39671,-11.92152],[-76.38811,-11.9185],[-76.37714,-11.91881],[-76.36652,-11.90388],[-76.35772,-11.89997],[-76.35177,-11.90121],[-76.34777,-11.89411],[-76.32463,-11.87656],[-76.30908,-11.84879],[-76.31059,-11.84191],[-76.30032,-11.84746],[-76.29691,-11.84373],[-76.28236,-11.84205],[-76.26649,-11.86441],[-76.26249,-11.88779],[-76.24189,-11.89487],[-76.24461,-11.89982],[-76.23977,-11.90774],[-76.23148,-11.90593],[-76.22266,-11.90812],[-76.21855,-11.91273],[-76.21562,-11.9244],[-76.22079,-11.93246],[-76.22488,-11.9499],[-76.25393,-11.96364],[-76.24824,-11.9777],[-76.25596,-11.98384],[-76.26204,-11.99436],[-76.26926,-11.99871],[-76.28431,-12.00315],[-76.29692,-12.01019],[-76.30695,-12.00885],[-76.30993,-12.01666],[-76.32063,-12.02206],[-76.32446,-12.02829],[-76.32814,-12.05614],[-76.33412,-12.06113]]]}},{"type":"Feature","properties":{"ubigeo":"150719","nombre":"San Juan de Iris"},"geometry":{"type":"Polygon","coordinates":[[[-76.44699,-11.77769],[-76.45798,-11.77909],[-76.46521,-11.77481],[-76.47302,-11.76506],[-76.47343,-11.75457],[-76.47833,-11.74662],[-76.48862,-11.7418],[-76.49428,-11.73472],[-76.51428,-11.73548],[-76.52323,-11.73165],[-76.53565,-11.73519],[-76.54295,-11.73156],[-76.54842,-11.71307],[-76.55098,-11.69817],[-76.55637,-11.69202],[-76.54136,-11.67998],[-76.537,-11.68075],[-76.51694,-11.67258],[-76.50215,-11.67104],[-76.47309,-11.68015],[-76.46299,-11.67657],[-76.4562,-11.68131],[-76.43623,-11.6886],[-76.41901,-11.69881],[-76.4089,-11.69662],[-76.39748,-11.70942],[-76.38723,-11.70838],[-76.38346,-11.71283],[-76.38509,-11.72307],[-76.40837,-11.73828],[-76.41124,-11.74536],[-76.40905,-11.76646],[-76.41386,-11.77092],[-76.42204,-11.7699],[-76.42634,-11.77339],[-76.43463,-11.77097],[-76.44699,-11.77769]]]}},{"type":"Feature","properties":{"ubigeo":"150720","nombre":"San Juan de Tantaranche"},"geometry":{"type":"Polygon","coordinates":[[[-76.19525,-12.13273],[-76.20416,-12.11872],[-76.20311,-12.11235],[-76.18614,-12.08989],[-76.16569,-12.07383],[-76.15914,-12.06349],[-76.15316,-12.04801],[-76.14885,-12.04227],[-76.1393,-12.02508],[-76.14387,-12.00916],[-76.1386,-11.99685],[-76.13129,-11.99283],[-76.13568,-11.97451],[-76.15664,-11.97417],[-76.16003,-11.9822],[-76.1828,-11.99603],[-76.20337,-12.00029],[-76.22521,-11.99642],[-76.22441,-11.99253],[-76.20182,-11.95833],[-76.19848,-11.94873],[-76.19846,-11.93774],[-76.19455,-11.92919],[-76.17458,-11.91016],[-76.17004,-11.8934],[-76.16218,-11.88691],[-76.15826,-11.89454],[-76.14177,-11.9046],[-76.11805,-11.92254],[-76.10974,-11.9207],[-76.10723,-11.92784],[-76.11323,-11.93855],[-76.11567,-11.95242],[-76.11291,-11.96707],[-76.11919,-12.02056],[-76.11799,-12.04141],[-76.11362,-12.04767],[-76.12315,-12.07036],[-76.12875,-12.07446],[-76.13705,-12.08913],[-76.15386,-12.09737],[-76.17387,-12.11402],[-76.19195,-12.12746],[-76.19525,-12.13273]]]}},{"type":"Feature","properties":{"ubigeo":"150721","nombre":"San Lorenzo de Quinti"},"geometry":{"type":"Polygon","coordinates":[[[-76.05186,-11.93896],[-76.05259,-11.94824],[-76.04125,-11.95576],[-76.03873,-11.96282],[-76.01962,-11.97596],[-76.01425,-11.98433],[-76.00071,-11.98508],[-75.99318,-11.99468],[-75.99798,-11.99482],[-76.00182,-12.00273],[-75.99918,-12.02012],[-76.00786,-12.02205],[-76.01205,-12.04315],[-76.01847,-12.04861],[-76.01976,-12.06277],[-76.03525,-12.07132],[-76.04135,-12.08142],[-76.05216,-12.08626],[-76.05535,-12.09074],[-76.06135,-12.08852],[-76.06674,-12.10187],[-76.07251,-12.10965],[-76.05679,-12.13273],[-76.07993,-12.15088],[-76.08622,-12.1604],[-76.07655,-12.18183],[-76.06884,-12.18463],[-76.0669,-12.19073],[-76.06997,-12.19664],[-76.06947,-12.20741],[-76.08176,-12.21176],[-76.08989,-12.20558],[-76.09928,-12.20741],[-76.10514,-12.21907],[-76.11175,-12.22493],[-76.12543,-12.22732],[-76.13412,-12.23375],[-76.1518,-12.23936],[-76.16135,-12.24684],[-76.17123,-12.25927],[-76.1806,-12.25944],[-76.19632,-12.26374],[-76.205,-12.2609],[-76.21686,-12.26425],[-76.22052,-12.27548],[-76.22997,-12.28013],[-76.23363,-12.2857],[-76.24845,-12.29893],[-76.25258,-12.29685],[-76.25355,-12.28828],[-76.26072,-12.28366],[-76.25287,-12.26984],[-76.24427,-12.26532],[-76.23683,-12.245],[-76.23779,-12.22789],[-76.23396,-12.21211],[-76.22908,-12.20245],[-76.22897,-12.1924],[-76.22443,-12.18363],[-76.22367,-12.16909],[-76.21885,-12.15727],[-76.21322,-12.14975],[-76.2141,-12.14489],[-76.19809,-12.13624],[-76.19525,-12.13273],[-76.19195,-12.12746],[-76.17387,-12.11402],[-76.15386,-12.09737],[-76.13705,-12.08913],[-76.12875,-12.07446],[-76.12315,-12.07036],[-76.11362,-12.04767],[-76.11799,-12.04141],[-76.11919,-12.02056],[-76.11291,-11.96707],[-76.11567,-11.95242],[-76.11323,-11.93855],[-76.10723,-11.92784],[-76.10974,-11.9207],[-76.08129,-11.91607],[-76.06874,-11.92675],[-76.06708,-11.9309],[-76.05711,-11.92476],[-76.05186,-11.93896]]]}},{"type":"Feature","properties":{"ubigeo":"150722","nombre":"San Mateo"},"geometry":{"type":"Polygon","coordinates":[[[-76.05185,-11.89957],[-76.05034,-11.9096],[-76.05822,-11.91281],[-76.05711,-11.92476],[-76.06708,-11.9309],[-76.06874,-11.92675],[-76.08129,-11.91607],[-76.10974,-11.9207],[-76.11805,-11.92254],[-76.14177,-11.9046],[-76.15826,-11.89454],[-76.16218,-11.88691],[-76.18054,-11.87911],[-76.18927,-11.88806],[-76.20059,-11.8896],[-76.20849,-11.89942],[-76.21068,-11.90636],[-76.21855,-11.91273],[-76.22266,-11.90812],[-76.23148,-11.90593],[-76.23977,-11.90774],[-76.24461,-11.89982],[-76.24189,-11.89487],[-76.26249,-11.88779],[-76.26649,-11.86441],[-76.28236,-11.84205],[-76.29691,-11.84373],[-76.30032,-11.84746],[-76.31059,-11.84191],[-76.32671,-11.83488],[-76.32913,-11.8288],[-76.35523,-11.81111],[-76.35842,-11.79529],[-76.35563,-11.78963],[-76.35972,-11.77028],[-76.35668,-11.74223],[-76.34943,-11.7316],[-76.33864,-11.72218],[-76.33031,-11.7191],[-76.32845,-11.71259],[-76.31872,-11.70842],[-76.31448,-11.70193],[-76.31443,-11.69227],[-76.30584,-11.68435],[-76.3058,-11.6801],[-76.30393,-11.67457],[-76.29501,-11.67395],[-76.28645,-11.68936],[-76.28473,-11.69985],[-76.28543,-11.71748],[-76.27137,-11.73372],[-76.25821,-11.73494],[-76.24816,-11.75432],[-76.25015,-11.75877],[-76.23758,-11.77951],[-76.20355,-11.79298],[-76.19989,-11.79027],[-76.19378,-11.7744],[-76.19296,-11.7525],[-76.18609,-11.73922],[-76.17538,-11.75038],[-76.17288,-11.76256],[-76.15438,-11.78139],[-76.14992,-11.7837],[-76.14375,-11.77658],[-76.13695,-11.78096],[-76.1335,-11.79238],[-76.12521,-11.79545],[-76.1126,-11.81158],[-76.10417,-11.83165],[-76.09812,-11.83685],[-76.09481,-11.8479],[-76.08459,-11.86038],[-76.05818,-11.87996],[-76.05175,-11.89086],[-76.05185,-11.89957]]]}},{"type":"Feature","properties":{"ubigeo":"150723","nombre":"San Mateo de Otao"},"geometry":{"type":"Polygon","coordinates":[[[-76.4411,-11.7905],[-76.44934,-11.8008],[-76.45322,-11.81137],[-76.46027,-11.81799],[-76.46994,-11.82238],[-76.48044,-11.83065],[-76.48437,-11.83677],[-76.48917,-11.85289],[-76.49847,-11.86349],[-76.51367,-11.87989],[-76.52581,-11.88475],[-76.53726,-11.89348],[-76.54362,-11.899],[-76.55698,-11.90506],[-76.57153,-11.90225],[-76.59384,-11.90803],[-76.60136,-11.89879],[-76.59708,-11.88901],[-76.59892,-11.86966],[-76.61476,-11.86866],[-76.61916,-11.85904],[-76.62767,-11.85201],[-76.63334,-11.85162],[-76.61723,-11.84628],[-76.60627,-11.84859],[-76.58837,-11.84225],[-76.58393,-11.83369],[-76.56374,-11.83852],[-76.55579,-11.82696],[-76.54702,-11.82547],[-76.54017,-11.82012],[-76.53667,-11.8095],[-76.53022,-11.80044],[-76.52118,-11.79622],[-76.51615,-11.78996],[-76.51421,-11.77989],[-76.49957,-11.77887],[-76.49129,-11.76994],[-76.48556,-11.77398],[-76.47302,-11.76506],[-76.46521,-11.77481],[-76.45798,-11.77909],[-76.44699,-11.77769],[-76.44828,-11.78417],[-76.4411,-11.7905]]]}},{"type":"Feature","properties":{"ubigeo":"150724","nombre":"San Pedro de Casta"},"geometry":{"type":"Polygon","coordinates":[[[-76.51421,-11.77989],[-76.53329,-11.78191],[-76.54405,-11.77729],[-76.57004,-11.78651],[-76.57274,-11.7979],[-76.58809,-11.79849],[-76.59681,-11.80637],[-76.61926,-11.80908],[-76.62756,-11.81644],[-76.6243,-11.80783],[-76.6246,-11.7959],[-76.61733,-11.78046],[-76.61491,-11.77733],[-76.61305,-11.75511],[-76.61708,-11.75039],[-76.61493,-11.7432],[-76.60876,-11.73941],[-76.59303,-11.74443],[-76.57055,-11.74116],[-76.55767,-11.7428],[-76.54629,-11.73687],[-76.54295,-11.73156],[-76.53565,-11.73519],[-76.52323,-11.73165],[-76.51428,-11.73548],[-76.49428,-11.73472],[-76.48862,-11.7418],[-76.47833,-11.74662],[-76.47343,-11.75457],[-76.47302,-11.76506],[-76.48556,-11.77398],[-76.49129,-11.76994],[-76.49957,-11.77887],[-76.51421,-11.77989]]]}},{"type":"Feature","properties":{"ubigeo":"150725","nombre":"San Pedro de Huancayre"},"geometry":{"type":"Polygon","coordinates":[[[-76.2141,-12.14489],[-76.22164,-12.13832],[-76.22902,-12.12049],[-76.22851,-12.1089],[-76.22434,-12.10671],[-76.21575,-12.09173],[-76.21455,-12.08427],[-76.21769,-12.07318],[-76.20255,-12.05206],[-76.19088,-12.04492],[-76.17991,-12.05031],[-76.17172,-12.05107],[-76.15699,-12.04237],[-76.14885,-12.04227],[-76.15316,-12.04801],[-76.15914,-12.06349],[-76.16569,-12.07383],[-76.18614,-12.08989],[-76.20311,-12.11235],[-76.20416,-12.11872],[-76.19525,-12.13273],[-76.19809,-12.13624],[-76.2141,-12.14489]]]}},{"type":"Feature","properties":{"ubigeo":"150726","nombre":"Sangallaya"},"geometry":{"type":"Polygon","coordinates":[[[-76.24845,-12.29893],[-76.27053,-12.30364],[-76.28046,-12.29479],[-76.28317,-12.28763],[-76.29103,-12.2803],[-76.29122,-12.26859],[-76.30046,-12.25735],[-76.29707,-12.24732],[-76.29872,-12.24272],[-76.29301,-12.23436],[-76.29936,-12.22104],[-76.30514,-12.2151],[-76.29316,-12.20461],[-76.28092,-12.20346],[-76.27084,-12.19579],[-76.27141,-12.18909],[-76.28103,-12.17978],[-76.28434,-12.16415],[-76.27934,-12.15104],[-76.28129,-12.13809],[-76.27324,-12.13596],[-76.25997,-12.1562],[-76.24795,-12.16494],[-76.24385,-12.16232],[-76.23905,-12.15071],[-76.23079,-12.14918],[-76.22562,-12.1557],[-76.21885,-12.15727],[-76.22367,-12.16909],[-76.22443,-12.18363],[-76.22897,-12.1924],[-76.22908,-12.20245],[-76.23396,-12.21211],[-76.23779,-12.22789],[-76.23683,-12.245],[-76.24427,-12.26532],[-76.25287,-12.26984],[-76.26072,-12.28366],[-76.25355,-12.28828],[-76.25258,-12.29685],[-76.24845,-12.29893]]]}},{"type":"Feature","properties":{"ubigeo":"150727","nombre":"Santa Cruz de Cocachacra"},"geometry":{"type":"Polygon","coordinates":[[[-76.57291,-11.96091],[-76.58175,-11.94959],[-76.5861,-11.93441],[-76.5915,-11.92352],[-76.59384,-11.90803],[-76.57153,-11.90225],[-76.55698,-11.90506],[-76.54362,-11.899],[-76.53726,-11.89348],[-76.53018,-11.90421],[-76.53063,-11.9269],[-76.5327,-11.93938],[-76.55499,-11.9422],[-76.55742,-11.94558],[-76.555,-11.9608],[-76.57291,-11.96091]]]}},{"type":"Feature","properties":{"ubigeo":"150728","nombre":"Santa Eulalia"},"geometry":{"type":"Polygon","coordinates":[[[-76.62756,-11.81644],[-76.62841,-11.82488],[-76.62336,-11.83249],[-76.63334,-11.85162],[-76.62767,-11.85201],[-76.61916,-11.85904],[-76.61476,-11.86866],[-76.59892,-11.86966],[-76.59708,-11.88901],[-76.60136,-11.89879],[-76.59384,-11.90803],[-76.60939,-11.91403],[-76.61417,-11.91325],[-76.62758,-11.9222],[-76.65139,-11.92565],[-76.65611,-11.92223],[-76.66886,-11.92367],[-76.69285,-11.90189],[-76.69414,-11.89656],[-76.70402,-11.89138],[-76.70294,-11.87545],[-76.68373,-11.86023],[-76.67985,-11.85458],[-76.68131,-11.84793],[-76.67648,-11.83809],[-76.67386,-11.82582],[-76.66679,-11.82037],[-76.66806,-11.81013],[-76.66292,-11.79564],[-76.66925,-11.77983],[-76.67492,-11.77533],[-76.67606,-11.76486],[-76.66753,-11.7629],[-76.6557,-11.77033],[-76.64067,-11.7711],[-76.61733,-11.78046],[-76.6246,-11.7959],[-76.6243,-11.80783],[-76.62756,-11.81644]]]}},{"type":"Feature","properties":{"ubigeo":"150729","nombre":"Santiago de Anchucaya"},"geometry":{"type":"Polygon","coordinates":[[[-76.22851,-12.1089],[-76.23615,-12.1017],[-76.23862,-12.09295],[-76.24594,-12.08632],[-76.25537,-12.06317],[-76.25602,-12.0464],[-76.25267,-12.03371],[-76.24727,-12.02917],[-76.24495,-12.01439],[-76.22521,-11.99642],[-76.20337,-12.00029],[-76.1828,-11.99603],[-76.16003,-11.9822],[-76.15664,-11.97417],[-76.13568,-11.97451],[-76.13129,-11.99283],[-76.1386,-11.99685],[-76.14387,-12.00916],[-76.1393,-12.02508],[-76.14885,-12.04227],[-76.15699,-12.04237],[-76.17172,-12.05107],[-76.17991,-12.05031],[-76.19088,-12.04492],[-76.20255,-12.05206],[-76.21769,-12.07318],[-76.21455,-12.08427],[-76.21575,-12.09173],[-76.22434,-12.10671],[-76.22851,-12.1089]]]}},{"type":"Feature","properties":{"ubigeo":"150730","nombre":"Santiago de Tuna"},"geometry":{"type":"Polygon","coordinates":[[[-76.51463,-12.01704],[-76.52559,-12.01917],[-76.53778,-12.02752],[-76.54986,-12.03107],[-76.55839,-12.01892],[-76.54974,-11.99357],[-76.55552,-11.98833],[-76.56466,-11.98561],[-76.56846,-11.98093],[-76.57522,-11.96367],[-76.57291,-11.96091],[-76.555,-11.9608],[-76.55742,-11.94558],[-76.55499,-11.9422],[-76.5327,-11.93938],[-76.53063,-11.9269],[-76.52032,-11.93917],[-76.51617,-11.95462],[-76.50704,-11.96746],[-76.50859,-11.95898],[-76.50341,-11.94547],[-76.50197,-11.93405],[-76.49053,-11.93592],[-76.48331,-11.95141],[-76.49215,-11.9585],[-76.48604,-11.97449],[-76.4927,-11.97853],[-76.49452,-11.9897],[-76.5023,-12.00334],[-76.51463,-12.01704]]]}},{"type":"Feature","properties":{"ubigeo":"150731","nombre":"Santo Domingo de Los Olleros"},"geometry":{"type":"Polygon","coordinates":[[[-76.40928,-12.18488],[-76.40443,-12.19511],[-76.3974,-12.19821],[-76.41044,-12.21667],[-76.40961,-12.22729],[-76.41344,-12.23454],[-76.42076,-12.23924],[-76.42414,-12.25291],[-76.435,-12.26327],[-76.43609,-12.27827],[-76.44056,-12.29354],[-76.42737,-12.30673],[-76.42009,-12.31056],[-76.40954,-12.30876],[-76.39513,-12.31206],[-76.38579,-12.31747],[-76.39383,-12.32364],[-76.39945,-12.34074],[-76.41148,-12.35061],[-76.41971,-12.36216],[-76.42244,-12.3736],[-76.43488,-12.38684],[-76.44314,-12.39166],[-76.45277,-12.40426],[-76.46443,-12.40112],[-76.47101,-12.40292],[-76.47595,-12.40973],[-76.48698,-12.40862],[-76.5012,-12.40065],[-76.51027,-12.38711],[-76.5161,-12.38595],[-76.51969,-12.37364],[-76.52693,-12.36582],[-76.52507,-12.35249],[-76.53766,-12.33937],[-76.5323,-12.3154],[-76.54022,-12.30649],[-76.5475,-12.28572],[-76.55733,-12.27573],[-76.56569,-12.28204],[-76.57925,-12.28653],[-76.58154,-12.29293],[-76.58987,-12.30099],[-76.58883,-12.30952],[-76.59583,-12.31487],[-76.59231,-12.3257],[-76.59649,-12.344],[-76.60743,-12.35289],[-76.60395,-12.36107],[-76.60707,-12.36908],[-76.61668,-12.37283],[-76.62734,-12.36756],[-76.63377,-12.36118],[-76.65083,-12.35616],[-76.66799,-12.36023],[-76.67354,-12.3599],[-76.68192,-12.35325],[-76.67842,-12.33349],[-76.67399,-12.31952],[-76.66986,-12.31967],[-76.66255,-12.30839],[-76.65417,-12.30506],[-76.65202,-12.28858],[-76.63679,-12.27936],[-76.62509,-12.25175],[-76.62096,-12.23817],[-76.6211,-12.22688],[-76.6375,-12.21922],[-76.64564,-12.21182],[-76.64863,-12.20816],[-76.65267,-12.19256],[-76.66203,-12.17796],[-76.66101,-12.17318],[-76.67192,-12.1722],[-76.68792,-12.15183],[-76.69156,-12.14136],[-76.6793,-12.13097],[-76.65808,-12.13823],[-76.64962,-12.13191],[-76.64065,-12.13518],[-76.6384,-12.1396],[-76.62608,-12.14305],[-76.61772,-12.14029],[-76.61253,-12.14407],[-76.60566,-12.1408],[-76.59764,-12.14195],[-76.58892,-12.13798],[-76.58562,-12.13087],[-76.57775,-12.13445],[-76.56096,-12.13213],[-76.55116,-12.12826],[-76.54616,-12.13299],[-76.5435,-12.14527],[-76.52674,-12.15498],[-76.517,-12.16607],[-76.50816,-12.17945],[-76.49693,-12.18305],[-76.48664,-12.18027],[-76.46722,-12.1844],[-76.45948,-12.18861],[-76.4418,-12.18542],[-76.42966,-12.18748],[-76.40928,-12.18488]]]}},{"type":"Feature","properties":{"ubigeo":"150732","nombre":"Surco"},"geometry":{"type":"Polygon","coordinates":[[[-76.41563,-11.9446],[-76.42744,-11.94462],[-76.43175,-11.93908],[-76.44381,-11.93424],[-76.45274,-11.92621],[-76.45714,-11.92512],[-76.47329,-11.91118],[-76.48918,-11.88623],[-76.49745,-11.8884],[-76.50018,-11.88005],[-76.49847,-11.86349],[-76.48917,-11.85289],[-76.48437,-11.83677],[-76.48044,-11.83065],[-76.46994,-11.82238],[-76.46027,-11.81799],[-76.45322,-11.81137],[-76.44934,-11.8008],[-76.4411,-11.7905],[-76.43178,-11.79151],[-76.43196,-11.80551],[-76.42725,-11.81356],[-76.4348,-11.82596],[-76.42693,-11.85529],[-76.42114,-11.8667],[-76.41481,-11.86861],[-76.39988,-11.88353],[-76.39556,-11.89146],[-76.3934,-11.91251],[-76.39671,-11.92152],[-76.39819,-11.92898],[-76.41563,-11.9446]]]}},{"type":"Feature","properties":{"ubigeo":"150801","nombre":"Huacho"},"geometry":{"type":"Polygon","coordinates":[[[-77.32229,-11.31743],[-77.33119,-11.33429],[-77.33299,-11.34419],[-77.3285,-11.35562],[-77.32054,-11.36392],[-77.32398,-11.38548],[-77.33432,-11.39852],[-77.35365,-11.40256],[-77.37005,-11.41467],[-77.37789,-11.4282],[-77.3777,-11.43641],[-77.38269,-11.44718],[-77.38841,-11.44275],[-77.45037,-11.40481],[-77.49814,-11.37715],[-77.54943,-11.35],[-77.60162,-11.32337],[-77.64292,-11.30448],[-77.64587,-11.2964],[-77.65422,-11.2915],[-77.64634,-11.29218],[-77.6419,-11.28784],[-77.6409,-11.26968],[-77.64662,-11.25533],[-77.64935,-11.23996],[-77.64382,-11.23516],[-77.64734,-11.2224],[-77.64165,-11.21451],[-77.63099,-11.21183],[-77.62756,-11.21712],[-77.61056,-11.21244],[-77.6044,-11.21518],[-77.59654,-11.20633],[-77.59332,-11.19559],[-77.59235,-11.18208],[-77.59536,-11.16558],[-77.60727,-11.14151],[-77.62005,-11.12651],[-77.61211,-11.11939],[-77.61736,-11.10711],[-77.6144,-11.1038],[-77.60093,-11.10302],[-77.59604,-11.0999],[-77.59345,-11.12336],[-77.57447,-11.13417],[-77.56465,-11.12693],[-77.56016,-11.11945],[-77.54852,-11.12412],[-77.53667,-11.12035],[-77.52509,-11.1217],[-77.51779,-11.10684],[-77.50031,-11.10642],[-77.48554,-11.11238],[-77.47892,-11.1232],[-77.46524,-11.13053],[-77.45911,-11.139],[-77.45339,-11.14049],[-77.4489,-11.15018],[-77.41698,-11.15791],[-77.41264,-11.16649],[-77.41363,-11.17357],[-77.42435,-11.19184],[-77.44226,-11.2028],[-77.44566,-11.21928],[-77.44738,-11.23695],[-77.44374,-11.24599],[-77.4315,-11.25126],[-77.42596,-11.25656],[-77.40864,-11.26415],[-77.40225,-11.273],[-77.39351,-11.27503],[-77.3889,-11.28572],[-77.39163,-11.29336],[-77.38741,-11.30547],[-77.37386,-11.31713],[-77.35395,-11.31896],[-77.34148,-11.31213],[-77.32704,-11.31377],[-77.32229,-11.31743]]]}},{"type":"Feature","properties":{"ubigeo":"150802","nombre":"Ambar"},"geometry":{"type":"Polygon","coordinates":[[[-77.12596,-10.64695],[-77.12272,-10.64896],[-77.11729,-10.66267],[-77.1092,-10.6656],[-77.10321,-10.67288],[-77.09432,-10.67075],[-77.09285,-10.66649],[-77.08437,-10.66675],[-77.06653,-10.67912],[-77.06588,-10.68793],[-77.05509,-10.69138],[-77.04833,-10.6799],[-77.04042,-10.67794],[-77.02459,-10.6786],[-77.0167,-10.69108],[-77.01097,-10.69599],[-77.008,-10.69991],[-77.01381,-10.70719],[-77.0234,-10.70615],[-77.02461,-10.71477],[-77.03257,-10.7219],[-77.03484,-10.73275],[-77.0433,-10.73773],[-77.06941,-10.74477],[-77.08074,-10.74392],[-77.08606,-10.75354],[-77.09942,-10.74826],[-77.12361,-10.7516],[-77.13093,-10.75552],[-77.14029,-10.7561],[-77.16216,-10.76737],[-77.1669,-10.77701],[-77.17662,-10.77808],[-77.17888,-10.78732],[-77.18808,-10.8048],[-77.17754,-10.80575],[-77.17045,-10.81406],[-77.16423,-10.83052],[-77.16433,-10.83562],[-77.15649,-10.84924],[-77.15918,-10.86698],[-77.16374,-10.87009],[-77.16572,-10.88315],[-77.16289,-10.9018],[-77.16648,-10.90641],[-77.16804,-10.91854],[-77.18162,-10.92188],[-77.19421,-10.93002],[-77.19551,-10.94709],[-77.19423,-10.9575],[-77.20339,-10.9667],[-77.21275,-10.96817],[-77.22129,-10.96423],[-77.23811,-10.94521],[-77.24145,-10.93316],[-77.25274,-10.92525],[-77.27015,-10.92904],[-77.28066,-10.92143],[-77.29187,-10.90513],[-77.30351,-10.90381],[-77.30713,-10.90015],[-77.31232,-10.90546],[-77.32632,-10.90656],[-77.34006,-10.90601],[-77.34458,-10.89107],[-77.34993,-10.88788],[-77.36015,-10.89354],[-77.36967,-10.89268],[-77.37474,-10.89741],[-77.38091,-10.88858],[-77.39799,-10.87809],[-77.41361,-10.88839],[-77.41957,-10.90652],[-77.43864,-10.90722],[-77.44429,-10.9161],[-77.46222,-10.87007],[-77.45815,-10.80996],[-77.44679,-10.80168],[-77.43878,-10.80298],[-77.43151,-10.78975],[-77.42568,-10.7687],[-77.4163,-10.76531],[-77.40249,-10.76798],[-77.3945,-10.75572],[-77.38674,-10.75274],[-77.38499,-10.74022],[-77.37355,-10.73022],[-77.3655,-10.71441],[-77.37314,-10.71512],[-77.38566,-10.70779],[-77.3948,-10.70182],[-77.40379,-10.69097],[-77.40163,-10.67605],[-77.39531,-10.66154],[-77.3889,-10.65765],[-77.38011,-10.63944],[-77.3673,-10.6383],[-77.34692,-10.60645],[-77.3447,-10.60798],[-77.32946,-10.61805],[-77.31881,-10.63216],[-77.31412,-10.64133],[-77.30409,-10.64778],[-77.30018,-10.65975],[-77.29433,-10.66039],[-77.26727,-10.67297],[-77.26089,-10.67242],[-77.24682,-10.68334],[-77.22163,-10.68167],[-77.21531,-10.67721],[-77.20549,-10.68039],[-77.19723,-10.68683],[-77.18789,-10.67859],[-77.17748,-10.67725],[-77.17482,-10.67051],[-77.15301,-10.66743],[-77.14115,-10.65475],[-77.13778,-10.64688],[-77.12596,-10.64695]]]}},{"type":"Feature","properties":{"ubigeo":"150803","nombre":"Caleta de Carquin"},"geometry":{"type":"Polygon","coordinates":[[[-77.62829,-11.08441],[-77.60874,-11.07723],[-77.60954,-11.08686],[-77.61362,-11.09198],[-77.62535,-11.09894],[-77.63386,-11.09361],[-77.62829,-11.08441]]]}},{"type":"Feature","properties":{"ubigeo":"150804","nombre":"Checras"},"geometry":{"type":"Polygon","coordinates":[[[-76.78755,-11.02255],[-76.79757,-11.01075],[-76.8081,-11.00227],[-76.80919,-10.98859],[-76.81549,-10.97896],[-76.82011,-10.97831],[-76.8448,-10.98956],[-76.85606,-10.98233],[-76.86463,-10.9817],[-76.86167,-10.97558],[-76.86532,-10.95793],[-76.86945,-10.94849],[-76.87954,-10.94],[-76.88419,-10.93266],[-76.8945,-10.93028],[-76.90002,-10.91989],[-76.91102,-10.91042],[-76.91338,-10.90343],[-76.92495,-10.89564],[-76.94446,-10.89116],[-76.95741,-10.88126],[-76.96097,-10.87508],[-76.97293,-10.87585],[-76.9689,-10.86391],[-76.95479,-10.86167],[-76.94557,-10.86078],[-76.92348,-10.85278],[-76.91592,-10.85972],[-76.90273,-10.84991],[-76.90181,-10.84539],[-76.89213,-10.84352],[-76.87968,-10.85399],[-76.87644,-10.85971],[-76.86428,-10.86679],[-76.84795,-10.87315],[-76.84275,-10.88074],[-76.82499,-10.89293],[-76.82009,-10.90136],[-76.80869,-10.90706],[-76.79861,-10.91907],[-76.78727,-10.92625],[-76.78205,-10.92608],[-76.78246,-10.94435],[-76.77567,-10.96557],[-76.77892,-10.9892],[-76.77719,-11.00475],[-76.78562,-11.01582],[-76.78755,-11.02255]]]}},{"type":"Feature","properties":{"ubigeo":"150805","nombre":"Hualmay"},"geometry":{"type":"Polygon","coordinates":[[[-77.61736,-11.10711],[-77.62535,-11.09894],[-77.61362,-11.09198],[-77.60954,-11.08686],[-77.60874,-11.07723],[-77.59821,-11.07536],[-77.59487,-11.09472],[-77.59604,-11.0999],[-77.60093,-11.10302],[-77.6144,-11.1038],[-77.61736,-11.10711]]]}},{"type":"Feature","properties":{"ubigeo":"150806","nombre":"Huaura"},"geometry":{"type":"Polygon","coordinates":[[[-77.36106,-11.11007],[-77.37855,-11.1073],[-77.39398,-11.10969],[-77.40439,-11.10632],[-77.41282,-11.10764],[-77.44051,-11.10604],[-77.45452,-11.10192],[-77.46919,-11.09338],[-77.48359,-11.09295],[-77.51252,-11.07785],[-77.52118,-11.07918],[-77.5459,-11.06764],[-77.55692,-11.06636],[-77.57477,-11.0706],[-77.59323,-11.07195],[-77.59821,-11.07536],[-77.60874,-11.07723],[-77.62829,-11.08441],[-77.63738,-11.0713],[-77.63226,-11.0611],[-77.62233,-11.05817],[-77.60786,-11.05866],[-77.60119,-11.05508],[-77.60481,-11.03189],[-77.59678,-11.03256],[-77.58531,-11.02764],[-77.5758,-11.03112],[-77.57472,-11.02625],[-77.56248,-11.02141],[-77.54388,-11.01722],[-77.53425,-11.00518],[-77.53297,-10.99411],[-77.53627,-10.99101],[-77.53215,-10.97778],[-77.52821,-10.9761],[-77.52263,-10.96406],[-77.52656,-10.95973],[-77.53954,-10.95687],[-77.52571,-10.93198],[-77.47826,-10.91861],[-77.44429,-10.9161],[-77.43864,-10.90722],[-77.41957,-10.90652],[-77.41361,-10.88839],[-77.39799,-10.87809],[-77.38091,-10.88858],[-77.37474,-10.89741],[-77.36967,-10.89268],[-77.36015,-10.89354],[-77.34993,-10.88788],[-77.34458,-10.89107],[-77.34006,-10.90601],[-77.32632,-10.90656],[-77.33449,-10.91434],[-77.33675,-10.92803],[-77.33555,-10.94017],[-77.32617,-10.94886],[-77.32432,-10.95788],[-77.32881,-10.97455],[-77.33731,-10.98959],[-77.34139,-10.99133],[-77.34355,-11.00169],[-77.34147,-11.01387],[-77.34748,-11.01903],[-77.35465,-11.03592],[-77.36151,-11.04212],[-77.3597,-11.04639],[-77.36003,-11.06818],[-77.36382,-11.07112],[-77.36593,-11.08489],[-77.36106,-11.11007]]]}},{"type":"Feature","properties":{"ubigeo":"150807","nombre":"Leoncio Prado"},"geometry":{"type":"Polygon","coordinates":[[[-76.78755,-11.02255],[-76.78695,-11.03371],[-76.78245,-11.04575],[-76.78774,-11.0571],[-76.79327,-11.07637],[-76.80049,-11.08268],[-76.81227,-11.08707],[-76.81484,-11.09873],[-76.82899,-11.10345],[-76.83664,-11.10223],[-76.84039,-11.09448],[-76.84946,-11.09079],[-76.87015,-11.08747],[-76.87854,-11.08276],[-76.90758,-11.08761],[-76.94268,-11.07825],[-76.95134,-11.08702],[-76.97853,-11.10041],[-76.98472,-11.10121],[-77.00944,-11.12156],[-77.01253,-11.13031],[-77.02041,-11.13521],[-77.03042,-11.13245],[-77.03725,-11.13728],[-77.04641,-11.13837],[-77.05428,-11.1253],[-77.05657,-11.11645],[-77.05068,-11.10764],[-77.05204,-11.09576],[-77.0338,-11.0843],[-77.03399,-11.07708],[-77.04155,-11.07058],[-77.0479,-11.05829],[-77.06105,-11.0483],[-77.06894,-11.04534],[-77.08508,-11.03454],[-77.09484,-11.03054],[-77.08425,-11.01602],[-77.07959,-11.01982],[-77.06728,-11.01733],[-77.05881,-11.02589],[-77.03837,-11.03579],[-77.0281,-11.03624],[-77.01466,-11.03073],[-76.99587,-11.03674],[-76.98664,-11.04333],[-76.97485,-11.0444],[-76.97216,-11.03768],[-76.95732,-11.02799],[-76.94329,-11.01033],[-76.91122,-10.98847],[-76.90581,-10.9823],[-76.88865,-10.97774],[-76.88143,-10.98209],[-76.86463,-10.9817],[-76.85606,-10.98233],[-76.8448,-10.98956],[-76.82011,-10.97831],[-76.81549,-10.97896],[-76.80919,-10.98859],[-76.8081,-11.00227],[-76.79757,-11.01075],[-76.78755,-11.02255]]]}},{"type":"Feature","properties":{"ubigeo":"150808","nombre":"Paccho"},"geometry":{"type":"Polygon","coordinates":[[[-77.08425,-11.01602],[-77.07763,-11.01246],[-77.07337,-11.00097],[-77.0663,-10.99824],[-77.06299,-10.99121],[-77.05151,-10.97583],[-77.04766,-10.96146],[-77.039,-10.95396],[-77.03894,-10.94988],[-77.0306,-10.94458],[-77.02725,-10.93229],[-77.01638,-10.92474],[-77.01025,-10.9143],[-76.99225,-10.9093],[-76.98603,-10.9003],[-76.98029,-10.88567],[-76.97527,-10.88421],[-76.97293,-10.87585],[-76.96097,-10.87508],[-76.95741,-10.88126],[-76.94446,-10.89116],[-76.92495,-10.89564],[-76.91338,-10.90343],[-76.91102,-10.91042],[-76.90002,-10.91989],[-76.8945,-10.93028],[-76.88419,-10.93266],[-76.87954,-10.94],[-76.86945,-10.94849],[-76.86532,-10.95793],[-76.86167,-10.97558],[-76.86463,-10.9817],[-76.88143,-10.98209],[-76.88865,-10.97774],[-76.90581,-10.9823],[-76.91122,-10.98847],[-76.94329,-11.01033],[-76.95732,-11.02799],[-76.97216,-11.03768],[-76.97485,-11.0444],[-76.98664,-11.04333],[-76.99587,-11.03674],[-77.01466,-11.03073],[-77.0281,-11.03624],[-77.03837,-11.03579],[-77.05881,-11.02589],[-77.06728,-11.01733],[-77.07959,-11.01982],[-77.08425,-11.01602]]]}},{"type":"Feature","properties":{"ubigeo":"150809","nombre":"Santa Leonor"},"geometry":{"type":"Polygon","coordinates":[[[-76.74075,-11.06582],[-76.74213,-11.05553],[-76.73957,-11.041],[-76.74382,-11.03605],[-76.75408,-11.03997],[-76.7656,-11.03512],[-76.77546,-11.04491],[-76.78245,-11.04575],[-76.78695,-11.03371],[-76.78755,-11.02255],[-76.78562,-11.01582],[-76.77719,-11.00475],[-76.77892,-10.9892],[-76.77567,-10.96557],[-76.78246,-10.94435],[-76.78205,-10.92608],[-76.77456,-10.93271],[-76.76231,-10.93184],[-76.75369,-10.93479],[-76.74312,-10.93433],[-76.74141,-10.92668],[-76.73635,-10.92395],[-76.73273,-10.91291],[-76.70695,-10.88855],[-76.6951,-10.87927],[-76.68404,-10.88372],[-76.6739,-10.88452],[-76.65421,-10.88198],[-76.64179,-10.87708],[-76.62392,-10.8669],[-76.61515,-10.86502],[-76.60868,-10.8545],[-76.58821,-10.84505],[-76.58418,-10.85278],[-76.58118,-10.8726],[-76.5783,-10.90251],[-76.57574,-10.91361],[-76.57169,-10.91777],[-76.56836,-10.93481],[-76.56905,-10.9509],[-76.56508,-10.96618],[-76.57917,-10.98138],[-76.58139,-10.98831],[-76.57795,-10.99403],[-76.58016,-11.01084],[-76.57695,-11.01653],[-76.58465,-11.01599],[-76.61753,-11.02882],[-76.6269,-11.02385],[-76.63148,-11.02789],[-76.6336,-11.03832],[-76.65784,-11.03437],[-76.66476,-11.04134],[-76.66741,-11.05168],[-76.67137,-11.05403],[-76.68208,-11.04688],[-76.69252,-11.05165],[-76.7012,-11.05057],[-76.70486,-11.05538],[-76.72056,-11.05234],[-76.72248,-11.05783],[-76.73066,-11.06386],[-76.74075,-11.06582]]]}},{"type":"Feature","properties":{"ubigeo":"150810","nombre":"Santa María"},"geometry":{"type":"Polygon","coordinates":[[[-77.41698,-11.15791],[-77.4489,-11.15018],[-77.45339,-11.14049],[-77.45911,-11.139],[-77.46524,-11.13053],[-77.47892,-11.1232],[-77.48554,-11.11238],[-77.50031,-11.10642],[-77.51779,-11.10684],[-77.52509,-11.1217],[-77.53667,-11.12035],[-77.54852,-11.12412],[-77.56016,-11.11945],[-77.56465,-11.12693],[-77.57447,-11.13417],[-77.59345,-11.12336],[-77.59604,-11.0999],[-77.59487,-11.09472],[-77.59821,-11.07536],[-77.59323,-11.07195],[-77.57477,-11.0706],[-77.55692,-11.06636],[-77.5459,-11.06764],[-77.52118,-11.07918],[-77.51252,-11.07785],[-77.48359,-11.09295],[-77.46919,-11.09338],[-77.45452,-11.10192],[-77.44051,-11.10604],[-77.41282,-11.10764],[-77.40439,-11.10632],[-77.39398,-11.10969],[-77.37855,-11.1073],[-77.36106,-11.11007],[-77.35569,-11.12313],[-77.35312,-11.14896],[-77.35053,-11.15406],[-77.36367,-11.15951],[-77.36635,-11.16544],[-77.38011,-11.16935],[-77.4022,-11.16638],[-77.41698,-11.15791]]]}},{"type":"Feature","properties":{"ubigeo":"150811","nombre":"Sayan"},"geometry":{"type":"Polygon","coordinates":[[[-77.08425,-11.01602],[-77.09484,-11.03054],[-77.08508,-11.03454],[-77.06894,-11.04534],[-77.06105,-11.0483],[-77.0479,-11.05829],[-77.04155,-11.07058],[-77.03399,-11.07708],[-77.0338,-11.0843],[-77.05204,-11.09576],[-77.06917,-11.09054],[-77.07699,-11.09205],[-77.07545,-11.10336],[-77.0791,-11.12462],[-77.08263,-11.1329],[-77.08389,-11.14736],[-77.08786,-11.15286],[-77.08315,-11.16774],[-77.08615,-11.17458],[-77.08505,-11.18461],[-77.07373,-11.18974],[-77.06396,-11.19031],[-77.06003,-11.1951],[-77.06442,-11.2057],[-77.05803,-11.21724],[-77.06024,-11.22436],[-77.05697,-11.23051],[-77.06574,-11.24546],[-77.07144,-11.26843],[-77.07816,-11.27709],[-77.09142,-11.28318],[-77.11095,-11.28238],[-77.13127,-11.29821],[-77.14016,-11.32138],[-77.14511,-11.3418],[-77.15929,-11.34451],[-77.16338,-11.36575],[-77.17514,-11.36187],[-77.18927,-11.36282],[-77.19338,-11.35353],[-77.205,-11.34296],[-77.21567,-11.34393],[-77.22544,-11.34154],[-77.2271,-11.32685],[-77.23072,-11.3153],[-77.24181,-11.30434],[-77.2542,-11.30242],[-77.26954,-11.2938],[-77.27734,-11.28092],[-77.28612,-11.27429],[-77.29023,-11.27756],[-77.30349,-11.2741],[-77.30685,-11.28497],[-77.31223,-11.28892],[-77.31831,-11.30272],[-77.32229,-11.31743],[-77.32704,-11.31377],[-77.34148,-11.31213],[-77.35395,-11.31896],[-77.37386,-11.31713],[-77.38741,-11.30547],[-77.39163,-11.29336],[-77.3889,-11.28572],[-77.39351,-11.27503],[-77.40225,-11.273],[-77.40864,-11.26415],[-77.42596,-11.25656],[-77.4315,-11.25126],[-77.44374,-11.24599],[-77.44738,-11.23695],[-77.44566,-11.21928],[-77.44226,-11.2028],[-77.42435,-11.19184],[-77.41363,-11.17357],[-77.41264,-11.16649],[-77.41698,-11.15791],[-77.4022,-11.16638],[-77.38011,-11.16935],[-77.36635,-11.16544],[-77.36367,-11.15951],[-77.35053,-11.15406],[-77.35312,-11.14896],[-77.35569,-11.12313],[-77.36106,-11.11007],[-77.36593,-11.08489],[-77.36382,-11.07112],[-77.36003,-11.06818],[-77.3597,-11.04639],[-77.36151,-11.04212],[-77.35465,-11.03592],[-77.34748,-11.01903],[-77.34147,-11.01387],[-77.34355,-11.00169],[-77.34139,-10.99133],[-77.33731,-10.98959],[-77.32881,-10.97455],[-77.32432,-10.95788],[-77.32617,-10.94886],[-77.33555,-10.94017],[-77.33675,-10.92803],[-77.33449,-10.91434],[-77.32632,-10.90656],[-77.31232,-10.90546],[-77.30713,-10.90015],[-77.30351,-10.90381],[-77.29187,-10.90513],[-77.28066,-10.92143],[-77.27015,-10.92904],[-77.25274,-10.92525],[-77.24145,-10.93316],[-77.23811,-10.94521],[-77.22129,-10.96423],[-77.21275,-10.96817],[-77.20339,-10.9667],[-77.19423,-10.9575],[-77.18038,-10.96119],[-77.17429,-10.98692],[-77.1706,-10.99111],[-77.16223,-10.99063],[-77.14617,-11.0022],[-77.13884,-11.01123],[-77.12462,-11.00841],[-77.12062,-10.99837],[-77.09996,-11.00275],[-77.08926,-11.00857],[-77.08425,-11.01602]]]}},{"type":"Feature","properties":{"ubigeo":"150812","nombre":"Vegueta"},"geometry":{"type":"Polygon","coordinates":[[[-77.63226,-11.0611],[-77.641,-11.03827],[-77.66175,-11.01265],[-77.64907,-11.00435],[-77.64681,-10.9976],[-77.64849,-10.98726],[-77.66189,-10.96222],[-77.65783,-10.94651],[-77.66466,-10.93705],[-77.67599,-10.914],[-77.69235,-10.89207],[-77.70152,-10.88612],[-77.66042,-10.86677],[-77.64784,-10.86471],[-77.64189,-10.87229],[-77.62832,-10.87069],[-77.62032,-10.86531],[-77.61483,-10.86812],[-77.59953,-10.86003],[-77.59313,-10.86177],[-77.59176,-10.86835],[-77.58592,-10.87313],[-77.56139,-10.8784],[-77.54672,-10.89286],[-77.52571,-10.93198],[-77.53954,-10.95687],[-77.52656,-10.95973],[-77.52263,-10.96406],[-77.52821,-10.9761],[-77.53215,-10.97778],[-77.53627,-10.99101],[-77.53297,-10.99411],[-77.53425,-11.00518],[-77.54388,-11.01722],[-77.56248,-11.02141],[-77.57472,-11.02625],[-77.5758,-11.03112],[-77.58531,-11.02764],[-77.59678,-11.03256],[-77.60481,-11.03189],[-77.60119,-11.05508],[-77.60786,-11.05866],[-77.62233,-11.05817],[-77.63226,-11.0611]]]}},{"type":"Feature","properties":{"ubigeo":"150901","nombre":"Oyon"},"geometry":{"type":"Polygon","coordinates":[[[-76.65566,-10.64678],[-76.65989,-10.66182],[-76.66534,-10.67205],[-76.67077,-10.67577],[-76.66906,-10.68067],[-76.65938,-10.68825],[-76.65819,-10.69893],[-76.65334,-10.70769],[-76.65448,-10.71295],[-76.64902,-10.72072],[-76.64748,-10.73094],[-76.64046,-10.74864],[-76.63422,-10.75249],[-76.62699,-10.76933],[-76.63349,-10.78453],[-76.62556,-10.792],[-76.62722,-10.79709],[-76.62026,-10.81169],[-76.61413,-10.817],[-76.60158,-10.81587],[-76.58926,-10.8367],[-76.58821,-10.84505],[-76.60868,-10.8545],[-76.61515,-10.86502],[-76.62392,-10.8669],[-76.64179,-10.87708],[-76.65421,-10.88198],[-76.6739,-10.88452],[-76.68404,-10.88372],[-76.6951,-10.87927],[-76.70695,-10.88855],[-76.71542,-10.88421],[-76.72621,-10.86907],[-76.73671,-10.85905],[-76.74299,-10.85706],[-76.74601,-10.8492],[-76.73946,-10.83819],[-76.7353,-10.83828],[-76.72639,-10.82654],[-76.72732,-10.81715],[-76.73315,-10.79471],[-76.74092,-10.78836],[-76.75206,-10.76909],[-76.77016,-10.77141],[-76.78071,-10.76547],[-76.78533,-10.74816],[-76.7973,-10.73758],[-76.80277,-10.74616],[-76.8128,-10.74541],[-76.81881,-10.74823],[-76.82349,-10.76001],[-76.8294,-10.75851],[-76.86134,-10.7729],[-76.87491,-10.79134],[-76.87947,-10.80261],[-76.88198,-10.79193],[-76.88088,-10.77799],[-76.88366,-10.7688],[-76.89249,-10.75391],[-76.89317,-10.7383],[-76.90641,-10.72656],[-76.90316,-10.71911],[-76.88999,-10.70208],[-76.89824,-10.68987],[-76.89867,-10.68159],[-76.90672,-10.67183],[-76.90593,-10.66744],[-76.89482,-10.66515],[-76.89074,-10.65442],[-76.87947,-10.65622],[-76.8732,-10.63496],[-76.86851,-10.63317],[-76.86331,-10.62182],[-76.86293,-10.60143],[-76.85942,-10.59565],[-76.86503,-10.5845],[-76.86371,-10.57467],[-76.85854,-10.56889],[-76.8589,-10.56231],[-76.86598,-10.55791],[-76.86101,-10.54987],[-76.85462,-10.54672],[-76.85803,-10.54072],[-76.85595,-10.51782],[-76.85943,-10.5082],[-76.8548,-10.5064],[-76.8572,-10.49336],[-76.84976,-10.47956],[-76.84064,-10.47358],[-76.83375,-10.48262],[-76.82341,-10.48354],[-76.82327,-10.46928],[-76.82913,-10.44523],[-76.82652,-10.44135],[-76.82817,-10.42898],[-76.80951,-10.4236],[-76.7999,-10.41913],[-76.80292,-10.43097],[-76.79985,-10.43956],[-76.78815,-10.43812],[-76.77263,-10.45886],[-76.77281,-10.46364],[-76.74264,-10.4668],[-76.73051,-10.4743],[-76.72915,-10.47907],[-76.72891,-10.51106],[-76.71687,-10.52298],[-76.71579,-10.5313],[-76.71019,-10.54074],[-76.70937,-10.55876],[-76.705,-10.56392],[-76.70251,-10.58287],[-76.70372,-10.58859],[-76.68586,-10.58146],[-76.68547,-10.58801],[-76.68021,-10.59108],[-76.68145,-10.59914],[-76.67537,-10.60192],[-76.6727,-10.60989],[-76.67557,-10.62137],[-76.66134,-10.63523],[-76.65566,-10.64678]]]}},{"type":"Feature","properties":{"ubigeo":"150902","nombre":"Andajes"},"geometry":{"type":"Polygon","coordinates":[[[-76.89213,-10.84352],[-76.90181,-10.84539],[-76.90273,-10.84991],[-76.91592,-10.85972],[-76.92348,-10.85278],[-76.94557,-10.86078],[-76.95479,-10.86167],[-76.95224,-10.85519],[-76.96958,-10.8421],[-76.97996,-10.84069],[-76.97104,-10.83252],[-76.96772,-10.81802],[-76.97398,-10.79963],[-76.9796,-10.79643],[-76.98663,-10.78045],[-76.98399,-10.76458],[-76.97183,-10.76397],[-76.95741,-10.75768],[-76.94912,-10.74679],[-76.94351,-10.73429],[-76.94263,-10.72545],[-76.94759,-10.71334],[-76.95373,-10.70565],[-76.95285,-10.69749],[-76.93819,-10.69092],[-76.93718,-10.68546],[-76.92418,-10.68357],[-76.90887,-10.66715],[-76.90593,-10.66744],[-76.90672,-10.67183],[-76.89867,-10.68159],[-76.89824,-10.68987],[-76.88999,-10.70208],[-76.90316,-10.71911],[-76.90641,-10.72656],[-76.89317,-10.7383],[-76.89249,-10.75391],[-76.88366,-10.7688],[-76.88088,-10.77799],[-76.88198,-10.79193],[-76.87947,-10.80261],[-76.87565,-10.81235],[-76.88542,-10.82518],[-76.89154,-10.83683],[-76.89213,-10.84352]]]}},{"type":"Feature","properties":{"ubigeo":"150903","nombre":"Caujul"},"geometry":{"type":"Polygon","coordinates":[[[-76.95479,-10.86167],[-76.9689,-10.86391],[-76.97293,-10.87585],[-76.97353,-10.87036],[-76.98033,-10.86702],[-76.99065,-10.85533],[-76.99733,-10.83808],[-76.9991,-10.81638],[-77.00371,-10.80976],[-77.00838,-10.78692],[-77.01821,-10.77376],[-77.02271,-10.75907],[-77.0202,-10.7495],[-77.0246,-10.73819],[-77.03484,-10.73275],[-77.03257,-10.7219],[-77.02461,-10.71477],[-77.0234,-10.70615],[-77.01381,-10.70719],[-77.008,-10.69991],[-77.01097,-10.69599],[-77.00768,-10.68889],[-76.99345,-10.68076],[-76.97361,-10.68222],[-76.96025,-10.68765],[-76.95285,-10.69749],[-76.95373,-10.70565],[-76.94759,-10.71334],[-76.94263,-10.72545],[-76.94351,-10.73429],[-76.94912,-10.74679],[-76.95741,-10.75768],[-76.97183,-10.76397],[-76.98399,-10.76458],[-76.98663,-10.78045],[-76.9796,-10.79643],[-76.97398,-10.79963],[-76.96772,-10.81802],[-76.97104,-10.83252],[-76.97996,-10.84069],[-76.96958,-10.8421],[-76.95224,-10.85519],[-76.95479,-10.86167]]]}},{"type":"Feature","properties":{"ubigeo":"150904","nombre":"Cochamarca"},"geometry":{"type":"Polygon","coordinates":[[[-77.06299,-10.99121],[-77.0663,-10.99824],[-77.07337,-11.00097],[-77.07763,-11.01246],[-77.08425,-11.01602],[-77.08926,-11.00857],[-77.09996,-11.00275],[-77.12062,-10.99837],[-77.12462,-11.00841],[-77.13884,-11.01123],[-77.14617,-11.0022],[-77.16223,-10.99063],[-77.1706,-10.99111],[-77.17429,-10.98692],[-77.18038,-10.96119],[-77.19423,-10.9575],[-77.19551,-10.94709],[-77.19421,-10.93002],[-77.18162,-10.92188],[-77.16804,-10.91854],[-77.16648,-10.90641],[-77.16289,-10.9018],[-77.16572,-10.88315],[-77.16374,-10.87009],[-77.15918,-10.86698],[-77.15649,-10.84924],[-77.16433,-10.83562],[-77.16423,-10.83052],[-77.17045,-10.81406],[-77.17754,-10.80575],[-77.18808,-10.8048],[-77.17888,-10.78732],[-77.17662,-10.77808],[-77.1669,-10.77701],[-77.16216,-10.76737],[-77.14029,-10.7561],[-77.13093,-10.75552],[-77.12361,-10.7516],[-77.09942,-10.74826],[-77.08606,-10.75354],[-77.08228,-10.75986],[-77.08329,-10.7737],[-77.0762,-10.78972],[-77.08132,-10.80769],[-77.07682,-10.82024],[-77.08567,-10.83751],[-77.08857,-10.8549],[-77.10552,-10.87156],[-77.1096,-10.87947],[-77.11917,-10.88807],[-77.11467,-10.89972],[-77.10647,-10.90707],[-77.10747,-10.91411],[-77.10298,-10.92416],[-77.08558,-10.92222],[-77.07123,-10.92273],[-77.06957,-10.92587],[-77.07806,-10.93259],[-77.08029,-10.9413],[-77.07533,-10.95468],[-77.07892,-10.96607],[-77.07374,-10.98441],[-77.06299,-10.99121]]]}},{"type":"Feature","properties":{"ubigeo":"150905","nombre":"Navan"},"geometry":{"type":"Polygon","coordinates":[[[-77.06299,-10.99121],[-77.07374,-10.98441],[-77.07892,-10.96607],[-77.07533,-10.95468],[-77.08029,-10.9413],[-77.07806,-10.93259],[-77.06957,-10.92587],[-77.07123,-10.92273],[-77.08558,-10.92222],[-77.10298,-10.92416],[-77.10747,-10.91411],[-77.10647,-10.90707],[-77.11467,-10.89972],[-77.11917,-10.88807],[-77.1096,-10.87947],[-77.10552,-10.87156],[-77.08857,-10.8549],[-77.08567,-10.83751],[-77.07682,-10.82024],[-77.08132,-10.80769],[-77.0762,-10.78972],[-77.08329,-10.7737],[-77.08228,-10.75986],[-77.08606,-10.75354],[-77.08074,-10.74392],[-77.06941,-10.74477],[-77.0433,-10.73773],[-77.03484,-10.73275],[-77.0246,-10.73819],[-77.0202,-10.7495],[-77.02271,-10.75907],[-77.01821,-10.77376],[-77.00838,-10.78692],[-77.00371,-10.80976],[-76.9991,-10.81638],[-76.99733,-10.83808],[-76.99065,-10.85533],[-76.98033,-10.86702],[-76.97353,-10.87036],[-76.97293,-10.87585],[-76.97527,-10.88421],[-76.98029,-10.88567],[-76.98603,-10.9003],[-76.99225,-10.9093],[-77.01025,-10.9143],[-77.01638,-10.92474],[-77.02725,-10.93229],[-77.0306,-10.94458],[-77.03894,-10.94988],[-77.039,-10.95396],[-77.04766,-10.96146],[-77.05151,-10.97583],[-77.06299,-10.99121]]]}},{"type":"Feature","properties":{"ubigeo":"150906","nombre":"Pachangara"},"geometry":{"type":"Polygon","coordinates":[[[-76.78205,-10.92608],[-76.78727,-10.92625],[-76.79861,-10.91907],[-76.80869,-10.90706],[-76.82009,-10.90136],[-76.82499,-10.89293],[-76.84275,-10.88074],[-76.84795,-10.87315],[-76.86428,-10.86679],[-76.87644,-10.85971],[-76.87968,-10.85399],[-76.89213,-10.84352],[-76.89154,-10.83683],[-76.88542,-10.82518],[-76.87565,-10.81235],[-76.87947,-10.80261],[-76.87491,-10.79134],[-76.86134,-10.7729],[-76.8294,-10.75851],[-76.82349,-10.76001],[-76.81881,-10.74823],[-76.8128,-10.74541],[-76.80277,-10.74616],[-76.7973,-10.73758],[-76.78533,-10.74816],[-76.78071,-10.76547],[-76.77016,-10.77141],[-76.75206,-10.76909],[-76.74092,-10.78836],[-76.73315,-10.79471],[-76.72732,-10.81715],[-76.72639,-10.82654],[-76.7353,-10.83828],[-76.73946,-10.83819],[-76.74601,-10.8492],[-76.74299,-10.85706],[-76.73671,-10.85905],[-76.72621,-10.86907],[-76.71542,-10.88421],[-76.70695,-10.88855],[-76.73273,-10.91291],[-76.73635,-10.92395],[-76.74141,-10.92668],[-76.74312,-10.93433],[-76.75369,-10.93479],[-76.76231,-10.93184],[-76.77456,-10.93271],[-76.78205,-10.92608]]]}},{"type":"Feature","properties":{"ubigeo":"151001","nombre":"Yauyos"},"geometry":{"type":"Polygon","coordinates":[[[-75.83278,-12.47887],[-75.87025,-12.49149],[-75.88359,-12.48887],[-75.89607,-12.47189],[-75.90248,-12.47562],[-75.9052,-12.48974],[-75.91095,-12.4919],[-75.91619,-12.50936],[-75.91293,-12.51913],[-75.91563,-12.52225],[-75.913,-12.53441],[-75.9142,-12.54575],[-75.92527,-12.5583],[-75.92332,-12.56253],[-75.93437,-12.57176],[-75.93473,-12.5839],[-75.93872,-12.58899],[-75.95027,-12.58682],[-75.9602,-12.58943],[-75.96605,-12.60519],[-75.97308,-12.6059],[-75.9747,-12.6118],[-75.97126,-12.62039],[-75.97811,-12.63187],[-75.99119,-12.59333],[-75.98706,-12.58061],[-75.99336,-12.56767],[-75.99542,-12.55152],[-76.0026,-12.55617],[-76.00994,-12.55553],[-76.01311,-12.55071],[-76.02655,-12.54361],[-76.02987,-12.53406],[-76.04484,-12.52253],[-76.04537,-12.5071],[-76.04152,-12.49423],[-76.03721,-12.4883],[-76.03904,-12.47697],[-76.03052,-12.45979],[-76.01899,-12.44967],[-76.01421,-12.44066],[-76.01192,-12.42931],[-76.01635,-12.42245],[-76.01266,-12.4175],[-75.9863,-12.41288],[-75.9817,-12.40265],[-75.98716,-12.38746],[-75.98038,-12.38251],[-75.98011,-12.37011],[-75.97378,-12.36214],[-75.97306,-12.35309],[-75.96441,-12.33989],[-75.94982,-12.33282],[-75.93548,-12.33969],[-75.92889,-12.35043],[-75.92675,-12.35895],[-75.91825,-12.36954],[-75.90508,-12.38132],[-75.9065,-12.39724],[-75.8995,-12.39519],[-75.88839,-12.40619],[-75.88299,-12.41987],[-75.88499,-12.42993],[-75.87078,-12.45122],[-75.86222,-12.44594],[-75.856,-12.44846],[-75.85441,-12.46194],[-75.84324,-12.47223],[-75.83278,-12.47887]]]}},{"type":"Feature","properties":{"ubigeo":"151002","nombre":"Alis"},"geometry":{"type":"Polygon","coordinates":[[[-75.59254,-12.31556],[-75.60285,-12.30479],[-75.60651,-12.29735],[-75.61351,-12.29209],[-75.62722,-12.29879],[-75.63047,-12.30773],[-75.6504,-12.31428],[-75.65986,-12.32114],[-75.66511,-12.32136],[-75.6746,-12.32779],[-75.68318,-12.34268],[-75.68991,-12.3455],[-75.7042,-12.33787],[-75.71368,-12.33883],[-75.72983,-12.3177],[-75.73944,-12.3156],[-75.74828,-12.30725],[-75.76117,-12.3147],[-75.77468,-12.30455],[-75.80197,-12.29824],[-75.80713,-12.29281],[-75.80456,-12.28694],[-75.80564,-12.27328],[-75.81294,-12.27179],[-75.80983,-12.26198],[-75.786,-12.25245],[-75.78189,-12.23782],[-75.77784,-12.23272],[-75.77113,-12.24285],[-75.76046,-12.23993],[-75.75282,-12.24712],[-75.74809,-12.26476],[-75.73629,-12.28363],[-75.73534,-12.29317],[-75.73094,-12.29103],[-75.72724,-12.27438],[-75.72313,-12.26969],[-75.7175,-12.27101],[-75.70563,-12.26316],[-75.68901,-12.26957],[-75.66249,-12.26575],[-75.64494,-12.25686],[-75.6421,-12.24823],[-75.62943,-12.24605],[-75.61612,-12.25649],[-75.61624,-12.26384],[-75.60916,-12.26772],[-75.59145,-12.29734],[-75.58641,-12.30078],[-75.59254,-12.31556]]]}},{"type":"Feature","properties":{"ubigeo":"151003","nombre":"Allauca"},"geometry":{"type":"Polygon","coordinates":[[[-75.97811,-12.63187],[-75.97226,-12.64678],[-75.96713,-12.64718],[-75.95733,-12.66566],[-75.96172,-12.6707],[-75.96382,-12.69187],[-75.96779,-12.70497],[-75.96267,-12.71441],[-75.95583,-12.7161],[-75.94601,-12.73502],[-75.94341,-12.74768],[-75.94721,-12.75679],[-75.94685,-12.76425],[-75.94067,-12.7724],[-75.91688,-12.78157],[-75.91067,-12.79005],[-75.8923,-12.79352],[-75.89314,-12.80052],[-75.90054,-12.80987],[-75.90416,-12.8146],[-75.91398,-12.81828],[-75.91862,-12.8295],[-75.92989,-12.83615],[-75.93697,-12.84492],[-75.94556,-12.84199],[-75.95941,-12.84897],[-75.95483,-12.83693],[-75.94113,-12.81951],[-75.94253,-12.80214],[-75.95777,-12.79497],[-75.97044,-12.78508],[-75.98393,-12.7823],[-75.98827,-12.76747],[-75.99324,-12.75888],[-76.00002,-12.75689],[-76.00474,-12.76335],[-76.00753,-12.77577],[-76.01735,-12.78182],[-76.02163,-12.78935],[-76.04517,-12.78196],[-76.05457,-12.78954],[-76.06336,-12.79294],[-76.07266,-12.79242],[-76.07815,-12.78721],[-76.08346,-12.79368],[-76.09155,-12.79559],[-76.09723,-12.80131],[-76.10657,-12.80098],[-76.11413,-12.79279],[-76.12542,-12.78662],[-76.12234,-12.78356],[-76.1194,-12.76225],[-76.10945,-12.75675],[-76.10024,-12.75939],[-76.08942,-12.75339],[-76.08362,-12.74272],[-76.08227,-12.73273],[-76.07539,-12.72419],[-76.07627,-12.70851],[-76.07311,-12.70452],[-76.07881,-12.68454],[-76.08435,-12.67486],[-76.09516,-12.66736],[-76.09687,-12.65183],[-76.0949,-12.63454],[-76.0889,-12.62667],[-76.08771,-12.61937],[-76.09729,-12.61632],[-76.10536,-12.60022],[-76.1169,-12.59479],[-76.11783,-12.58563],[-76.10862,-12.5688],[-76.1197,-12.55721],[-76.12777,-12.54272],[-76.12922,-12.53112],[-76.13886,-12.52334],[-76.1433,-12.51187],[-76.13645,-12.49154],[-76.12747,-12.47532],[-76.12731,-12.46951],[-76.11663,-12.46723],[-76.10603,-12.45251],[-76.09486,-12.46698],[-76.08978,-12.46539],[-76.08514,-12.45717],[-76.06821,-12.44179],[-76.05303,-12.43964],[-76.05017,-12.43099],[-76.03776,-12.43031],[-76.03548,-12.42279],[-76.02529,-12.41983],[-76.01635,-12.42245],[-76.01192,-12.42931],[-76.01421,-12.44066],[-76.01899,-12.44967],[-76.03052,-12.45979],[-76.03904,-12.47697],[-76.03721,-12.4883],[-76.04152,-12.49423],[-76.04537,-12.5071],[-76.04484,-12.52253],[-76.02987,-12.53406],[-76.02655,-12.54361],[-76.01311,-12.55071],[-76.00994,-12.55553],[-76.0026,-12.55617],[-75.99542,-12.55152],[-75.99336,-12.56767],[-75.98706,-12.58061],[-75.99119,-12.59333],[-75.97811,-12.63187]]]}},{"type":"Feature","properties":{"ubigeo":"151004","nombre":"Ayaviri"},"geometry":{"type":"Polygon","coordinates":[[[-75.94418,-12.32267],[-75.94982,-12.33282],[-75.96441,-12.33989],[-75.97306,-12.35309],[-75.97378,-12.36214],[-75.98011,-12.37011],[-75.98038,-12.38251],[-75.98716,-12.38746],[-75.9817,-12.40265],[-75.9863,-12.41288],[-76.01266,-12.4175],[-76.01635,-12.42245],[-76.02529,-12.41983],[-76.03548,-12.42279],[-76.03776,-12.43031],[-76.05017,-12.43099],[-76.05303,-12.43964],[-76.06821,-12.44179],[-76.08514,-12.45717],[-76.08978,-12.46539],[-76.09486,-12.46698],[-76.10603,-12.45251],[-76.11068,-12.43356],[-76.12134,-12.41921],[-76.12708,-12.4166],[-76.14813,-12.41625],[-76.14691,-12.38897],[-76.15074,-12.36547],[-76.14099,-12.34479],[-76.13287,-12.34414],[-76.12371,-12.35363],[-76.10274,-12.35425],[-76.09197,-12.34487],[-76.0862,-12.34335],[-76.0676,-12.34431],[-76.05057,-12.33975],[-76.05287,-12.32677],[-76.03958,-12.32485],[-76.03681,-12.31465],[-76.026,-12.30465],[-76.0249,-12.29814],[-76.00307,-12.28115],[-75.99242,-12.28201],[-75.98698,-12.27509],[-75.98403,-12.26452],[-75.9706,-12.25752],[-75.95871,-12.25964],[-75.94726,-12.27145],[-75.94854,-12.29167],[-75.9438,-12.29834],[-75.94199,-12.314],[-75.94418,-12.32267]]]}},{"type":"Feature","properties":{"ubigeo":"151005","nombre":"Azángaro"},"geometry":{"type":"Polygon","coordinates":[[[-75.76459,-13.01824],[-75.77248,-13.03786],[-75.78235,-13.04433],[-75.79341,-13.05584],[-75.80206,-13.06043],[-75.80775,-13.05157],[-75.81648,-13.05347],[-75.8202,-13.04764],[-75.82165,-13.03324],[-75.82689,-13.02941],[-75.83906,-13.03072],[-75.848,-13.0361],[-75.87187,-13.02464],[-75.87878,-13.01599],[-75.87361,-13.00424],[-75.873,-12.99509],[-75.88018,-12.98104],[-75.87605,-12.96722],[-75.86658,-12.96374],[-75.85056,-12.96499],[-75.84743,-12.9626],[-75.8311,-12.97605],[-75.81452,-12.98268],[-75.80388,-12.98202],[-75.79196,-12.98909],[-75.78068,-13.00071],[-75.77253,-13.01207],[-75.76459,-13.01824]]]}},{"type":"Feature","properties":{"ubigeo":"151006","nombre":"Cacra"},"geometry":{"type":"Polygon","coordinates":[[[-75.57712,-12.7157],[-75.58658,-12.70282],[-75.59307,-12.6987],[-75.59478,-12.69132],[-75.60147,-12.68888],[-75.60625,-12.69501],[-75.62611,-12.70326],[-75.63528,-12.71266],[-75.63721,-12.72418],[-75.64133,-12.73039],[-75.66025,-12.74162],[-75.69426,-12.73963],[-75.70364,-12.74094],[-75.70991,-12.75022],[-75.71586,-12.76479],[-75.72847,-12.77995],[-75.76733,-12.80743],[-75.77563,-12.80736],[-75.77794,-12.8155],[-75.78631,-12.8227],[-75.78687,-12.83662],[-75.78084,-12.86044],[-75.81168,-12.86114],[-75.82592,-12.85981],[-75.82915,-12.86335],[-75.84323,-12.85946],[-75.84885,-12.85468],[-75.86823,-12.8557],[-75.87513,-12.85241],[-75.88214,-12.84256],[-75.89196,-12.84435],[-75.89779,-12.84969],[-75.90864,-12.84822],[-75.93259,-12.85251],[-75.94556,-12.84199],[-75.93697,-12.84492],[-75.92989,-12.83615],[-75.91862,-12.8295],[-75.91398,-12.81828],[-75.90416,-12.8146],[-75.90054,-12.80987],[-75.89284,-12.80571],[-75.88386,-12.80875],[-75.87083,-12.79967],[-75.86385,-12.80563],[-75.84149,-12.80545],[-75.83419,-12.80104],[-75.8236,-12.80041],[-75.81757,-12.79559],[-75.80038,-12.7906],[-75.7888,-12.77939],[-75.78076,-12.77744],[-75.77496,-12.77042],[-75.76392,-12.76954],[-75.74946,-12.76197],[-75.73811,-12.75169],[-75.72526,-12.75127],[-75.72219,-12.74308],[-75.72853,-12.7339],[-75.71912,-12.72665],[-75.72941,-12.70708],[-75.72395,-12.69814],[-75.7083,-12.69397],[-75.69321,-12.69646],[-75.68894,-12.68983],[-75.68743,-12.67556],[-75.69321,-12.66313],[-75.66467,-12.66377],[-75.6583,-12.66624],[-75.6444,-12.67668],[-75.62384,-12.6727],[-75.61352,-12.67722],[-75.60894,-12.66726],[-75.60189,-12.66627],[-75.59434,-12.67371],[-75.58448,-12.67587],[-75.57501,-12.68665],[-75.56114,-12.67762],[-75.55182,-12.68143],[-75.55488,-12.69119],[-75.55351,-12.70334],[-75.56949,-12.70973],[-75.57712,-12.7157]]]}},{"type":"Feature","properties":{"ubigeo":"151007","nombre":"Carania"},"geometry":{"type":"Polygon","coordinates":[[[-75.8495,-12.39375],[-75.84953,-12.40338],[-75.85698,-12.41057],[-75.85607,-12.41847],[-75.85087,-12.42304],[-75.85825,-12.43061],[-75.85013,-12.44253],[-75.856,-12.44846],[-75.86222,-12.44594],[-75.87078,-12.45122],[-75.88499,-12.42993],[-75.88299,-12.41987],[-75.88839,-12.40619],[-75.8995,-12.39519],[-75.9065,-12.39724],[-75.90508,-12.38132],[-75.91825,-12.36954],[-75.92675,-12.35895],[-75.92889,-12.35043],[-75.93548,-12.33969],[-75.94982,-12.33282],[-75.94418,-12.32267],[-75.93046,-12.31479],[-75.92249,-12.30289],[-75.9094,-12.29611],[-75.90029,-12.28819],[-75.891,-12.28569],[-75.88424,-12.2875],[-75.86944,-12.30339],[-75.86588,-12.31158],[-75.85353,-12.31459],[-75.83856,-12.32709],[-75.82773,-12.32546],[-75.82436,-12.33284],[-75.82781,-12.33953],[-75.82457,-12.35021],[-75.83429,-12.35791],[-75.83194,-12.36675],[-75.84568,-12.37753],[-75.8495,-12.39375]]]}},{"type":"Feature","properties":{"ubigeo":"151008","nombre":"Catahuasi"},"geometry":{"type":"Polygon","coordinates":[[[-75.73811,-12.75169],[-75.74946,-12.76197],[-75.76392,-12.76954],[-75.77496,-12.77042],[-75.78076,-12.77744],[-75.7888,-12.77939],[-75.80038,-12.7906],[-75.81757,-12.79559],[-75.8236,-12.80041],[-75.83419,-12.80104],[-75.84149,-12.80545],[-75.86385,-12.80563],[-75.87083,-12.79967],[-75.88386,-12.80875],[-75.89284,-12.80571],[-75.90054,-12.80987],[-75.89314,-12.80052],[-75.8923,-12.79352],[-75.91067,-12.79005],[-75.91688,-12.78157],[-75.94067,-12.7724],[-75.94685,-12.76425],[-75.94721,-12.75679],[-75.94341,-12.74768],[-75.94601,-12.73502],[-75.95583,-12.7161],[-75.96267,-12.71441],[-75.96779,-12.70497],[-75.95234,-12.7051],[-75.94153,-12.69807],[-75.92231,-12.69475],[-75.91202,-12.69761],[-75.89944,-12.69716],[-75.89137,-12.69286],[-75.87925,-12.69396],[-75.84955,-12.67687],[-75.83867,-12.6702],[-75.82732,-12.68017],[-75.82732,-12.68632],[-75.81765,-12.69519],[-75.82373,-12.70535],[-75.83609,-12.70141],[-75.85347,-12.70652],[-75.86036,-12.71075],[-75.86971,-12.72506],[-75.8766,-12.72952],[-75.88809,-12.73199],[-75.8941,-12.73706],[-75.9017,-12.75011],[-75.88897,-12.75196],[-75.88309,-12.76391],[-75.87424,-12.79437],[-75.86012,-12.79175],[-75.85479,-12.78287],[-75.84193,-12.7785],[-75.82633,-12.77771],[-75.80729,-12.77098],[-75.79663,-12.77151],[-75.78044,-12.76424],[-75.7711,-12.76461],[-75.76436,-12.76094],[-75.7631,-12.75535],[-75.74311,-12.74952],[-75.73811,-12.75169]]]}},{"type":"Feature","properties":{"ubigeo":"151009","nombre":"Chocos"},"geometry":{"type":"Polygon","coordinates":[[[-75.94556,-12.84199],[-75.9387,-12.855],[-75.93256,-12.8594],[-75.91996,-12.86119],[-75.91077,-12.86886],[-75.90214,-12.87252],[-75.88797,-12.87305],[-75.8785,-12.88045],[-75.86463,-12.88187],[-75.86012,-12.88367],[-75.85046,-12.89587],[-75.84025,-12.92642],[-75.85697,-12.92651],[-75.84688,-12.95374],[-75.84743,-12.9626],[-75.85056,-12.96499],[-75.86658,-12.96374],[-75.87605,-12.96722],[-75.88018,-12.98104],[-75.873,-12.99509],[-75.87361,-13.00424],[-75.87878,-13.01599],[-75.89826,-13.01329],[-75.91387,-13.00687],[-75.93768,-12.99132],[-75.9614,-13.00138],[-75.9602,-12.98198],[-75.95743,-12.96989],[-75.96189,-12.95726],[-75.97345,-12.93928],[-75.97464,-12.92316],[-75.98228,-12.92638],[-75.98998,-12.92209],[-76.0039,-12.92241],[-75.99438,-12.90587],[-75.99299,-12.89605],[-76.0002,-12.87732],[-76.00119,-12.86863],[-76.00855,-12.85387],[-76.00204,-12.84011],[-75.98882,-12.84293],[-75.98088,-12.83859],[-75.97157,-12.84077],[-75.95941,-12.84897],[-75.94556,-12.84199]]]}},{"type":"Feature","properties":{"ubigeo":"151010","nombre":"Cochas"},"geometry":{"type":"Polygon","coordinates":[[[-76.20281,-12.30897],[-76.20521,-12.30433],[-76.21451,-12.29971],[-76.22407,-12.29908],[-76.23094,-12.30195],[-76.23319,-12.30866],[-76.24692,-12.30901],[-76.24845,-12.29893],[-76.23363,-12.2857],[-76.22997,-12.28013],[-76.22052,-12.27548],[-76.21686,-12.26425],[-76.205,-12.2609],[-76.19632,-12.26374],[-76.1806,-12.25944],[-76.17123,-12.25927],[-76.15902,-12.27463],[-76.15262,-12.29803],[-76.15571,-12.30389],[-76.1668,-12.30074],[-76.19173,-12.30961],[-76.20281,-12.30897]]]}},{"type":"Feature","properties":{"ubigeo":"151011","nombre":"Colonia"},"geometry":{"type":"Polygon","coordinates":[[[-75.69447,-12.64555],[-75.72249,-12.64937],[-75.72527,-12.65324],[-75.74772,-12.65455],[-75.74721,-12.6449],[-75.76408,-12.63386],[-75.77491,-12.6369],[-75.78481,-12.64308],[-75.7913,-12.66405],[-75.79948,-12.67068],[-75.82732,-12.68017],[-75.83867,-12.6702],[-75.84955,-12.67687],[-75.85521,-12.66686],[-75.88409,-12.65411],[-75.90885,-12.64552],[-75.91129,-12.64218],[-75.92344,-12.63979],[-75.93024,-12.63466],[-75.93784,-12.63375],[-75.95293,-12.62223],[-75.96618,-12.61912],[-75.97126,-12.62039],[-75.9747,-12.6118],[-75.97308,-12.6059],[-75.96605,-12.60519],[-75.9602,-12.58943],[-75.95027,-12.58682],[-75.93872,-12.58899],[-75.93473,-12.5839],[-75.93437,-12.57176],[-75.92332,-12.56253],[-75.92527,-12.5583],[-75.9142,-12.54575],[-75.913,-12.53441],[-75.91563,-12.52225],[-75.91293,-12.51913],[-75.91619,-12.50936],[-75.91095,-12.4919],[-75.9052,-12.48974],[-75.90248,-12.47562],[-75.89607,-12.47189],[-75.88359,-12.48887],[-75.87025,-12.49149],[-75.83278,-12.47887],[-75.81544,-12.47922],[-75.80846,-12.4817],[-75.80993,-12.49323],[-75.80522,-12.50179],[-75.79917,-12.50563],[-75.79808,-12.51336],[-75.79016,-12.51976],[-75.7873,-12.53267],[-75.78334,-12.53723],[-75.78453,-12.54939],[-75.77049,-12.56097],[-75.76951,-12.56824],[-75.77614,-12.57185],[-75.77684,-12.57724],[-75.78952,-12.58395],[-75.76958,-12.59245],[-75.76294,-12.59886],[-75.76402,-12.60571],[-75.743,-12.60672],[-75.72811,-12.60177],[-75.71943,-12.61736],[-75.71426,-12.61986],[-75.70933,-12.63384],[-75.69447,-12.64555]]]}},{"type":"Feature","properties":{"ubigeo":"151012","nombre":"Hongos"},"geometry":{"type":"Polygon","coordinates":[[[-75.57073,-12.72522],[-75.58504,-12.73048],[-75.5903,-12.73871],[-75.60038,-12.74272],[-75.6107,-12.75187],[-75.61193,-12.75651],[-75.62146,-12.76306],[-75.63834,-12.78404],[-75.65366,-12.79173],[-75.67375,-12.79341],[-75.6772,-12.80018],[-75.68776,-12.80149],[-75.68885,-12.8068],[-75.70112,-12.81732],[-75.70917,-12.82096],[-75.71536,-12.81821],[-75.7377,-12.82561],[-75.74412,-12.82565],[-75.74929,-12.83187],[-75.76408,-12.83412],[-75.77037,-12.82943],[-75.78631,-12.8227],[-75.77794,-12.8155],[-75.77563,-12.80736],[-75.76733,-12.80743],[-75.72847,-12.77995],[-75.71586,-12.76479],[-75.70991,-12.75022],[-75.70364,-12.74094],[-75.69426,-12.73963],[-75.66025,-12.74162],[-75.64133,-12.73039],[-75.63721,-12.72418],[-75.63528,-12.71266],[-75.62611,-12.70326],[-75.60625,-12.69501],[-75.60147,-12.68888],[-75.59478,-12.69132],[-75.59307,-12.6987],[-75.58658,-12.70282],[-75.57712,-12.7157],[-75.57073,-12.72522]]]}},{"type":"Feature","properties":{"ubigeo":"151013","nombre":"Huampara"},"geometry":{"type":"Polygon","coordinates":[[[-76.15074,-12.36547],[-76.14691,-12.38897],[-76.14813,-12.41625],[-76.15531,-12.41104],[-76.16706,-12.40966],[-76.18529,-12.3907],[-76.20133,-12.37677],[-76.20115,-12.36999],[-76.20561,-12.35349],[-76.22154,-12.33555],[-76.23766,-12.33255],[-76.24262,-12.32701],[-76.24155,-12.31499],[-76.24692,-12.30901],[-76.23319,-12.30866],[-76.23094,-12.30195],[-76.22407,-12.29908],[-76.21451,-12.29971],[-76.20521,-12.30433],[-76.20281,-12.30897],[-76.19388,-12.32001],[-76.19253,-12.32573],[-76.18327,-12.33271],[-76.17382,-12.34655],[-76.16664,-12.35244],[-76.16061,-12.36425],[-76.15074,-12.36547]]]}},{"type":"Feature","properties":{"ubigeo":"151014","nombre":"Huancaya"},"geometry":{"type":"Polygon","coordinates":[[[-75.77699,-12.21851],[-75.79112,-12.20994],[-75.81138,-12.20887],[-75.82237,-12.20392],[-75.82884,-12.20437],[-75.8278,-12.19886],[-75.82076,-12.1954],[-75.82273,-12.18471],[-75.82139,-12.17437],[-75.83132,-12.15678],[-75.83741,-12.15305],[-75.84256,-12.14376],[-75.84944,-12.14589],[-75.85567,-12.14131],[-75.85709,-12.13305],[-75.86374,-12.13482],[-75.8739,-12.12666],[-75.87199,-12.11898],[-75.88669,-12.10613],[-75.8894,-12.09855],[-75.90155,-12.08857],[-75.91486,-12.08091],[-75.92875,-12.07643],[-75.92984,-12.07017],[-75.93043,-12.06286],[-75.92501,-12.04697],[-75.92069,-12.04178],[-75.91623,-12.02713],[-75.91768,-12.01771],[-75.92988,-12.00692],[-75.94044,-12.00633],[-75.94681,-12.00078],[-75.9477,-11.99435],[-75.92599,-11.98429],[-75.91063,-11.98933],[-75.90744,-11.99641],[-75.90156,-11.99786],[-75.89695,-11.99314],[-75.88429,-11.99363],[-75.87444,-12.00035],[-75.86823,-12.00056],[-75.85276,-12.00819],[-75.84255,-12.00645],[-75.83401,-12.02432],[-75.82849,-12.02443],[-75.82407,-12.01569],[-75.81894,-12.01374],[-75.81455,-12.02073],[-75.79959,-12.03461],[-75.7866,-12.03938],[-75.7765,-12.05181],[-75.76566,-12.05963],[-75.76157,-12.08888],[-75.75236,-12.10467],[-75.75457,-12.10862],[-75.74912,-12.11889],[-75.75356,-12.12917],[-75.76313,-12.1385],[-75.76059,-12.14286],[-75.76618,-12.15495],[-75.76507,-12.16638],[-75.75994,-12.17546],[-75.76026,-12.19433],[-75.76947,-12.20679],[-75.77321,-12.20807],[-75.77699,-12.21851]]]}},{"type":"Feature","properties":{"ubigeo":"151015","nombre":"Huangascar"},"geometry":{"type":"Polygon","coordinates":[[[-75.79196,-12.98909],[-75.80388,-12.98202],[-75.81452,-12.98268],[-75.8311,-12.97605],[-75.84743,-12.9626],[-75.84688,-12.95374],[-75.85697,-12.92651],[-75.84025,-12.92642],[-75.85046,-12.89587],[-75.86012,-12.88367],[-75.86463,-12.88187],[-75.85124,-12.88473],[-75.8304,-12.89172],[-75.82501,-12.9086],[-75.81744,-12.9172],[-75.7976,-12.92416],[-75.78619,-12.93569],[-75.79084,-12.94326],[-75.79562,-12.95983],[-75.78786,-12.96597],[-75.78593,-12.9781],[-75.79198,-12.98269],[-75.79196,-12.98909]]]}},{"type":"Feature","properties":{"ubigeo":"151016","nombre":"Huantan"},"geometry":{"type":"Polygon","coordinates":[[[-75.57209,-12.58357],[-75.58066,-12.57814],[-75.58974,-12.5681],[-75.60136,-12.56957],[-75.61545,-12.57917],[-75.61253,-12.58876],[-75.62056,-12.59532],[-75.62642,-12.59307],[-75.63881,-12.60882],[-75.63892,-12.61778],[-75.64874,-12.62678],[-75.65331,-12.63675],[-75.66846,-12.63821],[-75.67113,-12.64571],[-75.6856,-12.6535],[-75.69447,-12.64555],[-75.70933,-12.63384],[-75.71426,-12.61986],[-75.71943,-12.61736],[-75.72811,-12.60177],[-75.743,-12.60672],[-75.76402,-12.60571],[-75.76294,-12.59886],[-75.76958,-12.59245],[-75.78952,-12.58395],[-75.77684,-12.57724],[-75.77614,-12.57185],[-75.76951,-12.56824],[-75.77049,-12.56097],[-75.78453,-12.54939],[-75.78334,-12.53723],[-75.7873,-12.53267],[-75.79016,-12.51976],[-75.79808,-12.51336],[-75.79917,-12.50563],[-75.80522,-12.50179],[-75.80993,-12.49323],[-75.80846,-12.4817],[-75.81544,-12.47922],[-75.83278,-12.47887],[-75.84324,-12.47223],[-75.85441,-12.46194],[-75.856,-12.44846],[-75.85013,-12.44253],[-75.85825,-12.43061],[-75.85087,-12.42304],[-75.85607,-12.41847],[-75.85698,-12.41057],[-75.84953,-12.40338],[-75.8495,-12.39375],[-75.84165,-12.39803],[-75.80219,-12.37414],[-75.7883,-12.3923],[-75.78267,-12.39485],[-75.77612,-12.41044],[-75.76823,-12.41142],[-75.7551,-12.42092],[-75.75136,-12.43064],[-75.74187,-12.43949],[-75.74225,-12.44911],[-75.73204,-12.44348],[-75.72618,-12.4367],[-75.71603,-12.43798],[-75.70801,-12.44299],[-75.69317,-12.46451],[-75.69062,-12.45861],[-75.68449,-12.45697],[-75.68688,-12.45003],[-75.68407,-12.4445],[-75.67539,-12.44135],[-75.66854,-12.43412],[-75.66455,-12.42082],[-75.65479,-12.41535],[-75.64727,-12.41617],[-75.63439,-12.42878],[-75.63508,-12.43975],[-75.62905,-12.45491],[-75.62797,-12.46654],[-75.61785,-12.47885],[-75.61379,-12.48838],[-75.61861,-12.49901],[-75.61828,-12.50603],[-75.6107,-12.52048],[-75.59863,-12.51148],[-75.58587,-12.49684],[-75.56751,-12.48014],[-75.55011,-12.47394],[-75.53927,-12.50032],[-75.54111,-12.50611],[-75.5362,-12.51728],[-75.54537,-12.52561],[-75.54574,-12.53268],[-75.55199,-12.54493],[-75.55887,-12.54515],[-75.56644,-12.55269],[-75.57184,-12.56407],[-75.56663,-12.5709],[-75.57209,-12.58357]]]}},{"type":"Feature","properties":{"ubigeo":"151017","nombre":"Huañec"},"geometry":{"type":"Polygon","coordinates":[[[-76.02674,-12.24867],[-76.02771,-12.25571],[-76.03374,-12.25649],[-76.0607,-12.28307],[-76.0635,-12.29116],[-76.07415,-12.30244],[-76.089,-12.30713],[-76.10234,-12.30865],[-76.11707,-12.30796],[-76.11688,-12.29526],[-76.13432,-12.30171],[-76.15262,-12.29803],[-76.14507,-12.2886],[-76.12476,-12.28245],[-76.11471,-12.28293],[-76.11079,-12.27784],[-76.09387,-12.27561],[-76.07777,-12.27768],[-76.07651,-12.25936],[-76.066,-12.24844],[-76.0589,-12.2342],[-76.04855,-12.22839],[-76.04329,-12.22872],[-76.03453,-12.23345],[-76.02674,-12.24867]]]}},{"type":"Feature","properties":{"ubigeo":"151018","nombre":"Laraos"},"geometry":{"type":"Polygon","coordinates":[[[-75.55959,-12.41072],[-75.5595,-12.42266],[-75.55544,-12.43122],[-75.55741,-12.45659],[-75.55011,-12.47394],[-75.56751,-12.48014],[-75.58587,-12.49684],[-75.59863,-12.51148],[-75.6107,-12.52048],[-75.61828,-12.50603],[-75.61861,-12.49901],[-75.61379,-12.48838],[-75.61785,-12.47885],[-75.62797,-12.46654],[-75.62905,-12.45491],[-75.63508,-12.43975],[-75.63439,-12.42878],[-75.64727,-12.41617],[-75.65479,-12.41535],[-75.66455,-12.42082],[-75.66854,-12.43412],[-75.67539,-12.44135],[-75.68407,-12.4445],[-75.68688,-12.45003],[-75.68449,-12.45697],[-75.69062,-12.45861],[-75.69317,-12.46451],[-75.70801,-12.44299],[-75.71603,-12.43798],[-75.72618,-12.4367],[-75.73204,-12.44348],[-75.74225,-12.44911],[-75.74187,-12.43949],[-75.75136,-12.43064],[-75.7551,-12.42092],[-75.76823,-12.41142],[-75.77612,-12.41044],[-75.78267,-12.39485],[-75.7883,-12.3923],[-75.80219,-12.37414],[-75.84165,-12.39803],[-75.8495,-12.39375],[-75.84568,-12.37753],[-75.83194,-12.36675],[-75.83429,-12.35791],[-75.82457,-12.35021],[-75.82781,-12.33953],[-75.82436,-12.33284],[-75.82773,-12.32546],[-75.82073,-12.32115],[-75.81794,-12.31094],[-75.81344,-12.31068],[-75.8133,-12.29668],[-75.80713,-12.29281],[-75.80197,-12.29824],[-75.77468,-12.30455],[-75.76117,-12.3147],[-75.74828,-12.30725],[-75.73944,-12.3156],[-75.72983,-12.3177],[-75.71368,-12.33883],[-75.7042,-12.33787],[-75.68991,-12.3455],[-75.68318,-12.34268],[-75.6746,-12.32779],[-75.66511,-12.32136],[-75.65986,-12.32114],[-75.6504,-12.31428],[-75.63047,-12.30773],[-75.62722,-12.29879],[-75.61351,-12.29209],[-75.60651,-12.29735],[-75.60285,-12.30479],[-75.59254,-12.31556],[-75.5888,-12.3247],[-75.58266,-12.32837],[-75.57106,-12.32984],[-75.5641,-12.33629],[-75.55454,-12.35944],[-75.5487,-12.36424],[-75.55119,-12.37581],[-75.56164,-12.39089],[-75.56027,-12.39854],[-75.56595,-12.40344],[-75.56698,-12.40989],[-75.55959,-12.41072]]]}},{"type":"Feature","properties":{"ubigeo":"151019","nombre":"Lincha"},"geometry":{"type":"Polygon","coordinates":[[[-75.61288,-12.85952],[-75.61911,-12.85581],[-75.63117,-12.85569],[-75.63981,-12.8513],[-75.6532,-12.8534],[-75.66424,-12.84588],[-75.66726,-12.85091],[-75.67716,-12.84809],[-75.68459,-12.85273],[-75.68059,-12.85989],[-75.68577,-12.86562],[-75.69488,-12.86486],[-75.70246,-12.87699],[-75.71804,-12.87422],[-75.73184,-12.86458],[-75.74227,-12.8678],[-75.76635,-12.86888],[-75.78084,-12.86044],[-75.78687,-12.83662],[-75.78631,-12.8227],[-75.77037,-12.82943],[-75.76408,-12.83412],[-75.74929,-12.83187],[-75.74412,-12.82565],[-75.7377,-12.82561],[-75.71536,-12.81821],[-75.70917,-12.82096],[-75.70112,-12.81732],[-75.68885,-12.8068],[-75.68776,-12.80149],[-75.6772,-12.80018],[-75.67375,-12.79341],[-75.65366,-12.79173],[-75.63834,-12.78404],[-75.62146,-12.76306],[-75.61193,-12.75651],[-75.6107,-12.75187],[-75.60038,-12.74272],[-75.5903,-12.73871],[-75.58504,-12.73048],[-75.57073,-12.72522],[-75.55355,-12.73634],[-75.55213,-12.74244],[-75.52699,-12.76296],[-75.51946,-12.76667],[-75.5075,-12.77715],[-75.51389,-12.78865],[-75.52022,-12.78873],[-75.52227,-12.80621],[-75.53108,-12.82221],[-75.5399,-12.81622],[-75.54387,-12.82168],[-75.55112,-12.82184],[-75.55605,-12.81664],[-75.56129,-12.81792],[-75.56172,-12.82939],[-75.57041,-12.84286],[-75.5999,-12.8569],[-75.61288,-12.85952]]]}},{"type":"Feature","properties":{"ubigeo":"151020","nombre":"Madean"},"geometry":{"type":"Polygon","coordinates":[[[-75.61439,-12.96493],[-75.62632,-12.96629],[-75.6375,-12.97324],[-75.63424,-12.98539],[-75.65161,-12.99416],[-75.66324,-12.99404],[-75.66874,-13.00351],[-75.6649,-13.01202],[-75.67036,-13.02261],[-75.68607,-13.02532],[-75.69055,-13.03511],[-75.70701,-13.03959],[-75.72546,-13.03812],[-75.744,-13.02542],[-75.75215,-13.02816],[-75.76459,-13.01824],[-75.77253,-13.01207],[-75.78068,-13.00071],[-75.79196,-12.98909],[-75.79198,-12.98269],[-75.78593,-12.9781],[-75.78786,-12.96597],[-75.79562,-12.95983],[-75.79084,-12.94326],[-75.78619,-12.93569],[-75.78005,-12.93865],[-75.76797,-12.93817],[-75.76213,-12.94805],[-75.75056,-12.94755],[-75.73252,-12.93826],[-75.72227,-12.92738],[-75.70322,-12.91858],[-75.69526,-12.90419],[-75.68035,-12.89183],[-75.67582,-12.88357],[-75.66612,-12.87798],[-75.6569,-12.87717],[-75.6465,-12.87176],[-75.62897,-12.86692],[-75.61309,-12.86698],[-75.62374,-12.893],[-75.62843,-12.89748],[-75.63077,-12.90907],[-75.63612,-12.91618],[-75.62731,-12.92946],[-75.6281,-12.93496],[-75.61842,-12.9417],[-75.62215,-12.9486],[-75.61435,-12.95763],[-75.61439,-12.96493]]]}},{"type":"Feature","properties":{"ubigeo":"151021","nombre":"Miraflores"},"geometry":{"type":"Polygon","coordinates":[[[-75.80713,-12.29281],[-75.8133,-12.29668],[-75.81344,-12.31068],[-75.81794,-12.31094],[-75.82073,-12.32115],[-75.82773,-12.32546],[-75.83856,-12.32709],[-75.85353,-12.31459],[-75.86588,-12.31158],[-75.86944,-12.30339],[-75.88424,-12.2875],[-75.891,-12.28569],[-75.90029,-12.28819],[-75.9094,-12.29611],[-75.92249,-12.30289],[-75.93046,-12.31479],[-75.94418,-12.32267],[-75.94199,-12.314],[-75.9438,-12.29834],[-75.94854,-12.29167],[-75.94726,-12.27145],[-75.95871,-12.25964],[-75.94639,-12.24437],[-75.93314,-12.23391],[-75.93697,-12.22989],[-75.93812,-12.21973],[-75.93508,-12.21387],[-75.91992,-12.20128],[-75.91852,-12.19224],[-75.91288,-12.18737],[-75.91652,-12.1713],[-75.922,-12.16279],[-75.94872,-12.15151],[-75.95802,-12.14037],[-75.95833,-12.13555],[-75.96555,-12.12742],[-75.95901,-12.12205],[-75.95441,-12.11266],[-75.94504,-12.11179],[-75.93872,-12.1039],[-75.93163,-12.10965],[-75.92816,-12.11898],[-75.91622,-12.12711],[-75.9047,-12.12961],[-75.89681,-12.1396],[-75.89957,-12.14388],[-75.89031,-12.14917],[-75.88778,-12.15626],[-75.88103,-12.16093],[-75.88035,-12.16891],[-75.88408,-12.17253],[-75.87903,-12.18014],[-75.86841,-12.18697],[-75.86198,-12.20072],[-75.85235,-12.21409],[-75.84406,-12.22043],[-75.83879,-12.22843],[-75.8297,-12.23167],[-75.83381,-12.24259],[-75.81996,-12.25125],[-75.80983,-12.26198],[-75.81294,-12.27179],[-75.80564,-12.27328],[-75.80456,-12.28694],[-75.80713,-12.29281]]]}},{"type":"Feature","properties":{"ubigeo":"151022","nombre":"Omas"},"geometry":{"type":"Polygon","coordinates":[[[-76.10603,-12.45251],[-76.11663,-12.46723],[-76.12731,-12.46951],[-76.13529,-12.46113],[-76.14471,-12.46223],[-76.16652,-12.44902],[-76.18294,-12.45011],[-76.19027,-12.44484],[-76.20628,-12.4444],[-76.22064,-12.45003],[-76.24099,-12.44622],[-76.24202,-12.45358],[-76.23121,-12.46971],[-76.22413,-12.47054],[-76.21484,-12.48161],[-76.22707,-12.48556],[-76.24274,-12.49658],[-76.24427,-12.5004],[-76.23628,-12.51139],[-76.2285,-12.51604],[-76.21815,-12.53513],[-76.21098,-12.53642],[-76.19833,-12.54763],[-76.20675,-12.55333],[-76.21624,-12.56384],[-76.22349,-12.5672],[-76.23601,-12.58113],[-76.24156,-12.59206],[-76.25253,-12.5955],[-76.25785,-12.58618],[-76.27423,-12.58367],[-76.28712,-12.58753],[-76.29186,-12.57961],[-76.29104,-12.57424],[-76.30053,-12.56406],[-76.30287,-12.55517],[-76.30844,-12.54851],[-76.31637,-12.54797],[-76.31831,-12.53481],[-76.32322,-12.5283],[-76.33481,-12.5365],[-76.34177,-12.53108],[-76.36749,-12.5326],[-76.35212,-12.52002],[-76.34838,-12.50783],[-76.34012,-12.49451],[-76.33671,-12.4839],[-76.33935,-12.4676],[-76.33681,-12.45699],[-76.331,-12.44999],[-76.33096,-12.44164],[-76.32187,-12.4438],[-76.31355,-12.43062],[-76.31548,-12.42281],[-76.31335,-12.41284],[-76.30774,-12.41436],[-76.29273,-12.40898],[-76.28702,-12.39894],[-76.27917,-12.39604],[-76.25135,-12.39391],[-76.24429,-12.38728],[-76.23405,-12.38916],[-76.22843,-12.3933],[-76.21998,-12.39232],[-76.21048,-12.38746],[-76.20133,-12.37677],[-76.18529,-12.3907],[-76.16706,-12.40966],[-76.15531,-12.41104],[-76.14813,-12.41625],[-76.12708,-12.4166],[-76.12134,-12.41921],[-76.11068,-12.43356],[-76.10603,-12.45251]]]}},{"type":"Feature","properties":{"ubigeo":"151023","nombre":"Putinza"},"geometry":{"type":"Polygon","coordinates":[[[-75.96779,-12.70497],[-75.96382,-12.69187],[-75.96172,-12.6707],[-75.95733,-12.66566],[-75.96713,-12.64718],[-75.97226,-12.64678],[-75.97811,-12.63187],[-75.97126,-12.62039],[-75.96618,-12.61912],[-75.95293,-12.62223],[-75.93784,-12.63375],[-75.93024,-12.63466],[-75.92344,-12.63979],[-75.91129,-12.64218],[-75.90885,-12.64552],[-75.88409,-12.65411],[-75.85521,-12.66686],[-75.84955,-12.67687],[-75.87925,-12.69396],[-75.89137,-12.69286],[-75.89944,-12.69716],[-75.91202,-12.69761],[-75.92231,-12.69475],[-75.94153,-12.69807],[-75.95234,-12.7051],[-75.96779,-12.70497]]]}},{"type":"Feature","properties":{"ubigeo":"151024","nombre":"Quinches"},"geometry":{"type":"Polygon","coordinates":[[[-76.15074,-12.36547],[-76.16061,-12.36425],[-76.16664,-12.35244],[-76.17382,-12.34655],[-76.18327,-12.33271],[-76.19253,-12.32573],[-76.19388,-12.32001],[-76.20281,-12.30897],[-76.19173,-12.30961],[-76.1668,-12.30074],[-76.15571,-12.30389],[-76.15262,-12.29803],[-76.13432,-12.30171],[-76.11688,-12.29526],[-76.11707,-12.30796],[-76.10234,-12.30865],[-76.089,-12.30713],[-76.07415,-12.30244],[-76.0635,-12.29116],[-76.0607,-12.28307],[-76.03374,-12.25649],[-76.02771,-12.25571],[-76.02674,-12.24867],[-76.01376,-12.24786],[-76.00463,-12.25199],[-75.99242,-12.25404],[-75.98403,-12.26452],[-75.98698,-12.27509],[-75.99242,-12.28201],[-76.00307,-12.28115],[-76.0249,-12.29814],[-76.026,-12.30465],[-76.03681,-12.31465],[-76.03958,-12.32485],[-76.05287,-12.32677],[-76.05057,-12.33975],[-76.0676,-12.34431],[-76.0862,-12.34335],[-76.09197,-12.34487],[-76.10274,-12.35425],[-76.12371,-12.35363],[-76.13287,-12.34414],[-76.14099,-12.34479],[-76.15074,-12.36547]]]}},{"type":"Feature","properties":{"ubigeo":"151025","nombre":"Quinocay"},"geometry":{"type":"Polygon","coordinates":[[[-76.24692,-12.30901],[-76.24155,-12.31499],[-76.24262,-12.32701],[-76.23766,-12.33255],[-76.22154,-12.33555],[-76.20561,-12.35349],[-76.20115,-12.36999],[-76.20133,-12.37677],[-76.21048,-12.38746],[-76.21998,-12.39232],[-76.22843,-12.3933],[-76.23405,-12.38916],[-76.24429,-12.38728],[-76.25135,-12.39391],[-76.27917,-12.39604],[-76.28702,-12.39894],[-76.29273,-12.40898],[-76.30774,-12.41436],[-76.31335,-12.41284],[-76.31548,-12.42281],[-76.31851,-12.41962],[-76.33328,-12.41609],[-76.33637,-12.39988],[-76.3454,-12.388],[-76.34391,-12.35996],[-76.346,-12.33773],[-76.33832,-12.3282],[-76.33527,-12.32018],[-76.32856,-12.3129],[-76.32372,-12.29155],[-76.31822,-12.28538],[-76.30755,-12.27974],[-76.30191,-12.26893],[-76.30046,-12.25735],[-76.29122,-12.26859],[-76.29103,-12.2803],[-76.28317,-12.28763],[-76.28046,-12.29479],[-76.27053,-12.30364],[-76.24845,-12.29893],[-76.24692,-12.30901]]]}},{"type":"Feature","properties":{"ubigeo":"151026","nombre":"San Joaquín"},"geometry":{"type":"Polygon","coordinates":[[[-76.15262,-12.29803],[-76.15902,-12.27463],[-76.17123,-12.25927],[-76.16135,-12.24684],[-76.1518,-12.23936],[-76.13412,-12.23375],[-76.12543,-12.22732],[-76.11175,-12.22493],[-76.10514,-12.21907],[-76.09928,-12.20741],[-76.08989,-12.20558],[-76.08176,-12.21176],[-76.06947,-12.20741],[-76.06997,-12.19664],[-76.0669,-12.19073],[-76.05535,-12.19644],[-76.05574,-12.20067],[-76.04267,-12.21183],[-76.04329,-12.22872],[-76.04855,-12.22839],[-76.0589,-12.2342],[-76.066,-12.24844],[-76.07651,-12.25936],[-76.07777,-12.27768],[-76.09387,-12.27561],[-76.11079,-12.27784],[-76.11471,-12.28293],[-76.12476,-12.28245],[-76.14507,-12.2886],[-76.15262,-12.29803]]]}},{"type":"Feature","properties":{"ubigeo":"151027","nombre":"San Pedro de Pilas"},"geometry":{"type":"Polygon","coordinates":[[[-76.13886,-12.52334],[-76.14742,-12.53033],[-76.16521,-12.5346],[-76.18266,-12.54505],[-76.18453,-12.551],[-76.19164,-12.55164],[-76.19833,-12.54763],[-76.21098,-12.53642],[-76.21815,-12.53513],[-76.2285,-12.51604],[-76.23628,-12.51139],[-76.24427,-12.5004],[-76.24274,-12.49658],[-76.22707,-12.48556],[-76.21484,-12.48161],[-76.22413,-12.47054],[-76.23121,-12.46971],[-76.24202,-12.45358],[-76.24099,-12.44622],[-76.22064,-12.45003],[-76.20628,-12.4444],[-76.19027,-12.44484],[-76.18294,-12.45011],[-76.16652,-12.44902],[-76.14471,-12.46223],[-76.13529,-12.46113],[-76.12731,-12.46951],[-76.12747,-12.47532],[-76.13645,-12.49154],[-76.1433,-12.51187],[-76.13886,-12.52334]]]}},{"type":"Feature","properties":{"ubigeo":"151028","nombre":"Tanta"},"geometry":{"type":"Polygon","coordinates":[[[-75.92984,-12.07017],[-75.9393,-12.07516],[-75.94213,-12.0924],[-75.93872,-12.1039],[-75.94504,-12.11179],[-75.95441,-12.11266],[-75.95901,-12.12205],[-75.96555,-12.12742],[-75.95833,-12.13555],[-75.95802,-12.14037],[-75.94872,-12.15151],[-75.922,-12.16279],[-75.91652,-12.1713],[-75.91288,-12.18737],[-75.91852,-12.19224],[-75.91992,-12.20128],[-75.93508,-12.21387],[-75.93812,-12.21973],[-75.93697,-12.22989],[-75.93314,-12.23391],[-75.94639,-12.24437],[-75.95871,-12.25964],[-75.9706,-12.25752],[-75.98403,-12.26452],[-75.99242,-12.25404],[-76.00463,-12.25199],[-76.01376,-12.24786],[-76.02674,-12.24867],[-76.03453,-12.23345],[-76.04329,-12.22872],[-76.04267,-12.21183],[-76.05574,-12.20067],[-76.05535,-12.19644],[-76.0669,-12.19073],[-76.06884,-12.18463],[-76.07655,-12.18183],[-76.08622,-12.1604],[-76.07993,-12.15088],[-76.05679,-12.13273],[-76.07251,-12.10965],[-76.06674,-12.10187],[-76.06135,-12.08852],[-76.05535,-12.09074],[-76.05216,-12.08626],[-76.04135,-12.08142],[-76.03525,-12.07132],[-76.01976,-12.06277],[-76.01847,-12.04861],[-76.01205,-12.04315],[-76.00786,-12.02205],[-75.99918,-12.02012],[-76.00182,-12.00273],[-75.99798,-11.99482],[-75.99318,-11.99468],[-75.97531,-11.98394],[-75.96448,-11.98887],[-75.95919,-11.98522],[-75.95068,-11.98826],[-75.9477,-11.99435],[-75.94681,-12.00078],[-75.94044,-12.00633],[-75.92988,-12.00692],[-75.91768,-12.01771],[-75.91623,-12.02713],[-75.92069,-12.04178],[-75.92501,-12.04697],[-75.93043,-12.06286],[-75.92984,-12.07017]]]}},{"type":"Feature","properties":{"ubigeo":"151029","nombre":"Tauripampa"},"geometry":{"type":"Polygon","coordinates":[[[-76.17727,-12.85437],[-76.18496,-12.84517],[-76.19144,-12.83261],[-76.18977,-12.82521],[-76.19937,-12.81345],[-76.21115,-12.80774],[-76.21534,-12.80203],[-76.2233,-12.79991],[-76.23374,-12.79126],[-76.24254,-12.78795],[-76.24202,-12.77987],[-76.24621,-12.75668],[-76.25549,-12.7508],[-76.28301,-12.75212],[-76.28947,-12.74533],[-76.29634,-12.73236],[-76.29593,-12.72525],[-76.29955,-12.71534],[-76.29362,-12.7019],[-76.29063,-12.68943],[-76.28498,-12.68456],[-76.28863,-12.66786],[-76.28813,-12.65446],[-76.27501,-12.65129],[-76.26955,-12.64304],[-76.26284,-12.6187],[-76.2567,-12.61101],[-76.25253,-12.5955],[-76.24156,-12.59206],[-76.23601,-12.58113],[-76.22349,-12.5672],[-76.21624,-12.56384],[-76.20675,-12.55333],[-76.19833,-12.54763],[-76.19164,-12.55164],[-76.18453,-12.551],[-76.18266,-12.54505],[-76.16521,-12.5346],[-76.14742,-12.53033],[-76.13886,-12.52334],[-76.12922,-12.53112],[-76.12777,-12.54272],[-76.1197,-12.55721],[-76.10862,-12.5688],[-76.11783,-12.58563],[-76.1169,-12.59479],[-76.10536,-12.60022],[-76.09729,-12.61632],[-76.08771,-12.61937],[-76.0889,-12.62667],[-76.0949,-12.63454],[-76.09687,-12.65183],[-76.09516,-12.66736],[-76.08435,-12.67486],[-76.07881,-12.68454],[-76.07311,-12.70452],[-76.07627,-12.70851],[-76.07539,-12.72419],[-76.08227,-12.73273],[-76.08362,-12.74272],[-76.08942,-12.75339],[-76.10024,-12.75939],[-76.10945,-12.75675],[-76.1194,-12.76225],[-76.12234,-12.78356],[-76.12542,-12.78662],[-76.14155,-12.79342],[-76.14444,-12.82042],[-76.1549,-12.82501],[-76.15388,-12.83784],[-76.16088,-12.83769],[-76.16603,-12.8435],[-76.1652,-12.84999],[-76.17727,-12.85437]]]}},{"type":"Feature","properties":{"ubigeo":"151030","nombre":"Tomas"},"geometry":{"type":"Polygon","coordinates":[[[-75.62752,-12.14174],[-75.64142,-12.14922],[-75.64898,-12.16306],[-75.64847,-12.17421],[-75.65849,-12.17525],[-75.65976,-12.18057],[-75.67087,-12.18648],[-75.67076,-12.19314],[-75.66552,-12.19388],[-75.65203,-12.20676],[-75.65208,-12.21448],[-75.62943,-12.24605],[-75.6421,-12.24823],[-75.64494,-12.25686],[-75.66249,-12.26575],[-75.68901,-12.26957],[-75.70563,-12.26316],[-75.7175,-12.27101],[-75.72313,-12.26969],[-75.72724,-12.27438],[-75.73094,-12.29103],[-75.73534,-12.29317],[-75.73629,-12.28363],[-75.74809,-12.26476],[-75.75282,-12.24712],[-75.76046,-12.23993],[-75.77113,-12.24285],[-75.77784,-12.23272],[-75.77699,-12.21851],[-75.77321,-12.20807],[-75.76947,-12.20679],[-75.76026,-12.19433],[-75.75994,-12.17546],[-75.76507,-12.16638],[-75.76618,-12.15495],[-75.76059,-12.14286],[-75.76313,-12.1385],[-75.75356,-12.12917],[-75.74912,-12.11889],[-75.75457,-12.10862],[-75.75236,-12.10467],[-75.76157,-12.08888],[-75.76566,-12.05963],[-75.75203,-12.05538],[-75.74305,-12.04684],[-75.74218,-12.03668],[-75.71673,-12.04652],[-75.70109,-12.04816],[-75.6943,-12.04269],[-75.68523,-12.0522],[-75.67382,-12.05835],[-75.67673,-12.06636],[-75.68469,-12.07126],[-75.68822,-12.08213],[-75.67327,-12.0852],[-75.65938,-12.0939],[-75.65474,-12.10273],[-75.63454,-12.11501],[-75.63882,-12.12086],[-75.63039,-12.12806],[-75.62752,-12.14174]]]}},{"type":"Feature","properties":{"ubigeo":"151031","nombre":"Tupe"},"geometry":{"type":"Polygon","coordinates":[[[-75.57961,-12.64148],[-75.57462,-12.65975],[-75.56133,-12.66308],[-75.55816,-12.66902],[-75.56114,-12.67762],[-75.57501,-12.68665],[-75.58448,-12.67587],[-75.59434,-12.67371],[-75.60189,-12.66627],[-75.60894,-12.66726],[-75.61352,-12.67722],[-75.62384,-12.6727],[-75.6444,-12.67668],[-75.6583,-12.66624],[-75.66467,-12.66377],[-75.69321,-12.66313],[-75.68743,-12.67556],[-75.68894,-12.68983],[-75.69321,-12.69646],[-75.7083,-12.69397],[-75.72395,-12.69814],[-75.72941,-12.70708],[-75.71912,-12.72665],[-75.72853,-12.7339],[-75.72219,-12.74308],[-75.72526,-12.75127],[-75.73811,-12.75169],[-75.74311,-12.74952],[-75.7631,-12.75535],[-75.76436,-12.76094],[-75.7711,-12.76461],[-75.78044,-12.76424],[-75.79663,-12.77151],[-75.80729,-12.77098],[-75.82633,-12.77771],[-75.84193,-12.7785],[-75.85479,-12.78287],[-75.86012,-12.79175],[-75.87424,-12.79437],[-75.88309,-12.76391],[-75.88897,-12.75196],[-75.9017,-12.75011],[-75.8941,-12.73706],[-75.88809,-12.73199],[-75.8766,-12.72952],[-75.86971,-12.72506],[-75.86036,-12.71075],[-75.85347,-12.70652],[-75.83609,-12.70141],[-75.82373,-12.70535],[-75.81765,-12.69519],[-75.82732,-12.68632],[-75.82732,-12.68017],[-75.79948,-12.67068],[-75.7913,-12.66405],[-75.78481,-12.64308],[-75.77491,-12.6369],[-75.76408,-12.63386],[-75.74721,-12.6449],[-75.74772,-12.65455],[-75.72527,-12.65324],[-75.72249,-12.64937],[-75.69447,-12.64555],[-75.6856,-12.6535],[-75.67113,-12.64571],[-75.66846,-12.63821],[-75.65331,-12.63675],[-75.64874,-12.62678],[-75.63892,-12.61778],[-75.63881,-12.60882],[-75.62642,-12.59307],[-75.62056,-12.59532],[-75.61253,-12.58876],[-75.61545,-12.57917],[-75.60136,-12.56957],[-75.58974,-12.5681],[-75.58066,-12.57814],[-75.57209,-12.58357],[-75.57803,-12.59219],[-75.58284,-12.62176],[-75.57961,-12.64148]]]}},{"type":"Feature","properties":{"ubigeo":"151032","nombre":"Viñac"},"geometry":{"type":"Polygon","coordinates":[[[-75.61288,-12.85952],[-75.61309,-12.86698],[-75.62897,-12.86692],[-75.6465,-12.87176],[-75.6569,-12.87717],[-75.66612,-12.87798],[-75.67582,-12.88357],[-75.68035,-12.89183],[-75.69526,-12.90419],[-75.70322,-12.91858],[-75.72227,-12.92738],[-75.73252,-12.93826],[-75.75056,-12.94755],[-75.76213,-12.94805],[-75.76797,-12.93817],[-75.78005,-12.93865],[-75.78619,-12.93569],[-75.7976,-12.92416],[-75.81744,-12.9172],[-75.82501,-12.9086],[-75.8304,-12.89172],[-75.85124,-12.88473],[-75.86463,-12.88187],[-75.8785,-12.88045],[-75.88797,-12.87305],[-75.90214,-12.87252],[-75.91077,-12.86886],[-75.91996,-12.86119],[-75.93256,-12.8594],[-75.9387,-12.855],[-75.94556,-12.84199],[-75.93259,-12.85251],[-75.90864,-12.84822],[-75.89779,-12.84969],[-75.89196,-12.84435],[-75.88214,-12.84256],[-75.87513,-12.85241],[-75.86823,-12.8557],[-75.84885,-12.85468],[-75.84323,-12.85946],[-75.82915,-12.86335],[-75.82592,-12.85981],[-75.81168,-12.86114],[-75.78084,-12.86044],[-75.76635,-12.86888],[-75.74227,-12.8678],[-75.73184,-12.86458],[-75.71804,-12.87422],[-75.70246,-12.87699],[-75.69488,-12.86486],[-75.68577,-12.86562],[-75.68059,-12.85989],[-75.68459,-12.85273],[-75.67716,-12.84809],[-75.66726,-12.85091],[-75.66424,-12.84588],[-75.6532,-12.8534],[-75.63981,-12.8513],[-75.63117,-12.85569],[-75.61911,-12.85581],[-75.61288,-12.85952]]]}},{"type":"Feature","properties":{"ubigeo":"151033","nombre":"Vitis"},"geometry":{"type":"Polygon","coordinates":[[[-75.77784,-12.23272],[-75.78189,-12.23782],[-75.786,-12.25245],[-75.80983,-12.26198],[-75.81996,-12.25125],[-75.83381,-12.24259],[-75.8297,-12.23167],[-75.83879,-12.22843],[-75.84406,-12.22043],[-75.85235,-12.21409],[-75.86198,-12.20072],[-75.86841,-12.18697],[-75.87903,-12.18014],[-75.88408,-12.17253],[-75.88035,-12.16891],[-75.88103,-12.16093],[-75.88778,-12.15626],[-75.89031,-12.14917],[-75.89957,-12.14388],[-75.89681,-12.1396],[-75.9047,-12.12961],[-75.91622,-12.12711],[-75.92816,-12.11898],[-75.93163,-12.10965],[-75.93872,-12.1039],[-75.94213,-12.0924],[-75.9393,-12.07516],[-75.92984,-12.07017],[-75.92875,-12.07643],[-75.91486,-12.08091],[-75.90155,-12.08857],[-75.8894,-12.09855],[-75.88669,-12.10613],[-75.87199,-12.11898],[-75.8739,-12.12666],[-75.86374,-12.13482],[-75.85709,-12.13305],[-75.85567,-12.14131],[-75.84944,-12.14589],[-75.84256,-12.14376],[-75.83741,-12.15305],[-75.83132,-12.15678],[-75.82139,-12.17437],[-75.82273,-12.18471],[-75.82076,-12.1954],[-75.8278,-12.19886],[-75.82884,-12.20437],[-75.82237,-12.20392],[-75.81138,-12.20887],[-75.79112,-12.20994],[-75.77699,-12.21851],[-75.77784,-12.23272]]]}}]}