{"type":"FeatureCollection","features":[{"type":"Feature","properties":{"ubigeo":"160101","nombre":"Iquitos"},"geometry":{"type":"Polygon","coordinates":[[[-73.26011,-3.76494],[-73.28506,-3.75249],[-73.28739,-3.74382],[-73.29672,-3.74189],[-73.29934,-3.73307],[-73.30353,-3.73246],[-73.30683,-3.74048],[-73.31377,-3.74448],[-73.30622,-3.75038],[-73.30805,-3.75666],[-73.31467,-3.75602],[-73.31339,-3.76627],[-73.32443,-3.76507],[-73.3365,-3.77517],[-73.34592,-3.77136],[-73.34262,-3.78146],[-73.3463,-3.78758],[-73.3529,-3.7859],[-73.36283,-3.77359],[-73.36913,-3.77831],[-73.36397,-3.78152],[-73.37447,-3.78777],[-73.37493,-3.80156],[-73.38251,-3.79633],[-73.39455,-3.81189],[-73.38355,-3.81704],[-73.37644,-3.82611],[-73.38696,-3.82565],[-73.38495,-3.83913],[-73.39602,-3.84168],[-73.40381,-3.83352],[-73.40783,-3.84327],[-73.41947,-3.84555],[-73.42485,-3.85406],[-73.42974,-3.85478],[-73.43016,-3.84603],[-73.43421,-3.8403],[-73.44401,-3.83877],[-73.45211,-3.84398],[-73.45449,-3.85048],[-73.44905,-3.86127],[-73.45129,-3.86663],[-73.45758,-3.86421],[-73.45805,-3.8516],[-73.46918,-3.85203],[-73.46131,-3.85504],[-73.46728,-3.85745],[-73.47491,-3.86708],[-73.4798,-3.86637],[-73.4926,-3.84659],[-73.49809,-3.84577],[-73.50038,-3.85251],[-73.49231,-3.85184],[-73.48679,-3.87825],[-73.49319,-3.87746],[-73.493,-3.86593],[-73.49797,-3.86349],[-73.49962,-3.87372],[-73.5169,-3.85653],[-73.52048,-3.86279],[-73.5303,-3.86615],[-73.52928,-3.87865],[-73.53774,-3.88125],[-73.54019,-3.8781],[-73.53583,-3.86304],[-73.55888,-3.86027],[-73.55384,-3.87071],[-73.55727,-3.88552],[-73.56516,-3.88434],[-73.56166,-3.86635],[-73.5682,-3.8649],[-73.56872,-3.87701],[-73.57757,-3.88395],[-73.57958,-3.88066],[-73.57226,-3.87488],[-73.58176,-3.87595],[-73.59096,-3.86784],[-73.51514,-3.71949],[-73.50579,-3.73413],[-73.49734,-3.74166],[-73.47117,-3.73675],[-73.44835,-3.73798],[-73.42853,-3.73726],[-73.39778,-3.71582],[-73.36956,-3.71502],[-73.35371,-3.71216],[-73.3197,-3.68625],[-73.3076,-3.68702],[-73.29219,-3.69292],[-73.27697,-3.70739],[-73.27251,-3.71591],[-73.26117,-3.72994],[-73.23643,-3.73224],[-73.23874,-3.755],[-73.25045,-3.75726],[-73.25481,-3.7648],[-73.26011,-3.76494]]]}},{"type":"Feature","properties":{"ubigeo":"160102","nombre":"Alto Nanay"},"geometry":{"type":"Polygon","coordinates":[[[-73.51514,-3.71949],[-73.59096,-3.86784],[-73.59653,-3.88528],[-73.59924,-3.88705],[-73.60675,-3.87747],[-73.6178,-3.88928],[-73.6234,-3.88283],[-73.61912,-3.87441],[-73.63268,-3.87656],[-73.62803,-3.8854],[-73.63416,-3.89502],[-73.64609,-3.89271],[-73.64859,-3.90951],[-73.6599,-3.91096],[-73.65921,-3.90175],[-73.66718,-3.89389],[-73.66892,-4.15452],[-73.68968,-4.16556],[-73.71811,-4.17543],[-73.73465,-4.17459],[-73.76405,-4.15673],[-73.77603,-4.15321],[-73.81099,-4.14876],[-73.82743,-4.14446],[-73.90678,-4.11791],[-73.91999,-4.1127],[-73.94128,-4.1013],[-73.95135,-4.09062],[-73.9668,-4.06376],[-73.97392,-4.0576],[-73.99963,-4.06533],[-74.0059,-4.06107],[-74.0231,-4.05603],[-74.03887,-4.05329],[-74.0583,-4.05314],[-74.10144,-4.05617],[-74.13544,-4.06188],[-74.13737,-4.02213],[-74.135,-4.00178],[-74.14373,-3.99652],[-74.14791,-3.98932],[-74.14735,-3.97995],[-74.15007,-3.96927],[-74.15765,-3.9611],[-74.17456,-3.91821],[-74.18906,-3.89928],[-74.18601,-3.89369],[-74.19222,-3.88246],[-74.20135,-3.87625],[-74.21254,-3.85834],[-74.23886,-3.84437],[-74.25843,-3.84783],[-74.27065,-3.83667],[-74.28113,-3.8298],[-74.28644,-3.81986],[-74.30282,-3.7989],[-74.30806,-3.7826],[-74.31411,-3.77432],[-74.32422,-3.76816],[-74.3442,-3.76313],[-74.35054,-3.75474],[-74.35984,-3.73067],[-74.36744,-3.71868],[-74.38001,-3.71319],[-74.40302,-3.71708],[-74.40936,-3.71365],[-74.41209,-3.71828],[-74.42546,-3.71502],[-74.42923,-3.70874],[-74.44378,-3.70557],[-74.45864,-3.70549],[-74.46783,-3.69578],[-74.47206,-3.6843],[-74.49239,-3.70121],[-74.50143,-3.69886],[-74.55454,-3.63331],[-74.62009,-3.57067],[-74.63753,-3.5507],[-74.66404,-3.52678],[-74.67923,-3.50937],[-74.6862,-3.49404],[-74.68343,-3.47079],[-74.67947,-3.46579],[-74.69194,-3.45103],[-74.70417,-3.45381],[-74.71695,-3.4595],[-74.72046,-3.45214],[-74.71257,-3.43607],[-74.72333,-3.41433],[-74.72444,-3.39519],[-74.72835,-3.38247],[-74.73425,-3.37497],[-74.73415,-3.36574],[-74.74266,-3.36444],[-74.75009,-3.35566],[-74.75394,-3.33453],[-74.76932,-3.32632],[-74.78072,-3.3261],[-74.78045,-3.31831],[-74.7927,-3.30723],[-74.80254,-3.30765],[-74.81878,-3.29685],[-74.81927,-3.28712],[-74.83142,-3.27715],[-74.82767,-3.2687],[-74.82747,-3.2575],[-74.81337,-3.24321],[-74.81577,-3.23776],[-74.82822,-3.22888],[-74.83634,-3.22621],[-74.84266,-3.21776],[-74.84424,-3.22215],[-74.85273,-3.22437],[-74.86178,-3.21539],[-74.85998,-3.21091],[-74.8736,-3.20106],[-74.8929,-3.20985],[-74.90919,-3.20607],[-74.91033,-3.20039],[-74.92116,-3.19724],[-74.93437,-3.19666],[-74.94038,-3.20005],[-74.96107,-3.1946],[-74.96684,-3.19712],[-74.97759,-3.19046],[-74.99161,-3.19001],[-74.99384,-3.17959],[-75.00062,-3.17171],[-75.00176,-3.16041],[-75.01016,-3.15137],[-75.01781,-3.12898],[-75.01153,-3.11417],[-75.01199,-3.10659],[-75.02019,-3.09966],[-75.01895,-3.08765],[-75.01429,-3.07488],[-75.02645,-3.06072],[-75.02665,-3.05138],[-75.0306,-3.04414],[-75.03471,-3.02796],[-75.03599,-3.00017],[-75.04272,-2.98822],[-75.05713,-2.97899],[-75.05822,-2.95909],[-75.05552,-2.9551],[-75.05464,-2.94019],[-75.04551,-2.91854],[-75.04737,-2.91023],[-75.03935,-2.88939],[-75.03764,-2.87293],[-75.02615,-2.83068],[-75.02412,-2.80012],[-75.01926,-2.78354],[-75.01027,-2.76636],[-75.00953,-2.75377],[-75.01244,-2.72038],[-75.00993,-2.68467],[-75.0003,-2.6736],[-74.98414,-2.66907],[-74.97375,-2.6607],[-74.97116,-2.64558],[-74.96363,-2.63085],[-74.95746,-2.61146],[-74.96304,-2.59439],[-74.96056,-2.58411],[-74.96357,-2.56827],[-74.97114,-2.56634],[-74.97304,-2.56065],[-74.98219,-2.55081],[-74.9894,-2.52833],[-74.99311,-2.52419],[-74.99119,-2.51601],[-74.9812,-2.5068],[-74.9719,-2.50418],[-74.96369,-2.50592],[-74.95478,-2.50342],[-74.95428,-2.48511],[-74.94959,-2.45879],[-74.95468,-2.43127],[-74.95371,-2.41495],[-74.95554,-2.40368],[-74.96217,-2.38352],[-74.95852,-2.37173],[-74.96515,-2.36565],[-74.94209,-2.36669],[-74.90984,-2.36639],[-74.87947,-2.36018],[-74.88761,-2.37875],[-74.89275,-2.40535],[-74.8968,-2.43971],[-74.89404,-2.45135],[-74.87251,-2.48885],[-74.87325,-2.50287],[-74.87634,-2.50899],[-74.88952,-2.52143],[-74.89963,-2.53488],[-74.90147,-2.54344],[-74.89138,-2.55653],[-74.8969,-2.56808],[-74.87956,-2.5856],[-74.87157,-2.60132],[-74.85863,-2.60867],[-74.84325,-2.62136],[-74.83581,-2.62111],[-74.81335,-2.63084],[-74.78756,-2.63803],[-74.75851,-2.65379],[-74.75128,-2.66037],[-74.75195,-2.66482],[-74.74372,-2.69422],[-74.71849,-2.70417],[-74.70102,-2.72012],[-74.69489,-2.7209],[-74.6875,-2.72826],[-74.6805,-2.73008],[-74.67255,-2.72541],[-74.64654,-2.73753],[-74.64466,-2.74898],[-74.63949,-2.75633],[-74.62939,-2.76027],[-74.61723,-2.78133],[-74.60964,-2.78392],[-74.58514,-2.78444],[-74.57533,-2.78195],[-74.56602,-2.76876],[-74.55394,-2.76792],[-74.54585,-2.77824],[-74.52539,-2.79142],[-74.50622,-2.79982],[-74.49169,-2.79865],[-74.48364,-2.79239],[-74.46709,-2.78968],[-74.44849,-2.79524],[-74.43855,-2.79535],[-74.42599,-2.80171],[-74.41925,-2.81189],[-74.39245,-2.82524],[-74.38575,-2.83344],[-74.3825,-2.84286],[-74.36489,-2.85075],[-74.36194,-2.85908],[-74.34912,-2.8795],[-74.34197,-2.88817],[-74.34095,-2.89797],[-74.33429,-2.90578],[-74.31686,-2.90209],[-74.29866,-2.90444],[-74.28475,-2.91526],[-74.28446,-2.92367],[-74.27624,-2.93543],[-74.26055,-2.94929],[-74.24451,-2.95375],[-74.22954,-2.95187],[-74.2243,-2.95477],[-74.20277,-2.97306],[-74.19911,-2.97886],[-74.18687,-2.98275],[-74.17836,-2.9805],[-74.16771,-2.97122],[-74.1615,-2.97092],[-74.15509,-2.98129],[-74.13981,-2.99801],[-74.13092,-2.99653],[-74.1001,-3.01294],[-74.07817,-3.02975],[-74.05355,-3.05219],[-74.03368,-3.08124],[-74.02286,-3.08493],[-74.0043,-3.08792],[-73.97807,-3.11271],[-73.97024,-3.1214],[-73.95208,-3.13445],[-73.94683,-3.15275],[-73.93669,-3.1742],[-73.92178,-3.18445],[-73.89067,-3.19489],[-73.86394,-3.20871],[-73.81158,-3.24937],[-73.78462,-3.27483],[-73.74181,-3.30981],[-73.73039,-3.31576],[-73.67561,-3.32349],[-73.64873,-3.32281],[-73.65164,-3.33351],[-73.65333,-3.35435],[-73.64867,-3.36711],[-73.64792,-3.38016],[-73.64317,-3.39231],[-73.62706,-3.41274],[-73.64226,-3.4375],[-73.64861,-3.45495],[-73.65464,-3.47803],[-73.66116,-3.49394],[-73.64879,-3.50873],[-73.64819,-3.53244],[-73.63692,-3.58195],[-73.62521,-3.62045],[-73.58784,-3.64134],[-73.56736,-3.67082],[-73.55797,-3.6866],[-73.54738,-3.69914],[-73.51514,-3.71949]]]}},{"type":"Feature","properties":{"ubigeo":"160103","nombre":"Fernando Lores"},"geometry":{"type":"Polygon","coordinates":[[[-72.75656,-4.38272],[-72.75885,-4.42039],[-72.76574,-4.44609],[-72.78338,-4.48846],[-72.79577,-4.49619],[-72.81144,-4.49854],[-72.82259,-4.4981],[-72.84026,-4.49453],[-72.85996,-4.48605],[-72.88202,-4.487],[-72.90573,-4.46811],[-72.93468,-4.4671],[-72.95598,-4.47552],[-72.9776,-4.49326],[-73.00677,-4.50785],[-73.02583,-4.52958],[-73.03076,-4.5388],[-73.035,-4.55406],[-73.03524,-4.63254],[-73.04533,-4.64441],[-73.06326,-4.66973],[-73.12944,-4.69554],[-73.1556,-4.70971],[-73.17051,-4.70082],[-73.18112,-4.68645],[-73.20169,-4.68035],[-73.21716,-4.67396],[-73.24707,-4.65646],[-73.26966,-4.63884],[-73.2894,-4.60867],[-73.31156,-4.5943],[-73.32256,-4.58432],[-73.34035,-4.55782],[-73.35239,-4.54223],[-73.36216,-4.52294],[-73.38873,-4.49702],[-73.3953,-4.47925],[-73.41163,-4.46521],[-73.42235,-4.46289],[-73.43522,-4.44636],[-73.42564,-4.43686],[-73.42056,-4.42419],[-73.42375,-4.41051],[-73.42023,-4.37987],[-73.42164,-4.36858],[-73.42681,-4.35621],[-73.44916,-4.3247],[-73.44879,-4.31505],[-73.4428,-4.30635],[-73.42517,-4.28962],[-73.40984,-4.2777],[-73.38062,-4.26],[-73.37886,-4.25234],[-73.38881,-4.24438],[-73.40029,-4.23855],[-73.39207,-4.21335],[-73.38697,-4.19368],[-73.38551,-4.17758],[-73.38504,-4.12815],[-73.38571,-4.10575],[-73.38309,-4.10205],[-73.35251,-4.07974],[-73.32339,-4.06043],[-73.3004,-4.05945],[-73.28562,-4.04932],[-73.2803,-4.04027],[-73.27909,-4.01389],[-73.28288,-3.99332],[-73.27492,-3.96891],[-73.26426,-3.94021],[-73.26419,-3.9229],[-73.26226,-3.91326],[-73.25509,-3.90246],[-73.24016,-3.8889],[-73.2274,-3.87373],[-73.21682,-3.85353],[-73.20362,-3.83755],[-73.17515,-3.81163],[-73.17153,-3.80947],[-73.14286,-3.81475],[-73.11702,-3.81624],[-73.08526,-3.8126],[-73.07642,-3.83279],[-73.0572,-3.89691],[-73.04738,-3.91363],[-73.02579,-3.93142],[-73.0141,-3.93662],[-73.00184,-3.93774],[-72.99278,-3.94377],[-72.99226,-3.98827],[-72.99483,-4.02296],[-72.99281,-4.04632],[-72.97597,-4.0652],[-72.96603,-4.07079],[-72.94286,-4.06777],[-72.92272,-4.0707],[-72.89908,-4.08539],[-72.88198,-4.09455],[-72.85515,-4.1142],[-72.84653,-4.12453],[-72.8415,-4.13598],[-72.82354,-4.15544],[-72.8124,-4.17328],[-72.79202,-4.21863],[-72.78137,-4.23498],[-72.75444,-4.24895],[-72.74684,-4.25695],[-72.74751,-4.27314],[-72.75055,-4.28355],[-72.74795,-4.3164],[-72.74916,-4.33803],[-72.75656,-4.38272]]]}},{"type":"Feature","properties":{"ubigeo":"160104","nombre":"Indiana"},"geometry":{"type":"Polygon","coordinates":[[[-72.62856,-4.30365],[-72.60294,-4.35523],[-72.60324,-4.3588],[-72.62544,-4.38882],[-72.6351,-4.39913],[-72.67219,-4.39859],[-72.68144,-4.39636],[-72.75656,-4.38272],[-72.74916,-4.33803],[-72.74795,-4.3164],[-72.75055,-4.28355],[-72.74751,-4.27314],[-72.74684,-4.25695],[-72.75444,-4.24895],[-72.78137,-4.23498],[-72.79202,-4.21863],[-72.8124,-4.17328],[-72.82354,-4.15544],[-72.8415,-4.13598],[-72.84653,-4.12453],[-72.85515,-4.1142],[-72.88198,-4.09455],[-72.89908,-4.08539],[-72.92272,-4.0707],[-72.94286,-4.06777],[-72.96603,-4.07079],[-72.97597,-4.0652],[-72.99281,-4.04632],[-72.99483,-4.02296],[-72.99226,-3.98827],[-72.99278,-3.94377],[-73.00184,-3.93774],[-73.0141,-3.93662],[-73.02579,-3.93142],[-73.04738,-3.91363],[-73.0572,-3.89691],[-73.07642,-3.83279],[-73.08526,-3.8126],[-73.08309,-3.79119],[-73.0744,-3.77345],[-73.07335,-3.76301],[-73.06453,-3.7347],[-73.05552,-3.7107],[-73.05596,-3.66888],[-73.06661,-3.65606],[-73.09335,-3.64146],[-73.10672,-3.63555],[-73.11983,-3.62633],[-73.12488,-3.61777],[-73.14011,-3.59945],[-73.15214,-3.57756],[-73.16059,-3.56935],[-73.15448,-3.54768],[-73.14679,-3.53502],[-73.13348,-3.53159],[-73.10505,-3.52022],[-73.09835,-3.5197],[-73.08104,-3.51311],[-73.04179,-3.48712],[-73.01481,-3.45822],[-72.9982,-3.44607],[-72.98102,-3.44005],[-72.96451,-3.43631],[-72.91013,-3.4372],[-72.90684,-3.42473],[-72.89329,-3.39867],[-72.88229,-3.39074],[-72.86028,-3.38502],[-72.84434,-3.38633],[-72.82992,-3.39938],[-72.82261,-3.42684],[-72.81285,-3.44902],[-72.80339,-3.45661],[-72.76444,-3.46806],[-72.74678,-3.4752],[-72.73571,-3.48242],[-72.71876,-3.49893],[-72.71666,-3.50549],[-72.73684,-3.52443],[-72.74622,-3.52842],[-72.74696,-3.53746],[-72.75353,-3.53307],[-72.76159,-3.54937],[-72.76849,-3.55545],[-72.76468,-3.58157],[-72.78476,-3.60513],[-72.78345,-3.6087],[-72.77217,-3.61495],[-72.77171,-3.62674],[-72.76408,-3.64752],[-72.75217,-3.65534],[-72.73226,-3.66005],[-72.7151,-3.66138],[-72.70244,-3.66521],[-72.70167,-3.67275],[-72.70343,-3.70904],[-72.6965,-3.71367],[-72.67934,-3.71575],[-72.67043,-3.71951],[-72.64367,-3.73908],[-72.64167,-3.76168],[-72.65625,-3.78432],[-72.65449,-3.78907],[-72.63464,-3.80853],[-72.62908,-3.82396],[-72.63039,-3.83257],[-72.66807,-3.86765],[-72.69717,-3.88351],[-72.71163,-3.91404],[-72.7151,-3.92742],[-72.7171,-3.95517],[-72.71744,-3.97676],[-72.70897,-3.98963],[-72.69908,-3.99162],[-72.67956,-3.99232],[-72.66157,-3.99629],[-72.65507,-4.00075],[-72.6467,-4.01715],[-72.64735,-4.03337],[-72.65021,-4.05324],[-72.66736,-4.07372],[-72.67963,-4.09107],[-72.70311,-4.10192],[-72.70396,-4.11094],[-72.69668,-4.12839],[-72.67608,-4.15353],[-72.66368,-4.17592],[-72.66,-4.19072],[-72.66026,-4.2202],[-72.65848,-4.22786],[-72.647,-4.24177],[-72.64623,-4.2548],[-72.64871,-4.27715],[-72.64535,-4.28866],[-72.63337,-4.30163],[-72.62856,-4.30365]]]}},{"type":"Feature","properties":{"ubigeo":"160105","nombre":"Las Amazonas"},"geometry":{"type":"Polygon","coordinates":[[[-72.38326,-4.04276],[-72.38646,-4.05067],[-72.39559,-4.05724],[-72.4039,-4.08659],[-72.41104,-4.091],[-72.40858,-4.09861],[-72.4244,-4.11608],[-72.42715,-4.13275],[-72.43674,-4.16153],[-72.43451,-4.17213],[-72.42903,-4.17981],[-72.38868,-4.20332],[-72.38776,-4.20853],[-72.43836,-4.25382],[-72.48177,-4.2933],[-72.49799,-4.31939],[-72.50319,-4.3185],[-72.53579,-4.29511],[-72.54995,-4.29361],[-72.57182,-4.29796],[-72.58078,-4.30353],[-72.60503,-4.30175],[-72.62856,-4.30365],[-72.63337,-4.30163],[-72.64535,-4.28866],[-72.64871,-4.27715],[-72.64623,-4.2548],[-72.647,-4.24177],[-72.65848,-4.22786],[-72.66026,-4.2202],[-72.66,-4.19072],[-72.66368,-4.17592],[-72.67608,-4.15353],[-72.69668,-4.12839],[-72.70396,-4.11094],[-72.70311,-4.10192],[-72.67963,-4.09107],[-72.66736,-4.07372],[-72.65021,-4.05324],[-72.64735,-4.03337],[-72.6467,-4.01715],[-72.65507,-4.00075],[-72.66157,-3.99629],[-72.67956,-3.99232],[-72.69908,-3.99162],[-72.70897,-3.98963],[-72.71744,-3.97676],[-72.7171,-3.95517],[-72.7151,-3.92742],[-72.71163,-3.91404],[-72.69717,-3.88351],[-72.66807,-3.86765],[-72.63039,-3.83257],[-72.62908,-3.82396],[-72.63464,-3.80853],[-72.65449,-3.78907],[-72.65625,-3.78432],[-72.64167,-3.76168],[-72.64367,-3.73908],[-72.67043,-3.71951],[-72.67934,-3.71575],[-72.6965,-3.71367],[-72.70343,-3.70904],[-72.70167,-3.67275],[-72.70244,-3.66521],[-72.7151,-3.66138],[-72.73226,-3.66005],[-72.75217,-3.65534],[-72.76408,-3.64752],[-72.77171,-3.62674],[-72.77217,-3.61495],[-72.78345,-3.6087],[-72.78476,-3.60513],[-72.76468,-3.58157],[-72.76849,-3.55545],[-72.76159,-3.54937],[-72.75353,-3.53307],[-72.74696,-3.53746],[-72.74622,-3.52842],[-72.73684,-3.52443],[-72.71666,-3.50549],[-72.71876,-3.49893],[-72.73571,-3.48242],[-72.74678,-3.4752],[-72.76444,-3.46806],[-72.80339,-3.45661],[-72.81285,-3.44902],[-72.82261,-3.42684],[-72.82992,-3.39938],[-72.80459,-3.38259],[-72.79897,-3.38101],[-72.78134,-3.38496],[-72.75146,-3.38016],[-72.72681,-3.3831],[-72.72336,-3.38218],[-72.70618,-3.33457],[-72.69693,-3.32512],[-72.66404,-3.31218],[-72.64583,-3.30312],[-72.62768,-3.29159],[-72.62085,-3.28522],[-72.64934,-3.25301],[-72.65386,-3.23569],[-72.67434,-3.22075],[-72.7221,-3.19819],[-72.75375,-3.19247],[-72.77288,-3.18676],[-72.79952,-3.17187],[-72.82268,-3.15584],[-72.83595,-3.15427],[-72.86645,-3.13972],[-72.8721,-3.13524],[-72.88941,-3.09867],[-72.91516,-3.06975],[-72.92933,-3.04441],[-72.9228,-3.00933],[-72.90566,-2.99723],[-72.88532,-2.97637],[-72.87493,-2.96366],[-72.85071,-2.93081],[-72.83403,-2.91351],[-72.79545,-2.91198],[-72.7662,-2.91527],[-72.73024,-2.90588],[-72.70377,-2.90174],[-72.67875,-2.8928],[-72.66009,-2.89026],[-72.64049,-2.89134],[-72.58102,-2.88965],[-72.57077,-2.8909],[-72.57384,-2.92211],[-72.57339,-2.94785],[-72.56957,-2.96403],[-72.55646,-2.99699],[-72.55416,-3.00841],[-72.55637,-3.02073],[-72.55808,-3.0468],[-72.55645,-3.05983],[-72.55277,-3.06754],[-72.54636,-3.0714],[-72.51289,-3.07967],[-72.49884,-3.08492],[-72.47906,-3.09866],[-72.47885,-3.10828],[-72.47461,-3.1231],[-72.46609,-3.13216],[-72.45593,-3.13164],[-72.43827,-3.15616],[-72.4304,-3.17426],[-72.41872,-3.17682],[-72.4161,-3.1897],[-72.40981,-3.19621],[-72.40899,-3.20306],[-72.41395,-3.21765],[-72.40383,-3.23514],[-72.37641,-3.24371],[-72.3727,-3.24736],[-72.36383,-3.24703],[-72.34914,-3.27477],[-72.33777,-3.28245],[-72.32256,-3.28551],[-72.30736,-3.29161],[-72.29344,-3.29294],[-72.28877,-3.30387],[-72.2772,-3.31921],[-72.27396,-3.33278],[-72.26588,-3.34048],[-72.24321,-3.35567],[-72.23687,-3.36184],[-72.23579,-3.36944],[-72.22478,-3.37305],[-72.21813,-3.37929],[-72.19845,-3.40426],[-72.19801,-3.44105],[-72.19175,-3.4501],[-72.1839,-3.45609],[-72.15808,-3.47128],[-72.15059,-3.47797],[-72.12981,-3.48967],[-72.11844,-3.49767],[-72.11902,-3.5028],[-72.13803,-3.51781],[-72.14802,-3.52852],[-72.15633,-3.54774],[-72.15411,-3.5703],[-72.15628,-3.5796],[-72.17427,-3.60428],[-72.20081,-3.61593],[-72.22799,-3.63221],[-72.2546,-3.6536],[-72.25506,-3.65662],[-72.28083,-3.67881],[-72.30265,-3.68612],[-72.30387,-3.69345],[-72.3001,-3.70004],[-72.2898,-3.73042],[-72.27994,-3.73945],[-72.27803,-3.74521],[-72.28043,-3.75626],[-72.27889,-3.77887],[-72.28306,-3.7996],[-72.28394,-3.81765],[-72.28289,-3.83484],[-72.27855,-3.85734],[-72.27284,-3.86979],[-72.2655,-3.90193],[-72.26157,-3.91332],[-72.25495,-3.91969],[-72.25261,-3.93505],[-72.25537,-3.94479],[-72.26861,-3.96155],[-72.29365,-3.98485],[-72.30601,-3.99426],[-72.31332,-3.99635],[-72.3237,-3.99478],[-72.33212,-3.99797],[-72.33798,-4.00598],[-72.34816,-4.006],[-72.35519,-4.02214],[-72.36351,-4.02957],[-72.37072,-4.03146],[-72.38326,-4.04276]]]}},{"type":"Feature","properties":{"ubigeo":"160106","nombre":"Mazan"},"geometry":{"type":"Polygon","coordinates":[[[-72.83403,-2.91351],[-72.85071,-2.93081],[-72.87493,-2.96366],[-72.88532,-2.97637],[-72.90566,-2.99723],[-72.9228,-3.00933],[-72.92933,-3.04441],[-72.91516,-3.06975],[-72.88941,-3.09867],[-72.8721,-3.13524],[-72.86645,-3.13972],[-72.83595,-3.15427],[-72.82268,-3.15584],[-72.79952,-3.17187],[-72.77288,-3.18676],[-72.75375,-3.19247],[-72.7221,-3.19819],[-72.67434,-3.22075],[-72.65386,-3.23569],[-72.64934,-3.25301],[-72.62085,-3.28522],[-72.62768,-3.29159],[-72.64583,-3.30312],[-72.66404,-3.31218],[-72.69693,-3.32512],[-72.70618,-3.33457],[-72.72336,-3.38218],[-72.72681,-3.3831],[-72.75146,-3.38016],[-72.78134,-3.38496],[-72.79897,-3.38101],[-72.80459,-3.38259],[-72.82992,-3.39938],[-72.84434,-3.38633],[-72.86028,-3.38502],[-72.88229,-3.39074],[-72.89329,-3.39867],[-72.90684,-3.42473],[-72.91013,-3.4372],[-72.96451,-3.43631],[-72.98102,-3.44005],[-72.9982,-3.44607],[-73.01481,-3.45822],[-73.04179,-3.48712],[-73.08104,-3.51311],[-73.09835,-3.5197],[-73.10505,-3.52022],[-73.13348,-3.53159],[-73.14679,-3.53502],[-73.15448,-3.54768],[-73.16059,-3.56935],[-73.19536,-3.57388],[-73.20749,-3.57108],[-73.2385,-3.55943],[-73.24731,-3.55479],[-73.25611,-3.55384],[-73.29035,-3.55461],[-73.299,-3.54787],[-73.31974,-3.52643],[-73.32767,-3.50853],[-73.32862,-3.49527],[-73.32273,-3.48416],[-73.32212,-3.46876],[-73.33975,-3.45785],[-73.36004,-3.44769],[-73.39142,-3.42589],[-73.41094,-3.41524],[-73.43467,-3.39849],[-73.44315,-3.38762],[-73.4796,-3.32612],[-73.47353,-3.30946],[-73.47092,-3.29256],[-73.48051,-3.28564],[-73.49931,-3.28398],[-73.53116,-3.29202],[-73.56756,-3.30306],[-73.616,-3.31545],[-73.62994,-3.32041],[-73.64873,-3.32281],[-73.67561,-3.32349],[-73.73039,-3.31576],[-73.74181,-3.30981],[-73.78462,-3.27483],[-73.81158,-3.24937],[-73.86394,-3.20871],[-73.89067,-3.19489],[-73.92178,-3.18445],[-73.93669,-3.1742],[-73.94683,-3.15275],[-73.95208,-3.13445],[-73.97024,-3.1214],[-73.97807,-3.11271],[-74.0043,-3.08792],[-74.02286,-3.08493],[-74.03368,-3.08124],[-74.05355,-3.05219],[-74.07817,-3.02975],[-74.1001,-3.01294],[-74.13092,-2.99653],[-74.13981,-2.99801],[-74.15509,-2.98129],[-74.1615,-2.97092],[-74.16771,-2.97122],[-74.17836,-2.9805],[-74.18687,-2.98275],[-74.19911,-2.97886],[-74.20277,-2.97306],[-74.2243,-2.95477],[-74.22954,-2.95187],[-74.24451,-2.95375],[-74.26055,-2.94929],[-74.27624,-2.93543],[-74.28446,-2.92367],[-74.28475,-2.91526],[-74.29866,-2.90444],[-74.31686,-2.90209],[-74.33429,-2.90578],[-74.34095,-2.89797],[-74.34197,-2.88817],[-74.34912,-2.8795],[-74.36194,-2.85908],[-74.36489,-2.85075],[-74.3825,-2.84286],[-74.38575,-2.83344],[-74.39245,-2.82524],[-74.41925,-2.81189],[-74.42599,-2.80171],[-74.43855,-2.79535],[-74.44849,-2.79524],[-74.46709,-2.78968],[-74.48364,-2.79239],[-74.49169,-2.79865],[-74.50622,-2.79982],[-74.52539,-2.79142],[-74.54585,-2.77824],[-74.55394,-2.76792],[-74.56602,-2.76876],[-74.57533,-2.78195],[-74.58514,-2.78444],[-74.60964,-2.78392],[-74.61723,-2.78133],[-74.62939,-2.76027],[-74.63949,-2.75633],[-74.64466,-2.74898],[-74.64654,-2.73753],[-74.67255,-2.72541],[-74.6805,-2.73008],[-74.6875,-2.72826],[-74.69489,-2.7209],[-74.70102,-2.72012],[-74.71849,-2.70417],[-74.74372,-2.69422],[-74.75195,-2.66482],[-74.75128,-2.66037],[-74.75851,-2.65379],[-74.78756,-2.63803],[-74.81335,-2.63084],[-74.83581,-2.62111],[-74.84325,-2.62136],[-74.85863,-2.60867],[-74.87157,-2.60132],[-74.87956,-2.5856],[-74.8969,-2.56808],[-74.89138,-2.55653],[-74.90147,-2.54344],[-74.89963,-2.53488],[-74.88952,-2.52143],[-74.87634,-2.50899],[-74.87325,-2.50287],[-74.87251,-2.48885],[-74.89404,-2.45135],[-74.8968,-2.43971],[-74.89275,-2.40535],[-74.88761,-2.37875],[-74.87947,-2.36018],[-74.85437,-2.35776],[-74.81661,-2.35799],[-74.80295,-2.3524],[-74.77381,-2.34362],[-74.76029,-2.34574],[-74.74826,-2.35824],[-74.74176,-2.3867],[-74.73103,-2.39699],[-74.71173,-2.39428],[-74.71541,-2.40265],[-74.71055,-2.40638],[-74.70254,-2.41901],[-74.70172,-2.42697],[-74.69376,-2.42608],[-74.6894,-2.43017],[-74.67844,-2.42895],[-74.66544,-2.42347],[-74.65107,-2.42331],[-74.63785,-2.42001],[-74.62482,-2.41317],[-74.62042,-2.42245],[-74.60901,-2.41865],[-74.58368,-2.43574],[-74.56897,-2.4284],[-74.56236,-2.42868],[-74.55458,-2.435],[-74.55003,-2.44476],[-74.5373,-2.44647],[-74.52524,-2.45198],[-74.52067,-2.45842],[-74.51736,-2.4744],[-74.51305,-2.48148],[-74.50052,-2.48806],[-74.49211,-2.48888],[-74.45751,-2.47623],[-74.44448,-2.47518],[-74.42944,-2.47852],[-74.41445,-2.48587],[-74.40579,-2.4924],[-74.39406,-2.50722],[-74.39314,-2.51152],[-74.39816,-2.52604],[-74.39383,-2.53634],[-74.38841,-2.53851],[-74.36523,-2.53883],[-74.34702,-2.54844],[-74.34205,-2.55474],[-74.32071,-2.56286],[-74.29998,-2.58178],[-74.2919,-2.59445],[-74.28699,-2.61515],[-74.28133,-2.61986],[-74.26634,-2.62452],[-74.2583,-2.64052],[-74.24207,-2.65271],[-74.23413,-2.65491],[-74.21902,-2.64814],[-74.20583,-2.64612],[-74.18957,-2.65104],[-74.17483,-2.66015],[-74.14505,-2.66082],[-74.12942,-2.65915],[-74.11033,-2.65293],[-74.09991,-2.65448],[-74.08455,-2.6501],[-74.0722,-2.6495],[-74.04331,-2.65849],[-74.02428,-2.65909],[-74.00843,-2.65488],[-73.99748,-2.6639],[-73.97677,-2.66975],[-73.94806,-2.67254],[-73.91715,-2.68626],[-73.87714,-2.71152],[-73.86751,-2.71934],[-73.85162,-2.737],[-73.835,-2.74865],[-73.80262,-2.76111],[-73.76325,-2.77165],[-73.7394,-2.78347],[-73.72679,-2.79463],[-73.71609,-2.80952],[-73.68398,-2.90105],[-73.66278,-2.91313],[-73.62541,-2.92436],[-73.56905,-2.95717],[-73.51534,-2.9651],[-73.48286,-2.97297],[-73.46953,-2.98011],[-73.46001,-2.98784],[-73.4537,-2.99969],[-73.44861,-3.01428],[-73.43426,-3.03441],[-73.42001,-3.04453],[-73.3918,-3.05987],[-73.36081,-3.07302],[-73.33259,-3.09325],[-73.31904,-3.09999],[-73.27912,-3.1173],[-73.2301,-3.12259],[-73.21495,-3.12214],[-73.17541,-3.11654],[-73.14991,-3.11489],[-73.14232,-3.11654],[-73.12289,-3.13246],[-73.11469,-3.13745],[-73.10416,-3.13743],[-73.08291,-3.12337],[-73.07487,-3.11452],[-73.06768,-3.09573],[-73.06682,-3.07785],[-73.06393,-3.06609],[-73.04876,-3.04492],[-73.04146,-3.03191],[-73.03377,-2.98943],[-73.02168,-2.96593],[-73.0137,-2.9567],[-72.98349,-2.93919],[-72.97311,-2.93015],[-72.96922,-2.90519],[-72.9605,-2.87814],[-72.9516,-2.86122],[-72.92526,-2.88196],[-72.89993,-2.9097],[-72.88623,-2.91776],[-72.85859,-2.9146],[-72.83403,-2.91351]]]}},{"type":"Feature","properties":{"ubigeo":"160107","nombre":"Napo"},"geometry":{"type":"Polygon","coordinates":[[[-72.9516,-2.86122],[-72.9605,-2.87814],[-72.96922,-2.90519],[-72.97311,-2.93015],[-72.98349,-2.93919],[-73.0137,-2.9567],[-73.02168,-2.96593],[-73.03377,-2.98943],[-73.04146,-3.03191],[-73.04876,-3.04492],[-73.06393,-3.06609],[-73.06682,-3.07785],[-73.06768,-3.09573],[-73.07487,-3.11452],[-73.08291,-3.12337],[-73.10416,-3.13743],[-73.11469,-3.13745],[-73.12289,-3.13246],[-73.14232,-3.11654],[-73.14991,-3.11489],[-73.17541,-3.11654],[-73.21495,-3.12214],[-73.2301,-3.12259],[-73.27912,-3.1173],[-73.31904,-3.09999],[-73.33259,-3.09325],[-73.36081,-3.07302],[-73.3918,-3.05987],[-73.42001,-3.04453],[-73.43426,-3.03441],[-73.44861,-3.01428],[-73.4537,-2.99969],[-73.46001,-2.98784],[-73.46953,-2.98011],[-73.48286,-2.97297],[-73.51534,-2.9651],[-73.56905,-2.95717],[-73.62541,-2.92436],[-73.66278,-2.91313],[-73.68398,-2.90105],[-73.71609,-2.80952],[-73.72679,-2.79463],[-73.7394,-2.78347],[-73.76325,-2.77165],[-73.80262,-2.76111],[-73.835,-2.74865],[-73.85162,-2.737],[-73.86751,-2.71934],[-73.87714,-2.71152],[-73.91715,-2.68626],[-73.94806,-2.67254],[-73.97677,-2.66975],[-73.99748,-2.6639],[-74.00843,-2.65488],[-74.02428,-2.65909],[-74.04331,-2.65849],[-74.0722,-2.6495],[-74.08455,-2.6501],[-74.09991,-2.65448],[-74.11033,-2.65293],[-74.12942,-2.65915],[-74.14505,-2.66082],[-74.17483,-2.66015],[-74.18957,-2.65104],[-74.20583,-2.64612],[-74.21902,-2.64814],[-74.23413,-2.65491],[-74.24207,-2.65271],[-74.2583,-2.64052],[-74.26634,-2.62452],[-74.28133,-2.61986],[-74.28699,-2.61515],[-74.2919,-2.59445],[-74.29998,-2.58178],[-74.32071,-2.56286],[-74.34205,-2.55474],[-74.34702,-2.54844],[-74.36523,-2.53883],[-74.38841,-2.53851],[-74.39383,-2.53634],[-74.39816,-2.52604],[-74.39314,-2.51152],[-74.39406,-2.50722],[-74.40579,-2.4924],[-74.41445,-2.48587],[-74.42944,-2.47852],[-74.44448,-2.47518],[-74.45751,-2.47623],[-74.49211,-2.48888],[-74.50052,-2.48806],[-74.51305,-2.48148],[-74.51736,-2.4744],[-74.52067,-2.45842],[-74.52524,-2.45198],[-74.5373,-2.44647],[-74.55003,-2.44476],[-74.55458,-2.435],[-74.56236,-2.42868],[-74.56897,-2.4284],[-74.58368,-2.43574],[-74.60901,-2.41865],[-74.62042,-2.42245],[-74.62482,-2.41317],[-74.63785,-2.42001],[-74.65107,-2.42331],[-74.66544,-2.42347],[-74.67844,-2.42895],[-74.6894,-2.43017],[-74.69376,-2.42608],[-74.70172,-2.42697],[-74.70254,-2.41901],[-74.71055,-2.40638],[-74.71541,-2.40265],[-74.71173,-2.39428],[-74.73103,-2.39699],[-74.74176,-2.3867],[-74.74826,-2.35824],[-74.76029,-2.34574],[-74.77381,-2.34362],[-74.80295,-2.3524],[-74.81661,-2.35799],[-74.85437,-2.35776],[-74.87947,-2.36018],[-74.90984,-2.36639],[-74.94209,-2.36669],[-74.96515,-2.36565],[-74.97812,-2.3684],[-75.01715,-2.35179],[-75.04026,-2.33422],[-75.05722,-2.31415],[-75.06919,-2.3069],[-75.08323,-2.29347],[-75.09407,-2.29358],[-75.10394,-2.28968],[-75.10902,-2.30013],[-75.13164,-2.2906],[-75.14088,-2.27893],[-75.14815,-2.2541],[-75.1519,-2.24882],[-75.15534,-2.23523],[-75.16504,-2.2286],[-75.17221,-2.21916],[-75.17418,-2.20632],[-75.1679,-2.20081],[-75.16608,-2.19175],[-75.17566,-2.18037],[-75.18501,-2.17548],[-75.19191,-2.16637],[-75.20148,-2.16163],[-75.22601,-2.15677],[-75.23773,-2.13795],[-75.24619,-2.13383],[-75.24893,-2.11759],[-75.24325,-2.1031],[-75.24634,-2.09678],[-75.25475,-2.09186],[-75.25314,-2.07934],[-75.26129,-2.07281],[-75.26791,-2.06019],[-75.26829,-2.04574],[-75.27352,-2.03209],[-75.28815,-2.00871],[-75.30198,-2.0031],[-75.33755,-2.0032],[-75.35867,-2.01216],[-75.38274,-2.01364],[-75.3961,-2.01834],[-75.41116,-2.02913],[-75.42668,-2.032],[-75.43798,-2.03659],[-75.4449,-2.03414],[-75.45911,-2.01176],[-75.47254,-2.00386],[-75.51921,-2.00165],[-75.53629,-1.99646],[-75.54709,-1.98769],[-75.5623,-1.97014],[-75.57484,-1.96346],[-75.60557,-1.9697],[-75.62203,-1.96512],[-75.64626,-1.94806],[-75.65768,-1.94454],[-75.66299,-1.94611],[-75.7002,-1.93382],[-75.71134,-1.93408],[-75.72921,-1.9301],[-75.74592,-1.93092],[-75.75156,-1.91065],[-75.76846,-1.87655],[-75.77708,-1.85647],[-75.78021,-1.84399],[-75.78115,-1.82774],[-75.77695,-1.80627],[-75.77836,-1.79395],[-75.68801,-1.67842],[-75.6551,-1.6359],[-75.61569,-1.58918],[-75.58093,-1.54637],[-75.56715,-1.55514],[-75.56357,-1.56277],[-75.55836,-1.56072],[-75.55036,-1.50199],[-75.54558,-1.49932],[-75.53896,-1.48347],[-75.49853,-1.33855],[-75.48613,-1.29326],[-75.47356,-1.24992],[-75.44965,-1.16288],[-75.41753,-1.04889],[-75.40226,-1.04049],[-75.38477,-1.03757],[-75.36894,-1.04163],[-75.31654,-1.06739],[-75.26569,-1.08443],[-75.23912,-1.08854],[-75.22949,-1.09237],[-75.22687,-1.11283],[-75.22216,-1.13443],[-75.22153,-1.1465],[-75.22309,-1.18102],[-75.20897,-1.211],[-75.20157,-1.22287],[-75.18866,-1.23804],[-75.17597,-1.25019],[-75.16638,-1.26662],[-75.16233,-1.27712],[-75.16387,-1.28859],[-75.18038,-1.30606],[-75.18466,-1.31653],[-75.18212,-1.3247],[-75.17295,-1.33434],[-75.17707,-1.35234],[-75.17431,-1.36141],[-75.17602,-1.37232],[-75.17192,-1.38834],[-75.16299,-1.38606],[-75.15126,-1.39301],[-75.13743,-1.41675],[-75.14097,-1.42768],[-75.14692,-1.43185],[-75.15414,-1.44565],[-75.14862,-1.45851],[-75.13287,-1.47588],[-75.12573,-1.49607],[-75.13033,-1.50595],[-75.125,-1.5103],[-75.1171,-1.52783],[-75.118,-1.57373],[-75.11617,-1.58441],[-75.10217,-1.58995],[-75.09914,-1.5998],[-75.07963,-1.62795],[-75.06721,-1.63114],[-75.06347,-1.63809],[-75.05393,-1.64556],[-75.04287,-1.66606],[-75.04257,-1.67667],[-75.03564,-1.67716],[-75.03443,-1.6848],[-75.02655,-1.69693],[-75.02916,-1.7081],[-75.0137,-1.70742],[-75.00903,-1.7153],[-75.01265,-1.72686],[-75.00576,-1.74226],[-74.998,-1.7739],[-75.00263,-1.78777],[-75.00126,-1.80763],[-74.99319,-1.82135],[-74.98039,-1.82312],[-74.96584,-1.84703],[-74.94637,-1.87122],[-74.92379,-1.88831],[-74.91672,-1.90046],[-74.91271,-1.91247],[-74.90176,-1.90993],[-74.89078,-1.91161],[-74.88295,-1.9188],[-74.87287,-1.91689],[-74.84893,-1.90653],[-74.81464,-1.90743],[-74.79273,-1.90503],[-74.7679,-1.8994],[-74.7505,-1.8907],[-74.7407,-1.8833],[-74.73378,-1.86605],[-74.73481,-1.85908],[-74.72367,-1.84435],[-74.70402,-1.85234],[-74.70102,-1.85774],[-74.68015,-1.87193],[-74.66348,-1.87067],[-74.65547,-1.88865],[-74.64492,-1.89813],[-74.63323,-1.90038],[-74.62324,-1.90616],[-74.59997,-1.91245],[-74.58871,-1.94166],[-74.57658,-1.95969],[-74.57449,-1.96728],[-74.56289,-1.96724],[-74.56273,-1.97229],[-74.55619,-1.97266],[-74.55111,-1.97979],[-74.53412,-1.98198],[-74.53036,-1.97038],[-74.51922,-1.96469],[-74.51949,-1.95311],[-74.49961,-1.93429],[-74.49569,-1.92261],[-74.49341,-1.90695],[-74.47416,-1.88363],[-74.47,-1.86985],[-74.47417,-1.86164],[-74.48255,-1.85883],[-74.48957,-1.84908],[-74.48651,-1.841],[-74.47774,-1.83949],[-74.46891,-1.83042],[-74.46681,-1.81685],[-74.45573,-1.8174],[-74.44382,-1.80745],[-74.43305,-1.80585],[-74.42103,-1.79046],[-74.42252,-1.7752],[-74.41704,-1.76675],[-74.41119,-1.74094],[-74.41226,-1.72308],[-74.42082,-1.72337],[-74.43719,-1.71964],[-74.45089,-1.72062],[-74.45288,-1.70564],[-74.46421,-1.68513],[-74.46321,-1.68158],[-74.44751,-1.66776],[-74.46299,-1.65577],[-74.45653,-1.64638],[-74.45635,-1.62983],[-74.46729,-1.60996],[-74.46642,-1.5962],[-74.46917,-1.57869],[-74.49573,-1.55079],[-74.49664,-1.54428],[-74.4919,-1.52729],[-74.49572,-1.50082],[-74.51106,-1.49653],[-74.52288,-1.50052],[-74.54055,-1.49765],[-74.55219,-1.49259],[-74.55646,-1.48708],[-74.55308,-1.47287],[-74.55608,-1.46643],[-74.56756,-1.46226],[-74.57276,-1.44392],[-74.56574,-1.43025],[-74.57734,-1.41712],[-74.58464,-1.41618],[-74.58255,-1.40797],[-74.58427,-1.39672],[-74.59198,-1.38236],[-74.6139,-1.36737],[-74.61959,-1.34714],[-74.63607,-1.34181],[-74.66495,-1.33792],[-74.67259,-1.3308],[-74.67182,-1.32255],[-74.68069,-1.31647],[-74.69096,-1.29993],[-74.70066,-1.28948],[-74.70306,-1.2772],[-74.70848,-1.26616],[-74.71961,-1.25265],[-74.72881,-1.23448],[-74.73888,-1.23208],[-74.74537,-1.22304],[-74.75559,-1.22825],[-74.77404,-1.22778],[-74.78406,-1.22278],[-74.78646,-1.21566],[-74.78099,-1.21003],[-74.7681,-1.20762],[-74.76433,-1.20088],[-74.77575,-1.18818],[-74.78975,-1.17945],[-74.802,-1.14319],[-74.80563,-1.12397],[-74.81767,-1.11002],[-74.81876,-1.10462],[-74.8111,-1.09086],[-74.81538,-1.08773],[-74.81948,-1.074],[-74.82701,-1.06653],[-74.83256,-1.05386],[-74.84786,-1.05271],[-74.85857,-1.04961],[-74.86953,-1.03744],[-74.88779,-1.00632],[-74.88776,-0.9878],[-74.88982,-0.97969],[-74.88408,-0.96098],[-74.87762,-0.97565],[-74.86888,-0.98872],[-74.85856,-0.99771],[-74.85332,-1.00596],[-74.8509,-1.01731],[-74.8448,-1.02286],[-74.82786,-1.027],[-74.81466,-1.03347],[-74.79464,-1.03614],[-74.78442,-1.04995],[-74.7631,-1.05368],[-74.75797,-1.05813],[-74.74518,-1.08462],[-74.73716,-1.10547],[-74.7219,-1.11035],[-74.71896,-1.11585],[-74.71315,-1.1458],[-74.70861,-1.15463],[-74.70181,-1.15628],[-74.69508,-1.16397],[-74.69145,-1.17423],[-74.68055,-1.18595],[-74.67121,-1.19294],[-74.65487,-1.21069],[-74.64439,-1.2169],[-74.64046,-1.23339],[-74.61658,-1.24296],[-74.60129,-1.25716],[-74.5895,-1.27237],[-74.58635,-1.2865],[-74.58919,-1.30361],[-74.58619,-1.30992],[-74.57869,-1.31358],[-74.56515,-1.32477],[-74.55402,-1.32495],[-74.54753,-1.32873],[-74.54421,-1.34269],[-74.53897,-1.34716],[-74.51608,-1.35182],[-74.50183,-1.37144],[-74.49098,-1.37961],[-74.4765,-1.38038],[-74.46601,-1.37608],[-74.44595,-1.38978],[-74.44356,-1.39792],[-74.43343,-1.39734],[-74.4285,-1.39035],[-74.41351,-1.3976],[-74.40608,-1.39434],[-74.39148,-1.39977],[-74.37701,-1.40272],[-74.36915,-1.40879],[-74.35294,-1.41473],[-74.33969,-1.4162],[-74.32286,-1.422],[-74.30636,-1.43685],[-74.29706,-1.43766],[-74.29087,-1.43321],[-74.27866,-1.43629],[-74.26612,-1.44306],[-74.22279,-1.45553],[-74.20676,-1.44555],[-74.18989,-1.45048],[-74.17872,-1.46344],[-74.17128,-1.46795],[-74.15169,-1.47155],[-74.14781,-1.47715],[-74.1394,-1.48108],[-74.12079,-1.50309],[-74.0877,-1.52067],[-74.06689,-1.52439],[-74.05172,-1.52475],[-74.03236,-1.52775],[-74.00786,-1.52388],[-74.00018,-1.52887],[-73.99567,-1.55318],[-73.98044,-1.57698],[-73.97286,-1.58533],[-73.96027,-1.5886],[-73.94096,-1.58777],[-73.94141,-1.60332],[-73.93635,-1.61054],[-73.92379,-1.61613],[-73.92152,-1.62596],[-73.90927,-1.64493],[-73.90633,-1.65757],[-73.89822,-1.66429],[-73.89644,-1.67252],[-73.88678,-1.68299],[-73.87166,-1.68324],[-73.85972,-1.68004],[-73.85132,-1.68096],[-73.83715,-1.68667],[-73.82449,-1.69635],[-73.81984,-1.72027],[-73.8178,-1.74485],[-73.819,-1.76342],[-73.82328,-1.77664],[-73.83661,-1.80201],[-73.84245,-1.82454],[-73.84173,-1.83343],[-73.83693,-1.84832],[-73.84127,-1.85609],[-73.85502,-1.86425],[-73.86021,-1.87888],[-73.87863,-1.89266],[-73.88153,-1.90297],[-73.87528,-1.91871],[-73.88112,-1.9288],[-73.88118,-1.93554],[-73.88741,-1.93852],[-73.89346,-1.9505],[-73.89869,-1.96774],[-73.9038,-1.97192],[-73.91988,-1.97762],[-73.92269,-1.98409],[-73.91453,-1.99208],[-73.90329,-1.99121],[-73.89573,-1.99717],[-73.88405,-1.99843],[-73.87797,-2.00923],[-73.86725,-2.01801],[-73.8593,-2.02096],[-73.84138,-2.02308],[-73.82148,-2.02252],[-73.80744,-2.02853],[-73.80363,-2.03706],[-73.79314,-2.10525],[-73.7874,-2.12236],[-73.77762,-2.13345],[-73.75411,-2.1416],[-73.73696,-2.15691],[-73.74016,-2.17354],[-73.74972,-2.18915],[-73.7562,-2.20371],[-73.75658,-2.21307],[-73.7512,-2.22636],[-73.74441,-2.23218],[-73.7336,-2.2363],[-73.72701,-2.2507],[-73.7248,-2.26702],[-73.72041,-2.28345],[-73.71081,-2.29678],[-73.6942,-2.30224],[-73.67845,-2.2919],[-73.66119,-2.29033],[-73.64765,-2.29417],[-73.62286,-2.30556],[-73.61431,-2.31358],[-73.58533,-2.33583],[-73.57299,-2.34409],[-73.56609,-2.36105],[-73.56121,-2.36767],[-73.54698,-2.37367],[-73.52127,-2.37688],[-73.50673,-2.38778],[-73.48179,-2.4101],[-73.46154,-2.41281],[-73.44416,-2.41701],[-73.40577,-2.43993],[-73.38897,-2.455],[-73.37318,-2.4656],[-73.36856,-2.4769],[-73.36842,-2.48819],[-73.37212,-2.49804],[-73.38405,-2.50977],[-73.39206,-2.52189],[-73.39584,-2.53336],[-73.39221,-2.55162],[-73.38062,-2.57397],[-73.36749,-2.59557],[-73.35534,-2.60847],[-73.33855,-2.61826],[-73.32097,-2.62581],[-73.27586,-2.63717],[-73.25967,-2.65046],[-73.24201,-2.6724],[-73.21365,-2.69598],[-73.19849,-2.70238],[-73.18644,-2.70392],[-73.16971,-2.70137],[-73.14865,-2.70669],[-73.13999,-2.7137],[-73.13697,-2.72177],[-73.13632,-2.74444],[-73.13426,-2.75837],[-73.13016,-2.76731],[-73.12219,-2.77522],[-73.10547,-2.77867],[-73.0775,-2.77687],[-73.06921,-2.77856],[-73.03822,-2.80036],[-73.01297,-2.8227],[-72.98107,-2.83961],[-72.9516,-2.86122]]]}},{"type":"Feature","properties":{"ubigeo":"160108","nombre":"Punchana"},"geometry":{"type":"Polygon","coordinates":[[[-73.14011,-3.59945],[-73.15197,-3.60945],[-73.1823,-3.62327],[-73.19341,-3.63069],[-73.20429,-3.64381],[-73.21021,-3.65441],[-73.22453,-3.68609],[-73.23281,-3.71249],[-73.23643,-3.73224],[-73.26117,-3.72994],[-73.27251,-3.71591],[-73.27697,-3.70739],[-73.29219,-3.69292],[-73.3076,-3.68702],[-73.3197,-3.68625],[-73.35371,-3.71216],[-73.36956,-3.71502],[-73.39778,-3.71582],[-73.42853,-3.73726],[-73.44835,-3.73798],[-73.47117,-3.73675],[-73.49734,-3.74166],[-73.50579,-3.73413],[-73.51514,-3.71949],[-73.54738,-3.69914],[-73.55797,-3.6866],[-73.56736,-3.67082],[-73.58784,-3.64134],[-73.62521,-3.62045],[-73.63692,-3.58195],[-73.64819,-3.53244],[-73.64879,-3.50873],[-73.66116,-3.49394],[-73.65464,-3.47803],[-73.64861,-3.45495],[-73.64226,-3.4375],[-73.62706,-3.41274],[-73.64317,-3.39231],[-73.64792,-3.38016],[-73.64867,-3.36711],[-73.65333,-3.35435],[-73.65164,-3.33351],[-73.64873,-3.32281],[-73.62994,-3.32041],[-73.616,-3.31545],[-73.56756,-3.30306],[-73.53116,-3.29202],[-73.49931,-3.28398],[-73.48051,-3.28564],[-73.47092,-3.29256],[-73.47353,-3.30946],[-73.4796,-3.32612],[-73.44315,-3.38762],[-73.43467,-3.39849],[-73.41094,-3.41524],[-73.39142,-3.42589],[-73.36004,-3.44769],[-73.33975,-3.45785],[-73.32212,-3.46876],[-73.32273,-3.48416],[-73.32862,-3.49527],[-73.32767,-3.50853],[-73.31974,-3.52643],[-73.299,-3.54787],[-73.29035,-3.55461],[-73.25611,-3.55384],[-73.24731,-3.55479],[-73.2385,-3.55943],[-73.20749,-3.57108],[-73.19536,-3.57388],[-73.16059,-3.56935],[-73.15214,-3.57756],[-73.14011,-3.59945]]]}},{"type":"Feature","properties":{"ubigeo":"160110","nombre":"Torres Causana"},"geometry":{"type":"Polygon","coordinates":[[[-74.88735,-0.91963],[-74.88408,-0.96098],[-74.88982,-0.97969],[-74.88776,-0.9878],[-74.88779,-1.00632],[-74.86953,-1.03744],[-74.85857,-1.04961],[-74.84786,-1.05271],[-74.83256,-1.05386],[-74.82701,-1.06653],[-74.81948,-1.074],[-74.81538,-1.08773],[-74.8111,-1.09086],[-74.81876,-1.10462],[-74.81767,-1.11002],[-74.80563,-1.12397],[-74.802,-1.14319],[-74.78975,-1.17945],[-74.77575,-1.18818],[-74.76433,-1.20088],[-74.7681,-1.20762],[-74.78099,-1.21003],[-74.78646,-1.21566],[-74.78406,-1.22278],[-74.77404,-1.22778],[-74.75559,-1.22825],[-74.74537,-1.22304],[-74.73888,-1.23208],[-74.72881,-1.23448],[-74.71961,-1.25265],[-74.70848,-1.26616],[-74.70306,-1.2772],[-74.70066,-1.28948],[-74.69096,-1.29993],[-74.68069,-1.31647],[-74.67182,-1.32255],[-74.67259,-1.3308],[-74.66495,-1.33792],[-74.63607,-1.34181],[-74.61959,-1.34714],[-74.6139,-1.36737],[-74.59198,-1.38236],[-74.58427,-1.39672],[-74.58255,-1.40797],[-74.58464,-1.41618],[-74.57734,-1.41712],[-74.56574,-1.43025],[-74.57276,-1.44392],[-74.56756,-1.46226],[-74.55608,-1.46643],[-74.55308,-1.47287],[-74.55646,-1.48708],[-74.55219,-1.49259],[-74.54055,-1.49765],[-74.52288,-1.50052],[-74.51106,-1.49653],[-74.49572,-1.50082],[-74.4919,-1.52729],[-74.49664,-1.54428],[-74.49573,-1.55079],[-74.46917,-1.57869],[-74.46642,-1.5962],[-74.46729,-1.60996],[-74.45635,-1.62983],[-74.45653,-1.64638],[-74.46299,-1.65577],[-74.44751,-1.66776],[-74.46321,-1.68158],[-74.46421,-1.68513],[-74.45288,-1.70564],[-74.45089,-1.72062],[-74.43719,-1.71964],[-74.42082,-1.72337],[-74.41226,-1.72308],[-74.41119,-1.74094],[-74.41704,-1.76675],[-74.42252,-1.7752],[-74.42103,-1.79046],[-74.43305,-1.80585],[-74.44382,-1.80745],[-74.45573,-1.8174],[-74.46681,-1.81685],[-74.46891,-1.83042],[-74.47774,-1.83949],[-74.48651,-1.841],[-74.48957,-1.84908],[-74.48255,-1.85883],[-74.47417,-1.86164],[-74.47,-1.86985],[-74.47416,-1.88363],[-74.49341,-1.90695],[-74.49569,-1.92261],[-74.49961,-1.93429],[-74.51949,-1.95311],[-74.51922,-1.96469],[-74.53036,-1.97038],[-74.53412,-1.98198],[-74.55111,-1.97979],[-74.55619,-1.97266],[-74.56273,-1.97229],[-74.56289,-1.96724],[-74.57449,-1.96728],[-74.57658,-1.95969],[-74.58871,-1.94166],[-74.59997,-1.91245],[-74.62324,-1.90616],[-74.63323,-1.90038],[-74.64492,-1.89813],[-74.65547,-1.88865],[-74.66348,-1.87067],[-74.68015,-1.87193],[-74.70102,-1.85774],[-74.70402,-1.85234],[-74.72367,-1.84435],[-74.73481,-1.85908],[-74.73378,-1.86605],[-74.7407,-1.8833],[-74.7505,-1.8907],[-74.7679,-1.8994],[-74.79273,-1.90503],[-74.81464,-1.90743],[-74.84893,-1.90653],[-74.87287,-1.91689],[-74.88295,-1.9188],[-74.89078,-1.91161],[-74.90176,-1.90993],[-74.91271,-1.91247],[-74.91672,-1.90046],[-74.92379,-1.88831],[-74.94637,-1.87122],[-74.96584,-1.84703],[-74.98039,-1.82312],[-74.99319,-1.82135],[-75.00126,-1.80763],[-75.00263,-1.78777],[-74.998,-1.7739],[-75.00576,-1.74226],[-75.01265,-1.72686],[-75.00903,-1.7153],[-75.0137,-1.70742],[-75.02916,-1.7081],[-75.02655,-1.69693],[-75.03443,-1.6848],[-75.03564,-1.67716],[-75.04257,-1.67667],[-75.04287,-1.66606],[-75.05393,-1.64556],[-75.06347,-1.63809],[-75.06721,-1.63114],[-75.07963,-1.62795],[-75.09914,-1.5998],[-75.10217,-1.58995],[-75.11617,-1.58441],[-75.118,-1.57373],[-75.1171,-1.52783],[-75.125,-1.5103],[-75.13033,-1.50595],[-75.12573,-1.49607],[-75.13287,-1.47588],[-75.14862,-1.45851],[-75.15414,-1.44565],[-75.14692,-1.43185],[-75.14097,-1.42768],[-75.13743,-1.41675],[-75.15126,-1.39301],[-75.16299,-1.38606],[-75.17192,-1.38834],[-75.17602,-1.37232],[-75.17431,-1.36141],[-75.17707,-1.35234],[-75.17295,-1.33434],[-75.18212,-1.3247],[-75.18466,-1.31653],[-75.18038,-1.30606],[-75.16387,-1.28859],[-75.16233,-1.27712],[-75.16638,-1.26662],[-75.17597,-1.25019],[-75.18866,-1.23804],[-75.20157,-1.22287],[-75.20897,-1.211],[-75.22309,-1.18102],[-75.22153,-1.1465],[-75.22216,-1.13443],[-75.22687,-1.11283],[-75.22949,-1.09237],[-75.23912,-1.08854],[-75.26569,-1.08443],[-75.31654,-1.06739],[-75.36894,-1.04163],[-75.38477,-1.03757],[-75.40226,-1.04049],[-75.41753,-1.04889],[-75.4039,-1.00008],[-75.3867,-0.92974],[-75.3813,-0.92394],[-75.36981,-0.92901],[-75.35884,-0.93952],[-75.35215,-0.9423],[-75.33185,-0.96268],[-75.32203,-0.97478],[-75.31536,-0.97416],[-75.30418,-0.98531],[-75.29298,-0.98749],[-75.27762,-0.97168],[-75.25898,-0.96828],[-75.24763,-0.97099],[-75.21624,-0.97083],[-75.21145,-0.96957],[-75.2014,-0.97555],[-75.18849,-0.9698],[-75.20157,-0.9568],[-75.21066,-0.95398],[-75.22009,-0.9465],[-75.22745,-0.94411],[-75.23286,-0.93001],[-75.23286,-0.91966],[-75.22622,-0.91516],[-75.22115,-0.90149],[-75.22357,-0.88497],[-75.22281,-0.8709],[-75.23222,-0.85596],[-75.24511,-0.84581],[-75.24963,-0.83063],[-75.24069,-0.81191],[-75.24183,-0.79837],[-75.26399,-0.78754],[-75.26493,-0.77926],[-75.2516,-0.76737],[-75.2539,-0.75929],[-75.26622,-0.75231],[-75.27003,-0.7457],[-75.27384,-0.72243],[-75.27218,-0.71392],[-75.26008,-0.7033],[-75.25094,-0.70045],[-75.25005,-0.69184],[-75.2666,-0.67887],[-75.27152,-0.67084],[-75.27138,-0.66361],[-75.26011,-0.65363],[-75.25714,-0.64475],[-75.24932,-0.64745],[-75.24583,-0.63948],[-75.24131,-0.64458],[-75.23153,-0.64709],[-75.23461,-0.6557],[-75.24027,-0.65589],[-75.22829,-0.67354],[-75.23245,-0.6857],[-75.22383,-0.69493],[-75.2048,-0.70672],[-75.18716,-0.7091],[-75.18152,-0.71401],[-75.18734,-0.7188],[-75.19833,-0.72054],[-75.19977,-0.72578],[-75.1928,-0.73663],[-75.18406,-0.74059],[-75.15255,-0.74834],[-75.14051,-0.75339],[-75.13053,-0.75083],[-75.13342,-0.75723],[-75.12752,-0.76353],[-75.10982,-0.77477],[-75.0868,-0.78327],[-75.07213,-0.78359],[-75.06082,-0.78087],[-75.04161,-0.79997],[-75.03475,-0.79475],[-75.02663,-0.79705],[-75.02574,-0.8021],[-75.01901,-0.80218],[-75.00095,-0.81162],[-74.98427,-0.82222],[-74.96815,-0.85303],[-74.95518,-0.88674],[-74.94583,-0.89178],[-74.93541,-0.89212],[-74.92675,-0.89833],[-74.9168,-0.91416],[-74.90872,-0.92022],[-74.88735,-0.91963]]]}},{"type":"Feature","properties":{"ubigeo":"160112","nombre":"Belén"},"geometry":{"type":"Polygon","coordinates":[[[-73.38571,-4.10575],[-73.39003,-4.10455],[-73.38529,-4.08793],[-73.37826,-4.0899],[-73.37822,-4.07863],[-73.37459,-4.07319],[-73.37809,-4.06452],[-73.37019,-4.06066],[-73.36992,-4.05154],[-73.38092,-4.03964],[-73.37559,-4.02979],[-73.3783,-4.02503],[-73.37311,-4.01935],[-73.37128,-4.00482],[-73.36025,-4.00047],[-73.35445,-3.99342],[-73.35959,-3.98819],[-73.35798,-3.98183],[-73.3455,-3.97678],[-73.3466,-3.96866],[-73.34305,-3.96224],[-73.3181,-3.93126],[-73.31669,-3.91755],[-73.32158,-3.90231],[-73.31751,-3.86765],[-73.31294,-3.85455],[-73.30277,-3.83753],[-73.29424,-3.81221],[-73.28513,-3.8014],[-73.26635,-3.79104],[-73.24965,-3.78871],[-73.25882,-3.7767],[-73.27196,-3.77806],[-73.27253,-3.76617],[-73.26011,-3.76494],[-73.25481,-3.7648],[-73.25045,-3.75726],[-73.23874,-3.755],[-73.23643,-3.73224],[-73.23281,-3.71249],[-73.22453,-3.68609],[-73.21021,-3.65441],[-73.20429,-3.64381],[-73.19341,-3.63069],[-73.1823,-3.62327],[-73.15197,-3.60945],[-73.14011,-3.59945],[-73.12488,-3.61777],[-73.11983,-3.62633],[-73.10672,-3.63555],[-73.09335,-3.64146],[-73.06661,-3.65606],[-73.05596,-3.66888],[-73.05552,-3.7107],[-73.06453,-3.7347],[-73.07335,-3.76301],[-73.0744,-3.77345],[-73.08309,-3.79119],[-73.08526,-3.8126],[-73.11702,-3.81624],[-73.14286,-3.81475],[-73.17153,-3.80947],[-73.17515,-3.81163],[-73.20362,-3.83755],[-73.21682,-3.85353],[-73.2274,-3.87373],[-73.24016,-3.8889],[-73.25509,-3.90246],[-73.26226,-3.91326],[-73.26419,-3.9229],[-73.26426,-3.94021],[-73.27492,-3.96891],[-73.28288,-3.99332],[-73.27909,-4.01389],[-73.2803,-4.04027],[-73.28562,-4.04932],[-73.3004,-4.05945],[-73.32339,-4.06043],[-73.35251,-4.07974],[-73.38309,-4.10205],[-73.38571,-4.10575]]]}},{"type":"Feature","properties":{"ubigeo":"160113","nombre":"San Juan Bautista"},"geometry":{"type":"Polygon","coordinates":[[[-73.38571,-4.10575],[-73.38504,-4.12815],[-73.38551,-4.17758],[-73.38697,-4.19368],[-73.39207,-4.21335],[-73.40029,-4.23855],[-73.40877,-4.24847],[-73.43747,-4.26892],[-73.46821,-4.2849],[-73.47221,-4.30679],[-73.48344,-4.32148],[-73.48814,-4.32365],[-73.5283,-4.33156],[-73.5404,-4.33558],[-73.54922,-4.34133],[-73.56328,-4.36021],[-73.59268,-4.38182],[-73.64424,-4.41055],[-73.66034,-4.42163],[-73.69192,-4.43978],[-73.70925,-4.44558],[-73.74709,-4.44906],[-73.7653,-4.44916],[-73.7959,-4.4475],[-73.82223,-4.44261],[-73.83358,-4.43862],[-73.84707,-4.42857],[-73.86923,-4.40116],[-73.88352,-4.38843],[-73.89294,-4.38619],[-73.91486,-4.38435],[-73.93023,-4.37719],[-73.937,-4.3719],[-73.94215,-4.35077],[-73.94526,-4.3245],[-73.96535,-4.31119],[-73.97994,-4.29975],[-74.0587,-4.24761],[-74.08561,-4.21172],[-74.10171,-4.17703],[-74.12104,-4.10962],[-74.13544,-4.06188],[-74.10144,-4.05617],[-74.0583,-4.05314],[-74.03887,-4.05329],[-74.0231,-4.05603],[-74.0059,-4.06107],[-73.99963,-4.06533],[-73.97392,-4.0576],[-73.9668,-4.06376],[-73.95135,-4.09062],[-73.94128,-4.1013],[-73.91999,-4.1127],[-73.90678,-4.11791],[-73.82743,-4.14446],[-73.81099,-4.14876],[-73.77603,-4.15321],[-73.76405,-4.15673],[-73.73465,-4.17459],[-73.71811,-4.17543],[-73.68968,-4.16556],[-73.66892,-4.15452],[-73.66718,-3.89389],[-73.65921,-3.90175],[-73.6599,-3.91096],[-73.64859,-3.90951],[-73.64609,-3.89271],[-73.63416,-3.89502],[-73.62803,-3.8854],[-73.63268,-3.87656],[-73.61912,-3.87441],[-73.6234,-3.88283],[-73.6178,-3.88928],[-73.60675,-3.87747],[-73.59924,-3.88705],[-73.59653,-3.88528],[-73.59096,-3.86784],[-73.58176,-3.87595],[-73.57226,-3.87488],[-73.57958,-3.88066],[-73.57757,-3.88395],[-73.56872,-3.87701],[-73.5682,-3.8649],[-73.56166,-3.86635],[-73.56516,-3.88434],[-73.55727,-3.88552],[-73.55384,-3.87071],[-73.55888,-3.86027],[-73.53583,-3.86304],[-73.54019,-3.8781],[-73.53774,-3.88125],[-73.52928,-3.87865],[-73.5303,-3.86615],[-73.52048,-3.86279],[-73.5169,-3.85653],[-73.49962,-3.87372],[-73.49797,-3.86349],[-73.493,-3.86593],[-73.49319,-3.87746],[-73.48679,-3.87825],[-73.49231,-3.85184],[-73.50038,-3.85251],[-73.49809,-3.84577],[-73.4926,-3.84659],[-73.4798,-3.86637],[-73.47491,-3.86708],[-73.46728,-3.85745],[-73.46131,-3.85504],[-73.46918,-3.85203],[-73.45805,-3.8516],[-73.45758,-3.86421],[-73.45129,-3.86663],[-73.44905,-3.86127],[-73.45449,-3.85048],[-73.45211,-3.84398],[-73.44401,-3.83877],[-73.43421,-3.8403],[-73.43016,-3.84603],[-73.42974,-3.85478],[-73.42485,-3.85406],[-73.41947,-3.84555],[-73.40783,-3.84327],[-73.40381,-3.83352],[-73.39602,-3.84168],[-73.38495,-3.83913],[-73.38696,-3.82565],[-73.37644,-3.82611],[-73.38355,-3.81704],[-73.39455,-3.81189],[-73.38251,-3.79633],[-73.37493,-3.80156],[-73.37447,-3.78777],[-73.36397,-3.78152],[-73.36913,-3.77831],[-73.36283,-3.77359],[-73.3529,-3.7859],[-73.3463,-3.78758],[-73.34262,-3.78146],[-73.34592,-3.77136],[-73.3365,-3.77517],[-73.32443,-3.76507],[-73.31339,-3.76627],[-73.31467,-3.75602],[-73.30805,-3.75666],[-73.30622,-3.75038],[-73.31377,-3.74448],[-73.30683,-3.74048],[-73.30353,-3.73246],[-73.29934,-3.73307],[-73.29672,-3.74189],[-73.28739,-3.74382],[-73.28506,-3.75249],[-73.26011,-3.76494],[-73.27253,-3.76617],[-73.27196,-3.77806],[-73.25882,-3.7767],[-73.24965,-3.78871],[-73.26635,-3.79104],[-73.28513,-3.8014],[-73.29424,-3.81221],[-73.30277,-3.83753],[-73.31294,-3.85455],[-73.31751,-3.86765],[-73.32158,-3.90231],[-73.31669,-3.91755],[-73.3181,-3.93126],[-73.34305,-3.96224],[-73.3466,-3.96866],[-73.3455,-3.97678],[-73.35798,-3.98183],[-73.35959,-3.98819],[-73.35445,-3.99342],[-73.36025,-4.00047],[-73.37128,-4.00482],[-73.37311,-4.01935],[-73.3783,-4.02503],[-73.37559,-4.02979],[-73.38092,-4.03964],[-73.36992,-4.05154],[-73.37019,-4.06066],[-73.37809,-4.06452],[-73.37459,-4.07319],[-73.37822,-4.07863],[-73.37826,-4.0899],[-73.38529,-4.08793],[-73.39003,-4.10455],[-73.38571,-4.10575]]]}},{"type":"Feature","properties":{"ubigeo":"160201","nombre":"Yurimaguas"},"geometry":{"type":"Polygon","coordinates":[[[-75.90249,-5.79124],[-75.90069,-5.79813],[-75.90495,-5.80602],[-75.90293,-5.81761],[-75.90773,-5.83112],[-75.91059,-5.84965],[-75.92401,-5.85789],[-75.92365,-5.87595],[-75.93255,-5.8782],[-75.94331,-5.88496],[-75.95194,-5.88566],[-75.96461,-5.89393],[-75.9772,-5.89144],[-75.97882,-5.89558],[-75.99236,-5.90305],[-75.99519,-5.91148],[-75.99892,-5.91026],[-76.00584,-5.93086],[-76.01478,-5.93822],[-76.0263,-5.95281],[-76.02835,-5.95961],[-76.04783,-5.97446],[-76.05731,-5.97919],[-76.06265,-5.98636],[-76.05975,-5.99893],[-76.0499,-6.00479],[-76.04089,-5.99882],[-76.04023,-5.98309],[-76.0319,-5.98026],[-76.02375,-5.98809],[-76.02001,-5.99995],[-76.03229,-6.00502],[-76.03732,-6.00985],[-76.0415,-6.02291],[-76.04934,-6.03438],[-76.04611,-6.06853],[-76.05332,-6.08934],[-76.05545,-6.10196],[-76.06472,-6.09965],[-76.08689,-6.1069],[-76.14599,-6.14667],[-76.20198,-6.1325],[-76.24715,-6.12606],[-76.25617,-6.12061],[-76.26521,-6.11969],[-76.27791,-6.11215],[-76.28508,-6.10383],[-76.3035,-6.09962],[-76.3183,-6.08609],[-76.31971,-6.07357],[-76.31543,-6.05781],[-76.31892,-6.05033],[-76.33401,-6.04211],[-76.33355,-6.03552],[-76.34053,-6.03204],[-76.36219,-5.98782],[-76.37279,-5.97376],[-76.38672,-5.96187],[-76.40016,-5.95356],[-76.38577,-5.94356],[-76.3583,-5.92942],[-76.34706,-5.91611],[-76.33015,-5.88623],[-76.3244,-5.87277],[-76.30589,-5.85175],[-76.30403,-5.83599],[-76.30053,-5.82538],[-76.3067,-5.81233],[-76.31075,-5.79221],[-76.30858,-5.78121],[-76.31736,-5.75486],[-76.31758,-5.74673],[-76.32446,-5.72542],[-76.32057,-5.69575],[-76.32364,-5.68163],[-76.33504,-5.66761],[-76.34245,-5.64841],[-76.35075,-5.64381],[-76.34887,-5.63702],[-76.35732,-5.62903],[-76.35746,-5.61731],[-76.35254,-5.6124],[-76.35184,-5.60239],[-76.35673,-5.59253],[-76.37347,-5.5784],[-76.37447,-5.57059],[-76.37137,-5.5504],[-76.36563,-5.53177],[-76.34468,-5.53566],[-76.3024,-5.54563],[-76.28654,-5.55284],[-76.2781,-5.56045],[-76.26031,-5.58368],[-76.23736,-5.57626],[-76.22743,-5.5826],[-76.21546,-5.58225],[-76.19873,-5.57524],[-76.19578,-5.57206],[-76.18856,-5.57533],[-76.18559,-5.59493],[-76.19179,-5.61423],[-76.18651,-5.62609],[-76.18746,-5.63642],[-76.16825,-5.6486],[-76.1623,-5.64668],[-76.15716,-5.65947],[-76.14707,-5.66774],[-76.13875,-5.66489],[-76.13855,-5.66955],[-76.12952,-5.67158],[-76.11216,-5.66034],[-76.10245,-5.64457],[-76.08286,-5.63132],[-76.07686,-5.63153],[-76.06659,-5.63526],[-76.05092,-5.63615],[-76.03696,-5.63302],[-76.01336,-5.63047],[-75.98863,-5.64047],[-75.96846,-5.63897],[-75.95251,-5.64009],[-75.96328,-5.68352],[-75.94773,-5.71642],[-75.93079,-5.73675],[-75.91269,-5.76422],[-75.90578,-5.77847],[-75.90249,-5.79124]]]}},{"type":"Feature","properties":{"ubigeo":"160202","nombre":"Balsapuerto"},"geometry":{"type":"Polygon","coordinates":[[[-76.36563,-5.53177],[-76.37137,-5.5504],[-76.37447,-5.57059],[-76.37347,-5.5784],[-76.35673,-5.59253],[-76.35184,-5.60239],[-76.35254,-5.6124],[-76.35746,-5.61731],[-76.35732,-5.62903],[-76.34887,-5.63702],[-76.35075,-5.64381],[-76.34245,-5.64841],[-76.33504,-5.66761],[-76.32364,-5.68163],[-76.32057,-5.69575],[-76.32446,-5.72542],[-76.31758,-5.74673],[-76.31736,-5.75486],[-76.30858,-5.78121],[-76.31075,-5.79221],[-76.3067,-5.81233],[-76.30053,-5.82538],[-76.30403,-5.83599],[-76.30589,-5.85175],[-76.3244,-5.87277],[-76.33015,-5.88623],[-76.34706,-5.91611],[-76.3583,-5.92942],[-76.38577,-5.94356],[-76.40016,-5.95356],[-76.41188,-5.96215],[-76.41771,-5.97288],[-76.42474,-5.99581],[-76.43295,-6.00449],[-76.44115,-6.00702],[-76.47101,-6.00949],[-76.47822,-6.01334],[-76.48986,-6.01422],[-76.5067,-6.00992],[-76.51799,-6.00341],[-76.53617,-6.0131],[-76.54888,-6.01275],[-76.54981,-6.00977],[-76.56296,-6.00157],[-76.59044,-6.01483],[-76.60434,-6.01715],[-76.61828,-6.0144],[-76.6231,-6.00832],[-76.64001,-6.0026],[-76.64709,-6.00607],[-76.66132,-6.0047],[-76.66685,-6.01068],[-76.67516,-6.01226],[-76.69954,-6.01091],[-76.71077,-6.01367],[-76.72263,-6.01102],[-76.72956,-6.00535],[-76.7477,-6.00364],[-76.75443,-5.99839],[-76.75109,-5.98263],[-76.74544,-5.97374],[-76.74673,-5.95403],[-76.75182,-5.94806],[-76.76287,-5.94812],[-76.76718,-5.94239],[-76.76761,-5.92763],[-76.77586,-5.91859],[-76.77774,-5.90055],[-76.78938,-5.89305],[-76.79161,-5.88598],[-76.80128,-5.87962],[-76.80777,-5.87069],[-76.81805,-5.86214],[-76.82073,-5.85371],[-76.81822,-5.84037],[-76.81938,-5.8326],[-76.82634,-5.81785],[-76.81892,-5.81348],[-76.81633,-5.80757],[-76.8213,-5.80265],[-76.82963,-5.77598],[-76.8246,-5.7573],[-76.83545,-5.74556],[-76.84407,-5.74253],[-76.86393,-5.73996],[-76.87845,-5.74259],[-76.88822,-5.74841],[-76.89454,-5.74623],[-76.88999,-5.7363],[-76.86649,-5.72553],[-76.86951,-5.70356],[-76.86278,-5.69474],[-76.85415,-5.69402],[-76.84741,-5.68942],[-76.83928,-5.69052],[-76.82948,-5.69579],[-76.82153,-5.69549],[-76.81033,-5.68851],[-76.8126,-5.683],[-76.82243,-5.67951],[-76.82577,-5.67284],[-76.8231,-5.66079],[-76.81357,-5.65618],[-76.81622,-5.64936],[-76.81426,-5.64173],[-76.81955,-5.63612],[-76.84545,-5.63879],[-76.83998,-5.62092],[-76.84609,-5.61638],[-76.84445,-5.60896],[-76.83562,-5.60319],[-76.81661,-5.60192],[-76.81153,-5.59741],[-76.81247,-5.59099],[-76.83495,-5.56773],[-76.83984,-5.55572],[-76.84808,-5.54345],[-76.85082,-5.53211],[-76.84531,-5.51594],[-76.83488,-5.51262],[-76.83221,-5.49851],[-76.82657,-5.49304],[-76.79995,-5.47596],[-76.77508,-5.44921],[-76.7711,-5.44257],[-76.75587,-5.43625],[-76.75542,-5.44541],[-76.76207,-5.45044],[-76.75736,-5.45589],[-76.75206,-5.45412],[-76.74546,-5.44512],[-76.73546,-5.45065],[-76.73248,-5.45878],[-76.71679,-5.48217],[-76.70285,-5.49203],[-76.6909,-5.4868],[-76.68575,-5.48059],[-76.66145,-5.45892],[-76.65688,-5.45701],[-76.64526,-5.46387],[-76.63929,-5.46107],[-76.64145,-5.44802],[-76.63095,-5.45298],[-76.61666,-5.46594],[-76.61077,-5.48022],[-76.59932,-5.48293],[-76.58245,-5.49551],[-76.54893,-5.49627],[-76.52992,-5.49785],[-76.51597,-5.49645],[-76.49487,-5.49737],[-76.47898,-5.50026],[-76.46364,-5.49779],[-76.43665,-5.50539],[-76.42199,-5.5149],[-76.40201,-5.51962],[-76.38813,-5.52755],[-76.36563,-5.53177]]]}},{"type":"Feature","properties":{"ubigeo":"160205","nombre":"Jeberos"},"geometry":{"type":"Polygon","coordinates":[[[-75.93436,-5.38053],[-75.94449,-5.39076],[-75.96685,-5.40126],[-75.97574,-5.41155],[-75.9772,-5.41981],[-75.96865,-5.4518],[-75.95766,-5.47742],[-75.95827,-5.48699],[-75.9667,-5.49861],[-75.98195,-5.51436],[-76.01465,-5.53777],[-76.04047,-5.55484],[-76.05052,-5.56475],[-76.05626,-5.57632],[-76.06839,-5.61207],[-76.07686,-5.63153],[-76.08286,-5.63132],[-76.10245,-5.64457],[-76.11216,-5.66034],[-76.12952,-5.67158],[-76.13855,-5.66955],[-76.13875,-5.66489],[-76.14707,-5.66774],[-76.15716,-5.65947],[-76.1623,-5.64668],[-76.16825,-5.6486],[-76.18746,-5.63642],[-76.18651,-5.62609],[-76.19179,-5.61423],[-76.18559,-5.59493],[-76.18856,-5.57533],[-76.19578,-5.57206],[-76.19873,-5.57524],[-76.21546,-5.58225],[-76.22743,-5.5826],[-76.23736,-5.57626],[-76.26031,-5.58368],[-76.2781,-5.56045],[-76.28654,-5.55284],[-76.3024,-5.54563],[-76.34468,-5.53566],[-76.36563,-5.53177],[-76.38813,-5.52755],[-76.40201,-5.51962],[-76.42199,-5.5149],[-76.43665,-5.50539],[-76.46364,-5.49779],[-76.47898,-5.50026],[-76.49487,-5.49737],[-76.51597,-5.49645],[-76.52992,-5.49785],[-76.54893,-5.49627],[-76.58245,-5.49551],[-76.59932,-5.48293],[-76.61077,-5.48022],[-76.61666,-5.46594],[-76.63095,-5.45298],[-76.64145,-5.44802],[-76.62978,-5.44358],[-76.62716,-5.43374],[-76.63459,-5.41966],[-76.63326,-5.40762],[-76.6254,-5.36742],[-76.61785,-5.36023],[-76.60747,-5.3378],[-76.6015,-5.33462],[-76.58852,-5.34389],[-76.57592,-5.33613],[-76.5799,-5.32027],[-76.58754,-5.31434],[-76.58262,-5.2979],[-76.58252,-5.27931],[-76.59312,-5.27224],[-76.5933,-5.25605],[-76.59666,-5.2502],[-76.60436,-5.24829],[-76.60583,-5.22894],[-76.5939,-5.22169],[-76.58749,-5.21325],[-76.57994,-5.21507],[-76.56602,-5.23308],[-76.5572,-5.23572],[-76.54063,-5.23575],[-76.52228,-5.24009],[-76.5107,-5.23716],[-76.50945,-5.22867],[-76.51904,-5.20419],[-76.52837,-5.18643],[-76.52502,-5.17825],[-76.50656,-5.17102],[-76.50591,-5.15191],[-76.51372,-5.13264],[-76.49904,-5.12328],[-76.49585,-5.11889],[-76.49507,-5.10752],[-76.4806,-5.08907],[-76.46349,-5.07804],[-76.45985,-5.07138],[-76.44925,-5.06655],[-76.44576,-5.06125],[-76.44798,-5.03821],[-76.44824,-5.02062],[-76.45443,-5.01333],[-76.45711,-4.99831],[-76.45404,-4.9866],[-76.44438,-5.00397],[-76.43352,-5.01184],[-76.42819,-5.02066],[-76.42612,-5.03521],[-76.42882,-5.04631],[-76.4212,-5.05245],[-76.40745,-5.05133],[-76.39464,-5.04293],[-76.37783,-5.03512],[-76.36446,-5.0317],[-76.33754,-5.03233],[-76.31634,-5.02683],[-76.23519,-5.01894],[-76.19832,-5.01667],[-76.18336,-5.01706],[-76.16939,-5.02159],[-76.14796,-5.03277],[-76.11761,-5.05378],[-76.07736,-5.08049],[-76.0639,-5.08764],[-76.03204,-5.09951],[-76.00223,-5.10106],[-75.98824,-5.09132],[-75.9672,-5.08166],[-75.95472,-5.07968],[-75.93525,-5.08084],[-75.91943,-5.08446],[-75.91288,-5.08716],[-75.89439,-5.08928],[-75.86843,-5.08812],[-75.83083,-5.08218],[-75.80934,-5.07413],[-75.75147,-5.08467],[-75.72433,-5.09667],[-75.70372,-5.10036],[-75.67662,-5.07053],[-75.6676,-5.07054],[-75.67003,-5.09553],[-75.67332,-5.1072],[-75.67244,-5.11827],[-75.6665,-5.12857],[-75.66499,-5.14588],[-75.66991,-5.15019],[-75.69284,-5.14565],[-75.71864,-5.14583],[-75.73206,-5.14827],[-75.75574,-5.17063],[-75.76083,-5.17729],[-75.77705,-5.21208],[-75.79042,-5.2291],[-75.82193,-5.25856],[-75.84947,-5.27728],[-75.86198,-5.28838],[-75.89207,-5.32068],[-75.9182,-5.35397],[-75.93436,-5.38053]]]}},{"type":"Feature","properties":{"ubigeo":"160206","nombre":"Lagunas"},"geometry":{"type":"Polygon","coordinates":[[[-75.63963,-5.49697],[-75.64774,-5.4928],[-75.66932,-5.48627],[-75.69591,-5.48284],[-75.71068,-5.48258],[-75.79533,-5.48363],[-75.81099,-5.47767],[-75.83103,-5.46156],[-75.835,-5.45479],[-75.82682,-5.41048],[-75.84392,-5.37789],[-75.85011,-5.37356],[-75.86587,-5.37133],[-75.88362,-5.37325],[-75.91897,-5.37942],[-75.93436,-5.38053],[-75.9182,-5.35397],[-75.89207,-5.32068],[-75.86198,-5.28838],[-75.84947,-5.27728],[-75.82193,-5.25856],[-75.79042,-5.2291],[-75.77705,-5.21208],[-75.76083,-5.17729],[-75.75574,-5.17063],[-75.73206,-5.14827],[-75.71864,-5.14583],[-75.69284,-5.14565],[-75.66991,-5.15019],[-75.66499,-5.14588],[-75.6665,-5.12857],[-75.67244,-5.11827],[-75.67332,-5.1072],[-75.67003,-5.09553],[-75.6676,-5.07054],[-75.67662,-5.07053],[-75.70372,-5.10036],[-75.72433,-5.09667],[-75.75147,-5.08467],[-75.80934,-5.07413],[-75.83083,-5.08218],[-75.86843,-5.08812],[-75.89439,-5.08928],[-75.91288,-5.08716],[-75.91943,-5.08446],[-75.91921,-5.02139],[-75.91016,-5.02465],[-75.89769,-5.04476],[-75.88915,-5.04835],[-75.85858,-5.03105],[-75.84009,-5.02504],[-75.804,-5.01842],[-75.78945,-5.01808],[-75.77405,-5.02466],[-75.7629,-5.03278],[-75.74873,-5.03845],[-75.7468,-5.01295],[-75.76226,-4.99862],[-75.78433,-4.98606],[-75.79959,-4.97913],[-75.82818,-4.9771],[-75.84018,-4.96138],[-75.85373,-4.9515],[-75.87051,-4.93664],[-75.89082,-4.9257],[-75.8997,-4.92377],[-75.91609,-4.91657],[-75.93862,-4.9015],[-75.95909,-4.87735],[-75.97303,-4.86707],[-76.00064,-4.85729],[-76.00805,-4.85073],[-76.02508,-4.81574],[-76.03073,-4.81516],[-76.06702,-4.83376],[-76.07444,-4.83145],[-76.08565,-4.81831],[-76.09885,-4.79187],[-76.10488,-4.78893],[-76.11544,-4.79039],[-76.14044,-4.79769],[-76.15702,-4.78783],[-76.16739,-4.77955],[-76.17259,-4.76806],[-76.17418,-4.75808],[-76.17153,-4.73152],[-76.16571,-4.7184],[-76.16318,-4.70562],[-76.16646,-4.69808],[-76.17561,-4.68858],[-76.19659,-4.68294],[-76.20586,-4.67227],[-76.20609,-4.66306],[-76.20254,-4.64367],[-76.19793,-4.62744],[-76.19885,-4.6227],[-76.21786,-4.60795],[-76.23463,-4.57865],[-76.24518,-4.56564],[-76.24318,-4.5588],[-76.23151,-4.55969],[-76.23357,-4.55204],[-76.25586,-4.54635],[-76.25982,-4.54268],[-76.26416,-4.52874],[-76.27724,-4.52131],[-76.29319,-4.51993],[-76.30126,-4.50765],[-76.3147,-4.4823],[-76.32283,-4.45666],[-76.33629,-4.43943],[-76.33887,-4.42553],[-76.33352,-4.41033],[-76.31541,-4.39961],[-76.30762,-4.3876],[-76.32099,-4.3658],[-76.31978,-4.35605],[-76.31287,-4.35049],[-76.30112,-4.34605],[-76.29658,-4.33866],[-76.2995,-4.32941],[-76.29719,-4.31906],[-76.27604,-4.3024],[-76.24917,-4.28618],[-76.23113,-4.2663],[-76.22737,-4.25006],[-76.22934,-4.2413],[-76.23687,-4.23333],[-76.24454,-4.2193],[-76.24617,-4.19596],[-76.2383,-4.18921],[-76.24249,-4.18123],[-76.26057,-4.17724],[-76.28206,-4.15994],[-76.31091,-4.15677],[-76.3101,-4.1508],[-76.29342,-4.13451],[-76.29715,-4.13174],[-76.32787,-4.11757],[-76.33821,-4.10031],[-76.34349,-4.08389],[-76.34284,-4.06969],[-76.35158,-4.04084],[-76.3687,-4.02553],[-76.39355,-3.99801],[-76.39566,-3.98319],[-76.41361,-3.96193],[-76.41499,-3.95701],[-76.42268,-3.92538],[-76.41953,-3.89813],[-76.41661,-3.88841],[-76.41802,-3.87645],[-76.41639,-3.86598],[-76.39335,-3.85284],[-76.38117,-3.8169],[-76.38679,-3.79236],[-76.38548,-3.78494],[-76.37102,-3.77736],[-76.35217,-3.77819],[-76.34057,-3.77314],[-76.33046,-3.75965],[-76.33063,-3.751],[-76.33557,-3.74113],[-76.33554,-3.72095],[-76.32983,-3.6894],[-76.32514,-3.68153],[-76.31979,-3.69152],[-76.30752,-3.69827],[-76.29074,-3.69548],[-76.28294,-3.70782],[-76.28359,-3.71827],[-76.27279,-3.7305],[-76.28039,-3.74802],[-76.2794,-3.75764],[-76.27298,-3.76139],[-76.2593,-3.74504],[-76.25408,-3.74239],[-76.24837,-3.74592],[-76.24938,-3.75496],[-76.24793,-3.78691],[-76.24208,-3.79805],[-76.21567,-3.82264],[-76.20857,-3.85259],[-76.21103,-3.87556],[-76.21054,-3.88446],[-76.20213,-3.89991],[-76.20481,-3.9218],[-76.20038,-3.92676],[-76.17799,-3.93658],[-76.16007,-3.9509],[-76.14673,-3.95695],[-76.1405,-3.96587],[-76.1381,-3.9777],[-76.13956,-3.99996],[-76.12773,-4.0251],[-76.12002,-4.0356],[-76.1113,-4.0392],[-76.09515,-4.04051],[-76.08386,-4.0444],[-76.07848,-4.04939],[-76.07946,-4.07485],[-76.07433,-4.0829],[-76.06497,-4.0908],[-76.06185,-4.12712],[-76.07019,-4.1623],[-76.07077,-4.17775],[-76.06695,-4.18525],[-76.04195,-4.20381],[-76.02185,-4.2204],[-76.01197,-4.24712],[-76.00787,-4.26768],[-76.01188,-4.27776],[-76.02491,-4.28865],[-76.03021,-4.29683],[-76.03037,-4.30473],[-76.02381,-4.32518],[-76.01581,-4.33074],[-75.9931,-4.35834],[-75.98181,-4.3641],[-75.97252,-4.37359],[-75.95235,-4.37505],[-75.94007,-4.38713],[-75.92891,-4.39145],[-75.91347,-4.40183],[-75.88936,-4.41233],[-75.86785,-4.42995],[-75.86632,-4.4461],[-75.86299,-4.45123],[-75.86912,-4.4677],[-75.86924,-4.47672],[-75.87824,-4.48822],[-75.87903,-4.49523],[-75.87562,-4.52108],[-75.8772,-4.54413],[-75.89078,-4.57822],[-75.89169,-4.58418],[-75.88558,-4.5888],[-75.85806,-4.5934],[-75.85189,-4.59996],[-75.84572,-4.6233],[-75.85237,-4.65481],[-75.85133,-4.66563],[-75.84305,-4.68709],[-75.8319,-4.69524],[-75.80853,-4.70149],[-75.78707,-4.71434],[-75.75064,-4.73085],[-75.74028,-4.73785],[-75.7292,-4.75816],[-75.7216,-4.78966],[-75.72161,-4.79971],[-75.72689,-4.80982],[-75.72344,-4.81581],[-75.70364,-4.82265],[-75.6792,-4.83512],[-75.66429,-4.84124],[-75.66824,-4.85655],[-75.68091,-4.87274],[-75.68605,-4.88195],[-75.68761,-4.89559],[-75.68297,-4.91199],[-75.67547,-4.92301],[-75.66137,-4.93046],[-75.62665,-4.93037],[-75.60636,-4.92249],[-75.60063,-4.92501],[-75.59384,-4.93423],[-75.58108,-4.93903],[-75.56437,-4.94036],[-75.54946,-4.9387],[-75.52011,-4.94087],[-75.50584,-4.945],[-75.47218,-4.95926],[-75.43941,-4.97661],[-75.4239,-4.98809],[-75.40714,-5.00802],[-75.39868,-5.02259],[-75.38564,-5.05492],[-75.41152,-5.04965],[-75.43434,-5.04734],[-75.45057,-5.04934],[-75.46184,-5.05335],[-75.47569,-5.06186],[-75.48352,-5.06942],[-75.50398,-5.09937],[-75.50819,-5.10971],[-75.52749,-5.12644],[-75.57752,-5.16343],[-75.60973,-5.19011],[-75.61652,-5.19834],[-75.61787,-5.20925],[-75.59289,-5.23623],[-75.58879,-5.24897],[-75.59541,-5.27453],[-75.62492,-5.27354],[-75.63257,-5.27624],[-75.63448,-5.28444],[-75.63182,-5.29842],[-75.62486,-5.31049],[-75.62305,-5.31978],[-75.64515,-5.3481],[-75.65031,-5.35671],[-75.65377,-5.37212],[-75.65354,-5.39851],[-75.64951,-5.40655],[-75.6311,-5.43251],[-75.62365,-5.44123],[-75.61813,-5.45436],[-75.62044,-5.46772],[-75.63963,-5.49697]]]}},{"type":"Feature","properties":{"ubigeo":"160210","nombre":"Santa Cruz"},"geometry":{"type":"Polygon","coordinates":[[[-75.49748,-5.72803],[-75.50162,-5.74243],[-75.51167,-5.7593],[-75.52007,-5.76597],[-75.53262,-5.78763],[-75.53936,-5.79466],[-75.5368,-5.81455],[-75.52407,-5.84533],[-75.51404,-5.86063],[-75.51283,-5.86867],[-75.52973,-5.89361],[-75.53415,-5.90235],[-75.54059,-5.90629],[-75.58906,-5.92786],[-75.61016,-5.9473],[-75.61403,-5.94844],[-75.63246,-5.94548],[-75.6811,-5.9225],[-75.70187,-5.90644],[-75.73695,-5.8608],[-75.74372,-5.83626],[-75.7479,-5.8292],[-75.77347,-5.82809],[-75.79161,-5.83123],[-75.81039,-5.82875],[-75.82245,-5.82514],[-75.84143,-5.81291],[-75.85395,-5.79207],[-75.86363,-5.79218],[-75.8769,-5.79706],[-75.89254,-5.79129],[-75.90249,-5.79124],[-75.90578,-5.77847],[-75.91269,-5.76422],[-75.93079,-5.73675],[-75.94773,-5.71642],[-75.96328,-5.68352],[-75.95251,-5.64009],[-75.96846,-5.63897],[-75.98863,-5.64047],[-76.01336,-5.63047],[-76.03696,-5.63302],[-76.05092,-5.63615],[-76.06659,-5.63526],[-76.07686,-5.63153],[-76.06839,-5.61207],[-76.05626,-5.57632],[-76.05052,-5.56475],[-76.04047,-5.55484],[-76.01465,-5.53777],[-75.98195,-5.51436],[-75.9667,-5.49861],[-75.95827,-5.48699],[-75.95766,-5.47742],[-75.96865,-5.4518],[-75.9772,-5.41981],[-75.97574,-5.41155],[-75.96685,-5.40126],[-75.94449,-5.39076],[-75.93436,-5.38053],[-75.91897,-5.37942],[-75.88362,-5.37325],[-75.86587,-5.37133],[-75.85011,-5.37356],[-75.84392,-5.37789],[-75.82682,-5.41048],[-75.835,-5.45479],[-75.83103,-5.46156],[-75.81099,-5.47767],[-75.79533,-5.48363],[-75.71068,-5.48258],[-75.69591,-5.48284],[-75.66932,-5.48627],[-75.64774,-5.4928],[-75.63963,-5.49697],[-75.63814,-5.5058],[-75.63043,-5.51478],[-75.61925,-5.5232],[-75.6067,-5.52897],[-75.60038,-5.53926],[-75.60762,-5.54672],[-75.61193,-5.55677],[-75.60703,-5.5634],[-75.57876,-5.56969],[-75.55232,-5.58056],[-75.5234,-5.58672],[-75.49732,-5.58818],[-75.47621,-5.58316],[-75.45493,-5.57378],[-75.45526,-5.57922],[-75.46804,-5.61195],[-75.47416,-5.6434],[-75.47632,-5.66335],[-75.4928,-5.70247],[-75.49748,-5.72803]]]}},{"type":"Feature","properties":{"ubigeo":"160211","nombre":"Teniente Cesar López Rojas"},"geometry":{"type":"Polygon","coordinates":[[[-75.56893,-6.00039],[-75.58412,-6.01166],[-75.59713,-6.01532],[-75.61389,-6.02324],[-75.62107,-6.02938],[-75.62482,-6.03937],[-75.62593,-6.06639],[-75.62896,-6.08212],[-75.63658,-6.08902],[-75.64271,-6.09037],[-75.65477,-6.09831],[-75.66566,-6.09873],[-75.67329,-6.09366],[-75.68037,-6.09563],[-75.6916,-6.11229],[-75.69856,-6.11249],[-75.71116,-6.12955],[-75.71502,-6.13827],[-75.72664,-6.14402],[-75.7378,-6.14177],[-75.75397,-6.14568],[-75.75803,-6.14145],[-75.76665,-6.14739],[-75.77336,-6.14496],[-75.7734,-6.13761],[-75.76757,-6.13581],[-75.768,-6.12722],[-75.77486,-6.12444],[-75.77901,-6.11812],[-75.78261,-6.12198],[-75.79433,-6.11487],[-75.79386,-6.10895],[-75.80199,-6.10325],[-75.80852,-6.10381],[-75.82769,-6.09875],[-75.83218,-6.10452],[-75.84142,-6.10582],[-75.84966,-6.10146],[-75.85155,-6.10903],[-75.84377,-6.12267],[-75.8462,-6.12955],[-75.83798,-6.14051],[-75.85861,-6.1422],[-75.88563,-6.13311],[-75.90315,-6.13305],[-75.91659,-6.14079],[-75.93104,-6.13287],[-75.94818,-6.11461],[-75.95356,-6.10262],[-75.9592,-6.09798],[-75.96952,-6.09622],[-76.00575,-6.09522],[-76.01276,-6.08422],[-76.01816,-6.0912],[-76.04272,-6.101],[-76.05545,-6.10196],[-76.05332,-6.08934],[-76.04611,-6.06853],[-76.04934,-6.03438],[-76.0415,-6.02291],[-76.03732,-6.00985],[-76.03229,-6.00502],[-76.02001,-5.99995],[-76.02375,-5.98809],[-76.0319,-5.98026],[-76.04023,-5.98309],[-76.04089,-5.99882],[-76.0499,-6.00479],[-76.05975,-5.99893],[-76.06265,-5.98636],[-76.05731,-5.97919],[-76.04783,-5.97446],[-76.02835,-5.95961],[-76.0263,-5.95281],[-76.01478,-5.93822],[-76.00584,-5.93086],[-75.99892,-5.91026],[-75.99519,-5.91148],[-75.99236,-5.90305],[-75.97882,-5.89558],[-75.9772,-5.89144],[-75.96461,-5.89393],[-75.95194,-5.88566],[-75.94331,-5.88496],[-75.93255,-5.8782],[-75.92365,-5.87595],[-75.92401,-5.85789],[-75.91059,-5.84965],[-75.90773,-5.83112],[-75.90293,-5.81761],[-75.90495,-5.80602],[-75.90069,-5.79813],[-75.90249,-5.79124],[-75.89254,-5.79129],[-75.8769,-5.79706],[-75.86363,-5.79218],[-75.85395,-5.79207],[-75.84143,-5.81291],[-75.82245,-5.82514],[-75.81039,-5.82875],[-75.79161,-5.83123],[-75.77347,-5.82809],[-75.7479,-5.8292],[-75.74372,-5.83626],[-75.73695,-5.8608],[-75.70187,-5.90644],[-75.6811,-5.9225],[-75.63246,-5.94548],[-75.61403,-5.94844],[-75.61016,-5.9473],[-75.58906,-5.92786],[-75.54059,-5.90629],[-75.53415,-5.90235],[-75.53827,-5.9179],[-75.54671,-5.93608],[-75.56701,-5.95837],[-75.56893,-6.00039]]]}},{"type":"Feature","properties":{"ubigeo":"160301","nombre":"Nauta"},"geometry":{"type":"Polygon","coordinates":[[[-73.40029,-4.23855],[-73.38881,-4.24438],[-73.37886,-4.25234],[-73.38062,-4.26],[-73.40984,-4.2777],[-73.42517,-4.28962],[-73.4428,-4.30635],[-73.44879,-4.31505],[-73.44916,-4.3247],[-73.42681,-4.35621],[-73.42164,-4.36858],[-73.42023,-4.37987],[-73.42375,-4.41051],[-73.42056,-4.42419],[-73.42564,-4.43686],[-73.43522,-4.44636],[-73.45216,-4.45691],[-73.45845,-4.46451],[-73.45992,-4.49339],[-73.46483,-4.51521],[-73.47326,-4.52286],[-73.48849,-4.52989],[-73.51083,-4.55191],[-73.52211,-4.57467],[-73.52941,-4.5843],[-73.55593,-4.60312],[-73.57043,-4.6092],[-73.58198,-4.61868],[-73.59235,-4.63413],[-73.60701,-4.65171],[-73.61926,-4.67829],[-73.64423,-4.71424],[-73.65371,-4.7228],[-73.66582,-4.73034],[-73.67827,-4.73423],[-73.70971,-4.73508],[-73.71298,-4.73719],[-73.73132,-4.75222],[-73.74265,-4.77312],[-73.76936,-4.80165],[-73.78634,-4.80949],[-73.79238,-4.8154],[-73.8101,-4.84297],[-73.81703,-4.84756],[-73.82972,-4.84941],[-73.84113,-4.85986],[-73.84384,-4.87141],[-73.8585,-4.88041],[-73.87435,-4.88281],[-73.89145,-4.91144],[-73.89647,-4.92349],[-73.90182,-4.92874],[-73.90056,-4.94628],[-73.893,-4.95558],[-73.90047,-4.97127],[-73.92189,-4.99316],[-73.92456,-5.00526],[-73.93325,-5.01075],[-73.94116,-5.0056],[-73.94892,-4.99646],[-73.95442,-4.98116],[-73.95864,-4.97811],[-73.97663,-4.97308],[-74.00016,-4.95768],[-74.01522,-4.95221],[-74.03714,-4.94663],[-74.04694,-4.94813],[-74.05807,-4.93438],[-74.0671,-4.91821],[-74.0719,-4.90366],[-74.0752,-4.87056],[-74.07178,-4.84566],[-74.0619,-4.82194],[-74.04589,-4.79582],[-74.04403,-4.78262],[-74.04903,-4.75951],[-74.06001,-4.74673],[-74.07286,-4.73854],[-74.09434,-4.73101],[-74.12391,-4.72678],[-74.13672,-4.7216],[-74.15096,-4.71075],[-74.16268,-4.69546],[-74.17321,-4.67643],[-74.19009,-4.66341],[-74.208,-4.65798],[-74.21695,-4.65243],[-74.22875,-4.64144],[-74.25173,-4.6331],[-74.26499,-4.62599],[-74.27472,-4.61642],[-74.29765,-4.57944],[-74.30955,-4.55872],[-74.32427,-4.54726],[-74.33697,-4.54238],[-74.34795,-4.54115],[-74.37359,-4.54746],[-74.39739,-4.54482],[-74.43145,-4.5279],[-74.45435,-4.51837],[-74.47978,-4.49315],[-74.50846,-4.47158],[-74.53403,-4.46102],[-74.56944,-4.44253],[-74.59062,-4.42612],[-74.61399,-4.40413],[-74.62119,-4.39419],[-74.62779,-4.37968],[-74.63838,-4.34566],[-74.6407,-4.34157],[-74.65923,-4.32763],[-74.71939,-4.31864],[-74.74843,-4.3055],[-74.78231,-4.27024],[-74.81481,-4.22668],[-74.84385,-4.17413],[-74.86805,-4.13748],[-74.89363,-4.10291],[-74.91507,-4.0794],[-74.92336,-4.04967],[-74.92267,-4.01786],[-74.92764,-3.97225],[-74.93443,-3.9529],[-74.94307,-3.93879],[-74.90449,-3.95415],[-74.84949,-3.99852],[-74.83763,-4.01584],[-74.8192,-4.03415],[-74.79475,-4.06313],[-74.78056,-4.07851],[-74.75722,-4.1112],[-74.74297,-4.11653],[-74.73211,-4.1179],[-74.70643,-4.12407],[-74.65856,-4.14269],[-74.57735,-4.17021],[-74.56542,-4.17724],[-74.5466,-4.19699],[-74.50811,-4.23226],[-74.47968,-4.2457],[-74.41128,-4.267],[-74.38345,-4.27478],[-74.36415,-4.2886],[-74.35738,-4.30122],[-74.34193,-4.3054],[-74.34516,-4.31182],[-74.32891,-4.31139],[-74.31568,-4.31584],[-74.30063,-4.27938],[-74.29716,-4.26239],[-74.29504,-4.20281],[-74.29655,-4.18176],[-74.30058,-4.14802],[-74.30613,-4.11663],[-74.30617,-4.09432],[-74.29378,-4.078],[-74.27231,-4.03285],[-74.25607,-4.00942],[-74.24655,-3.97617],[-74.25506,-3.94536],[-74.25858,-3.93659],[-74.26829,-3.92419],[-74.27483,-3.9035],[-74.27777,-3.88556],[-74.27722,-3.8641],[-74.27065,-3.83667],[-74.25843,-3.84783],[-74.23886,-3.84437],[-74.21254,-3.85834],[-74.20135,-3.87625],[-74.19222,-3.88246],[-74.18601,-3.89369],[-74.18906,-3.89928],[-74.17456,-3.91821],[-74.15765,-3.9611],[-74.15007,-3.96927],[-74.14735,-3.97995],[-74.14791,-3.98932],[-74.14373,-3.99652],[-74.135,-4.00178],[-74.13737,-4.02213],[-74.13544,-4.06188],[-74.12104,-4.10962],[-74.10171,-4.17703],[-74.08561,-4.21172],[-74.0587,-4.24761],[-73.97994,-4.29975],[-73.96535,-4.31119],[-73.94526,-4.3245],[-73.94215,-4.35077],[-73.937,-4.3719],[-73.93023,-4.37719],[-73.91486,-4.38435],[-73.89294,-4.38619],[-73.88352,-4.38843],[-73.86923,-4.40116],[-73.84707,-4.42857],[-73.83358,-4.43862],[-73.82223,-4.44261],[-73.7959,-4.4475],[-73.7653,-4.44916],[-73.74709,-4.44906],[-73.70925,-4.44558],[-73.69192,-4.43978],[-73.66034,-4.42163],[-73.64424,-4.41055],[-73.59268,-4.38182],[-73.56328,-4.36021],[-73.54922,-4.34133],[-73.5404,-4.33558],[-73.5283,-4.33156],[-73.48814,-4.32365],[-73.48344,-4.32148],[-73.47221,-4.30679],[-73.46821,-4.2849],[-73.43747,-4.26892],[-73.40877,-4.24847],[-73.40029,-4.23855]]]}},{"type":"Feature","properties":{"ubigeo":"160302","nombre":"Parinari"},"geometry":{"type":"Polygon","coordinates":[[[-74.17719,-5.08331],[-74.18402,-5.09272],[-74.20178,-5.10503],[-74.23189,-5.11708],[-74.24551,-5.13619],[-74.2598,-5.13862],[-74.28094,-5.13323],[-74.29967,-5.13775],[-74.32022,-5.15114],[-74.33665,-5.15125],[-74.35063,-5.15348],[-74.36523,-5.16258],[-74.37365,-5.17232],[-74.39187,-5.1885],[-74.41128,-5.20325],[-74.41834,-5.20693],[-74.45722,-5.21595],[-74.53419,-5.24914],[-74.57292,-5.26432],[-74.59215,-5.27798],[-74.61517,-5.30433],[-74.62779,-5.34013],[-74.63801,-5.35401],[-74.82899,-5.45371],[-74.85387,-5.46302],[-74.88745,-5.46647],[-74.90209,-5.4703],[-74.92871,-5.48625],[-74.9601,-5.51986],[-74.99029,-5.51391],[-75.01947,-5.49693],[-75.03475,-5.49485],[-75.05416,-5.4954],[-75.06599,-5.4994],[-75.11101,-5.54088],[-75.13507,-5.57438],[-75.15609,-5.59479],[-75.18158,-5.62323],[-75.19949,-5.61553],[-75.2081,-5.6171],[-75.22122,-5.63191],[-75.23918,-5.64236],[-75.25991,-5.6523],[-75.27344,-5.66225],[-75.28653,-5.67462],[-75.30493,-5.68621],[-75.32608,-5.69389],[-75.34613,-5.69525],[-75.36553,-5.68961],[-75.37758,-5.68824],[-75.38903,-5.69125],[-75.39889,-5.70121],[-75.40289,-5.71245],[-75.41393,-5.72015],[-75.43713,-5.72542],[-75.49748,-5.72803],[-75.4928,-5.70247],[-75.47632,-5.66335],[-75.47416,-5.6434],[-75.46804,-5.61195],[-75.45526,-5.57922],[-75.45493,-5.57378],[-75.47621,-5.58316],[-75.49732,-5.58818],[-75.5234,-5.58672],[-75.55232,-5.58056],[-75.57876,-5.56969],[-75.60703,-5.5634],[-75.61193,-5.55677],[-75.60762,-5.54672],[-75.60038,-5.53926],[-75.6067,-5.52897],[-75.61925,-5.5232],[-75.63043,-5.51478],[-75.63814,-5.5058],[-75.63963,-5.49697],[-75.62044,-5.46772],[-75.61813,-5.45436],[-75.62365,-5.44123],[-75.6311,-5.43251],[-75.64951,-5.40655],[-75.65354,-5.39851],[-75.65377,-5.37212],[-75.65031,-5.35671],[-75.64515,-5.3481],[-75.62305,-5.31978],[-75.62486,-5.31049],[-75.63182,-5.29842],[-75.63448,-5.28444],[-75.63257,-5.27624],[-75.62492,-5.27354],[-75.59541,-5.27453],[-75.58879,-5.24897],[-75.59289,-5.23623],[-75.61787,-5.20925],[-75.61652,-5.19834],[-75.60973,-5.19011],[-75.57752,-5.16343],[-75.52749,-5.12644],[-75.50819,-5.10971],[-75.50398,-5.09937],[-75.48352,-5.06942],[-75.47569,-5.06186],[-75.46184,-5.05335],[-75.45057,-5.04934],[-75.43434,-5.04734],[-75.41152,-5.04965],[-75.38564,-5.05492],[-75.37885,-5.04567],[-75.37507,-5.02431],[-75.37358,-4.99828],[-75.36611,-4.97181],[-75.36545,-4.96425],[-75.35241,-4.93043],[-75.34178,-4.9218],[-75.30377,-4.88265],[-75.2838,-4.87156],[-75.26382,-4.86784],[-75.24104,-4.86738],[-75.18899,-4.87063],[-75.13787,-4.86784],[-75.12997,-4.8618],[-75.12447,-4.84573],[-75.11868,-4.8405],[-75.09563,-4.83113],[-75.07004,-4.83389],[-75.0553,-4.83854],[-75.03563,-4.8302],[-75.0017,-4.83252],[-74.97986,-4.82694],[-74.96304,-4.81499],[-74.94572,-4.79264],[-74.92882,-4.77938],[-74.91493,-4.77186],[-74.90143,-4.76823],[-74.86487,-4.76695],[-74.84592,-4.75928],[-74.8159,-4.73319],[-74.79363,-4.72047],[-74.75933,-4.69717],[-74.74968,-4.68792],[-74.7402,-4.67015],[-74.73445,-4.63969],[-74.72761,-4.56383],[-74.72813,-4.51566],[-74.73502,-4.5047],[-74.75137,-4.49551],[-74.78024,-4.49244],[-74.80578,-4.48273],[-74.82886,-4.46673],[-74.83277,-4.45839],[-74.83427,-4.44498],[-74.83068,-4.41928],[-74.83999,-4.3858],[-74.86464,-4.301],[-74.86981,-4.27681],[-74.87098,-4.26296],[-74.87615,-4.23661],[-74.88216,-4.22238],[-74.95671,-4.10933],[-74.97098,-4.03132],[-74.97868,-4.02477],[-74.99181,-4.00687],[-74.98905,-3.9902],[-74.96623,-3.9584],[-74.94307,-3.93879],[-74.93443,-3.9529],[-74.92764,-3.97225],[-74.92267,-4.01786],[-74.92336,-4.04967],[-74.91507,-4.0794],[-74.89363,-4.10291],[-74.86805,-4.13748],[-74.84385,-4.17413],[-74.81481,-4.22668],[-74.78231,-4.27024],[-74.74843,-4.3055],[-74.71939,-4.31864],[-74.65923,-4.32763],[-74.6407,-4.34157],[-74.63838,-4.34566],[-74.62779,-4.37968],[-74.62119,-4.39419],[-74.61399,-4.40413],[-74.59062,-4.42612],[-74.56944,-4.44253],[-74.53403,-4.46102],[-74.50846,-4.47158],[-74.47978,-4.49315],[-74.45435,-4.51837],[-74.43145,-4.5279],[-74.39739,-4.54482],[-74.37359,-4.54746],[-74.34795,-4.54115],[-74.33697,-4.54238],[-74.32427,-4.54726],[-74.30955,-4.55872],[-74.29765,-4.57944],[-74.27472,-4.61642],[-74.26499,-4.62599],[-74.25173,-4.6331],[-74.22875,-4.64144],[-74.21695,-4.65243],[-74.208,-4.65798],[-74.19009,-4.66341],[-74.17321,-4.67643],[-74.16268,-4.69546],[-74.15096,-4.71075],[-74.13672,-4.7216],[-74.12391,-4.72678],[-74.09434,-4.73101],[-74.07286,-4.73854],[-74.06001,-4.74673],[-74.04903,-4.75951],[-74.04403,-4.78262],[-74.04589,-4.79582],[-74.0619,-4.82194],[-74.07178,-4.84566],[-74.0752,-4.87056],[-74.0719,-4.90366],[-74.0671,-4.91821],[-74.05807,-4.93438],[-74.04694,-4.94813],[-74.06709,-4.95664],[-74.08939,-4.96916],[-74.11024,-4.98955],[-74.13117,-5.01503],[-74.14365,-5.0226],[-74.17045,-5.0327],[-74.17573,-5.03758],[-74.17742,-5.05097],[-74.17561,-5.07065],[-74.17719,-5.08331]]]}},{"type":"Feature","properties":{"ubigeo":"160303","nombre":"Tigre"},"geometry":{"type":"Polygon","coordinates":[[[-74.27065,-3.83667],[-74.27722,-3.8641],[-74.27777,-3.88556],[-74.27483,-3.9035],[-74.26829,-3.92419],[-74.25858,-3.93659],[-74.25506,-3.94536],[-74.24655,-3.97617],[-74.25607,-4.00942],[-74.27231,-4.03285],[-74.29378,-4.078],[-74.30617,-4.09432],[-74.30613,-4.11663],[-74.30058,-4.14802],[-74.29655,-4.18176],[-74.29504,-4.20281],[-74.29716,-4.26239],[-74.30063,-4.27938],[-74.31568,-4.31584],[-74.32891,-4.31139],[-74.34516,-4.31182],[-74.34193,-4.3054],[-74.35738,-4.30122],[-74.36415,-4.2886],[-74.38345,-4.27478],[-74.41128,-4.267],[-74.47968,-4.2457],[-74.50811,-4.23226],[-74.5466,-4.19699],[-74.56542,-4.17724],[-74.57735,-4.17021],[-74.65856,-4.14269],[-74.70643,-4.12407],[-74.73211,-4.1179],[-74.74297,-4.11653],[-74.75722,-4.1112],[-74.78056,-4.07851],[-74.79475,-4.06313],[-74.8192,-4.03415],[-74.83763,-4.01584],[-74.84949,-3.99852],[-74.90449,-3.95415],[-74.94307,-3.93879],[-74.94801,-3.93563],[-74.97189,-3.91229],[-74.9884,-3.90155],[-75.00056,-3.90001],[-75.01595,-3.90104],[-75.0317,-3.89834],[-75.06067,-3.88643],[-75.07817,-3.88329],[-75.12028,-3.87375],[-75.12857,-3.87033],[-75.14536,-3.85849],[-75.15272,-3.8494],[-75.12089,-3.84196],[-75.11079,-3.85121],[-75.09994,-3.85725],[-75.08177,-3.86384],[-75.06492,-3.85952],[-75.04537,-3.85814],[-75.03325,-3.84802],[-75.01895,-3.84658],[-75.00943,-3.84222],[-74.99658,-3.84772],[-74.9726,-3.85008],[-74.9495,-3.84602],[-74.89992,-3.83035],[-74.88255,-3.82893],[-74.84352,-3.82962],[-74.78819,-3.84227],[-74.75349,-3.84242],[-74.72087,-3.83682],[-74.68969,-3.81279],[-74.68096,-3.81027],[-74.64691,-3.8062],[-74.63172,-3.80191],[-74.61715,-3.78743],[-74.61029,-3.77429],[-74.60787,-3.75566],[-74.61066,-3.74073],[-74.61965,-3.72861],[-74.63421,-3.71818],[-74.64848,-3.71419],[-74.67347,-3.71233],[-74.71052,-3.71454],[-74.74157,-3.71255],[-74.78152,-3.70426],[-74.79864,-3.7037],[-74.82394,-3.70698],[-74.85126,-3.71642],[-74.86843,-3.71987],[-74.89566,-3.71922],[-74.92928,-3.7129],[-74.95248,-3.71127],[-74.97841,-3.70453],[-74.9987,-3.69716],[-75.01216,-3.69733],[-75.04722,-3.70322],[-75.07484,-3.72066],[-75.10989,-3.72581],[-75.18415,-3.7198],[-75.19272,-3.71403],[-75.2008,-3.7049],[-75.21699,-3.70473],[-75.22944,-3.6989],[-75.23915,-3.69787],[-75.25845,-3.68714],[-75.27781,-3.67098],[-75.28995,-3.65589],[-75.2952,-3.64019],[-75.29478,-3.62876],[-75.28883,-3.60707],[-75.28889,-3.58988],[-75.29665,-3.56875],[-75.30922,-3.55476],[-75.33379,-3.54103],[-75.35352,-3.53562],[-75.3612,-3.51973],[-75.37287,-3.51754],[-75.37805,-3.50339],[-75.37872,-3.4842],[-75.39007,-3.46853],[-75.39355,-3.45827],[-75.39411,-3.44372],[-75.38991,-3.43457],[-75.3806,-3.42963],[-75.379,-3.41037],[-75.39462,-3.39777],[-75.40099,-3.38503],[-75.41402,-3.38051],[-75.41963,-3.37355],[-75.41897,-3.3553],[-75.42223,-3.34411],[-75.41829,-3.33393],[-75.41804,-3.31752],[-75.42361,-3.31156],[-75.42195,-3.30279],[-75.42566,-3.28996],[-75.42387,-3.27882],[-75.42996,-3.25117],[-75.44059,-3.24971],[-75.44927,-3.23429],[-75.45476,-3.21881],[-75.46103,-3.21304],[-75.46061,-3.20786],[-75.45215,-3.18777],[-75.44495,-3.17974],[-75.41889,-3.16191],[-75.40269,-3.14566],[-75.39491,-3.13488],[-75.38828,-3.11858],[-75.38483,-3.08746],[-75.3857,-3.07067],[-75.39443,-3.05765],[-75.405,-3.05177],[-75.42519,-3.04831],[-75.44924,-3.05855],[-75.4695,-3.05648],[-75.47984,-3.04986],[-75.49594,-3.01536],[-75.5032,-3.01177],[-75.53182,-3.01006],[-75.53775,-3.00491],[-75.54888,-3.00199],[-75.55831,-2.99365],[-75.59285,-2.99214],[-75.62248,-2.99821],[-75.63324,-2.99624],[-75.64052,-2.98284],[-75.64003,-2.96438],[-75.6358,-2.9591],[-75.66067,-2.92141],[-75.6651,-2.91263],[-75.67129,-2.90883],[-75.68999,-2.88702],[-75.69834,-2.87045],[-75.70471,-2.85341],[-75.71102,-2.84638],[-75.73119,-2.83972],[-75.74734,-2.83033],[-75.76761,-2.82263],[-75.78331,-2.80914],[-75.79271,-2.81043],[-75.80761,-2.80786],[-75.82747,-2.80174],[-75.83888,-2.79502],[-75.8454,-2.78767],[-75.85396,-2.77195],[-75.85749,-2.76095],[-75.8521,-2.75864],[-75.84972,-2.74133],[-75.85902,-2.73264],[-75.86132,-2.7241],[-75.87134,-2.71363],[-75.87206,-2.69551],[-75.87688,-2.67798],[-75.88491,-2.6681],[-75.88799,-2.65356],[-75.89848,-2.6442],[-75.90705,-2.6455],[-75.91307,-2.63982],[-75.9269,-2.63218],[-75.92811,-2.62625],[-75.92528,-2.61264],[-75.93078,-2.60232],[-75.93875,-2.59875],[-75.94647,-2.58883],[-75.94862,-2.58166],[-75.96047,-2.56736],[-75.96985,-2.54307],[-75.98824,-2.52584],[-75.99888,-2.51823],[-76.0147,-2.5228],[-76.02747,-2.52041],[-76.03711,-2.53],[-76.05346,-2.52655],[-76.06005,-2.5211],[-76.06536,-2.51171],[-76.07728,-2.5087],[-76.08283,-2.49557],[-76.09546,-2.48418],[-76.1055,-2.47858],[-76.1391,-2.46455],[-76.151,-2.45345],[-76.16079,-2.45073],[-76.19773,-2.45015],[-76.22983,-2.44392],[-76.25833,-2.43727],[-76.27688,-2.44128],[-76.28249,-2.4399],[-76.2907,-2.42439],[-76.29447,-2.41131],[-76.3007,-2.40583],[-76.30538,-2.39538],[-76.30296,-2.37671],[-76.3124,-2.33757],[-76.29607,-2.32504],[-76.25135,-2.28849],[-76.21223,-2.2593],[-76.16426,-2.22132],[-76.09738,-2.16971],[-76.04499,-2.12804],[-76.0373,-2.11983],[-75.95721,-2.01964],[-75.93304,-1.988],[-75.77836,-1.79395],[-75.77695,-1.80627],[-75.78115,-1.82774],[-75.78021,-1.84399],[-75.77708,-1.85647],[-75.76846,-1.87655],[-75.75156,-1.91065],[-75.74592,-1.93092],[-75.72921,-1.9301],[-75.71134,-1.93408],[-75.7002,-1.93382],[-75.66299,-1.94611],[-75.65768,-1.94454],[-75.64626,-1.94806],[-75.62203,-1.96512],[-75.60557,-1.9697],[-75.57484,-1.96346],[-75.5623,-1.97014],[-75.54709,-1.98769],[-75.53629,-1.99646],[-75.51921,-2.00165],[-75.47254,-2.00386],[-75.45911,-2.01176],[-75.4449,-2.03414],[-75.43798,-2.03659],[-75.42668,-2.032],[-75.41116,-2.02913],[-75.3961,-2.01834],[-75.38274,-2.01364],[-75.35867,-2.01216],[-75.33755,-2.0032],[-75.30198,-2.0031],[-75.28815,-2.00871],[-75.27352,-2.03209],[-75.26829,-2.04574],[-75.26791,-2.06019],[-75.26129,-2.07281],[-75.25314,-2.07934],[-75.25475,-2.09186],[-75.24634,-2.09678],[-75.24325,-2.1031],[-75.24893,-2.11759],[-75.24619,-2.13383],[-75.23773,-2.13795],[-75.22601,-2.15677],[-75.20148,-2.16163],[-75.19191,-2.16637],[-75.18501,-2.17548],[-75.17566,-2.18037],[-75.16608,-2.19175],[-75.1679,-2.20081],[-75.17418,-2.20632],[-75.17221,-2.21916],[-75.16504,-2.2286],[-75.15534,-2.23523],[-75.1519,-2.24882],[-75.14815,-2.2541],[-75.14088,-2.27893],[-75.13164,-2.2906],[-75.10902,-2.30013],[-75.10394,-2.28968],[-75.09407,-2.29358],[-75.08323,-2.29347],[-75.06919,-2.3069],[-75.05722,-2.31415],[-75.04026,-2.33422],[-75.01715,-2.35179],[-74.97812,-2.3684],[-74.96515,-2.36565],[-74.95852,-2.37173],[-74.96217,-2.38352],[-74.95554,-2.40368],[-74.95371,-2.41495],[-74.95468,-2.43127],[-74.94959,-2.45879],[-74.95428,-2.48511],[-74.95478,-2.50342],[-74.96369,-2.50592],[-74.9719,-2.50418],[-74.9812,-2.5068],[-74.99119,-2.51601],[-74.99311,-2.52419],[-74.9894,-2.52833],[-74.98219,-2.55081],[-74.97304,-2.56065],[-74.97114,-2.56634],[-74.96357,-2.56827],[-74.96056,-2.58411],[-74.96304,-2.59439],[-74.95746,-2.61146],[-74.96363,-2.63085],[-74.97116,-2.64558],[-74.97375,-2.6607],[-74.98414,-2.66907],[-75.0003,-2.6736],[-75.00993,-2.68467],[-75.01244,-2.72038],[-75.00953,-2.75377],[-75.01027,-2.76636],[-75.01926,-2.78354],[-75.02412,-2.80012],[-75.02615,-2.83068],[-75.03764,-2.87293],[-75.03935,-2.88939],[-75.04737,-2.91023],[-75.04551,-2.91854],[-75.05464,-2.94019],[-75.05552,-2.9551],[-75.05822,-2.95909],[-75.05713,-2.97899],[-75.04272,-2.98822],[-75.03599,-3.00017],[-75.03471,-3.02796],[-75.0306,-3.04414],[-75.02665,-3.05138],[-75.02645,-3.06072],[-75.01429,-3.07488],[-75.01895,-3.08765],[-75.02019,-3.09966],[-75.01199,-3.10659],[-75.01153,-3.11417],[-75.01781,-3.12898],[-75.01016,-3.15137],[-75.00176,-3.16041],[-75.00062,-3.17171],[-74.99384,-3.17959],[-74.99161,-3.19001],[-74.97759,-3.19046],[-74.96684,-3.19712],[-74.96107,-3.1946],[-74.94038,-3.20005],[-74.93437,-3.19666],[-74.92116,-3.19724],[-74.91033,-3.20039],[-74.90919,-3.20607],[-74.8929,-3.20985],[-74.8736,-3.20106],[-74.85998,-3.21091],[-74.86178,-3.21539],[-74.85273,-3.22437],[-74.84424,-3.22215],[-74.84266,-3.21776],[-74.83634,-3.22621],[-74.82822,-3.22888],[-74.81577,-3.23776],[-74.81337,-3.24321],[-74.82747,-3.2575],[-74.82767,-3.2687],[-74.83142,-3.27715],[-74.81927,-3.28712],[-74.81878,-3.29685],[-74.80254,-3.30765],[-74.7927,-3.30723],[-74.78045,-3.31831],[-74.78072,-3.3261],[-74.76932,-3.32632],[-74.75394,-3.33453],[-74.75009,-3.35566],[-74.74266,-3.36444],[-74.73415,-3.36574],[-74.73425,-3.37497],[-74.72835,-3.38247],[-74.72444,-3.39519],[-74.72333,-3.41433],[-74.71257,-3.43607],[-74.72046,-3.45214],[-74.71695,-3.4595],[-74.70417,-3.45381],[-74.69194,-3.45103],[-74.67947,-3.46579],[-74.68343,-3.47079],[-74.6862,-3.49404],[-74.67923,-3.50937],[-74.66404,-3.52678],[-74.63753,-3.5507],[-74.62009,-3.57067],[-74.55454,-3.63331],[-74.50143,-3.69886],[-74.49239,-3.70121],[-74.47206,-3.6843],[-74.46783,-3.69578],[-74.45864,-3.70549],[-74.44378,-3.70557],[-74.42923,-3.70874],[-74.42546,-3.71502],[-74.41209,-3.71828],[-74.40936,-3.71365],[-74.40302,-3.71708],[-74.38001,-3.71319],[-74.36744,-3.71868],[-74.35984,-3.73067],[-74.35054,-3.75474],[-74.3442,-3.76313],[-74.32422,-3.76816],[-74.31411,-3.77432],[-74.30806,-3.7826],[-74.30282,-3.7989],[-74.28644,-3.81986],[-74.28113,-3.8298],[-74.27065,-3.83667]]]}},{"type":"Feature","properties":{"ubigeo":"160304","nombre":"Trompeteros"},"geometry":{"type":"Polygon","coordinates":[[[-76.20618,-3.52806],[-76.22454,-3.51619],[-76.23438,-3.50386],[-76.24024,-3.49311],[-76.24683,-3.48668],[-76.24893,-3.47668],[-76.26146,-3.47522],[-76.25656,-3.44652],[-76.25671,-3.43605],[-76.261,-3.43035],[-76.26075,-3.41754],[-76.26372,-3.40304],[-76.2736,-3.40078],[-76.27249,-3.39213],[-76.26752,-3.38239],[-76.26704,-3.37156],[-76.27003,-3.36113],[-76.28299,-3.33245],[-76.28947,-3.33153],[-76.29769,-3.32416],[-76.30079,-3.31304],[-76.31066,-3.30543],[-76.31474,-3.28499],[-76.3255,-3.27694],[-76.32743,-3.25614],[-76.33644,-3.25325],[-76.33755,-3.24619],[-76.33493,-3.2343],[-76.32803,-3.22192],[-76.33732,-3.21888],[-76.35427,-3.23636],[-76.36729,-3.21783],[-76.35659,-3.2136],[-76.35274,-3.20137],[-76.36405,-3.19324],[-76.36388,-3.18098],[-76.34969,-3.17029],[-76.35205,-3.16239],[-76.37895,-3.14221],[-76.38657,-3.13484],[-76.38927,-3.12768],[-76.37193,-3.11453],[-76.35347,-3.09042],[-76.34877,-3.05966],[-76.3528,-3.02899],[-76.35195,-3.01884],[-76.34478,-3.00917],[-76.33793,-2.98861],[-76.34841,-2.97753],[-76.35231,-2.9625],[-76.35123,-2.94643],[-76.34307,-2.9297],[-76.34031,-2.91355],[-76.3333,-2.90379],[-76.31687,-2.89756],[-76.31451,-2.88679],[-76.31475,-2.86693],[-76.30796,-2.85191],[-76.30734,-2.83485],[-76.31501,-2.82149],[-76.31784,-2.80772],[-76.34421,-2.80007],[-76.34919,-2.78243],[-76.35496,-2.76882],[-76.36134,-2.7459],[-76.36633,-2.73956],[-76.38058,-2.73564],[-76.39481,-2.72671],[-76.38434,-2.71677],[-76.38372,-2.70514],[-76.38637,-2.69753],[-76.39948,-2.68889],[-76.40797,-2.68779],[-76.41471,-2.67945],[-76.42487,-2.66038],[-76.43654,-2.65253],[-76.43531,-2.64567],[-76.44931,-2.63377],[-76.45727,-2.62941],[-76.47064,-2.60431],[-76.48121,-2.60035],[-76.48465,-2.5939],[-76.49267,-2.59551],[-76.49925,-2.59262],[-76.5068,-2.58166],[-76.5022,-2.56861],[-76.50376,-2.54721],[-76.50242,-2.53648],[-76.50578,-2.52868],[-76.51304,-2.52216],[-76.53432,-2.51228],[-76.4394,-2.43791],[-76.3915,-2.39978],[-76.3124,-2.33757],[-76.30296,-2.37671],[-76.30538,-2.39538],[-76.3007,-2.40583],[-76.29447,-2.41131],[-76.2907,-2.42439],[-76.28249,-2.4399],[-76.27688,-2.44128],[-76.25833,-2.43727],[-76.22983,-2.44392],[-76.19773,-2.45015],[-76.16079,-2.45073],[-76.151,-2.45345],[-76.1391,-2.46455],[-76.1055,-2.47858],[-76.09546,-2.48418],[-76.08283,-2.49557],[-76.07728,-2.5087],[-76.06536,-2.51171],[-76.06005,-2.5211],[-76.05346,-2.52655],[-76.03711,-2.53],[-76.02747,-2.52041],[-76.0147,-2.5228],[-75.99888,-2.51823],[-75.98824,-2.52584],[-75.96985,-2.54307],[-75.96047,-2.56736],[-75.94862,-2.58166],[-75.94647,-2.58883],[-75.93875,-2.59875],[-75.93078,-2.60232],[-75.92528,-2.61264],[-75.92811,-2.62625],[-75.9269,-2.63218],[-75.91307,-2.63982],[-75.90705,-2.6455],[-75.89848,-2.6442],[-75.88799,-2.65356],[-75.88491,-2.6681],[-75.87688,-2.67798],[-75.87206,-2.69551],[-75.87134,-2.71363],[-75.86132,-2.7241],[-75.85902,-2.73264],[-75.84972,-2.74133],[-75.8521,-2.75864],[-75.85749,-2.76095],[-75.85396,-2.77195],[-75.8454,-2.78767],[-75.83888,-2.79502],[-75.82747,-2.80174],[-75.80761,-2.80786],[-75.79271,-2.81043],[-75.78331,-2.80914],[-75.76761,-2.82263],[-75.74734,-2.83033],[-75.73119,-2.83972],[-75.71102,-2.84638],[-75.70471,-2.85341],[-75.69834,-2.87045],[-75.68999,-2.88702],[-75.67129,-2.90883],[-75.6651,-2.91263],[-75.66067,-2.92141],[-75.6358,-2.9591],[-75.64003,-2.96438],[-75.64052,-2.98284],[-75.63324,-2.99624],[-75.62248,-2.99821],[-75.59285,-2.99214],[-75.55831,-2.99365],[-75.54888,-3.00199],[-75.53775,-3.00491],[-75.53182,-3.01006],[-75.5032,-3.01177],[-75.49594,-3.01536],[-75.47984,-3.04986],[-75.4695,-3.05648],[-75.44924,-3.05855],[-75.42519,-3.04831],[-75.405,-3.05177],[-75.39443,-3.05765],[-75.3857,-3.07067],[-75.38483,-3.08746],[-75.38828,-3.11858],[-75.39491,-3.13488],[-75.40269,-3.14566],[-75.41889,-3.16191],[-75.44495,-3.17974],[-75.45215,-3.18777],[-75.46061,-3.20786],[-75.46103,-3.21304],[-75.45476,-3.21881],[-75.44927,-3.23429],[-75.44059,-3.24971],[-75.42996,-3.25117],[-75.42387,-3.27882],[-75.42566,-3.28996],[-75.42195,-3.30279],[-75.42361,-3.31156],[-75.41804,-3.31752],[-75.41829,-3.33393],[-75.42223,-3.34411],[-75.41897,-3.3553],[-75.41963,-3.37355],[-75.41402,-3.38051],[-75.40099,-3.38503],[-75.39462,-3.39777],[-75.379,-3.41037],[-75.3806,-3.42963],[-75.38991,-3.43457],[-75.39411,-3.44372],[-75.39355,-3.45827],[-75.39007,-3.46853],[-75.37872,-3.4842],[-75.37805,-3.50339],[-75.37287,-3.51754],[-75.3612,-3.51973],[-75.35352,-3.53562],[-75.33379,-3.54103],[-75.30922,-3.55476],[-75.29665,-3.56875],[-75.28889,-3.58988],[-75.28883,-3.60707],[-75.29478,-3.62876],[-75.2952,-3.64019],[-75.28995,-3.65589],[-75.27781,-3.67098],[-75.25845,-3.68714],[-75.23915,-3.69787],[-75.22944,-3.6989],[-75.21699,-3.70473],[-75.2008,-3.7049],[-75.19272,-3.71403],[-75.18415,-3.7198],[-75.10989,-3.72581],[-75.07484,-3.72066],[-75.04722,-3.70322],[-75.01216,-3.69733],[-74.9987,-3.69716],[-74.97841,-3.70453],[-74.95248,-3.71127],[-74.92928,-3.7129],[-74.89566,-3.71922],[-74.86843,-3.71987],[-74.85126,-3.71642],[-74.82394,-3.70698],[-74.79864,-3.7037],[-74.78152,-3.70426],[-74.74157,-3.71255],[-74.71052,-3.71454],[-74.67347,-3.71233],[-74.64848,-3.71419],[-74.63421,-3.71818],[-74.61965,-3.72861],[-74.61066,-3.74073],[-74.60787,-3.75566],[-74.61029,-3.77429],[-74.61715,-3.78743],[-74.63172,-3.80191],[-74.64691,-3.8062],[-74.68096,-3.81027],[-74.68969,-3.81279],[-74.72087,-3.83682],[-74.75349,-3.84242],[-74.78819,-3.84227],[-74.84352,-3.82962],[-74.88255,-3.82893],[-74.89992,-3.83035],[-74.9495,-3.84602],[-74.9726,-3.85008],[-74.99658,-3.84772],[-75.00943,-3.84222],[-75.01895,-3.84658],[-75.03325,-3.84802],[-75.04537,-3.85814],[-75.06492,-3.85952],[-75.08177,-3.86384],[-75.09994,-3.85725],[-75.11079,-3.85121],[-75.12089,-3.84196],[-75.15272,-3.8494],[-75.17863,-3.85466],[-75.19156,-3.85241],[-75.23097,-3.82554],[-75.25296,-3.82182],[-75.26911,-3.81621],[-75.29611,-3.7864],[-75.32633,-3.75924],[-75.33729,-3.75362],[-75.34482,-3.75454],[-75.35641,-3.76135],[-75.38004,-3.77804],[-75.44727,-3.77801],[-75.47719,-3.77896],[-75.51026,-3.7645],[-75.51625,-3.74912],[-75.52402,-3.74283],[-75.543,-3.7319],[-75.55821,-3.7272],[-75.5717,-3.72712],[-75.59323,-3.73097],[-75.64588,-3.73422],[-75.65856,-3.73234],[-75.6645,-3.7288],[-75.68061,-3.72451],[-75.70938,-3.71188],[-75.73325,-3.70525],[-75.7902,-3.69222],[-75.83362,-3.68726],[-75.85656,-3.68255],[-75.8902,-3.67202],[-75.92738,-3.65355],[-75.96307,-3.64237],[-75.99703,-3.63503],[-76.03334,-3.63647],[-76.05991,-3.63267],[-76.08612,-3.61906],[-76.13039,-3.58882],[-76.17121,-3.57015],[-76.20618,-3.52806]]]}},{"type":"Feature","properties":{"ubigeo":"160305","nombre":"Urarinas"},"geometry":{"type":"Polygon","coordinates":[[[-74.94307,-3.93879],[-74.96623,-3.9584],[-74.98905,-3.9902],[-74.99181,-4.00687],[-74.97868,-4.02477],[-74.97098,-4.03132],[-74.95671,-4.10933],[-74.88216,-4.22238],[-74.87615,-4.23661],[-74.87098,-4.26296],[-74.86981,-4.27681],[-74.86464,-4.301],[-74.83999,-4.3858],[-74.83068,-4.41928],[-74.83427,-4.44498],[-74.83277,-4.45839],[-74.82886,-4.46673],[-74.80578,-4.48273],[-74.78024,-4.49244],[-74.75137,-4.49551],[-74.73502,-4.5047],[-74.72813,-4.51566],[-74.72761,-4.56383],[-74.73445,-4.63969],[-74.7402,-4.67015],[-74.74968,-4.68792],[-74.75933,-4.69717],[-74.79363,-4.72047],[-74.8159,-4.73319],[-74.84592,-4.75928],[-74.86487,-4.76695],[-74.90143,-4.76823],[-74.91493,-4.77186],[-74.92882,-4.77938],[-74.94572,-4.79264],[-74.96304,-4.81499],[-74.97986,-4.82694],[-75.0017,-4.83252],[-75.03563,-4.8302],[-75.0553,-4.83854],[-75.07004,-4.83389],[-75.09563,-4.83113],[-75.11868,-4.8405],[-75.12447,-4.84573],[-75.12997,-4.8618],[-75.13787,-4.86784],[-75.18899,-4.87063],[-75.24104,-4.86738],[-75.26382,-4.86784],[-75.2838,-4.87156],[-75.30377,-4.88265],[-75.34178,-4.9218],[-75.35241,-4.93043],[-75.36545,-4.96425],[-75.36611,-4.97181],[-75.37358,-4.99828],[-75.37507,-5.02431],[-75.37885,-5.04567],[-75.38564,-5.05492],[-75.39868,-5.02259],[-75.40714,-5.00802],[-75.4239,-4.98809],[-75.43941,-4.97661],[-75.47218,-4.95926],[-75.50584,-4.945],[-75.52011,-4.94087],[-75.54946,-4.9387],[-75.56437,-4.94036],[-75.58108,-4.93903],[-75.59384,-4.93423],[-75.60063,-4.92501],[-75.60636,-4.92249],[-75.62665,-4.93037],[-75.66137,-4.93046],[-75.67547,-4.92301],[-75.68297,-4.91199],[-75.68761,-4.89559],[-75.68605,-4.88195],[-75.68091,-4.87274],[-75.66824,-4.85655],[-75.66429,-4.84124],[-75.6792,-4.83512],[-75.70364,-4.82265],[-75.72344,-4.81581],[-75.72689,-4.80982],[-75.72161,-4.79971],[-75.7216,-4.78966],[-75.7292,-4.75816],[-75.74028,-4.73785],[-75.75064,-4.73085],[-75.78707,-4.71434],[-75.80853,-4.70149],[-75.8319,-4.69524],[-75.84305,-4.68709],[-75.85133,-4.66563],[-75.85237,-4.65481],[-75.84572,-4.6233],[-75.85189,-4.59996],[-75.85806,-4.5934],[-75.88558,-4.5888],[-75.89169,-4.58418],[-75.89078,-4.57822],[-75.8772,-4.54413],[-75.87562,-4.52108],[-75.87903,-4.49523],[-75.87824,-4.48822],[-75.86924,-4.47672],[-75.86912,-4.4677],[-75.86299,-4.45123],[-75.86632,-4.4461],[-75.86785,-4.42995],[-75.88936,-4.41233],[-75.91347,-4.40183],[-75.92891,-4.39145],[-75.94007,-4.38713],[-75.95235,-4.37505],[-75.97252,-4.37359],[-75.98181,-4.3641],[-75.9931,-4.35834],[-76.01581,-4.33074],[-76.02381,-4.32518],[-76.03037,-4.30473],[-76.03021,-4.29683],[-76.02491,-4.28865],[-76.01188,-4.27776],[-76.00787,-4.26768],[-76.01197,-4.24712],[-76.02185,-4.2204],[-76.04195,-4.20381],[-76.06695,-4.18525],[-76.07077,-4.17775],[-76.07019,-4.1623],[-76.06185,-4.12712],[-76.06497,-4.0908],[-76.07433,-4.0829],[-76.07946,-4.07485],[-76.07848,-4.04939],[-76.08386,-4.0444],[-76.09515,-4.04051],[-76.1113,-4.0392],[-76.12002,-4.0356],[-76.12773,-4.0251],[-76.13956,-3.99996],[-76.1381,-3.9777],[-76.1405,-3.96587],[-76.14673,-3.95695],[-76.16007,-3.9509],[-76.17799,-3.93658],[-76.20038,-3.92676],[-76.20481,-3.9218],[-76.20213,-3.89991],[-76.21054,-3.88446],[-76.21103,-3.87556],[-76.20857,-3.85259],[-76.21567,-3.82264],[-76.24208,-3.79805],[-76.24793,-3.78691],[-76.24938,-3.75496],[-76.24837,-3.74592],[-76.25408,-3.74239],[-76.2593,-3.74504],[-76.27298,-3.76139],[-76.2794,-3.75764],[-76.28039,-3.74802],[-76.27279,-3.7305],[-76.28359,-3.71827],[-76.28294,-3.70782],[-76.29074,-3.69548],[-76.30752,-3.69827],[-76.31979,-3.69152],[-76.32514,-3.68153],[-76.31216,-3.67656],[-76.28841,-3.66281],[-76.27973,-3.65554],[-76.25427,-3.64218],[-76.23408,-3.63482],[-76.23753,-3.60244],[-76.24736,-3.59786],[-76.25016,-3.58399],[-76.25937,-3.57561],[-76.25778,-3.56921],[-76.25078,-3.56559],[-76.23545,-3.56314],[-76.22204,-3.55372],[-76.21396,-3.5434],[-76.20618,-3.52806],[-76.17121,-3.57015],[-76.13039,-3.58882],[-76.08612,-3.61906],[-76.05991,-3.63267],[-76.03334,-3.63647],[-75.99703,-3.63503],[-75.96307,-3.64237],[-75.92738,-3.65355],[-75.8902,-3.67202],[-75.85656,-3.68255],[-75.83362,-3.68726],[-75.7902,-3.69222],[-75.73325,-3.70525],[-75.70938,-3.71188],[-75.68061,-3.72451],[-75.6645,-3.7288],[-75.65856,-3.73234],[-75.64588,-3.73422],[-75.59323,-3.73097],[-75.5717,-3.72712],[-75.55821,-3.7272],[-75.543,-3.7319],[-75.52402,-3.74283],[-75.51625,-3.74912],[-75.51026,-3.7645],[-75.47719,-3.77896],[-75.44727,-3.77801],[-75.38004,-3.77804],[-75.35641,-3.76135],[-75.34482,-3.75454],[-75.33729,-3.75362],[-75.32633,-3.75924],[-75.29611,-3.7864],[-75.26911,-3.81621],[-75.25296,-3.82182],[-75.23097,-3.82554],[-75.19156,-3.85241],[-75.17863,-3.85466],[-75.15272,-3.8494],[-75.14536,-3.85849],[-75.12857,-3.87033],[-75.12028,-3.87375],[-75.07817,-3.88329],[-75.06067,-3.88643],[-75.0317,-3.89834],[-75.01595,-3.90104],[-75.00056,-3.90001],[-74.9884,-3.90155],[-74.97189,-3.91229],[-74.94801,-3.93563],[-74.94307,-3.93879]]]}},{"type":"Feature","properties":{"ubigeo":"160401","nombre":"Ramón Castilla"},"geometry":{"type":"Polygon","coordinates":[[[-70.05665,-4.09508],[-70.0674,-4.09809],[-70.08235,-4.10781],[-70.09184,-4.10934],[-70.11424,-4.10336],[-70.12969,-4.09778],[-70.13905,-4.08802],[-70.14646,-4.09275],[-70.15295,-4.11121],[-70.16072,-4.12361],[-70.16761,-4.12726],[-70.18204,-4.12289],[-70.19161,-4.11468],[-70.19189,-4.11448],[-70.19826,-4.11203],[-70.19809,-4.10537],[-70.21027,-4.1037],[-70.23449,-4.12213],[-70.2471,-4.12733],[-70.26234,-4.12632],[-70.27998,-4.11986],[-70.31715,-4.11254],[-70.34863,-4.10802],[-70.36931,-4.09543],[-70.3873,-4.07969],[-70.4041,-4.05674],[-70.41294,-4.05135],[-70.43563,-4.04484],[-70.45891,-4.04618],[-70.47342,-4.0526],[-70.50554,-4.05415],[-70.53474,-4.0434],[-70.55688,-4.03695],[-70.56903,-4.03695],[-70.58099,-4.04383],[-70.5888,-4.04533],[-70.61094,-4.03991],[-70.62559,-4.03111],[-70.64363,-4.02872],[-70.67054,-4.01987],[-70.68326,-4.02084],[-70.70798,-4.02946],[-70.72129,-4.02664],[-70.73718,-4.02745],[-70.74392,-4.03067],[-70.75898,-4.04351],[-70.78656,-4.06967],[-70.79404,-4.07429],[-70.81569,-4.07734],[-70.83013,-4.08314],[-70.84772,-4.10171],[-70.85877,-4.1103],[-70.87339,-4.11568],[-70.89049,-4.12519],[-70.90694,-4.13963],[-70.94298,-4.15344],[-70.95078,-4.15521],[-70.92856,-4.12884],[-70.89995,-4.0808],[-70.88002,-4.05725],[-70.86247,-4.02955],[-70.85894,-4.00897],[-70.86336,-3.99427],[-70.8617,-3.98516],[-70.85553,-3.9744],[-70.83846,-3.96453],[-70.82317,-3.94637],[-70.83045,-3.94377],[-70.85159,-3.94205],[-70.86711,-3.93583],[-70.8882,-3.90208],[-70.94271,-3.89004],[-70.96163,-3.89061],[-70.98463,-3.92583],[-70.98845,-3.92952],[-71.00857,-3.93475],[-71.05268,-3.95399],[-71.0636,-3.95762],[-71.07948,-3.95873],[-71.0919,-3.95261],[-71.14478,-3.91983],[-71.17864,-3.88955],[-71.19506,-3.86609],[-71.20676,-3.84652],[-71.22389,-3.80524],[-71.23242,-3.78805],[-71.23264,-3.78014],[-71.22152,-3.74185],[-71.20433,-3.71116],[-71.1823,-3.67969],[-71.17762,-3.6657],[-71.17899,-3.65776],[-71.18801,-3.64503],[-71.18861,-3.63333],[-71.18444,-3.62687],[-71.17073,-3.61394],[-71.15695,-3.59063],[-71.15941,-3.57196],[-71.17806,-3.53723],[-71.19306,-3.53424],[-71.20727,-3.52849],[-71.21475,-3.52301],[-71.22474,-3.52078],[-71.27014,-3.52053],[-71.29103,-3.51811],[-71.30285,-3.51194],[-71.31678,-3.49951],[-71.33794,-3.48916],[-71.35518,-3.49342],[-71.37104,-3.48616],[-71.38142,-3.47654],[-71.38589,-3.46314],[-71.39617,-3.45191],[-71.39894,-3.44284],[-71.40116,-3.41819],[-71.40623,-3.41255],[-71.41598,-3.40793],[-71.41962,-3.4015],[-71.41794,-3.38467],[-71.41192,-3.37184],[-71.40388,-3.36217],[-71.3885,-3.352],[-71.38011,-3.33821],[-71.37209,-3.31508],[-71.35273,-3.26411],[-71.33594,-3.22682],[-71.33332,-3.22394],[-71.31074,-3.18157],[-71.30375,-3.18711],[-71.29714,-3.20016],[-71.29115,-3.20137],[-71.28024,-3.1981],[-71.27364,-3.19945],[-71.24848,-3.21311],[-71.2424,-3.22409],[-71.22226,-3.21704],[-71.20702,-3.21895],[-71.19206,-3.21863],[-71.17212,-3.21553],[-71.15424,-3.21081],[-71.13396,-3.21226],[-71.11049,-3.21229],[-71.08921,-3.2143],[-71.06812,-3.2125],[-71.05962,-3.22359],[-71.05995,-3.23645],[-71.05589,-3.246],[-71.03505,-3.25576],[-71.01335,-3.25818],[-70.99657,-3.27],[-70.98115,-3.27632],[-70.97588,-3.28079],[-70.969,-3.29884],[-70.94578,-3.31647],[-70.92185,-3.33281],[-70.90572,-3.34193],[-70.87053,-3.35541],[-70.81539,-3.37189],[-70.79835,-3.3753],[-70.77566,-3.37473],[-70.72768,-3.36927],[-70.71462,-3.36395],[-70.68907,-3.36685],[-70.67985,-3.37038],[-70.67135,-3.37848],[-70.66196,-3.39742],[-70.65445,-3.40669],[-70.62872,-3.41783],[-70.61328,-3.42019],[-70.59613,-3.41949],[-70.58317,-3.4166],[-70.56529,-3.40879],[-70.55349,-3.40093],[-70.53979,-3.39643],[-70.52956,-3.39567],[-70.51447,-3.39997],[-70.49277,-3.41879],[-70.47792,-3.42422],[-70.66483,-3.71923],[-70.71115,-3.7903],[-70.71313,-3.79643],[-70.70552,-3.79268],[-70.69004,-3.792],[-70.68072,-3.79614],[-70.67101,-3.80545],[-70.6548,-3.82698],[-70.65073,-3.82983],[-70.62565,-3.83282],[-70.61902,-3.84006],[-70.5879,-3.82738],[-70.57368,-3.83029],[-70.55244,-3.85289],[-70.54092,-3.86304],[-70.52074,-3.87297],[-70.51063,-3.87547],[-70.49641,-3.87581],[-70.4816,-3.86932],[-70.46409,-3.86404],[-70.44147,-3.85108],[-70.41616,-3.82318],[-70.41021,-3.82181],[-70.39423,-3.82999],[-70.38416,-3.82587],[-70.36608,-3.8065],[-70.35406,-3.79929],[-70.3463,-3.79976],[-70.32403,-3.80622],[-70.30496,-3.81337],[-70.29228,-3.82119],[-70.27631,-3.83763],[-70.27209,-3.84567],[-70.26276,-3.87324],[-70.25762,-3.88048],[-70.24609,-3.89037],[-70.22268,-3.90257],[-70.198,-3.90961],[-70.18556,-3.91996],[-70.18111,-3.92937],[-70.1759,-3.95556],[-70.17454,-3.96956],[-70.14957,-4.00675],[-70.12667,-4.03081],[-70.1144,-4.04955],[-70.10503,-4.05747],[-70.07626,-4.06951],[-70.06778,-4.07598],[-70.05997,-4.08624],[-70.05665,-4.09508]]]}},{"type":"Feature","properties":{"ubigeo":"160402","nombre":"Pebas"},"geometry":{"type":"Polygon","coordinates":[[[-71.31074,-3.18157],[-71.32748,-3.1956],[-71.33829,-3.20731],[-71.42246,-3.25972],[-71.43486,-3.26618],[-71.43613,-3.27625],[-71.44327,-3.27845],[-71.45517,-3.29158],[-71.46127,-3.31902],[-71.47042,-3.33284],[-71.4779,-3.35119],[-71.48989,-3.3696],[-71.49141,-3.37804],[-71.50708,-3.40853],[-71.52822,-3.44106],[-71.54298,-3.46632],[-71.55554,-3.49941],[-71.57688,-3.52686],[-71.60325,-3.55364],[-71.62468,-3.56733],[-71.65936,-3.5839],[-71.66737,-3.59007],[-71.6803,-3.61415],[-71.68049,-3.62556],[-71.6712,-3.63399],[-71.63776,-3.65242],[-71.61876,-3.6578],[-71.60857,-3.65866],[-71.60203,-3.66654],[-71.594,-3.68263],[-71.59029,-3.69568],[-71.58397,-3.73683],[-71.57885,-3.74871],[-71.58202,-3.75299],[-71.58228,-3.77036],[-71.5771,-3.79113],[-71.57867,-3.80023],[-71.61059,-3.77401],[-71.61315,-3.77787],[-71.59691,-3.81401],[-71.59388,-3.82996],[-71.59824,-3.83957],[-71.61246,-3.85845],[-71.61799,-3.87518],[-71.62187,-3.90876],[-71.62452,-3.9229],[-71.62538,-3.94171],[-71.62781,-3.95659],[-71.62816,-3.98787],[-71.63,-4.00039],[-71.6454,-4.02655],[-71.6635,-4.06246],[-71.66615,-4.08519],[-71.67185,-4.10074],[-71.70662,-4.11539],[-71.72346,-4.13123],[-71.74011,-4.13623],[-71.75073,-4.14477],[-71.7653,-4.15304],[-71.78881,-4.15597],[-71.80121,-4.15923],[-71.82914,-4.16022],[-71.83411,-4.15864],[-71.85403,-4.1601],[-71.86804,-4.16393],[-71.88294,-4.16277],[-71.89888,-4.15461],[-71.92297,-4.13735],[-71.93853,-4.12298],[-71.95766,-4.10898],[-71.97348,-4.10093],[-71.9852,-4.09728],[-71.99736,-4.09637],[-72.01324,-4.08812],[-72.03439,-4.06758],[-72.04447,-4.05942],[-72.07747,-4.04156],[-72.11334,-4.02732],[-72.15678,-4.02459],[-72.19948,-4.02766],[-72.24658,-4.03229],[-72.31712,-4.03837],[-72.35281,-4.04753],[-72.37459,-4.04865],[-72.38326,-4.04276],[-72.37072,-4.03146],[-72.36351,-4.02957],[-72.35519,-4.02214],[-72.34816,-4.006],[-72.33798,-4.00598],[-72.33212,-3.99797],[-72.3237,-3.99478],[-72.31332,-3.99635],[-72.30601,-3.99426],[-72.29365,-3.98485],[-72.26861,-3.96155],[-72.25537,-3.94479],[-72.25261,-3.93505],[-72.25495,-3.91969],[-72.26157,-3.91332],[-72.2655,-3.90193],[-72.27284,-3.86979],[-72.27855,-3.85734],[-72.28289,-3.83484],[-72.28394,-3.81765],[-72.28306,-3.7996],[-72.27889,-3.77887],[-72.28043,-3.75626],[-72.27803,-3.74521],[-72.27994,-3.73945],[-72.2898,-3.73042],[-72.3001,-3.70004],[-72.30387,-3.69345],[-72.30265,-3.68612],[-72.28083,-3.67881],[-72.25506,-3.65662],[-72.2546,-3.6536],[-72.22799,-3.63221],[-72.20081,-3.61593],[-72.17427,-3.60428],[-72.15628,-3.5796],[-72.15411,-3.5703],[-72.15633,-3.54774],[-72.14802,-3.52852],[-72.13803,-3.51781],[-72.11902,-3.5028],[-72.11844,-3.49767],[-72.12981,-3.48967],[-72.15059,-3.47797],[-72.15808,-3.47128],[-72.1839,-3.45609],[-72.19175,-3.4501],[-72.19801,-3.44105],[-72.19845,-3.40426],[-72.21813,-3.37929],[-72.22478,-3.37305],[-72.23579,-3.36944],[-72.23687,-3.36184],[-72.24321,-3.35567],[-72.26588,-3.34048],[-72.27396,-3.33278],[-72.2772,-3.31921],[-72.28877,-3.30387],[-72.29344,-3.29294],[-72.30736,-3.29161],[-72.32256,-3.28551],[-72.33777,-3.28245],[-72.34914,-3.27477],[-72.36383,-3.24703],[-72.3727,-3.24736],[-72.37641,-3.24371],[-72.40383,-3.23514],[-72.41395,-3.21765],[-72.40899,-3.20306],[-72.40981,-3.19621],[-72.4161,-3.1897],[-72.41872,-3.17682],[-72.4304,-3.17426],[-72.43827,-3.15616],[-72.45593,-3.13164],[-72.46609,-3.13216],[-72.47461,-3.1231],[-72.47885,-3.10828],[-72.47906,-3.09866],[-72.49884,-3.08492],[-72.51289,-3.07967],[-72.54636,-3.0714],[-72.55277,-3.06754],[-72.55645,-3.05983],[-72.55808,-3.0468],[-72.55637,-3.02073],[-72.55416,-3.00841],[-72.55646,-2.99699],[-72.56957,-2.96403],[-72.57339,-2.94785],[-72.57384,-2.92211],[-72.57077,-2.8909],[-72.55746,-2.88761],[-72.54422,-2.88752],[-72.51033,-2.87615],[-72.46748,-2.85604],[-72.44632,-2.84477],[-72.43238,-2.84182],[-72.42124,-2.84296],[-72.39979,-2.85257],[-72.38749,-2.8548],[-72.37704,-2.85201],[-72.36385,-2.83982],[-72.34286,-2.84138],[-72.31855,-2.83439],[-72.29268,-2.83186],[-72.27866,-2.83378],[-72.25897,-2.83946],[-72.24266,-2.83835],[-72.22707,-2.83078],[-72.21399,-2.82089],[-72.19671,-2.80527],[-72.18511,-2.80049],[-72.16346,-2.80174],[-72.14681,-2.81012],[-72.12476,-2.82943],[-72.11813,-2.83431],[-72.10428,-2.83861],[-72.07865,-2.83972],[-72.06318,-2.83379],[-72.05368,-2.82609],[-72.04411,-2.82297],[-72.03481,-2.81634],[-72.02606,-2.81932],[-72.01939,-2.8288],[-72.01121,-2.84724],[-71.9977,-2.86563],[-71.98064,-2.87749],[-71.9561,-2.88691],[-71.93311,-2.89364],[-71.91077,-2.8966],[-71.88712,-2.89705],[-71.85556,-2.9104],[-71.83918,-2.9122],[-71.81457,-2.90812],[-71.80251,-2.91364],[-71.78861,-2.92669],[-71.78536,-2.94112],[-71.78985,-2.95793],[-71.78885,-2.97427],[-71.78543,-2.98749],[-71.7784,-3.00377],[-71.77129,-3.01554],[-71.75762,-3.02894],[-71.73961,-3.0395],[-71.72626,-3.04306],[-71.69686,-3.04607],[-71.67525,-3.04424],[-71.6625,-3.04133],[-71.65566,-3.04461],[-71.64668,-3.05393],[-71.63246,-3.06268],[-71.6151,-3.067],[-71.60352,-3.0667],[-71.59323,-3.07086],[-71.57937,-3.08101],[-71.56515,-3.08856],[-71.54058,-3.09635],[-71.52082,-3.09928],[-71.50682,-3.10579],[-71.50019,-3.11217],[-71.48532,-3.13874],[-71.47702,-3.151],[-71.44443,-3.16583],[-71.44667,-3.18279],[-71.44389,-3.19621],[-71.43307,-3.20143],[-71.42237,-3.2013],[-71.38959,-3.19582],[-71.37683,-3.19178],[-71.37548,-3.18444],[-71.366,-3.17621],[-71.35404,-3.17203],[-71.3304,-3.17546],[-71.31074,-3.18157]]]}},{"type":"Feature","properties":{"ubigeo":"160403","nombre":"Yavari"},"geometry":{"type":"Polygon","coordinates":[[[-73.23624,-4.97057],[-73.22452,-4.95458],[-73.16432,-4.88005],[-73.14528,-4.84991],[-73.12754,-4.81699],[-73.1193,-4.80563],[-73.10215,-4.78977],[-73.10334,-4.77967],[-73.1112,-4.75532],[-73.12572,-4.71976],[-73.12944,-4.69554],[-73.06326,-4.66973],[-73.04533,-4.64441],[-73.03524,-4.63254],[-73.035,-4.55406],[-73.03076,-4.5388],[-73.02583,-4.52958],[-73.00677,-4.50785],[-72.9776,-4.49326],[-72.95598,-4.47552],[-72.93468,-4.4671],[-72.90573,-4.46811],[-72.88202,-4.487],[-72.85996,-4.48605],[-72.84026,-4.49453],[-72.82259,-4.4981],[-72.81144,-4.49854],[-72.79577,-4.49619],[-72.78338,-4.48846],[-72.76574,-4.44609],[-72.75885,-4.42039],[-72.75656,-4.38272],[-72.68144,-4.39636],[-72.67219,-4.39859],[-72.6351,-4.39913],[-72.62544,-4.38882],[-72.60324,-4.3588],[-72.60294,-4.35523],[-72.62856,-4.30365],[-72.60503,-4.30175],[-72.58078,-4.30353],[-72.57182,-4.29796],[-72.54995,-4.29361],[-72.53579,-4.29511],[-72.50319,-4.3185],[-72.49799,-4.31939],[-72.48177,-4.2933],[-72.43836,-4.25382],[-72.38776,-4.20853],[-72.38868,-4.20332],[-72.42903,-4.17981],[-72.43451,-4.17213],[-72.43674,-4.16153],[-72.42715,-4.13275],[-72.4244,-4.11608],[-72.40858,-4.09861],[-72.41104,-4.091],[-72.4039,-4.08659],[-72.39559,-4.05724],[-72.38646,-4.05067],[-72.38326,-4.04276],[-72.37459,-4.04865],[-72.35281,-4.04753],[-72.31712,-4.03837],[-72.24658,-4.03229],[-72.19948,-4.02766],[-72.15678,-4.02459],[-72.11334,-4.02732],[-72.07747,-4.04156],[-72.04447,-4.05942],[-72.03439,-4.06758],[-72.01324,-4.08812],[-71.99736,-4.09637],[-71.9852,-4.09728],[-71.97348,-4.10093],[-71.95766,-4.10898],[-71.93853,-4.12298],[-71.92297,-4.13735],[-71.89888,-4.15461],[-71.88294,-4.16277],[-71.86804,-4.16393],[-71.85403,-4.1601],[-71.83411,-4.15864],[-71.82914,-4.16022],[-71.80121,-4.15923],[-71.78881,-4.15597],[-71.7653,-4.15304],[-71.75073,-4.14477],[-71.74011,-4.13623],[-71.72346,-4.13123],[-71.71227,-4.13147],[-71.68094,-4.14639],[-71.66241,-4.14541],[-71.62955,-4.15761],[-71.62132,-4.15795],[-71.60754,-4.15248],[-71.59107,-4.15351],[-71.54993,-4.17137],[-71.51506,-4.19643],[-71.50516,-4.20016],[-71.48868,-4.20182],[-71.46094,-4.20674],[-71.44722,-4.21237],[-71.43629,-4.21915],[-71.41136,-4.2271],[-71.39623,-4.23577],[-71.37318,-4.24417],[-71.36183,-4.24563],[-71.31935,-4.24817],[-71.29926,-4.24526],[-71.27027,-4.24775],[-71.2649,-4.24495],[-71.24652,-4.22868],[-71.22776,-4.22206],[-71.20909,-4.21969],[-71.18356,-4.20419],[-71.17562,-4.20133],[-71.15921,-4.19973],[-71.12545,-4.20053],[-71.1128,-4.19363],[-71.09353,-4.18822],[-71.08365,-4.18162],[-71.07206,-4.1774],[-71.04893,-4.18111],[-71.03889,-4.17758],[-71.02278,-4.17663],[-71.00982,-4.17337],[-70.98613,-4.17148],[-70.95078,-4.15521],[-70.94298,-4.15344],[-70.90694,-4.13963],[-70.89049,-4.12519],[-70.87339,-4.11568],[-70.85877,-4.1103],[-70.84772,-4.10171],[-70.83013,-4.08314],[-70.81569,-4.07734],[-70.79404,-4.07429],[-70.78656,-4.06967],[-70.75898,-4.04351],[-70.74392,-4.03067],[-70.73718,-4.02745],[-70.72129,-4.02664],[-70.70798,-4.02946],[-70.68326,-4.02084],[-70.67054,-4.01987],[-70.64363,-4.02872],[-70.62559,-4.03111],[-70.61094,-4.03991],[-70.5888,-4.04533],[-70.58099,-4.04383],[-70.56903,-4.03695],[-70.55688,-4.03695],[-70.53474,-4.0434],[-70.50554,-4.05415],[-70.47342,-4.0526],[-70.45891,-4.04618],[-70.43563,-4.04484],[-70.41294,-4.05135],[-70.4041,-4.05674],[-70.3873,-4.07969],[-70.36931,-4.09543],[-70.34863,-4.10802],[-70.31715,-4.11254],[-70.27998,-4.11986],[-70.26234,-4.12632],[-70.2471,-4.12733],[-70.23449,-4.12213],[-70.21027,-4.1037],[-70.19809,-4.10537],[-70.19826,-4.11203],[-70.19189,-4.11448],[-70.19168,-4.11463],[-70.20015,-4.14705],[-70.18072,-4.17411],[-70.15735,-4.18026],[-70.11546,-4.19765],[-70.07753,-4.20224],[-70.06162,-4.21297],[-70.04341,-4.2217],[-70.00309,-4.23641],[-69.99874,-4.24315],[-69.9817,-4.24567],[-69.98004,-4.2519],[-69.98191,-4.26927],[-69.97323,-4.27862],[-69.94968,-4.27865],[-69.9515,-4.28742],[-69.96473,-4.3119],[-69.97442,-4.33278],[-69.98036,-4.34042],[-69.99196,-4.34817],[-70.01208,-4.34911],[-70.0186,-4.35325],[-70.02931,-4.37238],[-70.04,-4.37535],[-70.04797,-4.37097],[-70.05102,-4.36492],[-70.04846,-4.35588],[-70.04026,-4.34697],[-70.04296,-4.33219],[-70.05196,-4.32486],[-70.07086,-4.32232],[-70.07651,-4.31886],[-70.07874,-4.30998],[-70.07164,-4.30373],[-70.05187,-4.30624],[-70.04072,-4.29978],[-70.04509,-4.29155],[-70.05642,-4.295],[-70.06368,-4.29363],[-70.07034,-4.28777],[-70.07937,-4.28541],[-70.09196,-4.28902],[-70.09907,-4.28533],[-70.1013,-4.26394],[-70.10936,-4.25615],[-70.11504,-4.25981],[-70.11308,-4.2751],[-70.12099,-4.28542],[-70.12673,-4.28569],[-70.14229,-4.27379],[-70.15157,-4.27211],[-70.15814,-4.27721],[-70.16198,-4.29083],[-70.17051,-4.30267],[-70.16848,-4.31055],[-70.15383,-4.319],[-70.15261,-4.33003],[-70.15594,-4.33271],[-70.17263,-4.33364],[-70.17741,-4.33982],[-70.18084,-4.3554],[-70.18951,-4.36084],[-70.19633,-4.36034],[-70.20082,-4.35457],[-70.20041,-4.34357],[-70.20478,-4.32307],[-70.21186,-4.31281],[-70.21269,-4.29949],[-70.21662,-4.29818],[-70.21956,-4.31439],[-70.22831,-4.31704],[-70.25996,-4.3086],[-70.26807,-4.29708],[-70.25618,-4.29214],[-70.24582,-4.28462],[-70.24654,-4.27483],[-70.25813,-4.2717],[-70.28015,-4.28566],[-70.28979,-4.28801],[-70.28461,-4.27896],[-70.28515,-4.27117],[-70.3049,-4.26112],[-70.30915,-4.24922],[-70.3007,-4.24125],[-70.28235,-4.23593],[-70.27853,-4.22893],[-70.2811,-4.21505],[-70.28672,-4.20267],[-70.28773,-4.18051],[-70.28565,-4.1704],[-70.29395,-4.15931],[-70.30329,-4.15883],[-70.31156,-4.15416],[-70.31721,-4.14557],[-70.32387,-4.14241],[-70.32961,-4.1494],[-70.32765,-4.16835],[-70.33181,-4.17653],[-70.34313,-4.17801],[-70.35816,-4.16279],[-70.36489,-4.14551],[-70.37979,-4.13391],[-70.39873,-4.13744],[-70.41973,-4.13498],[-70.43282,-4.13129],[-70.43928,-4.13447],[-70.44246,-4.14167],[-70.43327,-4.15312],[-70.43365,-4.1613],[-70.44029,-4.16353],[-70.44781,-4.15868],[-70.4562,-4.16157],[-70.45986,-4.17385],[-70.46631,-4.17576],[-70.47401,-4.16392],[-70.47984,-4.15989],[-70.48892,-4.16633],[-70.49269,-4.19158],[-70.49997,-4.19883],[-70.51074,-4.19727],[-70.5136,-4.19333],[-70.512,-4.18433],[-70.50474,-4.17293],[-70.50317,-4.16194],[-70.51146,-4.14687],[-70.52604,-4.13608],[-70.53201,-4.14455],[-70.55275,-4.13697],[-70.55308,-4.14099],[-70.54293,-4.14801],[-70.54101,-4.1548],[-70.55402,-4.16154],[-70.55868,-4.1708],[-70.5526,-4.18872],[-70.55542,-4.2016],[-70.56729,-4.211],[-70.5755,-4.20806],[-70.57371,-4.20038],[-70.56358,-4.18669],[-70.56289,-4.1762],[-70.57309,-4.17349],[-70.58618,-4.18524],[-70.60084,-4.18804],[-70.61624,-4.19348],[-70.62725,-4.18828],[-70.63507,-4.1754],[-70.63335,-4.16722],[-70.61726,-4.13391],[-70.62249,-4.12644],[-70.64462,-4.12695],[-70.65024,-4.13679],[-70.65268,-4.16398],[-70.65786,-4.14842],[-70.6685,-4.1429],[-70.67008,-4.14958],[-70.66601,-4.16496],[-70.67202,-4.1944],[-70.67826,-4.20446],[-70.68564,-4.2033],[-70.68724,-4.19205],[-70.69432,-4.18667],[-70.71467,-4.18804],[-70.72855,-4.183],[-70.74703,-4.16121],[-70.75775,-4.15852],[-70.76881,-4.16342],[-70.7823,-4.18129],[-70.79258,-4.18593],[-70.79973,-4.18144],[-70.80565,-4.19446],[-70.81661,-4.19711],[-70.82311,-4.20871],[-70.83007,-4.21412],[-70.84324,-4.21714],[-70.84738,-4.22682],[-70.83977,-4.23025],[-70.82779,-4.21955],[-70.81978,-4.22031],[-70.81594,-4.22745],[-70.82618,-4.23944],[-70.82858,-4.24815],[-70.83977,-4.25455],[-70.85098,-4.24696],[-70.85797,-4.24676],[-70.86484,-4.25228],[-70.86202,-4.26145],[-70.84688,-4.27221],[-70.84853,-4.28129],[-70.85709,-4.28261],[-70.87831,-4.29339],[-70.88004,-4.29946],[-70.876,-4.31359],[-70.87638,-4.32165],[-70.8828,-4.32463],[-70.89274,-4.32284],[-70.90198,-4.3278],[-70.91184,-4.35594],[-70.91761,-4.36022],[-70.92546,-4.35457],[-70.93352,-4.35606],[-70.93631,-4.36974],[-70.93417,-4.37771],[-70.93804,-4.3831],[-70.94829,-4.37602],[-70.96258,-4.37929],[-70.97129,-4.37554],[-70.97314,-4.36183],[-70.97781,-4.35389],[-70.98622,-4.34726],[-70.99744,-4.34578],[-70.9975,-4.35103],[-70.98926,-4.35939],[-70.98795,-4.37655],[-70.99651,-4.3858],[-71.01109,-4.38446],[-71.01734,-4.37999],[-71.02135,-4.3878],[-71.03473,-4.39853],[-71.04211,-4.39826],[-71.04589,-4.38696],[-71.04268,-4.37721],[-71.04762,-4.36809],[-71.05413,-4.36941],[-71.05511,-4.38158],[-71.06043,-4.38863],[-71.07423,-4.3941],[-71.08219,-4.38865],[-71.07661,-4.38137],[-71.07691,-4.37536],[-71.08269,-4.37173],[-71.10579,-4.37631],[-71.10883,-4.38006],[-71.10624,-4.39937],[-71.111,-4.40743],[-71.12071,-4.40474],[-71.12936,-4.389],[-71.14109,-4.38132],[-71.14916,-4.3812],[-71.15145,-4.38592],[-71.14752,-4.3974],[-71.15097,-4.40332],[-71.15683,-4.40022],[-71.16098,-4.39079],[-71.16641,-4.39351],[-71.18189,-4.3939],[-71.18548,-4.39789],[-71.18669,-4.41798],[-71.19369,-4.42307],[-71.1988,-4.42021],[-71.20518,-4.40327],[-71.20547,-4.39663],[-71.1985,-4.38797],[-71.20285,-4.37767],[-71.21299,-4.37664],[-71.21832,-4.3878],[-71.21982,-4.40529],[-71.22641,-4.40565],[-71.22579,-4.38747],[-71.23026,-4.38307],[-71.24763,-4.39035],[-71.26406,-4.38345],[-71.27248,-4.38486],[-71.27854,-4.39011],[-71.27654,-4.39908],[-71.26688,-4.39249],[-71.26039,-4.39868],[-71.26752,-4.40717],[-71.26269,-4.41859],[-71.26188,-4.42783],[-71.2793,-4.44098],[-71.28849,-4.44015],[-71.29584,-4.43342],[-71.30148,-4.42105],[-71.30888,-4.41481],[-71.31763,-4.41595],[-71.31923,-4.42622],[-71.30086,-4.44444],[-71.30142,-4.45194],[-71.30697,-4.46166],[-71.31078,-4.4614],[-71.31007,-4.45019],[-71.31763,-4.44041],[-71.34095,-4.43937],[-71.34264,-4.42728],[-71.34821,-4.42596],[-71.35711,-4.43287],[-71.3657,-4.43225],[-71.37855,-4.42419],[-71.38773,-4.4256],[-71.3982,-4.43529],[-71.40044,-4.44384],[-71.4092,-4.44873],[-71.41881,-4.46471],[-71.43252,-4.47572],[-71.4364,-4.46975],[-71.43075,-4.47025],[-71.42619,-4.46477],[-71.43278,-4.45855],[-71.43155,-4.44791],[-71.42729,-4.44333],[-71.41629,-4.44197],[-71.41225,-4.43539],[-71.42533,-4.43563],[-71.43187,-4.4279],[-71.43869,-4.43135],[-71.4336,-4.4407],[-71.43636,-4.44895],[-71.44722,-4.44819],[-71.45163,-4.44218],[-71.44925,-4.43606],[-71.45294,-4.43167],[-71.45904,-4.43851],[-71.46459,-4.43888],[-71.47425,-4.4332],[-71.47918,-4.43492],[-71.47661,-4.44817],[-71.4798,-4.45525],[-71.48528,-4.45623],[-71.50183,-4.43928],[-71.50968,-4.44033],[-71.50624,-4.44841],[-71.50674,-4.45661],[-71.49875,-4.46391],[-71.49219,-4.47705],[-71.496,-4.48598],[-71.50457,-4.47625],[-71.51733,-4.46988],[-71.51853,-4.4611],[-71.52649,-4.4649],[-71.53592,-4.46258],[-71.53948,-4.46933],[-71.53522,-4.47716],[-71.53792,-4.48245],[-71.5438,-4.47734],[-71.55387,-4.47619],[-71.55873,-4.4814],[-71.55182,-4.48707],[-71.56064,-4.49174],[-71.56956,-4.50823],[-71.59272,-4.52575],[-71.60729,-4.5287],[-71.61591,-4.52814],[-71.63193,-4.51574],[-71.63388,-4.509],[-71.62119,-4.50218],[-71.61354,-4.48534],[-71.61063,-4.4748],[-71.61365,-4.46746],[-71.61872,-4.46734],[-71.62659,-4.47447],[-71.6239,-4.48394],[-71.6258,-4.4897],[-71.64038,-4.49881],[-71.65006,-4.5024],[-71.64658,-4.48169],[-71.65429,-4.47114],[-71.66026,-4.4766],[-71.65578,-4.48184],[-71.65432,-4.49381],[-71.65793,-4.50094],[-71.67291,-4.50556],[-71.67446,-4.50067],[-71.68687,-4.49684],[-71.7068,-4.50989],[-71.71587,-4.50533],[-71.7239,-4.49725],[-71.73536,-4.49663],[-71.73894,-4.49266],[-71.7397,-4.48164],[-71.74809,-4.46797],[-71.75341,-4.46914],[-71.74799,-4.47828],[-71.74896,-4.49132],[-71.75294,-4.49649],[-71.76765,-4.5037],[-71.76907,-4.4928],[-71.77587,-4.48505],[-71.78852,-4.48418],[-71.78337,-4.4966],[-71.79162,-4.49588],[-71.7938,-4.48365],[-71.81046,-4.49453],[-71.80654,-4.50439],[-71.81817,-4.50121],[-71.82628,-4.49613],[-71.83385,-4.49875],[-71.82746,-4.5054],[-71.83016,-4.51443],[-71.83422,-4.51518],[-71.83568,-4.50724],[-71.85656,-4.51137],[-71.865,-4.52645],[-71.87236,-4.51872],[-71.88437,-4.51548],[-71.88535,-4.52193],[-71.89086,-4.51532],[-71.90549,-4.51475],[-71.90781,-4.51978],[-71.89359,-4.52251],[-71.88539,-4.53042],[-71.88421,-4.53589],[-71.89069,-4.53862],[-71.89536,-4.53015],[-71.91851,-4.5293],[-71.91885,-4.54047],[-71.92672,-4.548],[-71.92128,-4.5519],[-71.9186,-4.56191],[-71.93048,-4.56173],[-71.92763,-4.56767],[-71.93516,-4.57867],[-71.94559,-4.57751],[-71.94983,-4.58519],[-71.9428,-4.59544],[-71.94987,-4.59806],[-71.94733,-4.60843],[-71.96127,-4.60591],[-71.96467,-4.61094],[-71.97968,-4.60977],[-71.9822,-4.60392],[-71.99447,-4.60989],[-71.99455,-4.61376],[-71.98567,-4.61316],[-71.98221,-4.62743],[-71.99006,-4.62596],[-72.00219,-4.62905],[-72.00438,-4.64415],[-72.01331,-4.63829],[-72.01555,-4.63108],[-72.04004,-4.62275],[-72.04301,-4.6234],[-72.0374,-4.63666],[-72.0394,-4.64408],[-72.04442,-4.64357],[-72.04839,-4.65435],[-72.0581,-4.64936],[-72.06785,-4.65865],[-72.05916,-4.67223],[-72.06499,-4.67614],[-72.0708,-4.66288],[-72.08028,-4.66867],[-72.08155,-4.67406],[-72.07629,-4.67931],[-72.0832,-4.6837],[-72.0901,-4.68182],[-72.08996,-4.68829],[-72.09718,-4.69586],[-72.10305,-4.70657],[-72.11121,-4.70534],[-72.12467,-4.71576],[-72.12096,-4.72505],[-72.12291,-4.73189],[-72.13177,-4.73468],[-72.13369,-4.72957],[-72.12751,-4.72391],[-72.13935,-4.71138],[-72.14779,-4.72451],[-72.16017,-4.72765],[-72.15909,-4.73384],[-72.1719,-4.73389],[-72.19308,-4.74746],[-72.18736,-4.75049],[-72.19107,-4.76135],[-72.19252,-4.75632],[-72.20016,-4.75672],[-72.20824,-4.7474],[-72.21309,-4.75354],[-72.22171,-4.75788],[-72.21251,-4.7594],[-72.21508,-4.76703],[-72.2212,-4.77161],[-72.22689,-4.76842],[-72.22874,-4.77495],[-72.23655,-4.77552],[-72.24238,-4.78104],[-72.24734,-4.77836],[-72.25194,-4.7652],[-72.25749,-4.76763],[-72.26123,-4.7797],[-72.2539,-4.78925],[-72.25604,-4.79212],[-72.2631,-4.78568],[-72.26916,-4.79715],[-72.27968,-4.79835],[-72.28352,-4.7939],[-72.27658,-4.78886],[-72.27635,-4.77661],[-72.28048,-4.77129],[-72.28183,-4.78223],[-72.29798,-4.77545],[-72.30185,-4.77601],[-72.30446,-4.78912],[-72.31301,-4.78451],[-72.30895,-4.78117],[-72.31161,-4.77441],[-72.32688,-4.77999],[-72.32855,-4.78575],[-72.3205,-4.7877],[-72.3231,-4.79806],[-72.32272,-4.8117],[-72.32618,-4.81067],[-72.32589,-4.80156],[-72.33865,-4.80446],[-72.33775,-4.79346],[-72.34262,-4.79651],[-72.34484,-4.80671],[-72.36805,-4.80293],[-72.37172,-4.80873],[-72.35884,-4.82339],[-72.36496,-4.82538],[-72.37046,-4.82201],[-72.38143,-4.82434],[-72.37296,-4.8291],[-72.38182,-4.83088],[-72.3878,-4.83632],[-72.37857,-4.83483],[-72.37637,-4.84097],[-72.38217,-4.84621],[-72.38403,-4.85371],[-72.38125,-4.85948],[-72.38892,-4.86083],[-72.38103,-4.87027],[-72.38406,-4.87426],[-72.38889,-4.86913],[-72.40152,-4.87635],[-72.40401,-4.88826],[-72.41024,-4.88569],[-72.41159,-4.87722],[-72.42028,-4.8749],[-72.42299,-4.88141],[-72.4156,-4.88643],[-72.41803,-4.89323],[-72.41493,-4.90032],[-72.42833,-4.90153],[-72.42987,-4.90994],[-72.43773,-4.90945],[-72.44124,-4.89963],[-72.45514,-4.90023],[-72.45451,-4.89149],[-72.46156,-4.89343],[-72.46952,-4.89088],[-72.46948,-4.9032],[-72.46263,-4.90307],[-72.46227,-4.90974],[-72.45308,-4.91202],[-72.45929,-4.92434],[-72.46993,-4.92205],[-72.47643,-4.92787],[-72.47387,-4.94044],[-72.48203,-4.9508],[-72.48764,-4.951],[-72.48427,-4.94251],[-72.48569,-4.93519],[-72.4925,-4.9354],[-72.49599,-4.94986],[-72.50698,-4.94442],[-72.50351,-4.93871],[-72.52048,-4.93281],[-72.52324,-4.94661],[-72.52127,-4.95833],[-72.52555,-4.95365],[-72.53588,-4.96349],[-72.53931,-4.95295],[-72.55194,-4.95556],[-72.55277,-4.96464],[-72.56696,-4.97522],[-72.56853,-4.98403],[-72.58121,-4.98079],[-72.58384,-4.98297],[-72.58268,-4.99501],[-72.58737,-4.99781],[-72.58881,-4.98766],[-72.59865,-4.98478],[-72.59899,-4.99515],[-72.60837,-4.99359],[-72.60978,-4.99708],[-72.60011,-4.99855],[-72.6029,-5.01238],[-72.61077,-5.01438],[-72.61127,-5.02046],[-72.60652,-5.02822],[-72.61793,-5.03822],[-72.61728,-5.04543],[-72.6212,-5.0518],[-72.62681,-5.03897],[-72.63059,-5.04061],[-72.62758,-5.04791],[-72.63146,-5.05619],[-72.64142,-5.06299],[-72.63891,-5.05527],[-72.64069,-5.046],[-72.65166,-5.0511],[-72.65455,-5.06284],[-72.66727,-5.0571],[-72.67184,-5.05196],[-72.68143,-5.05108],[-72.69245,-5.0609],[-72.70831,-5.04885],[-72.71519,-5.05746],[-72.72896,-5.05285],[-72.72528,-5.06],[-72.7376,-5.06123],[-72.73719,-5.06728],[-72.7303,-5.06981],[-72.73004,-5.07559],[-72.73763,-5.07501],[-72.73881,-5.08731],[-72.74171,-5.08868],[-72.75477,-5.07665],[-72.75638,-5.08255],[-72.76332,-5.08661],[-72.76107,-5.09311],[-72.77008,-5.09972],[-72.78008,-5.09201],[-72.78424,-5.09531],[-72.77917,-5.10129],[-72.78412,-5.1125],[-72.79052,-5.10584],[-72.80103,-5.11137],[-72.81326,-5.10304],[-72.81968,-5.10643],[-72.81604,-5.1163],[-72.81746,-5.12404],[-72.813,-5.13472],[-72.81718,-5.13946],[-72.8239,-5.13246],[-72.8229,-5.14368],[-72.83287,-5.13849],[-72.83713,-5.14371],[-72.84793,-5.14588],[-72.84829,-5.13807],[-72.85497,-5.1387],[-72.8769,-5.1288],[-72.88543,-5.12191],[-72.89984,-5.12348],[-72.91279,-5.1199],[-72.91981,-5.11377],[-72.93636,-5.10428],[-72.95232,-5.0881],[-72.9574,-5.07799],[-72.97774,-5.06325],[-72.98486,-5.05257],[-72.99319,-5.05857],[-73.01488,-5.05419],[-73.02326,-5.04943],[-73.05387,-5.03725],[-73.07113,-5.02096],[-73.0981,-5.0008],[-73.11432,-4.99779],[-73.16992,-4.998],[-73.18447,-4.99392],[-73.21356,-4.97966],[-73.23624,-4.97057]]]}},{"type":"Feature","properties":{"ubigeo":"160404","nombre":"San Pablo"},"geometry":{"type":"Polygon","coordinates":[[[-71.72346,-4.13123],[-71.70662,-4.11539],[-71.67185,-4.10074],[-71.66615,-4.08519],[-71.6635,-4.06246],[-71.6454,-4.02655],[-71.63,-4.00039],[-71.62816,-3.98787],[-71.62781,-3.95659],[-71.62538,-3.94171],[-71.62452,-3.9229],[-71.62187,-3.90876],[-71.61799,-3.87518],[-71.61246,-3.85845],[-71.59824,-3.83957],[-71.59388,-3.82996],[-71.59691,-3.81401],[-71.61315,-3.77787],[-71.61059,-3.77401],[-71.57867,-3.80023],[-71.5771,-3.79113],[-71.58228,-3.77036],[-71.58202,-3.75299],[-71.57885,-3.74871],[-71.58397,-3.73683],[-71.59029,-3.69568],[-71.594,-3.68263],[-71.60203,-3.66654],[-71.60857,-3.65866],[-71.61876,-3.6578],[-71.63776,-3.65242],[-71.6712,-3.63399],[-71.68049,-3.62556],[-71.6803,-3.61415],[-71.66737,-3.59007],[-71.65936,-3.5839],[-71.62468,-3.56733],[-71.60325,-3.55364],[-71.57688,-3.52686],[-71.55554,-3.49941],[-71.54298,-3.46632],[-71.52822,-3.44106],[-71.50708,-3.40853],[-71.49141,-3.37804],[-71.48989,-3.3696],[-71.4779,-3.35119],[-71.47042,-3.33284],[-71.46127,-3.31902],[-71.45517,-3.29158],[-71.44327,-3.27845],[-71.43613,-3.27625],[-71.43486,-3.26618],[-71.42246,-3.25972],[-71.33829,-3.20731],[-71.32748,-3.1956],[-71.31074,-3.18157],[-71.33332,-3.22394],[-71.33594,-3.22682],[-71.35273,-3.26411],[-71.37209,-3.31508],[-71.38011,-3.33821],[-71.3885,-3.352],[-71.40388,-3.36217],[-71.41192,-3.37184],[-71.41794,-3.38467],[-71.41962,-3.4015],[-71.41598,-3.40793],[-71.40623,-3.41255],[-71.40116,-3.41819],[-71.39894,-3.44284],[-71.39617,-3.45191],[-71.38589,-3.46314],[-71.38142,-3.47654],[-71.37104,-3.48616],[-71.35518,-3.49342],[-71.33794,-3.48916],[-71.31678,-3.49951],[-71.30285,-3.51194],[-71.29103,-3.51811],[-71.27014,-3.52053],[-71.22474,-3.52078],[-71.21475,-3.52301],[-71.20727,-3.52849],[-71.19306,-3.53424],[-71.17806,-3.53723],[-71.15941,-3.57196],[-71.15695,-3.59063],[-71.17073,-3.61394],[-71.18444,-3.62687],[-71.18861,-3.63333],[-71.18801,-3.64503],[-71.17899,-3.65776],[-71.17762,-3.6657],[-71.1823,-3.67969],[-71.20433,-3.71116],[-71.22152,-3.74185],[-71.23264,-3.78014],[-71.23242,-3.78805],[-71.22389,-3.80524],[-71.20676,-3.84652],[-71.19506,-3.86609],[-71.17864,-3.88955],[-71.14478,-3.91983],[-71.0919,-3.95261],[-71.07948,-3.95873],[-71.0636,-3.95762],[-71.05268,-3.95399],[-71.00857,-3.93475],[-70.98845,-3.92952],[-70.98463,-3.92583],[-70.96163,-3.89061],[-70.94271,-3.89004],[-70.8882,-3.90208],[-70.86711,-3.93583],[-70.85159,-3.94205],[-70.83045,-3.94377],[-70.82317,-3.94637],[-70.83846,-3.96453],[-70.85553,-3.9744],[-70.8617,-3.98516],[-70.86336,-3.99427],[-70.85894,-4.00897],[-70.86247,-4.02955],[-70.88002,-4.05725],[-70.89995,-4.0808],[-70.92856,-4.12884],[-70.95078,-4.15521],[-70.98613,-4.17148],[-71.00982,-4.17337],[-71.02278,-4.17663],[-71.03889,-4.17758],[-71.04893,-4.18111],[-71.07206,-4.1774],[-71.08365,-4.18162],[-71.09353,-4.18822],[-71.1128,-4.19363],[-71.12545,-4.20053],[-71.15921,-4.19973],[-71.17562,-4.20133],[-71.18356,-4.20419],[-71.20909,-4.21969],[-71.22776,-4.22206],[-71.24652,-4.22868],[-71.2649,-4.24495],[-71.27027,-4.24775],[-71.29926,-4.24526],[-71.31935,-4.24817],[-71.36183,-4.24563],[-71.37318,-4.24417],[-71.39623,-4.23577],[-71.41136,-4.2271],[-71.43629,-4.21915],[-71.44722,-4.21237],[-71.46094,-4.20674],[-71.48868,-4.20182],[-71.50516,-4.20016],[-71.51506,-4.19643],[-71.54993,-4.17137],[-71.59107,-4.15351],[-71.60754,-4.15248],[-71.62132,-4.15795],[-71.62955,-4.15761],[-71.66241,-4.14541],[-71.68094,-4.14639],[-71.71227,-4.13147],[-71.72346,-4.13123]]]}},{"type":"Feature","properties":{"ubigeo":"160405","nombre":"Santa Rosa de Loreto"},"geometry":{"type":"Polygon","coordinates":[[[-70.05665,-4.09508],[-70.05183,-4.10793],[-70.03408,-4.13441],[-69.99833,-4.16771],[-69.98371,-4.18278],[-69.95569,-4.20764],[-69.95049,-4.21949],[-69.94904,-4.23333],[-69.95126,-4.25177],[-69.94968,-4.27865],[-69.97323,-4.27862],[-69.98191,-4.26927],[-69.98004,-4.2519],[-69.9817,-4.24567],[-69.99874,-4.24315],[-70.00309,-4.23641],[-70.04341,-4.2217],[-70.06162,-4.21297],[-70.07753,-4.20224],[-70.11546,-4.19765],[-70.15735,-4.18026],[-70.18072,-4.17411],[-70.20015,-4.14705],[-70.19168,-4.11463],[-70.19161,-4.11468],[-70.18204,-4.12289],[-70.16761,-4.12726],[-70.16072,-4.12361],[-70.15295,-4.11121],[-70.14646,-4.09275],[-70.13905,-4.08802],[-70.12969,-4.09778],[-70.11424,-4.10336],[-70.09184,-4.10934],[-70.08235,-4.10781],[-70.0674,-4.09809],[-70.05665,-4.09508]]]}},{"type":"Feature","properties":{"ubigeo":"160501","nombre":"Requena"},"geometry":{"type":"Polygon","coordinates":[[[-73.71993,-5.23283],[-73.72362,-5.23604],[-73.72112,-5.24721],[-73.72869,-5.26695],[-73.73732,-5.28162],[-73.73143,-5.3106],[-73.72309,-5.32378],[-73.69925,-5.33342],[-73.6922,-5.34022],[-73.68513,-5.34089],[-73.68566,-5.35388],[-73.67742,-5.37311],[-73.66915,-5.3787],[-73.66223,-5.37664],[-73.65545,-5.38287],[-73.6508,-5.39738],[-73.63664,-5.40683],[-73.63299,-5.41389],[-73.62776,-5.40604],[-73.61806,-5.41377],[-73.6036,-5.41416],[-73.60119,-5.42961],[-73.60381,-5.44058],[-73.60756,-5.44275],[-73.62039,-5.44097],[-73.62782,-5.44641],[-73.62725,-5.45082],[-73.63801,-5.45687],[-73.64743,-5.45508],[-73.65681,-5.46295],[-73.66601,-5.46581],[-73.67303,-5.47847],[-73.67498,-5.48723],[-73.67343,-5.51351],[-73.6737,-5.53354],[-73.67077,-5.55822],[-73.67143,-5.60305],[-73.66801,-5.61686],[-73.66824,-5.62588],[-73.67653,-5.65721],[-73.67752,-5.66733],[-73.6726,-5.68513],[-73.6759,-5.69249],[-73.6888,-5.70292],[-73.70306,-5.71755],[-73.72065,-5.7449],[-73.72249,-5.75871],[-73.72958,-5.78339],[-73.75037,-5.7794],[-73.7783,-5.78378],[-73.78709,-5.77331],[-73.80828,-5.73963],[-73.82745,-5.69177],[-73.84907,-5.67458],[-73.85736,-5.65408],[-73.86527,-5.64154],[-73.86029,-5.62567],[-73.86031,-5.61493],[-73.86589,-5.59206],[-73.86679,-5.57613],[-73.87278,-5.57102],[-73.88695,-5.57416],[-73.89917,-5.57766],[-73.92367,-5.57598],[-73.94435,-5.57752],[-73.95851,-5.58592],[-73.96742,-5.59501],[-73.97652,-5.59818],[-73.9928,-5.59372],[-74.0131,-5.59305],[-74.02604,-5.59896],[-74.05557,-5.6014],[-74.08889,-5.60893],[-74.10978,-5.60588],[-74.10926,-5.59702],[-74.10226,-5.57103],[-74.08431,-5.5476],[-74.07491,-5.53112],[-74.05803,-5.48968],[-74.05841,-5.47514],[-74.06308,-5.46501],[-74.06702,-5.4452],[-74.05887,-5.42109],[-74.06169,-5.41249],[-74.07451,-5.39466],[-74.07625,-5.38636],[-74.06731,-5.37681],[-74.04652,-5.36425],[-74.01231,-5.35147],[-73.99516,-5.35046],[-73.98788,-5.34539],[-73.96813,-5.3162],[-73.96218,-5.30372],[-73.96136,-5.28904],[-73.96546,-5.26735],[-73.97509,-5.25502],[-73.98933,-5.24433],[-73.99656,-5.24135],[-74.0173,-5.23813],[-74.03888,-5.22433],[-74.05515,-5.22557],[-74.06838,-5.22078],[-74.08355,-5.20299],[-74.09043,-5.17268],[-74.08804,-5.15812],[-74.0896,-5.14973],[-74.10381,-5.14237],[-74.11421,-5.13443],[-74.13376,-5.11099],[-74.15148,-5.10155],[-74.17719,-5.08331],[-74.17561,-5.07065],[-74.17742,-5.05097],[-74.17573,-5.03758],[-74.17045,-5.0327],[-74.14365,-5.0226],[-74.13117,-5.01503],[-74.11024,-4.98955],[-74.08939,-4.96916],[-74.06709,-4.95664],[-74.04694,-4.94813],[-74.03714,-4.94663],[-74.01522,-4.95221],[-74.00016,-4.95768],[-73.97663,-4.97308],[-73.95864,-4.97811],[-73.95442,-4.98116],[-73.94892,-4.99646],[-73.94116,-5.0056],[-73.93325,-5.01075],[-73.92456,-5.00526],[-73.92189,-4.99316],[-73.90047,-4.97127],[-73.87674,-4.9631],[-73.85249,-4.9597],[-73.83958,-4.96347],[-73.78612,-4.95766],[-73.76913,-4.96425],[-73.75474,-4.98007],[-73.74045,-4.99125],[-73.73415,-4.99965],[-73.72938,-5.01795],[-73.7362,-5.02356],[-73.73705,-5.03955],[-73.74595,-5.04416],[-73.73723,-5.05807],[-73.73658,-5.06421],[-73.74698,-5.07403],[-73.76819,-5.08301],[-73.78458,-5.08678],[-73.79591,-5.09723],[-73.80394,-5.12339],[-73.80485,-5.1331],[-73.80308,-5.15217],[-73.79891,-5.16119],[-73.78058,-5.17501],[-73.7731,-5.19192],[-73.76034,-5.20573],[-73.74289,-5.21058],[-73.74378,-5.22562],[-73.74079,-5.22893],[-73.71993,-5.23283]]]}},{"type":"Feature","properties":{"ubigeo":"160502","nombre":"Alto Tapiche"},"geometry":{"type":"Polygon","coordinates":[[[-73.8676,-6.96236],[-73.87139,-6.967],[-73.87253,-6.97752],[-73.87865,-6.99394],[-73.87994,-7.00514],[-73.87118,-7.01985],[-73.86762,-7.03649],[-73.86615,-7.05274],[-73.85336,-7.07565],[-73.84322,-7.08385],[-73.81495,-7.09177],[-73.79842,-7.11306],[-73.79403,-7.11884],[-73.79411,-7.13005],[-73.78406,-7.12795],[-73.78349,-7.13963],[-73.79128,-7.1401],[-73.78831,-7.14573],[-73.77413,-7.1515],[-73.76826,-7.15625],[-73.76998,-7.16839],[-73.76405,-7.1731],[-73.75663,-7.17331],[-73.75611,-7.19542],[-73.74823,-7.20131],[-73.75208,-7.20642],[-73.74252,-7.21069],[-73.73968,-7.22008],[-73.73418,-7.21749],[-73.73119,-7.22219],[-73.72421,-7.2224],[-73.71662,-7.22756],[-73.72108,-7.23596],[-73.71257,-7.23935],[-73.70912,-7.24631],[-73.71496,-7.26351],[-73.71536,-7.27486],[-73.71035,-7.28204],[-73.70556,-7.2824],[-73.69488,-7.29907],[-73.69548,-7.31104],[-73.69986,-7.32113],[-73.70813,-7.32225],[-73.72256,-7.34122],[-73.7319,-7.34251],[-73.75464,-7.35379],[-73.75346,-7.33986],[-73.76163,-7.3369],[-73.78136,-7.33875],[-73.78902,-7.34774],[-73.80467,-7.34128],[-73.82253,-7.3392],[-73.83084,-7.35218],[-73.85004,-7.35516],[-73.8572,-7.36281],[-73.85729,-7.37445],[-73.86158,-7.38814],[-73.87347,-7.3875],[-73.88921,-7.37929],[-73.89654,-7.38627],[-73.90634,-7.38434],[-73.9067,-7.37342],[-73.91524,-7.37111],[-73.91879,-7.36324],[-73.92373,-7.36221],[-73.93363,-7.3763],[-73.93623,-7.37646],[-73.94587,-7.35865],[-73.9503,-7.35701],[-73.95538,-7.36838],[-73.94083,-7.39395],[-73.9392,-7.40673],[-73.92322,-7.41801],[-73.92509,-7.42813],[-73.91688,-7.44445],[-73.91673,-7.45628],[-73.91067,-7.46588],[-73.91132,-7.47584],[-73.92222,-7.47882],[-73.92229,-7.49036],[-73.91732,-7.50057],[-73.91958,-7.50575],[-73.93006,-7.51164],[-73.94281,-7.5337],[-73.95421,-7.52935],[-73.96616,-7.53013],[-73.98303,-7.53436],[-73.99788,-7.51972],[-74.01339,-7.5124],[-74.01837,-7.49145],[-74.0338,-7.48486],[-74.03731,-7.47785],[-74.03519,-7.4663],[-74.03997,-7.44815],[-74.05004,-7.44604],[-74.06663,-7.43821],[-74.09209,-7.42232],[-74.1015,-7.41406],[-74.11539,-7.40607],[-74.12974,-7.40221],[-74.13839,-7.39635],[-74.14163,-7.38818],[-74.14164,-7.37777],[-74.16182,-7.37112],[-74.16944,-7.36446],[-74.18086,-7.35875],[-74.18847,-7.35827],[-74.21751,-7.36116],[-74.2381,-7.35784],[-74.24455,-7.34741],[-74.25902,-7.34405],[-74.26703,-7.34913],[-74.27059,-7.34678],[-74.27907,-7.35324],[-74.29344,-7.35357],[-74.31623,-7.35127],[-74.34764,-7.3431],[-74.35657,-7.33663],[-74.36157,-7.33661],[-74.3666,-7.3202],[-74.37018,-7.31727],[-74.39397,-7.31782],[-74.42271,-7.31147],[-74.4308,-7.30207],[-74.44412,-7.30714],[-74.45375,-7.29825],[-74.46265,-7.29894],[-74.46792,-7.29049],[-74.46834,-7.28304],[-74.47305,-7.27462],[-74.49678,-7.26626],[-74.50009,-7.26205],[-74.49991,-7.25658],[-74.51206,-7.2428],[-74.51221,-7.22659],[-74.51452,-7.21785],[-74.52653,-7.20897],[-74.53539,-7.20534],[-74.54107,-7.19741],[-74.53776,-7.18655],[-74.54084,-7.17405],[-74.55038,-7.16611],[-74.56638,-7.17295],[-74.5747,-7.17208],[-74.59738,-7.17768],[-74.60974,-7.17719],[-74.61854,-7.17403],[-74.61412,-7.16697],[-74.62809,-7.14597],[-74.63702,-7.13873],[-74.64255,-7.12289],[-74.6179,-7.10234],[-74.61665,-7.08584],[-74.61016,-7.08274],[-74.60312,-7.08136],[-74.59606,-7.0698],[-74.58311,-7.07323],[-74.57724,-7.06798],[-74.56667,-7.06429],[-74.55399,-7.04727],[-74.54736,-7.04533],[-74.53549,-7.02548],[-74.52586,-7.01889],[-74.52306,-6.99996],[-74.52542,-6.95484],[-74.53248,-6.92432],[-74.52882,-6.86876],[-74.52537,-6.85839],[-74.51971,-6.83098],[-74.51738,-6.80671],[-74.51721,-6.7799],[-74.51379,-6.73919],[-74.51765,-6.70106],[-74.51597,-6.67507],[-74.51318,-6.65438],[-74.49944,-6.62598],[-74.47954,-6.5825],[-74.47135,-6.5566],[-74.46101,-6.52893],[-74.44686,-6.48015],[-74.43721,-6.46178],[-74.42667,-6.43804],[-74.42244,-6.4102],[-74.419,-6.36622],[-74.41982,-6.34414],[-74.41845,-6.31649],[-74.41303,-6.28516],[-74.40779,-6.27665],[-74.39558,-6.27209],[-74.37931,-6.2615],[-74.37472,-6.25316],[-74.37675,-6.22178],[-74.37458,-6.18957],[-74.36934,-6.16759],[-74.36487,-6.15613],[-74.3158,-6.12115],[-74.29315,-6.10091],[-74.27466,-6.07534],[-74.25949,-6.05143],[-74.24844,-6.02689],[-74.23935,-6.00072],[-74.21361,-5.97575],[-74.19303,-5.96136],[-74.17844,-5.94621],[-74.17021,-5.95609],[-74.15157,-5.96548],[-74.13594,-5.9795],[-74.12353,-5.98433],[-74.11675,-5.99501],[-74.11278,-6.00938],[-74.07652,-6.02219],[-74.03899,-6.03105],[-74.01565,-6.04112],[-74.01226,-6.04439],[-74.01197,-6.07476],[-74.01389,-6.09268],[-74.01852,-6.1047],[-74.03115,-6.17381],[-74.03019,-6.18183],[-74.02236,-6.20441],[-74.03561,-6.27704],[-74.03741,-6.32477],[-74.03978,-6.34478],[-74.03641,-6.37028],[-74.02218,-6.43578],[-74.00905,-6.44533],[-74.00445,-6.46614],[-74.0045,-6.47723],[-73.99946,-6.47936],[-73.98135,-6.47621],[-73.95703,-6.48472],[-73.95328,-6.50768],[-73.9502,-6.51565],[-73.93463,-6.52737],[-73.93125,-6.53422],[-73.93091,-6.54884],[-73.93485,-6.58099],[-73.93222,-6.60806],[-73.93599,-6.61611],[-73.9539,-6.62853],[-73.95906,-6.63895],[-73.96744,-6.64441],[-73.97424,-6.65942],[-73.98031,-6.66716],[-74.00164,-6.68341],[-74.01337,-6.7134],[-74.0189,-6.73889],[-74.02432,-6.78946],[-74.02646,-6.79737],[-74.0394,-6.81541],[-74.03899,-6.82029],[-74.01494,-6.83433],[-74.0108,-6.84075],[-74.0052,-6.85767],[-73.98695,-6.86986],[-73.97278,-6.86988],[-73.96021,-6.86711],[-73.94897,-6.87076],[-73.92324,-6.8921],[-73.91718,-6.90673],[-73.91806,-6.92177],[-73.91361,-6.93116],[-73.90269,-6.9369],[-73.89155,-6.95359],[-73.88528,-6.95954],[-73.8676,-6.96236]]]}},{"type":"Feature","properties":{"ubigeo":"160503","nombre":"Capelo"},"geometry":{"type":"Polygon","coordinates":[[[-74.29979,-5.47785],[-74.30195,-5.45222],[-74.3069,-5.43296],[-74.30188,-5.41471],[-74.29402,-5.40475],[-74.27,-5.38865],[-74.26051,-5.37408],[-74.24393,-5.36117],[-74.22135,-5.34961],[-74.18838,-5.32868],[-74.17722,-5.31779],[-74.17779,-5.29815],[-74.18481,-5.28598],[-74.19971,-5.27215],[-74.19951,-5.2593],[-74.18197,-5.24503],[-74.15725,-5.2219],[-74.13425,-5.20602],[-74.12801,-5.1954],[-74.12569,-5.18245],[-74.11696,-5.16611],[-74.11057,-5.15999],[-74.0896,-5.14973],[-74.08804,-5.15812],[-74.09043,-5.17268],[-74.08355,-5.20299],[-74.06838,-5.22078],[-74.05515,-5.22557],[-74.03888,-5.22433],[-74.0173,-5.23813],[-73.99656,-5.24135],[-73.98933,-5.24433],[-73.97509,-5.25502],[-73.96546,-5.26735],[-73.96136,-5.28904],[-73.96218,-5.30372],[-73.96813,-5.3162],[-73.98788,-5.34539],[-73.99516,-5.35046],[-74.01231,-5.35147],[-74.04652,-5.36425],[-74.06731,-5.37681],[-74.07625,-5.38636],[-74.07451,-5.39466],[-74.06169,-5.41249],[-74.05887,-5.42109],[-74.06702,-5.4452],[-74.06308,-5.46501],[-74.05841,-5.47514],[-74.05803,-5.48968],[-74.07491,-5.53112],[-74.08431,-5.5476],[-74.10226,-5.57103],[-74.10926,-5.59702],[-74.10978,-5.60588],[-74.11263,-5.60045],[-74.11431,-5.56989],[-74.12145,-5.55037],[-74.13246,-5.53964],[-74.15757,-5.52285],[-74.1681,-5.51905],[-74.17295,-5.50503],[-74.19292,-5.49355],[-74.25051,-5.46677],[-74.26348,-5.46649],[-74.29979,-5.47785]]]}},{"type":"Feature","properties":{"ubigeo":"160504","nombre":"Emilio San Martín"},"geometry":{"type":"Polygon","coordinates":[[[-74.17844,-5.94621],[-74.19303,-5.96136],[-74.21361,-5.97575],[-74.23935,-6.00072],[-74.24844,-6.02689],[-74.25949,-6.05143],[-74.27466,-6.07534],[-74.29315,-6.10091],[-74.3158,-6.12115],[-74.36487,-6.15613],[-74.36934,-6.16759],[-74.37458,-6.18957],[-74.37675,-6.22178],[-74.37472,-6.25316],[-74.37931,-6.2615],[-74.39558,-6.27209],[-74.40779,-6.27665],[-74.41303,-6.28516],[-74.41845,-6.31649],[-74.41982,-6.34414],[-74.419,-6.36622],[-74.42244,-6.4102],[-74.42667,-6.43804],[-74.43721,-6.46178],[-74.44686,-6.48015],[-74.46101,-6.52893],[-74.47135,-6.5566],[-74.47954,-6.5825],[-74.49944,-6.62598],[-74.51318,-6.65438],[-74.51597,-6.67507],[-74.51765,-6.70106],[-74.51379,-6.73919],[-74.51721,-6.7799],[-74.51738,-6.80671],[-74.51971,-6.83098],[-74.52537,-6.85839],[-74.52882,-6.86876],[-74.53248,-6.92432],[-74.52542,-6.95484],[-74.52306,-6.99996],[-74.52586,-7.01889],[-74.53549,-7.02548],[-74.54736,-7.04533],[-74.55399,-7.04727],[-74.56667,-7.06429],[-74.57724,-7.06798],[-74.58311,-7.07323],[-74.59606,-7.0698],[-74.60312,-7.08136],[-74.61016,-7.08274],[-74.61917,-7.07456],[-74.62999,-7.07122],[-74.62551,-7.06525],[-74.628,-7.05136],[-74.62907,-7.03212],[-74.63235,-7.01502],[-74.62894,-6.99751],[-74.62417,-6.99276],[-74.62604,-6.98314],[-74.63422,-6.97192],[-74.64465,-6.96462],[-74.65101,-6.95074],[-74.65487,-6.92399],[-74.658,-6.91458],[-74.66556,-6.90452],[-74.69825,-6.87954],[-74.71105,-6.8735],[-74.74375,-6.84792],[-74.74626,-6.84418],[-74.74599,-6.82572],[-74.74059,-6.80602],[-74.73758,-6.78476],[-74.73766,-6.77321],[-74.74121,-6.7586],[-74.73913,-6.74624],[-74.72599,-6.7059],[-74.69936,-6.66466],[-74.69265,-6.64441],[-74.69165,-6.63623],[-74.69476,-6.60831],[-74.70107,-6.58508],[-74.703,-6.53661],[-74.69679,-6.49487],[-74.6975,-6.4636],[-74.69408,-6.45359],[-74.68527,-6.41844],[-74.67575,-6.37039],[-74.65932,-6.33192],[-74.66189,-6.2672],[-74.66213,-6.23783],[-74.65616,-6.20571],[-74.6369,-6.16621],[-74.62538,-6.13271],[-74.61681,-6.1254],[-74.57999,-6.11437],[-74.55318,-6.06992],[-74.51992,-6.01153],[-74.49905,-5.98406],[-74.48633,-5.95956],[-74.49222,-5.92061],[-74.49646,-5.90455],[-74.48941,-5.87116],[-74.48898,-5.8634],[-74.48285,-5.85709],[-74.4697,-5.86088],[-74.46114,-5.85412],[-74.45724,-5.83599],[-74.46177,-5.82848],[-74.46679,-5.81287],[-74.47029,-5.78616],[-74.48251,-5.76303],[-74.48083,-5.7511],[-74.4741,-5.72308],[-74.47775,-5.71061],[-74.489,-5.69333],[-74.49483,-5.68882],[-74.43923,-5.67108],[-74.41792,-5.65944],[-74.39035,-5.63463],[-74.3605,-5.61718],[-74.3347,-5.60562],[-74.32737,-5.59622],[-74.32702,-5.56966],[-74.32337,-5.55531],[-74.29964,-5.52005],[-74.29866,-5.50574],[-74.29979,-5.47785],[-74.26348,-5.46649],[-74.25051,-5.46677],[-74.19292,-5.49355],[-74.17295,-5.50503],[-74.1681,-5.51905],[-74.15757,-5.52285],[-74.13246,-5.53964],[-74.12145,-5.55037],[-74.11431,-5.56989],[-74.11263,-5.60045],[-74.10978,-5.60588],[-74.13313,-5.62087],[-74.17915,-5.64371],[-74.18935,-5.65141],[-74.19252,-5.65999],[-74.17038,-5.69679],[-74.16644,-5.70799],[-74.16857,-5.7366],[-74.16403,-5.7462],[-74.1263,-5.76136],[-74.11265,-5.76837],[-74.10266,-5.77586],[-74.09704,-5.78407],[-74.09724,-5.79057],[-74.1037,-5.79905],[-74.11957,-5.80922],[-74.1411,-5.81898],[-74.15549,-5.83],[-74.15858,-5.84087],[-74.1515,-5.8989],[-74.15151,-5.90453],[-74.1583,-5.92169],[-74.17844,-5.94621]]]}},{"type":"Feature","properties":{"ubigeo":"160505","nombre":"Maquia"},"geometry":{"type":"Polygon","coordinates":[[[-74.61016,-7.08274],[-74.61665,-7.08584],[-74.6179,-7.10234],[-74.64255,-7.12289],[-74.63702,-7.13873],[-74.62809,-7.14597],[-74.61412,-7.16697],[-74.61854,-7.17403],[-74.62299,-7.17332],[-74.64192,-7.18701],[-74.64418,-7.22698],[-74.64881,-7.24119],[-74.63487,-7.24571],[-74.62396,-7.24668],[-74.62248,-7.2577],[-74.6251,-7.27049],[-74.64029,-7.28557],[-74.64491,-7.30089],[-74.64987,-7.30432],[-74.67854,-7.31415],[-74.70762,-7.32154],[-74.7199,-7.32177],[-74.74123,-7.30925],[-74.75388,-7.3095],[-74.76016,-7.30658],[-74.7757,-7.30461],[-74.78362,-7.30571],[-74.79342,-7.30167],[-74.80087,-7.30469],[-74.80605,-7.29946],[-74.83446,-7.29328],[-74.84051,-7.27247],[-74.85471,-7.25621],[-74.86204,-7.25026],[-74.87035,-7.23755],[-74.88129,-7.23418],[-74.87626,-7.23167],[-74.8763,-7.20552],[-74.86076,-7.18451],[-74.85236,-7.15814],[-74.85392,-7.14084],[-74.85835,-7.13384],[-74.87521,-7.12505],[-74.87327,-7.11313],[-74.86105,-7.10353],[-74.84671,-7.08046],[-74.83661,-7.07167],[-74.83281,-7.04383],[-74.82879,-7.0341],[-74.82194,-7.03008],[-74.81702,-7.01673],[-74.81405,-7.00131],[-74.79868,-6.98326],[-74.79923,-6.97683],[-74.81854,-6.94701],[-74.85097,-6.91452],[-74.85891,-6.88992],[-74.86981,-6.87453],[-74.88181,-6.86574],[-74.88958,-6.85255],[-74.8954,-6.8332],[-74.89817,-6.79656],[-74.89565,-6.75947],[-74.89647,-6.74788],[-74.90145,-6.73278],[-74.91196,-6.72729],[-74.91706,-6.71705],[-74.92827,-6.70714],[-74.94509,-6.69948],[-74.95603,-6.68549],[-74.95823,-6.66907],[-74.96656,-6.63193],[-74.97379,-6.58073],[-74.97551,-6.55493],[-74.97357,-6.52797],[-74.9712,-6.51643],[-74.96423,-6.50092],[-74.95168,-6.48245],[-74.92205,-6.44893],[-74.90585,-6.42633],[-74.89722,-6.40032],[-74.89539,-6.37681],[-74.89647,-6.35388],[-74.88862,-6.31935],[-74.86506,-6.27286],[-74.86541,-6.2502],[-74.87049,-6.23026],[-74.86736,-6.2224],[-74.8447,-6.20339],[-74.82514,-6.19017],[-74.80736,-6.17579],[-74.79337,-6.16154],[-74.78993,-6.15528],[-74.78718,-6.13772],[-74.78726,-6.12611],[-74.78459,-6.11832],[-74.77571,-6.10514],[-74.77015,-6.10145],[-74.73887,-6.087],[-74.72439,-6.07457],[-74.72212,-6.05304],[-74.71542,-6.0476],[-74.70555,-6.03057],[-74.69619,-6.03566],[-74.69238,-6.03149],[-74.69827,-6.02756],[-74.69888,-6.0132],[-74.6936,-6.0038],[-74.68901,-5.96045],[-74.69655,-5.9503],[-74.71866,-5.94991],[-74.7314,-5.94744],[-74.74932,-5.93621],[-74.76131,-5.92606],[-74.77525,-5.92448],[-74.78351,-5.93262],[-74.78457,-5.95162],[-74.77696,-5.96974],[-74.76382,-5.98519],[-74.76083,-5.99933],[-74.76859,-6.0122],[-74.7767,-6.01506],[-74.79175,-6.01042],[-74.8011,-5.99823],[-74.8045,-5.97807],[-74.81029,-5.96928],[-74.82923,-5.95801],[-74.82616,-5.95036],[-74.8147,-5.94437],[-74.80817,-5.92936],[-74.81405,-5.92066],[-74.83301,-5.92083],[-74.83798,-5.91724],[-74.84303,-5.8973],[-74.85023,-5.8883],[-74.86948,-5.87798],[-74.8867,-5.86603],[-74.87499,-5.84907],[-74.85431,-5.81177],[-74.84957,-5.79744],[-74.83309,-5.75602],[-74.82748,-5.74706],[-74.81506,-5.73482],[-74.80171,-5.72709],[-74.77222,-5.72192],[-74.73847,-5.71005],[-74.72634,-5.70359],[-74.72213,-5.68817],[-74.70599,-5.66028],[-74.70315,-5.6254],[-74.69947,-5.60309],[-74.6837,-5.58547],[-74.66814,-5.5546],[-74.65712,-5.54189],[-74.64631,-5.53302],[-74.63683,-5.53086],[-74.61021,-5.54263],[-74.58731,-5.54973],[-74.55932,-5.5444],[-74.5381,-5.54481],[-74.53117,-5.54937],[-74.52866,-5.57837],[-74.53185,-5.59959],[-74.53091,-5.6277],[-74.52792,-5.64376],[-74.52299,-5.65844],[-74.50911,-5.68252],[-74.49914,-5.68421],[-74.49483,-5.68882],[-74.489,-5.69333],[-74.47775,-5.71061],[-74.4741,-5.72308],[-74.48083,-5.7511],[-74.48251,-5.76303],[-74.47029,-5.78616],[-74.46679,-5.81287],[-74.46177,-5.82848],[-74.45724,-5.83599],[-74.46114,-5.85412],[-74.4697,-5.86088],[-74.48285,-5.85709],[-74.48898,-5.8634],[-74.48941,-5.87116],[-74.49646,-5.90455],[-74.49222,-5.92061],[-74.48633,-5.95956],[-74.49905,-5.98406],[-74.51992,-6.01153],[-74.55318,-6.06992],[-74.57999,-6.11437],[-74.61681,-6.1254],[-74.62538,-6.13271],[-74.6369,-6.16621],[-74.65616,-6.20571],[-74.66213,-6.23783],[-74.66189,-6.2672],[-74.65932,-6.33192],[-74.67575,-6.37039],[-74.68527,-6.41844],[-74.69408,-6.45359],[-74.6975,-6.4636],[-74.69679,-6.49487],[-74.703,-6.53661],[-74.70107,-6.58508],[-74.69476,-6.60831],[-74.69165,-6.63623],[-74.69265,-6.64441],[-74.69936,-6.66466],[-74.72599,-6.7059],[-74.73913,-6.74624],[-74.74121,-6.7586],[-74.73766,-6.77321],[-74.73758,-6.78476],[-74.74059,-6.80602],[-74.74599,-6.82572],[-74.74626,-6.84418],[-74.74375,-6.84792],[-74.71105,-6.8735],[-74.69825,-6.87954],[-74.66556,-6.90452],[-74.658,-6.91458],[-74.65487,-6.92399],[-74.65101,-6.95074],[-74.64465,-6.96462],[-74.63422,-6.97192],[-74.62604,-6.98314],[-74.62417,-6.99276],[-74.62894,-6.99751],[-74.63235,-7.01502],[-74.62907,-7.03212],[-74.628,-7.05136],[-74.62551,-7.06525],[-74.62999,-7.07122],[-74.61917,-7.07456],[-74.61016,-7.08274]]]}},{"type":"Feature","properties":{"ubigeo":"160506","nombre":"Puinahua"},"geometry":{"type":"Polygon","coordinates":[[[-74.29979,-5.47785],[-74.29866,-5.50574],[-74.29964,-5.52005],[-74.32337,-5.55531],[-74.32702,-5.56966],[-74.32737,-5.59622],[-74.3347,-5.60562],[-74.3605,-5.61718],[-74.39035,-5.63463],[-74.41792,-5.65944],[-74.43923,-5.67108],[-74.49483,-5.68882],[-74.49914,-5.68421],[-74.50911,-5.68252],[-74.52299,-5.65844],[-74.52792,-5.64376],[-74.53091,-5.6277],[-74.53185,-5.59959],[-74.52866,-5.57837],[-74.53117,-5.54937],[-74.5381,-5.54481],[-74.55932,-5.5444],[-74.58731,-5.54973],[-74.61021,-5.54263],[-74.63683,-5.53086],[-74.64631,-5.53302],[-74.65712,-5.54189],[-74.66814,-5.5546],[-74.6837,-5.58547],[-74.69947,-5.60309],[-74.70315,-5.6254],[-74.70599,-5.66028],[-74.72213,-5.68817],[-74.72634,-5.70359],[-74.73847,-5.71005],[-74.77222,-5.72192],[-74.80171,-5.72709],[-74.81506,-5.73482],[-74.82748,-5.74706],[-74.83309,-5.75602],[-74.84957,-5.79744],[-74.85431,-5.81177],[-74.87499,-5.84907],[-74.8867,-5.86603],[-74.90125,-5.86826],[-74.91527,-5.87406],[-74.96169,-5.90149],[-74.98889,-5.93678],[-75.00058,-5.95893],[-75.01501,-5.97383],[-75.03366,-5.99706],[-75.04114,-6.00448],[-75.06341,-6.013],[-75.08128,-6.01509],[-75.10515,-6.02225],[-75.13831,-6.03453],[-75.14693,-6.03927],[-75.15926,-6.05412],[-75.17944,-6.07001],[-75.18984,-6.07375],[-75.20139,-6.07356],[-75.2188,-6.07042],[-75.23525,-6.07445],[-75.24921,-6.08267],[-75.27367,-6.09003],[-75.31346,-6.0991],[-75.32884,-6.09931],[-75.36372,-6.08827],[-75.38931,-6.08205],[-75.39673,-6.08225],[-75.42365,-6.09176],[-75.43858,-6.09833],[-75.46967,-6.10942],[-75.49461,-6.11353],[-75.52937,-6.12216],[-75.53279,-6.0956],[-75.54863,-6.05565],[-75.56503,-6.02554],[-75.56893,-6.00039],[-75.56701,-5.95837],[-75.54671,-5.93608],[-75.53827,-5.9179],[-75.53415,-5.90235],[-75.52973,-5.89361],[-75.51283,-5.86867],[-75.51404,-5.86063],[-75.52407,-5.84533],[-75.5368,-5.81455],[-75.53936,-5.79466],[-75.53262,-5.78763],[-75.52007,-5.76597],[-75.51167,-5.7593],[-75.50162,-5.74243],[-75.49748,-5.72803],[-75.43713,-5.72542],[-75.41393,-5.72015],[-75.40289,-5.71245],[-75.39889,-5.70121],[-75.38903,-5.69125],[-75.37758,-5.68824],[-75.36553,-5.68961],[-75.34613,-5.69525],[-75.32608,-5.69389],[-75.30493,-5.68621],[-75.28653,-5.67462],[-75.27344,-5.66225],[-75.25991,-5.6523],[-75.23918,-5.64236],[-75.22122,-5.63191],[-75.2081,-5.6171],[-75.19949,-5.61553],[-75.18158,-5.62323],[-75.15609,-5.59479],[-75.13507,-5.57438],[-75.11101,-5.54088],[-75.06599,-5.4994],[-75.05416,-5.4954],[-75.03475,-5.49485],[-75.01947,-5.49693],[-74.99029,-5.51391],[-74.9601,-5.51986],[-74.92871,-5.48625],[-74.90209,-5.4703],[-74.88745,-5.46647],[-74.85387,-5.46302],[-74.82899,-5.45371],[-74.63801,-5.35401],[-74.62779,-5.34013],[-74.61517,-5.30433],[-74.59215,-5.27798],[-74.57292,-5.26432],[-74.53419,-5.24914],[-74.45722,-5.21595],[-74.41834,-5.20693],[-74.41128,-5.20325],[-74.39187,-5.1885],[-74.37365,-5.17232],[-74.36523,-5.16258],[-74.35063,-5.15348],[-74.33665,-5.15125],[-74.32022,-5.15114],[-74.29967,-5.13775],[-74.28094,-5.13323],[-74.2598,-5.13862],[-74.24551,-5.13619],[-74.23189,-5.11708],[-74.20178,-5.10503],[-74.18402,-5.09272],[-74.17719,-5.08331],[-74.15148,-5.10155],[-74.13376,-5.11099],[-74.11421,-5.13443],[-74.10381,-5.14237],[-74.0896,-5.14973],[-74.11057,-5.15999],[-74.11696,-5.16611],[-74.12569,-5.18245],[-74.12801,-5.1954],[-74.13425,-5.20602],[-74.15725,-5.2219],[-74.18197,-5.24503],[-74.19951,-5.2593],[-74.19971,-5.27215],[-74.18481,-5.28598],[-74.17779,-5.29815],[-74.17722,-5.31779],[-74.18838,-5.32868],[-74.22135,-5.34961],[-74.24393,-5.36117],[-74.26051,-5.37408],[-74.27,-5.38865],[-74.29402,-5.40475],[-74.30188,-5.41471],[-74.3069,-5.43296],[-74.30195,-5.45222],[-74.29979,-5.47785]]]}},{"type":"Feature","properties":{"ubigeo":"160507","nombre":"Saquena"},"geometry":{"type":"Polygon","coordinates":[[[-73.23624,-4.97057],[-73.31241,-5.02529],[-73.36797,-5.05637],[-73.39043,-5.07067],[-73.42069,-5.08144],[-73.43401,-5.08816],[-73.45224,-5.09378],[-73.47974,-5.0975],[-73.49986,-5.09722],[-73.52534,-5.09149],[-73.54172,-5.08393],[-73.54228,-5.07708],[-73.53821,-5.05765],[-73.55608,-5.04468],[-73.56059,-5.03933],[-73.56577,-5.02292],[-73.57939,-5.00763],[-73.56543,-4.96644],[-73.56917,-4.9577],[-73.57776,-4.94738],[-73.58615,-4.94204],[-73.59497,-4.93203],[-73.60169,-4.92055],[-73.59757,-4.89436],[-73.59778,-4.88314],[-73.61807,-4.86485],[-73.62704,-4.84925],[-73.63493,-4.83101],[-73.63447,-4.82367],[-73.64817,-4.82103],[-73.65229,-4.80986],[-73.64829,-4.80706],[-73.65189,-4.793],[-73.64781,-4.78227],[-73.67442,-4.77128],[-73.69222,-4.74971],[-73.71298,-4.73719],[-73.70971,-4.73508],[-73.67827,-4.73423],[-73.66582,-4.73034],[-73.65371,-4.7228],[-73.64423,-4.71424],[-73.61926,-4.67829],[-73.60701,-4.65171],[-73.59235,-4.63413],[-73.58198,-4.61868],[-73.57043,-4.6092],[-73.55593,-4.60312],[-73.52941,-4.5843],[-73.52211,-4.57467],[-73.51083,-4.55191],[-73.48849,-4.52989],[-73.47326,-4.52286],[-73.46483,-4.51521],[-73.45992,-4.49339],[-73.45845,-4.46451],[-73.45216,-4.45691],[-73.43522,-4.44636],[-73.42235,-4.46289],[-73.41163,-4.46521],[-73.3953,-4.47925],[-73.38873,-4.49702],[-73.36216,-4.52294],[-73.35239,-4.54223],[-73.34035,-4.55782],[-73.32256,-4.58432],[-73.31156,-4.5943],[-73.2894,-4.60867],[-73.26966,-4.63884],[-73.24707,-4.65646],[-73.21716,-4.67396],[-73.20169,-4.68035],[-73.18112,-4.68645],[-73.17051,-4.70082],[-73.1556,-4.70971],[-73.12944,-4.69554],[-73.12572,-4.71976],[-73.1112,-4.75532],[-73.10334,-4.77967],[-73.10215,-4.78977],[-73.1193,-4.80563],[-73.12754,-4.81699],[-73.14528,-4.84991],[-73.16432,-4.88005],[-73.22452,-4.95458],[-73.23624,-4.97057]]]}},{"type":"Feature","properties":{"ubigeo":"160508","nombre":"Soplin"},"geometry":{"type":"Polygon","coordinates":[[[-73.8676,-6.96236],[-73.88528,-6.95954],[-73.89155,-6.95359],[-73.90269,-6.9369],[-73.91361,-6.93116],[-73.91806,-6.92177],[-73.91718,-6.90673],[-73.92324,-6.8921],[-73.94897,-6.87076],[-73.96021,-6.86711],[-73.97278,-6.86988],[-73.98695,-6.86986],[-74.0052,-6.85767],[-74.0108,-6.84075],[-74.01494,-6.83433],[-74.03899,-6.82029],[-74.0394,-6.81541],[-74.02646,-6.79737],[-74.02432,-6.78946],[-74.0189,-6.73889],[-74.01337,-6.7134],[-74.00164,-6.68341],[-73.98031,-6.66716],[-73.97424,-6.65942],[-73.96744,-6.64441],[-73.95906,-6.63895],[-73.9539,-6.62853],[-73.93599,-6.61611],[-73.93222,-6.60806],[-73.93485,-6.58099],[-73.93091,-6.54884],[-73.93125,-6.53422],[-73.93463,-6.52737],[-73.9502,-6.51565],[-73.95328,-6.50768],[-73.95703,-6.48472],[-73.95276,-6.47808],[-73.9366,-6.47099],[-73.92162,-6.4609],[-73.90361,-6.43959],[-73.89364,-6.41652],[-73.8969,-6.40503],[-73.89573,-6.39521],[-73.88586,-6.38076],[-73.88566,-6.375],[-73.89121,-6.35824],[-73.87431,-6.34717],[-73.87031,-6.33266],[-73.86291,-6.32401],[-73.8717,-6.30998],[-73.86526,-6.28112],[-73.86611,-6.27372],[-73.8608,-6.25369],[-73.86137,-6.24435],[-73.87048,-6.22263],[-73.86786,-6.21123],[-73.85311,-6.19949],[-73.84957,-6.18722],[-73.85203,-6.17177],[-73.858,-6.167],[-73.85828,-6.15471],[-73.84548,-6.132],[-73.83713,-6.12209],[-73.83358,-6.11386],[-73.83879,-6.08475],[-73.83545,-6.07289],[-73.84313,-6.05294],[-73.84487,-6.04311],[-73.84493,-6.02209],[-73.83854,-5.98964],[-73.84306,-5.9736],[-73.83009,-5.95672],[-73.83553,-5.95124],[-73.84436,-5.95025],[-73.8576,-5.94319],[-73.88126,-5.93632],[-73.89319,-5.9299],[-73.9027,-5.91611],[-73.94079,-5.87844],[-73.96164,-5.86056],[-73.97023,-5.84466],[-73.97103,-5.83135],[-73.96721,-5.8121],[-73.96044,-5.78959],[-73.96114,-5.78006],[-73.95841,-5.77016],[-73.95011,-5.75377],[-73.93541,-5.70332],[-73.93324,-5.68392],[-73.93438,-5.6568],[-73.93236,-5.64997],[-73.91236,-5.62571],[-73.89099,-5.60733],[-73.88798,-5.59242],[-73.88403,-5.5837],[-73.88695,-5.57416],[-73.87278,-5.57102],[-73.86679,-5.57613],[-73.86589,-5.59206],[-73.86031,-5.61493],[-73.86029,-5.62567],[-73.86527,-5.64154],[-73.85736,-5.65408],[-73.84907,-5.67458],[-73.82745,-5.69177],[-73.80828,-5.73963],[-73.78709,-5.77331],[-73.7783,-5.78378],[-73.75037,-5.7794],[-73.72958,-5.78339],[-73.71882,-5.80714],[-73.71271,-5.83364],[-73.70798,-5.83743],[-73.70857,-5.84549],[-73.71616,-5.85599],[-73.71873,-5.86587],[-73.71732,-5.87434],[-73.70754,-5.89117],[-73.69965,-5.8995],[-73.67144,-5.91455],[-73.65632,-5.92434],[-73.64725,-5.93553],[-73.62289,-6.001],[-73.63018,-6.02645],[-73.62316,-6.0346],[-73.61249,-6.02697],[-73.60458,-6.03881],[-73.59244,-6.03808],[-73.5791,-6.04929],[-73.57065,-6.06419],[-73.55963,-6.07337],[-73.54895,-6.07337],[-73.53798,-6.08045],[-73.52769,-6.09589],[-73.51531,-6.09621],[-73.49838,-6.08734],[-73.48242,-6.08839],[-73.46155,-6.10425],[-73.46226,-6.11438],[-73.45887,-6.11924],[-73.46301,-6.13237],[-73.45614,-6.14839],[-73.46905,-6.1662],[-73.46062,-6.17185],[-73.46414,-6.19086],[-73.45999,-6.20254],[-73.46617,-6.21555],[-73.46337,-6.22708],[-73.46647,-6.23138],[-73.47485,-6.23198],[-73.48274,-6.2514],[-73.47179,-6.24862],[-73.46416,-6.25095],[-73.44943,-6.24387],[-73.44457,-6.25003],[-73.44671,-6.2662],[-73.45375,-6.27044],[-73.45481,-6.28526],[-73.4594,-6.29203],[-73.46951,-6.2928],[-73.47366,-6.30147],[-73.47069,-6.30475],[-73.47757,-6.31161],[-73.49179,-6.31455],[-73.49699,-6.31862],[-73.49658,-6.32794],[-73.48495,-6.33915],[-73.48175,-6.35374],[-73.4708,-6.36815],[-73.47156,-6.37784],[-73.47699,-6.38424],[-73.48182,-6.39863],[-73.48234,-6.40797],[-73.48817,-6.41786],[-73.50588,-6.42241],[-73.5152,-6.45559],[-73.52929,-6.46381],[-73.52511,-6.47906],[-73.52001,-6.4863],[-73.51815,-6.51388],[-73.5188,-6.52212],[-73.52563,-6.54158],[-73.53921,-6.56653],[-73.55717,-6.5954],[-73.57132,-6.6105],[-73.60742,-6.63988],[-73.61621,-6.66227],[-73.62534,-6.67647],[-73.63174,-6.68297],[-73.66377,-6.70102],[-73.67735,-6.71116],[-73.69615,-6.73278],[-73.7122,-6.74397],[-73.72417,-6.7481],[-73.75389,-6.75208],[-73.76087,-6.755],[-73.77136,-6.76516],[-73.78263,-6.78024],[-73.78558,-6.79108],[-73.78938,-6.85635],[-73.82119,-6.89475],[-73.82453,-6.91594],[-73.83316,-6.92628],[-73.84885,-6.9312],[-73.86022,-6.94654],[-73.86084,-6.95216],[-73.8676,-6.96236]]]}},{"type":"Feature","properties":{"ubigeo":"160509","nombre":"Tapiche"},"geometry":{"type":"Polygon","coordinates":[[[-74.17844,-5.94621],[-74.1583,-5.92169],[-74.15151,-5.90453],[-74.1515,-5.8989],[-74.15858,-5.84087],[-74.15549,-5.83],[-74.1411,-5.81898],[-74.11957,-5.80922],[-74.1037,-5.79905],[-74.09724,-5.79057],[-74.09704,-5.78407],[-74.10266,-5.77586],[-74.11265,-5.76837],[-74.1263,-5.76136],[-74.16403,-5.7462],[-74.16857,-5.7366],[-74.16644,-5.70799],[-74.17038,-5.69679],[-74.19252,-5.65999],[-74.18935,-5.65141],[-74.17915,-5.64371],[-74.13313,-5.62087],[-74.10978,-5.60588],[-74.08889,-5.60893],[-74.05557,-5.6014],[-74.02604,-5.59896],[-74.0131,-5.59305],[-73.9928,-5.59372],[-73.97652,-5.59818],[-73.96742,-5.59501],[-73.95851,-5.58592],[-73.94435,-5.57752],[-73.92367,-5.57598],[-73.89917,-5.57766],[-73.88695,-5.57416],[-73.88403,-5.5837],[-73.88798,-5.59242],[-73.89099,-5.60733],[-73.91236,-5.62571],[-73.93236,-5.64997],[-73.93438,-5.6568],[-73.93324,-5.68392],[-73.93541,-5.70332],[-73.95011,-5.75377],[-73.95841,-5.77016],[-73.96114,-5.78006],[-73.96044,-5.78959],[-73.96721,-5.8121],[-73.97103,-5.83135],[-73.97023,-5.84466],[-73.96164,-5.86056],[-73.94079,-5.87844],[-73.9027,-5.91611],[-73.89319,-5.9299],[-73.88126,-5.93632],[-73.8576,-5.94319],[-73.84436,-5.95025],[-73.83553,-5.95124],[-73.83009,-5.95672],[-73.84306,-5.9736],[-73.83854,-5.98964],[-73.84493,-6.02209],[-73.84487,-6.04311],[-73.84313,-6.05294],[-73.83545,-6.07289],[-73.83879,-6.08475],[-73.83358,-6.11386],[-73.83713,-6.12209],[-73.84548,-6.132],[-73.85828,-6.15471],[-73.858,-6.167],[-73.85203,-6.17177],[-73.84957,-6.18722],[-73.85311,-6.19949],[-73.86786,-6.21123],[-73.87048,-6.22263],[-73.86137,-6.24435],[-73.8608,-6.25369],[-73.86611,-6.27372],[-73.86526,-6.28112],[-73.8717,-6.30998],[-73.86291,-6.32401],[-73.87031,-6.33266],[-73.87431,-6.34717],[-73.89121,-6.35824],[-73.88566,-6.375],[-73.88586,-6.38076],[-73.89573,-6.39521],[-73.8969,-6.40503],[-73.89364,-6.41652],[-73.90361,-6.43959],[-73.92162,-6.4609],[-73.9366,-6.47099],[-73.95276,-6.47808],[-73.95703,-6.48472],[-73.98135,-6.47621],[-73.99946,-6.47936],[-74.0045,-6.47723],[-74.00445,-6.46614],[-74.00905,-6.44533],[-74.02218,-6.43578],[-74.03641,-6.37028],[-74.03978,-6.34478],[-74.03741,-6.32477],[-74.03561,-6.27704],[-74.02236,-6.20441],[-74.03019,-6.18183],[-74.03115,-6.17381],[-74.01852,-6.1047],[-74.01389,-6.09268],[-74.01197,-6.07476],[-74.01226,-6.04439],[-74.01565,-6.04112],[-74.03899,-6.03105],[-74.07652,-6.02219],[-74.11278,-6.00938],[-74.11675,-5.99501],[-74.12353,-5.98433],[-74.13594,-5.9795],[-74.15157,-5.96548],[-74.17021,-5.95609],[-74.17844,-5.94621]]]}},{"type":"Feature","properties":{"ubigeo":"160510","nombre":"Jenaro Herrera"},"geometry":{"type":"Polygon","coordinates":[[[-73.71993,-5.23283],[-73.74079,-5.22893],[-73.74378,-5.22562],[-73.74289,-5.21058],[-73.76034,-5.20573],[-73.7731,-5.19192],[-73.78058,-5.17501],[-73.79891,-5.16119],[-73.80308,-5.15217],[-73.80485,-5.1331],[-73.80394,-5.12339],[-73.79591,-5.09723],[-73.78458,-5.08678],[-73.76819,-5.08301],[-73.74698,-5.07403],[-73.73658,-5.06421],[-73.73723,-5.05807],[-73.74595,-5.04416],[-73.73705,-5.03955],[-73.7362,-5.02356],[-73.72938,-5.01795],[-73.73415,-4.99965],[-73.74045,-4.99125],[-73.75474,-4.98007],[-73.76913,-4.96425],[-73.78612,-4.95766],[-73.83958,-4.96347],[-73.85249,-4.9597],[-73.87674,-4.9631],[-73.90047,-4.97127],[-73.893,-4.95558],[-73.90056,-4.94628],[-73.90182,-4.92874],[-73.89647,-4.92349],[-73.89145,-4.91144],[-73.87435,-4.88281],[-73.8585,-4.88041],[-73.84384,-4.87141],[-73.84113,-4.85986],[-73.82972,-4.84941],[-73.81703,-4.84756],[-73.8101,-4.84297],[-73.79238,-4.8154],[-73.78634,-4.80949],[-73.76936,-4.80165],[-73.74265,-4.77312],[-73.73132,-4.75222],[-73.71298,-4.73719],[-73.69222,-4.74971],[-73.67442,-4.77128],[-73.64781,-4.78227],[-73.65189,-4.793],[-73.64829,-4.80706],[-73.65229,-4.80986],[-73.64817,-4.82103],[-73.63447,-4.82367],[-73.63493,-4.83101],[-73.62704,-4.84925],[-73.61807,-4.86485],[-73.59778,-4.88314],[-73.59757,-4.89436],[-73.60169,-4.92055],[-73.59497,-4.93203],[-73.58615,-4.94204],[-73.57776,-4.94738],[-73.56917,-4.9577],[-73.56543,-4.96644],[-73.57939,-5.00763],[-73.56577,-5.02292],[-73.56059,-5.03933],[-73.55608,-5.04468],[-73.53821,-5.05765],[-73.54228,-5.07708],[-73.54172,-5.08393],[-73.52986,-5.1062],[-73.53244,-5.11463],[-73.54355,-5.12943],[-73.55644,-5.13971],[-73.58912,-5.14271],[-73.60031,-5.14563],[-73.60807,-5.15559],[-73.61867,-5.18191],[-73.62448,-5.19184],[-73.62274,-5.2009],[-73.63041,-5.21806],[-73.66479,-5.22463],[-73.67275,-5.23082],[-73.68091,-5.24196],[-73.69454,-5.24303],[-73.70912,-5.23643],[-73.71289,-5.23159],[-73.71993,-5.23283]]]}},{"type":"Feature","properties":{"ubigeo":"160511","nombre":"Yaquerana"},"geometry":{"type":"Polygon","coordinates":[[[-73.79842,-7.11306],[-73.81495,-7.09177],[-73.84322,-7.08385],[-73.85336,-7.07565],[-73.86615,-7.05274],[-73.86762,-7.03649],[-73.87118,-7.01985],[-73.87994,-7.00514],[-73.87865,-6.99394],[-73.87253,-6.97752],[-73.87139,-6.967],[-73.8676,-6.96236],[-73.86084,-6.95216],[-73.86022,-6.94654],[-73.84885,-6.9312],[-73.83316,-6.92628],[-73.82453,-6.91594],[-73.82119,-6.89475],[-73.78938,-6.85635],[-73.78558,-6.79108],[-73.78263,-6.78024],[-73.77136,-6.76516],[-73.76087,-6.755],[-73.75389,-6.75208],[-73.72417,-6.7481],[-73.7122,-6.74397],[-73.69615,-6.73278],[-73.67735,-6.71116],[-73.66377,-6.70102],[-73.63174,-6.68297],[-73.62534,-6.67647],[-73.61621,-6.66227],[-73.60742,-6.63988],[-73.57132,-6.6105],[-73.55717,-6.5954],[-73.53921,-6.56653],[-73.52563,-6.54158],[-73.5188,-6.52212],[-73.51815,-6.51388],[-73.52001,-6.4863],[-73.52511,-6.47906],[-73.52929,-6.46381],[-73.5152,-6.45559],[-73.50588,-6.42241],[-73.48817,-6.41786],[-73.48234,-6.40797],[-73.48182,-6.39863],[-73.47699,-6.38424],[-73.47156,-6.37784],[-73.4708,-6.36815],[-73.48175,-6.35374],[-73.48495,-6.33915],[-73.49658,-6.32794],[-73.49699,-6.31862],[-73.49179,-6.31455],[-73.47757,-6.31161],[-73.47069,-6.30475],[-73.47366,-6.30147],[-73.46951,-6.2928],[-73.4594,-6.29203],[-73.45481,-6.28526],[-73.45375,-6.27044],[-73.44671,-6.2662],[-73.44457,-6.25003],[-73.44943,-6.24387],[-73.46416,-6.25095],[-73.47179,-6.24862],[-73.48274,-6.2514],[-73.47485,-6.23198],[-73.46647,-6.23138],[-73.46337,-6.22708],[-73.46617,-6.21555],[-73.45999,-6.20254],[-73.46414,-6.19086],[-73.46062,-6.17185],[-73.46905,-6.1662],[-73.45614,-6.14839],[-73.46301,-6.13237],[-73.45887,-6.11924],[-73.46226,-6.11438],[-73.46155,-6.10425],[-73.48242,-6.08839],[-73.49838,-6.08734],[-73.51531,-6.09621],[-73.52769,-6.09589],[-73.53798,-6.08045],[-73.54895,-6.07337],[-73.55963,-6.07337],[-73.57065,-6.06419],[-73.5791,-6.04929],[-73.59244,-6.03808],[-73.60458,-6.03881],[-73.61249,-6.02697],[-73.62316,-6.0346],[-73.63018,-6.02645],[-73.62289,-6.001],[-73.64725,-5.93553],[-73.65632,-5.92434],[-73.67144,-5.91455],[-73.69965,-5.8995],[-73.70754,-5.89117],[-73.71732,-5.87434],[-73.71873,-5.86587],[-73.71616,-5.85599],[-73.70857,-5.84549],[-73.70798,-5.83743],[-73.71271,-5.83364],[-73.71882,-5.80714],[-73.72958,-5.78339],[-73.72249,-5.75871],[-73.72065,-5.7449],[-73.70306,-5.71755],[-73.6888,-5.70292],[-73.6759,-5.69249],[-73.6726,-5.68513],[-73.67752,-5.66733],[-73.67653,-5.65721],[-73.66824,-5.62588],[-73.66801,-5.61686],[-73.67143,-5.60305],[-73.67077,-5.55822],[-73.6737,-5.53354],[-73.67343,-5.51351],[-73.67498,-5.48723],[-73.67303,-5.47847],[-73.66601,-5.46581],[-73.65681,-5.46295],[-73.64743,-5.45508],[-73.63801,-5.45687],[-73.62725,-5.45082],[-73.62782,-5.44641],[-73.62039,-5.44097],[-73.60756,-5.44275],[-73.60381,-5.44058],[-73.60119,-5.42961],[-73.6036,-5.41416],[-73.61806,-5.41377],[-73.62776,-5.40604],[-73.63299,-5.41389],[-73.63664,-5.40683],[-73.6508,-5.39738],[-73.65545,-5.38287],[-73.66223,-5.37664],[-73.66915,-5.3787],[-73.67742,-5.37311],[-73.68566,-5.35388],[-73.68513,-5.34089],[-73.6922,-5.34022],[-73.69925,-5.33342],[-73.72309,-5.32378],[-73.73143,-5.3106],[-73.73732,-5.28162],[-73.72869,-5.26695],[-73.72112,-5.24721],[-73.72362,-5.23604],[-73.71993,-5.23283],[-73.71289,-5.23159],[-73.70912,-5.23643],[-73.69454,-5.24303],[-73.68091,-5.24196],[-73.67275,-5.23082],[-73.66479,-5.22463],[-73.63041,-5.21806],[-73.62274,-5.2009],[-73.62448,-5.19184],[-73.61867,-5.18191],[-73.60807,-5.15559],[-73.60031,-5.14563],[-73.58912,-5.14271],[-73.55644,-5.13971],[-73.54355,-5.12943],[-73.53244,-5.11463],[-73.52986,-5.1062],[-73.54172,-5.08393],[-73.52534,-5.09149],[-73.49986,-5.09722],[-73.47974,-5.0975],[-73.45224,-5.09378],[-73.43401,-5.08816],[-73.42069,-5.08144],[-73.39043,-5.07067],[-73.36797,-5.05637],[-73.31241,-5.02529],[-73.23624,-4.97057],[-73.21356,-4.97966],[-73.18447,-4.99392],[-73.16992,-4.998],[-73.11432,-4.99779],[-73.0981,-5.0008],[-73.07113,-5.02096],[-73.05387,-5.03725],[-73.02326,-5.04943],[-73.01488,-5.05419],[-72.99319,-5.05857],[-72.98486,-5.05257],[-72.97774,-5.06325],[-72.9574,-5.07799],[-72.95232,-5.0881],[-72.93636,-5.10428],[-72.91981,-5.11377],[-72.91279,-5.1199],[-72.89984,-5.12348],[-72.88543,-5.12191],[-72.8769,-5.1288],[-72.85497,-5.1387],[-72.86248,-5.14529],[-72.86871,-5.14483],[-72.86663,-5.15176],[-72.87623,-5.15364],[-72.88789,-5.16582],[-72.88421,-5.17525],[-72.87716,-5.17541],[-72.88046,-5.18515],[-72.87359,-5.183],[-72.87596,-5.17781],[-72.86967,-5.17815],[-72.87585,-5.19306],[-72.86935,-5.19621],[-72.8709,-5.20286],[-72.86459,-5.21181],[-72.8692,-5.21857],[-72.86403,-5.23459],[-72.87253,-5.24712],[-72.8673,-5.24867],[-72.86706,-5.26375],[-72.86144,-5.27189],[-72.86789,-5.27445],[-72.86719,-5.29006],[-72.87665,-5.28971],[-72.87084,-5.29499],[-72.88265,-5.30727],[-72.88919,-5.31008],[-72.88507,-5.31802],[-72.90171,-5.32996],[-72.90475,-5.3388],[-72.8967,-5.33198],[-72.89745,-5.34141],[-72.89191,-5.35158],[-72.90233,-5.35177],[-72.91063,-5.36196],[-72.90528,-5.36529],[-72.90691,-5.37024],[-72.91863,-5.37478],[-72.91679,-5.38426],[-72.92081,-5.38632],[-72.92161,-5.39648],[-72.9269,-5.39755],[-72.92465,-5.40809],[-72.9388,-5.41958],[-72.93529,-5.42412],[-72.93708,-5.43465],[-72.94164,-5.44013],[-72.9523,-5.44408],[-72.94535,-5.44829],[-72.94623,-5.45434],[-72.9579,-5.4644],[-72.95443,-5.46683],[-72.95861,-5.48015],[-72.94955,-5.48157],[-72.95696,-5.48742],[-72.96164,-5.49607],[-72.96215,-5.5054],[-72.95788,-5.51186],[-72.96067,-5.52146],[-72.95459,-5.52312],[-72.9513,-5.5374],[-72.94022,-5.54],[-72.94208,-5.54541],[-72.94962,-5.54752],[-72.95731,-5.55819],[-72.95043,-5.56389],[-72.96087,-5.57217],[-72.95384,-5.57495],[-72.96066,-5.57886],[-72.95635,-5.58408],[-72.96236,-5.58998],[-72.97373,-5.61344],[-72.97408,-5.62326],[-72.96743,-5.62091],[-72.9669,-5.63514],[-72.95898,-5.65636],[-72.96393,-5.66209],[-72.97049,-5.65651],[-72.97469,-5.66093],[-72.98492,-5.66106],[-72.98942,-5.66779],[-72.98936,-5.67495],[-72.98065,-5.67965],[-72.98556,-5.68223],[-72.98422,-5.69351],[-72.99227,-5.69545],[-72.9886,-5.70029],[-72.99842,-5.70057],[-72.99973,-5.7086],[-72.99528,-5.71509],[-73.00207,-5.71882],[-73.00198,-5.7288],[-73.00791,-5.72434],[-73.00707,-5.73256],[-73.02753,-5.73341],[-73.01959,-5.74093],[-73.02669,-5.7478],[-73.03069,-5.74689],[-73.04613,-5.75892],[-73.04829,-5.7675],[-73.04288,-5.776],[-73.0544,-5.77519],[-73.04911,-5.78316],[-73.05478,-5.78907],[-73.05251,-5.79372],[-73.06924,-5.80043],[-73.07183,-5.80459],[-73.07979,-5.8012],[-73.08395,-5.81247],[-73.07507,-5.81024],[-73.07879,-5.81707],[-73.08718,-5.8145],[-73.0954,-5.82118],[-73.08872,-5.82928],[-73.10084,-5.8258],[-73.11422,-5.83318],[-73.11535,-5.84222],[-73.11252,-5.85961],[-73.1175,-5.86454],[-73.12348,-5.85835],[-73.12843,-5.86273],[-73.12896,-5.87047],[-73.13411,-5.86418],[-73.13485,-5.86964],[-73.15207,-5.86796],[-73.16116,-5.88534],[-73.15669,-5.88098],[-73.154,-5.88753],[-73.16706,-5.89651],[-73.1663,-5.91473],[-73.17458,-5.93155],[-73.18057,-5.92909],[-73.18011,-5.94015],[-73.18692,-5.94514],[-73.18063,-5.95365],[-73.18482,-5.95893],[-73.1782,-5.96337],[-73.17734,-5.97085],[-73.19077,-5.98527],[-73.18666,-6.00412],[-73.19194,-6.00275],[-73.21531,-6.01619],[-73.21054,-6.0197],[-73.21888,-6.0282],[-73.2278,-6.02987],[-73.22788,-6.03683],[-73.23364,-6.03872],[-73.23765,-6.04635],[-73.22854,-6.0429],[-73.23426,-6.05342],[-73.22881,-6.05523],[-73.23447,-6.06303],[-73.22963,-6.06795],[-73.229,-6.07816],[-73.23785,-6.07675],[-73.23904,-6.08021],[-73.23154,-6.09182],[-73.23644,-6.09022],[-73.23669,-6.10083],[-73.24379,-6.10302],[-73.248,-6.10892],[-73.24613,-6.11975],[-73.24994,-6.13308],[-73.24605,-6.13359],[-73.24402,-6.15437],[-73.22092,-6.17686],[-73.21611,-6.18379],[-73.21596,-6.19272],[-73.22326,-6.19319],[-73.22094,-6.20028],[-73.21608,-6.19741],[-73.21121,-6.20171],[-73.21933,-6.21372],[-73.22029,-6.21958],[-73.21425,-6.22567],[-73.2086,-6.21954],[-73.20739,-6.22922],[-73.20241,-6.23159],[-73.19317,-6.243],[-73.19339,-6.24981],[-73.18634,-6.26232],[-73.18171,-6.25753],[-73.17427,-6.26128],[-73.17163,-6.27017],[-73.1607,-6.27667],[-73.15751,-6.29062],[-73.16337,-6.2893],[-73.1569,-6.29821],[-73.15957,-6.30309],[-73.15619,-6.31584],[-73.1566,-6.3268],[-73.15253,-6.32934],[-73.14741,-6.32446],[-73.15072,-6.33706],[-73.14354,-6.33469],[-73.14326,-6.35161],[-73.14049,-6.35924],[-73.13677,-6.35661],[-73.13205,-6.36347],[-73.1337,-6.36994],[-73.12747,-6.39374],[-73.11783,-6.38942],[-73.10577,-6.4044],[-73.1038,-6.41139],[-73.10902,-6.4221],[-73.12105,-6.43136],[-73.11584,-6.4353],[-73.11101,-6.45287],[-73.11556,-6.45407],[-73.11797,-6.46569],[-73.12141,-6.46255],[-73.12981,-6.46467],[-73.13155,-6.47447],[-73.12791,-6.47693],[-73.13911,-6.48465],[-73.14244,-6.49287],[-73.13195,-6.49675],[-73.13601,-6.49949],[-73.13365,-6.50617],[-73.14149,-6.51491],[-73.14187,-6.50532],[-73.14886,-6.51376],[-73.15199,-6.52729],[-73.16295,-6.52474],[-73.17104,-6.51802],[-73.17304,-6.52778],[-73.18761,-6.52281],[-73.18775,-6.52894],[-73.17933,-6.52995],[-73.17565,-6.535],[-73.18025,-6.54073],[-73.18725,-6.54145],[-73.19042,-6.54872],[-73.19506,-6.54335],[-73.19482,-6.55563],[-73.20318,-6.55368],[-73.20292,-6.55974],[-73.19657,-6.56226],[-73.20669,-6.57711],[-73.21156,-6.57694],[-73.21764,-6.56427],[-73.2299,-6.57287],[-73.23092,-6.57892],[-73.22607,-6.58462],[-73.24232,-6.58426],[-73.23935,-6.59276],[-73.24956,-6.58137],[-73.26078,-6.58651],[-73.26944,-6.58756],[-73.28064,-6.58467],[-73.2928,-6.58808],[-73.29675,-6.59705],[-73.30275,-6.59234],[-73.32935,-6.59778],[-73.33719,-6.59244],[-73.3524,-6.59332],[-73.36821,-6.61317],[-73.37269,-6.60793],[-73.38194,-6.62119],[-73.37992,-6.63576],[-73.38659,-6.63445],[-73.39202,-6.64161],[-73.40897,-6.64176],[-73.42329,-6.64879],[-73.42279,-6.65235],[-73.4403,-6.65191],[-73.45126,-6.66215],[-73.46381,-6.66892],[-73.48138,-6.66799],[-73.48329,-6.67323],[-73.50093,-6.67227],[-73.52083,-6.6761],[-73.52923,-6.68417],[-73.53976,-6.68579],[-73.53982,-6.69377],[-73.55432,-6.70434],[-73.55373,-6.70938],[-73.56173,-6.71618],[-73.56167,-6.72148],[-73.58665,-6.72358],[-73.59577,-6.73113],[-73.60329,-6.73198],[-73.61,-6.73984],[-73.61626,-6.74061],[-73.62513,-6.74852],[-73.63377,-6.75239],[-73.64375,-6.76456],[-73.64382,-6.77387],[-73.65265,-6.78048],[-73.65367,-6.78677],[-73.66598,-6.8001],[-73.66613,-6.80496],[-73.6837,-6.81628],[-73.69047,-6.83282],[-73.69604,-6.83788],[-73.71046,-6.84019],[-73.71434,-6.86383],[-73.7195,-6.86656],[-73.71951,-6.8775],[-73.73652,-6.89937],[-73.74735,-6.90947],[-73.74749,-6.91771],[-73.7583,-6.9317],[-73.76131,-6.94012],[-73.75718,-6.94799],[-73.74915,-6.95409],[-73.74496,-6.96197],[-73.74593,-6.96895],[-73.76124,-6.97858],[-73.75748,-6.988],[-73.75806,-7.00184],[-73.76218,-7.0089],[-73.75632,-7.01633],[-73.76138,-7.023],[-73.76239,-7.0392],[-73.757,-7.04538],[-73.76192,-7.06254],[-73.77101,-7.07181],[-73.78773,-7.09391],[-73.78398,-7.10365],[-73.79842,-7.11306]]]}},{"type":"Feature","properties":{"ubigeo":"160601","nombre":"Contamana"},"geometry":{"type":"Polygon","coordinates":[[[-74.61854,-7.17403],[-74.60974,-7.17719],[-74.59738,-7.17768],[-74.5747,-7.17208],[-74.56638,-7.17295],[-74.55038,-7.16611],[-74.54084,-7.17405],[-74.53776,-7.18655],[-74.54107,-7.19741],[-74.53539,-7.20534],[-74.52653,-7.20897],[-74.51452,-7.21785],[-74.51221,-7.22659],[-74.51206,-7.2428],[-74.49991,-7.25658],[-74.50009,-7.26205],[-74.50177,-7.26608],[-74.51473,-7.27676],[-74.52074,-7.27601],[-74.52692,-7.28757],[-74.53573,-7.29443],[-74.53372,-7.30706],[-74.53571,-7.32025],[-74.5452,-7.32813],[-74.55668,-7.34152],[-74.55911,-7.35328],[-74.56601,-7.35971],[-74.57133,-7.38866],[-74.57952,-7.40993],[-74.59287,-7.42377],[-74.60782,-7.42812],[-74.61607,-7.43504],[-74.63063,-7.48158],[-74.6429,-7.50009],[-74.64553,-7.51748],[-74.64116,-7.53483],[-74.64468,-7.55389],[-74.64314,-7.56229],[-74.66261,-7.56352],[-74.68049,-7.57601],[-74.67544,-7.58373],[-74.6769,-7.58978],[-74.67323,-7.60238],[-74.66929,-7.60323],[-74.66167,-7.62326],[-74.66025,-7.64608],[-74.66213,-7.65543],[-74.6872,-7.6614],[-74.69506,-7.66745],[-74.71208,-7.66933],[-74.71813,-7.67322],[-74.72521,-7.68921],[-74.72835,-7.71368],[-74.7356,-7.72299],[-74.75701,-7.73782],[-74.77551,-7.76194],[-74.77667,-7.77296],[-74.78027,-7.7798],[-74.79003,-7.78515],[-74.80661,-7.78492],[-74.82592,-7.7746],[-74.83766,-7.76267],[-74.8511,-7.75391],[-74.86412,-7.73956],[-74.88993,-7.72657],[-74.9134,-7.71717],[-74.93193,-7.69568],[-74.94722,-7.68173],[-74.984,-7.66746],[-74.99023,-7.6672],[-75.0001,-7.68185],[-75.00433,-7.68472],[-75.01766,-7.70459],[-75.03244,-7.72408],[-75.04557,-7.75386],[-75.05169,-7.77882],[-75.05785,-7.78763],[-75.08505,-7.80672],[-75.09952,-7.81317],[-75.129,-7.81789],[-75.15168,-7.81571],[-75.15914,-7.81683],[-75.18242,-7.83283],[-75.19432,-7.84606],[-75.20306,-7.87862],[-75.20643,-7.89584],[-75.2214,-7.91665],[-75.22406,-7.9252],[-75.22958,-7.93005],[-75.24059,-7.931],[-75.24755,-7.9374],[-75.26473,-7.94472],[-75.27978,-7.94858],[-75.28953,-7.95553],[-75.29182,-7.96197],[-75.30409,-7.96819],[-75.30677,-7.98083],[-75.31635,-7.98998],[-75.31553,-8.00325],[-75.32077,-8.01099],[-75.33374,-8.02024],[-75.3379,-8.02971],[-75.35008,-8.04163],[-75.34867,-8.06164],[-75.35347,-8.06459],[-75.35331,-8.07591],[-75.3501,-8.08334],[-75.35462,-8.09798],[-75.36126,-8.10455],[-75.37015,-8.10222],[-75.38623,-8.10976],[-75.38727,-8.12622],[-75.39238,-8.13651],[-75.40579,-8.14393],[-75.40856,-8.16033],[-75.4153,-8.17054],[-75.4301,-8.1666],[-75.43924,-8.17487],[-75.43763,-8.19485],[-75.4486,-8.20261],[-75.45297,-8.21007],[-75.45881,-8.21756],[-75.45881,-8.23052],[-75.46704,-8.23599],[-75.47315,-8.24429],[-75.47146,-8.25207],[-75.48838,-8.26403],[-75.49658,-8.27539],[-75.50288,-8.28941],[-75.49606,-8.30071],[-75.4913,-8.31729],[-75.4964,-8.32293],[-75.49779,-8.33139],[-75.51005,-8.33482],[-75.49882,-8.34589],[-75.48368,-8.34476],[-75.47785,-8.35258],[-75.48134,-8.36092],[-75.48067,-8.3804],[-75.47419,-8.38965],[-75.46382,-8.39384],[-75.46144,-8.40666],[-75.45236,-8.41204],[-75.45157,-8.4182],[-75.44339,-8.42239],[-75.42395,-8.44248],[-75.41941,-8.44321],[-75.41887,-8.45084],[-75.42755,-8.44785],[-75.43554,-8.45221],[-75.44082,-8.44773],[-75.44592,-8.45101],[-75.46029,-8.4492],[-75.47122,-8.44342],[-75.47521,-8.43616],[-75.48579,-8.43734],[-75.51084,-8.43204],[-75.52896,-8.43977],[-75.53275,-8.43321],[-75.54922,-8.43299],[-75.55861,-8.44192],[-75.57229,-8.44458],[-75.57448,-8.4405],[-75.58346,-8.44119],[-75.58953,-8.42687],[-75.58828,-8.42357],[-75.59906,-8.41198],[-75.61808,-8.40832],[-75.63407,-8.40802],[-75.64813,-8.40975],[-75.65818,-8.41513],[-75.68731,-8.42329],[-75.70814,-8.44651],[-75.70883,-8.45455],[-75.7175,-8.47598],[-75.71646,-8.48689],[-75.7353,-8.48495],[-75.76069,-8.48739],[-75.76898,-8.4978],[-75.77897,-8.49357],[-75.78754,-8.49719],[-75.78221,-8.50371],[-75.793,-8.51154],[-75.79922,-8.51216],[-75.78447,-8.5217],[-75.77929,-8.53195],[-75.78001,-8.55349],[-75.79069,-8.57003],[-75.79246,-8.58563],[-75.80153,-8.60274],[-75.81236,-8.60771],[-75.81772,-8.61726],[-75.82073,-8.62864],[-75.8168,-8.63602],[-75.82923,-8.64605],[-75.83251,-8.65178],[-75.84531,-8.65498],[-75.85349,-8.64916],[-75.87116,-8.65291],[-75.89132,-8.66022],[-75.90085,-8.67771],[-75.90928,-8.67792],[-75.92595,-8.69804],[-75.93212,-8.69693],[-75.94601,-8.71519],[-75.95551,-8.70272],[-75.9649,-8.69575],[-75.96779,-8.67241],[-75.97885,-8.65482],[-75.97759,-8.64497],[-75.97976,-8.636],[-75.97788,-8.62348],[-75.9737,-8.61533],[-75.97223,-8.59951],[-75.96631,-8.59203],[-75.96631,-8.56878],[-75.9709,-8.55799],[-75.96967,-8.54925],[-75.96538,-8.54605],[-75.96845,-8.52277],[-75.97094,-8.51704],[-75.96782,-8.50745],[-75.96309,-8.5046],[-75.95491,-8.50202],[-75.95545,-8.48447],[-75.9619,-8.47565],[-75.96491,-8.45174],[-75.9587,-8.44589],[-75.95243,-8.43035],[-75.94717,-8.4224],[-75.94634,-8.39912],[-75.95009,-8.38875],[-75.9604,-8.37353],[-75.96835,-8.35621],[-75.96759,-8.34581],[-75.97363,-8.34287],[-75.9852,-8.33095],[-75.98565,-8.32222],[-75.97249,-8.31663],[-75.95183,-8.31485],[-75.94866,-8.31828],[-75.94362,-8.31282],[-75.93489,-8.31155],[-75.92709,-8.30676],[-75.91922,-8.29661],[-75.91435,-8.28283],[-75.91558,-8.26788],[-75.91336,-8.25439],[-75.92062,-8.24408],[-75.92475,-8.23076],[-75.9237,-8.21679],[-75.92772,-8.20491],[-75.93375,-8.20292],[-75.94116,-8.18618],[-75.93869,-8.16804],[-75.93313,-8.15281],[-75.93619,-8.14473],[-75.93403,-8.13443],[-75.94064,-8.11046],[-75.95114,-8.10246],[-75.93952,-8.09332],[-75.92936,-8.0893],[-75.92706,-8.07785],[-75.91701,-8.07178],[-75.90723,-8.07404],[-75.90265,-8.07136],[-75.88731,-8.07488],[-75.87411,-8.06682],[-75.86097,-8.06905],[-75.8525,-8.05847],[-75.84493,-8.05964],[-75.84386,-8.04294],[-75.8412,-8.03286],[-75.8418,-8.02217],[-75.8391,-8.00023],[-75.83397,-7.99294],[-75.8338,-7.98473],[-75.82949,-7.9735],[-75.82806,-7.95855],[-75.82395,-7.94858],[-75.81797,-7.92622],[-75.80962,-7.9094],[-75.80752,-7.89654],[-75.79932,-7.88879],[-75.80018,-7.88239],[-75.79321,-7.87572],[-75.79206,-7.86008],[-75.78481,-7.84222],[-75.7829,-7.82476],[-75.78832,-7.82519],[-75.79403,-7.81895],[-75.79431,-7.81075],[-75.78849,-7.80452],[-75.79247,-7.79524],[-75.78365,-7.78132],[-75.7739,-7.77215],[-75.77612,-7.76551],[-75.76681,-7.74411],[-75.76062,-7.73957],[-75.76039,-7.73177],[-75.7557,-7.7286],[-75.7387,-7.69157],[-75.73927,-7.68088],[-75.73523,-7.67218],[-75.73645,-7.66697],[-75.72798,-7.65599],[-75.72931,-7.65035],[-75.72453,-7.64077],[-75.72719,-7.63396],[-75.72614,-7.61325],[-75.73091,-7.60178],[-75.7292,-7.59678],[-75.73281,-7.58792],[-75.72945,-7.57],[-75.72292,-7.56104],[-75.71359,-7.55534],[-75.70674,-7.5555],[-75.70174,-7.55019],[-75.70063,-7.53899],[-75.68807,-7.52754],[-75.68972,-7.51803],[-75.6859,-7.51221],[-75.69029,-7.49858],[-75.67862,-7.49728],[-75.67121,-7.49111],[-75.65575,-7.48873],[-75.64735,-7.48525],[-75.64018,-7.47671],[-75.63012,-7.4586],[-75.62753,-7.44832],[-75.60903,-7.44176],[-75.60354,-7.42905],[-75.58523,-7.41535],[-75.57643,-7.41201],[-75.56666,-7.40216],[-75.55124,-7.39297],[-75.5376,-7.38958],[-75.52647,-7.39254],[-75.49963,-7.40539],[-75.48767,-7.41484],[-75.48567,-7.42874],[-75.47643,-7.44468],[-75.46745,-7.45095],[-75.44805,-7.45554],[-75.42653,-7.45325],[-75.42093,-7.44335],[-75.42711,-7.43018],[-75.42053,-7.4241],[-75.41234,-7.42519],[-75.41098,-7.41502],[-75.40184,-7.40713],[-75.40444,-7.3935],[-75.4016,-7.38797],[-75.39367,-7.38525],[-75.39142,-7.3789],[-75.3684,-7.35665],[-75.35161,-7.35716],[-75.34857,-7.35078],[-75.32066,-7.32248],[-75.29339,-7.29162],[-75.28028,-7.28095],[-75.26417,-7.27085],[-75.25716,-7.2642],[-75.24714,-7.24481],[-75.23323,-7.23597],[-75.22208,-7.22645],[-75.20885,-7.2198],[-75.16804,-7.21029],[-75.15164,-7.20525],[-75.13185,-7.19353],[-75.11974,-7.1804],[-75.10548,-7.1614],[-75.06554,-7.15643],[-75.0437,-7.14899],[-75.02991,-7.1411],[-75.02198,-7.13992],[-75.01503,-7.15018],[-74.9942,-7.16543],[-74.9865,-7.16276],[-74.98627,-7.15726],[-74.97421,-7.15912],[-74.96152,-7.14888],[-74.95895,-7.14417],[-74.94751,-7.13927],[-74.93383,-7.15153],[-74.92446,-7.15284],[-74.91767,-7.15952],[-74.91936,-7.17151],[-74.92633,-7.17724],[-74.92913,-7.18745],[-74.92471,-7.1977],[-74.9124,-7.21308],[-74.88744,-7.22758],[-74.88129,-7.23418],[-74.87035,-7.23755],[-74.86204,-7.25026],[-74.85471,-7.25621],[-74.84051,-7.27247],[-74.83446,-7.29328],[-74.80605,-7.29946],[-74.80087,-7.30469],[-74.79342,-7.30167],[-74.78362,-7.30571],[-74.7757,-7.30461],[-74.76016,-7.30658],[-74.75388,-7.3095],[-74.74123,-7.30925],[-74.7199,-7.32177],[-74.70762,-7.32154],[-74.67854,-7.31415],[-74.64987,-7.30432],[-74.64491,-7.30089],[-74.64029,-7.28557],[-74.6251,-7.27049],[-74.62248,-7.2577],[-74.62396,-7.24668],[-74.63487,-7.24571],[-74.64881,-7.24119],[-74.64418,-7.22698],[-74.64192,-7.18701],[-74.62299,-7.17332],[-74.61854,-7.17403]]]}},{"type":"Feature","properties":{"ubigeo":"160602","nombre":"Inahuaya"},"geometry":{"type":"Polygon","coordinates":[[[-75.47707,-6.99053],[-75.47356,-6.98748],[-75.45552,-6.98293],[-75.44603,-6.97004],[-75.42493,-6.97357],[-75.41262,-6.97732],[-75.39362,-6.9752],[-75.38766,-6.96813],[-75.37632,-6.96485],[-75.3708,-6.95606],[-75.36074,-6.9524],[-75.35194,-6.94583],[-75.34658,-6.94617],[-75.34044,-6.95426],[-75.33923,-6.96358],[-75.32667,-6.96963],[-75.31139,-6.96496],[-75.30382,-6.96516],[-75.28559,-6.94969],[-75.27861,-6.94652],[-75.26176,-6.94658],[-75.25546,-6.94454],[-75.24945,-6.93523],[-75.24022,-6.93709],[-75.23275,-6.95082],[-75.22199,-6.95933],[-75.21062,-6.9613],[-75.21061,-6.97145],[-75.1934,-6.98105],[-75.17892,-6.96945],[-75.17229,-6.96671],[-75.14768,-6.96684],[-75.13597,-6.96444],[-75.12489,-6.96787],[-75.11776,-6.97495],[-75.11244,-6.99322],[-75.10987,-7.02547],[-75.11116,-7.03621],[-75.11696,-7.05211],[-75.123,-7.06028],[-75.13298,-7.06714],[-75.15545,-7.0781],[-75.16459,-7.07531],[-75.17667,-7.06589],[-75.19347,-7.04877],[-75.20561,-7.04761],[-75.21636,-7.05816],[-75.21751,-7.06505],[-75.21306,-7.08092],[-75.2134,-7.09048],[-75.22054,-7.1034],[-75.24489,-7.12071],[-75.25749,-7.12175],[-75.26972,-7.13149],[-75.27165,-7.13928],[-75.26847,-7.15251],[-75.28113,-7.15531],[-75.29647,-7.15586],[-75.30811,-7.15892],[-75.31677,-7.15279],[-75.35039,-7.16452],[-75.36761,-7.1658],[-75.37292,-7.14881],[-75.3825,-7.13954],[-75.38181,-7.13323],[-75.42576,-7.09195],[-75.43627,-7.08458],[-75.46264,-7.05445],[-75.46929,-7.03868],[-75.48164,-7.02645],[-75.47389,-7.02473],[-75.46834,-7.01785],[-75.46801,-7.00987],[-75.47559,-7.00143],[-75.47707,-6.99053]]]}},{"type":"Feature","properties":{"ubigeo":"160603","nombre":"Padre Márquez"},"geometry":{"type":"Polygon","coordinates":[[[-75.4153,-8.17054],[-75.40856,-8.16033],[-75.40579,-8.14393],[-75.39238,-8.13651],[-75.38727,-8.12622],[-75.38623,-8.10976],[-75.37015,-8.10222],[-75.36126,-8.10455],[-75.35462,-8.09798],[-75.3501,-8.08334],[-75.35331,-8.07591],[-75.35347,-8.06459],[-75.34867,-8.06164],[-75.35008,-8.04163],[-75.3379,-8.02971],[-75.33374,-8.02024],[-75.32077,-8.01099],[-75.31553,-8.00325],[-75.31635,-7.98998],[-75.30677,-7.98083],[-75.30409,-7.96819],[-75.29182,-7.96197],[-75.28953,-7.95553],[-75.27978,-7.94858],[-75.26473,-7.94472],[-75.24755,-7.9374],[-75.24059,-7.931],[-75.22958,-7.93005],[-75.22406,-7.9252],[-75.2214,-7.91665],[-75.20643,-7.89584],[-75.20306,-7.87862],[-75.19432,-7.84606],[-75.18242,-7.83283],[-75.15914,-7.81683],[-75.15168,-7.81571],[-75.129,-7.81789],[-75.09952,-7.81317],[-75.08505,-7.80672],[-75.05785,-7.78763],[-75.05169,-7.77882],[-75.04557,-7.75386],[-75.03244,-7.72408],[-75.01766,-7.70459],[-75.00433,-7.68472],[-75.0001,-7.68185],[-74.99023,-7.6672],[-74.984,-7.66746],[-74.94722,-7.68173],[-74.93193,-7.69568],[-74.9134,-7.71717],[-74.88993,-7.72657],[-74.86412,-7.73956],[-74.8511,-7.75391],[-74.83766,-7.76267],[-74.82592,-7.7746],[-74.80661,-7.78492],[-74.79003,-7.78515],[-74.78027,-7.7798],[-74.77667,-7.77296],[-74.77551,-7.76194],[-74.75701,-7.73782],[-74.7356,-7.72299],[-74.72835,-7.71368],[-74.72521,-7.68921],[-74.71813,-7.67322],[-74.71208,-7.66933],[-74.69506,-7.66745],[-74.6872,-7.6614],[-74.66213,-7.65543],[-74.66025,-7.64608],[-74.66167,-7.62326],[-74.66929,-7.60323],[-74.67323,-7.60238],[-74.6769,-7.58978],[-74.67544,-7.58373],[-74.68049,-7.57601],[-74.66261,-7.56352],[-74.64314,-7.56229],[-74.62753,-7.58602],[-74.6142,-7.59995],[-74.60758,-7.60991],[-74.5975,-7.61727],[-74.59103,-7.62858],[-74.57724,-7.63587],[-74.57082,-7.66849],[-74.57402,-7.67833],[-74.58346,-7.68507],[-74.58403,-7.69849],[-74.57165,-7.72689],[-74.56249,-7.73883],[-74.55789,-7.74848],[-74.55106,-7.74827],[-74.5432,-7.75562],[-74.52603,-7.75609],[-74.51955,-7.76098],[-74.51572,-7.77717],[-74.51711,-7.78357],[-74.54059,-7.7915],[-74.55712,-7.80884],[-74.56975,-7.81598],[-74.59669,-7.8614],[-74.60128,-7.87346],[-74.60436,-7.9008],[-74.62798,-7.93983],[-74.63388,-7.94187],[-74.6607,-7.94357],[-74.66844,-7.94564],[-74.69113,-7.96184],[-74.71128,-7.979],[-74.72794,-7.98101],[-74.76057,-8.01641],[-74.77126,-8.03606],[-74.7877,-8.04679],[-74.81931,-8.05748],[-74.84038,-8.05835],[-74.86588,-8.07693],[-74.8844,-8.0839],[-74.89644,-8.08127],[-74.90791,-8.0662],[-74.92902,-8.04121],[-74.93357,-8.03165],[-74.94645,-8.0211],[-74.9534,-8.01271],[-74.96314,-7.99415],[-74.98226,-7.96899],[-75.00553,-7.97015],[-75.01596,-7.96521],[-75.03335,-7.95005],[-75.07056,-7.96047],[-75.09222,-7.97368],[-75.1212,-7.9789],[-75.14249,-7.97864],[-75.14586,-7.98128],[-75.14616,-7.99451],[-75.14943,-8.00182],[-75.16768,-8.00522],[-75.17497,-8.01338],[-75.18434,-8.0166],[-75.18731,-8.02529],[-75.18632,-8.03568],[-75.19037,-8.04869],[-75.19567,-8.0544],[-75.189,-8.06905],[-75.18978,-8.07993],[-75.19599,-8.08596],[-75.20438,-8.08887],[-75.20509,-8.09819],[-75.21253,-8.1008],[-75.20954,-8.11624],[-75.21457,-8.12714],[-75.22717,-8.13216],[-75.23578,-8.1404],[-75.2347,-8.14985],[-75.24388,-8.15552],[-75.26049,-8.1476],[-75.26692,-8.13589],[-75.27951,-8.13181],[-75.2878,-8.12551],[-75.2978,-8.12632],[-75.31127,-8.13612],[-75.32895,-8.13828],[-75.33049,-8.13376],[-75.34378,-8.12922],[-75.36549,-8.13788],[-75.37615,-8.13878],[-75.38995,-8.15226],[-75.39118,-8.16253],[-75.40145,-8.16972],[-75.4153,-8.17054]]]}},{"type":"Feature","properties":{"ubigeo":"160604","nombre":"Pampa Hermosa"},"geometry":{"type":"Polygon","coordinates":[[[-75.62439,-6.91747],[-75.62625,-6.93472],[-75.6222,-6.94049],[-75.60401,-6.94505],[-75.59561,-6.94293],[-75.58871,-6.94882],[-75.58622,-6.9569],[-75.5778,-6.96215],[-75.569,-6.95907],[-75.56621,-6.96266],[-75.53927,-6.96101],[-75.53323,-6.96579],[-75.52469,-6.96507],[-75.51759,-6.97575],[-75.49131,-6.98897],[-75.47889,-6.98381],[-75.47707,-6.99053],[-75.47559,-7.00143],[-75.46801,-7.00987],[-75.46834,-7.01785],[-75.47389,-7.02473],[-75.48164,-7.02645],[-75.46929,-7.03868],[-75.46264,-7.05445],[-75.43627,-7.08458],[-75.42576,-7.09195],[-75.38181,-7.13323],[-75.3825,-7.13954],[-75.37292,-7.14881],[-75.36761,-7.1658],[-75.35039,-7.16452],[-75.31677,-7.15279],[-75.30811,-7.15892],[-75.29647,-7.15586],[-75.28113,-7.15531],[-75.26847,-7.15251],[-75.27165,-7.13928],[-75.26972,-7.13149],[-75.25749,-7.12175],[-75.24489,-7.12071],[-75.22054,-7.1034],[-75.2134,-7.09048],[-75.21306,-7.08092],[-75.21751,-7.06505],[-75.21636,-7.05816],[-75.20561,-7.04761],[-75.19347,-7.04877],[-75.17667,-7.06589],[-75.16459,-7.07531],[-75.15545,-7.0781],[-75.13298,-7.06714],[-75.123,-7.06028],[-75.11696,-7.05211],[-75.11116,-7.03621],[-75.10987,-7.02547],[-75.10289,-7.02602],[-75.08099,-7.02063],[-75.07202,-7.02636],[-75.07044,-7.03107],[-75.06095,-7.03797],[-75.05611,-7.05082],[-75.03367,-7.06582],[-75.03332,-7.07415],[-75.02718,-7.08345],[-75.0092,-7.08914],[-75.00396,-7.09392],[-75.00163,-7.10556],[-75.00787,-7.12183],[-75.00633,-7.12826],[-75.01541,-7.12983],[-75.02198,-7.13992],[-75.02991,-7.1411],[-75.0437,-7.14899],[-75.06554,-7.15643],[-75.10548,-7.1614],[-75.11974,-7.1804],[-75.13185,-7.19353],[-75.15164,-7.20525],[-75.16804,-7.21029],[-75.20885,-7.2198],[-75.22208,-7.22645],[-75.23323,-7.23597],[-75.24714,-7.24481],[-75.25716,-7.2642],[-75.26417,-7.27085],[-75.28028,-7.28095],[-75.29339,-7.29162],[-75.32066,-7.32248],[-75.34857,-7.35078],[-75.35161,-7.35716],[-75.3684,-7.35665],[-75.39142,-7.3789],[-75.39367,-7.38525],[-75.4016,-7.38797],[-75.40444,-7.3935],[-75.40184,-7.40713],[-75.41098,-7.41502],[-75.41234,-7.42519],[-75.42053,-7.4241],[-75.42711,-7.43018],[-75.42093,-7.44335],[-75.42653,-7.45325],[-75.44805,-7.45554],[-75.46745,-7.45095],[-75.47643,-7.44468],[-75.48567,-7.42874],[-75.48767,-7.41484],[-75.49963,-7.40539],[-75.52647,-7.39254],[-75.5376,-7.38958],[-75.55124,-7.39297],[-75.56666,-7.40216],[-75.57643,-7.41201],[-75.58523,-7.41535],[-75.60354,-7.42905],[-75.60903,-7.44176],[-75.62753,-7.44832],[-75.63012,-7.4586],[-75.64018,-7.47671],[-75.64735,-7.48525],[-75.65575,-7.48873],[-75.67121,-7.49111],[-75.67862,-7.49728],[-75.69029,-7.49858],[-75.6859,-7.51221],[-75.68972,-7.51803],[-75.68807,-7.52754],[-75.70063,-7.53899],[-75.70174,-7.55019],[-75.70674,-7.5555],[-75.71359,-7.55534],[-75.72292,-7.56104],[-75.72945,-7.57],[-75.73281,-7.58792],[-75.7292,-7.59678],[-75.73091,-7.60178],[-75.72614,-7.61325],[-75.72719,-7.63396],[-75.72453,-7.64077],[-75.72931,-7.65035],[-75.72798,-7.65599],[-75.73645,-7.66697],[-75.73523,-7.67218],[-75.73927,-7.68088],[-75.7387,-7.69157],[-75.7557,-7.7286],[-75.76039,-7.73177],[-75.76062,-7.73957],[-75.76681,-7.74411],[-75.77612,-7.76551],[-75.7739,-7.77215],[-75.78365,-7.78132],[-75.79247,-7.79524],[-75.78849,-7.80452],[-75.79431,-7.81075],[-75.79403,-7.81895],[-75.78832,-7.82519],[-75.7829,-7.82476],[-75.78481,-7.84222],[-75.79206,-7.86008],[-75.79321,-7.87572],[-75.80018,-7.88239],[-75.79932,-7.88879],[-75.80752,-7.89654],[-75.80962,-7.9094],[-75.81797,-7.92622],[-75.82395,-7.94858],[-75.82806,-7.95855],[-75.82949,-7.9735],[-75.8354,-7.96877],[-75.84045,-7.9467],[-75.84921,-7.93985],[-75.854,-7.92474],[-75.85939,-7.92117],[-75.88218,-7.93388],[-75.89476,-7.93373],[-75.90902,-7.94295],[-75.92043,-7.9475],[-75.92784,-7.95726],[-75.93946,-7.94612],[-75.95056,-7.94745],[-75.96698,-7.96036],[-75.98435,-7.95887],[-75.99285,-7.95428],[-75.99151,-7.94101],[-75.98543,-7.93756],[-75.98597,-7.91998],[-75.9756,-7.90962],[-75.97952,-7.90076],[-75.98979,-7.8918],[-76.00236,-7.89316],[-76.00751,-7.88491],[-76.00326,-7.87442],[-76.00992,-7.85431],[-76.02257,-7.84302],[-76.02162,-7.83806],[-76.0381,-7.815],[-76.03826,-7.80672],[-76.0438,-7.79234],[-76.06133,-7.78665],[-76.06328,-7.77514],[-76.06707,-7.76929],[-76.08196,-7.76485],[-76.08488,-7.76181],[-76.08667,-7.72923],[-76.10159,-7.72266],[-76.10271,-7.70427],[-76.09846,-7.69674],[-76.09846,-7.66614],[-76.10133,-7.65046],[-76.09768,-7.64224],[-76.08659,-7.63601],[-76.08185,-7.63022],[-76.08262,-7.62034],[-76.09387,-7.60973],[-76.08366,-7.60272],[-76.07989,-7.59116],[-76.08127,-7.58235],[-76.08742,-7.5803],[-76.0887,-7.56333],[-76.09666,-7.56019],[-76.11446,-7.5639],[-76.11753,-7.5521],[-76.11761,-7.53903],[-76.121,-7.52753],[-76.13207,-7.52207],[-76.14197,-7.50526],[-76.15429,-7.50194],[-76.16615,-7.49431],[-76.17935,-7.4716],[-76.18621,-7.46542],[-76.19142,-7.44869],[-76.2044,-7.43133],[-76.20389,-7.4274],[-76.21455,-7.40452],[-76.21469,-7.39911],[-76.21519,-7.39305],[-76.20989,-7.38355],[-76.20841,-7.37149],[-76.20393,-7.36272],[-76.19604,-7.33353],[-76.20983,-7.31754],[-76.21311,-7.31014],[-76.19539,-7.29506],[-76.18671,-7.28093],[-76.17711,-7.27678],[-76.16666,-7.2676],[-76.16486,-7.25894],[-76.15818,-7.24777],[-76.15479,-7.23188],[-76.15928,-7.23057],[-76.14571,-7.21793],[-76.14353,-7.20396],[-76.12849,-7.19521],[-76.1118,-7.18305],[-76.09838,-7.18403],[-76.07677,-7.17441],[-76.05994,-7.1613],[-76.04978,-7.13334],[-76.04659,-7.12143],[-76.04008,-7.11669],[-76.0233,-7.11431],[-76.02187,-7.10089],[-76.01747,-7.08863],[-76.01072,-7.07838],[-76.01399,-7.07226],[-76.01411,-7.05261],[-76.01113,-7.04801],[-76.01226,-7.03805],[-76.00578,-7.03023],[-76.00851,-7.01391],[-76.00811,-7.00222],[-76.01079,-6.99654],[-76.02254,-6.98978],[-76.02976,-6.99437],[-76.03564,-6.99315],[-76.03959,-6.98272],[-76.04009,-6.97342],[-76.04597,-6.96307],[-76.05146,-6.9443],[-76.05025,-6.93224],[-76.0464,-6.92493],[-76.01805,-6.91584],[-76.01464,-6.91146],[-76.01711,-6.90537],[-76.01053,-6.89361],[-76.01477,-6.88615],[-76.03569,-6.86269],[-76.03612,-6.84718],[-76.04886,-6.83033],[-76.0509,-6.81086],[-76.04137,-6.80803],[-76.03095,-6.80838],[-76.02583,-6.80528],[-76.01158,-6.80602],[-76.00994,-6.79986],[-75.99969,-6.79498],[-75.99533,-6.79844],[-75.98207,-6.79473],[-75.981,-6.79971],[-75.96365,-6.78842],[-75.94369,-6.79486],[-75.93761,-6.79138],[-75.92511,-6.79358],[-75.9138,-6.79116],[-75.91121,-6.79488],[-75.89065,-6.79503],[-75.87889,-6.80191],[-75.87334,-6.79842],[-75.85975,-6.80156],[-75.84388,-6.79726],[-75.83114,-6.80349],[-75.82631,-6.81081],[-75.81375,-6.81747],[-75.81397,-6.82548],[-75.79418,-6.8214],[-75.79148,-6.83405],[-75.78344,-6.83705],[-75.78279,-6.84392],[-75.76843,-6.85382],[-75.76268,-6.85104],[-75.74606,-6.85655],[-75.73973,-6.85078],[-75.7221,-6.85161],[-75.71646,-6.85771],[-75.70702,-6.86026],[-75.70545,-6.86514],[-75.6977,-6.8686],[-75.68999,-6.86127],[-75.68706,-6.84669],[-75.67292,-6.8444],[-75.67302,-6.8373],[-75.6681,-6.82642],[-75.65967,-6.81933],[-75.64775,-6.81922],[-75.64217,-6.81596],[-75.64068,-6.83484],[-75.63344,-6.84306],[-75.63841,-6.84876],[-75.62933,-6.88022],[-75.6294,-6.90229],[-75.62522,-6.90321],[-75.62439,-6.91747]]]}},{"type":"Feature","properties":{"ubigeo":"160605","nombre":"Sarayacu"},"geometry":{"type":"Polygon","coordinates":[[[-75.62439,-6.91747],[-75.62522,-6.90321],[-75.6294,-6.90229],[-75.62933,-6.88022],[-75.63841,-6.84876],[-75.63344,-6.84306],[-75.62069,-6.83942],[-75.61689,-6.84119],[-75.59257,-6.83032],[-75.58436,-6.82047],[-75.57434,-6.81868],[-75.57417,-6.80883],[-75.56184,-6.80161],[-75.54404,-6.79964],[-75.53547,-6.7938],[-75.52667,-6.79305],[-75.5118,-6.78557],[-75.50697,-6.77386],[-75.50123,-6.76705],[-75.50038,-6.75729],[-75.505,-6.72533],[-75.50621,-6.69705],[-75.50498,-6.68153],[-75.50213,-6.67411],[-75.50023,-6.64032],[-75.50756,-6.60278],[-75.5093,-6.58298],[-75.50479,-6.56858],[-75.50298,-6.55223],[-75.5083,-6.53347],[-75.50888,-6.52525],[-75.51076,-6.5073],[-75.5096,-6.49214],[-75.51504,-6.48377],[-75.5233,-6.47708],[-75.52014,-6.46482],[-75.52569,-6.45764],[-75.53056,-6.43888],[-75.53764,-6.43714],[-75.53399,-6.41545],[-75.5401,-6.41467],[-75.54342,-6.40687],[-75.53645,-6.39154],[-75.54349,-6.37768],[-75.54333,-6.36241],[-75.55009,-6.34771],[-75.53466,-6.32226],[-75.50936,-6.30029],[-75.49634,-6.28103],[-75.49031,-6.26704],[-75.48676,-6.24473],[-75.48719,-6.20342],[-75.49013,-6.19414],[-75.49825,-6.18584],[-75.52555,-6.16513],[-75.52796,-6.15804],[-75.52937,-6.12216],[-75.49461,-6.11353],[-75.46967,-6.10942],[-75.43858,-6.09833],[-75.42365,-6.09176],[-75.39673,-6.08225],[-75.38931,-6.08205],[-75.36372,-6.08827],[-75.32884,-6.09931],[-75.31346,-6.0991],[-75.27367,-6.09003],[-75.24921,-6.08267],[-75.23525,-6.07445],[-75.2188,-6.07042],[-75.20139,-6.07356],[-75.18984,-6.07375],[-75.17944,-6.07001],[-75.15926,-6.05412],[-75.14693,-6.03927],[-75.13831,-6.03453],[-75.10515,-6.02225],[-75.08128,-6.01509],[-75.06341,-6.013],[-75.04114,-6.00448],[-75.03366,-5.99706],[-75.01501,-5.97383],[-75.00058,-5.95893],[-74.98889,-5.93678],[-74.96169,-5.90149],[-74.91527,-5.87406],[-74.90125,-5.86826],[-74.8867,-5.86603],[-74.86948,-5.87798],[-74.85023,-5.8883],[-74.84303,-5.8973],[-74.83798,-5.91724],[-74.83301,-5.92083],[-74.81405,-5.92066],[-74.80817,-5.92936],[-74.8147,-5.94437],[-74.82616,-5.95036],[-74.82923,-5.95801],[-74.81029,-5.96928],[-74.8045,-5.97807],[-74.8011,-5.99823],[-74.79175,-6.01042],[-74.7767,-6.01506],[-74.76859,-6.0122],[-74.76083,-5.99933],[-74.76382,-5.98519],[-74.77696,-5.96974],[-74.78457,-5.95162],[-74.78351,-5.93262],[-74.77525,-5.92448],[-74.76131,-5.92606],[-74.74932,-5.93621],[-74.7314,-5.94744],[-74.71866,-5.94991],[-74.69655,-5.9503],[-74.68901,-5.96045],[-74.6936,-6.0038],[-74.69888,-6.0132],[-74.69827,-6.02756],[-74.69238,-6.03149],[-74.69619,-6.03566],[-74.70555,-6.03057],[-74.71542,-6.0476],[-74.72212,-6.05304],[-74.72439,-6.07457],[-74.73887,-6.087],[-74.77015,-6.10145],[-74.77571,-6.10514],[-74.78459,-6.11832],[-74.78726,-6.12611],[-74.78718,-6.13772],[-74.78993,-6.15528],[-74.79337,-6.16154],[-74.80736,-6.17579],[-74.82514,-6.19017],[-74.8447,-6.20339],[-74.86736,-6.2224],[-74.87049,-6.23026],[-74.86541,-6.2502],[-74.86506,-6.27286],[-74.88862,-6.31935],[-74.89647,-6.35388],[-74.89539,-6.37681],[-74.89722,-6.40032],[-74.90585,-6.42633],[-74.92205,-6.44893],[-74.95168,-6.48245],[-74.96423,-6.50092],[-74.9712,-6.51643],[-74.97357,-6.52797],[-74.97551,-6.55493],[-74.97379,-6.58073],[-74.96656,-6.63193],[-74.95823,-6.66907],[-74.95603,-6.68549],[-74.94509,-6.69948],[-74.92827,-6.70714],[-74.91706,-6.71705],[-74.91196,-6.72729],[-74.90145,-6.73278],[-74.91013,-6.73513],[-74.96619,-6.77104],[-74.97539,-6.76443],[-74.97778,-6.74807],[-74.98282,-6.73127],[-74.98793,-6.7247],[-75.00118,-6.71964],[-75.02436,-6.72783],[-75.0378,-6.73565],[-75.0451,-6.74554],[-75.04145,-6.75857],[-75.05163,-6.7664],[-75.06515,-6.77266],[-75.08946,-6.76914],[-75.10054,-6.76447],[-75.16053,-6.77275],[-75.18145,-6.77779],[-75.20589,-6.78687],[-75.23008,-6.81018],[-75.24028,-6.81423],[-75.26587,-6.80992],[-75.2738,-6.81384],[-75.28148,-6.83088],[-75.2872,-6.83847],[-75.29393,-6.84137],[-75.30654,-6.83826],[-75.32373,-6.83055],[-75.33348,-6.83309],[-75.34226,-6.84062],[-75.34945,-6.85452],[-75.3687,-6.87123],[-75.38776,-6.86711],[-75.39848,-6.8528],[-75.40865,-6.86065],[-75.41648,-6.85917],[-75.42106,-6.8687],[-75.41848,-6.87519],[-75.43924,-6.87383],[-75.44564,-6.88087],[-75.46434,-6.87851],[-75.48723,-6.88035],[-75.50353,-6.87872],[-75.5116,-6.8822],[-75.51617,-6.89295],[-75.51483,-6.89966],[-75.52259,-6.90301],[-75.51986,-6.90868],[-75.523,-6.9141],[-75.53382,-6.91368],[-75.53706,-6.9181],[-75.55046,-6.92129],[-75.55702,-6.91779],[-75.56514,-6.92756],[-75.58085,-6.92364],[-75.58831,-6.91719],[-75.59863,-6.91544],[-75.62439,-6.91747]]]}},{"type":"Feature","properties":{"ubigeo":"160606","nombre":"Vargas Guerra"},"geometry":{"type":"Polygon","coordinates":[[[-74.88129,-7.23418],[-74.88744,-7.22758],[-74.9124,-7.21308],[-74.92471,-7.1977],[-74.92913,-7.18745],[-74.92633,-7.17724],[-74.91936,-7.17151],[-74.91767,-7.15952],[-74.92446,-7.15284],[-74.93383,-7.15153],[-74.94751,-7.13927],[-74.95895,-7.14417],[-74.96152,-7.14888],[-74.97421,-7.15912],[-74.98627,-7.15726],[-74.9865,-7.16276],[-74.9942,-7.16543],[-75.01503,-7.15018],[-75.02198,-7.13992],[-75.01541,-7.12983],[-75.00633,-7.12826],[-75.00787,-7.12183],[-75.00163,-7.10556],[-75.00396,-7.09392],[-75.0092,-7.08914],[-75.02718,-7.08345],[-75.03332,-7.07415],[-75.03367,-7.06582],[-75.05611,-7.05082],[-75.06095,-7.03797],[-75.07044,-7.03107],[-75.07202,-7.02636],[-75.08099,-7.02063],[-75.10289,-7.02602],[-75.10987,-7.02547],[-75.11244,-6.99322],[-75.11776,-6.97495],[-75.12489,-6.96787],[-75.13597,-6.96444],[-75.14768,-6.96684],[-75.17229,-6.96671],[-75.17892,-6.96945],[-75.1934,-6.98105],[-75.21061,-6.97145],[-75.21062,-6.9613],[-75.22199,-6.95933],[-75.23275,-6.95082],[-75.24022,-6.93709],[-75.24945,-6.93523],[-75.25546,-6.94454],[-75.26176,-6.94658],[-75.27861,-6.94652],[-75.28559,-6.94969],[-75.30382,-6.96516],[-75.31139,-6.96496],[-75.32667,-6.96963],[-75.33923,-6.96358],[-75.34044,-6.95426],[-75.34658,-6.94617],[-75.35194,-6.94583],[-75.36074,-6.9524],[-75.3708,-6.95606],[-75.37632,-6.96485],[-75.38766,-6.96813],[-75.39362,-6.9752],[-75.41262,-6.97732],[-75.42493,-6.97357],[-75.44603,-6.97004],[-75.45552,-6.98293],[-75.47356,-6.98748],[-75.47707,-6.99053],[-75.47889,-6.98381],[-75.49131,-6.98897],[-75.51759,-6.97575],[-75.52469,-6.96507],[-75.53323,-6.96579],[-75.53927,-6.96101],[-75.56621,-6.96266],[-75.569,-6.95907],[-75.5778,-6.96215],[-75.58622,-6.9569],[-75.58871,-6.94882],[-75.59561,-6.94293],[-75.60401,-6.94505],[-75.6222,-6.94049],[-75.62625,-6.93472],[-75.62439,-6.91747],[-75.59863,-6.91544],[-75.58831,-6.91719],[-75.58085,-6.92364],[-75.56514,-6.92756],[-75.55702,-6.91779],[-75.55046,-6.92129],[-75.53706,-6.9181],[-75.53382,-6.91368],[-75.523,-6.9141],[-75.51986,-6.90868],[-75.52259,-6.90301],[-75.51483,-6.89966],[-75.51617,-6.89295],[-75.5116,-6.8822],[-75.50353,-6.87872],[-75.48723,-6.88035],[-75.46434,-6.87851],[-75.44564,-6.88087],[-75.43924,-6.87383],[-75.41848,-6.87519],[-75.42106,-6.8687],[-75.41648,-6.85917],[-75.40865,-6.86065],[-75.39848,-6.8528],[-75.38776,-6.86711],[-75.3687,-6.87123],[-75.34945,-6.85452],[-75.34226,-6.84062],[-75.33348,-6.83309],[-75.32373,-6.83055],[-75.30654,-6.83826],[-75.29393,-6.84137],[-75.2872,-6.83847],[-75.28148,-6.83088],[-75.2738,-6.81384],[-75.26587,-6.80992],[-75.24028,-6.81423],[-75.23008,-6.81018],[-75.20589,-6.78687],[-75.18145,-6.77779],[-75.16053,-6.77275],[-75.10054,-6.76447],[-75.08946,-6.76914],[-75.06515,-6.77266],[-75.05163,-6.7664],[-75.04145,-6.75857],[-75.0451,-6.74554],[-75.0378,-6.73565],[-75.02436,-6.72783],[-75.00118,-6.71964],[-74.98793,-6.7247],[-74.98282,-6.73127],[-74.97778,-6.74807],[-74.97539,-6.76443],[-74.96619,-6.77104],[-74.91013,-6.73513],[-74.90145,-6.73278],[-74.89647,-6.74788],[-74.89565,-6.75947],[-74.89817,-6.79656],[-74.8954,-6.8332],[-74.88958,-6.85255],[-74.88181,-6.86574],[-74.86981,-6.87453],[-74.85891,-6.88992],[-74.85097,-6.91452],[-74.81854,-6.94701],[-74.79923,-6.97683],[-74.79868,-6.98326],[-74.81405,-7.00131],[-74.81702,-7.01673],[-74.82194,-7.03008],[-74.82879,-7.0341],[-74.83281,-7.04383],[-74.83661,-7.07167],[-74.84671,-7.08046],[-74.86105,-7.10353],[-74.87327,-7.11313],[-74.87521,-7.12505],[-74.85835,-7.13384],[-74.85392,-7.14084],[-74.85236,-7.15814],[-74.86076,-7.18451],[-74.8763,-7.20552],[-74.87626,-7.23167],[-74.88129,-7.23418]]]}},{"type":"Feature","properties":{"ubigeo":"160701","nombre":"Barranca"},"geometry":{"type":"Polygon","coordinates":[[[-75.91943,-5.08446],[-75.93525,-5.08084],[-75.95472,-5.07968],[-75.9672,-5.08166],[-75.98824,-5.09132],[-76.00223,-5.10106],[-76.03204,-5.09951],[-76.0639,-5.08764],[-76.07736,-5.08049],[-76.11761,-5.05378],[-76.14796,-5.03277],[-76.16939,-5.02159],[-76.18336,-5.01706],[-76.19832,-5.01667],[-76.23519,-5.01894],[-76.31634,-5.02683],[-76.33754,-5.03233],[-76.36446,-5.0317],[-76.37783,-5.03512],[-76.39464,-5.04293],[-76.40745,-5.05133],[-76.4212,-5.05245],[-76.42882,-5.04631],[-76.42612,-5.03521],[-76.42819,-5.02066],[-76.43352,-5.01184],[-76.44438,-5.00397],[-76.45404,-4.9866],[-76.46726,-4.97275],[-76.4957,-4.96342],[-76.52881,-4.95127],[-76.54101,-4.94847],[-76.55744,-4.95084],[-76.57402,-4.94344],[-76.58602,-4.92527],[-76.58096,-4.87972],[-76.5844,-4.86903],[-76.5927,-4.86685],[-76.59745,-4.8604],[-76.60836,-4.85695],[-76.62486,-4.84774],[-76.64256,-4.8553],[-76.6549,-4.86603],[-76.66517,-4.8702],[-76.69049,-4.87155],[-76.71441,-4.86384],[-76.72719,-4.86225],[-76.75731,-4.88193],[-76.78582,-4.88809],[-76.78393,-4.92053],[-76.79033,-4.92851],[-76.81542,-4.93171],[-76.84035,-4.95563],[-76.85092,-4.96387],[-76.86205,-4.96738],[-76.87731,-4.95737],[-76.89392,-4.94079],[-76.92871,-4.91381],[-76.93597,-4.91133],[-76.96838,-4.92436],[-76.97105,-4.93151],[-76.96156,-4.94553],[-76.9632,-4.9546],[-76.98612,-4.96886],[-76.98964,-4.97244],[-76.99329,-4.99188],[-76.99888,-5.0003],[-77.0274,-5.01251],[-77.03908,-5.0131],[-77.05264,-5.00945],[-77.11648,-5.02869],[-77.15921,-5.05268],[-77.16751,-5.06253],[-77.18332,-5.07498],[-77.18984,-5.08417],[-77.19909,-5.106],[-77.19849,-5.12245],[-77.18944,-5.14179],[-77.18698,-5.15297],[-77.18873,-5.16441],[-77.17771,-5.18081],[-77.19345,-5.18922],[-77.20128,-5.20443],[-77.20455,-5.21636],[-77.20999,-5.22037],[-77.23426,-5.22285],[-77.23948,-5.23562],[-77.24575,-5.23678],[-77.24459,-5.24886],[-77.25063,-5.25489],[-77.25771,-5.2679],[-77.26456,-5.27451],[-77.26827,-5.28463],[-77.24603,-5.29372],[-77.22728,-5.30711],[-77.20065,-5.31767],[-77.18399,-5.32942],[-77.16554,-5.33969],[-77.15215,-5.34965],[-77.14144,-5.35189],[-77.12047,-5.36185],[-77.10916,-5.362],[-77.10247,-5.37063],[-77.08039,-5.3846],[-77.07317,-5.38448],[-77.04619,-5.39591],[-77.04705,-5.40407],[-77.05965,-5.42239],[-77.08684,-5.443],[-77.10771,-5.46229],[-77.11763,-5.4576],[-77.13052,-5.46436],[-77.13575,-5.47536],[-77.14279,-5.48014],[-77.14712,-5.49186],[-77.1427,-5.50084],[-77.14669,-5.50914],[-77.1417,-5.50956],[-77.13566,-5.51804],[-77.11801,-5.52789],[-77.11249,-5.53697],[-77.08764,-5.55977],[-77.08507,-5.56568],[-77.08785,-5.57293],[-77.07389,-5.57471],[-77.07166,-5.58361],[-77.07596,-5.59321],[-77.06675,-5.59621],[-77.05925,-5.60412],[-77.05895,-5.61742],[-77.05515,-5.62232],[-77.05355,-5.63273],[-77.04634,-5.63793],[-77.03254,-5.65464],[-77.03334,-5.66304],[-77.04204,-5.66494],[-77.04574,-5.66194],[-77.05605,-5.66254],[-77.05895,-5.66694],[-77.07509,-5.66349],[-77.0918,-5.65423],[-77.10223,-5.65582],[-77.10995,-5.64795],[-77.12691,-5.65099],[-77.13713,-5.64403],[-77.13615,-5.63968],[-77.14235,-5.62544],[-77.16193,-5.62457],[-77.17867,-5.64142],[-77.19161,-5.63338],[-77.20216,-5.63446],[-77.20752,-5.62238],[-77.22197,-5.61328],[-77.22874,-5.60488],[-77.23194,-5.59546],[-77.24082,-5.60242],[-77.24957,-5.59941],[-77.2544,-5.60776],[-77.2624,-5.6134],[-77.2728,-5.61252],[-77.27676,-5.60245],[-77.28729,-5.60429],[-77.30759,-5.60426],[-77.31857,-5.60092],[-77.33832,-5.60347],[-77.34496,-5.58898],[-77.36866,-5.5766],[-77.37182,-5.56711],[-77.38369,-5.5705],[-77.39659,-5.57124],[-77.40465,-5.57479],[-77.40873,-5.58916],[-77.42155,-5.5893],[-77.43201,-5.58314],[-77.43626,-5.59226],[-77.44414,-5.58629],[-77.46194,-5.58414],[-77.46204,-5.56837],[-77.46587,-5.56114],[-77.47479,-5.55511],[-77.49053,-5.5624],[-77.50349,-5.55617],[-77.50807,-5.55148],[-77.50388,-5.54017],[-77.49177,-5.52934],[-77.49227,-5.5197],[-77.49977,-5.51634],[-77.49951,-5.50955],[-77.51347,-5.47984],[-77.5174,-5.46675],[-77.52797,-5.45948],[-77.53187,-5.45108],[-77.53735,-5.45063],[-77.54506,-5.43793],[-77.55065,-5.43625],[-77.55812,-5.42558],[-77.57014,-5.43827],[-77.57736,-5.45653],[-77.58167,-5.46118],[-77.59481,-5.46422],[-77.60273,-5.45898],[-77.60697,-5.44858],[-77.62806,-5.4394],[-77.63913,-5.4303],[-77.65754,-5.42642],[-77.66301,-5.42188],[-77.67036,-5.40964],[-77.67663,-5.40901],[-77.68953,-5.41279],[-77.69596,-5.41105],[-77.70279,-5.38069],[-77.69623,-5.37344],[-77.68805,-5.34635],[-77.68207,-5.3384],[-77.6862,-5.30247],[-77.68415,-5.29588],[-77.69275,-5.28359],[-77.69308,-5.26769],[-77.69909,-5.25398],[-77.70983,-5.23974],[-77.72302,-5.23457],[-77.73221,-5.22589],[-77.73956,-5.2126],[-77.72754,-5.2009],[-77.71364,-5.19627],[-77.70824,-5.19091],[-77.70343,-5.17478],[-77.69508,-5.1671],[-77.70671,-5.15645],[-77.70832,-5.15082],[-77.69621,-5.14791],[-77.69018,-5.13445],[-77.6745,-5.1211],[-77.67725,-5.10955],[-77.67312,-5.10716],[-77.67597,-5.08882],[-77.66918,-5.07748],[-77.65983,-5.07347],[-77.64394,-5.0879],[-77.63728,-5.08028],[-77.62758,-5.0807],[-77.62073,-5.07236],[-77.5951,-5.05032],[-77.58117,-5.04131],[-77.57177,-5.0286],[-77.56824,-5.02017],[-77.56275,-5.02021],[-77.54248,-5.02693],[-77.52563,-5.02062],[-77.51412,-5.01149],[-77.51854,-4.9969],[-77.50735,-4.99016],[-77.50479,-4.98098],[-77.50778,-4.96919],[-77.50564,-4.96305],[-77.49547,-4.95609],[-77.49472,-4.94226],[-77.48817,-4.93859],[-77.4847,-4.92965],[-77.47221,-4.93686],[-77.44324,-4.91993],[-77.42885,-4.90549],[-77.40415,-4.87416],[-77.39402,-4.86932],[-77.38899,-4.87296],[-77.38635,-4.89736],[-77.38599,-4.92347],[-77.38457,-4.93306],[-77.37272,-4.95067],[-77.36357,-4.95561],[-77.35142,-4.95182],[-77.34743,-4.94709],[-77.33869,-4.92681],[-77.33215,-4.90625],[-77.32611,-4.89454],[-77.31315,-4.87766],[-77.30376,-4.87279],[-77.29118,-4.87071],[-77.27046,-4.87042],[-77.25329,-4.8608],[-77.18787,-4.83956],[-77.18226,-4.83432],[-77.17699,-4.84857],[-77.16825,-4.85366],[-77.14439,-4.85381],[-77.12402,-4.84944],[-77.06083,-4.82454],[-77.04618,-4.80824],[-77.03619,-4.80319],[-77.02735,-4.80468],[-77.01585,-4.81514],[-76.9877,-4.82152],[-76.96666,-4.83187],[-76.95236,-4.83557],[-76.93629,-4.83205],[-76.92995,-4.82516],[-76.92898,-4.80303],[-76.93646,-4.79586],[-76.9565,-4.78279],[-76.97932,-4.77174],[-77.00903,-4.74816],[-77.01951,-4.73207],[-77.03956,-4.70782],[-77.05094,-4.68456],[-77.05697,-4.66812],[-77.06009,-4.65246],[-77.06418,-4.61627],[-77.06844,-4.59032],[-77.08004,-4.55973],[-77.09039,-4.54006],[-77.10877,-4.5151],[-77.11626,-4.50058],[-77.1403,-4.47268],[-77.14078,-4.46866],[-77.12971,-4.45375],[-77.12548,-4.44342],[-77.12573,-4.42648],[-77.12817,-4.4171],[-77.13918,-4.38999],[-77.14241,-4.36222],[-77.14057,-4.35017],[-77.13145,-4.33483],[-77.10667,-4.30295],[-77.09043,-4.28846],[-77.06796,-4.26245],[-77.01103,-4.29273],[-76.99453,-4.29316],[-76.97343,-4.31242],[-76.96113,-4.35657],[-76.94313,-4.37576],[-76.92977,-4.40853],[-76.92531,-4.44209],[-76.89893,-4.46506],[-76.85934,-4.4722],[-76.83595,-4.47982],[-76.82724,-4.48522],[-76.81409,-4.50697],[-76.78454,-4.53008],[-76.76171,-4.55475],[-76.75014,-4.60736],[-76.72434,-4.63637],[-76.68131,-4.66682],[-76.66028,-4.67378],[-76.65013,-4.68168],[-76.623,-4.73198],[-76.59558,-4.74396],[-76.57975,-4.74963],[-76.54157,-4.79679],[-76.49235,-4.84344],[-76.4636,-4.85047],[-76.44813,-4.8711],[-76.42518,-4.88796],[-76.4072,-4.90792],[-76.40457,-4.92457],[-76.40908,-4.93976],[-76.40954,-4.96175],[-76.40463,-4.96694],[-76.37149,-4.96858],[-76.35814,-4.97687],[-76.35183,-4.99094],[-76.34883,-5.00333],[-76.34223,-5.00725],[-76.33041,-5.00607],[-76.31113,-4.99164],[-76.30569,-4.97932],[-76.30737,-4.96567],[-76.30599,-4.95309],[-76.30034,-4.94735],[-76.28245,-4.94071],[-76.26785,-4.9257],[-76.26349,-4.91576],[-76.25573,-4.9148],[-76.24391,-4.92619],[-76.23076,-4.93607],[-76.21928,-4.93795],[-76.21266,-4.94551],[-76.19876,-4.94833],[-76.16306,-4.93449],[-76.14684,-4.93177],[-76.14326,-4.93574],[-76.15413,-4.9593],[-76.14964,-4.97823],[-76.14078,-4.99135],[-76.12982,-5.00279],[-76.11934,-5.00833],[-76.09566,-5.01089],[-76.08537,-5.01343],[-76.06056,-5.02828],[-76.02927,-5.04139],[-76.00944,-5.05621],[-76.00002,-5.05846],[-75.98616,-5.0496],[-75.96843,-5.03167],[-75.95602,-5.02439],[-75.94507,-5.02212],[-75.91921,-5.02139],[-75.91943,-5.08446]]]}},{"type":"Feature","properties":{"ubigeo":"160702","nombre":"Cahuapanas"},"geometry":{"type":"Polygon","coordinates":[[[-76.64145,-5.44802],[-76.63929,-5.46107],[-76.64526,-5.46387],[-76.65688,-5.45701],[-76.66145,-5.45892],[-76.68575,-5.48059],[-76.6909,-5.4868],[-76.70285,-5.49203],[-76.71679,-5.48217],[-76.73248,-5.45878],[-76.73546,-5.45065],[-76.74546,-5.44512],[-76.75206,-5.45412],[-76.75736,-5.45589],[-76.76207,-5.45044],[-76.75542,-5.44541],[-76.75587,-5.43625],[-76.7711,-5.44257],[-76.77508,-5.44921],[-76.79995,-5.47596],[-76.82657,-5.49304],[-76.83221,-5.49851],[-76.83488,-5.51262],[-76.84531,-5.51594],[-76.85082,-5.53211],[-76.84808,-5.54345],[-76.83984,-5.55572],[-76.83495,-5.56773],[-76.81247,-5.59099],[-76.81153,-5.59741],[-76.81661,-5.60192],[-76.83562,-5.60319],[-76.84445,-5.60896],[-76.84609,-5.61638],[-76.83998,-5.62092],[-76.84545,-5.63879],[-76.81955,-5.63612],[-76.81426,-5.64173],[-76.81622,-5.64936],[-76.81357,-5.65618],[-76.8231,-5.66079],[-76.82577,-5.67284],[-76.82243,-5.67951],[-76.8126,-5.683],[-76.81033,-5.68851],[-76.82153,-5.69549],[-76.82948,-5.69579],[-76.83928,-5.69052],[-76.84741,-5.68942],[-76.85415,-5.69402],[-76.86278,-5.69474],[-76.86951,-5.70356],[-76.86649,-5.72553],[-76.88999,-5.7363],[-76.89454,-5.74623],[-76.89541,-5.74081],[-76.90705,-5.73563],[-76.91614,-5.72808],[-76.91973,-5.72083],[-76.93443,-5.71149],[-76.96135,-5.70608],[-76.97538,-5.69691],[-76.9869,-5.68621],[-76.99383,-5.67572],[-76.99561,-5.66712],[-77.00329,-5.66566],[-77.01393,-5.67075],[-77.02193,-5.66574],[-77.03334,-5.66304],[-77.03254,-5.65464],[-77.04634,-5.63793],[-77.05355,-5.63273],[-77.05515,-5.62232],[-77.05895,-5.61742],[-77.05925,-5.60412],[-77.06675,-5.59621],[-77.07596,-5.59321],[-77.07166,-5.58361],[-77.07389,-5.57471],[-77.08785,-5.57293],[-77.08507,-5.56568],[-77.08764,-5.55977],[-77.11249,-5.53697],[-77.11801,-5.52789],[-77.13566,-5.51804],[-77.1417,-5.50956],[-77.14669,-5.50914],[-77.1427,-5.50084],[-77.14712,-5.49186],[-77.14279,-5.48014],[-77.13575,-5.47536],[-77.13052,-5.46436],[-77.11763,-5.4576],[-77.10771,-5.46229],[-77.08684,-5.443],[-77.05965,-5.42239],[-77.04705,-5.40407],[-77.04619,-5.39591],[-77.07317,-5.38448],[-77.08039,-5.3846],[-77.10247,-5.37063],[-77.10916,-5.362],[-77.12047,-5.36185],[-77.14144,-5.35189],[-77.15215,-5.34965],[-77.16554,-5.33969],[-77.18399,-5.32942],[-77.20065,-5.31767],[-77.22728,-5.30711],[-77.24603,-5.29372],[-77.26827,-5.28463],[-77.26456,-5.27451],[-77.25771,-5.2679],[-77.25063,-5.25489],[-77.24459,-5.24886],[-77.24575,-5.23678],[-77.23948,-5.23562],[-77.23426,-5.22285],[-77.20999,-5.22037],[-77.20455,-5.21636],[-77.20128,-5.20443],[-77.19345,-5.18922],[-77.17771,-5.18081],[-77.18873,-5.16441],[-77.18698,-5.15297],[-77.18944,-5.14179],[-77.19849,-5.12245],[-77.19909,-5.106],[-77.18984,-5.08417],[-77.18332,-5.07498],[-77.16751,-5.06253],[-77.15921,-5.05268],[-77.11648,-5.02869],[-77.05264,-5.00945],[-77.03908,-5.0131],[-77.0274,-5.01251],[-76.99888,-5.0003],[-76.99329,-4.99188],[-76.98964,-4.97244],[-76.98612,-4.96886],[-76.9632,-4.9546],[-76.96156,-4.94553],[-76.97105,-4.93151],[-76.96838,-4.92436],[-76.93597,-4.91133],[-76.92871,-4.91381],[-76.89392,-4.94079],[-76.87731,-4.95737],[-76.86205,-4.96738],[-76.85092,-4.96387],[-76.84035,-4.95563],[-76.81542,-4.93171],[-76.79033,-4.92851],[-76.78393,-4.92053],[-76.78582,-4.88809],[-76.75731,-4.88193],[-76.72719,-4.86225],[-76.71441,-4.86384],[-76.69049,-4.87155],[-76.66517,-4.8702],[-76.6549,-4.86603],[-76.64256,-4.8553],[-76.62486,-4.84774],[-76.60836,-4.85695],[-76.59745,-4.8604],[-76.5927,-4.86685],[-76.5844,-4.86903],[-76.58096,-4.87972],[-76.58602,-4.92527],[-76.57402,-4.94344],[-76.55744,-4.95084],[-76.54101,-4.94847],[-76.52881,-4.95127],[-76.4957,-4.96342],[-76.46726,-4.97275],[-76.45404,-4.9866],[-76.45711,-4.99831],[-76.45443,-5.01333],[-76.44824,-5.02062],[-76.44798,-5.03821],[-76.44576,-5.06125],[-76.44925,-5.06655],[-76.45985,-5.07138],[-76.46349,-5.07804],[-76.4806,-5.08907],[-76.49507,-5.10752],[-76.49585,-5.11889],[-76.49904,-5.12328],[-76.51372,-5.13264],[-76.50591,-5.15191],[-76.50656,-5.17102],[-76.52502,-5.17825],[-76.52837,-5.18643],[-76.51904,-5.20419],[-76.50945,-5.22867],[-76.5107,-5.23716],[-76.52228,-5.24009],[-76.54063,-5.23575],[-76.5572,-5.23572],[-76.56602,-5.23308],[-76.57994,-5.21507],[-76.58749,-5.21325],[-76.5939,-5.22169],[-76.60583,-5.22894],[-76.60436,-5.24829],[-76.59666,-5.2502],[-76.5933,-5.25605],[-76.59312,-5.27224],[-76.58252,-5.27931],[-76.58262,-5.2979],[-76.58754,-5.31434],[-76.5799,-5.32027],[-76.57592,-5.33613],[-76.58852,-5.34389],[-76.6015,-5.33462],[-76.60747,-5.3378],[-76.61785,-5.36023],[-76.6254,-5.36742],[-76.63326,-5.40762],[-76.63459,-5.41966],[-76.62716,-5.43374],[-76.62978,-5.44358],[-76.64145,-5.44802]]]}},{"type":"Feature","properties":{"ubigeo":"160703","nombre":"Manseriche"},"geometry":{"type":"Polygon","coordinates":[[[-77.70832,-5.15082],[-77.72086,-5.14045],[-77.73977,-5.13662],[-77.74529,-5.13302],[-77.76757,-5.11159],[-77.76871,-5.10329],[-77.77429,-5.09718],[-77.791,-5.09522],[-77.80202,-5.0862],[-77.80748,-5.0917],[-77.81766,-5.09123],[-77.82228,-5.08179],[-77.81788,-5.06379],[-77.81193,-5.05471],[-77.81603,-5.03829],[-77.82484,-5.03754],[-77.82462,-5.03178],[-77.80834,-5.01549],[-77.78627,-4.98805],[-77.77154,-4.96419],[-77.76818,-4.95593],[-77.75929,-4.95178],[-77.76345,-4.93071],[-77.76693,-4.92122],[-77.76015,-4.90935],[-77.77379,-4.89167],[-77.7748,-4.87822],[-77.79357,-4.84996],[-77.79529,-4.83923],[-77.79175,-4.83377],[-77.79897,-4.82221],[-77.79582,-4.81858],[-77.7954,-4.79304],[-77.78927,-4.78511],[-77.78985,-4.77547],[-77.79462,-4.76301],[-77.79049,-4.74667],[-77.78305,-4.73289],[-77.77522,-4.72832],[-77.77188,-4.71756],[-77.75596,-4.70246],[-77.73139,-4.68844],[-77.72856,-4.68159],[-77.71597,-4.66509],[-77.70534,-4.65972],[-77.69451,-4.65867],[-77.6865,-4.64635],[-77.67195,-4.62947],[-77.66616,-4.61568],[-77.66294,-4.59362],[-77.65925,-4.58138],[-77.65312,-4.57599],[-77.65965,-4.55797],[-77.64902,-4.54642],[-77.65465,-4.53108],[-77.65546,-4.51854],[-77.64135,-4.51006],[-77.64063,-4.49652],[-77.61752,-4.49588],[-77.60789,-4.49224],[-77.60455,-4.48581],[-77.59105,-4.48265],[-77.58594,-4.47501],[-77.581,-4.45954],[-77.57349,-4.43044],[-77.56828,-4.42092],[-77.56488,-4.39355],[-77.56816,-4.38841],[-77.56539,-4.37246],[-77.57156,-4.32881],[-77.57901,-4.30116],[-77.58068,-4.29009],[-77.57956,-4.27618],[-77.58238,-4.27009],[-77.58555,-4.25133],[-77.5806,-4.24071],[-77.57698,-4.21826],[-77.57112,-4.19516],[-77.5533,-4.20468],[-77.52998,-4.19925],[-77.51957,-4.20329],[-77.51729,-4.21143],[-77.52078,-4.22265],[-77.51538,-4.23146],[-77.50191,-4.23949],[-77.48775,-4.2429],[-77.48492,-4.25002],[-77.47863,-4.25216],[-77.46571,-4.27047],[-77.45779,-4.27665],[-77.44628,-4.28114],[-77.44267,-4.29233],[-77.436,-4.30301],[-77.43321,-4.31924],[-77.44227,-4.32423],[-77.43792,-4.33189],[-77.4413,-4.34818],[-77.45147,-4.3585],[-77.43113,-4.40869],[-77.42118,-4.40636],[-77.41496,-4.41034],[-77.41151,-4.42304],[-77.40021,-4.43347],[-77.39961,-4.43968],[-77.38273,-4.45764],[-77.37523,-4.47816],[-77.36564,-4.49004],[-77.36404,-4.5132],[-77.36796,-4.53904],[-77.36504,-4.5522],[-77.3508,-4.56919],[-77.33083,-4.58946],[-77.30108,-4.61316],[-77.2865,-4.63485],[-77.27592,-4.66646],[-77.27007,-4.67166],[-77.25193,-4.67357],[-77.23082,-4.67085],[-77.21388,-4.67146],[-77.19293,-4.67501],[-77.17181,-4.68054],[-77.16047,-4.6881],[-77.14604,-4.71298],[-77.12625,-4.72365],[-77.12313,-4.72895],[-77.12583,-4.7384],[-77.14564,-4.75649],[-77.14988,-4.76753],[-77.15139,-4.77948],[-77.1496,-4.7956],[-77.16213,-4.8167],[-77.17212,-4.82835],[-77.18226,-4.83432],[-77.18787,-4.83956],[-77.25329,-4.8608],[-77.27046,-4.87042],[-77.29118,-4.87071],[-77.30376,-4.87279],[-77.31315,-4.87766],[-77.32611,-4.89454],[-77.33215,-4.90625],[-77.33869,-4.92681],[-77.34743,-4.94709],[-77.35142,-4.95182],[-77.36357,-4.95561],[-77.37272,-4.95067],[-77.38457,-4.93306],[-77.38599,-4.92347],[-77.38635,-4.89736],[-77.38899,-4.87296],[-77.39402,-4.86932],[-77.40415,-4.87416],[-77.42885,-4.90549],[-77.44324,-4.91993],[-77.47221,-4.93686],[-77.4847,-4.92965],[-77.48817,-4.93859],[-77.49472,-4.94226],[-77.49547,-4.95609],[-77.50564,-4.96305],[-77.50778,-4.96919],[-77.50479,-4.98098],[-77.50735,-4.99016],[-77.51854,-4.9969],[-77.51412,-5.01149],[-77.52563,-5.02062],[-77.54248,-5.02693],[-77.56275,-5.02021],[-77.56824,-5.02017],[-77.57177,-5.0286],[-77.58117,-5.04131],[-77.5951,-5.05032],[-77.62073,-5.07236],[-77.62758,-5.0807],[-77.63728,-5.08028],[-77.64394,-5.0879],[-77.65983,-5.07347],[-77.66918,-5.07748],[-77.67597,-5.08882],[-77.67312,-5.10716],[-77.67725,-5.10955],[-77.6745,-5.1211],[-77.69018,-5.13445],[-77.69621,-5.14791],[-77.70832,-5.15082]]]}},{"type":"Feature","properties":{"ubigeo":"160704","nombre":"Morona"},"geometry":{"type":"Polygon","coordinates":[[[-77.06796,-4.26245],[-77.09043,-4.28846],[-77.10667,-4.30295],[-77.13145,-4.33483],[-77.14057,-4.35017],[-77.14241,-4.36222],[-77.13918,-4.38999],[-77.12817,-4.4171],[-77.12573,-4.42648],[-77.12548,-4.44342],[-77.12971,-4.45375],[-77.14078,-4.46866],[-77.1403,-4.47268],[-77.11626,-4.50058],[-77.10877,-4.5151],[-77.09039,-4.54006],[-77.08004,-4.55973],[-77.06844,-4.59032],[-77.06418,-4.61627],[-77.06009,-4.65246],[-77.05697,-4.66812],[-77.05094,-4.68456],[-77.03956,-4.70782],[-77.01951,-4.73207],[-77.00903,-4.74816],[-76.97932,-4.77174],[-76.9565,-4.78279],[-76.93646,-4.79586],[-76.92898,-4.80303],[-76.92995,-4.82516],[-76.93629,-4.83205],[-76.95236,-4.83557],[-76.96666,-4.83187],[-76.9877,-4.82152],[-77.01585,-4.81514],[-77.02735,-4.80468],[-77.03619,-4.80319],[-77.04618,-4.80824],[-77.06083,-4.82454],[-77.12402,-4.84944],[-77.14439,-4.85381],[-77.16825,-4.85366],[-77.17699,-4.84857],[-77.18226,-4.83432],[-77.17212,-4.82835],[-77.16213,-4.8167],[-77.1496,-4.7956],[-77.15139,-4.77948],[-77.14988,-4.76753],[-77.14564,-4.75649],[-77.12583,-4.7384],[-77.12313,-4.72895],[-77.12625,-4.72365],[-77.14604,-4.71298],[-77.16047,-4.6881],[-77.17181,-4.68054],[-77.19293,-4.67501],[-77.21388,-4.67146],[-77.23082,-4.67085],[-77.25193,-4.67357],[-77.27007,-4.67166],[-77.27592,-4.66646],[-77.2865,-4.63485],[-77.30108,-4.61316],[-77.33083,-4.58946],[-77.3508,-4.56919],[-77.36504,-4.5522],[-77.36796,-4.53904],[-77.36404,-4.5132],[-77.36564,-4.49004],[-77.37523,-4.47816],[-77.38273,-4.45764],[-77.39961,-4.43968],[-77.40021,-4.43347],[-77.41151,-4.42304],[-77.41496,-4.41034],[-77.42118,-4.40636],[-77.43113,-4.40869],[-77.45147,-4.3585],[-77.4413,-4.34818],[-77.43792,-4.33189],[-77.44227,-4.32423],[-77.43321,-4.31924],[-77.436,-4.30301],[-77.44267,-4.29233],[-77.44628,-4.28114],[-77.45779,-4.27665],[-77.46571,-4.27047],[-77.47863,-4.25216],[-77.48492,-4.25002],[-77.48775,-4.2429],[-77.50191,-4.23949],[-77.51538,-4.23146],[-77.52078,-4.22265],[-77.51729,-4.21143],[-77.51957,-4.20329],[-77.52998,-4.19925],[-77.5533,-4.20468],[-77.57112,-4.19516],[-77.56759,-4.179],[-77.569,-4.16988],[-77.5612,-4.14442],[-77.55838,-4.12997],[-77.54966,-4.10989],[-77.54716,-4.08484],[-77.54452,-4.0752],[-77.53812,-4.02871],[-77.5381,-4.00347],[-77.54123,-3.98638],[-77.53788,-3.9619],[-77.54177,-3.94333],[-77.54578,-3.93461],[-77.55716,-3.91816],[-77.56088,-3.90402],[-77.56902,-3.89307],[-77.56738,-3.88125],[-77.56169,-3.87756],[-77.58192,-3.86282],[-77.59893,-3.84198],[-77.59892,-3.83566],[-77.60924,-3.82524],[-77.62313,-3.82214],[-77.6314,-3.81352],[-77.63574,-3.80126],[-77.64434,-3.78853],[-77.65157,-3.78184],[-77.64398,-3.76057],[-77.64321,-3.75306],[-77.62605,-3.73496],[-77.6223,-3.71773],[-77.61562,-3.70772],[-77.62135,-3.68611],[-77.61778,-3.67472],[-77.62136,-3.66433],[-77.61672,-3.6524],[-77.62021,-3.64886],[-77.61694,-3.6343],[-77.62195,-3.62053],[-77.64301,-3.61935],[-77.64884,-3.61024],[-77.65229,-3.59791],[-77.65934,-3.58244],[-77.67041,-3.56838],[-77.68984,-3.55569],[-77.69973,-3.55249],[-77.71646,-3.54231],[-77.7172,-3.53731],[-77.71089,-3.52626],[-77.71646,-3.51244],[-77.72773,-3.50546],[-77.73369,-3.49464],[-77.74564,-3.48223],[-77.75301,-3.46241],[-77.76054,-3.4598],[-77.76427,-3.44352],[-77.77254,-3.42881],[-77.77648,-3.40913],[-77.77667,-3.38553],[-77.77835,-3.35929],[-77.77528,-3.32406],[-77.77985,-3.29158],[-77.77876,-3.25801],[-77.77928,-3.22055],[-77.7776,-3.19872],[-77.77852,-3.18718],[-77.78329,-3.17423],[-77.79094,-3.11763],[-77.78643,-3.10274],[-77.79434,-3.09011],[-77.78766,-3.07478],[-77.79315,-3.04398],[-77.80826,-3.02295],[-77.81725,-3.00079],[-77.80862,-2.98613],[-77.76044,-2.96946],[-77.71185,-2.95358],[-77.4575,-2.86911],[-77.1743,-2.7733],[-77.17108,-2.82549],[-77.17337,-2.85373],[-77.16648,-2.88061],[-77.17503,-2.92268],[-77.18376,-2.93876],[-77.20819,-2.95543],[-77.21405,-2.96368],[-77.21626,-2.97274],[-77.21696,-2.99921],[-77.20709,-3.017],[-77.21624,-3.02884],[-77.2202,-3.05922],[-77.22822,-3.07243],[-77.23325,-3.10158],[-77.22288,-3.12421],[-77.20302,-3.14341],[-77.20959,-3.15309],[-77.20818,-3.18755],[-77.19076,-3.19174],[-77.17647,-3.19718],[-77.17113,-3.20261],[-77.16954,-3.2179],[-77.1779,-3.23227],[-77.17978,-3.2405],[-77.1747,-3.24261],[-77.16787,-3.23878],[-77.15525,-3.24288],[-77.14285,-3.23799],[-77.13122,-3.25128],[-77.12229,-3.27069],[-77.11374,-3.27823],[-77.10116,-3.28506],[-77.10164,-3.29153],[-77.11443,-3.30329],[-77.11812,-3.31005],[-77.12767,-3.34441],[-77.12784,-3.36668],[-77.12172,-3.37943],[-77.12585,-3.39],[-77.15132,-3.4162],[-77.14262,-3.42906],[-77.12365,-3.43735],[-77.11125,-3.44673],[-77.11995,-3.45243],[-77.15264,-3.45844],[-77.1613,-3.46714],[-77.17398,-3.48514],[-77.17253,-3.5032],[-77.16785,-3.51109],[-77.15875,-3.51532],[-77.11822,-3.51968],[-77.10387,-3.52536],[-77.10354,-3.54167],[-77.10717,-3.59302],[-77.10571,-3.60777],[-77.09592,-3.62602],[-77.08721,-3.65847],[-77.07328,-3.67594],[-77.07089,-3.68591],[-77.089,-3.70897],[-77.08931,-3.72306],[-77.0827,-3.73947],[-77.08569,-3.75555],[-77.09721,-3.77016],[-77.09626,-3.77493],[-77.08086,-3.80959],[-77.09091,-3.82243],[-77.09382,-3.83036],[-77.09237,-3.84138],[-77.10511,-3.86482],[-77.10266,-3.8737],[-77.09925,-3.90612],[-77.1005,-3.91904],[-77.1158,-3.93713],[-77.13364,-3.96543],[-77.14184,-3.99525],[-77.15241,-4.0069],[-77.15103,-4.02332],[-77.12396,-4.06963],[-77.11763,-4.0873],[-77.1082,-4.10655],[-77.09594,-4.12747],[-77.02379,-4.18025],[-77.01112,-4.20292],[-77.00853,-4.23515],[-77.01141,-4.24136],[-77.03187,-4.25429],[-77.04367,-4.25969],[-77.06796,-4.26245]]]}},{"type":"Feature","properties":{"ubigeo":"160705","nombre":"Pastaza"},"geometry":{"type":"Polygon","coordinates":[[[-75.91921,-5.02139],[-75.94507,-5.02212],[-75.95602,-5.02439],[-75.96843,-5.03167],[-75.98616,-5.0496],[-76.00002,-5.05846],[-76.00944,-5.05621],[-76.02927,-5.04139],[-76.06056,-5.02828],[-76.08537,-5.01343],[-76.09566,-5.01089],[-76.11934,-5.00833],[-76.12982,-5.00279],[-76.14078,-4.99135],[-76.14964,-4.97823],[-76.15413,-4.9593],[-76.14326,-4.93574],[-76.14684,-4.93177],[-76.16306,-4.93449],[-76.19876,-4.94833],[-76.21266,-4.94551],[-76.21928,-4.93795],[-76.23076,-4.93607],[-76.24391,-4.92619],[-76.25573,-4.9148],[-76.26349,-4.91576],[-76.26785,-4.9257],[-76.28245,-4.94071],[-76.30034,-4.94735],[-76.30599,-4.95309],[-76.30737,-4.96567],[-76.30569,-4.97932],[-76.31113,-4.99164],[-76.33041,-5.00607],[-76.34223,-5.00725],[-76.34883,-5.00333],[-76.35183,-4.99094],[-76.35814,-4.97687],[-76.37149,-4.96858],[-76.40463,-4.96694],[-76.40954,-4.96175],[-76.40908,-4.93976],[-76.40457,-4.92457],[-76.4072,-4.90792],[-76.42518,-4.88796],[-76.44813,-4.8711],[-76.4636,-4.85047],[-76.49235,-4.84344],[-76.54157,-4.79679],[-76.57975,-4.74963],[-76.59558,-4.74396],[-76.623,-4.73198],[-76.65013,-4.68168],[-76.66028,-4.67378],[-76.68131,-4.66682],[-76.72434,-4.63637],[-76.75014,-4.60736],[-76.76171,-4.55475],[-76.78454,-4.53008],[-76.81409,-4.50697],[-76.82724,-4.48522],[-76.83595,-4.47982],[-76.85934,-4.4722],[-76.89893,-4.46506],[-76.92531,-4.44209],[-76.92977,-4.40853],[-76.94313,-4.37576],[-76.96113,-4.35657],[-76.97343,-4.31242],[-76.99453,-4.29316],[-77.01103,-4.29273],[-77.06796,-4.26245],[-77.04367,-4.25969],[-77.03187,-4.25429],[-77.01141,-4.24136],[-77.00853,-4.23515],[-77.01112,-4.20292],[-77.02379,-4.18025],[-77.09594,-4.12747],[-77.1082,-4.10655],[-77.11763,-4.0873],[-77.12396,-4.06963],[-77.15103,-4.02332],[-77.15241,-4.0069],[-77.14184,-3.99525],[-77.13364,-3.96543],[-77.1158,-3.93713],[-77.1005,-3.91904],[-77.09925,-3.90612],[-77.10266,-3.8737],[-77.10511,-3.86482],[-77.09237,-3.84138],[-77.09382,-3.83036],[-77.09091,-3.82243],[-77.08086,-3.80959],[-77.09626,-3.77493],[-77.09721,-3.77016],[-77.08569,-3.75555],[-77.0827,-3.73947],[-77.08931,-3.72306],[-77.089,-3.70897],[-77.07089,-3.68591],[-77.07328,-3.67594],[-77.08721,-3.65847],[-77.09592,-3.62602],[-77.10571,-3.60777],[-77.10717,-3.59302],[-77.10354,-3.54167],[-77.10387,-3.52536],[-77.11822,-3.51968],[-77.15875,-3.51532],[-77.16785,-3.51109],[-77.17253,-3.5032],[-77.17398,-3.48514],[-77.1613,-3.46714],[-77.15264,-3.45844],[-77.11995,-3.45243],[-77.11125,-3.44673],[-77.12365,-3.43735],[-77.14262,-3.42906],[-77.15132,-3.4162],[-77.12585,-3.39],[-77.12172,-3.37943],[-77.12784,-3.36668],[-77.12767,-3.34441],[-77.11812,-3.31005],[-77.11443,-3.30329],[-77.10164,-3.29153],[-77.10116,-3.28506],[-77.11374,-3.27823],[-77.12229,-3.27069],[-77.13122,-3.25128],[-77.14285,-3.23799],[-77.15525,-3.24288],[-77.16787,-3.23878],[-77.1747,-3.24261],[-77.17978,-3.2405],[-77.1779,-3.23227],[-77.16954,-3.2179],[-77.17113,-3.20261],[-77.17647,-3.19718],[-77.19076,-3.19174],[-77.20818,-3.18755],[-77.20959,-3.15309],[-77.20302,-3.14341],[-77.22288,-3.12421],[-77.23325,-3.10158],[-77.22822,-3.07243],[-77.2202,-3.05922],[-77.21324,-3.06548],[-77.2083,-3.07572],[-77.20459,-3.09046],[-77.19045,-3.10281],[-77.17797,-3.1063],[-77.15866,-3.12199],[-77.14495,-3.12655],[-77.13267,-3.14653],[-77.11586,-3.16391],[-77.10622,-3.1709],[-77.09261,-3.22251],[-77.09024,-3.22681],[-77.06637,-3.2554],[-77.05598,-3.27084],[-77.04396,-3.30924],[-77.04035,-3.34316],[-77.03196,-3.35527],[-77.02067,-3.35819],[-77.01624,-3.36343],[-76.99753,-3.41622],[-76.98742,-3.43788],[-76.96441,-3.44842],[-76.95248,-3.45894],[-76.93667,-3.46792],[-76.93804,-3.49719],[-76.92084,-3.53105],[-76.89081,-3.52981],[-76.8764,-3.53582],[-76.86515,-3.54562],[-76.8608,-3.55242],[-76.84725,-3.60249],[-76.86038,-3.63251],[-76.87775,-3.65236],[-76.88701,-3.66936],[-76.88599,-3.68713],[-76.88076,-3.70105],[-76.85946,-3.71225],[-76.84724,-3.72205],[-76.82678,-3.7504],[-76.81687,-3.77385],[-76.81404,-3.79298],[-76.80289,-3.84355],[-76.79704,-3.86188],[-76.78394,-3.87641],[-76.76275,-3.89434],[-76.75562,-3.90488],[-76.74509,-3.92874],[-76.74419,-3.94111],[-76.74608,-3.9573],[-76.72492,-3.97477],[-76.71633,-3.98916],[-76.7128,-4.03661],[-76.70665,-4.07185],[-76.69497,-4.09597],[-76.67754,-4.111],[-76.62623,-4.13476],[-76.60527,-4.14999],[-76.58766,-4.14338],[-76.57662,-4.14409],[-76.56957,-4.15729],[-76.56346,-4.18436],[-76.56361,-4.19387],[-76.57072,-4.21807],[-76.56434,-4.22918],[-76.52506,-4.23116],[-76.51548,-4.22979],[-76.50724,-4.222],[-76.49382,-4.19551],[-76.48255,-4.17701],[-76.46889,-4.16537],[-76.45157,-4.15299],[-76.44353,-4.13545],[-76.43514,-4.09979],[-76.43376,-4.07994],[-76.43685,-4.06155],[-76.43508,-4.05259],[-76.42433,-4.03265],[-76.42549,-4.03026],[-76.44696,-4.01678],[-76.44745,-4.01294],[-76.42475,-3.99658],[-76.42551,-3.97178],[-76.41499,-3.95701],[-76.41361,-3.96193],[-76.39566,-3.98319],[-76.39355,-3.99801],[-76.3687,-4.02553],[-76.35158,-4.04084],[-76.34284,-4.06969],[-76.34349,-4.08389],[-76.33821,-4.10031],[-76.32787,-4.11757],[-76.29715,-4.13174],[-76.29342,-4.13451],[-76.3101,-4.1508],[-76.31091,-4.15677],[-76.28206,-4.15994],[-76.26057,-4.17724],[-76.24249,-4.18123],[-76.2383,-4.18921],[-76.24617,-4.19596],[-76.24454,-4.2193],[-76.23687,-4.23333],[-76.22934,-4.2413],[-76.22737,-4.25006],[-76.23113,-4.2663],[-76.24917,-4.28618],[-76.27604,-4.3024],[-76.29719,-4.31906],[-76.2995,-4.32941],[-76.29658,-4.33866],[-76.30112,-4.34605],[-76.31287,-4.35049],[-76.31978,-4.35605],[-76.32099,-4.3658],[-76.30762,-4.3876],[-76.31541,-4.39961],[-76.33352,-4.41033],[-76.33887,-4.42553],[-76.33629,-4.43943],[-76.32283,-4.45666],[-76.3147,-4.4823],[-76.30126,-4.50765],[-76.29319,-4.51993],[-76.27724,-4.52131],[-76.26416,-4.52874],[-76.25982,-4.54268],[-76.25586,-4.54635],[-76.23357,-4.55204],[-76.23151,-4.55969],[-76.24318,-4.5588],[-76.24518,-4.56564],[-76.23463,-4.57865],[-76.21786,-4.60795],[-76.19885,-4.6227],[-76.19793,-4.62744],[-76.20254,-4.64367],[-76.20609,-4.66306],[-76.20586,-4.67227],[-76.19659,-4.68294],[-76.17561,-4.68858],[-76.16646,-4.69808],[-76.16318,-4.70562],[-76.16571,-4.7184],[-76.17153,-4.73152],[-76.17418,-4.75808],[-76.17259,-4.76806],[-76.16739,-4.77955],[-76.15702,-4.78783],[-76.14044,-4.79769],[-76.11544,-4.79039],[-76.10488,-4.78893],[-76.09885,-4.79187],[-76.08565,-4.81831],[-76.07444,-4.83145],[-76.06702,-4.83376],[-76.03073,-4.81516],[-76.02508,-4.81574],[-76.00805,-4.85073],[-76.00064,-4.85729],[-75.97303,-4.86707],[-75.95909,-4.87735],[-75.93862,-4.9015],[-75.91609,-4.91657],[-75.8997,-4.92377],[-75.89082,-4.9257],[-75.87051,-4.93664],[-75.85373,-4.9515],[-75.84018,-4.96138],[-75.82818,-4.9771],[-75.79959,-4.97913],[-75.78433,-4.98606],[-75.76226,-4.99862],[-75.7468,-5.01295],[-75.74873,-5.03845],[-75.7629,-5.03278],[-75.77405,-5.02466],[-75.78945,-5.01808],[-75.804,-5.01842],[-75.84009,-5.02504],[-75.85858,-5.03105],[-75.88915,-5.04835],[-75.89769,-5.04476],[-75.91016,-5.02465],[-75.91921,-5.02139]]]}},{"type":"Feature","properties":{"ubigeo":"160706","nombre":"Andoas"},"geometry":{"type":"Polygon","coordinates":[[[-76.32514,-3.68153],[-76.32983,-3.6894],[-76.33554,-3.72095],[-76.33557,-3.74113],[-76.33063,-3.751],[-76.33046,-3.75965],[-76.34057,-3.77314],[-76.35217,-3.77819],[-76.37102,-3.77736],[-76.38548,-3.78494],[-76.38679,-3.79236],[-76.38117,-3.8169],[-76.39335,-3.85284],[-76.41639,-3.86598],[-76.41802,-3.87645],[-76.41661,-3.88841],[-76.41953,-3.89813],[-76.42268,-3.92538],[-76.41499,-3.95701],[-76.42551,-3.97178],[-76.42475,-3.99658],[-76.44745,-4.01294],[-76.44696,-4.01678],[-76.42549,-4.03026],[-76.42433,-4.03265],[-76.43508,-4.05259],[-76.43685,-4.06155],[-76.43376,-4.07994],[-76.43514,-4.09979],[-76.44353,-4.13545],[-76.45157,-4.15299],[-76.46889,-4.16537],[-76.48255,-4.17701],[-76.49382,-4.19551],[-76.50724,-4.222],[-76.51548,-4.22979],[-76.52506,-4.23116],[-76.56434,-4.22918],[-76.57072,-4.21807],[-76.56361,-4.19387],[-76.56346,-4.18436],[-76.56957,-4.15729],[-76.57662,-4.14409],[-76.58766,-4.14338],[-76.60527,-4.14999],[-76.62623,-4.13476],[-76.67754,-4.111],[-76.69497,-4.09597],[-76.70665,-4.07185],[-76.7128,-4.03661],[-76.71633,-3.98916],[-76.72492,-3.97477],[-76.74608,-3.9573],[-76.74419,-3.94111],[-76.74509,-3.92874],[-76.75562,-3.90488],[-76.76275,-3.89434],[-76.78394,-3.87641],[-76.79704,-3.86188],[-76.80289,-3.84355],[-76.81404,-3.79298],[-76.81687,-3.77385],[-76.82678,-3.7504],[-76.84724,-3.72205],[-76.85946,-3.71225],[-76.88076,-3.70105],[-76.88599,-3.68713],[-76.88701,-3.66936],[-76.87775,-3.65236],[-76.86038,-3.63251],[-76.84725,-3.60249],[-76.8608,-3.55242],[-76.86515,-3.54562],[-76.8764,-3.53582],[-76.89081,-3.52981],[-76.92084,-3.53105],[-76.93804,-3.49719],[-76.93667,-3.46792],[-76.95248,-3.45894],[-76.96441,-3.44842],[-76.98742,-3.43788],[-76.99753,-3.41622],[-77.01624,-3.36343],[-77.02067,-3.35819],[-77.03196,-3.35527],[-77.04035,-3.34316],[-77.04396,-3.30924],[-77.05598,-3.27084],[-77.06637,-3.2554],[-77.09024,-3.22681],[-77.09261,-3.22251],[-77.10622,-3.1709],[-77.11586,-3.16391],[-77.13267,-3.14653],[-77.14495,-3.12655],[-77.15866,-3.12199],[-77.17797,-3.1063],[-77.19045,-3.10281],[-77.20459,-3.09046],[-77.2083,-3.07572],[-77.21324,-3.06548],[-77.2202,-3.05922],[-77.21624,-3.02884],[-77.20709,-3.017],[-77.21696,-2.99921],[-77.21626,-2.97274],[-77.21405,-2.96368],[-77.20819,-2.95543],[-77.18376,-2.93876],[-77.17503,-2.92268],[-77.16648,-2.88061],[-77.17337,-2.85373],[-77.17108,-2.82549],[-77.1743,-2.7733],[-77.15698,-2.76785],[-76.68939,-2.60896],[-76.63187,-2.58969],[-76.62607,-2.58448],[-76.53432,-2.51228],[-76.51304,-2.52216],[-76.50578,-2.52868],[-76.50242,-2.53648],[-76.50376,-2.54721],[-76.5022,-2.56861],[-76.5068,-2.58166],[-76.49925,-2.59262],[-76.49267,-2.59551],[-76.48465,-2.5939],[-76.48121,-2.60035],[-76.47064,-2.60431],[-76.45727,-2.62941],[-76.44931,-2.63377],[-76.43531,-2.64567],[-76.43654,-2.65253],[-76.42487,-2.66038],[-76.41471,-2.67945],[-76.40797,-2.68779],[-76.39948,-2.68889],[-76.38637,-2.69753],[-76.38372,-2.70514],[-76.38434,-2.71677],[-76.39481,-2.72671],[-76.38058,-2.73564],[-76.36633,-2.73956],[-76.36134,-2.7459],[-76.35496,-2.76882],[-76.34919,-2.78243],[-76.34421,-2.80007],[-76.31784,-2.80772],[-76.31501,-2.82149],[-76.30734,-2.83485],[-76.30796,-2.85191],[-76.31475,-2.86693],[-76.31451,-2.88679],[-76.31687,-2.89756],[-76.3333,-2.90379],[-76.34031,-2.91355],[-76.34307,-2.9297],[-76.35123,-2.94643],[-76.35231,-2.9625],[-76.34841,-2.97753],[-76.33793,-2.98861],[-76.34478,-3.00917],[-76.35195,-3.01884],[-76.3528,-3.02899],[-76.34877,-3.05966],[-76.35347,-3.09042],[-76.37193,-3.11453],[-76.38927,-3.12768],[-76.38657,-3.13484],[-76.37895,-3.14221],[-76.35205,-3.16239],[-76.34969,-3.17029],[-76.36388,-3.18098],[-76.36405,-3.19324],[-76.35274,-3.20137],[-76.35659,-3.2136],[-76.36729,-3.21783],[-76.35427,-3.23636],[-76.33732,-3.21888],[-76.32803,-3.22192],[-76.33493,-3.2343],[-76.33755,-3.24619],[-76.33644,-3.25325],[-76.32743,-3.25614],[-76.3255,-3.27694],[-76.31474,-3.28499],[-76.31066,-3.30543],[-76.30079,-3.31304],[-76.29769,-3.32416],[-76.28947,-3.33153],[-76.28299,-3.33245],[-76.27003,-3.36113],[-76.26704,-3.37156],[-76.26752,-3.38239],[-76.27249,-3.39213],[-76.2736,-3.40078],[-76.26372,-3.40304],[-76.26075,-3.41754],[-76.261,-3.43035],[-76.25671,-3.43605],[-76.25656,-3.44652],[-76.26146,-3.47522],[-76.24893,-3.47668],[-76.24683,-3.48668],[-76.24024,-3.49311],[-76.23438,-3.50386],[-76.22454,-3.51619],[-76.20618,-3.52806],[-76.21396,-3.5434],[-76.22204,-3.55372],[-76.23545,-3.56314],[-76.25078,-3.56559],[-76.25778,-3.56921],[-76.25937,-3.57561],[-76.25016,-3.58399],[-76.24736,-3.59786],[-76.23753,-3.60244],[-76.23408,-3.63482],[-76.25427,-3.64218],[-76.27973,-3.65554],[-76.28841,-3.66281],[-76.31216,-3.67656],[-76.32514,-3.68153]]]}},{"type":"Feature","properties":{"ubigeo":"160801","nombre":"Putumayo"},"geometry":{"type":"Polygon","coordinates":[[[-71.49337,-2.35404],[-71.50438,-2.36701],[-71.52009,-2.36964],[-71.5366,-2.36338],[-71.55692,-2.35867],[-71.57882,-2.3595],[-71.58731,-2.35416],[-71.61222,-2.3521],[-71.63067,-2.35898],[-71.63905,-2.37355],[-71.64543,-2.39144],[-71.65712,-2.40001],[-71.66514,-2.40948],[-71.67599,-2.43292],[-71.68744,-2.43469],[-71.7099,-2.44815],[-71.72309,-2.44513],[-71.73378,-2.43327],[-71.74865,-2.433],[-71.75444,-2.44211],[-71.77001,-2.44356],[-71.78564,-2.43989],[-71.79756,-2.43346],[-71.80414,-2.43429],[-71.81075,-2.44491],[-71.81536,-2.4581],[-71.82769,-2.46627],[-71.84028,-2.4843],[-71.85125,-2.48765],[-71.88532,-2.48357],[-71.9015,-2.48445],[-71.91617,-2.49063],[-71.92635,-2.49972],[-71.93497,-2.51067],[-71.93615,-2.52113],[-71.9216,-2.55302],[-71.92246,-2.56307],[-71.93912,-2.58153],[-71.95578,-2.60231],[-71.95758,-2.608],[-71.95421,-2.61862],[-71.94499,-2.63412],[-71.94334,-2.64728],[-71.94678,-2.66013],[-71.96227,-2.6802],[-71.97308,-2.69656],[-71.98199,-2.72133],[-71.9843,-2.74732],[-71.98243,-2.76208],[-71.9902,-2.77187],[-72.01225,-2.78037],[-72.04975,-2.79197],[-72.0879,-2.80129],[-72.10004,-2.80645],[-72.11295,-2.82007],[-72.12476,-2.82943],[-72.14681,-2.81012],[-72.16346,-2.80174],[-72.18511,-2.80049],[-72.19671,-2.80527],[-72.21399,-2.82089],[-72.22707,-2.83078],[-72.24266,-2.83835],[-72.25897,-2.83946],[-72.27866,-2.83378],[-72.29268,-2.83186],[-72.31855,-2.83439],[-72.34286,-2.84138],[-72.36385,-2.83982],[-72.37704,-2.85201],[-72.38749,-2.8548],[-72.39979,-2.85257],[-72.42124,-2.84296],[-72.43238,-2.84182],[-72.44632,-2.84477],[-72.46748,-2.85604],[-72.51033,-2.87615],[-72.54422,-2.88752],[-72.55746,-2.88761],[-72.57077,-2.8909],[-72.58102,-2.88965],[-72.64049,-2.89134],[-72.66009,-2.89026],[-72.67875,-2.8928],[-72.70377,-2.90174],[-72.73024,-2.90588],[-72.7662,-2.91527],[-72.79545,-2.91198],[-72.83403,-2.91351],[-72.85859,-2.9146],[-72.88623,-2.91776],[-72.89993,-2.9097],[-72.92526,-2.88196],[-72.9516,-2.86122],[-72.98107,-2.83961],[-73.01297,-2.8227],[-73.03822,-2.80036],[-73.06921,-2.77856],[-73.0775,-2.77687],[-73.10547,-2.77867],[-73.12219,-2.77522],[-73.13016,-2.76731],[-73.13426,-2.75837],[-73.13632,-2.74444],[-73.13697,-2.72177],[-73.13999,-2.7137],[-73.14865,-2.70669],[-73.16971,-2.70137],[-73.18644,-2.70392],[-73.19849,-2.70238],[-73.21365,-2.69598],[-73.24201,-2.6724],[-73.25967,-2.65046],[-73.27586,-2.63717],[-73.32097,-2.62581],[-73.33855,-2.61826],[-73.35534,-2.60847],[-73.36749,-2.59557],[-73.38062,-2.57397],[-73.39221,-2.55162],[-73.39584,-2.53336],[-73.39206,-2.52189],[-73.38405,-2.50977],[-73.37212,-2.49804],[-73.36842,-2.48819],[-73.36856,-2.4769],[-73.37318,-2.4656],[-73.38897,-2.455],[-73.40577,-2.43993],[-73.44416,-2.41701],[-73.46154,-2.41281],[-73.48179,-2.4101],[-73.50673,-2.38778],[-73.52127,-2.37688],[-73.54698,-2.37367],[-73.56121,-2.36767],[-73.56609,-2.36105],[-73.57299,-2.34409],[-73.58533,-2.33583],[-73.61431,-2.31358],[-73.62286,-2.30556],[-73.64765,-2.29417],[-73.66119,-2.29033],[-73.67845,-2.2919],[-73.6942,-2.30224],[-73.71081,-2.29678],[-73.72041,-2.28345],[-73.7248,-2.26702],[-73.72701,-2.2507],[-73.7336,-2.2363],[-73.74441,-2.23218],[-73.7512,-2.22636],[-73.75658,-2.21307],[-73.7562,-2.20371],[-73.74972,-2.18915],[-73.74016,-2.17354],[-73.73696,-2.15691],[-73.75411,-2.1416],[-73.77762,-2.13345],[-73.7874,-2.12236],[-73.79314,-2.10525],[-73.80363,-2.03706],[-73.80744,-2.02853],[-73.82148,-2.02252],[-73.84138,-2.02308],[-73.8593,-2.02096],[-73.86725,-2.01801],[-73.87797,-2.00923],[-73.88405,-1.99843],[-73.89573,-1.99717],[-73.90329,-1.99121],[-73.91453,-1.99208],[-73.92269,-1.98409],[-73.91988,-1.97762],[-73.9038,-1.97192],[-73.89869,-1.96774],[-73.89346,-1.9505],[-73.88741,-1.93852],[-73.88118,-1.93554],[-73.88112,-1.9288],[-73.87528,-1.91871],[-73.88153,-1.90297],[-73.87863,-1.89266],[-73.86021,-1.87888],[-73.85502,-1.86425],[-73.84127,-1.85609],[-73.83693,-1.84832],[-73.84173,-1.83343],[-73.84245,-1.82454],[-73.83661,-1.80201],[-73.82328,-1.77664],[-73.819,-1.76342],[-73.8178,-1.74485],[-73.81984,-1.72027],[-73.80807,-1.71228],[-73.79176,-1.69037],[-73.78499,-1.68949],[-73.7731,-1.69619],[-73.75609,-1.69414],[-73.75011,-1.69795],[-73.74143,-1.71155],[-73.73362,-1.73205],[-73.73478,-1.76138],[-73.72962,-1.77248],[-73.71573,-1.78808],[-73.69092,-1.80534],[-73.68855,-1.81234],[-73.68968,-1.83545],[-73.69524,-1.85744],[-73.70771,-1.87531],[-73.70539,-1.88193],[-73.68796,-1.89044],[-73.66904,-1.89655],[-73.64793,-1.89196],[-73.63781,-1.89136],[-73.62258,-1.8955],[-73.61431,-1.90332],[-73.61588,-1.91043],[-73.62674,-1.91547],[-73.63132,-1.94011],[-73.62806,-1.96086],[-73.61718,-1.97067],[-73.60257,-1.98057],[-73.59417,-1.99546],[-73.58647,-2.02083],[-73.58127,-2.02889],[-73.56751,-2.03878],[-73.55314,-2.04618],[-73.54286,-2.04919],[-73.49884,-2.05058],[-73.44929,-2.05471],[-73.43995,-2.05718],[-73.41083,-2.07155],[-73.38565,-2.07767],[-73.37093,-2.0896],[-73.36628,-2.09632],[-73.34362,-2.13672],[-73.31195,-2.18616],[-73.29407,-2.22018],[-73.28955,-2.22536],[-73.26973,-2.23205],[-73.23428,-2.2364],[-73.22494,-2.23962],[-73.21861,-2.24704],[-73.21483,-2.26154],[-73.21336,-2.29556],[-73.20166,-2.3041],[-73.18492,-2.30593],[-73.17482,-2.30251],[-73.16642,-2.2814],[-73.1618,-2.27505],[-73.14643,-2.26431],[-73.13946,-2.271],[-73.12717,-2.27655],[-73.119,-2.28454],[-73.1148,-2.29872],[-73.12501,-2.31522],[-73.1211,-2.32543],[-73.11388,-2.32701],[-73.09997,-2.32457],[-73.08709,-2.31328],[-73.08004,-2.31121],[-73.0683,-2.31514],[-73.06451,-2.3264],[-73.07026,-2.34204],[-73.06641,-2.35524],[-73.06098,-2.35965],[-73.0523,-2.36086],[-73.04423,-2.35279],[-73.04241,-2.32326],[-73.03605,-2.31508],[-73.02403,-2.31881],[-73.01492,-2.34701],[-73.00651,-2.35625],[-72.99412,-2.35722],[-72.98568,-2.34413],[-72.97846,-2.33865],[-72.97107,-2.33744],[-72.96336,-2.34315],[-72.956,-2.39155],[-72.94751,-2.40577],[-72.9251,-2.41554],[-72.92216,-2.42351],[-72.92546,-2.43029],[-72.93446,-2.43913],[-72.93773,-2.45044],[-72.9338,-2.45487],[-72.92714,-2.45414],[-72.90094,-2.43644],[-72.88909,-2.43332],[-72.86684,-2.43891],[-72.8518,-2.43578],[-72.84143,-2.43004],[-72.82925,-2.41924],[-72.80281,-2.41071],[-72.78654,-2.39039],[-72.77645,-2.38437],[-72.7691,-2.3868],[-72.75826,-2.39905],[-72.75743,-2.41178],[-72.75324,-2.42366],[-72.74579,-2.42677],[-72.73378,-2.41962],[-72.73131,-2.39855],[-72.72693,-2.39091],[-72.71518,-2.38559],[-72.70775,-2.38907],[-72.69212,-2.40629],[-72.68707,-2.42451],[-72.69218,-2.43874],[-72.69103,-2.44848],[-72.68443,-2.45246],[-72.67455,-2.44795],[-72.66709,-2.43995],[-72.66244,-2.41586],[-72.65342,-2.40164],[-72.64085,-2.39232],[-72.63646,-2.38645],[-72.63674,-2.37822],[-72.64183,-2.36914],[-72.63782,-2.36081],[-72.6197,-2.35628],[-72.61114,-2.35798],[-72.59552,-2.36655],[-72.57918,-2.38671],[-72.56879,-2.39758],[-72.56023,-2.40043],[-72.53891,-2.40315],[-72.51916,-2.42522],[-72.51471,-2.42665],[-72.49558,-2.41831],[-72.46645,-2.42123],[-72.44892,-2.43325],[-72.43196,-2.43785],[-72.42179,-2.43377],[-72.41163,-2.41432],[-72.40866,-2.41449],[-72.39964,-2.43203],[-72.38611,-2.44458],[-72.37942,-2.45498],[-72.38102,-2.47383],[-72.37502,-2.4881],[-72.36811,-2.48953],[-72.35231,-2.48172],[-72.32848,-2.47948],[-72.32138,-2.47351],[-72.30701,-2.47497],[-72.29753,-2.4736],[-72.2909,-2.46914],[-72.28889,-2.45685],[-72.27897,-2.45304],[-72.26671,-2.45933],[-72.25955,-2.45852],[-72.25732,-2.44822],[-72.26216,-2.4355],[-72.25822,-2.43225],[-72.24422,-2.43066],[-72.23861,-2.43285],[-72.22692,-2.44625],[-72.22036,-2.44835],[-72.20567,-2.44595],[-72.19205,-2.43417],[-72.1795,-2.42899],[-72.16947,-2.4319],[-72.16421,-2.43759],[-72.16695,-2.45635],[-72.16635,-2.46441],[-72.15676,-2.46994],[-72.14982,-2.47002],[-72.14048,-2.46197],[-72.13761,-2.44647],[-72.14494,-2.43195],[-72.14777,-2.41563],[-72.14528,-2.40625],[-72.13826,-2.40021],[-72.12545,-2.39687],[-72.11123,-2.38612],[-72.09783,-2.37027],[-72.08206,-2.36796],[-72.06849,-2.34967],[-72.05769,-2.33939],[-72.04874,-2.33494],[-72.0372,-2.338],[-72.01011,-2.36895],[-71.99996,-2.36949],[-71.97895,-2.3673],[-71.96196,-2.35714],[-71.94978,-2.35636],[-71.93998,-2.36232],[-71.93858,-2.37444],[-71.93221,-2.38089],[-71.92627,-2.38073],[-71.91958,-2.37385],[-71.91922,-2.36542],[-71.93832,-2.32835],[-71.93657,-2.3147],[-71.92606,-2.30778],[-71.90268,-2.31327],[-71.88476,-2.31159],[-71.87246,-2.29544],[-71.86387,-2.2698],[-71.86261,-2.25968],[-71.85436,-2.23044],[-71.84206,-2.21376],[-71.83729,-2.19781],[-71.83277,-2.19042],[-71.82101,-2.18923],[-71.80975,-2.20418],[-71.79913,-2.20437],[-71.79271,-2.18739],[-71.7851,-2.17753],[-71.7698,-2.17004],[-71.76861,-2.1602],[-71.74059,-2.1422],[-71.72741,-2.1409],[-71.71892,-2.15994],[-71.72194,-2.17794],[-71.72893,-2.19222],[-71.73122,-2.20145],[-71.72869,-2.21983],[-71.723,-2.22655],[-71.7085,-2.22733],[-71.69782,-2.22287],[-71.6824,-2.21113],[-71.66403,-2.2023],[-71.64768,-2.20006],[-71.63254,-2.20677],[-71.61639,-2.22243],[-71.60408,-2.23139],[-71.58583,-2.23875],[-71.56871,-2.24062],[-71.5601,-2.23954],[-71.5344,-2.24872],[-71.51889,-2.24897],[-71.51615,-2.25901],[-71.51693,-2.27752],[-71.52054,-2.29713],[-71.51411,-2.31737],[-71.51238,-2.33487],[-71.50046,-2.35221],[-71.49337,-2.35404]]]}},{"type":"Feature","properties":{"ubigeo":"160802","nombre":"Rosa Panduro"},"geometry":{"type":"Polygon","coordinates":[[[-73.14643,-2.26431],[-73.1618,-2.27505],[-73.16642,-2.2814],[-73.17482,-2.30251],[-73.18492,-2.30593],[-73.20166,-2.3041],[-73.21336,-2.29556],[-73.21483,-2.26154],[-73.21861,-2.24704],[-73.22494,-2.23962],[-73.23428,-2.2364],[-73.26973,-2.23205],[-73.28955,-2.22536],[-73.29407,-2.22018],[-73.31195,-2.18616],[-73.34362,-2.13672],[-73.36628,-2.09632],[-73.37093,-2.0896],[-73.38565,-2.07767],[-73.41083,-2.07155],[-73.43995,-2.05718],[-73.44929,-2.05471],[-73.49884,-2.05058],[-73.54286,-2.04919],[-73.55314,-2.04618],[-73.56751,-2.03878],[-73.58127,-2.02889],[-73.58647,-2.02083],[-73.59417,-1.99546],[-73.60257,-1.98057],[-73.61718,-1.97067],[-73.62806,-1.96086],[-73.63132,-1.94011],[-73.62674,-1.91547],[-73.61588,-1.91043],[-73.61431,-1.90332],[-73.62258,-1.8955],[-73.63781,-1.89136],[-73.64793,-1.89196],[-73.66904,-1.89655],[-73.68796,-1.89044],[-73.70539,-1.88193],[-73.70771,-1.87531],[-73.69524,-1.85744],[-73.68968,-1.83545],[-73.68855,-1.81234],[-73.69092,-1.80534],[-73.71573,-1.78808],[-73.72962,-1.77248],[-73.73478,-1.76138],[-73.73362,-1.73205],[-73.74143,-1.71155],[-73.75011,-1.69795],[-73.75609,-1.69414],[-73.7731,-1.69619],[-73.78499,-1.68949],[-73.79176,-1.69037],[-73.80807,-1.71228],[-73.81984,-1.72027],[-73.82449,-1.69635],[-73.83715,-1.68667],[-73.85132,-1.68096],[-73.85972,-1.68004],[-73.87166,-1.68324],[-73.88678,-1.68299],[-73.89644,-1.67252],[-73.89822,-1.66429],[-73.90633,-1.65757],[-73.90927,-1.64493],[-73.92152,-1.62596],[-73.92379,-1.61613],[-73.93635,-1.61054],[-73.94141,-1.60332],[-73.94096,-1.58777],[-73.96027,-1.5886],[-73.97286,-1.58533],[-73.98044,-1.57698],[-73.99567,-1.55318],[-74.00018,-1.52887],[-74.00786,-1.52388],[-74.03236,-1.52775],[-74.05172,-1.52475],[-74.06689,-1.52439],[-74.0877,-1.52067],[-74.12079,-1.50309],[-74.1394,-1.48108],[-74.14781,-1.47715],[-74.15169,-1.47155],[-74.17128,-1.46795],[-74.17872,-1.46344],[-74.18989,-1.45048],[-74.20676,-1.44555],[-74.22279,-1.45553],[-74.26612,-1.44306],[-74.27866,-1.43629],[-74.29087,-1.43321],[-74.29706,-1.43766],[-74.30636,-1.43685],[-74.32286,-1.422],[-74.33969,-1.4162],[-74.35294,-1.41473],[-74.36915,-1.40879],[-74.37701,-1.40272],[-74.39148,-1.39977],[-74.40608,-1.39434],[-74.41351,-1.3976],[-74.4285,-1.39035],[-74.43343,-1.39734],[-74.44356,-1.39792],[-74.44595,-1.38978],[-74.46601,-1.37608],[-74.4765,-1.38038],[-74.49098,-1.37961],[-74.50183,-1.37144],[-74.51608,-1.35182],[-74.53897,-1.34716],[-74.54421,-1.34269],[-74.54753,-1.32873],[-74.55402,-1.32495],[-74.56515,-1.32477],[-74.57869,-1.31358],[-74.58619,-1.30992],[-74.58919,-1.30361],[-74.58635,-1.2865],[-74.5895,-1.27237],[-74.60129,-1.25716],[-74.61658,-1.24296],[-74.64046,-1.23339],[-74.64439,-1.2169],[-74.65487,-1.21069],[-74.67121,-1.19294],[-74.68055,-1.18595],[-74.69145,-1.17423],[-74.69508,-1.16397],[-74.70181,-1.15628],[-74.70861,-1.15463],[-74.71315,-1.1458],[-74.71896,-1.11585],[-74.7219,-1.11035],[-74.73716,-1.10547],[-74.74518,-1.08462],[-74.75797,-1.05813],[-74.7631,-1.05368],[-74.78442,-1.04995],[-74.79464,-1.03614],[-74.81466,-1.03347],[-74.82786,-1.027],[-74.8448,-1.02286],[-74.8509,-1.01731],[-74.85332,-1.00596],[-74.85856,-0.99771],[-74.86888,-0.98872],[-74.87762,-0.97565],[-74.88408,-0.96098],[-74.88735,-0.91963],[-74.87602,-0.91508],[-74.83719,-0.91973],[-74.82389,-0.92646],[-74.80686,-0.94165],[-74.79489,-0.93629],[-74.7879,-0.93764],[-74.77154,-0.94902],[-74.75154,-0.96984],[-74.73407,-0.96977],[-74.724,-0.97472],[-74.70849,-0.97164],[-74.68705,-0.97191],[-74.67671,-0.97807],[-74.65117,-0.98137],[-74.64288,-0.98886],[-74.6169,-0.98869],[-74.59907,-0.99301],[-74.58847,-0.99328],[-74.57362,-1.00973],[-74.56741,-1.0189],[-74.55061,-1.03523],[-74.54178,-1.03922],[-74.52666,-1.04088],[-74.50858,-1.02689],[-74.49757,-1.02388],[-74.47861,-1.02996],[-74.46331,-1.04155],[-74.45396,-1.05316],[-74.44339,-1.05803],[-74.43163,-1.0604],[-74.41764,-1.06704],[-74.3874,-1.06473],[-74.37412,-1.0654],[-74.36054,-1.07614],[-74.35408,-1.09102],[-74.33478,-1.10618],[-74.32924,-1.10721],[-74.32233,-1.11444],[-74.29874,-1.12473],[-74.28424,-1.13309],[-74.26495,-1.15299],[-74.25296,-1.16163],[-74.23711,-1.1646],[-74.22936,-1.1703],[-74.22066,-1.18079],[-74.21158,-1.19856],[-74.19307,-1.21671],[-74.17696,-1.22611],[-74.1491,-1.22635],[-74.14081,-1.23248],[-74.12595,-1.23913],[-74.12389,-1.24563],[-74.1049,-1.24312],[-74.08723,-1.24855],[-74.07651,-1.24813],[-74.05647,-1.24391],[-74.03393,-1.23699],[-74.01276,-1.23384],[-73.99183,-1.23912],[-73.95535,-1.24655],[-73.92384,-1.25614],[-73.91358,-1.26474],[-73.8997,-1.28803],[-73.88678,-1.29332],[-73.869,-1.29391],[-73.85887,-1.30485],[-73.85521,-1.31673],[-73.85473,-1.33327],[-73.85025,-1.34128],[-73.83378,-1.34868],[-73.80789,-1.36544],[-73.79196,-1.37407],[-73.78267,-1.38159],[-73.7779,-1.39648],[-73.76687,-1.40045],[-73.74852,-1.39577],[-73.73352,-1.38754],[-73.72839,-1.39023],[-73.71332,-1.38984],[-73.69626,-1.39473],[-73.68386,-1.39253],[-73.67372,-1.3849],[-73.65922,-1.38917],[-73.64393,-1.38882],[-73.63515,-1.39221],[-73.61594,-1.41473],[-73.6097,-1.42639],[-73.60303,-1.44489],[-73.59451,-1.44905],[-73.5806,-1.45072],[-73.56968,-1.44893],[-73.5497,-1.43959],[-73.53861,-1.43077],[-73.52985,-1.43997],[-73.53075,-1.45793],[-73.52882,-1.46467],[-73.511,-1.48213],[-73.49032,-1.48205],[-73.48528,-1.4951],[-73.49479,-1.50822],[-73.49191,-1.51503],[-73.47857,-1.52209],[-73.47901,-1.53436],[-73.48294,-1.5455],[-73.49076,-1.5563],[-73.4903,-1.5693],[-73.48616,-1.57412],[-73.47579,-1.57449],[-73.46662,-1.5677],[-73.45929,-1.5693],[-73.45741,-1.57701],[-73.46523,-1.59117],[-73.50117,-1.61915],[-73.50983,-1.63777],[-73.50949,-1.6481],[-73.52022,-1.66843],[-73.53272,-1.67964],[-73.53696,-1.68836],[-73.52953,-1.70727],[-73.51892,-1.71737],[-73.49995,-1.7312],[-73.4663,-1.73431],[-73.45928,-1.7364],[-73.45206,-1.74588],[-73.43566,-1.76248],[-73.43287,-1.78625],[-73.42565,-1.7903],[-73.40778,-1.78456],[-73.39744,-1.7758],[-73.38334,-1.77471],[-73.3714,-1.78179],[-73.35455,-1.79492],[-73.33531,-1.80062],[-73.32537,-1.80755],[-73.32308,-1.8221],[-73.31561,-1.82659],[-73.30956,-1.82576],[-73.30373,-1.81811],[-73.3094,-1.79235],[-73.30676,-1.78344],[-73.30061,-1.77879],[-73.28846,-1.77618],[-73.2732,-1.78208],[-73.2525,-1.78021],[-73.24417,-1.78625],[-73.24735,-1.7932],[-73.25502,-1.79561],[-73.25679,-1.80252],[-73.24759,-1.80641],[-73.23223,-1.79938],[-73.22886,-1.78687],[-73.23207,-1.76106],[-73.22433,-1.74984],[-73.21539,-1.74958],[-73.20379,-1.76392],[-73.19831,-1.77962],[-73.18427,-1.80849],[-73.16765,-1.80191],[-73.15028,-1.80156],[-73.14636,-1.80397],[-73.14422,-1.82589],[-73.15236,-1.84537],[-73.15207,-1.85758],[-73.14764,-1.86493],[-73.13734,-1.87116],[-73.11277,-1.87281],[-73.10852,-1.88135],[-73.10741,-1.89407],[-73.11842,-1.91208],[-73.11365,-1.92806],[-73.11281,-1.95252],[-73.11723,-1.96987],[-73.12337,-1.98122],[-73.1213,-1.99085],[-73.12282,-2.00333],[-73.11867,-2.0157],[-73.10147,-2.02512],[-73.09373,-2.03546],[-73.0944,-2.04223],[-73.10466,-2.0574],[-73.10692,-2.07362],[-73.10063,-2.08258],[-73.08841,-2.0844],[-73.07065,-2.08317],[-73.07029,-2.0965],[-73.07673,-2.10819],[-73.09682,-2.12022],[-73.10825,-2.12487],[-73.11419,-2.13087],[-73.11944,-2.14552],[-73.12314,-2.16654],[-73.13203,-2.18355],[-73.14862,-2.1879],[-73.16495,-2.18664],[-73.17147,-2.19814],[-73.16876,-2.22463],[-73.16342,-2.23978],[-73.15163,-2.26016],[-73.14643,-2.26431]]]}},{"type":"Feature","properties":{"ubigeo":"160803","nombre":"Teniente Manuel Clavero"},"geometry":{"type":"Polygon","coordinates":[[[-74.88735,-0.91963],[-74.90872,-0.92022],[-74.9168,-0.91416],[-74.92675,-0.89833],[-74.93541,-0.89212],[-74.94583,-0.89178],[-74.95518,-0.88674],[-74.96815,-0.85303],[-74.98427,-0.82222],[-75.00095,-0.81162],[-75.01901,-0.80218],[-75.02574,-0.8021],[-75.02663,-0.79705],[-75.03475,-0.79475],[-75.04161,-0.79997],[-75.06082,-0.78087],[-75.07213,-0.78359],[-75.0868,-0.78327],[-75.10982,-0.77477],[-75.12752,-0.76353],[-75.13342,-0.75723],[-75.13053,-0.75083],[-75.14051,-0.75339],[-75.15255,-0.74834],[-75.18406,-0.74059],[-75.1928,-0.73663],[-75.19977,-0.72578],[-75.19833,-0.72054],[-75.18734,-0.7188],[-75.18152,-0.71401],[-75.18716,-0.7091],[-75.2048,-0.70672],[-75.22383,-0.69493],[-75.23245,-0.6857],[-75.22829,-0.67354],[-75.24027,-0.65589],[-75.23461,-0.6557],[-75.23153,-0.64709],[-75.23447,-0.64076],[-75.23155,-0.63085],[-75.22324,-0.62299],[-75.23221,-0.61413],[-75.23019,-0.60272],[-75.23987,-0.60156],[-75.2367,-0.58443],[-75.22449,-0.57109],[-75.22764,-0.56953],[-75.2276,-0.55143],[-75.24078,-0.54858],[-75.23841,-0.53991],[-75.24294,-0.53275],[-75.24125,-0.52477],[-75.25119,-0.51926],[-75.26416,-0.53344],[-75.2715,-0.51727],[-75.26646,-0.5065],[-75.27774,-0.49841],[-75.28577,-0.49738],[-75.28688,-0.50444],[-75.29535,-0.50532],[-75.30139,-0.4929],[-75.31276,-0.49424],[-75.31446,-0.48967],[-75.31003,-0.48134],[-75.31344,-0.46756],[-75.32607,-0.46107],[-75.32471,-0.45339],[-75.33155,-0.45209],[-75.33643,-0.45998],[-75.34478,-0.46405],[-75.35305,-0.45892],[-75.35694,-0.44649],[-75.36704,-0.44572],[-75.37552,-0.43891],[-75.38752,-0.43433],[-75.38971,-0.41516],[-75.39864,-0.40934],[-75.40269,-0.40068],[-75.41397,-0.39734],[-75.4189,-0.38417],[-75.42636,-0.37727],[-75.42507,-0.37261],[-75.43122,-0.36927],[-75.43301,-0.36269],[-75.44202,-0.35353],[-75.44341,-0.34184],[-75.45743,-0.32841],[-75.46273,-0.31843],[-75.46652,-0.29766],[-75.47371,-0.29675],[-75.47271,-0.27429],[-75.47915,-0.26795],[-75.48123,-0.25938],[-75.481,-0.24061],[-75.49615,-0.22555],[-75.49881,-0.21636],[-75.51111,-0.21165],[-75.51527,-0.19596],[-75.52169,-0.19485],[-75.53122,-0.18414],[-75.53077,-0.1809],[-75.54792,-0.17809],[-75.56325,-0.18463],[-75.57052,-0.18468],[-75.5795,-0.17859],[-75.59052,-0.19063],[-75.61055,-0.19112],[-75.6105,-0.11336],[-75.60172,-0.10989],[-75.58948,-0.12283],[-75.57903,-0.12014],[-75.57208,-0.12777],[-75.56361,-0.1312],[-75.5505,-0.1282],[-75.54085,-0.11604],[-75.53664,-0.12123],[-75.53236,-0.11747],[-75.52526,-0.11955],[-75.51671,-0.11439],[-75.50986,-0.11979],[-75.50563,-0.11794],[-75.50312,-0.12729],[-75.49743,-0.13136],[-75.48506,-0.13018],[-75.47412,-0.1384],[-75.46661,-0.14112],[-75.46068,-0.15167],[-75.45076,-0.14997],[-75.44948,-0.15469],[-75.43283,-0.15356],[-75.42333,-0.1573],[-75.41563,-0.16476],[-75.40513,-0.17027],[-75.39761,-0.16509],[-75.38364,-0.16848],[-75.36903,-0.16063],[-75.36402,-0.14611],[-75.3569,-0.14878],[-75.35469,-0.15484],[-75.35853,-0.15877],[-75.35,-0.16349],[-75.34038,-0.15563],[-75.33123,-0.15588],[-75.3226,-0.15959],[-75.30423,-0.1565],[-75.29484,-0.14821],[-75.28657,-0.1523],[-75.28397,-0.1416],[-75.27674,-0.13424],[-75.25977,-0.12795],[-75.25662,-0.11371],[-75.24928,-0.10677],[-75.24105,-0.10343],[-75.22576,-0.08603],[-75.21959,-0.07657],[-75.21955,-0.06022],[-75.21549,-0.04869],[-75.1836,-0.03861],[-75.16613,-0.04432],[-75.16028,-0.0511],[-75.15342,-0.05294],[-75.14137,-0.06632],[-75.10204,-0.08052],[-75.08863,-0.08035],[-75.07736,-0.0842],[-75.06755,-0.09344],[-75.05579,-0.10783],[-75.03908,-0.11621],[-75.02375,-0.13924],[-75.01689,-0.14569],[-74.99852,-0.1513],[-74.97755,-0.15186],[-74.9728,-0.15353],[-74.96967,-0.18002],[-74.95862,-0.19384],[-74.94177,-0.20135],[-74.93571,-0.207],[-74.93208,-0.21779],[-74.92003,-0.21749],[-74.91866,-0.20481],[-74.91359,-0.202],[-74.90731,-0.20674],[-74.90057,-0.21968],[-74.89709,-0.2329],[-74.89229,-0.2369],[-74.88019,-0.2403],[-74.86049,-0.23856],[-74.84809,-0.23358],[-74.84255,-0.22713],[-74.83543,-0.21103],[-74.83039,-0.20481],[-74.81918,-0.19859],[-74.81391,-0.19225],[-74.80491,-0.18915],[-74.80406,-0.19467],[-74.78246,-0.20136],[-74.77258,-0.21141],[-74.76271,-0.22479],[-74.75222,-0.24583],[-74.74746,-0.25197],[-74.74647,-0.26411],[-74.74226,-0.27506],[-74.73039,-0.29292],[-74.72942,-0.31083],[-74.73251,-0.32236],[-74.73114,-0.33918],[-74.72393,-0.3454],[-74.71065,-0.35024],[-74.70344,-0.34506],[-74.68959,-0.32927],[-74.67928,-0.33273],[-74.67757,-0.33999],[-74.68276,-0.3499],[-74.68387,-0.35926],[-74.66864,-0.37375],[-74.65822,-0.37295],[-74.64803,-0.36304],[-74.63201,-0.35877],[-74.61198,-0.35036],[-74.60751,-0.35439],[-74.6158,-0.37585],[-74.60632,-0.3835],[-74.58965,-0.38366],[-74.58129,-0.38781],[-74.57472,-0.39503],[-74.57515,-0.40584],[-74.57111,-0.41376],[-74.55544,-0.41892],[-74.54282,-0.43506],[-74.53458,-0.45096],[-74.52955,-0.46513],[-74.52473,-0.46894],[-74.51535,-0.46778],[-74.50608,-0.46202],[-74.49897,-0.46162],[-74.49606,-0.47034],[-74.50219,-0.48219],[-74.49494,-0.48863],[-74.48953,-0.48682],[-74.47749,-0.47411],[-74.47195,-0.47675],[-74.46505,-0.48794],[-74.45181,-0.48999],[-74.44369,-0.49602],[-74.42505,-0.49688],[-74.42134,-0.50452],[-74.42687,-0.54112],[-74.42397,-0.55346],[-74.41843,-0.55814],[-74.40965,-0.55464],[-74.40189,-0.54142],[-74.39451,-0.54198],[-74.38818,-0.55566],[-74.39004,-0.57458],[-74.38772,-0.59071],[-74.37432,-0.60586],[-74.36644,-0.61045],[-74.36093,-0.62382],[-74.36233,-0.63674],[-74.37206,-0.64454],[-74.37283,-0.65289],[-74.36346,-0.66483],[-74.34344,-0.67287],[-74.33757,-0.68293],[-74.34053,-0.69801],[-74.35136,-0.70871],[-74.37202,-0.714],[-74.37635,-0.71883],[-74.37384,-0.73204],[-74.36733,-0.74088],[-74.35854,-0.74616],[-74.3477,-0.75696],[-74.33709,-0.75949],[-74.32043,-0.7542],[-74.31165,-0.75822],[-74.31107,-0.76592],[-74.31792,-0.77775],[-74.3194,-0.78832],[-74.31346,-0.79395],[-74.30351,-0.7923],[-74.29385,-0.77709],[-74.28722,-0.7751],[-74.28139,-0.78039],[-74.28117,-0.789],[-74.28642,-0.79555],[-74.29224,-0.81439],[-74.28927,-0.82117],[-74.28014,-0.82737],[-74.27112,-0.82622],[-74.2548,-0.81634],[-74.24636,-0.81622],[-74.2467,-0.82725],[-74.25526,-0.8323],[-74.26815,-0.84701],[-74.26986,-0.86011],[-74.26609,-0.87343],[-74.26917,-0.87929],[-74.27682,-0.88125],[-74.28629,-0.87148],[-74.29622,-0.86678],[-74.30809,-0.86609],[-74.31767,-0.87482],[-74.3203,-0.88424],[-74.31094,-0.89573],[-74.29165,-0.89343],[-74.28332,-0.8948],[-74.2783,-0.89986],[-74.27315,-0.91203],[-74.27042,-0.92972],[-74.26322,-0.94649],[-74.27054,-0.96309],[-74.27151,-0.97388],[-74.26722,-0.98236],[-74.24495,-0.99267],[-74.2234,-1.00736],[-74.2152,-1.00988],[-74.19913,-1.01022],[-74.18318,-1.0046],[-74.16836,-1.00633],[-74.14452,-1.01856],[-74.12294,-1.03306],[-74.09426,-1.04801],[-74.06392,-1.05295],[-74.05506,-1.05207],[-74.0462,-1.04482],[-74.04073,-1.0321],[-74.03997,-1.01947],[-74.03542,-1.0096],[-74.02767,-1.00433],[-74.01761,-1.00881],[-74.01548,-1.02214],[-74.01993,-1.03267],[-74.02328,-1.05703],[-74.01507,-1.08648],[-73.9998,-1.10249],[-73.98804,-1.10316],[-73.96464,-1.08275],[-73.95389,-1.0893],[-73.95059,-1.09791],[-73.96656,-1.11778],[-73.96645,-1.12332],[-73.95857,-1.13079],[-73.9478,-1.13211],[-73.92727,-1.12059],[-73.91374,-1.12003],[-73.90625,-1.12462],[-73.89846,-1.13435],[-73.89441,-1.14991],[-73.89618,-1.16675],[-73.8865,-1.18076],[-73.87142,-1.1973],[-73.86822,-1.20535],[-73.86752,-1.22316],[-73.85713,-1.23178],[-73.83955,-1.23556],[-73.82355,-1.23636],[-73.81168,-1.24865],[-73.80322,-1.24934],[-73.78976,-1.23968],[-73.78393,-1.24405],[-73.78438,-1.25657],[-73.78038,-1.25921],[-73.77056,-1.25726],[-73.75401,-1.2384],[-73.75369,-1.20599],[-73.74786,-1.19989],[-73.74294,-1.20064],[-73.7438,-1.21224],[-73.741,-1.23426],[-73.73471,-1.24437],[-73.71815,-1.25113],[-73.7084,-1.25177],[-73.69761,-1.24911],[-73.68093,-1.23802],[-73.67442,-1.24031],[-73.66346,-1.24996],[-73.65146,-1.26478],[-73.63879,-1.26833],[-73.62463,-1.25936],[-73.61995,-1.26131],[-73.61777,-1.28648],[-73.61297,-1.31549],[-73.59881,-1.32803],[-73.59239,-1.32842],[-73.57653,-1.31806],[-73.56979,-1.32243],[-73.57682,-1.33616],[-73.57916,-1.35958],[-73.56497,-1.37221],[-73.55354,-1.39379],[-73.55022,-1.40688],[-73.55249,-1.41562],[-73.559,-1.41907],[-73.57699,-1.41322],[-73.58389,-1.41516],[-73.58536,-1.42307],[-73.57315,-1.42896],[-73.53861,-1.43077],[-73.5497,-1.43959],[-73.56968,-1.44893],[-73.5806,-1.45072],[-73.59451,-1.44905],[-73.60303,-1.44489],[-73.6097,-1.42639],[-73.61594,-1.41473],[-73.63515,-1.39221],[-73.64393,-1.38882],[-73.65922,-1.38917],[-73.67372,-1.3849],[-73.68386,-1.39253],[-73.69626,-1.39473],[-73.71332,-1.38984],[-73.72839,-1.39023],[-73.73352,-1.38754],[-73.74852,-1.39577],[-73.76687,-1.40045],[-73.7779,-1.39648],[-73.78267,-1.38159],[-73.79196,-1.37407],[-73.80789,-1.36544],[-73.83378,-1.34868],[-73.85025,-1.34128],[-73.85473,-1.33327],[-73.85521,-1.31673],[-73.85887,-1.30485],[-73.869,-1.29391],[-73.88678,-1.29332],[-73.8997,-1.28803],[-73.91358,-1.26474],[-73.92384,-1.25614],[-73.95535,-1.24655],[-73.99183,-1.23912],[-74.01276,-1.23384],[-74.03393,-1.23699],[-74.05647,-1.24391],[-74.07651,-1.24813],[-74.08723,-1.24855],[-74.1049,-1.24312],[-74.12389,-1.24563],[-74.12595,-1.23913],[-74.14081,-1.23248],[-74.1491,-1.22635],[-74.17696,-1.22611],[-74.19307,-1.21671],[-74.21158,-1.19856],[-74.22066,-1.18079],[-74.22936,-1.1703],[-74.23711,-1.1646],[-74.25296,-1.16163],[-74.26495,-1.15299],[-74.28424,-1.13309],[-74.29874,-1.12473],[-74.32233,-1.11444],[-74.32924,-1.10721],[-74.33478,-1.10618],[-74.35408,-1.09102],[-74.36054,-1.07614],[-74.37412,-1.0654],[-74.3874,-1.06473],[-74.41764,-1.06704],[-74.43163,-1.0604],[-74.44339,-1.05803],[-74.45396,-1.05316],[-74.46331,-1.04155],[-74.47861,-1.02996],[-74.49757,-1.02388],[-74.50858,-1.02689],[-74.52666,-1.04088],[-74.54178,-1.03922],[-74.55061,-1.03523],[-74.56741,-1.0189],[-74.57362,-1.00973],[-74.58847,-0.99328],[-74.59907,-0.99301],[-74.6169,-0.98869],[-74.64288,-0.98886],[-74.65117,-0.98137],[-74.67671,-0.97807],[-74.68705,-0.97191],[-74.70849,-0.97164],[-74.724,-0.97472],[-74.73407,-0.96977],[-74.75154,-0.96984],[-74.77154,-0.94902],[-74.7879,-0.93764],[-74.79489,-0.93629],[-74.80686,-0.94165],[-74.82389,-0.92646],[-74.83719,-0.91973],[-74.87602,-0.91508],[-74.88735,-0.91963]]]}},{"type":"Feature","properties":{"ubigeo":"160804","nombre":"Yaguas"},"geometry":{"type":"Polygon","coordinates":[[[-71.31074,-3.18157],[-71.3304,-3.17546],[-71.35404,-3.17203],[-71.366,-3.17621],[-71.37548,-3.18444],[-71.37683,-3.19178],[-71.38959,-3.19582],[-71.42237,-3.2013],[-71.43307,-3.20143],[-71.44389,-3.19621],[-71.44667,-3.18279],[-71.44443,-3.16583],[-71.47702,-3.151],[-71.48532,-3.13874],[-71.50019,-3.11217],[-71.50682,-3.10579],[-71.52082,-3.09928],[-71.54058,-3.09635],[-71.56515,-3.08856],[-71.57937,-3.08101],[-71.59323,-3.07086],[-71.60352,-3.0667],[-71.6151,-3.067],[-71.63246,-3.06268],[-71.64668,-3.05393],[-71.65566,-3.04461],[-71.6625,-3.04133],[-71.67525,-3.04424],[-71.69686,-3.04607],[-71.72626,-3.04306],[-71.73961,-3.0395],[-71.75762,-3.02894],[-71.77129,-3.01554],[-71.7784,-3.00377],[-71.78543,-2.98749],[-71.78885,-2.97427],[-71.78985,-2.95793],[-71.78536,-2.94112],[-71.78861,-2.92669],[-71.80251,-2.91364],[-71.81457,-2.90812],[-71.83918,-2.9122],[-71.85556,-2.9104],[-71.88712,-2.89705],[-71.91077,-2.8966],[-71.93311,-2.89364],[-71.9561,-2.88691],[-71.98064,-2.87749],[-71.9977,-2.86563],[-72.01121,-2.84724],[-72.01939,-2.8288],[-72.02606,-2.81932],[-72.03481,-2.81634],[-72.04411,-2.82297],[-72.05368,-2.82609],[-72.06318,-2.83379],[-72.07865,-2.83972],[-72.10428,-2.83861],[-72.11813,-2.83431],[-72.12476,-2.82943],[-72.11295,-2.82007],[-72.10004,-2.80645],[-72.0879,-2.80129],[-72.04975,-2.79197],[-72.01225,-2.78037],[-71.9902,-2.77187],[-71.98243,-2.76208],[-71.9843,-2.74732],[-71.98199,-2.72133],[-71.97308,-2.69656],[-71.96227,-2.6802],[-71.94678,-2.66013],[-71.94334,-2.64728],[-71.94499,-2.63412],[-71.95421,-2.61862],[-71.95758,-2.608],[-71.95578,-2.60231],[-71.93912,-2.58153],[-71.92246,-2.56307],[-71.9216,-2.55302],[-71.93615,-2.52113],[-71.93497,-2.51067],[-71.92635,-2.49972],[-71.91617,-2.49063],[-71.9015,-2.48445],[-71.88532,-2.48357],[-71.85125,-2.48765],[-71.84028,-2.4843],[-71.82769,-2.46627],[-71.81536,-2.4581],[-71.81075,-2.44491],[-71.80414,-2.43429],[-71.79756,-2.43346],[-71.78564,-2.43989],[-71.77001,-2.44356],[-71.75444,-2.44211],[-71.74865,-2.433],[-71.73378,-2.43327],[-71.72309,-2.44513],[-71.7099,-2.44815],[-71.68744,-2.43469],[-71.67599,-2.43292],[-71.66514,-2.40948],[-71.65712,-2.40001],[-71.64543,-2.39144],[-71.63905,-2.37355],[-71.63067,-2.35898],[-71.61222,-2.3521],[-71.58731,-2.35416],[-71.57882,-2.3595],[-71.55692,-2.35867],[-71.5366,-2.36338],[-71.52009,-2.36964],[-71.50438,-2.36701],[-71.49337,-2.35404],[-71.481,-2.34742],[-71.47997,-2.33086],[-71.49615,-2.29334],[-71.49481,-2.278],[-71.48775,-2.27242],[-71.47732,-2.26936],[-71.46335,-2.27109],[-71.4461,-2.28592],[-71.43664,-2.30187],[-71.43195,-2.31475],[-71.42539,-2.32428],[-71.40617,-2.33722],[-71.3964,-2.34711],[-71.39676,-2.36334],[-71.40601,-2.3846],[-71.40633,-2.39307],[-71.40178,-2.40146],[-71.3904,-2.40711],[-71.37981,-2.40068],[-71.37109,-2.38935],[-71.34694,-2.37926],[-71.33486,-2.38177],[-71.32553,-2.38021],[-71.31674,-2.3744],[-71.3107,-2.36491],[-71.30947,-2.35249],[-71.30239,-2.34357],[-71.26983,-2.3333],[-71.26638,-2.34491],[-71.27078,-2.35604],[-71.26011,-2.35683],[-71.25226,-2.34334],[-71.24575,-2.33777],[-71.23108,-2.33761],[-71.21947,-2.3482],[-71.21022,-2.3646],[-71.20018,-2.37456],[-71.18817,-2.37958],[-71.17578,-2.37903],[-71.17201,-2.37275],[-71.17043,-2.35019],[-71.16684,-2.33777],[-71.15703,-2.33361],[-71.15083,-2.33439],[-71.14076,-2.34281],[-71.13032,-2.33749],[-71.13355,-2.31801],[-71.14323,-2.30459],[-71.13977,-2.29078],[-71.13358,-2.28513],[-71.11993,-2.2805],[-71.09918,-2.27635],[-71.07736,-2.27437],[-71.06855,-2.27117],[-71.05333,-2.27062],[-71.03442,-2.27486],[-71.02642,-2.28027],[-71.01691,-2.29553],[-70.99839,-2.30393],[-70.98908,-2.29635],[-70.99447,-2.27782],[-71.00102,-2.26934],[-71.01772,-2.24081],[-71.01891,-2.22687],[-71.00917,-2.21061],[-71.00021,-2.20785],[-70.9727,-2.21422],[-70.9646,-2.224],[-70.95937,-2.23768],[-70.95218,-2.24654],[-70.94145,-2.25321],[-70.92867,-2.25415],[-70.92066,-2.25014],[-70.90693,-2.23131],[-70.89961,-2.22535],[-70.87939,-2.22089],[-70.86375,-2.22712],[-70.85815,-2.23218],[-70.85189,-2.24414],[-70.84211,-2.28081],[-70.83595,-2.29081],[-70.82702,-2.29439],[-70.81334,-2.29475],[-70.79078,-2.2918],[-70.77776,-2.29299],[-70.76697,-2.30021],[-70.75979,-2.31987],[-70.75124,-2.32827],[-70.7295,-2.33107],[-70.7148,-2.33579],[-70.69389,-2.33926],[-70.67426,-2.34756],[-70.66592,-2.35377],[-70.66273,-2.36377],[-70.66468,-2.36929],[-70.67589,-2.38375],[-70.67899,-2.3934],[-70.67844,-2.40214],[-70.67113,-2.40927],[-70.66488,-2.41041],[-70.64484,-2.40551],[-70.63581,-2.39564],[-70.62997,-2.39291],[-70.62707,-2.39753],[-70.6283,-2.42162],[-70.63918,-2.44184],[-70.64137,-2.45551],[-70.63829,-2.46577],[-70.62723,-2.47638],[-70.61421,-2.48222],[-70.5993,-2.48444],[-70.58314,-2.48155],[-70.56164,-2.47301],[-70.55226,-2.46477],[-70.55126,-2.45625],[-70.55422,-2.44763],[-70.56022,-2.44112],[-70.59346,-2.4304],[-70.59562,-2.42132],[-70.58992,-2.41789],[-70.56442,-2.41837],[-70.55117,-2.42344],[-70.54147,-2.43207],[-70.53201,-2.44564],[-70.5238,-2.46243],[-70.5174,-2.46899],[-70.50045,-2.47277],[-70.49324,-2.46971],[-70.47506,-2.45507],[-70.46604,-2.45893],[-70.45148,-2.48157],[-70.44827,-2.50492],[-70.44252,-2.51649],[-70.43723,-2.52125],[-70.42315,-2.52625],[-70.41254,-2.5257],[-70.4017,-2.51825],[-70.38601,-2.50211],[-70.3766,-2.49513],[-70.35791,-2.48932],[-70.33457,-2.49705],[-70.31988,-2.50415],[-70.30364,-2.5014],[-70.29517,-2.51263],[-70.29586,-2.51905],[-70.3018,-2.52822],[-70.31766,-2.53635],[-70.33902,-2.53772],[-70.3545,-2.54527],[-70.35895,-2.55976],[-70.35191,-2.56854],[-70.33458,-2.57789],[-70.32304,-2.57908],[-70.30253,-2.57319],[-70.28792,-2.56324],[-70.27384,-2.54733],[-70.2634,-2.5436],[-70.25061,-2.5474],[-70.24219,-2.55281],[-70.23468,-2.56339],[-70.23006,-2.57459],[-70.22558,-2.60254],[-70.22262,-2.62984],[-70.21933,-2.64359],[-70.20748,-2.65691],[-70.1963,-2.65898],[-70.18796,-2.65027],[-70.18418,-2.63813],[-70.17905,-2.63267],[-70.17249,-2.63324],[-70.16151,-2.64025],[-70.15421,-2.65688],[-70.15484,-2.66723],[-70.16229,-2.68247],[-70.16206,-2.68785],[-70.13535,-2.7027],[-70.12721,-2.70287],[-70.11843,-2.69863],[-70.10926,-2.68488],[-70.10589,-2.67539],[-70.10327,-2.65736],[-70.09819,-2.65058],[-70.09091,-2.64715],[-70.0789,-2.65539],[-70.06996,-2.67084],[-70.06604,-2.6841],[-70.06652,-2.7004],[-70.07017,-2.71126],[-70.07125,-2.72432],[-70.06563,-2.75043],[-70.06006,-2.75892],[-70.07361,-2.79066],[-70.07994,-2.79566],[-70.10556,-2.83649],[-70.47792,-3.42422],[-70.49277,-3.41879],[-70.51447,-3.39997],[-70.52956,-3.39567],[-70.53979,-3.39643],[-70.55349,-3.40093],[-70.56529,-3.40879],[-70.58317,-3.4166],[-70.59613,-3.41949],[-70.61328,-3.42019],[-70.62872,-3.41783],[-70.65445,-3.40669],[-70.66196,-3.39742],[-70.67135,-3.37848],[-70.67985,-3.37038],[-70.68907,-3.36685],[-70.71462,-3.36395],[-70.72768,-3.36927],[-70.77566,-3.37473],[-70.79835,-3.3753],[-70.81539,-3.37189],[-70.87053,-3.35541],[-70.90572,-3.34193],[-70.92185,-3.33281],[-70.94578,-3.31647],[-70.969,-3.29884],[-70.97588,-3.28079],[-70.98115,-3.27632],[-70.99657,-3.27],[-71.01335,-3.25818],[-71.03505,-3.25576],[-71.05589,-3.246],[-71.05995,-3.23645],[-71.05962,-3.22359],[-71.06812,-3.2125],[-71.08921,-3.2143],[-71.11049,-3.21229],[-71.13396,-3.21226],[-71.15424,-3.21081],[-71.17212,-3.21553],[-71.19206,-3.21863],[-71.20702,-3.21895],[-71.22226,-3.21704],[-71.2424,-3.22409],[-71.24848,-3.21311],[-71.27364,-3.19945],[-71.28024,-3.1981],[-71.29115,-3.20137],[-71.29714,-3.20016],[-71.30375,-3.18711],[-71.31074,-3.18157]]]}}]}