{"type":"FeatureCollection","features":[{"type":"Feature","properties":{"ubigeo":"170101","nombre":"Tambopata"},"geometry":{"type":"Polygon","coordinates":[[[-68.87187,-13.00393],[-68.9274,-13.02888],[-69.04859,-13.08087],[-69.1138,-13.10982],[-69.22016,-13.15573],[-69.3106,-13.19578],[-69.50744,-13.28107],[-69.64749,-13.34131],[-69.65197,-13.33133],[-69.64522,-13.32252],[-69.64111,-13.30423],[-69.63534,-13.29592],[-69.63514,-13.27578],[-69.6392,-13.26845],[-69.63193,-13.25075],[-69.63005,-13.22958],[-69.63205,-13.22141],[-69.63142,-13.19944],[-69.62088,-13.17965],[-69.61371,-13.15731],[-69.60309,-13.14397],[-69.59467,-13.13735],[-69.59644,-13.10995],[-69.58518,-13.10465],[-69.57607,-13.09306],[-69.57944,-13.08555],[-69.56459,-13.07319],[-69.55567,-13.05932],[-69.54179,-13.05514],[-69.54066,-13.04475],[-69.53377,-13.04],[-69.52819,-13.03038],[-69.50859,-13.02361],[-69.49831,-13.00353],[-69.49878,-12.99169],[-69.50309,-12.98211],[-69.49974,-12.97685],[-69.50111,-12.96795],[-69.51445,-12.96049],[-69.52362,-12.95796],[-69.52745,-12.95187],[-69.52382,-12.94038],[-69.50771,-12.93366],[-69.50445,-12.92416],[-69.51132,-12.92029],[-69.51893,-12.90206],[-69.514,-12.88732],[-69.50357,-12.87814],[-69.50014,-12.86996],[-69.4894,-12.86565],[-69.48421,-12.86028],[-69.46074,-12.84897],[-69.44753,-12.84609],[-69.44348,-12.83306],[-69.44426,-12.82177],[-69.4507,-12.81397],[-69.45834,-12.81279],[-69.46645,-12.79845],[-69.47998,-12.79232],[-69.48325,-12.77858],[-69.48753,-12.77227],[-69.48858,-12.7612],[-69.47288,-12.751],[-69.45754,-12.74507],[-69.44588,-12.73321],[-69.43542,-12.73101],[-69.44622,-12.71164],[-69.45895,-12.69768],[-69.4588,-12.67727],[-69.46286,-12.65099],[-69.45311,-12.61629],[-69.44809,-12.60675],[-69.45182,-12.60451],[-69.46383,-12.60992],[-69.47662,-12.62271],[-69.48909,-12.6211],[-69.50418,-12.6219],[-69.50459,-12.60392],[-69.49966,-12.5973],[-69.49685,-12.58605],[-69.49077,-12.5795],[-69.50068,-12.57203],[-69.52167,-12.57104],[-69.52911,-12.57379],[-69.54035,-12.56926],[-69.54865,-12.55909],[-69.54811,-12.54375],[-69.5524,-12.53328],[-69.55266,-12.52003],[-69.5701,-12.491],[-69.57471,-12.48917],[-69.59044,-12.49569],[-69.59712,-12.51422],[-69.62393,-12.51726],[-69.63148,-12.50176],[-69.64256,-12.49746],[-69.65916,-12.49912],[-69.67089,-12.50564],[-69.67356,-12.51877],[-69.67908,-12.51995],[-69.6914,-12.51465],[-69.71247,-12.52498],[-69.72339,-12.5225],[-69.75862,-12.4978],[-69.7677,-12.49457],[-69.78118,-12.49848],[-69.78921,-12.4958],[-69.80792,-12.48072],[-69.82009,-12.47946],[-69.85583,-12.48212],[-69.86803,-12.48212],[-69.89182,-12.47469],[-69.92008,-12.45178],[-69.92811,-12.43959],[-69.93882,-12.43007],[-69.95279,-12.42561],[-69.98224,-12.42829],[-69.99711,-12.42799],[-70.00633,-12.42501],[-70.01853,-12.41371],[-70.02484,-12.39617],[-70.04385,-12.37744],[-70.07382,-12.35837],[-70.09482,-12.34947],[-70.10543,-12.34819],[-70.12247,-12.35015],[-70.13446,-12.34596],[-70.14459,-12.34546],[-70.15267,-12.35483],[-70.16489,-12.35762],[-70.18235,-12.34647],[-70.18996,-12.34519],[-70.20496,-12.34712],[-70.21546,-12.33972],[-70.22617,-12.3364],[-70.23999,-12.32698],[-70.24404,-12.31177],[-70.25134,-12.30377],[-70.26207,-12.27737],[-70.26078,-12.26783],[-70.26902,-12.25077],[-70.27833,-12.24655],[-70.28139,-12.23588],[-70.2967,-12.23121],[-70.30857,-12.21721],[-70.30757,-12.20373],[-70.31247,-12.1867],[-70.32443,-12.17898],[-70.34739,-12.16124],[-70.34655,-12.15265],[-70.33923,-12.14008],[-70.34008,-12.12745],[-70.34594,-12.11449],[-70.36426,-12.09991],[-70.38366,-12.09076],[-70.39788,-12.07109],[-70.44065,-12.05197],[-70.44411,-12.05224],[-70.45793,-12.03344],[-70.47896,-12.02355],[-70.49725,-12.00521],[-70.50076,-11.99749],[-70.51479,-11.98697],[-70.51961,-11.97732],[-70.52741,-11.97654],[-70.55731,-11.96426],[-70.5666,-11.95418],[-70.56809,-11.94901],[-70.57855,-11.94292],[-70.58062,-11.9342],[-70.57809,-11.92873],[-70.59518,-11.92553],[-70.60051,-11.92112],[-70.61922,-11.91681],[-70.63098,-11.9187],[-70.65655,-11.90867],[-70.66423,-11.90335],[-70.69039,-11.89798],[-70.70331,-11.90036],[-70.71282,-11.90804],[-70.73409,-11.90751],[-70.73616,-11.9147],[-70.73155,-11.92392],[-70.72087,-11.93318],[-70.69276,-11.94178],[-70.68097,-11.94844],[-70.66728,-11.94975],[-70.66007,-11.95332],[-70.65399,-11.96592],[-70.63866,-11.97904],[-70.63557,-11.98676],[-70.62906,-11.99258],[-70.61247,-11.99515],[-70.59741,-12.01148],[-70.59788,-12.01943],[-70.58646,-12.05134],[-70.57779,-12.06274],[-70.54758,-12.08633],[-70.53744,-12.08973],[-70.53049,-12.08589],[-70.51772,-12.08646],[-70.49375,-12.09578],[-70.48699,-12.11027],[-70.46971,-12.11474],[-70.46182,-12.12288],[-70.45081,-12.13006],[-70.43419,-12.13751],[-70.41661,-12.14236],[-70.40335,-12.15081],[-70.40993,-12.14742],[-70.42144,-12.15269],[-70.4256,-12.14653],[-70.43086,-12.15462],[-70.43582,-12.15442],[-70.43713,-12.14319],[-70.44102,-12.13935],[-70.44513,-12.14494],[-70.4478,-12.1363],[-70.4518,-12.14078],[-70.46592,-12.12682],[-70.47203,-12.13145],[-70.4713,-12.1202],[-70.47434,-12.11664],[-70.47949,-12.12168],[-70.48461,-12.11868],[-70.49264,-12.10755],[-70.49892,-12.1068],[-70.5079,-12.11209],[-70.51242,-12.10498],[-70.51424,-12.11439],[-70.52248,-12.11096],[-70.53394,-12.11908],[-70.53616,-12.11356],[-70.54956,-12.09922],[-70.55475,-12.10403],[-70.55592,-12.09644],[-70.56902,-12.08953],[-70.5643,-12.08391],[-70.57181,-12.08357],[-70.57581,-12.0733],[-70.58696,-12.07822],[-70.58899,-12.06798],[-70.5951,-12.06963],[-70.60217,-12.06208],[-70.59673,-12.05771],[-70.60045,-12.05132],[-70.61092,-12.05111],[-70.6046,-12.04384],[-70.6047,-12.03817],[-70.62408,-12.05167],[-70.62923,-12.04166],[-70.64036,-12.03716],[-70.63397,-12.03409],[-70.63963,-12.02596],[-70.63625,-12.0224],[-70.64009,-12.01363],[-70.64661,-12.01328],[-70.64561,-12.00178],[-70.65562,-12.0037],[-70.66447,-11.99575],[-70.67408,-11.99369],[-70.68567,-12.00456],[-70.68682,-11.99774],[-70.69228,-12.002],[-70.70295,-11.99339],[-70.70862,-11.99353],[-70.71681,-11.98685],[-70.72467,-11.9907],[-70.73363,-11.98359],[-70.73806,-11.9915],[-70.74371,-11.98764],[-70.74775,-11.99071],[-70.74666,-11.99799],[-70.76858,-11.99598],[-70.77466,-11.98862],[-70.77885,-11.99843],[-70.77929,-11.99089],[-70.79685,-11.98245],[-70.8059,-11.98582],[-70.81083,-11.9772],[-70.81243,-11.98182],[-70.82579,-11.96579],[-70.83496,-11.96269],[-70.83939,-11.96623],[-70.846,-11.96133],[-70.85318,-11.96651],[-70.86096,-11.96243],[-70.85887,-11.95559],[-70.8665,-11.956],[-70.86662,-11.9484],[-70.87198,-11.94803],[-70.87602,-11.93913],[-70.88295,-11.94303],[-70.89084,-11.93173],[-70.88652,-11.92731],[-70.89607,-11.92401],[-70.89758,-11.91572],[-70.90768,-11.91584],[-70.9105,-11.92265],[-70.91744,-11.92465],[-70.92242,-11.918],[-70.9286,-11.91689],[-70.93838,-11.92461],[-70.94084,-11.92005],[-70.95125,-11.92897],[-70.95706,-11.91596],[-70.96012,-11.92016],[-70.97252,-11.92321],[-70.97314,-11.91549],[-70.98175,-11.9183],[-70.99153,-11.91375],[-70.99017,-11.90953],[-71.00469,-11.90023],[-71.01158,-11.89941],[-71.00838,-11.89321],[-71.02083,-11.89379],[-71.02616,-11.88501],[-71.0207,-11.86763],[-71.02512,-11.86274],[-71.03548,-11.86506],[-71.03732,-11.8741],[-71.04501,-11.8721],[-71.04977,-11.86182],[-71.04453,-11.85347],[-71.05149,-11.84529],[-71.04742,-11.83965],[-71.0565,-11.83776],[-71.05656,-11.82777],[-71.05984,-11.82735],[-71.05973,-11.80629],[-71.06589,-11.79993],[-71.06399,-11.79272],[-71.07863,-11.78289],[-71.08132,-11.77681],[-71.09073,-11.77004],[-71.09674,-11.77041],[-71.10467,-11.76551],[-71.10758,-11.77126],[-71.10985,-11.76258],[-71.11566,-11.76206],[-71.12629,-11.75334],[-71.14147,-11.75377],[-71.14692,-11.75009],[-71.16336,-11.74961],[-71.16586,-11.75495],[-71.17578,-11.763],[-71.19687,-11.76371],[-71.20068,-11.75832],[-71.20923,-11.75658],[-71.20995,-11.75021],[-71.23287,-11.73455],[-71.24033,-11.72582],[-71.25143,-11.70817],[-71.27395,-11.694],[-71.29546,-11.68792],[-71.29854,-11.6913],[-71.30363,-11.68443],[-71.31416,-11.68678],[-71.32066,-11.67919],[-71.31284,-11.65948],[-71.3165,-11.65307],[-71.3308,-11.65556],[-71.33857,-11.65106],[-71.34381,-11.64239],[-71.33936,-11.63874],[-71.33862,-11.62969],[-71.34551,-11.63019],[-71.358,-11.61537],[-71.3633,-11.61651],[-71.37678,-11.60114],[-71.36895,-11.59688],[-71.38588,-11.5759],[-71.40086,-11.57714],[-71.40833,-11.5807],[-71.41063,-11.57735],[-71.39996,-11.56493],[-71.3987,-11.55307],[-71.40582,-11.54085],[-71.41573,-11.52885],[-71.42026,-11.50979],[-71.42424,-11.50348],[-71.43636,-11.50525],[-71.44109,-11.50188],[-71.44954,-11.50993],[-71.46221,-11.51203],[-71.4704,-11.50455],[-71.48091,-11.50027],[-71.48138,-11.49603],[-71.49381,-11.48905],[-71.5037,-11.4914],[-71.52011,-11.48203],[-71.52958,-11.48042],[-71.54838,-11.4865],[-71.55788,-11.48466],[-71.56384,-11.47587],[-71.57263,-11.47005],[-71.57873,-11.46963],[-71.58391,-11.45618],[-71.58718,-11.43945],[-71.59114,-11.43113],[-71.60485,-11.435],[-71.61791,-11.43532],[-71.63055,-11.42373],[-71.64598,-11.42942],[-71.6647,-11.41939],[-71.66525,-11.4052],[-71.65352,-11.39793],[-71.64792,-11.38771],[-71.64861,-11.37773],[-71.65765,-11.36509],[-71.66003,-11.3525],[-71.66781,-11.35472],[-71.68227,-11.37206],[-71.69098,-11.37398],[-71.6992,-11.3552],[-71.71214,-11.34451],[-71.72436,-11.33873],[-71.73365,-11.34297],[-71.74149,-11.33325],[-71.75021,-11.3299],[-71.75762,-11.34133],[-71.76383,-11.34081],[-71.77275,-11.33199],[-71.77447,-11.3257],[-71.78741,-11.32111],[-71.79016,-11.31623],[-71.79771,-11.32065],[-71.81516,-11.31944],[-71.82613,-11.3151],[-71.82947,-11.31773],[-71.8351,-11.33259],[-71.84553,-11.34273],[-71.84387,-11.35132],[-71.84853,-11.36269],[-71.85387,-11.36815],[-71.86831,-11.36755],[-71.87899,-11.36393],[-71.89356,-11.35287],[-71.90621,-11.35153],[-71.92043,-11.36137],[-71.92647,-11.37433],[-71.94561,-11.38631],[-71.98248,-11.38855],[-71.98846,-11.38006],[-71.99631,-11.37723],[-71.99936,-11.37045],[-72.00904,-11.37455],[-72.02422,-11.36963],[-72.03196,-11.37544],[-72.03524,-11.38244],[-72.04238,-11.38184],[-72.05258,-11.37425],[-72.06166,-11.37574],[-72.06717,-11.38288],[-72.07611,-11.37842],[-72.08414,-11.37968],[-72.09687,-11.3776],[-72.10298,-11.37105],[-72.10983,-11.37],[-72.11459,-11.35638],[-72.10298,-11.34432],[-72.11206,-11.33107],[-72.11682,-11.33301],[-72.13193,-11.33092],[-72.15427,-11.32148],[-72.16309,-11.32012],[-72.17899,-11.32487],[-72.18411,-11.33147],[-72.18474,-11.35102],[-72.1905,-11.35523],[-72.20393,-11.35171],[-72.20462,-11.34743],[-72.20966,-11.32775],[-72.21398,-11.31974],[-72.21422,-11.30796],[-72.21846,-11.30029],[-72.21147,-11.2776],[-72.20552,-11.26661],[-72.19941,-11.26424],[-72.20518,-11.2399],[-72.19706,-11.22786],[-72.20024,-11.2053],[-72.19672,-11.19411],[-72.18966,-11.19092],[-72.18984,-11.18372],[-72.19593,-11.17401],[-72.20488,-11.17096],[-72.19386,-11.15666],[-72.18794,-11.16373],[-72.18432,-11.15554],[-72.17648,-11.15911],[-72.16928,-11.14374],[-72.13825,-11.13689],[-72.12247,-11.12358],[-72.12141,-11.10714],[-72.12588,-11.10115],[-72.15177,-11.08644],[-72.17575,-11.09296],[-72.17877,-11.09755],[-72.1833,-11.09259],[-72.18422,-11.07417],[-72.18698,-11.06865],[-72.18251,-11.0578],[-72.19306,-11.04968],[-72.19048,-11.0436],[-72.17761,-11.04067],[-72.16886,-11.04927],[-72.16144,-11.05029],[-72.16071,-11.06135],[-72.15221,-11.06946],[-72.15051,-11.07578],[-72.13851,-11.08358],[-72.12588,-11.08372],[-72.10724,-11.07857],[-72.09831,-11.08239],[-72.08989,-11.07772],[-72.08842,-11.06784],[-72.08089,-11.06469],[-72.08288,-11.058],[-72.07654,-11.05488],[-72.0694,-11.06396],[-72.05657,-11.0623],[-72.05499,-11.07047],[-72.04417,-11.06512],[-72.04447,-11.06047],[-72.03329,-11.05922],[-72.03708,-11.06337],[-72.01804,-11.06368],[-72.00645,-11.05521],[-71.99575,-11.05731],[-71.97765,-11.05247],[-71.97165,-11.05608],[-71.95651,-11.05636],[-71.95604,-11.05257],[-71.94646,-11.05601],[-71.94069,-11.06165],[-71.94158,-11.05347],[-71.93313,-11.05305],[-71.92416,-11.04662],[-71.91107,-11.04998],[-71.90473,-11.04342],[-71.89987,-11.04758],[-71.9042,-11.05978],[-71.89404,-11.06508],[-71.89157,-11.06004],[-71.88523,-11.06128],[-71.87485,-11.05736],[-71.87517,-11.0501],[-71.86479,-11.0508],[-71.85985,-11.04657],[-71.86929,-11.03984],[-71.85113,-11.04303],[-71.84403,-11.05289],[-71.8368,-11.04833],[-71.82928,-11.06023],[-71.82297,-11.05961],[-71.82118,-11.06601],[-71.80937,-11.06477],[-71.81156,-11.07055],[-71.80165,-11.07268],[-71.79671,-11.06909],[-71.79054,-11.07817],[-71.77804,-11.0741],[-71.75569,-11.0736],[-71.74761,-11.08443],[-71.74147,-11.07588],[-71.73164,-11.07397],[-71.72638,-11.06433],[-71.72235,-11.07199],[-71.71253,-11.07105],[-71.71497,-11.08041],[-71.70667,-11.08993],[-71.70138,-11.08855],[-71.69346,-11.09262],[-71.68933,-11.10042],[-71.6805,-11.10017],[-71.67994,-11.10724],[-71.67296,-11.0946],[-71.66,-11.09563],[-71.65402,-11.09247],[-71.64829,-11.09845],[-71.64187,-11.09115],[-71.63589,-11.08956],[-71.63042,-11.09508],[-71.63388,-11.09932],[-71.62921,-11.10575],[-71.62322,-11.09302],[-71.611,-11.09742],[-71.59712,-11.09059],[-71.5869,-11.0959],[-71.58932,-11.10293],[-71.58195,-11.10293],[-71.57939,-11.09022],[-71.56847,-11.08344],[-71.55898,-11.09341],[-71.5481,-11.08194],[-71.54433,-11.08275],[-71.53946,-11.09997],[-71.53612,-11.08758],[-71.52403,-11.08693],[-71.51245,-11.09971],[-71.50472,-11.1011],[-71.49685,-11.10666],[-71.49348,-11.10171],[-71.49688,-11.09026],[-71.485,-11.09309],[-71.47379,-11.10636],[-71.45994,-11.1046],[-71.45031,-11.11064],[-71.44238,-11.1032],[-71.43634,-11.10937],[-71.4463,-11.11714],[-71.44484,-11.1272],[-71.45253,-11.12756],[-71.45052,-11.1327],[-71.44411,-11.13157],[-71.44168,-11.12425],[-71.43394,-11.13082],[-71.43977,-11.13735],[-71.42652,-11.13947],[-71.41972,-11.13698],[-71.40775,-11.14789],[-71.39868,-11.15149],[-71.38391,-11.14856],[-71.37526,-11.16112],[-71.38064,-11.16997],[-71.37961,-11.17515],[-71.37142,-11.17835],[-71.36947,-11.17371],[-71.37543,-11.16999],[-71.37208,-11.16469],[-71.35803,-11.1619],[-71.34492,-11.16315],[-71.33595,-11.15501],[-71.33319,-11.1699],[-71.32341,-11.17185],[-71.31102,-11.16821],[-71.31513,-11.18007],[-71.30698,-11.18534],[-71.30079,-11.17997],[-71.29264,-11.18668],[-71.28268,-11.18576],[-71.28006,-11.18033],[-71.27038,-11.18365],[-71.26843,-11.19099],[-71.26217,-11.19326],[-71.25303,-11.19141],[-71.24645,-11.18103],[-71.24265,-11.19649],[-71.23264,-11.2015],[-71.23679,-11.21161],[-71.23626,-11.21871],[-71.22747,-11.21248],[-71.22379,-11.20059],[-71.21843,-11.20189],[-71.21684,-11.21073],[-71.20034,-11.20893],[-71.18986,-11.21315],[-71.17882,-11.22839],[-71.17303,-11.22484],[-71.17415,-11.21611],[-71.16279,-11.20949],[-71.15895,-11.21135],[-71.15697,-11.22428],[-71.15364,-11.22712],[-71.13141,-11.22236],[-71.12329,-11.23719],[-71.11549,-11.23719],[-71.11454,-11.22877],[-71.10306,-11.22091],[-71.09845,-11.22216],[-71.10581,-11.22995],[-71.09544,-11.24098],[-71.09188,-11.23857],[-71.09564,-11.23223],[-71.09052,-11.23012],[-71.0825,-11.23618],[-71.07548,-11.23271],[-71.06752,-11.23734],[-71.06948,-11.25093],[-71.06303,-11.25016],[-71.05855,-11.23788],[-71.05216,-11.24793],[-71.04194,-11.25001],[-71.03599,-11.2449],[-71.03225,-11.24726],[-71.03868,-11.25974],[-71.02965,-11.2571],[-71.02668,-11.24348],[-71.01556,-11.24852],[-71.01798,-11.25961],[-71.01353,-11.26506],[-71.00505,-11.26028],[-71.00128,-11.25373],[-70.99819,-11.26071],[-70.98657,-11.2624],[-70.98192,-11.26794],[-70.96562,-11.2677],[-70.9616,-11.27487],[-70.94595,-11.28109],[-70.94384,-11.28969],[-70.93035,-11.27539],[-70.92337,-11.28262],[-70.92276,-11.29009],[-70.91344,-11.27747],[-70.90673,-11.28007],[-70.91308,-11.29365],[-70.90575,-11.29064],[-70.90349,-11.284],[-70.8918,-11.28825],[-70.88894,-11.28324],[-70.8795,-11.28811],[-70.87492,-11.28474],[-70.87944,-11.27413],[-70.86926,-11.27246],[-70.86083,-11.27806],[-70.86339,-11.29332],[-70.8699,-11.30526],[-70.87672,-11.3108],[-70.87082,-11.31559],[-70.85278,-11.31837],[-70.84825,-11.32583],[-70.84044,-11.32342],[-70.83309,-11.3279],[-70.82381,-11.31873],[-70.81226,-11.32499],[-70.81884,-11.3463],[-70.81586,-11.34955],[-70.80514,-11.34779],[-70.79649,-11.35915],[-70.79054,-11.35712],[-70.79324,-11.34901],[-70.80009,-11.34121],[-70.79423,-11.34117],[-70.78878,-11.34743],[-70.78274,-11.36149],[-70.77413,-11.36582],[-70.77571,-11.37271],[-70.7662,-11.3842],[-70.75841,-11.37947],[-70.74908,-11.38425],[-70.74412,-11.38159],[-70.74687,-11.39157],[-70.73045,-11.40002],[-70.73387,-11.40863],[-70.7236,-11.41152],[-70.72612,-11.42606],[-70.72178,-11.43021],[-70.71409,-11.42792],[-70.70382,-11.43688],[-70.70215,-11.44251],[-70.69661,-11.43678],[-70.7019,-11.42945],[-70.6918,-11.4253],[-70.68941,-11.43153],[-70.675,-11.43776],[-70.68919,-11.43993],[-70.69183,-11.44373],[-70.67588,-11.44474],[-70.67557,-11.45056],[-70.68183,-11.45198],[-70.68227,-11.45899],[-70.66704,-11.46503],[-70.66537,-11.47412],[-70.65782,-11.47114],[-70.65534,-11.46462],[-70.65115,-11.47192],[-70.6447,-11.46997],[-70.64455,-11.46226],[-70.63577,-11.46403],[-70.62746,-11.47777],[-70.61655,-11.48318],[-70.60663,-11.47346],[-70.59785,-11.47656],[-70.59205,-11.48394],[-70.58771,-11.49713],[-70.57566,-11.48798],[-70.56375,-11.48778],[-70.55463,-11.50253],[-70.55798,-11.51193],[-70.56494,-11.51262],[-70.55736,-11.51961],[-70.55281,-11.53796],[-70.5463,-11.53654],[-70.5419,-11.54251],[-70.53414,-11.5443],[-70.5307,-11.56425],[-70.52454,-11.57212],[-70.51397,-11.57684],[-70.50433,-11.56678],[-70.49524,-11.56735],[-70.49521,-11.55658],[-70.48808,-11.55979],[-70.4809,-11.55345],[-70.47538,-11.5619],[-70.46543,-11.56303],[-70.46352,-11.57075],[-70.46968,-11.57979],[-70.48106,-11.57754],[-70.47256,-11.59409],[-70.46772,-11.59487],[-70.46595,-11.58222],[-70.45792,-11.58838],[-70.46161,-11.60218],[-70.45445,-11.60684],[-70.46041,-11.61248],[-70.45178,-11.61699],[-70.44814,-11.61044],[-70.43753,-11.60867],[-70.42851,-11.6137],[-70.42,-11.61385],[-70.42102,-11.62023],[-70.43311,-11.61723],[-70.43233,-11.62426],[-70.44215,-11.62997],[-70.43465,-11.63832],[-70.43611,-11.65431],[-70.42703,-11.65855],[-70.42243,-11.6529],[-70.42278,-11.64194],[-70.41416,-11.6381],[-70.41182,-11.6507],[-70.41856,-11.65864],[-70.4083,-11.66779],[-70.39843,-11.66421],[-70.40107,-11.67215],[-70.41223,-11.68147],[-70.40291,-11.69354],[-70.41668,-11.69721],[-70.41074,-11.70515],[-70.38946,-11.70655],[-70.38723,-11.70189],[-70.37836,-11.70509],[-70.38208,-11.71083],[-70.37839,-11.71734],[-70.36567,-11.71608],[-70.3662,-11.73055],[-70.35198,-11.7283],[-70.34908,-11.73026],[-70.34727,-11.74403],[-70.33962,-11.74855],[-70.32986,-11.73152],[-70.31125,-11.73756],[-70.30041,-11.75057],[-70.28702,-11.75745],[-70.28573,-11.76217],[-70.27732,-11.76707],[-70.27618,-11.77195],[-70.28588,-11.77887],[-70.2828,-11.78567],[-70.27583,-11.78157],[-70.26531,-11.78857],[-70.25452,-11.78397],[-70.25235,-11.79241],[-70.2612,-11.79672],[-70.2675,-11.81494],[-70.27269,-11.8228],[-70.26709,-11.82291],[-70.25868,-11.81588],[-70.24541,-11.81987],[-70.23615,-11.81512],[-70.23298,-11.8325],[-70.23899,-11.83897],[-70.22906,-11.84691],[-70.22366,-11.86194],[-70.21558,-11.86849],[-70.20986,-11.86389],[-70.21453,-11.85514],[-70.20787,-11.85655],[-70.2076,-11.86409],[-70.19851,-11.86508],[-70.19834,-11.85519],[-70.19321,-11.85519],[-70.19571,-11.86173],[-70.19293,-11.88396],[-70.1736,-11.87537],[-70.16993,-11.87932],[-70.17326,-11.89054],[-70.16487,-11.88735],[-70.15905,-11.89407],[-70.14702,-11.89486],[-70.14055,-11.90068],[-70.1234,-11.90385],[-70.11102,-11.89455],[-70.10464,-11.89972],[-70.10952,-11.91958],[-70.10845,-11.92668],[-70.0985,-11.92275],[-70.09167,-11.93795],[-70.08296,-11.94643],[-70.08045,-11.95417],[-70.07214,-11.95205],[-70.07635,-11.9425],[-70.05528,-11.94326],[-70.04847,-11.94739],[-70.03917,-11.96965],[-70.02877,-11.96694],[-70.02592,-11.97174],[-70.03474,-11.9853],[-70.03021,-11.99025],[-70.02236,-11.98756],[-70.01917,-11.97818],[-70.00676,-11.97606],[-70.00159,-11.9974],[-69.99004,-11.99734],[-69.99473,-12.00534],[-70.00374,-12.012],[-69.98072,-12.01506],[-69.97537,-12.02298],[-69.97725,-12.02793],[-69.98664,-12.03431],[-69.98542,-12.03956],[-69.97476,-12.04035],[-69.95967,-12.0453],[-69.95292,-12.0533],[-69.94868,-12.05183],[-69.95266,-12.04312],[-69.9435,-12.04111],[-69.93963,-12.04924],[-69.92783,-12.05249],[-69.91703,-12.04294],[-69.91076,-12.05015],[-69.90192,-12.05168],[-69.90052,-12.06641],[-69.89433,-12.0678],[-69.88534,-12.06006],[-69.88465,-12.0531],[-69.87571,-12.04281],[-69.86789,-12.05066],[-69.85959,-12.05251],[-69.84663,-12.04744],[-69.84399,-12.04959],[-69.84895,-12.06802],[-69.84495,-12.073],[-69.84152,-12.06763],[-69.84269,-12.0589],[-69.83628,-12.05278],[-69.82742,-12.05446],[-69.82866,-12.04417],[-69.81596,-12.0444],[-69.80552,-12.05284],[-69.81628,-12.05678],[-69.82053,-12.06278],[-69.81142,-12.06757],[-69.80682,-12.06513],[-69.79692,-12.05059],[-69.79019,-12.04973],[-69.78504,-12.05554],[-69.76704,-12.06065],[-69.75733,-12.06684],[-69.74454,-12.06916],[-69.74136,-12.06627],[-69.73501,-12.04764],[-69.73977,-12.03513],[-69.73485,-12.03332],[-69.72355,-12.04024],[-69.71285,-12.04056],[-69.70495,-12.047],[-69.69701,-12.03995],[-69.68628,-12.04802],[-69.67768,-12.04814],[-69.66936,-12.05703],[-69.66359,-12.05805],[-69.65565,-12.06525],[-69.64965,-12.06614],[-69.64676,-12.05944],[-69.64032,-12.05925],[-69.63213,-12.06763],[-69.62133,-12.06075],[-69.6274,-12.05465],[-69.61819,-12.0424],[-69.62527,-12.03808],[-69.61575,-12.033],[-69.59571,-12.03529],[-69.58352,-12.04814],[-69.57476,-12.03198],[-69.5701,-12.03383],[-69.56691,-12.0456],[-69.56123,-12.03594],[-69.55735,-12.04747],[-69.54809,-12.04478],[-69.5491,-12.03361],[-69.5417,-12.02467],[-69.53541,-12.02362],[-69.52496,-12.03156],[-69.5362,-12.03386],[-69.52794,-12.04452],[-69.52913,-12.05199],[-69.52277,-12.0558],[-69.51872,-12.0674],[-69.50802,-12.06754],[-69.49257,-12.06438],[-69.48306,-12.08309],[-69.47505,-12.08791],[-69.47106,-12.10087],[-69.47498,-12.10715],[-69.47397,-12.11732],[-69.46866,-12.11987],[-69.46693,-12.10554],[-69.45817,-12.10302],[-69.43785,-12.12378],[-69.43045,-12.13757],[-69.42234,-12.13502],[-69.41372,-12.13628],[-69.40822,-12.13046],[-69.40488,-12.13452],[-69.41031,-12.14382],[-69.41544,-12.14184],[-69.41724,-12.14802],[-69.41415,-12.15743],[-69.40531,-12.15793],[-69.3912,-12.16447],[-69.3949,-12.17021],[-69.38276,-12.1793],[-69.38377,-12.18651],[-69.38003,-12.19179],[-69.3707,-12.18802],[-69.35671,-12.20739],[-69.34385,-12.20315],[-69.34321,-12.21023],[-69.34785,-12.2097],[-69.35951,-12.21588],[-69.35069,-12.23038],[-69.33139,-12.23556],[-69.32055,-12.24018],[-69.31439,-12.23603],[-69.30686,-12.2383],[-69.3036,-12.24543],[-69.31047,-12.25487],[-69.30844,-12.26056],[-69.29211,-12.26108],[-69.28752,-12.25898],[-69.28037,-12.24449],[-69.27656,-12.24458],[-69.26921,-12.25345],[-69.27299,-12.26505],[-69.26672,-12.27334],[-69.26491,-12.2813],[-69.25375,-12.2802],[-69.24905,-12.28774],[-69.2515,-12.29596],[-69.26311,-12.2989],[-69.25278,-12.32136],[-69.25594,-12.32207],[-69.26633,-12.31372],[-69.27079,-12.31781],[-69.26781,-12.33826],[-69.25452,-12.33743],[-69.23573,-12.34544],[-69.23481,-12.35182],[-69.24302,-12.36364],[-69.26598,-12.36606],[-69.27356,-12.3686],[-69.27419,-12.37768],[-69.26606,-12.38842],[-69.25805,-12.38374],[-69.24243,-12.38561],[-69.23929,-12.3891],[-69.24266,-12.40683],[-69.25032,-12.41512],[-69.25754,-12.41354],[-69.26206,-12.41758],[-69.25044,-12.42673],[-69.25795,-12.4261],[-69.27296,-12.43177],[-69.26144,-12.4401],[-69.25801,-12.44613],[-69.24583,-12.45362],[-69.2495,-12.45977],[-69.25582,-12.45624],[-69.25665,-12.46323],[-69.26326,-12.47301],[-69.2599,-12.47463],[-69.25309,-12.46849],[-69.24841,-12.48256],[-69.25007,-12.48826],[-69.24448,-12.49304],[-69.24053,-12.50396],[-69.24188,-12.50933],[-69.25265,-12.50691],[-69.25283,-12.51894],[-69.24812,-12.51941],[-69.23982,-12.51267],[-69.22175,-12.50895],[-69.2161,-12.49499],[-69.20229,-12.49254],[-69.18262,-12.48526],[-69.17162,-12.48825],[-69.16275,-12.49954],[-69.16933,-12.51472],[-69.16572,-12.52761],[-69.16603,-12.54447],[-69.16418,-12.55788],[-69.1686,-12.56407],[-69.18252,-12.56475],[-69.18863,-12.57617],[-69.18452,-12.5831],[-69.16546,-12.59498],[-69.13613,-12.60237],[-69.09593,-12.60574],[-69.08416,-12.60477],[-69.07594,-12.60129],[-69.06909,-12.59375],[-69.05515,-12.56274],[-69.05275,-12.55069],[-69.04424,-12.53921],[-69.01381,-12.52122],[-68.9981,-12.51534],[-68.97966,-12.51637],[-68.9708,-12.51911],[-68.95122,-12.53447],[-68.93157,-12.53698],[-68.91484,-12.52956],[-68.89594,-12.53253],[-68.89143,-12.53019],[-68.88429,-12.51865],[-68.86333,-12.47845],[-68.85996,-12.47616],[-68.8482,-12.48028],[-68.82935,-12.49581],[-68.82255,-12.50346],[-68.80519,-12.51077],[-68.78829,-12.51231],[-68.78064,-12.51043],[-68.76311,-12.49827],[-68.7558,-12.48776],[-68.75431,-12.47325],[-68.75882,-12.45681],[-68.75465,-12.44967],[-68.7446,-12.44967],[-68.73415,-12.45618],[-68.72502,-12.46846],[-68.71496,-12.47502],[-68.67693,-12.49227],[-68.66562,-12.49444],[-68.65446,-12.49989],[-68.65309,-12.50966],[-68.66029,-12.52003],[-68.65459,-12.52712],[-68.65939,-12.53624],[-68.66385,-12.52462],[-68.67795,-12.52288],[-68.68122,-12.52705],[-68.67492,-12.52987],[-68.67228,-12.54168],[-68.67448,-12.55297],[-68.6898,-12.55626],[-68.69884,-12.57115],[-68.69221,-12.5836],[-68.69633,-12.58828],[-68.6999,-12.57924],[-68.71013,-12.59069],[-68.71574,-12.60526],[-68.72242,-12.60222],[-68.73241,-12.61094],[-68.73406,-12.62445],[-68.74059,-12.63276],[-68.73317,-12.64407],[-68.73137,-12.65317],[-68.73615,-12.65599],[-68.73445,-12.66629],[-68.73004,-12.66246],[-68.71888,-12.66184],[-68.72637,-12.66513],[-68.72712,-12.67373],[-68.72034,-12.66682],[-68.71252,-12.68164],[-68.72215,-12.68822],[-68.73491,-12.6926],[-68.73145,-12.69641],[-68.7271,-12.69074],[-68.72513,-12.69726],[-68.74201,-12.70732],[-68.73878,-12.71295],[-68.73385,-12.70946],[-68.72848,-12.71381],[-68.74011,-12.71732],[-68.74172,-12.72494],[-68.76746,-12.74221],[-68.77854,-12.73328],[-68.7834,-12.74006],[-68.78822,-12.75695],[-68.79219,-12.76039],[-68.8018,-12.75558],[-68.80416,-12.77029],[-68.80848,-12.77898],[-68.80509,-12.78436],[-68.81162,-12.7841],[-68.81775,-12.7897],[-68.81568,-12.79747],[-68.81109,-12.79942],[-68.80807,-12.80925],[-68.8141,-12.80497],[-68.82507,-12.80577],[-68.82504,-12.81301],[-68.83102,-12.80981],[-68.83469,-12.81316],[-68.83816,-12.82606],[-68.83144,-12.82619],[-68.83057,-12.8311],[-68.83755,-12.82892],[-68.83095,-12.84166],[-68.84175,-12.84434],[-68.83483,-12.8562],[-68.84504,-12.85844],[-68.84906,-12.86596],[-68.85901,-12.85926],[-68.85917,-12.86403],[-68.86889,-12.86849],[-68.8644,-12.87361],[-68.87228,-12.89011],[-68.8664,-12.89625],[-68.87193,-12.90079],[-68.86792,-12.90467],[-68.87178,-12.90897],[-68.87395,-12.92033],[-68.86152,-12.92469],[-68.8644,-12.92918],[-68.8749,-12.92584],[-68.87477,-12.93091],[-68.86631,-12.93338],[-68.87311,-12.94027],[-68.86304,-12.94422],[-68.86153,-12.94925],[-68.87455,-12.94714],[-68.88214,-12.95693],[-68.87671,-12.95935],[-68.87392,-12.98034],[-68.87033,-12.97287],[-68.86397,-12.97269],[-68.86286,-12.98362],[-68.87566,-12.98587],[-68.86838,-12.99025],[-68.86717,-12.9958],[-68.87187,-13.00393]]]}},{"type":"Feature","properties":{"ubigeo":"170102","nombre":"Inambari"},"geometry":{"type":"Polygon","coordinates":[[[-69.64749,-13.34131],[-69.64986,-13.34172],[-69.69864,-13.32748],[-69.76566,-13.30692],[-69.7791,-13.30335],[-69.97416,-13.2451],[-70.00001,-13.2345],[-70.03255,-13.22375],[-70.10889,-13.20114],[-70.40287,-13.11441],[-70.3937,-13.09437],[-70.3884,-13.06915],[-70.3843,-13.06261],[-70.37946,-13.04164],[-70.37508,-13.03272],[-70.36844,-13.0291],[-70.3593,-13.00841],[-70.35957,-12.99649],[-70.35617,-12.98296],[-70.35781,-12.96801],[-70.35606,-12.95362],[-70.35274,-12.94489],[-70.35529,-12.91782],[-70.34531,-12.90139],[-70.34076,-12.88395],[-70.33296,-12.87042],[-70.32436,-12.85994],[-70.29399,-12.84578],[-70.28727,-12.83548],[-70.28377,-12.81863],[-70.27475,-12.80365],[-70.26069,-12.79037],[-70.25693,-12.78276],[-70.25251,-12.74961],[-70.24708,-12.73945],[-70.23086,-12.73039],[-70.20197,-12.7246],[-70.19585,-12.72094],[-70.16866,-12.69221],[-70.16155,-12.67868],[-70.14534,-12.67251],[-70.13103,-12.65819],[-70.1195,-12.65747],[-70.10302,-12.65325],[-70.0848,-12.64563],[-70.07502,-12.63935],[-70.06812,-12.62525],[-70.05855,-12.61608],[-70.03839,-12.60871],[-70.03429,-12.61374],[-70.02222,-12.60651],[-70.01556,-12.60805],[-70.00281,-12.61978],[-69.9996,-12.63201],[-70.01034,-12.63905],[-70.01277,-12.64422],[-70.00936,-12.65145],[-69.9933,-12.65667],[-69.97292,-12.65152],[-69.93614,-12.67538],[-69.92939,-12.67259],[-69.92925,-12.66606],[-69.93802,-12.66008],[-69.93829,-12.64944],[-69.93092,-12.64645],[-69.91602,-12.64564],[-69.90648,-12.63783],[-69.89193,-12.64093],[-69.88014,-12.66112],[-69.86261,-12.66002],[-69.85171,-12.66986],[-69.84546,-12.66748],[-69.84169,-12.6599],[-69.81868,-12.65354],[-69.81221,-12.65338],[-69.80452,-12.65836],[-69.80822,-12.66627],[-69.81785,-12.67008],[-69.81961,-12.67495],[-69.81477,-12.68195],[-69.7993,-12.68212],[-69.78581,-12.69007],[-69.78633,-12.70105],[-69.80007,-12.70494],[-69.80249,-12.71004],[-69.80016,-12.72431],[-69.79325,-12.72871],[-69.78408,-12.7218],[-69.78477,-12.7078],[-69.7795,-12.70079],[-69.77233,-12.70149],[-69.74689,-12.71064],[-69.75231,-12.72015],[-69.75959,-12.72403],[-69.76347,-12.73774],[-69.76995,-12.74246],[-69.78398,-12.7401],[-69.79848,-12.74918],[-69.81428,-12.75519],[-69.81581,-12.76109],[-69.80756,-12.77193],[-69.79412,-12.78266],[-69.79167,-12.78829],[-69.79672,-12.80646],[-69.80882,-12.81301],[-69.8193,-12.82759],[-69.828,-12.82411],[-69.83747,-12.82721],[-69.83939,-12.83218],[-69.83114,-12.84043],[-69.83291,-12.84833],[-69.8289,-12.8554],[-69.8144,-12.85823],[-69.80202,-12.85316],[-69.79613,-12.85482],[-69.79424,-12.84727],[-69.78646,-12.84939],[-69.77797,-12.84538],[-69.76571,-12.84798],[-69.7484,-12.84396],[-69.73068,-12.851],[-69.72692,-12.85914],[-69.71654,-12.85418],[-69.70841,-12.85689],[-69.70485,-12.87588],[-69.69622,-12.878],[-69.69141,-12.8887],[-69.68443,-12.88835],[-69.67477,-12.89406],[-69.65321,-12.88083],[-69.63936,-12.87659],[-69.63081,-12.87667],[-69.62372,-12.86639],[-69.61442,-12.8644],[-69.60731,-12.87157],[-69.59415,-12.8804],[-69.59102,-12.86883],[-69.59257,-12.85747],[-69.5844,-12.84847],[-69.58082,-12.82874],[-69.57478,-12.81173],[-69.57487,-12.80002],[-69.56023,-12.77678],[-69.5505,-12.77166],[-69.53386,-12.77479],[-69.51567,-12.76358],[-69.50608,-12.76273],[-69.50303,-12.76589],[-69.48858,-12.7612],[-69.48753,-12.77227],[-69.48325,-12.77858],[-69.47998,-12.79232],[-69.46645,-12.79845],[-69.45834,-12.81279],[-69.4507,-12.81397],[-69.44426,-12.82177],[-69.44348,-12.83306],[-69.44753,-12.84609],[-69.46074,-12.84897],[-69.48421,-12.86028],[-69.4894,-12.86565],[-69.50014,-12.86996],[-69.50357,-12.87814],[-69.514,-12.88732],[-69.51893,-12.90206],[-69.51132,-12.92029],[-69.50445,-12.92416],[-69.50771,-12.93366],[-69.52382,-12.94038],[-69.52745,-12.95187],[-69.52362,-12.95796],[-69.51445,-12.96049],[-69.50111,-12.96795],[-69.49974,-12.97685],[-69.50309,-12.98211],[-69.49878,-12.99169],[-69.49831,-13.00353],[-69.50859,-13.02361],[-69.52819,-13.03038],[-69.53377,-13.04],[-69.54066,-13.04475],[-69.54179,-13.05514],[-69.55567,-13.05932],[-69.56459,-13.07319],[-69.57944,-13.08555],[-69.57607,-13.09306],[-69.58518,-13.10465],[-69.59644,-13.10995],[-69.59467,-13.13735],[-69.60309,-13.14397],[-69.61371,-13.15731],[-69.62088,-13.17965],[-69.63142,-13.19944],[-69.63205,-13.22141],[-69.63005,-13.22958],[-69.63193,-13.25075],[-69.6392,-13.26845],[-69.63514,-13.27578],[-69.63534,-13.29592],[-69.64111,-13.30423],[-69.64522,-13.32252],[-69.65197,-13.33133],[-69.64749,-13.34131]]]}},{"type":"Feature","properties":{"ubigeo":"170103","nombre":"Las Piedras"},"geometry":{"type":"Polygon","coordinates":[[[-68.97029,-11.91315],[-68.92311,-12.00036],[-68.88364,-12.07263],[-68.85121,-12.13362],[-68.78226,-12.26124],[-68.77352,-12.27824],[-68.67777,-12.45532],[-68.65446,-12.49989],[-68.66562,-12.49444],[-68.67693,-12.49227],[-68.71496,-12.47502],[-68.72502,-12.46846],[-68.73415,-12.45618],[-68.7446,-12.44967],[-68.75465,-12.44967],[-68.75882,-12.45681],[-68.75431,-12.47325],[-68.7558,-12.48776],[-68.76311,-12.49827],[-68.78064,-12.51043],[-68.78829,-12.51231],[-68.80519,-12.51077],[-68.82255,-12.50346],[-68.82935,-12.49581],[-68.8482,-12.48028],[-68.85996,-12.47616],[-68.86333,-12.47845],[-68.88429,-12.51865],[-68.89143,-12.53019],[-68.89594,-12.53253],[-68.91484,-12.52956],[-68.93157,-12.53698],[-68.95122,-12.53447],[-68.9708,-12.51911],[-68.97966,-12.51637],[-68.9981,-12.51534],[-69.01381,-12.52122],[-69.04424,-12.53921],[-69.05275,-12.55069],[-69.05515,-12.56274],[-69.06909,-12.59375],[-69.07594,-12.60129],[-69.08416,-12.60477],[-69.09593,-12.60574],[-69.13613,-12.60237],[-69.16546,-12.59498],[-69.18452,-12.5831],[-69.18863,-12.57617],[-69.18252,-12.56475],[-69.1686,-12.56407],[-69.16418,-12.55788],[-69.16603,-12.54447],[-69.16572,-12.52761],[-69.16933,-12.51472],[-69.16275,-12.49954],[-69.17162,-12.48825],[-69.18262,-12.48526],[-69.20229,-12.49254],[-69.2161,-12.49499],[-69.22175,-12.50895],[-69.23982,-12.51267],[-69.24812,-12.51941],[-69.25283,-12.51894],[-69.25265,-12.50691],[-69.24188,-12.50933],[-69.24053,-12.50396],[-69.24448,-12.49304],[-69.25007,-12.48826],[-69.24841,-12.48256],[-69.25309,-12.46849],[-69.2599,-12.47463],[-69.26326,-12.47301],[-69.25665,-12.46323],[-69.25582,-12.45624],[-69.2495,-12.45977],[-69.24583,-12.45362],[-69.25801,-12.44613],[-69.26144,-12.4401],[-69.27296,-12.43177],[-69.25795,-12.4261],[-69.25044,-12.42673],[-69.26206,-12.41758],[-69.25754,-12.41354],[-69.25032,-12.41512],[-69.24266,-12.40683],[-69.23929,-12.3891],[-69.24243,-12.38561],[-69.25805,-12.38374],[-69.26606,-12.38842],[-69.27419,-12.37768],[-69.27356,-12.3686],[-69.26598,-12.36606],[-69.24302,-12.36364],[-69.23481,-12.35182],[-69.23573,-12.34544],[-69.25452,-12.33743],[-69.26781,-12.33826],[-69.27079,-12.31781],[-69.26633,-12.31372],[-69.25594,-12.32207],[-69.25278,-12.32136],[-69.26311,-12.2989],[-69.2515,-12.29596],[-69.24905,-12.28774],[-69.25375,-12.2802],[-69.26491,-12.2813],[-69.26672,-12.27334],[-69.27299,-12.26505],[-69.26921,-12.25345],[-69.27656,-12.24458],[-69.28037,-12.24449],[-69.28752,-12.25898],[-69.29211,-12.26108],[-69.30844,-12.26056],[-69.31047,-12.25487],[-69.3036,-12.24543],[-69.30686,-12.2383],[-69.31439,-12.23603],[-69.32055,-12.24018],[-69.33139,-12.23556],[-69.35069,-12.23038],[-69.35951,-12.21588],[-69.34785,-12.2097],[-69.34321,-12.21023],[-69.34385,-12.20315],[-69.35671,-12.20739],[-69.3707,-12.18802],[-69.38003,-12.19179],[-69.38377,-12.18651],[-69.38276,-12.1793],[-69.3949,-12.17021],[-69.3912,-12.16447],[-69.40531,-12.15793],[-69.41415,-12.15743],[-69.41724,-12.14802],[-69.41544,-12.14184],[-69.41031,-12.14382],[-69.40488,-12.13452],[-69.40822,-12.13046],[-69.41372,-12.13628],[-69.42234,-12.13502],[-69.43045,-12.13757],[-69.43785,-12.12378],[-69.45817,-12.10302],[-69.46693,-12.10554],[-69.46866,-12.11987],[-69.47397,-12.11732],[-69.47498,-12.10715],[-69.47106,-12.10087],[-69.47505,-12.08791],[-69.48306,-12.08309],[-69.49257,-12.06438],[-69.50802,-12.06754],[-69.51872,-12.0674],[-69.52277,-12.0558],[-69.52913,-12.05199],[-69.52794,-12.04452],[-69.5362,-12.03386],[-69.52496,-12.03156],[-69.53541,-12.02362],[-69.5417,-12.02467],[-69.5491,-12.03361],[-69.54809,-12.04478],[-69.55735,-12.04747],[-69.56123,-12.03594],[-69.56691,-12.0456],[-69.5701,-12.03383],[-69.57476,-12.03198],[-69.58352,-12.04814],[-69.59571,-12.03529],[-69.61575,-12.033],[-69.62527,-12.03808],[-69.61819,-12.0424],[-69.6274,-12.05465],[-69.62133,-12.06075],[-69.63213,-12.06763],[-69.64032,-12.05925],[-69.64676,-12.05944],[-69.64965,-12.06614],[-69.65565,-12.06525],[-69.66359,-12.05805],[-69.66936,-12.05703],[-69.67768,-12.04814],[-69.68628,-12.04802],[-69.69701,-12.03995],[-69.70495,-12.047],[-69.71285,-12.04056],[-69.72355,-12.04024],[-69.73485,-12.03332],[-69.73977,-12.03513],[-69.73501,-12.04764],[-69.74136,-12.06627],[-69.74454,-12.06916],[-69.75733,-12.06684],[-69.76704,-12.06065],[-69.78504,-12.05554],[-69.79019,-12.04973],[-69.79692,-12.05059],[-69.80682,-12.06513],[-69.81142,-12.06757],[-69.82053,-12.06278],[-69.81628,-12.05678],[-69.80552,-12.05284],[-69.81596,-12.0444],[-69.82866,-12.04417],[-69.82742,-12.05446],[-69.83628,-12.05278],[-69.84269,-12.0589],[-69.84152,-12.06763],[-69.84495,-12.073],[-69.84895,-12.06802],[-69.84399,-12.04959],[-69.84663,-12.04744],[-69.85959,-12.05251],[-69.86789,-12.05066],[-69.87571,-12.04281],[-69.88465,-12.0531],[-69.88534,-12.06006],[-69.89433,-12.0678],[-69.90052,-12.06641],[-69.90192,-12.05168],[-69.91076,-12.05015],[-69.91703,-12.04294],[-69.92783,-12.05249],[-69.93963,-12.04924],[-69.9435,-12.04111],[-69.95266,-12.04312],[-69.94868,-12.05183],[-69.95292,-12.0533],[-69.95967,-12.0453],[-69.97476,-12.04035],[-69.98542,-12.03956],[-69.98664,-12.03431],[-69.97725,-12.02793],[-69.97537,-12.02298],[-69.98072,-12.01506],[-70.00374,-12.012],[-69.99473,-12.00534],[-69.99004,-11.99734],[-70.00159,-11.9974],[-70.00676,-11.97606],[-70.01917,-11.97818],[-70.02236,-11.98756],[-70.03021,-11.99025],[-70.03474,-11.9853],[-70.02592,-11.97174],[-70.02877,-11.96694],[-70.03917,-11.96965],[-70.04847,-11.94739],[-70.05528,-11.94326],[-70.07635,-11.9425],[-70.07214,-11.95205],[-70.08045,-11.95417],[-70.08296,-11.94643],[-70.09167,-11.93795],[-70.0985,-11.92275],[-70.10845,-11.92668],[-70.10952,-11.91958],[-70.10464,-11.89972],[-70.11102,-11.89455],[-70.1234,-11.90385],[-70.14055,-11.90068],[-70.14702,-11.89486],[-70.15905,-11.89407],[-70.16487,-11.88735],[-70.17326,-11.89054],[-70.16993,-11.87932],[-70.1736,-11.87537],[-70.19293,-11.88396],[-70.19571,-11.86173],[-70.19321,-11.85519],[-70.19834,-11.85519],[-70.19851,-11.86508],[-70.2076,-11.86409],[-70.20787,-11.85655],[-70.21453,-11.85514],[-70.20986,-11.86389],[-70.21558,-11.86849],[-70.22366,-11.86194],[-70.22906,-11.84691],[-70.23899,-11.83897],[-70.23298,-11.8325],[-70.23615,-11.81512],[-70.24541,-11.81987],[-70.25868,-11.81588],[-70.26709,-11.82291],[-70.27269,-11.8228],[-70.2675,-11.81494],[-70.2612,-11.79672],[-70.25235,-11.79241],[-70.25452,-11.78397],[-70.26531,-11.78857],[-70.27583,-11.78157],[-70.2828,-11.78567],[-70.28588,-11.77887],[-70.27618,-11.77195],[-70.27732,-11.76707],[-70.28573,-11.76217],[-70.28702,-11.75745],[-70.30041,-11.75057],[-70.31125,-11.73756],[-70.32986,-11.73152],[-70.33962,-11.74855],[-70.34727,-11.74403],[-70.34908,-11.73026],[-70.35198,-11.7283],[-70.3662,-11.73055],[-70.36567,-11.71608],[-70.37839,-11.71734],[-70.38208,-11.71083],[-70.37836,-11.70509],[-70.38723,-11.70189],[-70.38946,-11.70655],[-70.41074,-11.70515],[-70.41668,-11.69721],[-70.40291,-11.69354],[-70.41223,-11.68147],[-70.40107,-11.67215],[-70.39843,-11.66421],[-70.4083,-11.66779],[-70.41856,-11.65864],[-70.41182,-11.6507],[-70.41416,-11.6381],[-70.42278,-11.64194],[-70.42243,-11.6529],[-70.42703,-11.65855],[-70.43611,-11.65431],[-70.43465,-11.63832],[-70.44215,-11.62997],[-70.43233,-11.62426],[-70.43311,-11.61723],[-70.42102,-11.62023],[-70.42,-11.61385],[-70.42851,-11.6137],[-70.43753,-11.60867],[-70.44814,-11.61044],[-70.45178,-11.61699],[-70.46041,-11.61248],[-70.45445,-11.60684],[-70.46161,-11.60218],[-70.45792,-11.58838],[-70.46595,-11.58222],[-70.46772,-11.59487],[-70.47256,-11.59409],[-70.48106,-11.57754],[-70.46968,-11.57979],[-70.46352,-11.57075],[-70.46543,-11.56303],[-70.47538,-11.5619],[-70.4809,-11.55345],[-70.48808,-11.55979],[-70.49521,-11.55658],[-70.49524,-11.56735],[-70.50433,-11.56678],[-70.51397,-11.57684],[-70.52454,-11.57212],[-70.5307,-11.56425],[-70.53414,-11.5443],[-70.5419,-11.54251],[-70.5463,-11.53654],[-70.55281,-11.53796],[-70.55736,-11.51961],[-70.56494,-11.51262],[-70.55798,-11.51193],[-70.55463,-11.50253],[-70.56375,-11.48778],[-70.57566,-11.48798],[-70.58771,-11.49713],[-70.59205,-11.48394],[-70.59785,-11.47656],[-70.60663,-11.47346],[-70.61655,-11.48318],[-70.62746,-11.47777],[-70.63577,-11.46403],[-70.64455,-11.46226],[-70.6447,-11.46997],[-70.65115,-11.47192],[-70.65534,-11.46462],[-70.65782,-11.47114],[-70.66537,-11.47412],[-70.66704,-11.46503],[-70.68227,-11.45899],[-70.68183,-11.45198],[-70.67557,-11.45056],[-70.67588,-11.44474],[-70.69183,-11.44373],[-70.68919,-11.43993],[-70.675,-11.43776],[-70.68941,-11.43153],[-70.6918,-11.4253],[-70.7019,-11.42945],[-70.69661,-11.43678],[-70.70215,-11.44251],[-70.70382,-11.43688],[-70.71409,-11.42792],[-70.72178,-11.43021],[-70.72612,-11.42606],[-70.7236,-11.41152],[-70.73387,-11.40863],[-70.73045,-11.40002],[-70.74687,-11.39157],[-70.74412,-11.38159],[-70.72201,-11.37865],[-70.5849,-11.36411],[-70.50686,-11.35477],[-70.4922,-11.35606],[-70.4847,-11.35139],[-70.47571,-11.35251],[-70.47062,-11.36059],[-70.46158,-11.36416],[-70.45386,-11.37317],[-70.4526,-11.39469],[-70.43514,-11.40354],[-70.43093,-11.41372],[-70.42176,-11.41899],[-70.41608,-11.42849],[-70.40247,-11.43483],[-70.38583,-11.43599],[-70.37727,-11.434],[-70.37267,-11.4371],[-70.36298,-11.44464],[-70.35913,-11.45312],[-70.35477,-11.45418],[-70.34158,-11.44558],[-70.32847,-11.45262],[-70.32071,-11.4499],[-70.30442,-11.45205],[-70.2897,-11.46139],[-70.28814,-11.46937],[-70.27926,-11.47489],[-70.27838,-11.48863],[-70.26218,-11.50887],[-70.26117,-11.51967],[-70.25669,-11.53093],[-70.24106,-11.54286],[-70.23927,-11.55908],[-70.22489,-11.56923],[-70.21775,-11.57185],[-70.21386,-11.58563],[-70.2039,-11.59161],[-70.19073,-11.60346],[-70.1873,-11.61651],[-70.17806,-11.62652],[-70.16676,-11.6331],[-70.14949,-11.63823],[-70.14417,-11.64456],[-70.13441,-11.64469],[-70.13464,-11.65198],[-70.1123,-11.66804],[-70.09643,-11.67087],[-70.08694,-11.67485],[-70.07821,-11.67006],[-70.07206,-11.681],[-70.05578,-11.68512],[-70.04039,-11.70341],[-70.03456,-11.70286],[-70.03032,-11.71005],[-70.02056,-11.70928],[-70.00754,-11.70449],[-69.99455,-11.70378],[-69.98304,-11.71274],[-69.97563,-11.71323],[-69.97193,-11.70921],[-69.96011,-11.71006],[-69.95418,-11.72],[-69.9318,-11.73268],[-69.92749,-11.72587],[-69.92249,-11.72733],[-69.9212,-11.73904],[-69.9132,-11.73631],[-69.90899,-11.7452],[-69.90329,-11.74885],[-69.8986,-11.75935],[-69.88654,-11.76262],[-69.87837,-11.76853],[-69.87293,-11.76704],[-69.86072,-11.77928],[-69.85353,-11.7775],[-69.85041,-11.78171],[-69.83964,-11.78213],[-69.82768,-11.79001],[-69.82004,-11.78454],[-69.80963,-11.78416],[-69.80349,-11.79548],[-69.79464,-11.79722],[-69.78956,-11.79429],[-69.77816,-11.79907],[-69.7732,-11.79615],[-69.7601,-11.80405],[-69.73936,-11.79629],[-69.73433,-11.8034],[-69.72543,-11.80616],[-69.72494,-11.79873],[-69.71989,-11.78967],[-69.70937,-11.79348],[-69.70728,-11.78392],[-69.69786,-11.78087],[-69.6939,-11.76959],[-69.68312,-11.76945],[-69.67789,-11.76507],[-69.67616,-11.77003],[-69.66969,-11.76623],[-69.66837,-11.75897],[-69.6552,-11.75878],[-69.64791,-11.77039],[-69.63725,-11.76213],[-69.6321,-11.76619],[-69.62858,-11.76006],[-69.61201,-11.76773],[-69.61172,-11.77415],[-69.59318,-11.77823],[-69.58749,-11.77775],[-69.58189,-11.78753],[-69.58357,-11.79588],[-69.56641,-11.79693],[-69.55506,-11.80306],[-69.55315,-11.81125],[-69.547,-11.81533],[-69.54715,-11.82115],[-69.53592,-11.82109],[-69.52866,-11.82519],[-69.52855,-11.8338],[-69.52304,-11.84123],[-69.51418,-11.8407],[-69.50161,-11.84599],[-69.49558,-11.84492],[-69.48412,-11.85728],[-69.47374,-11.86121],[-69.46738,-11.87234],[-69.46107,-11.87503],[-69.44062,-11.86799],[-69.43646,-11.87223],[-69.42078,-11.86586],[-69.41294,-11.86756],[-69.40687,-11.87304],[-69.38654,-11.88387],[-69.38192,-11.88163],[-69.36985,-11.89219],[-69.35815,-11.89787],[-69.35683,-11.90237],[-69.32192,-11.90289],[-69.31139,-11.91042],[-69.30641,-11.90539],[-69.28655,-11.89957],[-69.28507,-11.90323],[-69.27262,-11.90164],[-69.26805,-11.89574],[-69.26041,-11.89754],[-69.25832,-11.89291],[-69.2521,-11.89613],[-69.2442,-11.88263],[-69.23085,-11.88524],[-69.21739,-11.89897],[-69.21426,-11.89339],[-69.19909,-11.9019],[-69.1934,-11.9016],[-69.19124,-11.90999],[-69.17625,-11.91426],[-69.14899,-11.91156],[-69.14484,-11.91731],[-69.13383,-11.91547],[-69.12523,-11.92775],[-69.11604,-11.93175],[-69.10424,-11.92307],[-69.09647,-11.92174],[-69.09193,-11.91082],[-69.08114,-11.90616],[-69.07418,-11.90913],[-69.05946,-11.90935],[-69.05554,-11.91471],[-69.03401,-11.9155],[-69.03148,-11.91311],[-69.01829,-11.91958],[-69.0124,-11.91267],[-68.99323,-11.91431],[-68.98196,-11.90799],[-68.97029,-11.91315]]]}},{"type":"Feature","properties":{"ubigeo":"170104","nombre":"Laberinto"},"geometry":{"type":"Polygon","coordinates":[[[-70.03839,-12.60871],[-70.03941,-12.59094],[-70.0533,-12.58037],[-70.06729,-12.57967],[-70.07291,-12.57523],[-70.0723,-12.56856],[-70.0818,-12.56624],[-70.0783,-12.56103],[-70.08252,-12.55407],[-70.0928,-12.55744],[-70.0913,-12.54892],[-70.08165,-12.55236],[-70.09005,-12.54513],[-70.09701,-12.54868],[-70.09182,-12.53492],[-70.09554,-12.53574],[-70.10257,-12.52455],[-70.09953,-12.52029],[-70.10617,-12.51658],[-70.10343,-12.5083],[-70.12086,-12.50474],[-70.1193,-12.51173],[-70.12637,-12.51275],[-70.1331,-12.50924],[-70.13001,-12.50187],[-70.14047,-12.50035],[-70.15496,-12.49411],[-70.16094,-12.48759],[-70.17423,-12.49092],[-70.17347,-12.48374],[-70.17988,-12.48474],[-70.19081,-12.47984],[-70.19021,-12.47166],[-70.20104,-12.47106],[-70.206,-12.47815],[-70.21043,-12.46526],[-70.21864,-12.46592],[-70.21902,-12.47262],[-70.22959,-12.46686],[-70.23127,-12.45359],[-70.23779,-12.45737],[-70.24298,-12.45039],[-70.25045,-12.44745],[-70.24688,-12.43863],[-70.25033,-12.42846],[-70.25489,-12.42971],[-70.26374,-12.42361],[-70.25678,-12.42117],[-70.25243,-12.41238],[-70.25659,-12.40616],[-70.24769,-12.39494],[-70.25163,-12.38967],[-70.24697,-12.3853],[-70.25314,-12.3833],[-70.24805,-12.37636],[-70.25589,-12.37415],[-70.24846,-12.36165],[-70.25677,-12.3606],[-70.26294,-12.34299],[-70.27317,-12.34489],[-70.2679,-12.34003],[-70.26988,-12.33132],[-70.27967,-12.32001],[-70.27558,-12.31312],[-70.27731,-12.30687],[-70.28404,-12.30291],[-70.28042,-12.29394],[-70.28944,-12.29762],[-70.29417,-12.29597],[-70.29695,-12.28265],[-70.3015,-12.28062],[-70.30111,-12.26777],[-70.30576,-12.25831],[-70.31199,-12.26273],[-70.31247,-12.25263],[-70.32019,-12.24389],[-70.31579,-12.23126],[-70.32319,-12.22651],[-70.3261,-12.22923],[-70.33533,-12.22018],[-70.33373,-12.22646],[-70.33903,-12.23007],[-70.3475,-12.20445],[-70.34649,-12.19927],[-70.35518,-12.20103],[-70.35441,-12.19343],[-70.35917,-12.19102],[-70.36467,-12.19599],[-70.37411,-12.19283],[-70.3716,-12.18179],[-70.38079,-12.1799],[-70.37611,-12.16639],[-70.38105,-12.17176],[-70.38922,-12.16248],[-70.39403,-12.16212],[-70.39634,-12.15354],[-70.40335,-12.15081],[-70.41661,-12.14236],[-70.43419,-12.13751],[-70.45081,-12.13006],[-70.46182,-12.12288],[-70.46971,-12.11474],[-70.48699,-12.11027],[-70.49375,-12.09578],[-70.51772,-12.08646],[-70.53049,-12.08589],[-70.53744,-12.08973],[-70.54758,-12.08633],[-70.57779,-12.06274],[-70.58646,-12.05134],[-70.59788,-12.01943],[-70.59741,-12.01148],[-70.61247,-11.99515],[-70.62906,-11.99258],[-70.63557,-11.98676],[-70.63866,-11.97904],[-70.65399,-11.96592],[-70.66007,-11.95332],[-70.66728,-11.94975],[-70.68097,-11.94844],[-70.69276,-11.94178],[-70.72087,-11.93318],[-70.73155,-11.92392],[-70.73616,-11.9147],[-70.73409,-11.90751],[-70.71282,-11.90804],[-70.70331,-11.90036],[-70.69039,-11.89798],[-70.66423,-11.90335],[-70.65655,-11.90867],[-70.63098,-11.9187],[-70.61922,-11.91681],[-70.60051,-11.92112],[-70.59518,-11.92553],[-70.57809,-11.92873],[-70.58062,-11.9342],[-70.57855,-11.94292],[-70.56809,-11.94901],[-70.5666,-11.95418],[-70.55731,-11.96426],[-70.52741,-11.97654],[-70.51961,-11.97732],[-70.51479,-11.98697],[-70.50076,-11.99749],[-70.49725,-12.00521],[-70.47896,-12.02355],[-70.45793,-12.03344],[-70.44411,-12.05224],[-70.44065,-12.05197],[-70.39788,-12.07109],[-70.38366,-12.09076],[-70.36426,-12.09991],[-70.34594,-12.11449],[-70.34008,-12.12745],[-70.33923,-12.14008],[-70.34655,-12.15265],[-70.34739,-12.16124],[-70.32443,-12.17898],[-70.31247,-12.1867],[-70.30757,-12.20373],[-70.30857,-12.21721],[-70.2967,-12.23121],[-70.28139,-12.23588],[-70.27833,-12.24655],[-70.26902,-12.25077],[-70.26078,-12.26783],[-70.26207,-12.27737],[-70.25134,-12.30377],[-70.24404,-12.31177],[-70.23999,-12.32698],[-70.22617,-12.3364],[-70.21546,-12.33972],[-70.20496,-12.34712],[-70.18996,-12.34519],[-70.18235,-12.34647],[-70.16489,-12.35762],[-70.15267,-12.35483],[-70.14459,-12.34546],[-70.13446,-12.34596],[-70.12247,-12.35015],[-70.10543,-12.34819],[-70.09482,-12.34947],[-70.07382,-12.35837],[-70.04385,-12.37744],[-70.02484,-12.39617],[-70.01853,-12.41371],[-70.00633,-12.42501],[-69.99711,-12.42799],[-69.98224,-12.42829],[-69.95279,-12.42561],[-69.93882,-12.43007],[-69.92811,-12.43959],[-69.92008,-12.45178],[-69.89182,-12.47469],[-69.86803,-12.48212],[-69.85583,-12.48212],[-69.82009,-12.47946],[-69.80792,-12.48072],[-69.78921,-12.4958],[-69.78118,-12.49848],[-69.7677,-12.49457],[-69.75862,-12.4978],[-69.72339,-12.5225],[-69.71247,-12.52498],[-69.6914,-12.51465],[-69.67908,-12.51995],[-69.67356,-12.51877],[-69.67089,-12.50564],[-69.65916,-12.49912],[-69.64256,-12.49746],[-69.63148,-12.50176],[-69.62393,-12.51726],[-69.59712,-12.51422],[-69.59044,-12.49569],[-69.57471,-12.48917],[-69.5701,-12.491],[-69.55266,-12.52003],[-69.5524,-12.53328],[-69.54811,-12.54375],[-69.54865,-12.55909],[-69.54035,-12.56926],[-69.52911,-12.57379],[-69.52167,-12.57104],[-69.50068,-12.57203],[-69.49077,-12.5795],[-69.49685,-12.58605],[-69.49966,-12.5973],[-69.50459,-12.60392],[-69.50418,-12.6219],[-69.48909,-12.6211],[-69.47662,-12.62271],[-69.46383,-12.60992],[-69.45182,-12.60451],[-69.44809,-12.60675],[-69.45311,-12.61629],[-69.46286,-12.65099],[-69.4588,-12.67727],[-69.45895,-12.69768],[-69.44622,-12.71164],[-69.43542,-12.73101],[-69.44588,-12.73321],[-69.45754,-12.74507],[-69.47288,-12.751],[-69.48858,-12.7612],[-69.50303,-12.76589],[-69.50608,-12.76273],[-69.51567,-12.76358],[-69.53386,-12.77479],[-69.5505,-12.77166],[-69.56023,-12.77678],[-69.57487,-12.80002],[-69.57478,-12.81173],[-69.58082,-12.82874],[-69.5844,-12.84847],[-69.59257,-12.85747],[-69.59102,-12.86883],[-69.59415,-12.8804],[-69.60731,-12.87157],[-69.61442,-12.8644],[-69.62372,-12.86639],[-69.63081,-12.87667],[-69.63936,-12.87659],[-69.65321,-12.88083],[-69.67477,-12.89406],[-69.68443,-12.88835],[-69.69141,-12.8887],[-69.69622,-12.878],[-69.70485,-12.87588],[-69.70841,-12.85689],[-69.71654,-12.85418],[-69.72692,-12.85914],[-69.73068,-12.851],[-69.7484,-12.84396],[-69.76571,-12.84798],[-69.77797,-12.84538],[-69.78646,-12.84939],[-69.79424,-12.84727],[-69.79613,-12.85482],[-69.80202,-12.85316],[-69.8144,-12.85823],[-69.8289,-12.8554],[-69.83291,-12.84833],[-69.83114,-12.84043],[-69.83939,-12.83218],[-69.83747,-12.82721],[-69.828,-12.82411],[-69.8193,-12.82759],[-69.80882,-12.81301],[-69.79672,-12.80646],[-69.79167,-12.78829],[-69.79412,-12.78266],[-69.80756,-12.77193],[-69.81581,-12.76109],[-69.81428,-12.75519],[-69.79848,-12.74918],[-69.78398,-12.7401],[-69.76995,-12.74246],[-69.76347,-12.73774],[-69.75959,-12.72403],[-69.75231,-12.72015],[-69.74689,-12.71064],[-69.77233,-12.70149],[-69.7795,-12.70079],[-69.78477,-12.7078],[-69.78408,-12.7218],[-69.79325,-12.72871],[-69.80016,-12.72431],[-69.80249,-12.71004],[-69.80007,-12.70494],[-69.78633,-12.70105],[-69.78581,-12.69007],[-69.7993,-12.68212],[-69.81477,-12.68195],[-69.81961,-12.67495],[-69.81785,-12.67008],[-69.80822,-12.66627],[-69.80452,-12.65836],[-69.81221,-12.65338],[-69.81868,-12.65354],[-69.84169,-12.6599],[-69.84546,-12.66748],[-69.85171,-12.66986],[-69.86261,-12.66002],[-69.88014,-12.66112],[-69.89193,-12.64093],[-69.90648,-12.63783],[-69.91602,-12.64564],[-69.93092,-12.64645],[-69.93829,-12.64944],[-69.93802,-12.66008],[-69.92925,-12.66606],[-69.92939,-12.67259],[-69.93614,-12.67538],[-69.97292,-12.65152],[-69.9933,-12.65667],[-70.00936,-12.65145],[-70.01277,-12.64422],[-70.01034,-12.63905],[-69.9996,-12.63201],[-70.00281,-12.61978],[-70.01556,-12.60805],[-70.02222,-12.60651],[-70.03429,-12.61374],[-70.03839,-12.60871]]]}},{"type":"Feature","properties":{"ubigeo":"170201","nombre":"Manu"},"geometry":{"type":"Polygon","coordinates":[[[-71.26495,-12.96288],[-71.27172,-12.96184],[-71.27163,-12.95537],[-71.28796,-12.94891],[-71.30067,-12.94185],[-71.30162,-12.9351],[-71.30952,-12.93014],[-71.31541,-12.93073],[-71.31581,-12.92449],[-71.32611,-12.91831],[-71.33344,-12.90453],[-71.34127,-12.89554],[-71.34814,-12.89251],[-71.35494,-12.88398],[-71.35992,-12.88251],[-71.36021,-12.89012],[-71.37562,-12.90061],[-71.38036,-12.89923],[-71.38859,-12.88845],[-71.39622,-12.88286],[-71.41524,-12.89426],[-71.41767,-12.88388],[-71.42685,-12.88269],[-71.4243,-12.87589],[-71.43591,-12.87652],[-71.44167,-12.86739],[-71.44887,-12.86334],[-71.44976,-12.85829],[-71.44249,-12.85361],[-71.44507,-12.84073],[-71.45597,-12.84005],[-71.44616,-12.82766],[-71.45832,-12.8259],[-71.46485,-12.8097],[-71.47527,-12.80194],[-71.48606,-12.78752],[-71.49566,-12.78198],[-71.50265,-12.75617],[-71.51227,-12.74519],[-71.52353,-12.7472],[-71.53344,-12.73858],[-71.5473,-12.73445],[-71.55267,-12.72402],[-71.54879,-12.71404],[-71.55344,-12.70834],[-71.56202,-12.70987],[-71.56574,-12.70544],[-71.59291,-12.70233],[-71.6003,-12.70006],[-71.61744,-12.70514],[-71.63946,-12.70968],[-71.64262,-12.7153],[-71.65343,-12.72115],[-71.66054,-12.72892],[-71.68383,-12.73315],[-71.69497,-12.73879],[-71.6927,-12.74678],[-71.70064,-12.76437],[-71.72352,-12.78667],[-71.72976,-12.78709],[-71.74694,-12.79611],[-71.75374,-12.79462],[-71.76021,-12.78792],[-71.76466,-12.76746],[-71.78529,-12.76487],[-71.79976,-12.76527],[-71.80407,-12.75364],[-71.81059,-12.74498],[-71.81978,-12.7409],[-71.83283,-12.74218],[-71.83952,-12.73892],[-71.8493,-12.73903],[-71.85801,-12.73479],[-71.87137,-12.73526],[-71.88162,-12.73044],[-71.90035,-12.73336],[-71.91841,-12.71899],[-71.91646,-12.70332],[-71.92038,-12.69814],[-71.92649,-12.69949],[-71.95312,-12.69065],[-71.96489,-12.69358],[-71.9786,-12.68333],[-71.97102,-12.67198],[-71.96937,-12.66142],[-71.95638,-12.65487],[-71.95713,-12.63949],[-71.96506,-12.63197],[-71.96641,-12.61282],[-71.9839,-12.60879],[-71.9814,-12.58049],[-71.99096,-12.57799],[-72.00804,-12.56042],[-72.00799,-12.55098],[-72.03146,-12.52477],[-72.03706,-12.5258],[-72.05185,-12.51866],[-72.0547,-12.509],[-72.06432,-12.50659],[-72.07113,-12.51148],[-72.07896,-12.49863],[-72.07087,-12.48886],[-72.07087,-12.48279],[-72.0651,-12.47152],[-72.06441,-12.45564],[-72.05953,-12.45005],[-72.06149,-12.44045],[-72.04928,-12.43313],[-72.04646,-12.4224],[-72.03714,-12.42277],[-72.02237,-12.41499],[-72.01748,-12.41518],[-72.00984,-12.40423],[-71.99378,-12.39922],[-71.97601,-12.39878],[-71.9699,-12.38417],[-71.96517,-12.38283],[-71.96297,-12.37146],[-71.97057,-12.35897],[-71.96189,-12.33817],[-71.94713,-12.33439],[-71.94589,-12.33022],[-71.95883,-12.3201],[-71.96709,-12.31668],[-71.97229,-12.30877],[-71.97194,-12.30039],[-71.96487,-12.28813],[-71.96937,-12.2804],[-71.97098,-12.26999],[-71.96744,-12.24989],[-71.96536,-12.24822],[-71.96915,-12.22138],[-71.96716,-12.21621],[-71.96776,-12.1975],[-71.95927,-12.19109],[-71.94986,-12.17429],[-71.94862,-12.16085],[-71.93908,-12.14259],[-71.93759,-12.1171],[-71.93375,-12.10341],[-71.92918,-12.09794],[-71.90511,-12.08905],[-71.90375,-12.07928],[-71.89753,-12.07379],[-71.89674,-12.06799],[-71.88779,-12.05904],[-71.8621,-12.05301],[-71.8458,-12.04504],[-71.82953,-12.04888],[-71.81938,-12.04025],[-71.80968,-12.04005],[-71.80024,-12.03554],[-71.79362,-12.03689],[-71.78873,-12.03105],[-71.76993,-12.02332],[-71.75791,-12.02304],[-71.7503,-12.01924],[-71.73815,-12.00195],[-71.74023,-11.99627],[-71.72542,-11.98989],[-71.71896,-11.98078],[-71.70466,-11.98393],[-71.69165,-11.98364],[-71.68854,-11.98869],[-71.68205,-11.98811],[-71.67284,-11.97929],[-71.66621,-11.98107],[-71.66621,-11.97274],[-71.6601,-11.96616],[-71.65438,-11.9713],[-71.64564,-11.96567],[-71.64935,-11.95381],[-71.64038,-11.95751],[-71.63696,-11.94713],[-71.63119,-11.94636],[-71.63279,-11.93832],[-71.63663,-11.94019],[-71.63985,-11.93304],[-71.63249,-11.93401],[-71.63038,-11.92575],[-71.6323,-11.91542],[-71.62715,-11.90731],[-71.62861,-11.90198],[-71.63471,-11.90148],[-71.63511,-11.89417],[-71.63047,-11.88734],[-71.63983,-11.88227],[-71.62706,-11.87346],[-71.632,-11.87137],[-71.632,-11.86434],[-71.61363,-11.85746],[-71.60384,-11.85578],[-71.60596,-11.84667],[-71.59892,-11.85471],[-71.59618,-11.8444],[-71.60117,-11.84086],[-71.59088,-11.83648],[-71.56712,-11.83934],[-71.57195,-11.83318],[-71.56464,-11.82871],[-71.55624,-11.83206],[-71.55632,-11.8242],[-71.54911,-11.82956],[-71.54184,-11.82814],[-71.53987,-11.82159],[-71.53576,-11.82906],[-71.52701,-11.82368],[-71.52463,-11.8153],[-71.51557,-11.81499],[-71.51116,-11.82149],[-71.50666,-11.8122],[-71.499,-11.81297],[-71.49168,-11.82235],[-71.48242,-11.82285],[-71.48109,-11.8123],[-71.47133,-11.81196],[-71.46798,-11.81714],[-71.46758,-11.8341],[-71.46074,-11.84496],[-71.45334,-11.84436],[-71.43505,-11.8317],[-71.42964,-11.83379],[-71.42227,-11.84411],[-71.42141,-11.85065],[-71.42798,-11.85317],[-71.43787,-11.84531],[-71.44345,-11.84683],[-71.43903,-11.86117],[-71.447,-11.87033],[-71.43498,-11.87618],[-71.42665,-11.87648],[-71.4232,-11.86811],[-71.41693,-11.87206],[-71.42735,-11.89364],[-71.42127,-11.89895],[-71.40896,-11.89838],[-71.40126,-11.88962],[-71.39651,-11.89194],[-71.39462,-11.89961],[-71.37952,-11.90874],[-71.36023,-11.91169],[-71.35658,-11.90844],[-71.36246,-11.90183],[-71.35505,-11.89735],[-71.34483,-11.91176],[-71.35389,-11.92042],[-71.34549,-11.93012],[-71.3352,-11.92992],[-71.32936,-11.91833],[-71.32233,-11.91902],[-71.32231,-11.92492],[-71.33258,-11.93641],[-71.33033,-11.94442],[-71.31981,-11.94102],[-71.31567,-11.92744],[-71.31025,-11.92871],[-71.30495,-11.94195],[-71.29502,-11.94446],[-71.28709,-11.94262],[-71.27293,-11.95474],[-71.27306,-11.96507],[-71.27732,-11.96866],[-71.29097,-11.96466],[-71.29056,-11.97738],[-71.27439,-11.98585],[-71.26913,-11.98404],[-71.26529,-11.97531],[-71.25055,-11.96731],[-71.24022,-11.97766],[-71.2422,-11.9945],[-71.23892,-12.00131],[-71.22061,-12.00466],[-71.20912,-12.01931],[-71.19468,-12.01355],[-71.18416,-12.02341],[-71.18877,-12.03441],[-71.18511,-12.03855],[-71.17576,-12.03137],[-71.15992,-12.03627],[-71.15607,-12.04967],[-71.1482,-12.06458],[-71.1349,-12.06052],[-71.12796,-12.06693],[-71.13238,-12.07557],[-71.12889,-12.08079],[-71.1169,-12.08223],[-71.12487,-12.08713],[-71.12994,-12.10169],[-71.12548,-12.10618],[-71.11678,-12.10021],[-71.11373,-12.09181],[-71.09747,-12.10902],[-71.10203,-12.11681],[-71.10113,-12.12319],[-71.09108,-12.13263],[-71.0781,-12.13896],[-71.0754,-12.14526],[-71.08544,-12.15624],[-71.08093,-12.1588],[-71.06681,-12.15131],[-71.06602,-12.14236],[-71.05107,-12.13894],[-71.04835,-12.14617],[-71.05195,-12.15108],[-71.06133,-12.15156],[-71.06514,-12.15559],[-71.06125,-12.1624],[-71.03746,-12.15752],[-71.0246,-12.16654],[-71.02062,-12.17669],[-71.01259,-12.18136],[-71.00113,-12.20016],[-70.99289,-12.19781],[-70.98934,-12.202],[-70.99483,-12.20639],[-70.99748,-12.21627],[-71.00292,-12.21778],[-70.99964,-12.22313],[-70.99087,-12.22099],[-70.97985,-12.21222],[-70.9694,-12.21159],[-70.96796,-12.20611],[-70.97603,-12.20055],[-70.96972,-12.1988],[-70.96184,-12.21227],[-70.96205,-12.21643],[-70.97228,-12.21799],[-70.98287,-12.22339],[-70.98506,-12.22774],[-70.97592,-12.23422],[-70.97854,-12.24573],[-70.97331,-12.24808],[-70.96666,-12.24196],[-70.9618,-12.25273],[-70.9531,-12.25368],[-70.95217,-12.24689],[-70.95752,-12.23615],[-70.9534,-12.23352],[-70.93825,-12.23454],[-70.93584,-12.24063],[-70.94332,-12.24245],[-70.94716,-12.24792],[-70.934,-12.25575],[-70.94237,-12.26654],[-70.93479,-12.27197],[-70.9252,-12.26824],[-70.92153,-12.27917],[-70.93843,-12.29235],[-70.94065,-12.29691],[-70.94995,-12.30046],[-70.95508,-12.30809],[-70.95109,-12.32192],[-70.9623,-12.33915],[-70.96869,-12.3416],[-70.98246,-12.33702],[-70.99028,-12.33938],[-70.99486,-12.34544],[-71.00725,-12.34835],[-71.01155,-12.35418],[-71.02237,-12.35422],[-71.03481,-12.3576],[-71.038,-12.36551],[-71.05182,-12.37901],[-71.05187,-12.38843],[-71.05654,-12.39348],[-71.08114,-12.40472],[-71.10005,-12.42451],[-71.10242,-12.43225],[-71.1188,-12.44617],[-71.12748,-12.46392],[-71.13416,-12.46701],[-71.14319,-12.48019],[-71.15329,-12.48648],[-71.15696,-12.4967],[-71.17051,-12.52066],[-71.17771,-12.52897],[-71.17986,-12.53719],[-71.18985,-12.55092],[-71.1962,-12.56307],[-71.20489,-12.57391],[-71.20437,-12.59083],[-71.20692,-12.59424],[-71.20182,-12.60045],[-71.20348,-12.61187],[-71.21126,-12.6161],[-71.20937,-12.63116],[-71.20154,-12.64087],[-71.1979,-12.66085],[-71.19184,-12.66302],[-71.19378,-12.67613],[-71.19849,-12.68085],[-71.20065,-12.69406],[-71.1927,-12.70902],[-71.18502,-12.7175],[-71.19035,-12.72929],[-71.18887,-12.73604],[-71.17877,-12.74829],[-71.18584,-12.75777],[-71.1903,-12.76921],[-71.20376,-12.776],[-71.22897,-12.79455],[-71.23947,-12.8039],[-71.26143,-12.81691],[-71.27927,-12.82023],[-71.28258,-12.82781],[-71.27337,-12.84816],[-71.2711,-12.86233],[-71.27521,-12.86558],[-71.27357,-12.88042],[-71.27017,-12.8902],[-71.2577,-12.89858],[-71.24997,-12.90008],[-71.2449,-12.90752],[-71.24575,-12.91718],[-71.25126,-12.92855],[-71.26368,-12.93544],[-71.27184,-12.94583],[-71.26495,-12.96288]]]}},{"type":"Feature","properties":{"ubigeo":"170202","nombre":"Fitzcarrald"},"geometry":{"type":"Polygon","coordinates":[[[-71.18502,-12.7175],[-71.1927,-12.70902],[-71.20065,-12.69406],[-71.19849,-12.68085],[-71.19378,-12.67613],[-71.19184,-12.66302],[-71.1979,-12.66085],[-71.20154,-12.64087],[-71.20937,-12.63116],[-71.21126,-12.6161],[-71.20348,-12.61187],[-71.20182,-12.60045],[-71.20692,-12.59424],[-71.20437,-12.59083],[-71.20489,-12.57391],[-71.1962,-12.56307],[-71.18985,-12.55092],[-71.17986,-12.53719],[-71.17771,-12.52897],[-71.17051,-12.52066],[-71.15696,-12.4967],[-71.15329,-12.48648],[-71.14319,-12.48019],[-71.13416,-12.46701],[-71.12748,-12.46392],[-71.1188,-12.44617],[-71.10242,-12.43225],[-71.10005,-12.42451],[-71.08114,-12.40472],[-71.05654,-12.39348],[-71.05187,-12.38843],[-71.05182,-12.37901],[-71.038,-12.36551],[-71.03481,-12.3576],[-71.02237,-12.35422],[-71.01155,-12.35418],[-71.00725,-12.34835],[-70.99486,-12.34544],[-70.99028,-12.33938],[-70.98246,-12.33702],[-70.96869,-12.3416],[-70.9623,-12.33915],[-70.95109,-12.32192],[-70.95508,-12.30809],[-70.94995,-12.30046],[-70.94065,-12.29691],[-70.93843,-12.29235],[-70.92153,-12.27917],[-70.9252,-12.26824],[-70.93479,-12.27197],[-70.94237,-12.26654],[-70.934,-12.25575],[-70.94716,-12.24792],[-70.94332,-12.24245],[-70.93584,-12.24063],[-70.93825,-12.23454],[-70.9534,-12.23352],[-70.95752,-12.23615],[-70.95217,-12.24689],[-70.9531,-12.25368],[-70.9618,-12.25273],[-70.96666,-12.24196],[-70.97331,-12.24808],[-70.97854,-12.24573],[-70.97592,-12.23422],[-70.98506,-12.22774],[-70.98287,-12.22339],[-70.97228,-12.21799],[-70.96205,-12.21643],[-70.96184,-12.21227],[-70.96972,-12.1988],[-70.97603,-12.20055],[-70.96796,-12.20611],[-70.9694,-12.21159],[-70.97985,-12.21222],[-70.99087,-12.22099],[-70.99964,-12.22313],[-71.00292,-12.21778],[-70.99748,-12.21627],[-70.99483,-12.20639],[-70.98934,-12.202],[-70.99289,-12.19781],[-71.00113,-12.20016],[-71.01259,-12.18136],[-71.02062,-12.17669],[-71.0246,-12.16654],[-71.03746,-12.15752],[-71.06125,-12.1624],[-71.06514,-12.15559],[-71.06133,-12.15156],[-71.05195,-12.15108],[-71.04835,-12.14617],[-71.05107,-12.13894],[-71.06602,-12.14236],[-71.06681,-12.15131],[-71.08093,-12.1588],[-71.08544,-12.15624],[-71.0754,-12.14526],[-71.0781,-12.13896],[-71.09108,-12.13263],[-71.10113,-12.12319],[-71.10203,-12.11681],[-71.09747,-12.10902],[-71.11373,-12.09181],[-71.11678,-12.10021],[-71.12548,-12.10618],[-71.12994,-12.10169],[-71.12487,-12.08713],[-71.1169,-12.08223],[-71.12889,-12.08079],[-71.13238,-12.07557],[-71.12796,-12.06693],[-71.1349,-12.06052],[-71.1482,-12.06458],[-71.15607,-12.04967],[-71.15992,-12.03627],[-71.17576,-12.03137],[-71.18511,-12.03855],[-71.18877,-12.03441],[-71.18416,-12.02341],[-71.19468,-12.01355],[-71.20912,-12.01931],[-71.22061,-12.00466],[-71.23892,-12.00131],[-71.2422,-11.9945],[-71.24022,-11.97766],[-71.25055,-11.96731],[-71.26529,-11.97531],[-71.26913,-11.98404],[-71.27439,-11.98585],[-71.29056,-11.97738],[-71.29097,-11.96466],[-71.27732,-11.96866],[-71.27306,-11.96507],[-71.27293,-11.95474],[-71.28709,-11.94262],[-71.29502,-11.94446],[-71.30495,-11.94195],[-71.31025,-11.92871],[-71.31567,-11.92744],[-71.31981,-11.94102],[-71.33033,-11.94442],[-71.33258,-11.93641],[-71.32231,-11.92492],[-71.32233,-11.91902],[-71.32936,-11.91833],[-71.3352,-11.92992],[-71.34549,-11.93012],[-71.35389,-11.92042],[-71.34483,-11.91176],[-71.35505,-11.89735],[-71.36246,-11.90183],[-71.35658,-11.90844],[-71.36023,-11.91169],[-71.37952,-11.90874],[-71.39462,-11.89961],[-71.39651,-11.89194],[-71.40126,-11.88962],[-71.40896,-11.89838],[-71.42127,-11.89895],[-71.42735,-11.89364],[-71.41693,-11.87206],[-71.4232,-11.86811],[-71.42665,-11.87648],[-71.43498,-11.87618],[-71.447,-11.87033],[-71.43903,-11.86117],[-71.44345,-11.84683],[-71.43787,-11.84531],[-71.42798,-11.85317],[-71.42141,-11.85065],[-71.42227,-11.84411],[-71.42964,-11.83379],[-71.43505,-11.8317],[-71.45334,-11.84436],[-71.46074,-11.84496],[-71.46758,-11.8341],[-71.46798,-11.81714],[-71.47133,-11.81196],[-71.48109,-11.8123],[-71.48242,-11.82285],[-71.49168,-11.82235],[-71.499,-11.81297],[-71.50666,-11.8122],[-71.51116,-11.82149],[-71.51557,-11.81499],[-71.52463,-11.8153],[-71.52701,-11.82368],[-71.53576,-11.82906],[-71.53987,-11.82159],[-71.54184,-11.82814],[-71.54911,-11.82956],[-71.55632,-11.8242],[-71.55624,-11.83206],[-71.56464,-11.82871],[-71.57195,-11.83318],[-71.56712,-11.83934],[-71.59088,-11.83648],[-71.60117,-11.84086],[-71.59618,-11.8444],[-71.59892,-11.85471],[-71.60596,-11.84667],[-71.60384,-11.85578],[-71.61363,-11.85746],[-71.632,-11.86434],[-71.632,-11.87137],[-71.62706,-11.87346],[-71.63983,-11.88227],[-71.63047,-11.88734],[-71.63511,-11.89417],[-71.63471,-11.90148],[-71.62861,-11.90198],[-71.62715,-11.90731],[-71.6323,-11.91542],[-71.63038,-11.92575],[-71.63249,-11.93401],[-71.63985,-11.93304],[-71.63663,-11.94019],[-71.63279,-11.93832],[-71.63119,-11.94636],[-71.63696,-11.94713],[-71.64038,-11.95751],[-71.64935,-11.95381],[-71.64564,-11.96567],[-71.65438,-11.9713],[-71.6601,-11.96616],[-71.66621,-11.97274],[-71.66621,-11.98107],[-71.67284,-11.97929],[-71.68205,-11.98811],[-71.68854,-11.98869],[-71.69165,-11.98364],[-71.70466,-11.98393],[-71.71896,-11.98078],[-71.72542,-11.98989],[-71.74023,-11.99627],[-71.73815,-12.00195],[-71.7503,-12.01924],[-71.75791,-12.02304],[-71.76993,-12.02332],[-71.78873,-12.03105],[-71.79362,-12.03689],[-71.80024,-12.03554],[-71.80968,-12.04005],[-71.81938,-12.04025],[-71.82953,-12.04888],[-71.8458,-12.04504],[-71.8621,-12.05301],[-71.88779,-12.05904],[-71.89674,-12.06799],[-71.89753,-12.07379],[-71.90375,-12.07928],[-71.90511,-12.08905],[-71.92918,-12.09794],[-71.93375,-12.10341],[-71.93759,-12.1171],[-71.93908,-12.14259],[-71.94862,-12.16085],[-71.94986,-12.17429],[-71.95927,-12.19109],[-71.96776,-12.1975],[-71.96716,-12.21621],[-71.96915,-12.22138],[-71.96536,-12.24822],[-71.96744,-12.24989],[-71.97098,-12.26999],[-71.96937,-12.2804],[-71.96487,-12.28813],[-71.97194,-12.30039],[-71.97229,-12.30877],[-71.96709,-12.31668],[-71.95883,-12.3201],[-71.97303,-12.32054],[-71.9838,-12.31391],[-71.99089,-12.30601],[-72.01426,-12.29792],[-72.02999,-12.2863],[-72.03384,-12.26504],[-72.04108,-12.25687],[-72.04891,-12.25401],[-72.05644,-12.25728],[-72.0753,-12.24326],[-72.08517,-12.24636],[-72.09253,-12.24005],[-72.10551,-12.23806],[-72.10023,-12.22464],[-72.1014,-12.2171],[-72.09253,-12.19702],[-72.09197,-12.19101],[-72.10021,-12.17166],[-72.09924,-12.165],[-72.09257,-12.15512],[-72.08756,-12.14269],[-72.09265,-12.13228],[-72.09583,-12.10076],[-72.09445,-12.08519],[-72.11638,-12.07883],[-72.13152,-12.07132],[-72.14528,-12.06969],[-72.17373,-12.05981],[-72.18982,-12.05885],[-72.20259,-12.06083],[-72.22187,-12.0601],[-72.22965,-12.06178],[-72.23721,-12.05775],[-72.24441,-12.05875],[-72.26893,-12.05437],[-72.27249,-12.04738],[-72.26919,-12.03668],[-72.27089,-12.02995],[-72.2651,-12.01217],[-72.2593,-12.0063],[-72.28084,-11.99653],[-72.28237,-11.97948],[-72.28917,-11.97476],[-72.31184,-11.97444],[-72.33747,-11.96808],[-72.34113,-11.96338],[-72.33762,-11.95297],[-72.33676,-11.94039],[-72.33827,-11.92421],[-72.3469,-11.91569],[-72.34479,-11.90123],[-72.34751,-11.89127],[-72.34026,-11.86801],[-72.33567,-11.86668],[-72.33215,-11.85553],[-72.33875,-11.85458],[-72.3597,-11.84651],[-72.36563,-11.83785],[-72.3913,-11.82635],[-72.39179,-11.80952],[-72.38755,-11.80183],[-72.37453,-11.79468],[-72.37077,-11.78497],[-72.38235,-11.77454],[-72.38463,-11.76238],[-72.42243,-11.73895],[-72.42506,-11.73317],[-72.4282,-11.70518],[-72.41485,-11.69887],[-72.41007,-11.69301],[-72.40529,-11.6748],[-72.39709,-11.67119],[-72.38744,-11.65929],[-72.39048,-11.65127],[-72.38107,-11.64928],[-72.37532,-11.64417],[-72.37564,-11.63317],[-72.36963,-11.63029],[-72.35562,-11.63503],[-72.35094,-11.6218],[-72.34319,-11.61437],[-72.32789,-11.60753],[-72.31551,-11.59558],[-72.30622,-11.57242],[-72.31263,-11.56542],[-72.30814,-11.54064],[-72.30378,-11.53153],[-72.30563,-11.51594],[-72.29823,-11.50293],[-72.30398,-11.49784],[-72.28963,-11.48285],[-72.28746,-11.46665],[-72.29235,-11.45094],[-72.29255,-11.43327],[-72.28741,-11.42425],[-72.28141,-11.42103],[-72.27856,-11.41248],[-72.26669,-11.39647],[-72.25731,-11.3935],[-72.24789,-11.38501],[-72.23926,-11.34506],[-72.22667,-11.34261],[-72.20462,-11.34743],[-72.20393,-11.35171],[-72.1905,-11.35523],[-72.18474,-11.35102],[-72.18411,-11.33147],[-72.17899,-11.32487],[-72.16309,-11.32012],[-72.15427,-11.32148],[-72.13193,-11.33092],[-72.11682,-11.33301],[-72.11206,-11.33107],[-72.10298,-11.34432],[-72.11459,-11.35638],[-72.10983,-11.37],[-72.10298,-11.37105],[-72.09687,-11.3776],[-72.08414,-11.37968],[-72.07611,-11.37842],[-72.06717,-11.38288],[-72.06166,-11.37574],[-72.05258,-11.37425],[-72.04238,-11.38184],[-72.03524,-11.38244],[-72.03196,-11.37544],[-72.02422,-11.36963],[-72.00904,-11.37455],[-71.99936,-11.37045],[-71.99631,-11.37723],[-71.98846,-11.38006],[-71.98248,-11.38855],[-71.94561,-11.38631],[-71.92647,-11.37433],[-71.92043,-11.36137],[-71.90621,-11.35153],[-71.89356,-11.35287],[-71.87899,-11.36393],[-71.86831,-11.36755],[-71.85387,-11.36815],[-71.84853,-11.36269],[-71.84387,-11.35132],[-71.84553,-11.34273],[-71.8351,-11.33259],[-71.82947,-11.31773],[-71.82613,-11.3151],[-71.81516,-11.31944],[-71.79771,-11.32065],[-71.79016,-11.31623],[-71.78741,-11.32111],[-71.77447,-11.3257],[-71.77275,-11.33199],[-71.76383,-11.34081],[-71.75762,-11.34133],[-71.75021,-11.3299],[-71.74149,-11.33325],[-71.73365,-11.34297],[-71.72436,-11.33873],[-71.71214,-11.34451],[-71.6992,-11.3552],[-71.69098,-11.37398],[-71.68227,-11.37206],[-71.66781,-11.35472],[-71.66003,-11.3525],[-71.65765,-11.36509],[-71.64861,-11.37773],[-71.64792,-11.38771],[-71.65352,-11.39793],[-71.66525,-11.4052],[-71.6647,-11.41939],[-71.64598,-11.42942],[-71.63055,-11.42373],[-71.61791,-11.43532],[-71.60485,-11.435],[-71.59114,-11.43113],[-71.58718,-11.43945],[-71.58391,-11.45618],[-71.57873,-11.46963],[-71.57263,-11.47005],[-71.56384,-11.47587],[-71.55788,-11.48466],[-71.54838,-11.4865],[-71.52958,-11.48042],[-71.52011,-11.48203],[-71.5037,-11.4914],[-71.49381,-11.48905],[-71.48138,-11.49603],[-71.48091,-11.50027],[-71.4704,-11.50455],[-71.46221,-11.51203],[-71.44954,-11.50993],[-71.44109,-11.50188],[-71.43636,-11.50525],[-71.42424,-11.50348],[-71.42026,-11.50979],[-71.41573,-11.52885],[-71.40582,-11.54085],[-71.3987,-11.55307],[-71.39996,-11.56493],[-71.41063,-11.57735],[-71.40833,-11.5807],[-71.40086,-11.57714],[-71.38588,-11.5759],[-71.36895,-11.59688],[-71.37678,-11.60114],[-71.3633,-11.61651],[-71.358,-11.61537],[-71.34551,-11.63019],[-71.33862,-11.62969],[-71.33936,-11.63874],[-71.34381,-11.64239],[-71.33857,-11.65106],[-71.3308,-11.65556],[-71.3165,-11.65307],[-71.31284,-11.65948],[-71.32066,-11.67919],[-71.31416,-11.68678],[-71.30363,-11.68443],[-71.29854,-11.6913],[-71.29546,-11.68792],[-71.27395,-11.694],[-71.25143,-11.70817],[-71.24033,-11.72582],[-71.23287,-11.73455],[-71.20995,-11.75021],[-71.20923,-11.75658],[-71.20068,-11.75832],[-71.19687,-11.76371],[-71.17578,-11.763],[-71.16586,-11.75495],[-71.16336,-11.74961],[-71.14692,-11.75009],[-71.14147,-11.75377],[-71.12629,-11.75334],[-71.11566,-11.76206],[-71.10985,-11.76258],[-71.10758,-11.77126],[-71.10467,-11.76551],[-71.09674,-11.77041],[-71.09073,-11.77004],[-71.08132,-11.77681],[-71.07863,-11.78289],[-71.06399,-11.79272],[-71.06589,-11.79993],[-71.05973,-11.80629],[-71.05984,-11.82735],[-71.05656,-11.82777],[-71.0565,-11.83776],[-71.04742,-11.83965],[-71.05149,-11.84529],[-71.04453,-11.85347],[-71.04977,-11.86182],[-71.04501,-11.8721],[-71.03732,-11.8741],[-71.03548,-11.86506],[-71.02512,-11.86274],[-71.0207,-11.86763],[-71.02616,-11.88501],[-71.02083,-11.89379],[-71.00838,-11.89321],[-71.01158,-11.89941],[-71.00469,-11.90023],[-70.99017,-11.90953],[-70.99153,-11.91375],[-70.98175,-11.9183],[-70.97314,-11.91549],[-70.97252,-11.92321],[-70.96012,-11.92016],[-70.95706,-11.91596],[-70.95125,-11.92897],[-70.94084,-11.92005],[-70.93838,-11.92461],[-70.9286,-11.91689],[-70.92242,-11.918],[-70.91744,-11.92465],[-70.9105,-11.92265],[-70.90768,-11.91584],[-70.89758,-11.91572],[-70.89607,-11.92401],[-70.88652,-11.92731],[-70.89084,-11.93173],[-70.88295,-11.94303],[-70.87602,-11.93913],[-70.87198,-11.94803],[-70.86662,-11.9484],[-70.8665,-11.956],[-70.85887,-11.95559],[-70.86096,-11.96243],[-70.85318,-11.96651],[-70.846,-11.96133],[-70.83939,-11.96623],[-70.83496,-11.96269],[-70.82579,-11.96579],[-70.81243,-11.98182],[-70.81083,-11.9772],[-70.8059,-11.98582],[-70.79685,-11.98245],[-70.77929,-11.99089],[-70.77885,-11.99843],[-70.77466,-11.98862],[-70.76858,-11.99598],[-70.74666,-11.99799],[-70.74775,-11.99071],[-70.74371,-11.98764],[-70.73806,-11.9915],[-70.73363,-11.98359],[-70.72467,-11.9907],[-70.71681,-11.98685],[-70.70862,-11.99353],[-70.70295,-11.99339],[-70.69228,-12.002],[-70.68682,-11.99774],[-70.68567,-12.00456],[-70.67408,-11.99369],[-70.66447,-11.99575],[-70.65562,-12.0037],[-70.64561,-12.00178],[-70.64661,-12.01328],[-70.64009,-12.01363],[-70.63625,-12.0224],[-70.63963,-12.02596],[-70.63397,-12.03409],[-70.64036,-12.03716],[-70.62923,-12.04166],[-70.62408,-12.05167],[-70.6047,-12.03817],[-70.6046,-12.04384],[-70.61092,-12.05111],[-70.60045,-12.05132],[-70.59673,-12.05771],[-70.60217,-12.06208],[-70.5951,-12.06963],[-70.58899,-12.06798],[-70.58696,-12.07822],[-70.57581,-12.0733],[-70.57181,-12.08357],[-70.5643,-12.08391],[-70.56902,-12.08953],[-70.55592,-12.09644],[-70.55475,-12.10403],[-70.54956,-12.09922],[-70.53616,-12.11356],[-70.54086,-12.11403],[-70.54311,-12.12387],[-70.55787,-12.12947],[-70.56877,-12.12508],[-70.57649,-12.12973],[-70.58177,-12.1263],[-70.58792,-12.11305],[-70.59894,-12.11309],[-70.60891,-12.10985],[-70.61138,-12.11272],[-70.62124,-12.10801],[-70.62544,-12.09954],[-70.63214,-12.09779],[-70.63458,-12.09217],[-70.64886,-12.0833],[-70.66302,-12.08454],[-70.67862,-12.09014],[-70.68719,-12.08685],[-70.69418,-12.10063],[-70.7071,-12.09692],[-70.70632,-12.09014],[-70.7255,-12.07747],[-70.73064,-12.07208],[-70.74979,-12.07342],[-70.75963,-12.06455],[-70.76615,-12.0725],[-70.77738,-12.0744],[-70.78432,-12.07008],[-70.80038,-12.07727],[-70.81605,-12.07341],[-70.82764,-12.07784],[-70.83697,-12.07824],[-70.84592,-12.10846],[-70.83561,-12.11363],[-70.82866,-12.12346],[-70.82028,-12.12626],[-70.8138,-12.13787],[-70.82674,-12.15991],[-70.81684,-12.16544],[-70.81591,-12.16993],[-70.80405,-12.18305],[-70.7927,-12.18335],[-70.77708,-12.19904],[-70.77125,-12.20197],[-70.76502,-12.21599],[-70.75687,-12.21491],[-70.75069,-12.22549],[-70.73163,-12.24064],[-70.72736,-12.24039],[-70.72942,-12.39649],[-70.73341,-12.38959],[-70.74325,-12.39186],[-70.74604,-12.38605],[-70.75676,-12.39083],[-70.75809,-12.38135],[-70.76436,-12.37579],[-70.76769,-12.3812],[-70.7747,-12.37513],[-70.78752,-12.37953],[-70.79111,-12.39215],[-70.78262,-12.39694],[-70.79232,-12.41733],[-70.80264,-12.41682],[-70.81765,-12.43528],[-70.82411,-12.43485],[-70.83847,-12.45133],[-70.8473,-12.45263],[-70.8539,-12.46556],[-70.86028,-12.46536],[-70.87809,-12.48409],[-70.87784,-12.48868],[-70.89736,-12.49228],[-70.90316,-12.50448],[-70.91241,-12.49851],[-70.92278,-12.50512],[-70.9233,-12.5094],[-70.93155,-12.50928],[-70.93364,-12.5162],[-70.9429,-12.51455],[-70.94775,-12.52505],[-70.95412,-12.52792],[-70.95722,-12.52084],[-70.97595,-12.52911],[-70.97627,-12.53695],[-70.99583,-12.54431],[-71.00966,-12.56499],[-71.02979,-12.55933],[-71.03526,-12.5639],[-71.03929,-12.56051],[-71.04456,-12.56962],[-71.05418,-12.5738],[-71.05413,-12.58055],[-71.06801,-12.57609],[-71.07697,-12.57733],[-71.09095,-12.59228],[-71.09813,-12.59109],[-71.1039,-12.601],[-71.10587,-12.61321],[-71.11521,-12.61748],[-71.12289,-12.6287],[-71.11977,-12.63883],[-71.12163,-12.64989],[-71.12875,-12.65425],[-71.12638,-12.66119],[-71.12872,-12.66941],[-71.137,-12.67634],[-71.14672,-12.67877],[-71.16503,-12.69536],[-71.16994,-12.70585],[-71.17689,-12.7084],[-71.18169,-12.71775],[-71.18502,-12.7175]]]}},{"type":"Feature","properties":{"ubigeo":"170203","nombre":"Madre de Dios"},"geometry":{"type":"Polygon","coordinates":[[[-70.40335,-12.15081],[-70.39634,-12.15354],[-70.39403,-12.16212],[-70.38922,-12.16248],[-70.38105,-12.17176],[-70.37611,-12.16639],[-70.38079,-12.1799],[-70.3716,-12.18179],[-70.37411,-12.19283],[-70.36467,-12.19599],[-70.35917,-12.19102],[-70.35441,-12.19343],[-70.35518,-12.20103],[-70.34649,-12.19927],[-70.3475,-12.20445],[-70.33903,-12.23007],[-70.33373,-12.22646],[-70.33533,-12.22018],[-70.3261,-12.22923],[-70.32319,-12.22651],[-70.31579,-12.23126],[-70.32019,-12.24389],[-70.31247,-12.25263],[-70.31199,-12.26273],[-70.30576,-12.25831],[-70.30111,-12.26777],[-70.3015,-12.28062],[-70.29695,-12.28265],[-70.29417,-12.29597],[-70.28944,-12.29762],[-70.28042,-12.29394],[-70.28404,-12.30291],[-70.27731,-12.30687],[-70.27558,-12.31312],[-70.27967,-12.32001],[-70.26988,-12.33132],[-70.2679,-12.34003],[-70.27317,-12.34489],[-70.26294,-12.34299],[-70.25677,-12.3606],[-70.24846,-12.36165],[-70.25589,-12.37415],[-70.24805,-12.37636],[-70.25314,-12.3833],[-70.24697,-12.3853],[-70.25163,-12.38967],[-70.24769,-12.39494],[-70.25659,-12.40616],[-70.25243,-12.41238],[-70.25678,-12.42117],[-70.26374,-12.42361],[-70.25489,-12.42971],[-70.25033,-12.42846],[-70.24688,-12.43863],[-70.25045,-12.44745],[-70.24298,-12.45039],[-70.23779,-12.45737],[-70.23127,-12.45359],[-70.22959,-12.46686],[-70.21902,-12.47262],[-70.21864,-12.46592],[-70.21043,-12.46526],[-70.206,-12.47815],[-70.20104,-12.47106],[-70.19021,-12.47166],[-70.19081,-12.47984],[-70.17988,-12.48474],[-70.17347,-12.48374],[-70.17423,-12.49092],[-70.16094,-12.48759],[-70.15496,-12.49411],[-70.14047,-12.50035],[-70.13001,-12.50187],[-70.1331,-12.50924],[-70.12637,-12.51275],[-70.1193,-12.51173],[-70.12086,-12.50474],[-70.10343,-12.5083],[-70.10617,-12.51658],[-70.09953,-12.52029],[-70.10257,-12.52455],[-70.09554,-12.53574],[-70.09182,-12.53492],[-70.09701,-12.54868],[-70.09005,-12.54513],[-70.08165,-12.55236],[-70.0913,-12.54892],[-70.0928,-12.55744],[-70.08252,-12.55407],[-70.0783,-12.56103],[-70.0818,-12.56624],[-70.0723,-12.56856],[-70.07291,-12.57523],[-70.06729,-12.57967],[-70.0533,-12.58037],[-70.03941,-12.59094],[-70.03839,-12.60871],[-70.05855,-12.61608],[-70.06812,-12.62525],[-70.07502,-12.63935],[-70.0848,-12.64563],[-70.10302,-12.65325],[-70.1195,-12.65747],[-70.13103,-12.65819],[-70.14534,-12.67251],[-70.16155,-12.67868],[-70.16866,-12.69221],[-70.19585,-12.72094],[-70.20197,-12.7246],[-70.23086,-12.73039],[-70.24708,-12.73945],[-70.25251,-12.74961],[-70.25693,-12.78276],[-70.26069,-12.79037],[-70.27475,-12.80365],[-70.28377,-12.81863],[-70.28727,-12.83548],[-70.29399,-12.84578],[-70.32436,-12.85994],[-70.33296,-12.87042],[-70.34076,-12.88395],[-70.34531,-12.90139],[-70.35529,-12.91782],[-70.35968,-12.91885],[-70.36298,-12.92729],[-70.37273,-12.9262],[-70.3871,-12.93381],[-70.39029,-12.93055],[-70.40138,-12.93297],[-70.40821,-12.92986],[-70.4194,-12.93005],[-70.43021,-12.91956],[-70.4306,-12.91406],[-70.44465,-12.90408],[-70.44538,-12.89989],[-70.45467,-12.89122],[-70.46255,-12.88836],[-70.46855,-12.87962],[-70.47411,-12.87869],[-70.475,-12.86607],[-70.4797,-12.84967],[-70.49498,-12.84493],[-70.50532,-12.82794],[-70.5059,-12.82184],[-70.51292,-12.81017],[-70.51395,-12.81935],[-70.52099,-12.82777],[-70.52132,-12.83806],[-70.52948,-12.8428],[-70.53506,-12.84059],[-70.54794,-12.84955],[-70.55267,-12.85579],[-70.56233,-12.85851],[-70.55936,-12.86527],[-70.56297,-12.87063],[-70.55673,-12.87818],[-70.55897,-12.8825],[-70.57422,-12.88724],[-70.57408,-12.89092],[-70.58242,-12.90473],[-70.59058,-12.9034],[-70.59473,-12.91199],[-70.58946,-12.91977],[-70.59102,-12.92369],[-70.59871,-12.92177],[-70.60109,-12.9295],[-70.60981,-12.93241],[-70.61375,-12.94134],[-70.62221,-12.94412],[-70.62078,-12.95674],[-70.62588,-12.95909],[-70.62678,-12.96959],[-70.63588,-12.97496],[-70.65163,-12.97053],[-70.65931,-12.96485],[-70.68432,-12.96445],[-70.7004,-12.95936],[-70.70574,-12.95523],[-70.72216,-12.95205],[-70.72454,-12.95367],[-70.73792,-12.94553],[-70.75121,-12.94171],[-70.75832,-12.93344],[-70.75986,-12.92517],[-70.75645,-12.92233],[-70.76282,-12.91576],[-70.75788,-12.91239],[-70.76456,-12.90597],[-70.77126,-12.90458],[-70.7829,-12.90884],[-70.78749,-12.90492],[-70.80826,-12.91727],[-70.81262,-12.91691],[-70.81461,-12.92543],[-70.81939,-12.92898],[-70.82536,-12.92559],[-70.82763,-12.90204],[-70.83261,-12.89821],[-70.83001,-12.89378],[-70.83077,-12.87826],[-70.8227,-12.86467],[-70.81794,-12.8651],[-70.81433,-12.84036],[-70.83295,-12.83495],[-70.84346,-12.83625],[-70.84804,-12.84008],[-70.8739,-12.84126],[-70.88618,-12.84719],[-70.88967,-12.85351],[-70.89874,-12.84702],[-70.90507,-12.85286],[-70.90699,-12.86915],[-70.91533,-12.86426],[-70.92392,-12.87409],[-70.92999,-12.8646],[-70.93778,-12.87903],[-70.94502,-12.8706],[-70.94719,-12.87964],[-70.95389,-12.88653],[-70.94979,-12.89862],[-70.95569,-12.90102],[-70.95139,-12.9113],[-70.95619,-12.92475],[-70.96593,-12.92806],[-70.96058,-12.94162],[-70.96825,-12.94675],[-70.97279,-12.96228],[-70.98198,-12.97628],[-70.98171,-12.9821],[-70.97626,-12.98243],[-70.98651,-12.99178],[-70.9911,-13.00162],[-70.9873,-13.01022],[-70.99369,-13.02079],[-70.98021,-13.02573],[-70.98267,-13.03667],[-70.97148,-13.05325],[-70.96263,-13.05272],[-70.93842,-13.06244],[-70.93622,-13.06672],[-70.92805,-13.06751],[-70.92901,-13.07689],[-70.92448,-13.08168],[-70.91514,-13.0842],[-70.90613,-13.09193],[-70.90501,-13.0999],[-70.88994,-13.10287],[-70.92139,-13.11083],[-70.92215,-13.12152],[-70.92826,-13.12924],[-70.93537,-13.13001],[-70.94228,-13.13549],[-70.93764,-13.14408],[-70.94219,-13.1565],[-70.95735,-13.16345],[-70.96298,-13.16948],[-70.97452,-13.16829],[-70.9878,-13.18959],[-70.99432,-13.20322],[-70.99085,-13.22155],[-71.00111,-13.22933],[-71.00786,-13.23097],[-71.01149,-13.23979],[-71.0079,-13.25153],[-71.01404,-13.26719],[-71.0279,-13.27068],[-71.04095,-13.26875],[-71.04765,-13.26278],[-71.06418,-13.2567],[-71.09106,-13.24032],[-71.10751,-13.23823],[-71.12201,-13.23353],[-71.12763,-13.22686],[-71.13486,-13.211],[-71.13476,-13.204],[-71.13935,-13.1958],[-71.14024,-13.16973],[-71.1465,-13.1475],[-71.14381,-13.14],[-71.15114,-13.12412],[-71.15822,-13.12298],[-71.16479,-13.11235],[-71.16818,-13.09409],[-71.16137,-13.07575],[-71.16158,-13.06646],[-71.17332,-13.05644],[-71.17183,-13.03684],[-71.16623,-13.02252],[-71.16862,-13.01013],[-71.17826,-13.00373],[-71.17868,-12.99529],[-71.17304,-12.98333],[-71.159,-12.97868],[-71.16353,-12.96585],[-71.17207,-12.96531],[-71.17641,-12.97094],[-71.18646,-12.96875],[-71.19506,-12.95997],[-71.20557,-12.96157],[-71.21241,-12.95882],[-71.22556,-12.96002],[-71.22972,-12.97196],[-71.23875,-12.97193],[-71.25211,-12.96398],[-71.26495,-12.96288],[-71.27184,-12.94583],[-71.26368,-12.93544],[-71.25126,-12.92855],[-71.24575,-12.91718],[-71.2449,-12.90752],[-71.24997,-12.90008],[-71.2577,-12.89858],[-71.27017,-12.8902],[-71.27357,-12.88042],[-71.27521,-12.86558],[-71.2711,-12.86233],[-71.27337,-12.84816],[-71.28258,-12.82781],[-71.27927,-12.82023],[-71.26143,-12.81691],[-71.23947,-12.8039],[-71.22897,-12.79455],[-71.20376,-12.776],[-71.1903,-12.76921],[-71.18584,-12.75777],[-71.17877,-12.74829],[-71.18887,-12.73604],[-71.19035,-12.72929],[-71.18502,-12.7175],[-71.18169,-12.71775],[-71.17689,-12.7084],[-71.16994,-12.70585],[-71.16503,-12.69536],[-71.14672,-12.67877],[-71.137,-12.67634],[-71.12872,-12.66941],[-71.12638,-12.66119],[-71.12875,-12.65425],[-71.12163,-12.64989],[-71.11977,-12.63883],[-71.12289,-12.6287],[-71.11521,-12.61748],[-71.10587,-12.61321],[-71.1039,-12.601],[-71.09813,-12.59109],[-71.09095,-12.59228],[-71.07697,-12.57733],[-71.06801,-12.57609],[-71.05413,-12.58055],[-71.05418,-12.5738],[-71.04456,-12.56962],[-71.03929,-12.56051],[-71.03526,-12.5639],[-71.02979,-12.55933],[-71.00966,-12.56499],[-70.99583,-12.54431],[-70.97627,-12.53695],[-70.97595,-12.52911],[-70.95722,-12.52084],[-70.95412,-12.52792],[-70.94775,-12.52505],[-70.9429,-12.51455],[-70.93364,-12.5162],[-70.93155,-12.50928],[-70.9233,-12.5094],[-70.92278,-12.50512],[-70.91241,-12.49851],[-70.90316,-12.50448],[-70.89736,-12.49228],[-70.87784,-12.48868],[-70.87809,-12.48409],[-70.86028,-12.46536],[-70.8539,-12.46556],[-70.8473,-12.45263],[-70.83847,-12.45133],[-70.82411,-12.43485],[-70.81765,-12.43528],[-70.80264,-12.41682],[-70.79232,-12.41733],[-70.78262,-12.39694],[-70.79111,-12.39215],[-70.78752,-12.37953],[-70.7747,-12.37513],[-70.76769,-12.3812],[-70.76436,-12.37579],[-70.75809,-12.38135],[-70.75676,-12.39083],[-70.74604,-12.38605],[-70.74325,-12.39186],[-70.73341,-12.38959],[-70.72942,-12.39649],[-70.72736,-12.24039],[-70.73163,-12.24064],[-70.75069,-12.22549],[-70.75687,-12.21491],[-70.76502,-12.21599],[-70.77125,-12.20197],[-70.77708,-12.19904],[-70.7927,-12.18335],[-70.80405,-12.18305],[-70.81591,-12.16993],[-70.81684,-12.16544],[-70.82674,-12.15991],[-70.8138,-12.13787],[-70.82028,-12.12626],[-70.82866,-12.12346],[-70.83561,-12.11363],[-70.84592,-12.10846],[-70.83697,-12.07824],[-70.82764,-12.07784],[-70.81605,-12.07341],[-70.80038,-12.07727],[-70.78432,-12.07008],[-70.77738,-12.0744],[-70.76615,-12.0725],[-70.75963,-12.06455],[-70.74979,-12.07342],[-70.73064,-12.07208],[-70.7255,-12.07747],[-70.70632,-12.09014],[-70.7071,-12.09692],[-70.69418,-12.10063],[-70.68719,-12.08685],[-70.67862,-12.09014],[-70.66302,-12.08454],[-70.64886,-12.0833],[-70.63458,-12.09217],[-70.63214,-12.09779],[-70.62544,-12.09954],[-70.62124,-12.10801],[-70.61138,-12.11272],[-70.60891,-12.10985],[-70.59894,-12.11309],[-70.58792,-12.11305],[-70.58177,-12.1263],[-70.57649,-12.12973],[-70.56877,-12.12508],[-70.55787,-12.12947],[-70.54311,-12.12387],[-70.54086,-12.11403],[-70.53616,-12.11356],[-70.53394,-12.11908],[-70.52248,-12.11096],[-70.51424,-12.11439],[-70.51242,-12.10498],[-70.5079,-12.11209],[-70.49892,-12.1068],[-70.49264,-12.10755],[-70.48461,-12.11868],[-70.47949,-12.12168],[-70.47434,-12.11664],[-70.4713,-12.1202],[-70.47203,-12.13145],[-70.46592,-12.12682],[-70.4518,-12.14078],[-70.4478,-12.1363],[-70.44513,-12.14494],[-70.44102,-12.13935],[-70.43713,-12.14319],[-70.43582,-12.15442],[-70.43086,-12.15462],[-70.4256,-12.14653],[-70.42144,-12.15269],[-70.40993,-12.14742],[-70.40335,-12.15081]]]}},{"type":"Feature","properties":{"ubigeo":"170204","nombre":"Huepetuhe"},"geometry":{"type":"Polygon","coordinates":[[[-70.40287,-13.11441],[-70.40441,-13.12608],[-70.4177,-13.13309],[-70.40682,-13.13842],[-70.39373,-13.12998],[-70.39076,-13.13827],[-70.40059,-13.15116],[-70.3995,-13.15611],[-70.38558,-13.16704],[-70.38322,-13.18131],[-70.38847,-13.19239],[-70.39548,-13.18305],[-70.4096,-13.18275],[-70.41229,-13.17764],[-70.42547,-13.17612],[-70.44651,-13.17038],[-70.46425,-13.15969],[-70.47937,-13.16017],[-70.50076,-13.15654],[-70.50432,-13.15946],[-70.52973,-13.15256],[-70.54199,-13.15463],[-70.54985,-13.15286],[-70.55103,-13.14597],[-70.55801,-13.13669],[-70.57053,-13.13032],[-70.57799,-13.11755],[-70.58356,-13.11299],[-70.58754,-13.10313],[-70.59949,-13.09915],[-70.60638,-13.10174],[-70.62491,-13.09314],[-70.64167,-13.09076],[-70.65008,-13.09383],[-70.65976,-13.08846],[-70.66962,-13.09067],[-70.67464,-13.09661],[-70.68344,-13.09843],[-70.68394,-13.10547],[-70.70565,-13.10516],[-70.71005,-13.10946],[-70.72295,-13.10582],[-70.74602,-13.10349],[-70.75841,-13.10804],[-70.77429,-13.10328],[-70.79175,-13.09255],[-70.79985,-13.08991],[-70.8029,-13.08414],[-70.81203,-13.07759],[-70.81448,-13.07129],[-70.82954,-13.067],[-70.84296,-13.06705],[-70.85242,-13.0791],[-70.86311,-13.08032],[-70.88218,-13.07067],[-70.89927,-13.06968],[-70.89903,-13.08075],[-70.88994,-13.10287],[-70.90501,-13.0999],[-70.90613,-13.09193],[-70.91514,-13.0842],[-70.92448,-13.08168],[-70.92901,-13.07689],[-70.92805,-13.06751],[-70.93622,-13.06672],[-70.93842,-13.06244],[-70.96263,-13.05272],[-70.97148,-13.05325],[-70.98267,-13.03667],[-70.98021,-13.02573],[-70.99369,-13.02079],[-70.9873,-13.01022],[-70.9911,-13.00162],[-70.98651,-12.99178],[-70.97626,-12.98243],[-70.98171,-12.9821],[-70.98198,-12.97628],[-70.97279,-12.96228],[-70.96825,-12.94675],[-70.96058,-12.94162],[-70.96593,-12.92806],[-70.95619,-12.92475],[-70.95139,-12.9113],[-70.95569,-12.90102],[-70.94979,-12.89862],[-70.95389,-12.88653],[-70.94719,-12.87964],[-70.94502,-12.8706],[-70.93778,-12.87903],[-70.92999,-12.8646],[-70.92392,-12.87409],[-70.91533,-12.86426],[-70.90699,-12.86915],[-70.90507,-12.85286],[-70.89874,-12.84702],[-70.88967,-12.85351],[-70.88618,-12.84719],[-70.8739,-12.84126],[-70.84804,-12.84008],[-70.84346,-12.83625],[-70.83295,-12.83495],[-70.81433,-12.84036],[-70.81794,-12.8651],[-70.8227,-12.86467],[-70.83077,-12.87826],[-70.83001,-12.89378],[-70.83261,-12.89821],[-70.82763,-12.90204],[-70.82536,-12.92559],[-70.81939,-12.92898],[-70.81461,-12.92543],[-70.81262,-12.91691],[-70.80826,-12.91727],[-70.78749,-12.90492],[-70.7829,-12.90884],[-70.77126,-12.90458],[-70.76456,-12.90597],[-70.75788,-12.91239],[-70.76282,-12.91576],[-70.75645,-12.92233],[-70.75986,-12.92517],[-70.75832,-12.93344],[-70.75121,-12.94171],[-70.73792,-12.94553],[-70.72454,-12.95367],[-70.72216,-12.95205],[-70.70574,-12.95523],[-70.7004,-12.95936],[-70.68432,-12.96445],[-70.65931,-12.96485],[-70.65163,-12.97053],[-70.63588,-12.97496],[-70.62678,-12.96959],[-70.62588,-12.95909],[-70.62078,-12.95674],[-70.62221,-12.94412],[-70.61375,-12.94134],[-70.60981,-12.93241],[-70.60109,-12.9295],[-70.59871,-12.92177],[-70.59102,-12.92369],[-70.58946,-12.91977],[-70.59473,-12.91199],[-70.59058,-12.9034],[-70.58242,-12.90473],[-70.57408,-12.89092],[-70.57422,-12.88724],[-70.55897,-12.8825],[-70.55673,-12.87818],[-70.56297,-12.87063],[-70.55936,-12.86527],[-70.56233,-12.85851],[-70.55267,-12.85579],[-70.54794,-12.84955],[-70.53506,-12.84059],[-70.52948,-12.8428],[-70.52132,-12.83806],[-70.52099,-12.82777],[-70.51395,-12.81935],[-70.51292,-12.81017],[-70.5059,-12.82184],[-70.50532,-12.82794],[-70.49498,-12.84493],[-70.4797,-12.84967],[-70.475,-12.86607],[-70.47411,-12.87869],[-70.46855,-12.87962],[-70.46255,-12.88836],[-70.45467,-12.89122],[-70.44538,-12.89989],[-70.44465,-12.90408],[-70.4306,-12.91406],[-70.43021,-12.91956],[-70.4194,-12.93005],[-70.40821,-12.92986],[-70.40138,-12.93297],[-70.39029,-12.93055],[-70.3871,-12.93381],[-70.37273,-12.9262],[-70.36298,-12.92729],[-70.35968,-12.91885],[-70.35529,-12.91782],[-70.35274,-12.94489],[-70.35606,-12.95362],[-70.35781,-12.96801],[-70.35617,-12.98296],[-70.35957,-12.99649],[-70.3593,-13.00841],[-70.36844,-13.0291],[-70.37508,-13.03272],[-70.37946,-13.04164],[-70.3843,-13.06261],[-70.3884,-13.06915],[-70.3937,-13.09437],[-70.40287,-13.11441]]]}},{"type":"Feature","properties":{"ubigeo":"170301","nombre":"Iñapari"},"geometry":{"type":"Polygon","coordinates":[[[-70.13025,-11.50468],[-70.15151,-11.50071],[-70.16039,-11.50396],[-70.17773,-11.49438],[-70.19487,-11.49171],[-70.2043,-11.48728],[-70.20763,-11.47983],[-70.21634,-11.47951],[-70.23099,-11.47438],[-70.23445,-11.4667],[-70.25303,-11.45848],[-70.27632,-11.44031],[-70.28519,-11.44279],[-70.2995,-11.44015],[-70.30709,-11.43503],[-70.32333,-11.43442],[-70.33368,-11.43853],[-70.34766,-11.43831],[-70.3613,-11.43564],[-70.37267,-11.4371],[-70.37727,-11.434],[-70.38583,-11.43599],[-70.40247,-11.43483],[-70.41608,-11.42849],[-70.42176,-11.41899],[-70.43093,-11.41372],[-70.43514,-11.40354],[-70.4526,-11.39469],[-70.45386,-11.37317],[-70.46158,-11.36416],[-70.47062,-11.36059],[-70.47571,-11.35251],[-70.4847,-11.35139],[-70.4922,-11.35606],[-70.50686,-11.35477],[-70.5849,-11.36411],[-70.72201,-11.37865],[-70.74412,-11.38159],[-70.74908,-11.38425],[-70.75841,-11.37947],[-70.7662,-11.3842],[-70.77571,-11.37271],[-70.77413,-11.36582],[-70.78274,-11.36149],[-70.78878,-11.34743],[-70.79423,-11.34117],[-70.80009,-11.34121],[-70.79324,-11.34901],[-70.79054,-11.35712],[-70.79649,-11.35915],[-70.80514,-11.34779],[-70.81586,-11.34955],[-70.81884,-11.3463],[-70.81226,-11.32499],[-70.82381,-11.31873],[-70.83309,-11.3279],[-70.84044,-11.32342],[-70.84825,-11.32583],[-70.85278,-11.31837],[-70.87082,-11.31559],[-70.87672,-11.3108],[-70.8699,-11.30526],[-70.86339,-11.29332],[-70.86083,-11.27806],[-70.86926,-11.27246],[-70.87944,-11.27413],[-70.87492,-11.28474],[-70.8795,-11.28811],[-70.88894,-11.28324],[-70.8918,-11.28825],[-70.90349,-11.284],[-70.90575,-11.29064],[-70.91308,-11.29365],[-70.90673,-11.28007],[-70.91344,-11.27747],[-70.92276,-11.29009],[-70.92337,-11.28262],[-70.93035,-11.27539],[-70.94384,-11.28969],[-70.94595,-11.28109],[-70.9616,-11.27487],[-70.96562,-11.2677],[-70.98192,-11.26794],[-70.98657,-11.2624],[-70.99819,-11.26071],[-71.00128,-11.25373],[-71.00505,-11.26028],[-71.01353,-11.26506],[-71.01798,-11.25961],[-71.01556,-11.24852],[-71.02668,-11.24348],[-71.02965,-11.2571],[-71.03868,-11.25974],[-71.03225,-11.24726],[-71.03599,-11.2449],[-71.04194,-11.25001],[-71.05216,-11.24793],[-71.05855,-11.23788],[-71.06303,-11.25016],[-71.06948,-11.25093],[-71.06752,-11.23734],[-71.07548,-11.23271],[-71.0825,-11.23618],[-71.09052,-11.23012],[-71.09564,-11.23223],[-71.09188,-11.23857],[-71.09544,-11.24098],[-71.10581,-11.22995],[-71.09845,-11.22216],[-71.10306,-11.22091],[-71.11454,-11.22877],[-71.11549,-11.23719],[-71.12329,-11.23719],[-71.13141,-11.22236],[-71.15364,-11.22712],[-71.15697,-11.22428],[-71.15895,-11.21135],[-71.16279,-11.20949],[-71.17415,-11.21611],[-71.17303,-11.22484],[-71.17882,-11.22839],[-71.18986,-11.21315],[-71.20034,-11.20893],[-71.21684,-11.21073],[-71.21843,-11.20189],[-71.22379,-11.20059],[-71.22747,-11.21248],[-71.23626,-11.21871],[-71.23679,-11.21161],[-71.23264,-11.2015],[-71.24265,-11.19649],[-71.24645,-11.18103],[-71.25303,-11.19141],[-71.26217,-11.19326],[-71.26843,-11.19099],[-71.27038,-11.18365],[-71.28006,-11.18033],[-71.28268,-11.18576],[-71.29264,-11.18668],[-71.30079,-11.17997],[-71.30698,-11.18534],[-71.31513,-11.18007],[-71.31102,-11.16821],[-71.32341,-11.17185],[-71.33319,-11.1699],[-71.33595,-11.15501],[-71.34492,-11.16315],[-71.35803,-11.1619],[-71.37208,-11.16469],[-71.37543,-11.16999],[-71.36947,-11.17371],[-71.37142,-11.17835],[-71.37961,-11.17515],[-71.38064,-11.16997],[-71.37526,-11.16112],[-71.38391,-11.14856],[-71.39868,-11.15149],[-71.40775,-11.14789],[-71.41972,-11.13698],[-71.42652,-11.13947],[-71.43977,-11.13735],[-71.43394,-11.13082],[-71.44168,-11.12425],[-71.44411,-11.13157],[-71.45052,-11.1327],[-71.45253,-11.12756],[-71.44484,-11.1272],[-71.4463,-11.11714],[-71.43634,-11.10937],[-71.44238,-11.1032],[-71.45031,-11.11064],[-71.45994,-11.1046],[-71.47379,-11.10636],[-71.485,-11.09309],[-71.49688,-11.09026],[-71.49348,-11.10171],[-71.49685,-11.10666],[-71.50472,-11.1011],[-71.51245,-11.09971],[-71.52403,-11.08693],[-71.53612,-11.08758],[-71.53946,-11.09997],[-71.54433,-11.08275],[-71.5481,-11.08194],[-71.55898,-11.09341],[-71.56847,-11.08344],[-71.57939,-11.09022],[-71.58195,-11.10293],[-71.58932,-11.10293],[-71.5869,-11.0959],[-71.59712,-11.09059],[-71.611,-11.09742],[-71.62322,-11.09302],[-71.62921,-11.10575],[-71.63388,-11.09932],[-71.63042,-11.09508],[-71.63589,-11.08956],[-71.64187,-11.09115],[-71.64829,-11.09845],[-71.65402,-11.09247],[-71.66,-11.09563],[-71.67296,-11.0946],[-71.67994,-11.10724],[-71.6805,-11.10017],[-71.68933,-11.10042],[-71.69346,-11.09262],[-71.70138,-11.08855],[-71.70667,-11.08993],[-71.71497,-11.08041],[-71.71253,-11.07105],[-71.72235,-11.07199],[-71.72638,-11.06433],[-71.73164,-11.07397],[-71.74147,-11.07588],[-71.74761,-11.08443],[-71.75569,-11.0736],[-71.77804,-11.0741],[-71.79054,-11.07817],[-71.79671,-11.06909],[-71.80165,-11.07268],[-71.81156,-11.07055],[-71.80937,-11.06477],[-71.82118,-11.06601],[-71.82297,-11.05961],[-71.82928,-11.06023],[-71.8368,-11.04833],[-71.84403,-11.05289],[-71.85113,-11.04303],[-71.86929,-11.03984],[-71.85985,-11.04657],[-71.86479,-11.0508],[-71.87517,-11.0501],[-71.87485,-11.05736],[-71.88523,-11.06128],[-71.89157,-11.06004],[-71.89404,-11.06508],[-71.9042,-11.05978],[-71.89987,-11.04758],[-71.90473,-11.04342],[-71.91107,-11.04998],[-71.92416,-11.04662],[-71.93313,-11.05305],[-71.94158,-11.05347],[-71.94069,-11.06165],[-71.94646,-11.05601],[-71.95604,-11.05257],[-71.95651,-11.05636],[-71.97165,-11.05608],[-71.97765,-11.05247],[-71.99575,-11.05731],[-72.00645,-11.05521],[-72.01804,-11.06368],[-72.03708,-11.06337],[-72.03329,-11.05922],[-72.04447,-11.06047],[-72.04417,-11.06512],[-72.05499,-11.07047],[-72.05657,-11.0623],[-72.0694,-11.06396],[-72.07654,-11.05488],[-72.08288,-11.058],[-72.08089,-11.06469],[-72.08842,-11.06784],[-72.08989,-11.07772],[-72.09831,-11.08239],[-72.10724,-11.07857],[-72.12588,-11.08372],[-72.13851,-11.08358],[-72.15051,-11.07578],[-72.15221,-11.06946],[-72.16071,-11.06135],[-72.16144,-11.05029],[-72.16886,-11.04927],[-72.17761,-11.04067],[-72.17532,-11.02483],[-72.18519,-11.00893],[-72.17354,-10.99553],[-72.15825,-11.00529],[-72.1543,-11.00309],[-72.15286,-10.99421],[-72.1399,-10.98874],[-72.12793,-10.97984],[-72.12503,-10.99562],[-72.10471,-10.99293],[-72.09279,-11.00168],[-72.06979,-11.00843],[-72.05174,-11.01091],[-72.0437,-10.99692],[-72.02983,-10.99793],[-72.01394,-10.9884],[-71.99674,-10.99112],[-71.98656,-10.9955],[-71.98035,-10.99098],[-71.96813,-10.99661],[-71.96057,-10.99503],[-71.94459,-10.99745],[-71.93838,-11.0039],[-71.92565,-11.00247],[-71.91934,-10.99922],[-71.90244,-10.9977],[-71.89507,-10.99453],[-71.87736,-10.99993],[-71.84701,-10.99568],[-71.82846,-11.01187],[-71.82436,-11.00408],[-71.80895,-10.99383],[-71.78759,-10.99257],[-71.78023,-10.98781],[-71.77004,-10.99281],[-71.74525,-10.99273],[-71.73,-10.98359],[-71.72016,-10.99655],[-71.71408,-10.99561],[-71.71371,-10.9849],[-71.70541,-10.97558],[-71.69955,-10.97455],[-71.69217,-10.97943],[-71.68072,-10.97156],[-71.6665,-10.98166],[-71.65515,-10.9814],[-71.65134,-10.97702],[-71.638,-10.97683],[-71.62877,-10.97356],[-71.60432,-10.97054],[-71.59689,-10.97275],[-71.58791,-10.97106],[-71.56959,-10.96279],[-71.55885,-10.9648],[-71.5383,-10.95366],[-71.53161,-10.95223],[-71.52715,-10.96173],[-71.50813,-10.96609],[-71.49396,-10.96175],[-71.48595,-10.96379],[-71.48052,-10.95712],[-71.47056,-10.95547],[-71.44336,-10.95875],[-71.42611,-10.95566],[-71.41294,-10.95807],[-71.3994,-10.95296],[-71.39486,-10.94763],[-71.37628,-10.95268],[-71.37042,-10.94735],[-71.36144,-10.95161],[-71.35209,-10.9479],[-71.35137,-10.93923],[-71.34179,-10.93288],[-71.33613,-10.91679],[-71.32901,-10.91099],[-71.3173,-10.90957],[-71.31646,-10.89737],[-71.30902,-10.8787],[-71.29471,-10.8763],[-71.27534,-10.85639],[-71.27094,-10.84735],[-71.27147,-10.81905],[-71.25872,-10.78493],[-71.25037,-10.78324],[-71.24384,-10.77676],[-71.23074,-10.78008],[-71.22156,-10.7767],[-71.22743,-10.7613],[-71.21957,-10.76103],[-71.21889,-10.74921],[-71.2246,-10.73065],[-71.21604,-10.71331],[-71.22439,-10.70774],[-71.23146,-10.69131],[-71.22896,-10.67853],[-71.21283,-10.66833],[-71.20629,-10.65216],[-71.20842,-10.64747],[-71.2208,-10.63673],[-71.21091,-10.61916],[-71.20517,-10.59154],[-71.19621,-10.57986],[-71.18229,-10.57389],[-71.17314,-10.57498],[-71.16649,-10.57161],[-71.16377,-10.5642],[-71.16644,-10.55728],[-71.16308,-10.54677],[-71.16558,-10.54226],[-71.16457,-10.53126],[-71.1468,-10.53098],[-71.13256,-10.50721],[-71.11674,-10.50129],[-71.10838,-10.50778],[-71.10621,-10.50445],[-71.09345,-10.50097],[-71.09028,-10.50339],[-71.07076,-10.49847],[-71.06708,-10.49355],[-71.05956,-10.49403],[-71.05337,-10.48965],[-71.04089,-10.48866],[-71.02453,-10.4782],[-71.01891,-10.46676],[-71.01549,-10.46709],[-71.0132,-10.45608],[-71.00813,-10.45754],[-71.00697,-10.44719],[-71.00064,-10.44222],[-71.00497,-10.43082],[-70.99688,-10.4272],[-70.99327,-10.41616],[-70.98386,-10.40879],[-70.97575,-10.40599],[-70.96037,-10.39362],[-70.95811,-10.37779],[-70.97068,-10.34602],[-70.96801,-10.33555],[-70.93473,-10.33326],[-70.92009,-10.33068],[-70.8974,-10.33741],[-70.88946,-10.33514],[-70.87399,-10.3007],[-70.87369,-10.29439],[-70.88262,-10.27595],[-70.88083,-10.26197],[-70.87459,-10.25572],[-70.86685,-10.25305],[-70.84157,-10.25067],[-70.81493,-10.25467],[-70.8032,-10.25115],[-70.79041,-10.24104],[-70.7803,-10.21992],[-70.77405,-10.21427],[-70.76155,-10.20916],[-70.75349,-10.19406],[-70.74651,-10.18858],[-70.73439,-10.1854],[-70.71703,-10.17265],[-70.71237,-10.16364],[-70.70511,-10.15868],[-70.70785,-10.13561],[-70.70031,-10.1267],[-70.69817,-10.11803],[-70.68388,-10.11258],[-70.68098,-10.10264],[-70.67075,-10.09985],[-70.66368,-10.09242],[-70.66103,-10.08496],[-70.65138,-10.0807],[-70.65314,-10.07552],[-70.64454,-10.06874],[-70.65618,-10.06023],[-70.66003,-10.05147],[-70.65206,-10.04006],[-70.66143,-10.02969],[-70.67232,-10.02313],[-70.66653,-10.01398],[-70.66648,-10.00659],[-70.65716,-10.00193],[-70.65907,-9.98983],[-70.66763,-9.97245],[-70.65039,-9.95463],[-70.64695,-9.94592],[-70.65075,-9.93318],[-70.64177,-9.91501],[-70.6416,-9.90808],[-70.63348,-9.89896],[-70.6398,-9.88939],[-70.63954,-9.88438],[-70.6214,-9.87808],[-70.6138,-9.87339],[-70.61388,-9.91696],[-70.61311,-10.05945],[-70.61346,-10.12964],[-70.61369,-10.44738],[-70.61365,-10.89447],[-70.61375,-11.00017],[-70.5574,-10.95757],[-70.52783,-10.93428],[-70.51936,-10.93482],[-70.5145,-10.94774],[-70.50411,-10.95048],[-70.49476,-10.96238],[-70.48194,-10.96786],[-70.47153,-10.98441],[-70.45164,-10.99692],[-70.43784,-11.02618],[-70.44065,-11.03289],[-70.43776,-11.0388],[-70.42007,-11.03942],[-70.41096,-11.04249],[-70.4077,-11.04714],[-70.40049,-11.04568],[-70.3864,-11.04758],[-70.37951,-11.05704],[-70.37309,-11.06048],[-70.35317,-11.0598],[-70.34972,-11.06551],[-70.33665,-11.06805],[-70.32866,-11.06548],[-70.30779,-11.0705],[-70.2953,-11.06625],[-70.28699,-11.05858],[-70.27967,-11.05645],[-70.27133,-11.0594],[-70.26312,-11.05159],[-70.24458,-11.04939],[-70.22946,-11.05192],[-70.21125,-11.0507],[-70.19905,-11.05401],[-70.19036,-11.04958],[-70.18918,-11.0453],[-70.18042,-11.0447],[-70.16292,-11.03976],[-70.15778,-11.04114],[-70.15658,-11.03401],[-70.14123,-11.03006],[-70.13935,-11.02361],[-70.13123,-11.0228],[-70.12126,-11.01062],[-70.11072,-11.00448],[-70.10741,-11.00789],[-70.10465,-10.99688],[-70.09537,-10.99662],[-70.09016,-10.98659],[-70.08497,-10.98945],[-70.06459,-10.99388],[-70.06368,-10.98796],[-70.05622,-10.98807],[-70.04531,-10.97953],[-70.03823,-10.98055],[-70.03721,-10.97125],[-70.02802,-10.97763],[-70.02268,-10.96981],[-70.01531,-10.97066],[-70.00832,-10.96311],[-69.99694,-10.96337],[-69.99359,-10.95059],[-69.98402,-10.9554],[-69.98236,-10.94337],[-69.97425,-10.9493],[-69.96142,-10.93662],[-69.95373,-10.93536],[-69.95398,-10.92857],[-69.94019,-10.92668],[-69.93401,-10.92241],[-69.92326,-10.92569],[-69.92172,-10.93375],[-69.91658,-10.92546],[-69.90053,-10.9206],[-69.87836,-10.92455],[-69.8727,-10.93111],[-69.86541,-10.92659],[-69.85864,-10.93424],[-69.85401,-10.92594],[-69.84356,-10.92522],[-69.839,-10.93002],[-69.8334,-10.9282],[-69.83159,-10.93388],[-69.81324,-10.9298],[-69.81107,-10.926],[-69.79923,-10.92735],[-69.79242,-10.93361],[-69.78823,-10.92965],[-69.7793,-10.93546],[-69.77014,-10.92986],[-69.76789,-10.93331],[-69.77356,-10.93932],[-69.76362,-10.94212],[-69.75936,-10.9401],[-69.74707,-10.95377],[-69.74481,-10.96179],[-69.7393,-10.96504],[-69.74051,-10.97293],[-69.73672,-10.97498],[-69.72137,-10.96487],[-69.7161,-10.97596],[-69.70965,-10.97367],[-69.70053,-10.96553],[-69.69868,-10.97142],[-69.68998,-10.9634],[-69.68639,-10.96493],[-69.67634,-10.95984],[-69.66873,-10.96196],[-69.65946,-10.95281],[-69.64609,-10.95362],[-69.63469,-10.95734],[-69.62212,-10.95031],[-69.61623,-10.95081],[-69.61231,-10.95658],[-69.60922,-10.94567],[-69.59686,-10.94174],[-69.59268,-10.94595],[-69.58297,-10.94531],[-69.58784,-10.94043],[-69.57881,-10.94073],[-69.56906,-10.94749],[-69.57004,-10.95241],[-69.56358,-10.95976],[-69.56293,-10.96684],[-69.49932,-11.06919],[-69.46598,-11.12139],[-69.40843,-11.2136],[-69.38547,-11.24956],[-69.33658,-11.32809],[-69.35121,-11.32642],[-69.36699,-11.31397],[-69.38468,-11.30859],[-69.39943,-11.30749],[-69.41789,-11.30179],[-69.44302,-11.28245],[-69.45372,-11.2757],[-69.47215,-11.25391],[-69.49169,-11.24367],[-69.49362,-11.23095],[-69.50052,-11.22041],[-69.51649,-11.22336],[-69.53095,-11.22403],[-69.5522,-11.22062],[-69.5594,-11.21617],[-69.56418,-11.20863],[-69.57179,-11.21573],[-69.58913,-11.21917],[-69.59487,-11.2161],[-69.59937,-11.22024],[-69.61895,-11.22555],[-69.62686,-11.22446],[-69.63278,-11.23548],[-69.64703,-11.23744],[-69.65388,-11.23283],[-69.66866,-11.22969],[-69.692,-11.20624],[-69.70039,-11.20974],[-69.7083,-11.20804],[-69.71977,-11.19836],[-69.72971,-11.20354],[-69.87514,-11.31362],[-70.00035,-11.40767],[-70.01795,-11.42126],[-70.11153,-11.49046],[-70.13025,-11.50468]]]}},{"type":"Feature","properties":{"ubigeo":"170302","nombre":"Iberia"},"geometry":{"type":"Polygon","coordinates":[[[-70.13025,-11.50468],[-70.11153,-11.49046],[-70.01795,-11.42126],[-70.00035,-11.40767],[-69.87514,-11.31362],[-69.72971,-11.20354],[-69.71977,-11.19836],[-69.7083,-11.20804],[-69.70039,-11.20974],[-69.692,-11.20624],[-69.66866,-11.22969],[-69.65388,-11.23283],[-69.64703,-11.23744],[-69.63278,-11.23548],[-69.62686,-11.22446],[-69.61895,-11.22555],[-69.59937,-11.22024],[-69.59487,-11.2161],[-69.58913,-11.21917],[-69.57179,-11.21573],[-69.56418,-11.20863],[-69.5594,-11.21617],[-69.5522,-11.22062],[-69.53095,-11.22403],[-69.51649,-11.22336],[-69.50052,-11.22041],[-69.49362,-11.23095],[-69.49169,-11.24367],[-69.47215,-11.25391],[-69.45372,-11.2757],[-69.44302,-11.28245],[-69.41789,-11.30179],[-69.39943,-11.30749],[-69.38468,-11.30859],[-69.36699,-11.31397],[-69.35121,-11.32642],[-69.33658,-11.32809],[-69.35323,-11.36271],[-69.45525,-11.57001],[-69.50761,-11.67891],[-69.52244,-11.67791],[-69.53043,-11.68264],[-69.53864,-11.67935],[-69.53865,-11.67491],[-69.55634,-11.67631],[-69.57523,-11.65616],[-69.58537,-11.65816],[-69.59463,-11.65269],[-69.59788,-11.647],[-69.61189,-11.64805],[-69.61537,-11.63768],[-69.62858,-11.64454],[-69.64014,-11.63515],[-69.64748,-11.63842],[-69.65395,-11.63673],[-69.66544,-11.62775],[-69.67149,-11.62947],[-69.68186,-11.64166],[-69.69483,-11.63722],[-69.7095,-11.62707],[-69.71674,-11.62463],[-69.72224,-11.62863],[-69.73167,-11.62762],[-69.73813,-11.63542],[-69.7607,-11.62311],[-69.76691,-11.61493],[-69.78274,-11.60519],[-69.78975,-11.60623],[-69.79862,-11.61302],[-69.81278,-11.60268],[-69.81662,-11.61099],[-69.83046,-11.6174],[-69.83965,-11.61172],[-69.84998,-11.61579],[-69.86773,-11.60276],[-69.87122,-11.59052],[-69.87159,-11.58],[-69.86743,-11.57359],[-69.87843,-11.56414],[-69.88958,-11.56503],[-69.90412,-11.57052],[-69.91233,-11.57028],[-69.91736,-11.56298],[-69.9392,-11.56091],[-69.94589,-11.55414],[-69.94708,-11.5446],[-69.95399,-11.53509],[-69.98048,-11.52599],[-69.98668,-11.52139],[-70,-11.52197],[-70.01306,-11.50657],[-70.02268,-11.51104],[-70.04019,-11.50958],[-70.04598,-11.50694],[-70.05655,-11.4959],[-70.05497,-11.48847],[-70.06905,-11.49146],[-70.07329,-11.50116],[-70.09053,-11.50533],[-70.09791,-11.5098],[-70.11162,-11.51279],[-70.12859,-11.50905],[-70.13025,-11.50468]]]}},{"type":"Feature","properties":{"ubigeo":"170303","nombre":"Tahuamanu"},"geometry":{"type":"Polygon","coordinates":[[[-70.37267,-11.4371],[-70.3613,-11.43564],[-70.34766,-11.43831],[-70.33368,-11.43853],[-70.32333,-11.43442],[-70.30709,-11.43503],[-70.2995,-11.44015],[-70.28519,-11.44279],[-70.27632,-11.44031],[-70.25303,-11.45848],[-70.23445,-11.4667],[-70.23099,-11.47438],[-70.21634,-11.47951],[-70.20763,-11.47983],[-70.2043,-11.48728],[-70.19487,-11.49171],[-70.17773,-11.49438],[-70.16039,-11.50396],[-70.15151,-11.50071],[-70.13025,-11.50468],[-70.12859,-11.50905],[-70.11162,-11.51279],[-70.09791,-11.5098],[-70.09053,-11.50533],[-70.07329,-11.50116],[-70.06905,-11.49146],[-70.05497,-11.48847],[-70.05655,-11.4959],[-70.04598,-11.50694],[-70.04019,-11.50958],[-70.02268,-11.51104],[-70.01306,-11.50657],[-70,-11.52197],[-69.98668,-11.52139],[-69.98048,-11.52599],[-69.95399,-11.53509],[-69.94708,-11.5446],[-69.94589,-11.55414],[-69.9392,-11.56091],[-69.91736,-11.56298],[-69.91233,-11.57028],[-69.90412,-11.57052],[-69.88958,-11.56503],[-69.87843,-11.56414],[-69.86743,-11.57359],[-69.87159,-11.58],[-69.87122,-11.59052],[-69.86773,-11.60276],[-69.84998,-11.61579],[-69.83965,-11.61172],[-69.83046,-11.6174],[-69.81662,-11.61099],[-69.81278,-11.60268],[-69.79862,-11.61302],[-69.78975,-11.60623],[-69.78274,-11.60519],[-69.76691,-11.61493],[-69.7607,-11.62311],[-69.73813,-11.63542],[-69.73167,-11.62762],[-69.72224,-11.62863],[-69.71674,-11.62463],[-69.7095,-11.62707],[-69.69483,-11.63722],[-69.68186,-11.64166],[-69.67149,-11.62947],[-69.66544,-11.62775],[-69.65395,-11.63673],[-69.64748,-11.63842],[-69.64014,-11.63515],[-69.62858,-11.64454],[-69.61537,-11.63768],[-69.61189,-11.64805],[-69.59788,-11.647],[-69.59463,-11.65269],[-69.58537,-11.65816],[-69.57523,-11.65616],[-69.55634,-11.67631],[-69.53865,-11.67491],[-69.53864,-11.67935],[-69.53043,-11.68264],[-69.52244,-11.67791],[-69.50761,-11.67891],[-69.45525,-11.57001],[-69.35323,-11.36271],[-69.33658,-11.32809],[-69.22833,-11.49982],[-69.16119,-11.59696],[-69.10345,-11.68135],[-69.07022,-11.73969],[-68.99984,-11.86111],[-68.99926,-11.86346],[-68.97029,-11.91315],[-68.98196,-11.90799],[-68.99323,-11.91431],[-69.0124,-11.91267],[-69.01829,-11.91958],[-69.03148,-11.91311],[-69.03401,-11.9155],[-69.05554,-11.91471],[-69.05946,-11.90935],[-69.07418,-11.90913],[-69.08114,-11.90616],[-69.09193,-11.91082],[-69.09647,-11.92174],[-69.10424,-11.92307],[-69.11604,-11.93175],[-69.12523,-11.92775],[-69.13383,-11.91547],[-69.14484,-11.91731],[-69.14899,-11.91156],[-69.17625,-11.91426],[-69.19124,-11.90999],[-69.1934,-11.9016],[-69.19909,-11.9019],[-69.21426,-11.89339],[-69.21739,-11.89897],[-69.23085,-11.88524],[-69.2442,-11.88263],[-69.2521,-11.89613],[-69.25832,-11.89291],[-69.26041,-11.89754],[-69.26805,-11.89574],[-69.27262,-11.90164],[-69.28507,-11.90323],[-69.28655,-11.89957],[-69.30641,-11.90539],[-69.31139,-11.91042],[-69.32192,-11.90289],[-69.35683,-11.90237],[-69.35815,-11.89787],[-69.36985,-11.89219],[-69.38192,-11.88163],[-69.38654,-11.88387],[-69.40687,-11.87304],[-69.41294,-11.86756],[-69.42078,-11.86586],[-69.43646,-11.87223],[-69.44062,-11.86799],[-69.46107,-11.87503],[-69.46738,-11.87234],[-69.47374,-11.86121],[-69.48412,-11.85728],[-69.49558,-11.84492],[-69.50161,-11.84599],[-69.51418,-11.8407],[-69.52304,-11.84123],[-69.52855,-11.8338],[-69.52866,-11.82519],[-69.53592,-11.82109],[-69.54715,-11.82115],[-69.547,-11.81533],[-69.55315,-11.81125],[-69.55506,-11.80306],[-69.56641,-11.79693],[-69.58357,-11.79588],[-69.58189,-11.78753],[-69.58749,-11.77775],[-69.59318,-11.77823],[-69.61172,-11.77415],[-69.61201,-11.76773],[-69.62858,-11.76006],[-69.6321,-11.76619],[-69.63725,-11.76213],[-69.64791,-11.77039],[-69.6552,-11.75878],[-69.66837,-11.75897],[-69.66969,-11.76623],[-69.67616,-11.77003],[-69.67789,-11.76507],[-69.68312,-11.76945],[-69.6939,-11.76959],[-69.69786,-11.78087],[-69.70728,-11.78392],[-69.70937,-11.79348],[-69.71989,-11.78967],[-69.72494,-11.79873],[-69.72543,-11.80616],[-69.73433,-11.8034],[-69.73936,-11.79629],[-69.7601,-11.80405],[-69.7732,-11.79615],[-69.77816,-11.79907],[-69.78956,-11.79429],[-69.79464,-11.79722],[-69.80349,-11.79548],[-69.80963,-11.78416],[-69.82004,-11.78454],[-69.82768,-11.79001],[-69.83964,-11.78213],[-69.85041,-11.78171],[-69.85353,-11.7775],[-69.86072,-11.77928],[-69.87293,-11.76704],[-69.87837,-11.76853],[-69.88654,-11.76262],[-69.8986,-11.75935],[-69.90329,-11.74885],[-69.90899,-11.7452],[-69.9132,-11.73631],[-69.9212,-11.73904],[-69.92249,-11.72733],[-69.92749,-11.72587],[-69.9318,-11.73268],[-69.95418,-11.72],[-69.96011,-11.71006],[-69.97193,-11.70921],[-69.97563,-11.71323],[-69.98304,-11.71274],[-69.99455,-11.70378],[-70.00754,-11.70449],[-70.02056,-11.70928],[-70.03032,-11.71005],[-70.03456,-11.70286],[-70.04039,-11.70341],[-70.05578,-11.68512],[-70.07206,-11.681],[-70.07821,-11.67006],[-70.08694,-11.67485],[-70.09643,-11.67087],[-70.1123,-11.66804],[-70.13464,-11.65198],[-70.13441,-11.64469],[-70.14417,-11.64456],[-70.14949,-11.63823],[-70.16676,-11.6331],[-70.17806,-11.62652],[-70.1873,-11.61651],[-70.19073,-11.60346],[-70.2039,-11.59161],[-70.21386,-11.58563],[-70.21775,-11.57185],[-70.22489,-11.56923],[-70.23927,-11.55908],[-70.24106,-11.54286],[-70.25669,-11.53093],[-70.26117,-11.51967],[-70.26218,-11.50887],[-70.27838,-11.48863],[-70.27926,-11.47489],[-70.28814,-11.46937],[-70.2897,-11.46139],[-70.30442,-11.45205],[-70.32071,-11.4499],[-70.32847,-11.45262],[-70.34158,-11.44558],[-70.35477,-11.45418],[-70.35913,-11.45312],[-70.36298,-11.44464],[-70.37267,-11.4371]]]}}]}