{"type":"FeatureCollection","features":[{"type":"Feature","properties":{"ubigeo":"210101","nombre":"Puno"},"geometry":{"type":"Polygon","coordinates":[[[-69.96569,-15.97715],[-69.97269,-15.9761],[-69.98067,-15.96909],[-69.99417,-15.96605],[-70.00353,-15.97187],[-70.01258,-15.97351],[-70.01383,-15.96929],[-70.02056,-15.97281],[-70.02803,-15.98592],[-70.04547,-15.99586],[-70.05329,-15.99804],[-70.06157,-16.00776],[-70.07481,-16.01132],[-70.08212,-16.01575],[-70.09062,-16.01322],[-70.10422,-16.02149],[-70.12811,-16.02404],[-70.14292,-16.02378],[-70.15954,-16.00626],[-70.15633,-15.99445],[-70.15859,-15.98106],[-70.16267,-15.97872],[-70.16537,-15.96789],[-70.16404,-15.95239],[-70.16653,-15.94473],[-70.18182,-15.93491],[-70.18442,-15.92979],[-70.17863,-15.907],[-70.17382,-15.9026],[-70.16596,-15.90306],[-70.16133,-15.88913],[-70.14307,-15.87934],[-70.13837,-15.87377],[-70.13786,-15.85229],[-70.13335,-15.83843],[-70.14294,-15.81883],[-70.13828,-15.80751],[-70.12967,-15.80049],[-70.11869,-15.79744],[-70.10003,-15.79672],[-70.09243,-15.78917],[-70.08014,-15.78712],[-70.0689,-15.79285],[-70.06015,-15.80072],[-70.05124,-15.80261],[-70.04325,-15.79907],[-70.0366,-15.79062],[-70.03433,-15.7781],[-70.0285,-15.77385],[-70.0241,-15.78688],[-70.01672,-15.7932],[-70.00529,-15.78936],[-70.0006,-15.79861],[-69.9934,-15.80331],[-69.98897,-15.81997],[-69.99565,-15.82416],[-70.00312,-15.82382],[-70.01782,-15.82944],[-70.0191,-15.83408],[-70.01508,-15.8507],[-70.00289,-15.85339],[-69.99726,-15.8637],[-69.98378,-15.8615],[-69.9745,-15.85287],[-69.96331,-15.85088],[-69.95196,-15.86181],[-69.93977,-15.86533],[-69.92249,-15.87298],[-69.92021,-15.87953],[-69.92308,-15.8823],[-69.92015,-15.91044],[-69.93561,-15.91651],[-69.94543,-15.91394],[-69.95866,-15.91516],[-69.9576,-15.93481],[-69.96218,-15.94687],[-69.97096,-15.95703],[-69.96569,-15.97715]]]}},{"type":"Feature","properties":{"ubigeo":"210102","nombre":"Acora"},"geometry":{"type":"MultiPolygon","coordinates":[[[[-69.87904,-16.47437],[-69.88631,-16.48438],[-69.89507,-16.50097],[-69.89528,-16.50901],[-69.90483,-16.51865],[-69.91539,-16.51964],[-69.92143,-16.51442],[-69.92842,-16.51519],[-69.93886,-16.52358],[-69.94195,-16.52952],[-69.96419,-16.53915],[-69.9644,-16.54654],[-69.97937,-16.56549],[-69.98662,-16.57095],[-69.99065,-16.5788],[-70.00347,-16.58562],[-70.01039,-16.59478],[-70.02415,-16.59681],[-70.02827,-16.6054],[-70.02273,-16.62413],[-70.02462,-16.63118],[-70.03064,-16.63472],[-70.04697,-16.62796],[-70.05128,-16.62909],[-70.0552,-16.63792],[-70.0674,-16.63842],[-70.08283,-16.64841],[-70.08785,-16.65523],[-70.10512,-16.64763],[-70.10917,-16.64282],[-70.13783,-16.62857],[-70.14876,-16.61531],[-70.15792,-16.616],[-70.1687,-16.60962],[-70.16887,-16.60193],[-70.17636,-16.59333],[-70.17312,-16.58338],[-70.17622,-16.57447],[-70.1757,-16.56072],[-70.1799,-16.55797],[-70.18156,-16.5418],[-70.18539,-16.5372],[-70.17967,-16.52222],[-70.17093,-16.51669],[-70.16841,-16.51098],[-70.17609,-16.4848],[-70.1733,-16.46829],[-70.16187,-16.47383],[-70.14745,-16.46459],[-70.15026,-16.44901],[-70.14965,-16.43916],[-70.14333,-16.44019],[-70.1357,-16.43434],[-70.12552,-16.43279],[-70.12024,-16.42452],[-70.10467,-16.41995],[-70.087,-16.41134],[-70.0622,-16.38843],[-70.07897,-16.37099],[-70.07844,-16.35428],[-70.06577,-16.33084],[-70.05229,-16.33084],[-70.04089,-16.32611],[-70.02985,-16.31587],[-70.01732,-16.30984],[-70.00921,-16.27265],[-70.00414,-16.26461],[-69.99589,-16.26115],[-69.99291,-16.25061],[-69.98393,-16.24015],[-69.99122,-16.23017],[-70.0013,-16.22184],[-69.9984,-16.2037],[-70.0063,-16.19742],[-70.00494,-16.19349],[-69.9853,-16.17929],[-69.98755,-16.17495],[-69.98168,-16.16572],[-69.97879,-16.14869],[-69.97176,-16.1401],[-69.96102,-16.13463],[-69.94508,-16.119],[-69.94909,-16.11671],[-69.94501,-16.10905],[-69.95489,-16.09761],[-69.9559,-16.08899],[-69.94994,-16.08187],[-69.93848,-16.07921],[-69.93748,-16.07065],[-69.9345,-16.0748],[-69.92635,-16.06741],[-69.91663,-16.07764],[-69.90612,-16.08217],[-69.8974,-16.07885],[-69.89713,-16.08521],[-69.88895,-16.08285],[-69.88194,-16.09204],[-69.87704,-16.09321],[-69.87076,-16.10133],[-69.8689,-16.07759],[-69.86653,-16.06734],[-69.85057,-16.06074],[-69.84653,-16.05701],[-69.84915,-16.04719],[-69.84682,-16.03453],[-69.85304,-16.01081],[-69.85796,-16.00215],[-69.85429,-15.99029],[-69.85388,-15.9745],[-69.84286,-15.97122],[-69.82766,-15.9612],[-69.81802,-15.96046],[-69.80969,-15.95028],[-69.80306,-15.94923],[-69.78802,-15.95196],[-69.77718,-15.95828],[-69.76204,-15.95217],[-69.74333,-15.95584],[-69.73477,-15.95076],[-69.72073,-15.93139],[-69.71466,-15.92584],[-69.71289,-15.91897],[-69.70207,-15.9203],[-69.69383,-15.9311],[-69.69197,-15.9401],[-69.68331,-15.94851],[-69.68417,-15.95179],[-69.67187,-15.96454],[-69.66364,-15.96972],[-69.65537,-15.96723],[-69.6551,-15.97183],[-69.63017,-15.97914],[-69.62335,-15.98771],[-69.61553,-15.98763],[-69.60974,-15.98339],[-69.61439,-16.00738],[-69.62855,-16.01904],[-69.63807,-16.01735],[-69.6451,-16.01256],[-69.6508,-16.0151],[-69.65119,-16.05147],[-69.65666,-16.06133],[-69.66888,-16.06932],[-69.68136,-16.06901],[-69.68822,-16.07908],[-69.68774,-16.084],[-69.7018,-16.0859],[-69.69986,-16.09447],[-69.6863,-16.10421],[-69.68254,-16.10423],[-69.66896,-16.11475],[-69.67949,-16.12716],[-69.68832,-16.12785],[-69.69133,-16.13891],[-69.68717,-16.14908],[-69.69392,-16.14929],[-69.69156,-16.16034],[-69.70314,-16.16894],[-69.70425,-16.18813],[-69.71001,-16.19847],[-69.7255,-16.20841],[-69.73045,-16.20521],[-69.74342,-16.20445],[-69.75127,-16.20955],[-69.75517,-16.21786],[-69.76022,-16.21522],[-69.76404,-16.2255],[-69.76651,-16.24497],[-69.7728,-16.25605],[-69.78209,-16.266],[-69.78805,-16.26752],[-69.80734,-16.27786],[-69.80062,-16.30156],[-69.8021,-16.30973],[-69.79835,-16.32281],[-69.80125,-16.32739],[-69.80197,-16.34534],[-69.79487,-16.34857],[-69.78774,-16.36162],[-69.79785,-16.37445],[-69.80107,-16.38709],[-69.81155,-16.39325],[-69.83802,-16.39219],[-69.85069,-16.39972],[-69.85483,-16.40607],[-69.85503,-16.42182],[-69.86069,-16.43102],[-69.86658,-16.44755],[-69.87736,-16.45569],[-69.88442,-16.46487],[-69.87904,-16.47437]]],[[[-69.60994,-15.95902],[-69.62331,-15.95973],[-69.62581,-15.96664],[-69.63281,-15.96508],[-69.63291,-15.9589],[-69.64361,-15.96],[-69.65743,-15.9575],[-69.67201,-15.95997],[-69.67174,-15.9566],[-69.65825,-15.95625],[-69.63319,-15.95796],[-69.62836,-15.95523],[-69.61024,-15.95676],[-69.60994,-15.95902]]],[[[-69.69215,-15.89515],[-69.66846,-15.9132],[-69.68711,-15.90841],[-69.6978,-15.91053],[-69.70587,-15.91924],[-69.71098,-15.91577],[-69.70024,-15.9078],[-69.70169,-15.8997],[-69.69725,-15.88995],[-69.69215,-15.89515]]]]}},{"type":"Feature","properties":{"ubigeo":"210103","nombre":"Amantani"},"geometry":{"type":"MultiPolygon","coordinates":[[[[-69.70343,-15.65287],[-69.6977,-15.65366],[-69.69241,-15.66104],[-69.7004,-15.66928],[-69.70293,-15.67673],[-69.71495,-15.68084],[-69.72073,-15.67786],[-69.7272,-15.66344],[-69.71573,-15.65069],[-69.70843,-15.64851],[-69.70343,-15.65287]]],[[[-69.68158,-15.75487],[-69.67633,-15.76742],[-69.67549,-15.7906],[-69.68301,-15.79764],[-69.68275,-15.78525],[-69.69617,-15.75379],[-69.68585,-15.74986],[-69.68158,-15.75487]]]]}},{"type":"Feature","properties":{"ubigeo":"210104","nombre":"Atuncolla"},"geometry":{"type":"Polygon","coordinates":[[[-70.15328,-15.73466],[-70.14757,-15.73026],[-70.1637,-15.71928],[-70.15874,-15.71746],[-70.15001,-15.72091],[-70.14979,-15.71301],[-70.1676,-15.71603],[-70.17017,-15.72002],[-70.18963,-15.72529],[-70.19972,-15.71463],[-70.19285,-15.70347],[-70.20011,-15.69995],[-70.20223,-15.70922],[-70.20674,-15.7134],[-70.21708,-15.70902],[-70.21578,-15.69576],[-70.24624,-15.67554],[-70.2406,-15.66611],[-70.23322,-15.66576],[-70.21694,-15.64733],[-70.20534,-15.64251],[-70.20343,-15.62646],[-70.20186,-15.61734],[-70.19163,-15.61887],[-70.1838,-15.62934],[-70.17954,-15.62664],[-70.17058,-15.63417],[-70.1632,-15.64437],[-70.1603,-15.65308],[-70.14906,-15.65671],[-70.1503,-15.66427],[-70.14547,-15.66988],[-70.13298,-15.65127],[-70.12911,-15.64234],[-70.11871,-15.6372],[-70.08374,-15.64246],[-70.07301,-15.67909],[-70.09117,-15.6867],[-70.10143,-15.6952],[-70.11694,-15.72734],[-70.1258,-15.72905],[-70.13783,-15.73636],[-70.14535,-15.73806],[-70.15328,-15.73466]]]}},{"type":"Feature","properties":{"ubigeo":"210105","nombre":"Capachica"},"geometry":{"type":"Polygon","coordinates":[[[-69.90694,-15.50777],[-69.89694,-15.49463],[-69.88906,-15.51026],[-69.87647,-15.51951],[-69.86441,-15.53493],[-69.8592,-15.54803],[-69.86071,-15.55705],[-69.84941,-15.5607],[-69.84178,-15.57636],[-69.82533,-15.58809],[-69.82109,-15.59754],[-69.80872,-15.61142],[-69.81626,-15.61714],[-69.8135,-15.62432],[-69.80802,-15.62457],[-69.8136,-15.63193],[-69.8071,-15.64102],[-69.8046,-15.65397],[-69.79577,-15.66216],[-69.78447,-15.66281],[-69.78024,-15.65595],[-69.77069,-15.65839],[-69.76108,-15.68181],[-69.76678,-15.68414],[-69.77632,-15.68202],[-69.79705,-15.6676],[-69.80325,-15.67426],[-69.78904,-15.68757],[-69.78478,-15.69379],[-69.76983,-15.7013],[-69.76285,-15.70844],[-69.75334,-15.71265],[-69.74376,-15.72284],[-69.75077,-15.72908],[-69.79386,-15.7253],[-69.80188,-15.71663],[-69.82124,-15.70702],[-69.82921,-15.69679],[-69.84552,-15.68501],[-69.8508,-15.67414],[-69.84977,-15.65011],[-69.84491,-15.64068],[-69.85487,-15.625],[-69.86171,-15.61827],[-69.84639,-15.60834],[-69.85004,-15.60273],[-69.86344,-15.59216],[-69.86547,-15.57733],[-69.87014,-15.57578],[-69.87927,-15.55926],[-69.87797,-15.55602],[-69.88457,-15.53956],[-69.87859,-15.52977],[-69.8957,-15.5125],[-69.90694,-15.50777]]]}},{"type":"Feature","properties":{"ubigeo":"210106","nombre":"Chucuito"},"geometry":{"type":"MultiPolygon","coordinates":[[[[-69.94445,-15.98613],[-69.94979,-15.98578],[-69.95769,-15.97743],[-69.96569,-15.97715],[-69.97096,-15.95703],[-69.96218,-15.94687],[-69.9576,-15.93481],[-69.95866,-15.91516],[-69.94543,-15.91394],[-69.93561,-15.91651],[-69.92015,-15.91044],[-69.92308,-15.8823],[-69.92021,-15.87953],[-69.89906,-15.88465],[-69.8935,-15.8819],[-69.88304,-15.8902],[-69.88437,-15.90185],[-69.87716,-15.9118],[-69.86827,-15.91636],[-69.8659,-15.92743],[-69.86106,-15.93124],[-69.86723,-15.93942],[-69.87964,-15.93972],[-69.89111,-15.94752],[-69.89959,-15.94948],[-69.91125,-15.95629],[-69.93694,-15.97736],[-69.94445,-15.98613]]],[[[-69.81467,-15.87169],[-69.81853,-15.8658],[-69.82701,-15.86789],[-69.82521,-15.86155],[-69.83451,-15.86008],[-69.83424,-15.86546],[-69.84812,-15.86725],[-69.85069,-15.84432],[-69.84406,-15.8365],[-69.84542,-15.82891],[-69.84188,-15.82509],[-69.84283,-15.80818],[-69.82212,-15.78545],[-69.81106,-15.78684],[-69.80556,-15.78339],[-69.79753,-15.80603],[-69.78116,-15.81772],[-69.78915,-15.82586],[-69.78751,-15.82976],[-69.79341,-15.85275],[-69.80131,-15.86527],[-69.80979,-15.86434],[-69.81467,-15.87169]]]]}},{"type":"Feature","properties":{"ubigeo":"210107","nombre":"Coata"},"geometry":{"type":"MultiPolygon","coordinates":[[[[-69.99818,-15.55965],[-70.01036,-15.55638],[-70.00934,-15.55182],[-70.00163,-15.55211],[-69.99559,-15.54228],[-69.98823,-15.54331],[-69.9901,-15.55134],[-69.98627,-15.55311],[-69.98041,-15.5467],[-69.97044,-15.54963],[-69.96178,-15.54681],[-69.96211,-15.53889],[-69.96831,-15.53571],[-69.95845,-15.53048],[-69.9505,-15.52244],[-69.94708,-15.51444],[-69.93198,-15.50803],[-69.90694,-15.50777],[-69.8957,-15.5125],[-69.87859,-15.52977],[-69.88457,-15.53956],[-69.87797,-15.55602],[-69.87927,-15.55926],[-69.87014,-15.57578],[-69.86547,-15.57733],[-69.86344,-15.59216],[-69.85004,-15.60273],[-69.84639,-15.60834],[-69.86171,-15.61827],[-69.88085,-15.60752],[-69.88214,-15.60107],[-69.89292,-15.59343],[-69.906,-15.56549],[-69.91782,-15.56585],[-69.92667,-15.55772],[-69.933,-15.56061],[-69.93718,-15.55653],[-69.94536,-15.55984],[-69.93828,-15.56356],[-69.92873,-15.56171],[-69.91801,-15.56834],[-69.92955,-15.5709],[-69.9247,-15.57655],[-69.93035,-15.58025],[-69.93316,-15.58886],[-69.9186,-15.59081],[-69.92243,-15.60603],[-69.93103,-15.61789],[-69.94601,-15.60692],[-69.95496,-15.60779],[-69.96783,-15.59887],[-69.96282,-15.59325],[-69.96078,-15.58358],[-69.96878,-15.57708],[-69.97644,-15.57752],[-69.98723,-15.57183],[-69.98561,-15.56327],[-69.99818,-15.55965]]],[[[-69.91683,-15.62405],[-69.93103,-15.61789],[-69.9276,-15.61297],[-69.9183,-15.61255],[-69.91378,-15.61756],[-69.91683,-15.62405]]]]}},{"type":"Feature","properties":{"ubigeo":"210108","nombre":"Huata"},"geometry":{"type":"Polygon","coordinates":[[[-69.91683,-15.62405],[-69.9208,-15.6322],[-69.92492,-15.62996],[-69.92627,-15.64454],[-69.93237,-15.64757],[-69.94992,-15.67539],[-69.9592,-15.66466],[-69.96737,-15.66545],[-69.96142,-15.67037],[-69.96365,-15.67401],[-69.95863,-15.68681],[-69.98005,-15.67692],[-70.00958,-15.65436],[-70.03071,-15.65007],[-70.05899,-15.64649],[-70.08394,-15.64195],[-70.08466,-15.63304],[-70.07526,-15.62867],[-70.06741,-15.61956],[-70.05893,-15.60188],[-70.04264,-15.58762],[-70.03139,-15.57493],[-70.02573,-15.5655],[-70.00759,-15.56307],[-69.99818,-15.55965],[-69.98561,-15.56327],[-69.98723,-15.57183],[-69.97644,-15.57752],[-69.96878,-15.57708],[-69.96078,-15.58358],[-69.96282,-15.59325],[-69.96783,-15.59887],[-69.95496,-15.60779],[-69.94601,-15.60692],[-69.93103,-15.61789],[-69.91683,-15.62405]]]}},{"type":"Feature","properties":{"ubigeo":"210109","nombre":"Mañazo"},"geometry":{"type":"Polygon","coordinates":[[[-70.31464,-15.87378],[-70.33322,-15.87271],[-70.34265,-15.87516],[-70.34547,-15.88023],[-70.34188,-15.88748],[-70.34376,-15.89586],[-70.35522,-15.90814],[-70.36377,-15.91014],[-70.3647,-15.91963],[-70.3843,-15.92059],[-70.3934,-15.92709],[-70.39623,-15.93873],[-70.40593,-15.94312],[-70.41295,-15.9537],[-70.4246,-15.95772],[-70.42826,-15.96648],[-70.4213,-15.97357],[-70.41802,-15.98186],[-70.4098,-15.99178],[-70.41214,-16.00571],[-70.42208,-16.01255],[-70.42987,-16.01425],[-70.43053,-16.02673],[-70.43406,-16.03162],[-70.44311,-16.03447],[-70.44746,-16.03447],[-70.46306,-16.04962],[-70.46975,-16.04983],[-70.48256,-16.03947],[-70.4949,-16.04066],[-70.50771,-16.03777],[-70.51195,-16.02977],[-70.51669,-16.03319],[-70.52608,-16.02672],[-70.53092,-16.01416],[-70.53884,-16.01045],[-70.54929,-15.99518],[-70.56023,-15.9883],[-70.56289,-15.9825],[-70.55148,-15.97694],[-70.54639,-15.97818],[-70.51755,-15.97645],[-70.50755,-15.96763],[-70.50414,-15.95898],[-70.48081,-15.9465],[-70.47949,-15.93211],[-70.48441,-15.92384],[-70.47928,-15.9112],[-70.47295,-15.90701],[-70.45514,-15.90109],[-70.44617,-15.89573],[-70.44961,-15.88184],[-70.44326,-15.86198],[-70.43299,-15.85805],[-70.42765,-15.84889],[-70.43073,-15.83208],[-70.42281,-15.82731],[-70.41906,-15.81941],[-70.42187,-15.81086],[-70.42871,-15.80498],[-70.43842,-15.78715],[-70.43499,-15.77404],[-70.42489,-15.76552],[-70.41974,-15.75669],[-70.42452,-15.74469],[-70.41308,-15.73475],[-70.4033,-15.73011],[-70.39337,-15.73015],[-70.37958,-15.73612],[-70.37632,-15.74101],[-70.35858,-15.73599],[-70.34927,-15.72811],[-70.34143,-15.72613],[-70.32367,-15.7279],[-70.31279,-15.7369],[-70.30583,-15.74938],[-70.30864,-15.75635],[-70.3232,-15.77514],[-70.31117,-15.77674],[-70.30347,-15.78507],[-70.2976,-15.79683],[-70.30551,-15.80356],[-70.29556,-15.81175],[-70.29112,-15.82496],[-70.3071,-15.84323],[-70.31562,-15.86183],[-70.31464,-15.87378]]]}},{"type":"Feature","properties":{"ubigeo":"210110","nombre":"Paucarcolla"},"geometry":{"type":"Polygon","coordinates":[[[-70.0285,-15.77385],[-70.03433,-15.7781],[-70.0366,-15.79062],[-70.04325,-15.79907],[-70.05124,-15.80261],[-70.06015,-15.80072],[-70.0689,-15.79285],[-70.08014,-15.78712],[-70.09243,-15.78917],[-70.10003,-15.79672],[-70.11869,-15.79744],[-70.12967,-15.80049],[-70.13828,-15.80751],[-70.14463,-15.8012],[-70.14277,-15.79492],[-70.14452,-15.77742],[-70.13333,-15.76982],[-70.15238,-15.75162],[-70.14187,-15.74894],[-70.14299,-15.7409],[-70.15328,-15.73466],[-70.14535,-15.73806],[-70.13783,-15.73636],[-70.1258,-15.72905],[-70.11694,-15.72734],[-70.10143,-15.6952],[-70.09117,-15.6867],[-70.07301,-15.67909],[-70.08374,-15.64246],[-70.08394,-15.64195],[-70.05899,-15.64649],[-70.03071,-15.65007],[-70.00958,-15.65436],[-69.98005,-15.67692],[-69.95863,-15.68681],[-69.96412,-15.69158],[-69.96347,-15.69975],[-69.97489,-15.70528],[-69.98306,-15.7015],[-69.98923,-15.69101],[-70,-15.68684],[-70.01159,-15.68666],[-70.01742,-15.69079],[-70.02107,-15.70292],[-70.02786,-15.70674],[-70.0342,-15.72299],[-70.02513,-15.73439],[-70.02532,-15.74509],[-70.03305,-15.74739],[-70.03596,-15.75419],[-70.03282,-15.76357],[-70.03515,-15.76868],[-70.0285,-15.77385]]]}},{"type":"Feature","properties":{"ubigeo":"210111","nombre":"Pichacani"},"geometry":{"type":"Polygon","coordinates":[[[-69.94445,-15.98613],[-69.96086,-16.00818],[-69.97324,-16.02914],[-69.95952,-16.07096],[-69.95096,-16.06792],[-69.93748,-16.07065],[-69.93848,-16.07921],[-69.94994,-16.08187],[-69.9559,-16.08899],[-69.95489,-16.09761],[-69.94501,-16.10905],[-69.94909,-16.11671],[-69.94508,-16.119],[-69.96102,-16.13463],[-69.97176,-16.1401],[-69.97879,-16.14869],[-69.98168,-16.16572],[-69.98755,-16.17495],[-69.9853,-16.17929],[-70.00494,-16.19349],[-70.0063,-16.19742],[-69.9984,-16.2037],[-70.0013,-16.22184],[-69.99122,-16.23017],[-69.98393,-16.24015],[-69.99291,-16.25061],[-69.99589,-16.26115],[-70.00414,-16.26461],[-70.00921,-16.27265],[-70.01732,-16.30984],[-70.02985,-16.31587],[-70.04089,-16.32611],[-70.05229,-16.33084],[-70.06577,-16.33084],[-70.07844,-16.35428],[-70.07897,-16.37099],[-70.0622,-16.38843],[-70.087,-16.41134],[-70.10467,-16.41995],[-70.12024,-16.42452],[-70.12552,-16.43279],[-70.1357,-16.43434],[-70.14333,-16.44019],[-70.14965,-16.43916],[-70.15026,-16.44901],[-70.14745,-16.46459],[-70.16187,-16.47383],[-70.1733,-16.46829],[-70.17609,-16.4848],[-70.16841,-16.51098],[-70.17093,-16.51669],[-70.17967,-16.52222],[-70.18539,-16.5372],[-70.20049,-16.53959],[-70.2137,-16.5238],[-70.22019,-16.5133],[-70.22867,-16.50608],[-70.24353,-16.50447],[-70.28228,-16.48777],[-70.28702,-16.48331],[-70.30117,-16.47867],[-70.31375,-16.46647],[-70.31294,-16.46158],[-70.30631,-16.44721],[-70.31674,-16.4444],[-70.31589,-16.43159],[-70.32505,-16.41753],[-70.3334,-16.41145],[-70.35032,-16.41572],[-70.36155,-16.41026],[-70.35655,-16.40027],[-70.367,-16.39221],[-70.38211,-16.38496],[-70.37148,-16.37453],[-70.3706,-16.36865],[-70.35782,-16.36832],[-70.3566,-16.36223],[-70.34833,-16.35477],[-70.33876,-16.3228],[-70.34685,-16.30141],[-70.34415,-16.29703],[-70.3478,-16.29084],[-70.34305,-16.28328],[-70.34038,-16.26883],[-70.34513,-16.2561],[-70.33626,-16.24507],[-70.33417,-16.23758],[-70.32784,-16.23482],[-70.32453,-16.21591],[-70.3316,-16.20256],[-70.32707,-16.1918],[-70.31499,-16.1865],[-70.30598,-16.17982],[-70.3016,-16.17082],[-70.2855,-16.15787],[-70.28209,-16.1434],[-70.26818,-16.13493],[-70.25375,-16.11754],[-70.25612,-16.10873],[-70.25078,-16.10157],[-70.25124,-16.09076],[-70.24268,-16.07937],[-70.24659,-16.06795],[-70.23889,-16.04498],[-70.23487,-16.04298],[-70.22276,-16.04847],[-70.21777,-16.05439],[-70.20626,-16.0502],[-70.20249,-16.03837],[-70.18335,-16.03066],[-70.16724,-16.03529],[-70.1605,-16.03959],[-70.15525,-16.0319],[-70.14292,-16.02378],[-70.12811,-16.02404],[-70.10422,-16.02149],[-70.09062,-16.01322],[-70.08212,-16.01575],[-70.07481,-16.01132],[-70.06157,-16.00776],[-70.05329,-15.99804],[-70.04547,-15.99586],[-70.02803,-15.98592],[-70.02056,-15.97281],[-70.01383,-15.96929],[-70.01258,-15.97351],[-70.00353,-15.97187],[-69.99417,-15.96605],[-69.98067,-15.96909],[-69.97269,-15.9761],[-69.96569,-15.97715],[-69.95769,-15.97743],[-69.94979,-15.98578],[-69.94445,-15.98613]]]}},{"type":"Feature","properties":{"ubigeo":"210112","nombre":"Plateria"},"geometry":{"type":"MultiPolygon","coordinates":[[[[-69.93748,-16.07065],[-69.95096,-16.06792],[-69.95952,-16.07096],[-69.97324,-16.02914],[-69.96086,-16.00818],[-69.94445,-15.98613],[-69.93694,-15.97736],[-69.91125,-15.95629],[-69.89959,-15.94948],[-69.89111,-15.94752],[-69.87964,-15.93972],[-69.86723,-15.93942],[-69.86106,-15.93124],[-69.85304,-15.92802],[-69.84581,-15.93351],[-69.84944,-15.92601],[-69.8429,-15.91885],[-69.83545,-15.92336],[-69.83696,-15.91096],[-69.81839,-15.91197],[-69.80268,-15.92358],[-69.79487,-15.92099],[-69.78414,-15.92811],[-69.77765,-15.91672],[-69.78402,-15.89753],[-69.78246,-15.89225],[-69.78908,-15.88841],[-69.79478,-15.89384],[-69.79783,-15.88142],[-69.80825,-15.86907],[-69.81406,-15.87327],[-69.81101,-15.88035],[-69.81893,-15.88155],[-69.82249,-15.87778],[-69.81467,-15.87169],[-69.80979,-15.86434],[-69.80131,-15.86527],[-69.79341,-15.85275],[-69.78751,-15.82976],[-69.78915,-15.82586],[-69.78116,-15.81772],[-69.76676,-15.83386],[-69.77288,-15.83735],[-69.77338,-15.84703],[-69.77945,-15.85603],[-69.76931,-15.89496],[-69.76337,-15.90001],[-69.76051,-15.91156],[-69.75811,-15.90074],[-69.74667,-15.90873],[-69.74062,-15.91919],[-69.7369,-15.91356],[-69.74149,-15.90891],[-69.73556,-15.90162],[-69.73059,-15.90376],[-69.72531,-15.91455],[-69.71289,-15.91897],[-69.71466,-15.92584],[-69.72073,-15.93139],[-69.73477,-15.95076],[-69.74333,-15.95584],[-69.76204,-15.95217],[-69.77718,-15.95828],[-69.78802,-15.95196],[-69.80306,-15.94923],[-69.80969,-15.95028],[-69.81802,-15.96046],[-69.82766,-15.9612],[-69.84286,-15.97122],[-69.85388,-15.9745],[-69.85429,-15.99029],[-69.85796,-16.00215],[-69.85304,-16.01081],[-69.84682,-16.03453],[-69.84915,-16.04719],[-69.84653,-16.05701],[-69.85057,-16.06074],[-69.86653,-16.06734],[-69.8689,-16.07759],[-69.87076,-16.10133],[-69.87704,-16.09321],[-69.88194,-16.09204],[-69.88895,-16.08285],[-69.89713,-16.08521],[-69.8974,-16.07885],[-69.90612,-16.08217],[-69.91663,-16.07764],[-69.92635,-16.06741],[-69.9345,-16.0748],[-69.93748,-16.07065]]],[[[-69.83193,-15.89487],[-69.83347,-15.88678],[-69.8241,-15.88122],[-69.82324,-15.891],[-69.83193,-15.89487]]]]}},{"type":"Feature","properties":{"ubigeo":"210113","nombre":"San Antonio"},"geometry":{"type":"Polygon","coordinates":[[[-70.3316,-16.20256],[-70.34028,-16.2009],[-70.3592,-16.20863],[-70.36882,-16.19898],[-70.36723,-16.18926],[-70.37375,-16.17592],[-70.38411,-16.16755],[-70.38965,-16.15624],[-70.40194,-16.14903],[-70.4083,-16.1208],[-70.40129,-16.10253],[-70.40666,-16.10166],[-70.39669,-16.09751],[-70.39006,-16.08625],[-70.39666,-16.07745],[-70.38723,-16.0668],[-70.38857,-16.05996],[-70.37877,-16.05693],[-70.37286,-16.04966],[-70.37125,-16.03815],[-70.3627,-16.03057],[-70.33659,-16.01161],[-70.32741,-16.01253],[-70.30814,-16.00462],[-70.29758,-15.99044],[-70.28146,-15.98116],[-70.27568,-15.98314],[-70.25376,-15.98121],[-70.24382,-15.98666],[-70.227,-16.00544],[-70.21214,-16.00322],[-70.19692,-15.99862],[-70.16267,-15.97872],[-70.15859,-15.98106],[-70.15633,-15.99445],[-70.15954,-16.00626],[-70.14292,-16.02378],[-70.15525,-16.0319],[-70.1605,-16.03959],[-70.16724,-16.03529],[-70.18335,-16.03066],[-70.20249,-16.03837],[-70.20626,-16.0502],[-70.21777,-16.05439],[-70.22276,-16.04847],[-70.23487,-16.04298],[-70.23889,-16.04498],[-70.24659,-16.06795],[-70.24268,-16.07937],[-70.25124,-16.09076],[-70.25078,-16.10157],[-70.25612,-16.10873],[-70.25375,-16.11754],[-70.26818,-16.13493],[-70.28209,-16.1434],[-70.2855,-16.15787],[-70.3016,-16.17082],[-70.30598,-16.17982],[-70.31499,-16.1865],[-70.32707,-16.1918],[-70.3316,-16.20256]]]}},{"type":"Feature","properties":{"ubigeo":"210114","nombre":"Tiquillaca"},"geometry":{"type":"Polygon","coordinates":[[[-70.16267,-15.97872],[-70.19692,-15.99862],[-70.21214,-16.00322],[-70.227,-16.00544],[-70.24382,-15.98666],[-70.25376,-15.98121],[-70.27568,-15.98314],[-70.28146,-15.98116],[-70.29758,-15.99044],[-70.30814,-16.00462],[-70.32741,-16.01253],[-70.33659,-16.01161],[-70.3627,-16.03057],[-70.37125,-16.03815],[-70.37286,-16.04966],[-70.37877,-16.05693],[-70.38857,-16.05996],[-70.38723,-16.0668],[-70.39666,-16.07745],[-70.39006,-16.08625],[-70.39669,-16.09751],[-70.40666,-16.10166],[-70.40288,-16.08906],[-70.40979,-16.07635],[-70.41753,-16.07441],[-70.43507,-16.06015],[-70.4392,-16.03808],[-70.44311,-16.03447],[-70.43406,-16.03162],[-70.43053,-16.02673],[-70.42987,-16.01425],[-70.42208,-16.01255],[-70.41214,-16.00571],[-70.4098,-15.99178],[-70.41802,-15.98186],[-70.4213,-15.97357],[-70.42826,-15.96648],[-70.4246,-15.95772],[-70.41295,-15.9537],[-70.40593,-15.94312],[-70.39623,-15.93873],[-70.3934,-15.92709],[-70.3843,-15.92059],[-70.3647,-15.91963],[-70.36377,-15.91014],[-70.35522,-15.90814],[-70.34376,-15.89586],[-70.34188,-15.88748],[-70.34547,-15.88023],[-70.34265,-15.87516],[-70.33322,-15.87271],[-70.31464,-15.87378],[-70.30666,-15.88994],[-70.30722,-15.89669],[-70.30245,-15.90013],[-70.29151,-15.90076],[-70.2811,-15.89814],[-70.26884,-15.88513],[-70.25461,-15.87432],[-70.25419,-15.86719],[-70.24873,-15.85169],[-70.24313,-15.84933],[-70.24164,-15.83588],[-70.22828,-15.83406],[-70.22521,-15.818],[-70.23125,-15.81013],[-70.23354,-15.79369],[-70.22291,-15.79091],[-70.21776,-15.78343],[-70.20668,-15.78627],[-70.20184,-15.77151],[-70.18764,-15.76815],[-70.18489,-15.7633],[-70.17246,-15.75353],[-70.15238,-15.75162],[-70.13333,-15.76982],[-70.14452,-15.77742],[-70.14277,-15.79492],[-70.14463,-15.8012],[-70.13828,-15.80751],[-70.14294,-15.81883],[-70.13335,-15.83843],[-70.13786,-15.85229],[-70.13837,-15.87377],[-70.14307,-15.87934],[-70.16133,-15.88913],[-70.16596,-15.90306],[-70.17382,-15.9026],[-70.17863,-15.907],[-70.18442,-15.92979],[-70.18182,-15.93491],[-70.16653,-15.94473],[-70.16404,-15.95239],[-70.16537,-15.96789],[-70.16267,-15.97872]]]}},{"type":"Feature","properties":{"ubigeo":"210115","nombre":"Vilque"},"geometry":{"type":"Polygon","coordinates":[[[-70.20674,-15.7134],[-70.20904,-15.7215],[-70.20852,-15.74183],[-70.20504,-15.7564],[-70.20617,-15.76579],[-70.20184,-15.77151],[-70.20668,-15.78627],[-70.21776,-15.78343],[-70.22291,-15.79091],[-70.23354,-15.79369],[-70.23125,-15.81013],[-70.22521,-15.818],[-70.22828,-15.83406],[-70.24164,-15.83588],[-70.24313,-15.84933],[-70.24873,-15.85169],[-70.25419,-15.86719],[-70.25461,-15.87432],[-70.26884,-15.88513],[-70.2811,-15.89814],[-70.29151,-15.90076],[-70.30245,-15.90013],[-70.30722,-15.89669],[-70.30666,-15.88994],[-70.31464,-15.87378],[-70.31562,-15.86183],[-70.3071,-15.84323],[-70.29112,-15.82496],[-70.29556,-15.81175],[-70.30551,-15.80356],[-70.2976,-15.79683],[-70.30347,-15.78507],[-70.31117,-15.77674],[-70.3232,-15.77514],[-70.30864,-15.75635],[-70.30583,-15.74938],[-70.31279,-15.7369],[-70.30489,-15.72753],[-70.2897,-15.70188],[-70.28079,-15.69384],[-70.26897,-15.69207],[-70.26372,-15.67671],[-70.25762,-15.67327],[-70.24624,-15.67554],[-70.21578,-15.69576],[-70.21708,-15.70902],[-70.20674,-15.7134]]]}},{"type":"Feature","properties":{"ubigeo":"210201","nombre":"Azángaro"},"geometry":{"type":"Polygon","coordinates":[[[-69.96592,-14.92545],[-69.97611,-14.94401],[-69.99308,-14.9395],[-70.0025,-14.94923],[-70.00577,-14.96031],[-70.01364,-14.97192],[-70.0291,-14.97288],[-70.04423,-14.9853],[-70.04255,-14.99077],[-70.04829,-15.00327],[-70.05963,-15.01277],[-70.07195,-15.00547],[-70.09019,-14.98336],[-70.09276,-14.976],[-70.10213,-14.96656],[-70.10812,-14.95669],[-70.12097,-14.95511],[-70.12734,-14.9575],[-70.14436,-14.94682],[-70.17158,-14.94433],[-70.18034,-14.9322],[-70.18616,-14.94261],[-70.18425,-14.95878],[-70.17827,-14.97026],[-70.18586,-14.97787],[-70.19272,-14.98898],[-70.203,-14.99349],[-70.21231,-14.98824],[-70.23799,-14.98072],[-70.2438,-14.98355],[-70.24881,-14.99712],[-70.25924,-15.00412],[-70.27404,-14.99161],[-70.29418,-14.97634],[-70.30236,-14.97428],[-70.30703,-14.96127],[-70.31282,-14.95477],[-70.31926,-14.94063],[-70.31761,-14.93004],[-70.32012,-14.92464],[-70.31071,-14.91191],[-70.30997,-14.89262],[-70.29994,-14.87947],[-70.30255,-14.85829],[-70.30847,-14.84818],[-70.31478,-14.84317],[-70.32118,-14.82771],[-70.30424,-14.81189],[-70.2909,-14.81849],[-70.28778,-14.79964],[-70.27923,-14.7921],[-70.25984,-14.80552],[-70.2469,-14.81045],[-70.23708,-14.80921],[-70.22758,-14.80991],[-70.21939,-14.80663],[-70.20737,-14.79705],[-70.19374,-14.79387],[-70.18421,-14.78898],[-70.18056,-14.77635],[-70.14581,-14.77214],[-70.13841,-14.77961],[-70.13321,-14.77884],[-70.13225,-14.75756],[-70.12468,-14.7561],[-70.12498,-14.74434],[-70.11067,-14.74085],[-70.10246,-14.72638],[-70.0856,-14.72226],[-70.07171,-14.70859],[-70.06314,-14.71949],[-70.06717,-14.72395],[-70.06717,-14.73388],[-70.07336,-14.7417],[-70.07412,-14.75709],[-70.07772,-14.77041],[-70.0693,-14.77677],[-70.06865,-14.78723],[-70.05832,-14.78937],[-70.05005,-14.79907],[-70.03469,-14.80789],[-70.03468,-14.82466],[-70.02609,-14.83159],[-70.01102,-14.83811],[-70.00744,-14.84279],[-70.00402,-14.85649],[-69.98858,-14.8731],[-69.98073,-14.88076],[-69.97669,-14.88928],[-69.97691,-14.90537],[-69.96592,-14.92545]]]}},{"type":"Feature","properties":{"ubigeo":"210202","nombre":"Achaya"},"geometry":{"type":"Polygon","coordinates":[[[-70.11227,-15.21959],[-70.11937,-15.2311],[-70.11989,-15.26322],[-70.11866,-15.27669],[-70.13625,-15.28087],[-70.1298,-15.3018],[-70.13156,-15.3134],[-70.14809,-15.31263],[-70.15457,-15.29773],[-70.16049,-15.29261],[-70.17377,-15.30298],[-70.17951,-15.30036],[-70.20366,-15.2994],[-70.20699,-15.2857],[-70.20903,-15.25192],[-70.22739,-15.25197],[-70.22597,-15.21973],[-70.22969,-15.20127],[-70.25109,-15.18233],[-70.24078,-15.175],[-70.23202,-15.17304],[-70.22766,-15.16747],[-70.21738,-15.16485],[-70.21396,-15.15977],[-70.19977,-15.16483],[-70.1956,-15.17502],[-70.19492,-15.19744],[-70.18931,-15.20512],[-70.18384,-15.20376],[-70.1673,-15.20919],[-70.16079,-15.20799],[-70.14202,-15.21541],[-70.13282,-15.21055],[-70.1151,-15.21573],[-70.11227,-15.21959]]]}},{"type":"Feature","properties":{"ubigeo":"210203","nombre":"Arapa"},"geometry":{"type":"Polygon","coordinates":[[[-69.96787,-15.02487],[-69.97846,-15.01833],[-69.98903,-15.01716],[-69.9952,-15.02021],[-70.00087,-15.02844],[-70.00082,-15.04505],[-70.01115,-15.05448],[-70.01266,-15.05905],[-70.01013,-15.07695],[-70.01716,-15.09177],[-70.01178,-15.10914],[-70.00127,-15.13049],[-70.00211,-15.14571],[-69.99791,-15.1588],[-69.99026,-15.16845],[-70.00225,-15.1638],[-70.01164,-15.15253],[-70.02027,-15.15021],[-70.01635,-15.14553],[-70.02622,-15.14542],[-70.01966,-15.15926],[-70.02596,-15.15829],[-70.02703,-15.14495],[-70.03278,-15.13202],[-70.03917,-15.12678],[-70.03424,-15.1186],[-70.04495,-15.11066],[-70.05321,-15.11206],[-70.05689,-15.12023],[-70.06299,-15.11877],[-70.07317,-15.12551],[-70.08352,-15.13632],[-70.08777,-15.13707],[-70.09329,-15.14648],[-70.10798,-15.14387],[-70.11711,-15.14715],[-70.11616,-15.16793],[-70.08584,-15.18411],[-70.10508,-15.20766],[-70.11227,-15.21959],[-70.1151,-15.21573],[-70.13282,-15.21055],[-70.14202,-15.21541],[-70.16079,-15.20799],[-70.1673,-15.20919],[-70.18384,-15.20376],[-70.18931,-15.20512],[-70.19492,-15.19744],[-70.1956,-15.17502],[-70.19977,-15.16483],[-70.19732,-15.16003],[-70.20291,-15.14371],[-70.19054,-15.13601],[-70.18358,-15.1386],[-70.18601,-15.13204],[-70.17993,-15.12865],[-70.18612,-15.12671],[-70.1766,-15.11712],[-70.1791,-15.10552],[-70.16615,-15.09818],[-70.16907,-15.09269],[-70.17776,-15.09377],[-70.17248,-15.08662],[-70.17579,-15.0806],[-70.17016,-15.06334],[-70.15992,-15.06248],[-70.16056,-15.05438],[-70.1545,-15.04746],[-70.14687,-15.04881],[-70.14409,-15.0416],[-70.13944,-15.04137],[-70.13116,-15.04802],[-70.12479,-15.04609],[-70.11055,-15.05468],[-70.09792,-15.04813],[-70.09038,-15.0587],[-70.08477,-15.06201],[-70.07447,-15.04983],[-70.0782,-15.04246],[-70.07434,-15.02689],[-70.05963,-15.01277],[-70.04829,-15.00327],[-70.04255,-14.99077],[-70.04423,-14.9853],[-70.0291,-14.97288],[-70.01364,-14.97192],[-70.00577,-14.96031],[-70.0025,-14.94923],[-69.99308,-14.9395],[-69.97611,-14.94401],[-69.95925,-14.96072],[-69.96226,-14.97566],[-69.96145,-14.98669],[-69.96697,-14.99242],[-69.9626,-14.99885],[-69.96345,-15.01561],[-69.96787,-15.02487]]]}},{"type":"Feature","properties":{"ubigeo":"210204","nombre":"Asillo"},"geometry":{"type":"Polygon","coordinates":[[[-70.24895,-14.66591],[-70.25194,-14.68656],[-70.26243,-14.69052],[-70.27607,-14.69229],[-70.28357,-14.70356],[-70.29562,-14.71604],[-70.29159,-14.72252],[-70.30082,-14.7213],[-70.30078,-14.74055],[-70.298,-14.7481],[-70.29216,-14.75039],[-70.28912,-14.76306],[-70.2845,-14.76817],[-70.28497,-14.77477],[-70.27483,-14.77848],[-70.26216,-14.78857],[-70.25261,-14.78864],[-70.25171,-14.79613],[-70.24589,-14.79716],[-70.24314,-14.80498],[-70.23708,-14.80921],[-70.2469,-14.81045],[-70.25984,-14.80552],[-70.27923,-14.7921],[-70.28778,-14.79964],[-70.2909,-14.81849],[-70.30424,-14.81189],[-70.32118,-14.82771],[-70.31478,-14.84317],[-70.30847,-14.84818],[-70.30255,-14.85829],[-70.29994,-14.87947],[-70.30997,-14.89262],[-70.31687,-14.89114],[-70.32549,-14.88146],[-70.33701,-14.87692],[-70.36264,-14.874],[-70.36777,-14.86938],[-70.37384,-14.85756],[-70.38054,-14.86331],[-70.39624,-14.86148],[-70.41747,-14.84946],[-70.42018,-14.83593],[-70.42957,-14.83134],[-70.44225,-14.83281],[-70.45423,-14.82492],[-70.44913,-14.81267],[-70.44512,-14.79673],[-70.44554,-14.78799],[-70.42693,-14.77061],[-70.42585,-14.7577],[-70.41714,-14.73125],[-70.40024,-14.71667],[-70.39794,-14.70053],[-70.38475,-14.67696],[-70.38181,-14.6664],[-70.38547,-14.66155],[-70.38775,-14.63671],[-70.39612,-14.63234],[-70.39618,-14.62757],[-70.41783,-14.61381],[-70.4127,-14.6005],[-70.41592,-14.59361],[-70.43077,-14.5791],[-70.41888,-14.56891],[-70.40474,-14.56226],[-70.38842,-14.57216],[-70.36467,-14.59732],[-70.35371,-14.58727],[-70.347,-14.58555],[-70.34206,-14.57803],[-70.33761,-14.58397],[-70.3266,-14.58267],[-70.33366,-14.59757],[-70.33921,-14.60005],[-70.34574,-14.61267],[-70.35677,-14.62651],[-70.36406,-14.63136],[-70.35936,-14.63735],[-70.3491,-14.63835],[-70.33753,-14.6504],[-70.32573,-14.65414],[-70.31275,-14.64462],[-70.29769,-14.64132],[-70.2904,-14.64269],[-70.27275,-14.65168],[-70.26915,-14.65869],[-70.25836,-14.66009],[-70.24895,-14.66591]]]}},{"type":"Feature","properties":{"ubigeo":"210205","nombre":"Caminaca"},"geometry":{"type":"Polygon","coordinates":[[[-70.09488,-15.38389],[-70.09594,-15.3756],[-70.10731,-15.34516],[-70.13203,-15.33382],[-70.15924,-15.35484],[-70.16279,-15.32453],[-70.1578,-15.32596],[-70.14809,-15.31263],[-70.13156,-15.3134],[-70.1298,-15.3018],[-70.13625,-15.28087],[-70.11866,-15.27669],[-70.11989,-15.26322],[-70.11937,-15.2311],[-70.11227,-15.21959],[-70.10508,-15.20766],[-70.09627,-15.23379],[-70.08154,-15.25074],[-70.07254,-15.25763],[-70.055,-15.25801],[-70.04595,-15.26215],[-70.04812,-15.29042],[-70.05543,-15.31108],[-70.05193,-15.31817],[-70.0449,-15.32097],[-70.04266,-15.32793],[-70.04822,-15.33671],[-70.05101,-15.35427],[-70.06437,-15.35295],[-70.09099,-15.37911],[-70.09488,-15.38389]]]}},{"type":"Feature","properties":{"ubigeo":"210206","nombre":"Chupa"},"geometry":{"type":"Polygon","coordinates":[[[-69.87661,-15.10876],[-69.87925,-15.11515],[-69.89112,-15.13004],[-69.89006,-15.13823],[-69.89663,-15.14675],[-69.90013,-15.1662],[-69.89693,-15.18082],[-69.88257,-15.19348],[-69.88007,-15.19797],[-69.88735,-15.20582],[-69.89815,-15.20374],[-69.9107,-15.19592],[-69.91929,-15.17784],[-69.92775,-15.16706],[-69.92635,-15.16213],[-69.93261,-15.15392],[-69.94649,-15.15099],[-69.95109,-15.1537],[-69.95052,-15.16252],[-69.95554,-15.17481],[-69.97344,-15.15591],[-69.97644,-15.14937],[-69.97471,-15.13502],[-69.97938,-15.12248],[-69.98636,-15.12205],[-69.98859,-15.10892],[-69.99377,-15.11341],[-69.98959,-15.11945],[-69.99093,-15.12824],[-69.99716,-15.14019],[-69.99309,-15.1493],[-69.99026,-15.16845],[-69.99791,-15.1588],[-70.00211,-15.14571],[-70.00127,-15.13049],[-70.01178,-15.10914],[-70.01716,-15.09177],[-70.01013,-15.07695],[-70.01266,-15.05905],[-70.01115,-15.05448],[-70.00082,-15.04505],[-70.00087,-15.02844],[-69.9952,-15.02021],[-69.98903,-15.01716],[-69.97846,-15.01833],[-69.96787,-15.02487],[-69.9669,-15.02965],[-69.95346,-15.04531],[-69.95117,-15.05156],[-69.94331,-15.05698],[-69.92229,-15.05915],[-69.92407,-15.06956],[-69.91604,-15.07953],[-69.92188,-15.09098],[-69.91728,-15.09792],[-69.91111,-15.09508],[-69.89826,-15.1108],[-69.88473,-15.10278],[-69.87661,-15.10876]]]}},{"type":"Feature","properties":{"ubigeo":"210207","nombre":"José Domingo Choquehuanca"},"geometry":{"type":"Polygon","coordinates":[[[-70.35164,-15.09191],[-70.34462,-15.0727],[-70.35484,-15.06184],[-70.36005,-15.05059],[-70.35478,-15.0395],[-70.36364,-15.03758],[-70.3628,-15.03227],[-70.3475,-15.03475],[-70.34507,-15.03197],[-70.35414,-15.02781],[-70.36284,-15.01872],[-70.3609,-15.01499],[-70.35107,-15.01435],[-70.33996,-15.00017],[-70.32159,-14.98206],[-70.30236,-14.97428],[-70.29418,-14.97634],[-70.27404,-14.99161],[-70.27698,-15.00298],[-70.28599,-15.0036],[-70.29667,-15.02196],[-70.29242,-15.02464],[-70.30201,-15.04279],[-70.30598,-15.06122],[-70.33133,-15.09178],[-70.34258,-15.09655],[-70.35164,-15.09191]]]}},{"type":"Feature","properties":{"ubigeo":"210208","nombre":"Muñani"},"geometry":{"type":"Polygon","coordinates":[[[-69.98858,-14.8731],[-70.00402,-14.85649],[-70.00744,-14.84279],[-70.01102,-14.83811],[-70.02609,-14.83159],[-70.03468,-14.82466],[-70.03469,-14.80789],[-70.05005,-14.79907],[-70.05832,-14.78937],[-70.06865,-14.78723],[-70.0693,-14.77677],[-70.07772,-14.77041],[-70.07412,-14.75709],[-70.07336,-14.7417],[-70.06717,-14.73388],[-70.06717,-14.72395],[-70.06314,-14.71949],[-70.07171,-14.70859],[-70.07081,-14.70027],[-70.07621,-14.67774],[-70.0709,-14.65803],[-70.07579,-14.64325],[-70.08181,-14.63414],[-70.10109,-14.62647],[-70.09728,-14.61729],[-70.11028,-14.59688],[-70.12365,-14.59498],[-70.12777,-14.58764],[-70.12367,-14.57839],[-70.12679,-14.56798],[-70.14011,-14.55247],[-70.14056,-14.53713],[-70.15069,-14.53042],[-70.13866,-14.503],[-70.12005,-14.49383],[-70.11046,-14.49544],[-70.09981,-14.50175],[-70.08787,-14.50269],[-70.08368,-14.50572],[-70.07728,-14.51956],[-70.06947,-14.52491],[-70.06418,-14.53442],[-70.05716,-14.53542],[-70.04519,-14.54717],[-70.02515,-14.53647],[-70.01414,-14.54701],[-70.01183,-14.55892],[-70.00539,-14.56188],[-70.00399,-14.56871],[-69.99667,-14.57794],[-69.98758,-14.58367],[-69.97951,-14.5826],[-69.97321,-14.5764],[-69.96075,-14.57412],[-69.95262,-14.57004],[-69.94416,-14.57238],[-69.93428,-14.56869],[-69.92354,-14.57262],[-69.91747,-14.57927],[-69.90772,-14.57506],[-69.90181,-14.56594],[-69.89345,-14.56826],[-69.88743,-14.57665],[-69.88962,-14.58572],[-69.87756,-14.60184],[-69.87246,-14.59921],[-69.86743,-14.58588],[-69.86114,-14.59042],[-69.85561,-14.61421],[-69.85989,-14.6201],[-69.85635,-14.6328],[-69.85702,-14.64705],[-69.84859,-14.6558],[-69.85235,-14.6655],[-69.85014,-14.67322],[-69.85257,-14.68072],[-69.85866,-14.68555],[-69.85442,-14.69208],[-69.85508,-14.70264],[-69.8479,-14.71586],[-69.84124,-14.72267],[-69.8364,-14.73752],[-69.8369,-14.74266],[-69.84741,-14.75586],[-69.85416,-14.76079],[-69.85307,-14.77196],[-69.85814,-14.77725],[-69.84967,-14.79026],[-69.90075,-14.82728],[-69.90421,-14.83546],[-69.89763,-14.8513],[-69.91162,-14.86529],[-69.92224,-14.8624],[-69.9369,-14.84346],[-69.95148,-14.8512],[-69.96949,-14.85205],[-69.97052,-14.86115],[-69.98858,-14.8731]]]}},{"type":"Feature","properties":{"ubigeo":"210209","nombre":"Potoni"},"geometry":{"type":"Polygon","coordinates":[[[-69.88988,-14.43427],[-69.89289,-14.44362],[-69.88982,-14.45895],[-69.89114,-14.47297],[-69.89526,-14.47857],[-69.90694,-14.48015],[-69.91051,-14.48371],[-69.92755,-14.48362],[-69.93502,-14.48961],[-69.94867,-14.49138],[-69.95291,-14.50206],[-69.96425,-14.50909],[-69.9664,-14.51385],[-69.9745,-14.51493],[-69.97942,-14.52487],[-69.98596,-14.52362],[-70.00465,-14.54628],[-70.00297,-14.55135],[-70.01183,-14.55892],[-70.01414,-14.54701],[-70.02515,-14.53647],[-70.04519,-14.54717],[-70.05716,-14.53542],[-70.06418,-14.53442],[-70.06947,-14.52491],[-70.07728,-14.51956],[-70.08368,-14.50572],[-70.08787,-14.50269],[-70.09981,-14.50175],[-70.11046,-14.49544],[-70.12005,-14.49383],[-70.12075,-14.48913],[-70.12937,-14.48464],[-70.13446,-14.47585],[-70.14533,-14.46424],[-70.16091,-14.46918],[-70.16915,-14.45476],[-70.17497,-14.44883],[-70.18512,-14.4494],[-70.19955,-14.43628],[-70.20636,-14.42143],[-70.20653,-14.41217],[-70.21254,-14.40262],[-70.22402,-14.39762],[-70.21828,-14.3892],[-70.22078,-14.38414],[-70.21734,-14.3764],[-70.22046,-14.37278],[-70.24506,-14.38484],[-70.2506,-14.40099],[-70.27385,-14.39704],[-70.27962,-14.38847],[-70.29091,-14.38117],[-70.2991,-14.38635],[-70.31546,-14.37932],[-70.32349,-14.37197],[-70.32665,-14.3499],[-70.31473,-14.34024],[-70.30434,-14.34564],[-70.29327,-14.34004],[-70.28114,-14.3294],[-70.27616,-14.32195],[-70.26799,-14.30048],[-70.26824,-14.28297],[-70.25699,-14.2891],[-70.25129,-14.30545],[-70.23687,-14.30967],[-70.22727,-14.30772],[-70.22373,-14.29753],[-70.22072,-14.27751],[-70.21236,-14.26893],[-70.20532,-14.27238],[-70.19601,-14.28537],[-70.17969,-14.29284],[-70.18178,-14.3136],[-70.17976,-14.3212],[-70.1683,-14.31948],[-70.14954,-14.34067],[-70.14584,-14.33692],[-70.14151,-14.34477],[-70.1225,-14.35512],[-70.11658,-14.35249],[-70.11131,-14.35873],[-70.09785,-14.35905],[-70.08732,-14.36356],[-70.07866,-14.36221],[-70.05243,-14.37033],[-70.04135,-14.36526],[-70.03666,-14.36862],[-70.02076,-14.36655],[-70.00188,-14.36953],[-69.98165,-14.36735],[-69.97278,-14.36831],[-69.95667,-14.37766],[-69.95052,-14.38974],[-69.93981,-14.39868],[-69.92878,-14.40366],[-69.91039,-14.40885],[-69.89801,-14.4198],[-69.89745,-14.42542],[-69.88988,-14.43427]]]}},{"type":"Feature","properties":{"ubigeo":"210210","nombre":"Saman"},"geometry":{"type":"Polygon","coordinates":[[[-69.90323,-15.23565],[-69.92074,-15.2325],[-69.9302,-15.24272],[-69.94086,-15.23826],[-69.96315,-15.25104],[-69.99706,-15.27575],[-70.00586,-15.29241],[-70.0029,-15.29581],[-70.00574,-15.32752],[-69.99929,-15.33243],[-69.98876,-15.346],[-69.99038,-15.3556],[-69.98565,-15.37005],[-69.97927,-15.37659],[-69.97498,-15.3845],[-69.98386,-15.39323],[-69.99765,-15.39377],[-70.00527,-15.40246],[-70.01705,-15.39817],[-70.02305,-15.39906],[-70.03174,-15.39083],[-70.03522,-15.3809],[-70.04705,-15.3702],[-70.05101,-15.35427],[-70.04822,-15.33671],[-70.04266,-15.32793],[-70.0449,-15.32097],[-70.05193,-15.31817],[-70.05543,-15.31108],[-70.04812,-15.29042],[-70.04595,-15.26215],[-70.055,-15.25801],[-70.07254,-15.25763],[-70.08154,-15.25074],[-70.09627,-15.23379],[-70.10508,-15.20766],[-70.08584,-15.18411],[-70.07655,-15.18951],[-70.06054,-15.19405],[-70.03897,-15.19347],[-70.0141,-15.19653],[-69.97774,-15.20782],[-69.97494,-15.20499],[-69.96511,-15.20767],[-69.96516,-15.21386],[-69.95182,-15.21972],[-69.9453,-15.22016],[-69.94944,-15.21366],[-69.95605,-15.21201],[-69.96103,-15.20044],[-69.95012,-15.2092],[-69.94382,-15.202],[-69.94598,-15.19266],[-69.93447,-15.20885],[-69.93583,-15.21654],[-69.93273,-15.22237],[-69.91581,-15.21162],[-69.9105,-15.21114],[-69.90383,-15.2178],[-69.89867,-15.21651],[-69.89333,-15.2053],[-69.88774,-15.20693],[-69.89588,-15.21185],[-69.89611,-15.22447],[-69.90323,-15.23565]]]}},{"type":"Feature","properties":{"ubigeo":"210211","nombre":"San Anton"},"geometry":{"type":"Polygon","coordinates":[[[-70.15069,-14.53042],[-70.16222,-14.53543],[-70.1659,-14.54931],[-70.16602,-14.56239],[-70.16326,-14.57203],[-70.16614,-14.57817],[-70.16383,-14.58652],[-70.18275,-14.59127],[-70.18462,-14.59841],[-70.19926,-14.60099],[-70.19866,-14.61087],[-70.20486,-14.61376],[-70.20876,-14.62799],[-70.22181,-14.63749],[-70.235,-14.65398],[-70.23907,-14.66589],[-70.24895,-14.66591],[-70.25836,-14.66009],[-70.26915,-14.65869],[-70.27275,-14.65168],[-70.2904,-14.64269],[-70.29769,-14.64132],[-70.31275,-14.64462],[-70.32573,-14.65414],[-70.33753,-14.6504],[-70.3491,-14.63835],[-70.35936,-14.63735],[-70.36406,-14.63136],[-70.35677,-14.62651],[-70.34574,-14.61267],[-70.33921,-14.60005],[-70.33366,-14.59757],[-70.3266,-14.58267],[-70.33761,-14.58397],[-70.34206,-14.57803],[-70.34538,-14.5658],[-70.3567,-14.55448],[-70.36664,-14.55067],[-70.3692,-14.54105],[-70.3614,-14.53902],[-70.35256,-14.5304],[-70.35437,-14.52182],[-70.35286,-14.5079],[-70.33828,-14.48861],[-70.33822,-14.48126],[-70.32955,-14.46808],[-70.33018,-14.45805],[-70.33396,-14.45329],[-70.32637,-14.42606],[-70.32717,-14.4193],[-70.31803,-14.40601],[-70.31948,-14.39359],[-70.31546,-14.37932],[-70.2991,-14.38635],[-70.29091,-14.38117],[-70.27962,-14.38847],[-70.27385,-14.39704],[-70.2506,-14.40099],[-70.24506,-14.38484],[-70.22046,-14.37278],[-70.21734,-14.3764],[-70.22078,-14.38414],[-70.21828,-14.3892],[-70.22402,-14.39762],[-70.21254,-14.40262],[-70.20653,-14.41217],[-70.20636,-14.42143],[-70.19955,-14.43628],[-70.18512,-14.4494],[-70.17497,-14.44883],[-70.16915,-14.45476],[-70.16091,-14.46918],[-70.14533,-14.46424],[-70.13446,-14.47585],[-70.12937,-14.48464],[-70.12075,-14.48913],[-70.12005,-14.49383],[-70.13866,-14.503],[-70.15069,-14.53042]]]}},{"type":"Feature","properties":{"ubigeo":"210212","nombre":"San José"},"geometry":{"type":"Polygon","coordinates":[[[-70.23708,-14.80921],[-70.24314,-14.80498],[-70.24589,-14.79716],[-70.25171,-14.79613],[-70.25261,-14.78864],[-70.26216,-14.78857],[-70.27483,-14.77848],[-70.28497,-14.77477],[-70.2845,-14.76817],[-70.28912,-14.76306],[-70.29216,-14.75039],[-70.298,-14.7481],[-70.30078,-14.74055],[-70.30082,-14.7213],[-70.29159,-14.72252],[-70.29562,-14.71604],[-70.28357,-14.70356],[-70.27607,-14.69229],[-70.26243,-14.69052],[-70.25194,-14.68656],[-70.24895,-14.66591],[-70.23907,-14.66589],[-70.235,-14.65398],[-70.22181,-14.63749],[-70.20876,-14.62799],[-70.20486,-14.61376],[-70.19866,-14.61087],[-70.19926,-14.60099],[-70.18462,-14.59841],[-70.18275,-14.59127],[-70.16383,-14.58652],[-70.16614,-14.57817],[-70.16326,-14.57203],[-70.16602,-14.56239],[-70.1659,-14.54931],[-70.16222,-14.53543],[-70.15069,-14.53042],[-70.14056,-14.53713],[-70.14011,-14.55247],[-70.12679,-14.56798],[-70.12367,-14.57839],[-70.12777,-14.58764],[-70.12365,-14.59498],[-70.11028,-14.59688],[-70.09728,-14.61729],[-70.10109,-14.62647],[-70.08181,-14.63414],[-70.07579,-14.64325],[-70.0709,-14.65803],[-70.07621,-14.67774],[-70.07081,-14.70027],[-70.07171,-14.70859],[-70.0856,-14.72226],[-70.10246,-14.72638],[-70.11067,-14.74085],[-70.12498,-14.74434],[-70.12468,-14.7561],[-70.13225,-14.75756],[-70.13321,-14.77884],[-70.13841,-14.77961],[-70.14581,-14.77214],[-70.18056,-14.77635],[-70.18421,-14.78898],[-70.19374,-14.79387],[-70.20737,-14.79705],[-70.21939,-14.80663],[-70.22758,-14.80991],[-70.23708,-14.80921]]]}},{"type":"Feature","properties":{"ubigeo":"210213","nombre":"San Juan de Salinas"},"geometry":{"type":"Polygon","coordinates":[[[-70.16056,-15.05438],[-70.16713,-15.04825],[-70.15797,-15.03602],[-70.15964,-15.02483],[-70.16605,-15.02403],[-70.15894,-15.01153],[-70.1613,-15.00659],[-70.1584,-14.99798],[-70.16429,-14.98922],[-70.1741,-14.9819],[-70.18586,-14.97787],[-70.17827,-14.97026],[-70.18425,-14.95878],[-70.18616,-14.94261],[-70.18034,-14.9322],[-70.17158,-14.94433],[-70.14436,-14.94682],[-70.12734,-14.9575],[-70.12097,-14.95511],[-70.10812,-14.95669],[-70.10213,-14.96656],[-70.09276,-14.976],[-70.09019,-14.98336],[-70.07195,-15.00547],[-70.05963,-15.01277],[-70.07434,-15.02689],[-70.0782,-15.04246],[-70.07447,-15.04983],[-70.08477,-15.06201],[-70.09038,-15.0587],[-70.09792,-15.04813],[-70.11055,-15.05468],[-70.12479,-15.04609],[-70.13116,-15.04802],[-70.13944,-15.04137],[-70.14409,-15.0416],[-70.14687,-15.04881],[-70.1545,-15.04746],[-70.16056,-15.05438]]]}},{"type":"Feature","properties":{"ubigeo":"210214","nombre":"Santiago de Pupuja"},"geometry":{"type":"Polygon","coordinates":[[[-70.19977,-15.16483],[-70.21396,-15.15977],[-70.21738,-15.16485],[-70.22766,-15.16747],[-70.23202,-15.17304],[-70.24078,-15.175],[-70.25109,-15.18233],[-70.26598,-15.16927],[-70.27879,-15.16725],[-70.30856,-15.16609],[-70.34526,-15.16622],[-70.34967,-15.16767],[-70.35701,-15.16042],[-70.34913,-15.1554],[-70.35179,-15.14654],[-70.35972,-15.14499],[-70.36063,-15.13975],[-70.3524,-15.14077],[-70.34726,-15.13588],[-70.35789,-15.13],[-70.35909,-15.12294],[-70.34718,-15.12001],[-70.34834,-15.11554],[-70.36017,-15.11664],[-70.35847,-15.10671],[-70.35164,-15.09191],[-70.34258,-15.09655],[-70.33133,-15.09178],[-70.30598,-15.06122],[-70.30201,-15.04279],[-70.29242,-15.02464],[-70.29667,-15.02196],[-70.28599,-15.0036],[-70.27698,-15.00298],[-70.27404,-14.99161],[-70.25924,-15.00412],[-70.24881,-14.99712],[-70.2438,-14.98355],[-70.23799,-14.98072],[-70.21231,-14.98824],[-70.203,-14.99349],[-70.19272,-14.98898],[-70.18586,-14.97787],[-70.1741,-14.9819],[-70.16429,-14.98922],[-70.1584,-14.99798],[-70.1613,-15.00659],[-70.15894,-15.01153],[-70.16605,-15.02403],[-70.15964,-15.02483],[-70.15797,-15.03602],[-70.16713,-15.04825],[-70.16056,-15.05438],[-70.15992,-15.06248],[-70.17016,-15.06334],[-70.17579,-15.0806],[-70.17248,-15.08662],[-70.17776,-15.09377],[-70.16907,-15.09269],[-70.16615,-15.09818],[-70.1791,-15.10552],[-70.1766,-15.11712],[-70.18612,-15.12671],[-70.17993,-15.12865],[-70.18601,-15.13204],[-70.18358,-15.1386],[-70.19054,-15.13601],[-70.20291,-15.14371],[-70.19732,-15.16003],[-70.19977,-15.16483]]]}},{"type":"Feature","properties":{"ubigeo":"210215","nombre":"Tirapata"},"geometry":{"type":"Polygon","coordinates":[[[-70.30236,-14.97428],[-70.32159,-14.98206],[-70.33996,-15.00017],[-70.35107,-15.01435],[-70.3609,-15.01499],[-70.36284,-15.01872],[-70.36494,-15.01053],[-70.3608,-14.99914],[-70.36972,-14.99845],[-70.37111,-15.00264],[-70.38144,-15.00132],[-70.383,-14.99474],[-70.37431,-14.99695],[-70.37285,-14.99075],[-70.38071,-14.99212],[-70.37563,-14.98508],[-70.37796,-14.98161],[-70.38697,-14.98333],[-70.3915,-14.97945],[-70.38583,-14.97351],[-70.39704,-14.97468],[-70.4054,-14.95804],[-70.41059,-14.96573],[-70.42041,-14.96552],[-70.43042,-14.95196],[-70.44019,-14.95431],[-70.44771,-14.9497],[-70.445,-14.94382],[-70.45698,-14.93901],[-70.46575,-14.93223],[-70.46552,-14.92815],[-70.46702,-14.91543],[-70.46381,-14.90901],[-70.46112,-14.89165],[-70.45598,-14.88081],[-70.44111,-14.86763],[-70.43658,-14.8589],[-70.44394,-14.84566],[-70.44225,-14.83281],[-70.42957,-14.83134],[-70.42018,-14.83593],[-70.41747,-14.84946],[-70.39624,-14.86148],[-70.38054,-14.86331],[-70.37384,-14.85756],[-70.36777,-14.86938],[-70.36264,-14.874],[-70.33701,-14.87692],[-70.32549,-14.88146],[-70.31687,-14.89114],[-70.30997,-14.89262],[-70.31071,-14.91191],[-70.32012,-14.92464],[-70.31761,-14.93004],[-70.31926,-14.94063],[-70.31282,-14.95477],[-70.30703,-14.96127],[-70.30236,-14.97428]]]}},{"type":"Feature","properties":{"ubigeo":"210301","nombre":"Macusani"},"geometry":{"type":"Polygon","coordinates":[[[-70.32508,-13.95349],[-70.32261,-13.9563],[-70.32515,-13.96753],[-70.32092,-13.98981],[-70.31076,-13.99304],[-70.2948,-13.99462],[-70.2881,-14.00742],[-70.29339,-14.01553],[-70.28903,-14.01893],[-70.28645,-14.03468],[-70.2766,-14.03633],[-70.27737,-14.05519],[-70.26796,-14.05655],[-70.26139,-14.06562],[-70.26067,-14.08457],[-70.2786,-14.0858],[-70.28904,-14.08455],[-70.29643,-14.07907],[-70.32379,-14.07547],[-70.33282,-14.07991],[-70.33514,-14.09079],[-70.33199,-14.09959],[-70.33514,-14.10998],[-70.32939,-14.11768],[-70.32481,-14.13548],[-70.32438,-14.15349],[-70.32126,-14.1641],[-70.32946,-14.17518],[-70.33629,-14.17572],[-70.34039,-14.1714],[-70.3571,-14.1708],[-70.3649,-14.18424],[-70.36347,-14.18823],[-70.37613,-14.18926],[-70.38691,-14.19602],[-70.40078,-14.18965],[-70.41068,-14.18936],[-70.41557,-14.18129],[-70.42517,-14.17809],[-70.4429,-14.18875],[-70.44645,-14.19647],[-70.46566,-14.21],[-70.47363,-14.22017],[-70.47963,-14.22315],[-70.4877,-14.22182],[-70.49597,-14.22035],[-70.50264,-14.20416],[-70.51361,-14.19856],[-70.52144,-14.20215],[-70.54119,-14.18971],[-70.54603,-14.17874],[-70.55105,-14.15532],[-70.56712,-14.15265],[-70.57053,-14.14473],[-70.58095,-14.1482],[-70.58937,-14.15787],[-70.59877,-14.15499],[-70.60686,-14.16148],[-70.61184,-14.15415],[-70.61929,-14.15936],[-70.6295,-14.15292],[-70.63545,-14.14605],[-70.64008,-14.13098],[-70.6524,-14.12086],[-70.66823,-14.12629],[-70.69202,-14.12392],[-70.69464,-14.11022],[-70.70218,-14.10073],[-70.70222,-14.08841],[-70.6894,-14.08694],[-70.68598,-14.08254],[-70.6754,-14.08385],[-70.66112,-14.07632],[-70.64966,-14.07603],[-70.64218,-14.06084],[-70.64132,-14.05183],[-70.63348,-14.0432],[-70.62903,-14.02739],[-70.63488,-14.01654],[-70.644,-14.00956],[-70.63344,-14.00364],[-70.63075,-13.99723],[-70.62264,-13.9918],[-70.61281,-13.97973],[-70.58968,-13.97819],[-70.57713,-13.96599],[-70.55478,-13.93657],[-70.54595,-13.93426],[-70.54251,-13.92571],[-70.53008,-13.91729],[-70.51699,-13.92049],[-70.50847,-13.91036],[-70.51798,-13.89704],[-70.50317,-13.89634],[-70.47898,-13.90695],[-70.4642,-13.89708],[-70.46092,-13.89111],[-70.455,-13.89644],[-70.44712,-13.89725],[-70.43219,-13.91486],[-70.42755,-13.90791],[-70.41485,-13.9082],[-70.4012,-13.91208],[-70.39329,-13.90421],[-70.38622,-13.90375],[-70.36987,-13.90939],[-70.35963,-13.9256],[-70.36507,-13.94258],[-70.35027,-13.94393],[-70.34325,-13.94951],[-70.33715,-13.94864],[-70.32508,-13.95349]]]}},{"type":"Feature","properties":{"ubigeo":"210302","nombre":"Ajoyani"},"geometry":{"type":"Polygon","coordinates":[[[-70.12106,-14.204],[-70.13576,-14.21456],[-70.15659,-14.23845],[-70.1652,-14.25244],[-70.17379,-14.25677],[-70.17564,-14.28105],[-70.17969,-14.29284],[-70.19601,-14.28537],[-70.20532,-14.27238],[-70.21236,-14.26893],[-70.22072,-14.27751],[-70.22373,-14.29753],[-70.22727,-14.30772],[-70.23687,-14.30967],[-70.25129,-14.30545],[-70.25699,-14.2891],[-70.26824,-14.28297],[-70.2754,-14.27573],[-70.27471,-14.26581],[-70.28548,-14.26773],[-70.29071,-14.25683],[-70.29288,-14.24376],[-70.28929,-14.21885],[-70.30224,-14.21853],[-70.316,-14.20612],[-70.32326,-14.19684],[-70.32946,-14.17518],[-70.32126,-14.1641],[-70.32438,-14.15349],[-70.32481,-14.13548],[-70.32939,-14.11768],[-70.33514,-14.10998],[-70.33199,-14.09959],[-70.33514,-14.09079],[-70.33282,-14.07991],[-70.32379,-14.07547],[-70.29643,-14.07907],[-70.28904,-14.08455],[-70.2786,-14.0858],[-70.26067,-14.08457],[-70.25114,-14.08839],[-70.24497,-14.09689],[-70.23485,-14.09807],[-70.22478,-14.07713],[-70.22638,-14.07034],[-70.20911,-14.05767],[-70.20296,-14.0616],[-70.18587,-14.06265],[-70.18532,-14.0722],[-70.17345,-14.07811],[-70.17065,-14.08805],[-70.16213,-14.09445],[-70.15717,-14.10868],[-70.14885,-14.11125],[-70.13696,-14.12191],[-70.13261,-14.11885],[-70.11983,-14.12653],[-70.11571,-14.14065],[-70.10914,-14.14785],[-70.10245,-14.16248],[-70.11337,-14.16559],[-70.1154,-14.17026],[-70.12957,-14.17814],[-70.14003,-14.19167],[-70.13467,-14.1987],[-70.12106,-14.204]]]}},{"type":"Feature","properties":{"ubigeo":"210303","nombre":"Ayapata"},"geometry":{"type":"Polygon","coordinates":[[[-70.04613,-13.62637],[-70.05271,-13.63177],[-70.061,-13.62905],[-70.06821,-13.63279],[-70.07321,-13.6485],[-70.07132,-13.65467],[-70.08642,-13.6631],[-70.0969,-13.67235],[-70.10226,-13.68418],[-70.11376,-13.6904],[-70.11985,-13.68563],[-70.12983,-13.68477],[-70.1364,-13.69607],[-70.15106,-13.69877],[-70.15625,-13.70625],[-70.16723,-13.71307],[-70.16899,-13.71774],[-70.18111,-13.71388],[-70.19114,-13.72328],[-70.19843,-13.72244],[-70.20469,-13.73348],[-70.21692,-13.76273],[-70.22135,-13.76604],[-70.23163,-13.76189],[-70.23888,-13.76204],[-70.24589,-13.75733],[-70.27038,-13.76197],[-70.27052,-13.77045],[-70.27664,-13.77754],[-70.2754,-13.78147],[-70.28405,-13.79237],[-70.29582,-13.81194],[-70.29379,-13.82272],[-70.29787,-13.82971],[-70.29714,-13.84428],[-70.30235,-13.85304],[-70.29581,-13.86012],[-70.29263,-13.87141],[-70.27664,-13.88547],[-70.27458,-13.8935],[-70.2886,-13.89365],[-70.29189,-13.90546],[-70.29964,-13.90333],[-70.30443,-13.90681],[-70.3047,-13.91699],[-70.30134,-13.93073],[-70.30424,-13.93837],[-70.30088,-13.94381],[-70.3035,-13.95046],[-70.31798,-13.94856],[-70.32508,-13.95349],[-70.33715,-13.94864],[-70.34325,-13.94951],[-70.35027,-13.94393],[-70.36507,-13.94258],[-70.35963,-13.9256],[-70.36987,-13.90939],[-70.38622,-13.90375],[-70.39329,-13.90421],[-70.4012,-13.91208],[-70.41485,-13.9082],[-70.41304,-13.90482],[-70.41866,-13.89312],[-70.42598,-13.89014],[-70.43272,-13.87683],[-70.44033,-13.86951],[-70.43147,-13.85478],[-70.416,-13.84431],[-70.41654,-13.83665],[-70.4258,-13.81102],[-70.41789,-13.80314],[-70.42726,-13.79783],[-70.42671,-13.78951],[-70.41422,-13.78739],[-70.40836,-13.76863],[-70.41132,-13.7609],[-70.3994,-13.75277],[-70.3998,-13.74577],[-70.38818,-13.73396],[-70.39188,-13.72145],[-70.38636,-13.72062],[-70.37896,-13.70968],[-70.36746,-13.70236],[-70.36684,-13.68992],[-70.36247,-13.68864],[-70.36911,-13.66682],[-70.36544,-13.65647],[-70.37285,-13.64407],[-70.36955,-13.63674],[-70.37197,-13.62962],[-70.36303,-13.61319],[-70.35106,-13.61002],[-70.3437,-13.60087],[-70.34309,-13.59206],[-70.33025,-13.56435],[-70.31048,-13.55813],[-70.30566,-13.55113],[-70.28738,-13.54821],[-70.27193,-13.53545],[-70.25468,-13.53489],[-70.239,-13.52088],[-70.23191,-13.50662],[-70.22234,-13.50061],[-70.21766,-13.50228],[-70.20234,-13.49806],[-70.20911,-13.47862],[-70.21929,-13.47927],[-70.22289,-13.46339],[-70.23522,-13.45157],[-70.23643,-13.44726],[-70.24528,-13.44219],[-70.25535,-13.42862],[-70.27081,-13.42532],[-70.27735,-13.43091],[-70.28359,-13.42883],[-70.28535,-13.4215],[-70.28348,-13.41066],[-70.29083,-13.40584],[-70.3026,-13.40287],[-70.31549,-13.40269],[-70.32997,-13.40896],[-70.34016,-13.39629],[-70.35718,-13.38762],[-70.36366,-13.37406],[-70.36849,-13.36948],[-70.3868,-13.36445],[-70.39555,-13.37478],[-70.3995,-13.37164],[-70.39958,-13.36377],[-70.39273,-13.34477],[-70.39476,-13.33815],[-70.40114,-13.33489],[-70.40195,-13.32654],[-70.39284,-13.31416],[-70.38223,-13.31103],[-70.37282,-13.31331],[-70.36919,-13.30758],[-70.34585,-13.31275],[-70.34507,-13.29978],[-70.34829,-13.29361],[-70.37084,-13.27641],[-70.3824,-13.27161],[-70.40135,-13.2706],[-70.40792,-13.26304],[-70.42041,-13.25857],[-70.42202,-13.24994],[-70.41736,-13.2436],[-70.40053,-13.23474],[-70.39063,-13.23211],[-70.38795,-13.22516],[-70.39001,-13.21534],[-70.38446,-13.20474],[-70.38847,-13.19239],[-70.38322,-13.18131],[-70.38558,-13.16704],[-70.3995,-13.15611],[-70.40059,-13.15116],[-70.39076,-13.13827],[-70.39373,-13.12998],[-70.40682,-13.13842],[-70.4177,-13.13309],[-70.40441,-13.12608],[-70.40287,-13.11441],[-70.10889,-13.20114],[-70.1149,-13.2086],[-70.11514,-13.22752],[-70.12278,-13.24587],[-70.10949,-13.26121],[-70.10124,-13.26655],[-70.09386,-13.26647],[-70.08675,-13.27339],[-70.09652,-13.29045],[-70.10923,-13.30002],[-70.11265,-13.31445],[-70.1109,-13.32775],[-70.11568,-13.33446],[-70.10877,-13.35216],[-70.1018,-13.35924],[-70.10447,-13.36445],[-70.09764,-13.3799],[-70.09974,-13.39346],[-70.1056,-13.40364],[-70.10215,-13.42392],[-70.09599,-13.43958],[-70.086,-13.44222],[-70.08067,-13.44928],[-70.07461,-13.46378],[-70.0748,-13.47114],[-70.06486,-13.4919],[-70.06379,-13.50073],[-70.0503,-13.51422],[-70.04459,-13.51563],[-70.04174,-13.52816],[-70.02698,-13.537],[-70.03091,-13.55882],[-70.03606,-13.562],[-70.04052,-13.57611],[-70.02966,-13.59108],[-70.04136,-13.62581],[-70.04613,-13.62637]]]}},{"type":"Feature","properties":{"ubigeo":"210304","nombre":"Coasa"},"geometry":{"type":"Polygon","coordinates":[[[-69.77003,-14.03908],[-69.77724,-14.04012],[-69.79078,-14.03585],[-69.7932,-14.02955],[-69.80251,-14.01928],[-69.81322,-14.01099],[-69.82872,-14.00706],[-69.84716,-14.01034],[-69.85424,-14.01768],[-69.85905,-14.02848],[-69.87679,-14.02389],[-69.878,-14.01929],[-69.8892,-14.02012],[-69.8955,-14.01276],[-69.90932,-14.01559],[-69.91282,-14.02254],[-69.93493,-14.02509],[-69.94177,-14.03797],[-69.94185,-14.04641],[-69.95374,-14.04717],[-69.96328,-14.05445],[-69.97176,-14.05488],[-69.9814,-14.06337],[-69.99136,-14.06644],[-69.99409,-14.07115],[-70.01246,-14.07257],[-70.01806,-14.07908],[-70.01847,-14.08636],[-70.02598,-14.08899],[-70.03356,-14.08503],[-70.04499,-14.08446],[-70.05917,-14.09253],[-70.07071,-14.09047],[-70.08952,-14.09865],[-70.09047,-14.10734],[-70.09981,-14.11255],[-70.1031,-14.11011],[-70.12408,-14.11054],[-70.13002,-14.11256],[-70.13261,-14.11885],[-70.13696,-14.12191],[-70.14885,-14.11125],[-70.15717,-14.10868],[-70.16213,-14.09445],[-70.17065,-14.08805],[-70.17345,-14.07811],[-70.18532,-14.0722],[-70.18587,-14.06265],[-70.20296,-14.0616],[-70.20911,-14.05767],[-70.20519,-14.05229],[-70.20747,-14.04081],[-70.20457,-14.03599],[-70.19412,-14.03471],[-70.18831,-14.03059],[-70.1902,-14.02108],[-70.18695,-14.0101],[-70.1876,-14.00026],[-70.17488,-13.99313],[-70.16391,-13.97927],[-70.1573,-13.9803],[-70.1422,-13.99575],[-70.12992,-13.99557],[-70.1201,-13.98824],[-70.10932,-13.98598],[-70.10373,-13.97081],[-70.1081,-13.96414],[-70.10354,-13.9486],[-70.08896,-13.94053],[-70.07704,-13.94313],[-70.06844,-13.93539],[-70.05733,-13.92038],[-70.04846,-13.91992],[-70.05332,-13.89676],[-70.03762,-13.88979],[-70.03547,-13.88419],[-70.02828,-13.88317],[-70.01989,-13.89103],[-70.00706,-13.88406],[-69.99982,-13.89083],[-69.98964,-13.88717],[-69.97739,-13.84955],[-69.96175,-13.83935],[-69.95016,-13.83913],[-69.93995,-13.82202],[-69.91955,-13.80423],[-69.9191,-13.79996],[-69.91004,-13.79063],[-69.90017,-13.77676],[-69.89688,-13.76876],[-69.88986,-13.76218],[-69.88132,-13.74156],[-69.87251,-13.73571],[-69.86777,-13.72752],[-69.84929,-13.72047],[-69.85603,-13.70518],[-69.85912,-13.71014],[-69.8669,-13.71039],[-69.878,-13.71917],[-69.90036,-13.70184],[-69.91507,-13.70523],[-69.91568,-13.70079],[-69.92383,-13.69439],[-69.92864,-13.68512],[-69.91976,-13.66828],[-69.9211,-13.66319],[-69.93184,-13.65856],[-69.94899,-13.63998],[-69.95481,-13.63898],[-69.95837,-13.64545],[-69.96618,-13.64211],[-69.97409,-13.64801],[-69.98154,-13.64457],[-69.98501,-13.6368],[-69.99365,-13.63828],[-69.99526,-13.6309],[-69.99186,-13.62654],[-70.00184,-13.61561],[-70.01386,-13.62224],[-70.02568,-13.61878],[-70.03337,-13.62315],[-70.04265,-13.63325],[-70.04613,-13.62637],[-70.04136,-13.62581],[-70.02966,-13.59108],[-70.04052,-13.57611],[-70.03606,-13.562],[-70.03091,-13.55882],[-70.02698,-13.537],[-70.04174,-13.52816],[-70.04459,-13.51563],[-70.0503,-13.51422],[-70.06379,-13.50073],[-70.06486,-13.4919],[-70.0748,-13.47114],[-70.07461,-13.46378],[-70.08067,-13.44928],[-70.086,-13.44222],[-70.09599,-13.43958],[-70.10215,-13.42392],[-70.1056,-13.40364],[-70.09974,-13.39346],[-70.09764,-13.3799],[-70.10447,-13.36445],[-70.1018,-13.35924],[-70.10877,-13.35216],[-70.11568,-13.33446],[-70.1109,-13.32775],[-70.11265,-13.31445],[-70.10923,-13.30002],[-70.09652,-13.29045],[-70.08675,-13.27339],[-70.09386,-13.26647],[-70.10124,-13.26655],[-70.10949,-13.26121],[-70.12278,-13.24587],[-70.11514,-13.22752],[-70.1149,-13.2086],[-70.10889,-13.20114],[-70.03255,-13.22375],[-70.00001,-13.2345],[-69.97416,-13.2451],[-69.7791,-13.30335],[-69.76566,-13.30692],[-69.69864,-13.32748],[-69.64986,-13.34172],[-69.65511,-13.37153],[-69.65367,-13.38145],[-69.64701,-13.39176],[-69.63276,-13.4063],[-69.64135,-13.40814],[-69.64486,-13.41941],[-69.65118,-13.42674],[-69.65007,-13.43289],[-69.65626,-13.45938],[-69.66716,-13.45484],[-69.67617,-13.45581],[-69.6792,-13.46184],[-69.6715,-13.46681],[-69.66895,-13.47521],[-69.67191,-13.48436],[-69.68164,-13.49984],[-69.69098,-13.50446],[-69.7044,-13.49967],[-69.71314,-13.50558],[-69.72203,-13.49257],[-69.72879,-13.49415],[-69.7365,-13.50792],[-69.71968,-13.51305],[-69.7152,-13.52074],[-69.69748,-13.51906],[-69.70194,-13.53413],[-69.7096,-13.53484],[-69.71142,-13.54208],[-69.70744,-13.54652],[-69.71404,-13.55745],[-69.71287,-13.56203],[-69.72513,-13.59596],[-69.71878,-13.60345],[-69.72342,-13.61034],[-69.72233,-13.61727],[-69.72647,-13.62381],[-69.72653,-13.63375],[-69.73157,-13.63875],[-69.73514,-13.64912],[-69.74416,-13.65861],[-69.75251,-13.67724],[-69.74601,-13.6906],[-69.75149,-13.71253],[-69.74843,-13.7179],[-69.75389,-13.72606],[-69.75372,-13.73789],[-69.76197,-13.73806],[-69.76802,-13.74491],[-69.7787,-13.7389],[-69.7842,-13.74312],[-69.78574,-13.75072],[-69.77743,-13.76049],[-69.77912,-13.7661],[-69.7759,-13.77417],[-69.76332,-13.78521],[-69.76171,-13.79224],[-69.75309,-13.79606],[-69.74944,-13.80573],[-69.73246,-13.81169],[-69.73428,-13.83064],[-69.72737,-13.84187],[-69.72002,-13.84174],[-69.70852,-13.85886],[-69.69853,-13.86638],[-69.677,-13.87081],[-69.67163,-13.87392],[-69.6635,-13.88464],[-69.66436,-13.90143],[-69.67579,-13.92063],[-69.70221,-13.93578],[-69.70493,-13.9521],[-69.71581,-13.96492],[-69.7232,-13.97697],[-69.72519,-14.01878],[-69.74098,-14.0293],[-69.75319,-14.035],[-69.7632,-14.03059],[-69.77003,-14.03908]]]}},{"type":"Feature","properties":{"ubigeo":"210305","nombre":"Corani"},"geometry":{"type":"Polygon","coordinates":[[[-70.70222,-14.08841],[-70.70611,-14.08307],[-70.71985,-14.07498],[-70.73494,-14.07957],[-70.74992,-14.07587],[-70.77016,-14.08267],[-70.78253,-14.08255],[-70.78982,-14.07882],[-70.79588,-14.07212],[-70.82037,-14.06845],[-70.82947,-14.07634],[-70.83133,-14.07077],[-70.8326,-14.06066],[-70.84819,-14.05555],[-70.85288,-14.04092],[-70.86181,-14.02623],[-70.85353,-14.01286],[-70.84047,-14.00727],[-70.85198,-14.0005],[-70.85236,-13.99607],[-70.84394,-13.97537],[-70.84562,-13.9622],[-70.84019,-13.95642],[-70.83304,-13.9381],[-70.81991,-13.92941],[-70.81104,-13.9186],[-70.8107,-13.90507],[-70.81847,-13.89862],[-70.83086,-13.89508],[-70.82562,-13.87873],[-70.83163,-13.86526],[-70.83127,-13.85893],[-70.83875,-13.85281],[-70.85351,-13.85375],[-70.86128,-13.84331],[-70.87228,-13.84093],[-70.88123,-13.83284],[-70.87843,-13.82798],[-70.88025,-13.81807],[-70.87383,-13.80909],[-70.8625,-13.80029],[-70.85114,-13.80119],[-70.85027,-13.81279],[-70.8284,-13.82763],[-70.81791,-13.82053],[-70.79631,-13.82215],[-70.79449,-13.81806],[-70.76837,-13.81433],[-70.75191,-13.81648],[-70.73592,-13.82425],[-70.72136,-13.82934],[-70.70982,-13.84206],[-70.70856,-13.8281],[-70.70422,-13.82151],[-70.69886,-13.80317],[-70.70518,-13.79256],[-70.7079,-13.78251],[-70.71493,-13.77231],[-70.72182,-13.77102],[-70.7184,-13.76578],[-70.72231,-13.76146],[-70.72641,-13.74713],[-70.73475,-13.73902],[-70.73495,-13.73428],[-70.72444,-13.73339],[-70.71315,-13.72746],[-70.70252,-13.73087],[-70.69917,-13.73825],[-70.70144,-13.74363],[-70.6954,-13.75458],[-70.68563,-13.75124],[-70.67766,-13.74273],[-70.6732,-13.74398],[-70.66559,-13.73863],[-70.66329,-13.74449],[-70.65322,-13.74773],[-70.64773,-13.75693],[-70.65137,-13.7678],[-70.65671,-13.77419],[-70.64995,-13.7762],[-70.64788,-13.78833],[-70.64258,-13.79785],[-70.63155,-13.79463],[-70.61564,-13.79515],[-70.59634,-13.79053],[-70.57979,-13.80406],[-70.57108,-13.81811],[-70.5669,-13.81843],[-70.56332,-13.82727],[-70.5506,-13.83294],[-70.54895,-13.8393],[-70.55086,-13.85781],[-70.54833,-13.87001],[-70.54102,-13.88115],[-70.53605,-13.88285],[-70.53759,-13.89908],[-70.52557,-13.89405],[-70.51798,-13.89704],[-70.50847,-13.91036],[-70.51699,-13.92049],[-70.53008,-13.91729],[-70.54251,-13.92571],[-70.54595,-13.93426],[-70.55478,-13.93657],[-70.57713,-13.96599],[-70.58968,-13.97819],[-70.61281,-13.97973],[-70.62264,-13.9918],[-70.63075,-13.99723],[-70.63344,-14.00364],[-70.644,-14.00956],[-70.63488,-14.01654],[-70.62903,-14.02739],[-70.63348,-14.0432],[-70.64132,-14.05183],[-70.64218,-14.06084],[-70.64966,-14.07603],[-70.66112,-14.07632],[-70.6754,-14.08385],[-70.68598,-14.08254],[-70.6894,-14.08694],[-70.70222,-14.08841]]]}},{"type":"Feature","properties":{"ubigeo":"210306","nombre":"Crucero"},"geometry":{"type":"Polygon","coordinates":[[[-69.73626,-14.33375],[-69.72786,-14.34969],[-69.73321,-14.35824],[-69.73266,-14.36595],[-69.72689,-14.37759],[-69.72932,-14.3911],[-69.72407,-14.41808],[-69.71546,-14.42356],[-69.70274,-14.416],[-69.6867,-14.42221],[-69.6816,-14.44131],[-69.66878,-14.44314],[-69.66216,-14.45051],[-69.65953,-14.45876],[-69.67762,-14.48077],[-69.6826,-14.49006],[-69.69096,-14.51782],[-69.71092,-14.50939],[-69.7274,-14.50873],[-69.73188,-14.49276],[-69.74539,-14.48501],[-69.75592,-14.47342],[-69.76642,-14.4714],[-69.76922,-14.45374],[-69.77774,-14.4486],[-69.78275,-14.45099],[-69.79493,-14.44634],[-69.79616,-14.45563],[-69.8084,-14.45562],[-69.80971,-14.45931],[-69.81702,-14.4487],[-69.82412,-14.45048],[-69.83874,-14.44377],[-69.8469,-14.44515],[-69.85721,-14.44247],[-69.87102,-14.44404],[-69.87725,-14.43784],[-69.8834,-14.44096],[-69.88988,-14.43427],[-69.89745,-14.42542],[-69.89801,-14.4198],[-69.91039,-14.40885],[-69.92878,-14.40366],[-69.93981,-14.39868],[-69.95052,-14.38974],[-69.95667,-14.37766],[-69.97278,-14.36831],[-69.98165,-14.36735],[-70.00188,-14.36953],[-70.02076,-14.36655],[-70.03666,-14.36862],[-70.04135,-14.36526],[-70.05243,-14.37033],[-70.07866,-14.36221],[-70.08732,-14.36356],[-70.09785,-14.35905],[-70.11131,-14.35873],[-70.11658,-14.35249],[-70.1225,-14.35512],[-70.14151,-14.34477],[-70.14584,-14.33692],[-70.14954,-14.34067],[-70.1683,-14.31948],[-70.17976,-14.3212],[-70.18178,-14.3136],[-70.17969,-14.29284],[-70.17564,-14.28105],[-70.17379,-14.25677],[-70.1652,-14.25244],[-70.15659,-14.23845],[-70.13576,-14.21456],[-70.12106,-14.204],[-70.10446,-14.20135],[-70.09643,-14.19189],[-70.07978,-14.18713],[-70.0703,-14.19272],[-70.05754,-14.18442],[-70.04768,-14.1829],[-70.04604,-14.19275],[-70.02923,-14.20223],[-70.01996,-14.21541],[-70.01258,-14.21397],[-70.00768,-14.21825],[-69.99453,-14.21967],[-69.9853,-14.23336],[-69.98694,-14.2437],[-69.95873,-14.25288],[-69.9472,-14.26902],[-69.93584,-14.27322],[-69.92941,-14.28088],[-69.91775,-14.27527],[-69.9037,-14.27167],[-69.89407,-14.27797],[-69.88705,-14.28645],[-69.87478,-14.28865],[-69.86068,-14.2832],[-69.856,-14.26358],[-69.84903,-14.26383],[-69.84336,-14.26632],[-69.84007,-14.27463],[-69.83124,-14.26932],[-69.81711,-14.26893],[-69.81281,-14.27137],[-69.79937,-14.26833],[-69.78633,-14.27499],[-69.78153,-14.2848],[-69.78053,-14.30507],[-69.78323,-14.31199],[-69.76856,-14.31889],[-69.76667,-14.32845],[-69.7574,-14.33562],[-69.73626,-14.33375]]]}},{"type":"Feature","properties":{"ubigeo":"210307","nombre":"Ituata"},"geometry":{"type":"Polygon","coordinates":[[[-70.26067,-14.08457],[-70.26139,-14.06562],[-70.26796,-14.05655],[-70.27737,-14.05519],[-70.2766,-14.03633],[-70.28645,-14.03468],[-70.28903,-14.01893],[-70.29339,-14.01553],[-70.2881,-14.00742],[-70.2948,-13.99462],[-70.31076,-13.99304],[-70.32092,-13.98981],[-70.32515,-13.96753],[-70.32261,-13.9563],[-70.32508,-13.95349],[-70.31798,-13.94856],[-70.3035,-13.95046],[-70.30088,-13.94381],[-70.30424,-13.93837],[-70.30134,-13.93073],[-70.3047,-13.91699],[-70.30443,-13.90681],[-70.29964,-13.90333],[-70.29189,-13.90546],[-70.2886,-13.89365],[-70.27458,-13.8935],[-70.27664,-13.88547],[-70.29263,-13.87141],[-70.29581,-13.86012],[-70.30235,-13.85304],[-70.29714,-13.84428],[-70.29787,-13.82971],[-70.29379,-13.82272],[-70.29582,-13.81194],[-70.28405,-13.79237],[-70.2754,-13.78147],[-70.27664,-13.77754],[-70.27052,-13.77045],[-70.27038,-13.76197],[-70.24589,-13.75733],[-70.23888,-13.76204],[-70.23163,-13.76189],[-70.22135,-13.76604],[-70.21692,-13.76273],[-70.20469,-13.73348],[-70.19843,-13.72244],[-70.19114,-13.72328],[-70.18111,-13.71388],[-70.16899,-13.71774],[-70.16723,-13.71307],[-70.15625,-13.70625],[-70.15106,-13.69877],[-70.1364,-13.69607],[-70.12983,-13.68477],[-70.11985,-13.68563],[-70.11376,-13.6904],[-70.10226,-13.68418],[-70.0969,-13.67235],[-70.08642,-13.6631],[-70.07132,-13.65467],[-70.07321,-13.6485],[-70.06821,-13.63279],[-70.061,-13.62905],[-70.05271,-13.63177],[-70.04613,-13.62637],[-70.04265,-13.63325],[-70.03337,-13.62315],[-70.02568,-13.61878],[-70.01386,-13.62224],[-70.00184,-13.61561],[-69.99186,-13.62654],[-69.99526,-13.6309],[-69.99365,-13.63828],[-69.98501,-13.6368],[-69.98154,-13.64457],[-69.97409,-13.64801],[-69.96618,-13.64211],[-69.95837,-13.64545],[-69.95481,-13.63898],[-69.94899,-13.63998],[-69.93184,-13.65856],[-69.9211,-13.66319],[-69.91976,-13.66828],[-69.92864,-13.68512],[-69.92383,-13.69439],[-69.91568,-13.70079],[-69.91507,-13.70523],[-69.90036,-13.70184],[-69.878,-13.71917],[-69.8669,-13.71039],[-69.85912,-13.71014],[-69.85603,-13.70518],[-69.84929,-13.72047],[-69.86777,-13.72752],[-69.87251,-13.73571],[-69.88132,-13.74156],[-69.88986,-13.76218],[-69.89688,-13.76876],[-69.90017,-13.77676],[-69.91004,-13.79063],[-69.9191,-13.79996],[-69.91955,-13.80423],[-69.93995,-13.82202],[-69.95016,-13.83913],[-69.96175,-13.83935],[-69.97739,-13.84955],[-69.98964,-13.88717],[-69.99982,-13.89083],[-70.00706,-13.88406],[-70.01989,-13.89103],[-70.02828,-13.88317],[-70.03547,-13.88419],[-70.03762,-13.88979],[-70.05332,-13.89676],[-70.04846,-13.91992],[-70.05733,-13.92038],[-70.06844,-13.93539],[-70.07704,-13.94313],[-70.08896,-13.94053],[-70.10354,-13.9486],[-70.1081,-13.96414],[-70.10373,-13.97081],[-70.10932,-13.98598],[-70.1201,-13.98824],[-70.12992,-13.99557],[-70.1422,-13.99575],[-70.1573,-13.9803],[-70.16391,-13.97927],[-70.17488,-13.99313],[-70.1876,-14.00026],[-70.18695,-14.0101],[-70.1902,-14.02108],[-70.18831,-14.03059],[-70.19412,-14.03471],[-70.20457,-14.03599],[-70.20747,-14.04081],[-70.20519,-14.05229],[-70.20911,-14.05767],[-70.22638,-14.07034],[-70.22478,-14.07713],[-70.23485,-14.09807],[-70.24497,-14.09689],[-70.25114,-14.08839],[-70.26067,-14.08457]]]}},{"type":"Feature","properties":{"ubigeo":"210308","nombre":"Ollachea"},"geometry":{"type":"Polygon","coordinates":[[[-70.39188,-13.72145],[-70.38818,-13.73396],[-70.3998,-13.74577],[-70.3994,-13.75277],[-70.41132,-13.7609],[-70.40836,-13.76863],[-70.41422,-13.78739],[-70.42671,-13.78951],[-70.42726,-13.79783],[-70.41789,-13.80314],[-70.4258,-13.81102],[-70.41654,-13.83665],[-70.416,-13.84431],[-70.43147,-13.85478],[-70.44033,-13.86951],[-70.43272,-13.87683],[-70.42598,-13.89014],[-70.41866,-13.89312],[-70.41304,-13.90482],[-70.41485,-13.9082],[-70.42755,-13.90791],[-70.43219,-13.91486],[-70.44712,-13.89725],[-70.455,-13.89644],[-70.46092,-13.89111],[-70.4642,-13.89708],[-70.47898,-13.90695],[-70.50317,-13.89634],[-70.51798,-13.89704],[-70.52557,-13.89405],[-70.53759,-13.89908],[-70.53605,-13.88285],[-70.54102,-13.88115],[-70.54833,-13.87001],[-70.55086,-13.85781],[-70.54895,-13.8393],[-70.5506,-13.83294],[-70.56332,-13.82727],[-70.5669,-13.81843],[-70.57108,-13.81811],[-70.57979,-13.80406],[-70.59634,-13.79053],[-70.61564,-13.79515],[-70.63155,-13.79463],[-70.64258,-13.79785],[-70.64788,-13.78833],[-70.64995,-13.7762],[-70.65671,-13.77419],[-70.65137,-13.7678],[-70.64773,-13.75693],[-70.65322,-13.74773],[-70.66329,-13.74449],[-70.66559,-13.73863],[-70.6732,-13.74398],[-70.67766,-13.74273],[-70.68563,-13.75124],[-70.6954,-13.75458],[-70.70144,-13.74363],[-70.69917,-13.73825],[-70.70252,-13.73087],[-70.71315,-13.72746],[-70.72444,-13.73339],[-70.73495,-13.73428],[-70.73254,-13.72812],[-70.73565,-13.71178],[-70.72124,-13.70016],[-70.72094,-13.68301],[-70.71425,-13.67721],[-70.71537,-13.66265],[-70.68888,-13.65259],[-70.67066,-13.66207],[-70.65391,-13.65594],[-70.64787,-13.64483],[-70.6374,-13.63767],[-70.63692,-13.63278],[-70.62748,-13.62775],[-70.62157,-13.6211],[-70.61619,-13.60906],[-70.61068,-13.60895],[-70.60072,-13.59908],[-70.58585,-13.59643],[-70.57787,-13.58584],[-70.57166,-13.58602],[-70.57367,-13.59908],[-70.56289,-13.60129],[-70.55728,-13.60841],[-70.55027,-13.60916],[-70.54344,-13.61638],[-70.54312,-13.62322],[-70.52644,-13.63162],[-70.50449,-13.62363],[-70.49852,-13.62803],[-70.49257,-13.64807],[-70.48516,-13.6563],[-70.47457,-13.66057],[-70.46276,-13.66118],[-70.45202,-13.66677],[-70.44086,-13.67558],[-70.43116,-13.67521],[-70.42562,-13.67094],[-70.41404,-13.67446],[-70.4088,-13.68487],[-70.41038,-13.69015],[-70.40099,-13.70211],[-70.39899,-13.71296],[-70.39188,-13.72145]]]}},{"type":"Feature","properties":{"ubigeo":"210309","nombre":"San Gaban"},"geometry":{"type":"Polygon","coordinates":[[[-70.39188,-13.72145],[-70.39899,-13.71296],[-70.40099,-13.70211],[-70.41038,-13.69015],[-70.4088,-13.68487],[-70.41404,-13.67446],[-70.42562,-13.67094],[-70.43116,-13.67521],[-70.44086,-13.67558],[-70.45202,-13.66677],[-70.46276,-13.66118],[-70.47457,-13.66057],[-70.48516,-13.6563],[-70.49257,-13.64807],[-70.49852,-13.62803],[-70.50449,-13.62363],[-70.52644,-13.63162],[-70.54312,-13.62322],[-70.54344,-13.61638],[-70.55027,-13.60916],[-70.55728,-13.60841],[-70.56289,-13.60129],[-70.57367,-13.59908],[-70.57166,-13.58602],[-70.56037,-13.58661],[-70.55027,-13.57684],[-70.54172,-13.57449],[-70.54215,-13.55977],[-70.54591,-13.54544],[-70.53403,-13.52527],[-70.51987,-13.51397],[-70.49576,-13.50143],[-70.48879,-13.50038],[-70.48477,-13.49091],[-70.4748,-13.47806],[-70.4691,-13.47426],[-70.46622,-13.46618],[-70.45662,-13.45656],[-70.45316,-13.44546],[-70.471,-13.44233],[-70.45709,-13.41632],[-70.45076,-13.41084],[-70.45096,-13.40212],[-70.44255,-13.39336],[-70.45236,-13.36853],[-70.45044,-13.3645],[-70.43405,-13.3621],[-70.432,-13.35801],[-70.41887,-13.35894],[-70.41724,-13.36181],[-70.3995,-13.37164],[-70.39555,-13.37478],[-70.3868,-13.36445],[-70.36849,-13.36948],[-70.36366,-13.37406],[-70.35718,-13.38762],[-70.34016,-13.39629],[-70.32997,-13.40896],[-70.31549,-13.40269],[-70.3026,-13.40287],[-70.29083,-13.40584],[-70.28348,-13.41066],[-70.28535,-13.4215],[-70.28359,-13.42883],[-70.27735,-13.43091],[-70.27081,-13.42532],[-70.25535,-13.42862],[-70.24528,-13.44219],[-70.23643,-13.44726],[-70.23522,-13.45157],[-70.22289,-13.46339],[-70.21929,-13.47927],[-70.20911,-13.47862],[-70.20234,-13.49806],[-70.21766,-13.50228],[-70.22234,-13.50061],[-70.23191,-13.50662],[-70.239,-13.52088],[-70.25468,-13.53489],[-70.27193,-13.53545],[-70.28738,-13.54821],[-70.30566,-13.55113],[-70.31048,-13.55813],[-70.33025,-13.56435],[-70.34309,-13.59206],[-70.3437,-13.60087],[-70.35106,-13.61002],[-70.36303,-13.61319],[-70.37197,-13.62962],[-70.36955,-13.63674],[-70.37285,-13.64407],[-70.36544,-13.65647],[-70.36911,-13.66682],[-70.36247,-13.68864],[-70.36684,-13.68992],[-70.36746,-13.70236],[-70.37896,-13.70968],[-70.38636,-13.72062],[-70.39188,-13.72145]]]}},{"type":"Feature","properties":{"ubigeo":"210310","nombre":"Usicayos"},"geometry":{"type":"Polygon","coordinates":[[[-69.84903,-14.26383],[-69.856,-14.26358],[-69.86068,-14.2832],[-69.87478,-14.28865],[-69.88705,-14.28645],[-69.89407,-14.27797],[-69.9037,-14.27167],[-69.91775,-14.27527],[-69.92941,-14.28088],[-69.93584,-14.27322],[-69.9472,-14.26902],[-69.95873,-14.25288],[-69.98694,-14.2437],[-69.9853,-14.23336],[-69.99453,-14.21967],[-70.00768,-14.21825],[-70.01258,-14.21397],[-70.01996,-14.21541],[-70.02923,-14.20223],[-70.04604,-14.19275],[-70.04768,-14.1829],[-70.05754,-14.18442],[-70.0703,-14.19272],[-70.07978,-14.18713],[-70.09643,-14.19189],[-70.10446,-14.20135],[-70.12106,-14.204],[-70.13467,-14.1987],[-70.14003,-14.19167],[-70.12957,-14.17814],[-70.1154,-14.17026],[-70.11337,-14.16559],[-70.10245,-14.16248],[-70.10914,-14.14785],[-70.11571,-14.14065],[-70.11983,-14.12653],[-70.13261,-14.11885],[-70.13002,-14.11256],[-70.12408,-14.11054],[-70.1031,-14.11011],[-70.09981,-14.11255],[-70.09047,-14.10734],[-70.08952,-14.09865],[-70.07071,-14.09047],[-70.05917,-14.09253],[-70.04499,-14.08446],[-70.03356,-14.08503],[-70.02598,-14.08899],[-70.01847,-14.08636],[-70.01806,-14.07908],[-70.01246,-14.07257],[-69.99409,-14.07115],[-69.99136,-14.06644],[-69.9814,-14.06337],[-69.97176,-14.05488],[-69.96328,-14.05445],[-69.95374,-14.04717],[-69.94185,-14.04641],[-69.94177,-14.03797],[-69.93493,-14.02509],[-69.91282,-14.02254],[-69.90932,-14.01559],[-69.8955,-14.01276],[-69.8892,-14.02012],[-69.878,-14.01929],[-69.87679,-14.02389],[-69.85905,-14.02848],[-69.85424,-14.01768],[-69.84716,-14.01034],[-69.82872,-14.00706],[-69.81322,-14.01099],[-69.80251,-14.01928],[-69.7932,-14.02955],[-69.79078,-14.03585],[-69.77724,-14.04012],[-69.77003,-14.03908],[-69.77817,-14.04582],[-69.77959,-14.05422],[-69.79755,-14.07142],[-69.8059,-14.08283],[-69.8088,-14.10474],[-69.81521,-14.11173],[-69.82137,-14.13152],[-69.83291,-14.13817],[-69.83303,-14.14325],[-69.82629,-14.14589],[-69.82333,-14.1619],[-69.82678,-14.1737],[-69.83897,-14.19442],[-69.84162,-14.20724],[-69.8501,-14.21402],[-69.84361,-14.22234],[-69.85119,-14.2322],[-69.84913,-14.23694],[-69.84994,-14.25147],[-69.85321,-14.25424],[-69.84903,-14.26383]]]}},{"type":"Feature","properties":{"ubigeo":"210401","nombre":"Juli"},"geometry":{"type":"Polygon","coordinates":[[[-69.51389,-16.17997],[-69.50896,-16.19505],[-69.49432,-16.20806],[-69.4809,-16.20439],[-69.47271,-16.19821],[-69.46257,-16.20273],[-69.45559,-16.19895],[-69.44864,-16.18952],[-69.436,-16.18154],[-69.42412,-16.17894],[-69.41485,-16.1864],[-69.40256,-16.18979],[-69.38952,-16.18013],[-69.38349,-16.18876],[-69.39118,-16.19918],[-69.39919,-16.19862],[-69.39939,-16.2069],[-69.38821,-16.21825],[-69.37561,-16.23558],[-69.35805,-16.25014],[-69.32969,-16.25496],[-69.33519,-16.26738],[-69.335,-16.27393],[-69.3537,-16.2922],[-69.35877,-16.30348],[-69.3648,-16.30864],[-69.38149,-16.3163],[-69.38956,-16.31721],[-69.40455,-16.32493],[-69.40857,-16.33451],[-69.39975,-16.35098],[-69.40674,-16.35596],[-69.41402,-16.37941],[-69.41283,-16.38416],[-69.40026,-16.39821],[-69.38981,-16.40056],[-69.38305,-16.40795],[-69.3803,-16.41565],[-69.37106,-16.42863],[-69.36546,-16.44144],[-69.37836,-16.4375],[-69.3854,-16.43841],[-69.39197,-16.4439],[-69.40698,-16.46592],[-69.41023,-16.48278],[-69.41535,-16.4879],[-69.42888,-16.49328],[-69.44532,-16.49281],[-69.45161,-16.49703],[-69.47382,-16.49876],[-69.47952,-16.48942],[-69.47094,-16.47462],[-69.47159,-16.4587],[-69.47514,-16.4468],[-69.48121,-16.43961],[-69.4838,-16.42874],[-69.50099,-16.42716],[-69.50316,-16.43424],[-69.52061,-16.43382],[-69.53155,-16.41918],[-69.54062,-16.42159],[-69.54286,-16.43284],[-69.55442,-16.44637],[-69.56223,-16.43165],[-69.56505,-16.43155],[-69.58293,-16.44296],[-69.58866,-16.43877],[-69.60319,-16.43826],[-69.62279,-16.42884],[-69.62578,-16.43034],[-69.6483,-16.42567],[-69.6607,-16.42593],[-69.66942,-16.41628],[-69.67016,-16.40531],[-69.68366,-16.38922],[-69.68454,-16.37569],[-69.6792,-16.37524],[-69.6679,-16.36344],[-69.67626,-16.34699],[-69.67265,-16.33744],[-69.66572,-16.3319],[-69.65209,-16.33916],[-69.65744,-16.32261],[-69.65506,-16.31511],[-69.64453,-16.31114],[-69.63187,-16.30086],[-69.61962,-16.30375],[-69.60903,-16.30074],[-69.6032,-16.29108],[-69.59509,-16.29088],[-69.5864,-16.27474],[-69.58493,-16.25963],[-69.58036,-16.25104],[-69.58487,-16.24729],[-69.58575,-16.22892],[-69.57897,-16.20719],[-69.58038,-16.19919],[-69.57535,-16.18905],[-69.57192,-16.17428],[-69.56098,-16.18261],[-69.55243,-16.1839],[-69.54452,-16.17702],[-69.53395,-16.17589],[-69.52884,-16.17859],[-69.51389,-16.17997]]]}},{"type":"Feature","properties":{"ubigeo":"210402","nombre":"Desaguadero"},"geometry":{"type":"Polygon","coordinates":[[[-69.16127,-16.64699],[-69.14996,-16.622],[-69.14991,-16.60616],[-69.13496,-16.59176],[-69.1349,-16.58224],[-69.12561,-16.57537],[-69.11092,-16.57465],[-69.10903,-16.547],[-69.10089,-16.54468],[-69.08202,-16.55101],[-69.07476,-16.54434],[-69.06238,-16.54884],[-69.05604,-16.53798],[-69.03692,-16.55971],[-69.03906,-16.57288],[-69.0313,-16.60581],[-69.02248,-16.61542],[-69.02094,-16.62901],[-69.01705,-16.63815],[-68.9961,-16.65658],[-69.01195,-16.66984],[-69.02561,-16.67277],[-69.04529,-16.68833],[-69.05521,-16.68665],[-69.07946,-16.68504],[-69.083,-16.67979],[-69.09412,-16.67353],[-69.11607,-16.67266],[-69.12733,-16.66723],[-69.14503,-16.65365],[-69.16127,-16.64699]]]}},{"type":"Feature","properties":{"ubigeo":"210403","nombre":"Huacullani"},"geometry":{"type":"Polygon","coordinates":[[[-69.29038,-16.4525],[-69.28728,-16.47741],[-69.28835,-16.48266],[-69.28469,-16.50204],[-69.29337,-16.54335],[-69.30028,-16.55594],[-69.31612,-16.56082],[-69.32204,-16.5707],[-69.31238,-16.58601],[-69.31283,-16.61235],[-69.29873,-16.62818],[-69.30509,-16.64085],[-69.29621,-16.65054],[-69.28227,-16.65195],[-69.28107,-16.66274],[-69.27776,-16.66526],[-69.26456,-16.69459],[-69.26259,-16.70964],[-69.26801,-16.72359],[-69.27689,-16.72576],[-69.28459,-16.72117],[-69.29157,-16.70643],[-69.30371,-16.70432],[-69.31743,-16.69357],[-69.32359,-16.69256],[-69.32956,-16.68579],[-69.33952,-16.68586],[-69.3429,-16.68151],[-69.35458,-16.69454],[-69.3599,-16.71036],[-69.36249,-16.70801],[-69.37307,-16.71094],[-69.37939,-16.70681],[-69.39382,-16.72102],[-69.39992,-16.72058],[-69.41495,-16.72909],[-69.41961,-16.73556],[-69.43245,-16.74303],[-69.44007,-16.74476],[-69.45413,-16.74359],[-69.47106,-16.75379],[-69.47794,-16.75254],[-69.48832,-16.75531],[-69.50075,-16.74261],[-69.51175,-16.7447],[-69.51814,-16.72799],[-69.51963,-16.71833],[-69.53682,-16.69846],[-69.53619,-16.68735],[-69.54169,-16.67895],[-69.54215,-16.6706],[-69.53443,-16.66082],[-69.52425,-16.65478],[-69.51711,-16.65918],[-69.50175,-16.66059],[-69.49755,-16.65453],[-69.50021,-16.64479],[-69.49851,-16.63729],[-69.48784,-16.62494],[-69.49189,-16.61165],[-69.48891,-16.58881],[-69.49412,-16.5807],[-69.49318,-16.57229],[-69.49878,-16.56419],[-69.48552,-16.55583],[-69.48828,-16.52635],[-69.48599,-16.51899],[-69.47457,-16.50922],[-69.47382,-16.49876],[-69.45161,-16.49703],[-69.44532,-16.49281],[-69.42888,-16.49328],[-69.41535,-16.4879],[-69.41023,-16.48278],[-69.40698,-16.46592],[-69.39197,-16.4439],[-69.3854,-16.43841],[-69.37836,-16.4375],[-69.36546,-16.44144],[-69.36158,-16.44652],[-69.33418,-16.45335],[-69.333,-16.46716],[-69.32787,-16.47235],[-69.32105,-16.46114],[-69.31502,-16.46028],[-69.30363,-16.4526],[-69.29038,-16.4525]]]}},{"type":"Feature","properties":{"ubigeo":"210404","nombre":"Kelluyo"},"geometry":{"type":"Polygon","coordinates":[[[-69.05521,-16.68665],[-69.05854,-16.69286],[-69.07311,-16.69629],[-69.10452,-16.71246],[-69.12392,-16.71619],[-69.13644,-16.71354],[-69.15297,-16.72455],[-69.17001,-16.72754],[-69.18169,-16.75749],[-69.18195,-16.77315],[-69.18619,-16.79755],[-69.19753,-16.79924],[-69.21329,-16.82289],[-69.21924,-16.83613],[-69.2534,-16.86099],[-69.26053,-16.86824],[-69.27336,-16.84973],[-69.28793,-16.84481],[-69.30067,-16.84468],[-69.31237,-16.83669],[-69.32287,-16.82091],[-69.34063,-16.80957],[-69.34974,-16.80725],[-69.35264,-16.79639],[-69.36512,-16.78558],[-69.37878,-16.7618],[-69.37167,-16.75339],[-69.36911,-16.74361],[-69.37171,-16.73348],[-69.3905,-16.72529],[-69.39382,-16.72102],[-69.37939,-16.70681],[-69.37307,-16.71094],[-69.36249,-16.70801],[-69.3599,-16.71036],[-69.35458,-16.69454],[-69.3429,-16.68151],[-69.33952,-16.68586],[-69.32956,-16.68579],[-69.32359,-16.69256],[-69.31743,-16.69357],[-69.30371,-16.70432],[-69.29157,-16.70643],[-69.28459,-16.72117],[-69.27689,-16.72576],[-69.26801,-16.72359],[-69.26259,-16.70964],[-69.26456,-16.69459],[-69.27776,-16.66526],[-69.28107,-16.66274],[-69.28227,-16.65195],[-69.29621,-16.65054],[-69.30509,-16.64085],[-69.29873,-16.62818],[-69.31283,-16.61235],[-69.31238,-16.58601],[-69.32204,-16.5707],[-69.3113,-16.56685],[-69.29486,-16.58022],[-69.29316,-16.576],[-69.28709,-16.58603],[-69.27179,-16.59874],[-69.25524,-16.59889],[-69.24326,-16.60273],[-69.24176,-16.59776],[-69.23014,-16.60251],[-69.22345,-16.59836],[-69.20744,-16.60024],[-69.20808,-16.60743],[-69.19948,-16.61387],[-69.1907,-16.62494],[-69.17288,-16.63692],[-69.16127,-16.64699],[-69.14503,-16.65365],[-69.12733,-16.66723],[-69.11607,-16.67266],[-69.09412,-16.67353],[-69.083,-16.67979],[-69.07946,-16.68504],[-69.05521,-16.68665]]]}},{"type":"Feature","properties":{"ubigeo":"210405","nombre":"Pisacoma"},"geometry":{"type":"Polygon","coordinates":[[[-69.26053,-16.86824],[-69.30467,-16.91584],[-69.32459,-16.95154],[-69.32008,-16.96075],[-69.33543,-16.98026],[-69.34364,-16.98687],[-69.37121,-16.99216],[-69.3904,-17.01593],[-69.39463,-17.02387],[-69.38414,-17.03123],[-69.3809,-17.03979],[-69.37309,-17.04831],[-69.37374,-17.07312],[-69.40627,-17.10029],[-69.43292,-17.10986],[-69.44913,-17.09775],[-69.47271,-17.11792],[-69.51185,-17.14617],[-69.5569,-17.15928],[-69.5628,-17.17498],[-69.5654,-17.16811],[-69.58085,-17.15361],[-69.58237,-17.14658],[-69.58787,-17.14328],[-69.59102,-17.13545],[-69.58733,-17.12628],[-69.58738,-17.11287],[-69.60287,-17.09746],[-69.5935,-17.08409],[-69.58134,-17.07836],[-69.57128,-17.08464],[-69.56004,-17.0727],[-69.55265,-17.0726],[-69.5497,-17.06577],[-69.53477,-17.06086],[-69.53614,-17.05083],[-69.54238,-17.04622],[-69.5448,-17.03687],[-69.53815,-17.02914],[-69.53631,-17.01378],[-69.53769,-17.00291],[-69.54184,-16.99696],[-69.54658,-16.97944],[-69.54598,-16.97186],[-69.53436,-16.96478],[-69.54721,-16.9487],[-69.55079,-16.93848],[-69.55884,-16.93125],[-69.56823,-16.91782],[-69.56596,-16.90239],[-69.55657,-16.89519],[-69.56592,-16.87628],[-69.56034,-16.86715],[-69.56259,-16.86163],[-69.55506,-16.84927],[-69.55906,-16.839],[-69.56587,-16.83344],[-69.55737,-16.81525],[-69.54692,-16.81045],[-69.53956,-16.78683],[-69.5342,-16.78672],[-69.53087,-16.77917],[-69.51988,-16.7723],[-69.52064,-16.76157],[-69.51175,-16.7447],[-69.50075,-16.74261],[-69.48832,-16.75531],[-69.47794,-16.75254],[-69.47106,-16.75379],[-69.45413,-16.74359],[-69.44007,-16.74476],[-69.43245,-16.74303],[-69.41961,-16.73556],[-69.41495,-16.72909],[-69.39992,-16.72058],[-69.39382,-16.72102],[-69.3905,-16.72529],[-69.37171,-16.73348],[-69.36911,-16.74361],[-69.37167,-16.75339],[-69.37878,-16.7618],[-69.36512,-16.78558],[-69.35264,-16.79639],[-69.34974,-16.80725],[-69.34063,-16.80957],[-69.32287,-16.82091],[-69.31237,-16.83669],[-69.30067,-16.84468],[-69.28793,-16.84481],[-69.27336,-16.84973],[-69.26053,-16.86824]]]}},{"type":"Feature","properties":{"ubigeo":"210406","nombre":"Pomata"},"geometry":{"type":"Polygon","coordinates":[[[-69.15584,-16.32779],[-69.15004,-16.3318],[-69.14194,-16.33099],[-69.13919,-16.35061],[-69.14864,-16.35291],[-69.15075,-16.35707],[-69.16807,-16.36211],[-69.16751,-16.3685],[-69.17235,-16.37561],[-69.17109,-16.3836],[-69.17947,-16.3891],[-69.18891,-16.40008],[-69.20032,-16.40418],[-69.20891,-16.40227],[-69.2248,-16.41132],[-69.23098,-16.41083],[-69.25674,-16.41844],[-69.26757,-16.42857],[-69.27003,-16.43782],[-69.29038,-16.4525],[-69.30363,-16.4526],[-69.31502,-16.46028],[-69.32105,-16.46114],[-69.32787,-16.47235],[-69.333,-16.46716],[-69.33418,-16.45335],[-69.36158,-16.44652],[-69.36546,-16.44144],[-69.37106,-16.42863],[-69.3803,-16.41565],[-69.38305,-16.40795],[-69.38981,-16.40056],[-69.40026,-16.39821],[-69.41283,-16.38416],[-69.41402,-16.37941],[-69.40674,-16.35596],[-69.39975,-16.35098],[-69.40857,-16.33451],[-69.40455,-16.32493],[-69.38956,-16.31721],[-69.38149,-16.3163],[-69.3648,-16.30864],[-69.35877,-16.30348],[-69.3537,-16.2922],[-69.335,-16.27393],[-69.33519,-16.26738],[-69.32969,-16.25496],[-69.31069,-16.25694],[-69.29527,-16.2539],[-69.29407,-16.26075],[-69.28966,-16.25777],[-69.28612,-16.26331],[-69.28953,-16.27418],[-69.2815,-16.28195],[-69.27869,-16.28926],[-69.26789,-16.29044],[-69.26518,-16.29607],[-69.25677,-16.29973],[-69.25465,-16.29182],[-69.25749,-16.28563],[-69.24848,-16.28636],[-69.23751,-16.27326],[-69.24599,-16.27052],[-69.23629,-16.26678],[-69.20887,-16.26749],[-69.20017,-16.26419],[-69.20221,-16.27919],[-69.19884,-16.28126],[-69.20457,-16.29869],[-69.19094,-16.31455],[-69.17818,-16.31395],[-69.16686,-16.32435],[-69.15584,-16.32779]]]}},{"type":"Feature","properties":{"ubigeo":"210407","nombre":"Zepita"},"geometry":{"type":"Polygon","coordinates":[[[-69.04295,-16.4204],[-69.04255,-16.4301],[-69.04771,-16.43487],[-69.05603,-16.43486],[-69.06619,-16.45113],[-69.08401,-16.46265],[-69.08579,-16.46972],[-69.09195,-16.4708],[-69.09114,-16.48216],[-69.0985,-16.49071],[-69.09354,-16.49958],[-69.08456,-16.49713],[-69.07449,-16.51944],[-69.0678,-16.5246],[-69.06596,-16.53336],[-69.05604,-16.53798],[-69.06238,-16.54884],[-69.07476,-16.54434],[-69.08202,-16.55101],[-69.10089,-16.54468],[-69.10903,-16.547],[-69.11092,-16.57465],[-69.12561,-16.57537],[-69.1349,-16.58224],[-69.13496,-16.59176],[-69.14991,-16.60616],[-69.14996,-16.622],[-69.16127,-16.64699],[-69.17288,-16.63692],[-69.1907,-16.62494],[-69.19948,-16.61387],[-69.20808,-16.60743],[-69.20744,-16.60024],[-69.22345,-16.59836],[-69.23014,-16.60251],[-69.24176,-16.59776],[-69.24326,-16.60273],[-69.25524,-16.59889],[-69.27179,-16.59874],[-69.28709,-16.58603],[-69.29316,-16.576],[-69.29486,-16.58022],[-69.3113,-16.56685],[-69.32204,-16.5707],[-69.31612,-16.56082],[-69.30028,-16.55594],[-69.29337,-16.54335],[-69.28469,-16.50204],[-69.28835,-16.48266],[-69.28728,-16.47741],[-69.29038,-16.4525],[-69.27003,-16.43782],[-69.26757,-16.42857],[-69.25674,-16.41844],[-69.23098,-16.41083],[-69.2248,-16.41132],[-69.20891,-16.40227],[-69.20032,-16.40418],[-69.18891,-16.40008],[-69.17947,-16.3891],[-69.17109,-16.3836],[-69.17235,-16.37561],[-69.16751,-16.3685],[-69.16807,-16.36211],[-69.15075,-16.35707],[-69.14864,-16.35291],[-69.13919,-16.35061],[-69.13646,-16.35465],[-69.1451,-16.37397],[-69.14341,-16.38658],[-69.13631,-16.39725],[-69.1255,-16.39665],[-69.12556,-16.37828],[-69.1222,-16.37362],[-69.12413,-16.36538],[-69.11304,-16.36592],[-69.09487,-16.37088],[-69.0829,-16.37618],[-69.07443,-16.38266],[-69.06668,-16.39294],[-69.05422,-16.39263],[-69.06076,-16.40135],[-69.05078,-16.4138],[-69.04947,-16.41903],[-69.04295,-16.4204]]]}},{"type":"Feature","properties":{"ubigeo":"210501","nombre":"Ilave"},"geometry":{"type":"Polygon","coordinates":[[[-69.53395,-16.17589],[-69.54452,-16.17702],[-69.55243,-16.1839],[-69.56098,-16.18261],[-69.57192,-16.17428],[-69.57535,-16.18905],[-69.58038,-16.19919],[-69.57897,-16.20719],[-69.58575,-16.22892],[-69.58487,-16.24729],[-69.58036,-16.25104],[-69.58493,-16.25963],[-69.5864,-16.27474],[-69.59509,-16.29088],[-69.6032,-16.29108],[-69.60903,-16.30074],[-69.61962,-16.30375],[-69.63187,-16.30086],[-69.64453,-16.31114],[-69.65506,-16.31511],[-69.65744,-16.32261],[-69.65209,-16.33916],[-69.66572,-16.3319],[-69.67265,-16.33744],[-69.67626,-16.34699],[-69.6679,-16.36344],[-69.6792,-16.37524],[-69.68454,-16.37569],[-69.68366,-16.38922],[-69.67016,-16.40531],[-69.66942,-16.41628],[-69.6725,-16.42237],[-69.68442,-16.43033],[-69.69122,-16.44644],[-69.72126,-16.45855],[-69.7444,-16.46262],[-69.75336,-16.45798],[-69.75753,-16.45014],[-69.76096,-16.45211],[-69.7701,-16.47019],[-69.77232,-16.47979],[-69.77963,-16.48395],[-69.78694,-16.49681],[-69.78449,-16.50605],[-69.79043,-16.51268],[-69.79302,-16.50476],[-69.80225,-16.49557],[-69.82079,-16.49],[-69.83001,-16.49103],[-69.8364,-16.48817],[-69.86687,-16.48353],[-69.87904,-16.47437],[-69.88442,-16.46487],[-69.87736,-16.45569],[-69.86658,-16.44755],[-69.86069,-16.43102],[-69.85503,-16.42182],[-69.85483,-16.40607],[-69.85069,-16.39972],[-69.83802,-16.39219],[-69.81155,-16.39325],[-69.80107,-16.38709],[-69.79785,-16.37445],[-69.78774,-16.36162],[-69.79487,-16.34857],[-69.80197,-16.34534],[-69.80125,-16.32739],[-69.79835,-16.32281],[-69.8021,-16.30973],[-69.80062,-16.30156],[-69.80734,-16.27786],[-69.78805,-16.26752],[-69.78209,-16.266],[-69.7728,-16.25605],[-69.76651,-16.24497],[-69.76404,-16.2255],[-69.76022,-16.21522],[-69.75517,-16.21786],[-69.75127,-16.20955],[-69.74342,-16.20445],[-69.73045,-16.20521],[-69.7255,-16.20841],[-69.71001,-16.19847],[-69.70425,-16.18813],[-69.70314,-16.16894],[-69.69156,-16.16034],[-69.69392,-16.14929],[-69.68717,-16.14908],[-69.69133,-16.13891],[-69.68832,-16.12785],[-69.67949,-16.12716],[-69.66896,-16.11475],[-69.68254,-16.10423],[-69.6863,-16.10421],[-69.69986,-16.09447],[-69.7018,-16.0859],[-69.68774,-16.084],[-69.68822,-16.07908],[-69.68136,-16.06901],[-69.66888,-16.06932],[-69.65666,-16.06133],[-69.65119,-16.05147],[-69.6508,-16.0151],[-69.6451,-16.01256],[-69.63807,-16.01735],[-69.62855,-16.01904],[-69.61439,-16.00738],[-69.60974,-15.98339],[-69.59887,-15.98948],[-69.58684,-15.985],[-69.57987,-15.98743],[-69.57982,-15.98186],[-69.5708,-15.98252],[-69.56917,-15.97896],[-69.55608,-15.97589],[-69.54523,-15.98175],[-69.53238,-15.97847],[-69.5304,-15.98318],[-69.51318,-15.98972],[-69.50919,-15.99537],[-69.49853,-15.99971],[-69.49995,-16.00736],[-69.49427,-16.01582],[-69.48806,-16.01309],[-69.48656,-16.00568],[-69.48057,-16.00819],[-69.47545,-16.01863],[-69.46368,-16.01457],[-69.47382,-16.0053],[-69.50708,-15.98266],[-69.5347,-15.97006],[-69.55739,-15.9625],[-69.57294,-15.96025],[-69.60994,-15.95902],[-69.61024,-15.95676],[-69.56266,-15.95946],[-69.53106,-15.96933],[-69.50384,-15.98155],[-69.4906,-15.99055],[-69.48144,-15.99423],[-69.4647,-15.994],[-69.45821,-15.99138],[-69.44759,-15.99986],[-69.45253,-16.00437],[-69.4516,-16.01824],[-69.46064,-16.02688],[-69.47118,-16.02402],[-69.47112,-16.03273],[-69.49429,-16.0364],[-69.49969,-16.04266],[-69.51497,-16.05163],[-69.52464,-16.0547],[-69.52762,-16.06469],[-69.53897,-16.07015],[-69.54221,-16.07992],[-69.5494,-16.08105],[-69.55089,-16.07385],[-69.55589,-16.07454],[-69.561,-16.08381],[-69.57279,-16.08658],[-69.58585,-16.09835],[-69.58941,-16.10642],[-69.60307,-16.10812],[-69.59984,-16.11328],[-69.58732,-16.12232],[-69.58002,-16.13082],[-69.58045,-16.13745],[-69.57223,-16.13752],[-69.53703,-16.1688],[-69.53395,-16.17589]]]}},{"type":"Feature","properties":{"ubigeo":"210502","nombre":"Capazo"},"geometry":{"type":"Polygon","coordinates":[[[-69.5628,-17.17498],[-69.57322,-17.18519],[-69.569,-17.194],[-69.57976,-17.20813],[-69.59056,-17.21054],[-69.60115,-17.2165],[-69.60381,-17.22121],[-69.61598,-17.26128],[-69.62736,-17.273],[-69.63633,-17.27118],[-69.64429,-17.28097],[-69.64132,-17.28745],[-69.64582,-17.28667],[-69.65474,-17.27078],[-69.68293,-17.27874],[-69.6936,-17.27464],[-69.71108,-17.28194],[-69.71563,-17.29163],[-69.73107,-17.29547],[-69.74488,-17.28981],[-69.75052,-17.28387],[-69.76184,-17.28044],[-69.76615,-17.27178],[-69.76497,-17.26402],[-69.77435,-17.24994],[-69.78454,-17.23935],[-69.79624,-17.23293],[-69.81005,-17.23392],[-69.81967,-17.24136],[-69.83125,-17.24357],[-69.8514,-17.24374],[-69.85879,-17.23328],[-69.86893,-17.23171],[-69.8731,-17.22383],[-69.89813,-17.22107],[-69.91101,-17.21038],[-69.91737,-17.20994],[-69.92967,-17.2022],[-69.92582,-17.17772],[-69.91709,-17.16816],[-69.90816,-17.16245],[-69.90685,-17.15479],[-69.90077,-17.15162],[-69.89304,-17.13824],[-69.8836,-17.12803],[-69.86627,-17.12551],[-69.84065,-17.11873],[-69.82331,-17.10201],[-69.82645,-17.09242],[-69.81612,-17.08872],[-69.81102,-17.07646],[-69.81288,-17.05965],[-69.81014,-17.04937],[-69.80949,-17.02483],[-69.80747,-17.01651],[-69.80124,-17.01358],[-69.80023,-17.00741],[-69.7909,-17.00444],[-69.77182,-17.00358],[-69.76562,-16.99551],[-69.75239,-16.99082],[-69.75174,-16.98115],[-69.74588,-16.9743],[-69.71624,-16.97112],[-69.6967,-16.97507],[-69.69815,-16.95463],[-69.69093,-16.95379],[-69.67303,-16.94232],[-69.65721,-16.9291],[-69.65076,-16.92703],[-69.64917,-16.91779],[-69.64338,-16.91161],[-69.62532,-16.91651],[-69.61786,-16.91237],[-69.60858,-16.90273],[-69.59896,-16.90025],[-69.57539,-16.89953],[-69.56596,-16.90239],[-69.56823,-16.91782],[-69.55884,-16.93125],[-69.55079,-16.93848],[-69.54721,-16.9487],[-69.53436,-16.96478],[-69.54598,-16.97186],[-69.54658,-16.97944],[-69.54184,-16.99696],[-69.53769,-17.00291],[-69.53631,-17.01378],[-69.53815,-17.02914],[-69.5448,-17.03687],[-69.54238,-17.04622],[-69.53614,-17.05083],[-69.53477,-17.06086],[-69.5497,-17.06577],[-69.55265,-17.0726],[-69.56004,-17.0727],[-69.57128,-17.08464],[-69.58134,-17.07836],[-69.5935,-17.08409],[-69.60287,-17.09746],[-69.58738,-17.11287],[-69.58733,-17.12628],[-69.59102,-17.13545],[-69.58787,-17.14328],[-69.58237,-17.14658],[-69.58085,-17.15361],[-69.5654,-17.16811],[-69.5628,-17.17498]]]}},{"type":"Feature","properties":{"ubigeo":"210503","nombre":"Pilcuyo"},"geometry":{"type":"Polygon","coordinates":[[[-69.53395,-16.17589],[-69.53703,-16.1688],[-69.57223,-16.13752],[-69.58045,-16.13745],[-69.58002,-16.13082],[-69.58732,-16.12232],[-69.59984,-16.11328],[-69.60307,-16.10812],[-69.58941,-16.10642],[-69.58585,-16.09835],[-69.57279,-16.08658],[-69.561,-16.08381],[-69.55589,-16.07454],[-69.55089,-16.07385],[-69.5494,-16.08105],[-69.54221,-16.07992],[-69.53897,-16.07015],[-69.52762,-16.06469],[-69.52464,-16.0547],[-69.51497,-16.05163],[-69.49969,-16.04266],[-69.49429,-16.0364],[-69.47112,-16.03273],[-69.47118,-16.02402],[-69.46064,-16.02688],[-69.4516,-16.01824],[-69.45253,-16.00437],[-69.44759,-15.99986],[-69.44433,-16.00276],[-69.44391,-16.01621],[-69.42316,-16.04704],[-69.42229,-16.05723],[-69.42576,-16.07816],[-69.43031,-16.09444],[-69.44686,-16.11129],[-69.43465,-16.09116],[-69.43195,-16.07927],[-69.43617,-16.06905],[-69.43419,-16.05416],[-69.45307,-16.04596],[-69.44956,-16.05157],[-69.44079,-16.05337],[-69.44687,-16.06266],[-69.45524,-16.06407],[-69.45604,-16.07107],[-69.45204,-16.08014],[-69.45917,-16.08646],[-69.45975,-16.09361],[-69.46868,-16.09431],[-69.47076,-16.10007],[-69.46686,-16.10466],[-69.47608,-16.11347],[-69.47452,-16.11621],[-69.49135,-16.1242],[-69.49414,-16.13159],[-69.50548,-16.14374],[-69.50351,-16.1498],[-69.49186,-16.16008],[-69.50467,-16.17333],[-69.50664,-16.16626],[-69.51522,-16.16218],[-69.51389,-16.17997],[-69.52884,-16.17859],[-69.53395,-16.17589]]]}},{"type":"Feature","properties":{"ubigeo":"210504","nombre":"Santa Rosa"},"geometry":{"type":"Polygon","coordinates":[[[-69.51175,-16.7447],[-69.52064,-16.76157],[-69.51988,-16.7723],[-69.53087,-16.77917],[-69.5342,-16.78672],[-69.53956,-16.78683],[-69.54692,-16.81045],[-69.55737,-16.81525],[-69.56587,-16.83344],[-69.55906,-16.839],[-69.55506,-16.84927],[-69.56259,-16.86163],[-69.56034,-16.86715],[-69.56592,-16.87628],[-69.55657,-16.89519],[-69.56596,-16.90239],[-69.57539,-16.89953],[-69.59896,-16.90025],[-69.60858,-16.90273],[-69.61786,-16.91237],[-69.62532,-16.91651],[-69.64338,-16.91161],[-69.64917,-16.91779],[-69.65076,-16.92703],[-69.65721,-16.9291],[-69.67303,-16.94232],[-69.69093,-16.95379],[-69.69815,-16.95463],[-69.6967,-16.97507],[-69.71624,-16.97112],[-69.74588,-16.9743],[-69.75174,-16.98115],[-69.75239,-16.99082],[-69.76562,-16.99551],[-69.77182,-17.00358],[-69.7909,-17.00444],[-69.80023,-17.00741],[-69.80124,-17.01358],[-69.80747,-17.01651],[-69.80949,-17.02483],[-69.81014,-17.04937],[-69.81288,-17.05965],[-69.81102,-17.07646],[-69.81612,-17.08872],[-69.82645,-17.09242],[-69.82331,-17.10201],[-69.84065,-17.11873],[-69.86627,-17.12551],[-69.8836,-17.12803],[-69.89304,-17.13824],[-69.90077,-17.15162],[-69.90685,-17.15479],[-69.90816,-17.16245],[-69.91709,-17.16816],[-69.92582,-17.17772],[-69.92967,-17.2022],[-69.9428,-17.19784],[-69.94656,-17.19259],[-69.96767,-17.17882],[-69.97312,-17.16564],[-69.98136,-17.16862],[-69.98736,-17.15771],[-69.98763,-17.15142],[-69.99902,-17.1487],[-70.01199,-17.14139],[-70.02029,-17.13179],[-70.02313,-17.12381],[-70.03105,-17.12321],[-70.03972,-17.12797],[-70.04579,-17.11156],[-70.0468,-17.09943],[-70.04157,-17.0774],[-70.04677,-17.05638],[-70.07315,-17.03491],[-70.08195,-17.02226],[-70.09964,-17.00601],[-70.09605,-16.99852],[-70.09848,-16.99459],[-70.09577,-16.98523],[-70.10601,-16.97712],[-70.11709,-16.97261],[-70.11878,-16.96011],[-70.12542,-16.95652],[-70.13342,-16.94527],[-70.14559,-16.94269],[-70.14662,-16.93873],[-70.13227,-16.93477],[-70.11806,-16.92376],[-70.11357,-16.91783],[-70.10943,-16.90313],[-70.1056,-16.89726],[-70.09428,-16.89092],[-70.09443,-16.87992],[-70.09111,-16.87092],[-70.09109,-16.81212],[-70.08161,-16.80173],[-70.06956,-16.79845],[-70.05733,-16.78653],[-70.05419,-16.77374],[-70.05712,-16.77016],[-70.05086,-16.76366],[-70.04417,-16.76282],[-70.03954,-16.75609],[-70.03221,-16.75292],[-70.03554,-16.74289],[-70.02689,-16.7403],[-70.01188,-16.74185],[-69.99556,-16.72978],[-69.99505,-16.72079],[-69.99835,-16.70784],[-70.01045,-16.6999],[-70.01177,-16.68848],[-69.99839,-16.67515],[-70.00147,-16.65657],[-70.02462,-16.63118],[-70.02273,-16.62413],[-70.02827,-16.6054],[-70.02415,-16.59681],[-70.01039,-16.59478],[-70.00347,-16.58562],[-69.99065,-16.5788],[-69.98662,-16.57095],[-69.97937,-16.56549],[-69.9644,-16.54654],[-69.96419,-16.53915],[-69.94195,-16.52952],[-69.93886,-16.52358],[-69.92842,-16.51519],[-69.92143,-16.51442],[-69.91539,-16.51964],[-69.90483,-16.51865],[-69.89528,-16.50901],[-69.89507,-16.50097],[-69.86727,-16.51356],[-69.86187,-16.52344],[-69.8497,-16.52491],[-69.83603,-16.53103],[-69.82753,-16.53861],[-69.81212,-16.53931],[-69.80619,-16.55193],[-69.80879,-16.56037],[-69.78487,-16.56857],[-69.77596,-16.56446],[-69.76295,-16.56851],[-69.75317,-16.57848],[-69.75145,-16.58877],[-69.74488,-16.60018],[-69.73252,-16.61042],[-69.72526,-16.61113],[-69.72268,-16.61585],[-69.71194,-16.62183],[-69.70506,-16.6293],[-69.69258,-16.62832],[-69.68823,-16.6359],[-69.69768,-16.64408],[-69.70224,-16.65884],[-69.70028,-16.66821],[-69.70845,-16.67944],[-69.70987,-16.69037],[-69.70395,-16.69502],[-69.69299,-16.69781],[-69.68881,-16.69437],[-69.67611,-16.69316],[-69.67354,-16.69627],[-69.65551,-16.70236],[-69.6522,-16.70755],[-69.63824,-16.70853],[-69.63441,-16.71454],[-69.6256,-16.71878],[-69.62436,-16.70315],[-69.61647,-16.69831],[-69.60648,-16.70139],[-69.58945,-16.7033],[-69.57945,-16.70037],[-69.55656,-16.70108],[-69.53682,-16.69846],[-69.51963,-16.71833],[-69.51814,-16.72799],[-69.51175,-16.7447]]]}},{"type":"Feature","properties":{"ubigeo":"210505","nombre":"Conduriri"},"geometry":{"type":"Polygon","coordinates":[[[-69.53682,-16.69846],[-69.55656,-16.70108],[-69.57945,-16.70037],[-69.58945,-16.7033],[-69.60648,-16.70139],[-69.61647,-16.69831],[-69.62436,-16.70315],[-69.6256,-16.71878],[-69.63441,-16.71454],[-69.63824,-16.70853],[-69.6522,-16.70755],[-69.65551,-16.70236],[-69.67354,-16.69627],[-69.67611,-16.69316],[-69.68881,-16.69437],[-69.69299,-16.69781],[-69.70395,-16.69502],[-69.70987,-16.69037],[-69.70845,-16.67944],[-69.70028,-16.66821],[-69.70224,-16.65884],[-69.69768,-16.64408],[-69.68823,-16.6359],[-69.69258,-16.62832],[-69.70506,-16.6293],[-69.71194,-16.62183],[-69.72268,-16.61585],[-69.72526,-16.61113],[-69.73252,-16.61042],[-69.74488,-16.60018],[-69.75145,-16.58877],[-69.75317,-16.57848],[-69.76295,-16.56851],[-69.77596,-16.56446],[-69.78487,-16.56857],[-69.80879,-16.56037],[-69.80619,-16.55193],[-69.81212,-16.53931],[-69.82753,-16.53861],[-69.83603,-16.53103],[-69.8497,-16.52491],[-69.86187,-16.52344],[-69.86727,-16.51356],[-69.89507,-16.50097],[-69.88631,-16.48438],[-69.87904,-16.47437],[-69.86687,-16.48353],[-69.8364,-16.48817],[-69.83001,-16.49103],[-69.82079,-16.49],[-69.80225,-16.49557],[-69.79302,-16.50476],[-69.79043,-16.51268],[-69.78449,-16.50605],[-69.78694,-16.49681],[-69.77963,-16.48395],[-69.77232,-16.47979],[-69.7701,-16.47019],[-69.76096,-16.45211],[-69.75753,-16.45014],[-69.75336,-16.45798],[-69.7444,-16.46262],[-69.72126,-16.45855],[-69.69122,-16.44644],[-69.68442,-16.43033],[-69.6725,-16.42237],[-69.66942,-16.41628],[-69.6607,-16.42593],[-69.6483,-16.42567],[-69.62578,-16.43034],[-69.62279,-16.42884],[-69.60319,-16.43826],[-69.58866,-16.43877],[-69.58293,-16.44296],[-69.56505,-16.43155],[-69.56223,-16.43165],[-69.55442,-16.44637],[-69.54286,-16.43284],[-69.54062,-16.42159],[-69.53155,-16.41918],[-69.52061,-16.43382],[-69.50316,-16.43424],[-69.50099,-16.42716],[-69.4838,-16.42874],[-69.48121,-16.43961],[-69.47514,-16.4468],[-69.47159,-16.4587],[-69.47094,-16.47462],[-69.47952,-16.48942],[-69.47382,-16.49876],[-69.47457,-16.50922],[-69.48599,-16.51899],[-69.48828,-16.52635],[-69.48552,-16.55583],[-69.49878,-16.56419],[-69.49318,-16.57229],[-69.49412,-16.5807],[-69.48891,-16.58881],[-69.49189,-16.61165],[-69.48784,-16.62494],[-69.49851,-16.63729],[-69.50021,-16.64479],[-69.49755,-16.65453],[-69.50175,-16.66059],[-69.51711,-16.65918],[-69.52425,-16.65478],[-69.53443,-16.66082],[-69.54215,-16.6706],[-69.54169,-16.67895],[-69.53619,-16.68735],[-69.53682,-16.69846]]]}},{"type":"Feature","properties":{"ubigeo":"210601","nombre":"Huancane"},"geometry":{"type":"Polygon","coordinates":[[[-69.76352,-15.06332],[-69.76771,-15.06666],[-69.77001,-15.07687],[-69.76453,-15.08703],[-69.73997,-15.11495],[-69.74641,-15.12929],[-69.73369,-15.13751],[-69.73262,-15.14711],[-69.73617,-15.16023],[-69.74074,-15.16212],[-69.74485,-15.17276],[-69.75239,-15.17469],[-69.7565,-15.18128],[-69.74661,-15.19333],[-69.72183,-15.20146],[-69.71887,-15.21007],[-69.71909,-15.2281],[-69.72503,-15.23393],[-69.71813,-15.24387],[-69.72825,-15.23906],[-69.73191,-15.24518],[-69.73719,-15.24318],[-69.74002,-15.25732],[-69.74977,-15.2498],[-69.7524,-15.25514],[-69.74446,-15.26438],[-69.75077,-15.26977],[-69.73455,-15.27093],[-69.74155,-15.2771],[-69.73437,-15.2756],[-69.72398,-15.27807],[-69.72441,-15.27313],[-69.71412,-15.2784],[-69.71579,-15.28077],[-69.70243,-15.29522],[-69.70903,-15.29862],[-69.69991,-15.30812],[-69.70687,-15.3059],[-69.71694,-15.30964],[-69.72441,-15.2965],[-69.74055,-15.28665],[-69.75094,-15.2832],[-69.75561,-15.28882],[-69.75332,-15.29407],[-69.75839,-15.29773],[-69.75247,-15.30183],[-69.76034,-15.30848],[-69.77394,-15.30624],[-69.7737,-15.31906],[-69.78259,-15.3186],[-69.79173,-15.30122],[-69.80275,-15.2964],[-69.81153,-15.28672],[-69.8163,-15.2876],[-69.81338,-15.27542],[-69.82943,-15.27705],[-69.8302,-15.28314],[-69.82039,-15.29267],[-69.82187,-15.30059],[-69.81842,-15.3068],[-69.82274,-15.30161],[-69.82474,-15.29104],[-69.83492,-15.27908],[-69.84522,-15.2744],[-69.85065,-15.2615],[-69.86136,-15.25654],[-69.8733,-15.25509],[-69.87525,-15.24428],[-69.8889,-15.24594],[-69.89685,-15.2443],[-69.90323,-15.23565],[-69.89611,-15.22447],[-69.89588,-15.21185],[-69.88774,-15.20693],[-69.88735,-15.20582],[-69.88007,-15.19797],[-69.88257,-15.19348],[-69.89693,-15.18082],[-69.90013,-15.1662],[-69.89663,-15.14675],[-69.89006,-15.13823],[-69.89112,-15.13004],[-69.87925,-15.11515],[-69.87661,-15.10876],[-69.87787,-15.09423],[-69.87494,-15.08719],[-69.88519,-15.08386],[-69.87665,-15.06978],[-69.86929,-15.06544],[-69.86731,-15.0519],[-69.86132,-15.05179],[-69.85014,-15.06347],[-69.83923,-15.06894],[-69.84343,-15.07937],[-69.82456,-15.08206],[-69.81846,-15.08846],[-69.80607,-15.09419],[-69.81283,-15.07933],[-69.80549,-15.06938],[-69.79764,-15.06859],[-69.79451,-15.06392],[-69.79641,-15.04932],[-69.79201,-15.04792],[-69.78515,-15.05026],[-69.78225,-15.05628],[-69.76352,-15.06332]]]}},{"type":"Feature","properties":{"ubigeo":"210602","nombre":"Cojata"},"geometry":{"type":"Polygon","coordinates":[[[-69.1763,-15.26136],[-69.17321,-15.25577],[-69.18495,-15.24399],[-69.18942,-15.23118],[-69.19908,-15.22556],[-69.20991,-15.22359],[-69.2269,-15.21534],[-69.23278,-15.20579],[-69.2315,-15.19606],[-69.24063,-15.18684],[-69.25381,-15.18675],[-69.27765,-15.17934],[-69.28551,-15.16643],[-69.29175,-15.16227],[-69.31458,-15.17654],[-69.3302,-15.17711],[-69.34326,-15.18324],[-69.34916,-15.17784],[-69.35545,-15.15437],[-69.3599,-15.1481],[-69.36969,-15.14362],[-69.38073,-15.14658],[-69.38785,-15.14251],[-69.41742,-15.1381],[-69.40667,-15.12957],[-69.39682,-15.1261],[-69.3938,-15.11751],[-69.40741,-15.10493],[-69.42137,-15.09813],[-69.42249,-15.0918],[-69.43433,-15.08696],[-69.44072,-15.08817],[-69.46098,-15.08521],[-69.4636,-15.08045],[-69.47571,-15.07585],[-69.47853,-15.07087],[-69.4916,-15.06488],[-69.50159,-15.06769],[-69.51295,-15.07761],[-69.51635,-15.07381],[-69.53531,-15.06394],[-69.54024,-15.05878],[-69.5425,-15.04916],[-69.55396,-15.04262],[-69.57788,-15.04423],[-69.58087,-15.04639],[-69.57519,-15.0257],[-69.56966,-15.02285],[-69.57131,-15.00982],[-69.56634,-15.0031],[-69.54954,-14.99625],[-69.53387,-14.99512],[-69.52538,-14.99141],[-69.51957,-14.98139],[-69.51782,-14.96968],[-69.51149,-14.95715],[-69.51088,-14.95031],[-69.52535,-14.94546],[-69.52703,-14.94083],[-69.53525,-14.93717],[-69.54179,-14.92943],[-69.53952,-14.91746],[-69.51766,-14.87617],[-69.5296,-14.85797],[-69.52966,-14.84296],[-69.51632,-14.82078],[-69.51095,-14.82086],[-69.50092,-14.79881],[-69.51171,-14.78206],[-69.5117,-14.7735],[-69.49755,-14.76374],[-69.49305,-14.76319],[-69.48029,-14.77217],[-69.47154,-14.7734],[-69.46593,-14.77032],[-69.45722,-14.78364],[-69.45138,-14.78532],[-69.44812,-14.79311],[-69.44797,-14.80485],[-69.43861,-14.8255],[-69.435,-14.83868],[-69.41565,-14.84576],[-69.41228,-14.85131],[-69.41028,-14.8385],[-69.4038,-14.82566],[-69.3873,-14.81602],[-69.3538,-14.80167],[-69.35561,-14.82834],[-69.35782,-14.83829],[-69.35679,-14.85198],[-69.34387,-14.88273],[-69.35384,-14.92441],[-69.35769,-14.93024],[-69.36372,-14.93119],[-69.35956,-14.93709],[-69.36158,-14.94919],[-69.36006,-14.96046],[-69.355,-14.9706],[-69.34572,-14.9829],[-69.32949,-14.99649],[-69.32488,-15.00479],[-69.31644,-15.0364],[-69.31028,-15.04293],[-69.29923,-15.0495],[-69.3041,-15.05363],[-69.29937,-15.06005],[-69.29756,-15.07031],[-69.29048,-15.07409],[-69.28522,-15.09457],[-69.27039,-15.10523],[-69.26444,-15.11626],[-69.26373,-15.11041],[-69.24334,-15.11241],[-69.24338,-15.12221],[-69.23577,-15.12025],[-69.23367,-15.12685],[-69.22626,-15.13082],[-69.2246,-15.13632],[-69.21788,-15.13597],[-69.21557,-15.14151],[-69.20725,-15.14699],[-69.19527,-15.1587],[-69.19162,-15.16496],[-69.17527,-15.1794],[-69.15747,-15.20504],[-69.15401,-15.21511],[-69.14001,-15.22373],[-69.13153,-15.23399],[-69.13252,-15.24382],[-69.12171,-15.25311],[-69.12013,-15.26008],[-69.13972,-15.25668],[-69.15293,-15.26853],[-69.1763,-15.26136]]]}},{"type":"Feature","properties":{"ubigeo":"210603","nombre":"Huatasani"},"geometry":{"type":"Polygon","coordinates":[[[-69.73094,-14.99769],[-69.72507,-15.00396],[-69.73299,-15.01078],[-69.73553,-15.0204],[-69.74593,-15.02488],[-69.7621,-15.02466],[-69.76934,-15.03961],[-69.77794,-15.03777],[-69.79201,-15.04792],[-69.79641,-15.04932],[-69.79451,-15.06392],[-69.79764,-15.06859],[-69.80549,-15.06938],[-69.81283,-15.07933],[-69.80607,-15.09419],[-69.81846,-15.08846],[-69.82456,-15.08206],[-69.84343,-15.07937],[-69.83923,-15.06894],[-69.85014,-15.06347],[-69.86132,-15.05179],[-69.86731,-15.0519],[-69.85133,-15.04242],[-69.85235,-15.03317],[-69.84322,-15.01915],[-69.84921,-15.01365],[-69.84852,-15.00758],[-69.84082,-14.99878],[-69.83343,-14.99716],[-69.8334,-14.98765],[-69.82754,-14.98183],[-69.8175,-14.98728],[-69.79792,-14.9778],[-69.80373,-14.9659],[-69.80095,-14.95876],[-69.78353,-14.95453],[-69.77482,-14.95963],[-69.7649,-14.96336],[-69.75873,-14.96898],[-69.75958,-14.97576],[-69.74592,-14.98934],[-69.74586,-14.99447],[-69.73094,-14.99769]]]}},{"type":"Feature","properties":{"ubigeo":"210604","nombre":"Inchupalla"},"geometry":{"type":"Polygon","coordinates":[[[-69.58087,-15.04639],[-69.58232,-15.05206],[-69.60162,-15.04401],[-69.62043,-15.05078],[-69.63769,-15.06414],[-69.65021,-15.06829],[-69.66566,-15.06242],[-69.68297,-15.06597],[-69.68931,-15.06225],[-69.70567,-15.08067],[-69.71587,-15.08262],[-69.72029,-15.09256],[-69.72662,-15.09315],[-69.72932,-15.0884],[-69.74056,-15.08616],[-69.74178,-15.08219],[-69.75438,-15.07853],[-69.75884,-15.06622],[-69.76352,-15.06332],[-69.78225,-15.05628],[-69.78515,-15.05026],[-69.79201,-15.04792],[-69.77794,-15.03777],[-69.76934,-15.03961],[-69.7621,-15.02466],[-69.74593,-15.02488],[-69.73553,-15.0204],[-69.73299,-15.01078],[-69.72507,-15.00396],[-69.73094,-14.99769],[-69.72539,-14.98493],[-69.72937,-14.97592],[-69.71276,-14.9604],[-69.71239,-14.95419],[-69.70554,-14.95794],[-69.69683,-14.95299],[-69.67493,-14.95153],[-69.66088,-14.94351],[-69.65367,-14.94404],[-69.6365,-14.95505],[-69.62771,-14.94854],[-69.62224,-14.94971],[-69.62331,-14.93763],[-69.61538,-14.92928],[-69.6138,-14.91396],[-69.58291,-14.91372],[-69.57634,-14.91722],[-69.56753,-14.91595],[-69.5625,-14.92304],[-69.55157,-14.92855],[-69.54179,-14.92943],[-69.53525,-14.93717],[-69.52703,-14.94083],[-69.52535,-14.94546],[-69.51088,-14.95031],[-69.51149,-14.95715],[-69.51782,-14.96968],[-69.51957,-14.98139],[-69.52538,-14.99141],[-69.53387,-14.99512],[-69.54954,-14.99625],[-69.56634,-15.0031],[-69.57131,-15.00982],[-69.56966,-15.02285],[-69.57519,-15.0257],[-69.58087,-15.04639]]]}},{"type":"Feature","properties":{"ubigeo":"210605","nombre":"Pusi"},"geometry":{"type":"Polygon","coordinates":[[[-70.05101,-15.35427],[-70.04705,-15.3702],[-70.03522,-15.3809],[-70.03174,-15.39083],[-70.02305,-15.39906],[-70.01705,-15.39817],[-70.00527,-15.40246],[-69.99765,-15.39377],[-69.98386,-15.39323],[-69.97498,-15.3845],[-69.97927,-15.37659],[-69.96905,-15.37866],[-69.96199,-15.3762],[-69.95571,-15.38188],[-69.92841,-15.38347],[-69.93848,-15.38978],[-69.94289,-15.39668],[-69.93219,-15.41151],[-69.93759,-15.41526],[-69.92578,-15.43372],[-69.91944,-15.43664],[-69.91829,-15.44581],[-69.92211,-15.45485],[-69.91386,-15.46487],[-69.91087,-15.4728],[-69.89694,-15.49463],[-69.90694,-15.50777],[-69.93198,-15.50803],[-69.94708,-15.51444],[-69.9505,-15.52244],[-69.95845,-15.53048],[-69.96831,-15.53571],[-69.97276,-15.53598],[-69.99646,-15.50625],[-69.99705,-15.49525],[-69.99015,-15.48871],[-69.9953,-15.48158],[-70.00129,-15.48004],[-70.00378,-15.47041],[-70.0173,-15.46162],[-70.02559,-15.46008],[-70.02904,-15.45559],[-70.02599,-15.44724],[-70.0272,-15.43754],[-70.04215,-15.44687],[-70.05324,-15.44579],[-70.05986,-15.44949],[-70.08404,-15.45524],[-70.0824,-15.44952],[-70.07519,-15.44474],[-70.07819,-15.43876],[-70.07113,-15.42524],[-70.08137,-15.40473],[-70.07872,-15.39835],[-70.07112,-15.39921],[-70.07878,-15.3876],[-70.09076,-15.38997],[-70.09471,-15.38368],[-70.09099,-15.37911],[-70.06437,-15.35295],[-70.05101,-15.35427]]]}},{"type":"Feature","properties":{"ubigeo":"210606","nombre":"Rosaspata"},"geometry":{"type":"Polygon","coordinates":[[[-69.34326,-15.18324],[-69.35193,-15.18829],[-69.35839,-15.20329],[-69.35639,-15.20736],[-69.362,-15.21407],[-69.37193,-15.21695],[-69.38679,-15.21352],[-69.40108,-15.2128],[-69.40143,-15.21674],[-69.41147,-15.2292],[-69.42454,-15.23314],[-69.43356,-15.24084],[-69.44338,-15.24441],[-69.4469,-15.25034],[-69.4471,-15.26642],[-69.45638,-15.26566],[-69.48607,-15.27158],[-69.49545,-15.25932],[-69.50858,-15.24867],[-69.52193,-15.25027],[-69.52586,-15.26847],[-69.54749,-15.28496],[-69.54365,-15.29053],[-69.54109,-15.30681],[-69.54843,-15.30868],[-69.56687,-15.29806],[-69.61027,-15.27759],[-69.6227,-15.26945],[-69.61814,-15.2582],[-69.61944,-15.24713],[-69.61636,-15.24248],[-69.6057,-15.24014],[-69.60193,-15.22447],[-69.6083,-15.20385],[-69.59789,-15.20494],[-69.59467,-15.19943],[-69.57101,-15.19557],[-69.56578,-15.19857],[-69.55909,-15.18219],[-69.56001,-15.17674],[-69.55427,-15.16974],[-69.5464,-15.16969],[-69.53981,-15.17705],[-69.52814,-15.17729],[-69.52467,-15.17276],[-69.53137,-15.16677],[-69.52777,-15.15795],[-69.51152,-15.1575],[-69.50455,-15.16231],[-69.49734,-15.14621],[-69.47671,-15.13795],[-69.45558,-15.1367],[-69.45218,-15.13218],[-69.43643,-15.13225],[-69.43314,-15.13551],[-69.42361,-15.13439],[-69.41742,-15.1381],[-69.38785,-15.14251],[-69.38073,-15.14658],[-69.36969,-15.14362],[-69.3599,-15.1481],[-69.35545,-15.15437],[-69.34916,-15.17784],[-69.34326,-15.18324]]]}},{"type":"Feature","properties":{"ubigeo":"210607","nombre":"Taraco"},"geometry":{"type":"Polygon","coordinates":[[[-69.81842,-15.3068],[-69.8238,-15.30246],[-69.82635,-15.29151],[-69.83296,-15.28151],[-69.8417,-15.28651],[-69.84441,-15.29369],[-69.85644,-15.29245],[-69.85736,-15.30003],[-69.86743,-15.30128],[-69.86641,-15.29346],[-69.87002,-15.29026],[-69.87976,-15.30119],[-69.89429,-15.29511],[-69.89791,-15.30292],[-69.89549,-15.30852],[-69.90107,-15.31427],[-69.88983,-15.32118],[-69.88941,-15.33172],[-69.87148,-15.33457],[-69.86619,-15.34258],[-69.87745,-15.34854],[-69.8809,-15.34269],[-69.89296,-15.34148],[-69.88963,-15.34767],[-69.87568,-15.35088],[-69.87882,-15.35717],[-69.87229,-15.35957],[-69.87295,-15.36603],[-69.85882,-15.35793],[-69.84419,-15.353],[-69.84337,-15.34794],[-69.83105,-15.35287],[-69.82189,-15.34704],[-69.81018,-15.34971],[-69.80693,-15.3451],[-69.792,-15.35174],[-69.79966,-15.358],[-69.80893,-15.35239],[-69.82368,-15.35542],[-69.83371,-15.36038],[-69.83948,-15.36775],[-69.85443,-15.36026],[-69.86268,-15.36277],[-69.87367,-15.37707],[-69.87673,-15.36168],[-69.89744,-15.35971],[-69.90519,-15.35603],[-69.90642,-15.36735],[-69.92539,-15.36433],[-69.93349,-15.36646],[-69.92841,-15.38347],[-69.95571,-15.38188],[-69.96199,-15.3762],[-69.96905,-15.37866],[-69.97927,-15.37659],[-69.98565,-15.37005],[-69.99038,-15.3556],[-69.98876,-15.346],[-69.99929,-15.33243],[-70.00574,-15.32752],[-70.0029,-15.29581],[-70.00586,-15.29241],[-69.99706,-15.27575],[-69.96315,-15.25104],[-69.94086,-15.23826],[-69.9302,-15.24272],[-69.92074,-15.2325],[-69.90323,-15.23565],[-69.89685,-15.2443],[-69.8889,-15.24594],[-69.87525,-15.24428],[-69.8733,-15.25509],[-69.86136,-15.25654],[-69.85065,-15.2615],[-69.84522,-15.2744],[-69.83492,-15.27908],[-69.82474,-15.29104],[-69.82274,-15.30161],[-69.81842,-15.3068]]]}},{"type":"Feature","properties":{"ubigeo":"210608","nombre":"Vilque Chico"},"geometry":{"type":"Polygon","coordinates":[[[-69.6227,-15.26945],[-69.63806,-15.26148],[-69.64527,-15.26115],[-69.65511,-15.27137],[-69.66952,-15.25129],[-69.67495,-15.25087],[-69.67742,-15.24304],[-69.69921,-15.23364],[-69.71055,-15.23347],[-69.71813,-15.24387],[-69.72503,-15.23393],[-69.71909,-15.2281],[-69.71887,-15.21007],[-69.72183,-15.20146],[-69.74661,-15.19333],[-69.7565,-15.18128],[-69.75239,-15.17469],[-69.74485,-15.17276],[-69.74074,-15.16212],[-69.73617,-15.16023],[-69.73262,-15.14711],[-69.73369,-15.13751],[-69.74641,-15.12929],[-69.73997,-15.11495],[-69.76453,-15.08703],[-69.77001,-15.07687],[-69.76771,-15.06666],[-69.76352,-15.06332],[-69.75884,-15.06622],[-69.75438,-15.07853],[-69.74178,-15.08219],[-69.74056,-15.08616],[-69.72932,-15.0884],[-69.72662,-15.09315],[-69.72029,-15.09256],[-69.71587,-15.08262],[-69.70567,-15.08067],[-69.68931,-15.06225],[-69.68297,-15.06597],[-69.66566,-15.06242],[-69.65021,-15.06829],[-69.63769,-15.06414],[-69.62043,-15.05078],[-69.60162,-15.04401],[-69.58232,-15.05206],[-69.58087,-15.04639],[-69.57788,-15.04423],[-69.55396,-15.04262],[-69.5425,-15.04916],[-69.54024,-15.05878],[-69.53531,-15.06394],[-69.51635,-15.07381],[-69.51295,-15.07761],[-69.50159,-15.06769],[-69.4916,-15.06488],[-69.47853,-15.07087],[-69.47571,-15.07585],[-69.4636,-15.08045],[-69.46098,-15.08521],[-69.44072,-15.08817],[-69.43433,-15.08696],[-69.42249,-15.0918],[-69.42137,-15.09813],[-69.40741,-15.10493],[-69.3938,-15.11751],[-69.39682,-15.1261],[-69.40667,-15.12957],[-69.41742,-15.1381],[-69.42361,-15.13439],[-69.43314,-15.13551],[-69.43643,-15.13225],[-69.45218,-15.13218],[-69.45558,-15.1367],[-69.47671,-15.13795],[-69.49734,-15.14621],[-69.50455,-15.16231],[-69.51152,-15.1575],[-69.52777,-15.15795],[-69.53137,-15.16677],[-69.52467,-15.17276],[-69.52814,-15.17729],[-69.53981,-15.17705],[-69.5464,-15.16969],[-69.55427,-15.16974],[-69.56001,-15.17674],[-69.55909,-15.18219],[-69.56578,-15.19857],[-69.57101,-15.19557],[-69.59467,-15.19943],[-69.59789,-15.20494],[-69.6083,-15.20385],[-69.60193,-15.22447],[-69.6057,-15.24014],[-69.61636,-15.24248],[-69.61944,-15.24713],[-69.61814,-15.2582],[-69.6227,-15.26945]]]}},{"type":"Feature","properties":{"ubigeo":"210701","nombre":"Lampa"},"geometry":{"type":"Polygon","coordinates":[[[-70.29237,-15.35422],[-70.28199,-15.3583],[-70.26687,-15.37494],[-70.2687,-15.39548],[-70.27515,-15.40212],[-70.30533,-15.38612],[-70.31539,-15.39579],[-70.32753,-15.39304],[-70.3336,-15.40024],[-70.33157,-15.40506],[-70.33991,-15.40961],[-70.3411,-15.41516],[-70.33761,-15.42665],[-70.32432,-15.4387],[-70.32778,-15.44559],[-70.31583,-15.45707],[-70.30681,-15.45899],[-70.30105,-15.46812],[-70.28748,-15.46825],[-70.29337,-15.47725],[-70.29588,-15.47597],[-70.30488,-15.48694],[-70.31099,-15.48464],[-70.32353,-15.48631],[-70.32781,-15.48084],[-70.34367,-15.47435],[-70.35947,-15.48731],[-70.36553,-15.49629],[-70.37776,-15.50167],[-70.39105,-15.497],[-70.40002,-15.49969],[-70.40719,-15.50538],[-70.42435,-15.50447],[-70.45226,-15.50035],[-70.46901,-15.50237],[-70.51397,-15.48671],[-70.52434,-15.47998],[-70.51908,-15.47651],[-70.51306,-15.4589],[-70.51422,-15.43232],[-70.52461,-15.42804],[-70.53185,-15.42062],[-70.52734,-15.41283],[-70.53387,-15.39959],[-70.52973,-15.38291],[-70.51107,-15.38244],[-70.51317,-15.37458],[-70.5071,-15.35677],[-70.49799,-15.34277],[-70.48127,-15.33737],[-70.4713,-15.32809],[-70.46661,-15.31317],[-70.47437,-15.30986],[-70.48633,-15.28936],[-70.49705,-15.28232],[-70.49411,-15.27184],[-70.4967,-15.2581],[-70.50186,-15.25431],[-70.51141,-15.25702],[-70.52262,-15.24886],[-70.51728,-15.23236],[-70.50692,-15.22626],[-70.49465,-15.21963],[-70.48698,-15.21847],[-70.47452,-15.21004],[-70.46569,-15.20875],[-70.45595,-15.21468],[-70.43843,-15.20692],[-70.43787,-15.1985],[-70.42367,-15.18813],[-70.41878,-15.19483],[-70.40443,-15.2035],[-70.3964,-15.19467],[-70.38929,-15.20015],[-70.37891,-15.19174],[-70.37282,-15.19119],[-70.36376,-15.18243],[-70.3574,-15.17045],[-70.35727,-15.18325],[-70.35332,-15.19342],[-70.35032,-15.21858],[-70.3402,-15.23226],[-70.33376,-15.23666],[-70.32691,-15.25446],[-70.31557,-15.26383],[-70.3171,-15.27897],[-70.30988,-15.2841],[-70.31418,-15.28709],[-70.33665,-15.28529],[-70.32648,-15.3054],[-70.31389,-15.32405],[-70.3154,-15.34066],[-70.30498,-15.34953],[-70.29237,-15.35422]]]}},{"type":"Feature","properties":{"ubigeo":"210702","nombre":"Cabanilla"},"geometry":{"type":"Polygon","coordinates":[[[-70.26898,-15.56051],[-70.28162,-15.56811],[-70.29323,-15.58754],[-70.30143,-15.58847],[-70.31202,-15.60377],[-70.31909,-15.60303],[-70.32237,-15.61285],[-70.3292,-15.61981],[-70.34082,-15.632],[-70.34672,-15.63249],[-70.34902,-15.63877],[-70.3559,-15.64093],[-70.36661,-15.66429],[-70.37573,-15.66968],[-70.39185,-15.67134],[-70.39914,-15.67589],[-70.41303,-15.67346],[-70.42918,-15.67727],[-70.43957,-15.67508],[-70.46004,-15.66102],[-70.46514,-15.65435],[-70.45304,-15.64813],[-70.46674,-15.63624],[-70.47232,-15.63391],[-70.47773,-15.62591],[-70.48962,-15.61807],[-70.49164,-15.61093],[-70.49001,-15.59985],[-70.49579,-15.58667],[-70.49621,-15.57026],[-70.49294,-15.54902],[-70.48645,-15.53665],[-70.49097,-15.52701],[-70.48827,-15.51548],[-70.50379,-15.51171],[-70.51133,-15.50175],[-70.51769,-15.49978],[-70.51397,-15.48671],[-70.46901,-15.50237],[-70.45226,-15.50035],[-70.42435,-15.50447],[-70.40719,-15.50538],[-70.40002,-15.49969],[-70.39105,-15.497],[-70.37776,-15.50167],[-70.36553,-15.49629],[-70.35947,-15.48731],[-70.34367,-15.47435],[-70.32781,-15.48084],[-70.32353,-15.48631],[-70.31099,-15.48464],[-70.30488,-15.48694],[-70.29588,-15.47597],[-70.29337,-15.47725],[-70.29674,-15.48874],[-70.2823,-15.49949],[-70.27081,-15.51094],[-70.27297,-15.52197],[-70.26798,-15.52676],[-70.26544,-15.53713],[-70.26061,-15.54038],[-70.25733,-15.55155],[-70.26898,-15.56051]]]}},{"type":"Feature","properties":{"ubigeo":"210703","nombre":"Calapuja"},"geometry":{"type":"Polygon","coordinates":[[[-70.15924,-15.35484],[-70.16975,-15.36345],[-70.16962,-15.36647],[-70.18074,-15.37699],[-70.19063,-15.36656],[-70.20211,-15.36092],[-70.21167,-15.36052],[-70.21499,-15.35152],[-70.2317,-15.33705],[-70.25397,-15.3302],[-70.26805,-15.32145],[-70.27574,-15.31393],[-70.27764,-15.33696],[-70.28641,-15.33816],[-70.28765,-15.34826],[-70.29237,-15.35422],[-70.30498,-15.34953],[-70.3154,-15.34066],[-70.31389,-15.32405],[-70.32648,-15.3054],[-70.33665,-15.28529],[-70.31418,-15.28709],[-70.30988,-15.2841],[-70.28401,-15.28046],[-70.27225,-15.28015],[-70.26743,-15.2667],[-70.25623,-15.26505],[-70.25382,-15.25838],[-70.23882,-15.25157],[-70.22739,-15.25197],[-70.20903,-15.25192],[-70.20699,-15.2857],[-70.20366,-15.2994],[-70.17951,-15.30036],[-70.17377,-15.30298],[-70.16049,-15.29261],[-70.15457,-15.29773],[-70.14809,-15.31263],[-70.1578,-15.32596],[-70.16279,-15.32453],[-70.15924,-15.35484]]]}},{"type":"Feature","properties":{"ubigeo":"210704","nombre":"Nicasio"},"geometry":{"type":"Polygon","coordinates":[[[-70.22739,-15.25197],[-70.23882,-15.25157],[-70.25382,-15.25838],[-70.25623,-15.26505],[-70.26743,-15.2667],[-70.27225,-15.28015],[-70.28401,-15.28046],[-70.30988,-15.2841],[-70.3171,-15.27897],[-70.31557,-15.26383],[-70.32691,-15.25446],[-70.33376,-15.23666],[-70.3402,-15.23226],[-70.35032,-15.21858],[-70.35332,-15.19342],[-70.35727,-15.18325],[-70.3574,-15.17045],[-70.34967,-15.16767],[-70.34526,-15.16622],[-70.30856,-15.16609],[-70.27879,-15.16725],[-70.26598,-15.16927],[-70.25109,-15.18233],[-70.22969,-15.20127],[-70.22597,-15.21973],[-70.22739,-15.25197]]]}},{"type":"Feature","properties":{"ubigeo":"210705","nombre":"Ocuviri"},"geometry":{"type":"Polygon","coordinates":[[[-70.70789,-15.12663],[-70.71107,-15.14088],[-70.7216,-15.15362],[-70.72026,-15.16542],[-70.72365,-15.17392],[-70.72121,-15.18292],[-70.71301,-15.18845],[-70.70307,-15.20826],[-70.71218,-15.21482],[-70.72718,-15.21719],[-70.73239,-15.23843],[-70.75369,-15.24687],[-70.76859,-15.27056],[-70.77378,-15.29245],[-70.77029,-15.30559],[-70.76515,-15.3125],[-70.75846,-15.32207],[-70.7703,-15.34621],[-70.78525,-15.34443],[-70.79858,-15.35091],[-70.80754,-15.36108],[-70.81387,-15.35654],[-70.81895,-15.34485],[-70.82364,-15.34854],[-70.83893,-15.3528],[-70.84452,-15.36121],[-70.85191,-15.35895],[-70.86666,-15.36024],[-70.90071,-15.34727],[-70.91868,-15.35018],[-70.92633,-15.34793],[-70.93627,-15.3286],[-70.94679,-15.33019],[-70.95789,-15.32538],[-70.9608,-15.31998],[-70.95101,-15.30663],[-70.9523,-15.28984],[-70.96076,-15.28119],[-70.97342,-15.27503],[-70.97677,-15.26095],[-70.98299,-15.25603],[-70.98528,-15.24903],[-70.97032,-15.23306],[-70.9625,-15.21564],[-70.96679,-15.21093],[-70.96779,-15.20136],[-70.97291,-15.19655],[-70.9719,-15.17988],[-70.97623,-15.17564],[-70.97605,-15.15995],[-70.98214,-15.14742],[-70.97754,-15.14466],[-70.97706,-15.12684],[-70.98032,-15.10635],[-70.99436,-15.09338],[-70.9936,-15.08459],[-70.98693,-15.07808],[-70.97423,-15.07154],[-70.97144,-15.06688],[-70.9611,-15.06122],[-70.93994,-15.05911],[-70.93622,-15.0518],[-70.92361,-15.04835],[-70.90432,-15.03835],[-70.89743,-15.03737],[-70.88088,-15.04541],[-70.86597,-15.0382],[-70.85835,-15.02516],[-70.84446,-15.01784],[-70.8344,-15.00132],[-70.81262,-15.01695],[-70.78757,-15.02661],[-70.77377,-15.03359],[-70.76588,-15.02826],[-70.76082,-15.03086],[-70.75775,-15.04517],[-70.75294,-15.04647],[-70.74913,-15.04654],[-70.74112,-15.05709],[-70.72962,-15.06634],[-70.72746,-15.07335],[-70.71745,-15.07563],[-70.70904,-15.08589],[-70.7075,-15.1025],[-70.71144,-15.11224],[-70.70789,-15.12663]]]}},{"type":"Feature","properties":{"ubigeo":"210706","nombre":"Palca"},"geometry":{"type":"Polygon","coordinates":[[[-70.53185,-15.42062],[-70.54878,-15.41214],[-70.55669,-15.414],[-70.56612,-15.41158],[-70.57513,-15.41858],[-70.59232,-15.40911],[-70.59413,-15.39815],[-70.6115,-15.38005],[-70.61757,-15.3829],[-70.64266,-15.38725],[-70.65206,-15.37219],[-70.66234,-15.37179],[-70.67535,-15.37768],[-70.68221,-15.36808],[-70.69854,-15.36647],[-70.70818,-15.34595],[-70.7056,-15.33719],[-70.70772,-15.32633],[-70.72975,-15.31938],[-70.73936,-15.30707],[-70.74858,-15.30586],[-70.76515,-15.3125],[-70.77029,-15.30559],[-70.77378,-15.29245],[-70.76859,-15.27056],[-70.75369,-15.24687],[-70.73239,-15.23843],[-70.70966,-15.24371],[-70.70268,-15.24261],[-70.6965,-15.23301],[-70.67319,-15.22055],[-70.668,-15.2116],[-70.65989,-15.20891],[-70.65137,-15.21218],[-70.64519,-15.2222],[-70.63984,-15.22104],[-70.62748,-15.20474],[-70.61993,-15.21196],[-70.61051,-15.21396],[-70.60438,-15.22076],[-70.59368,-15.2142],[-70.57301,-15.20525],[-70.56255,-15.19159],[-70.55381,-15.18952],[-70.54877,-15.19486],[-70.54048,-15.19118],[-70.53884,-15.18561],[-70.53139,-15.19052],[-70.52289,-15.20203],[-70.52026,-15.20975],[-70.50889,-15.21589],[-70.50692,-15.22626],[-70.51728,-15.23236],[-70.52262,-15.24886],[-70.51141,-15.25702],[-70.50186,-15.25431],[-70.4967,-15.2581],[-70.49411,-15.27184],[-70.49705,-15.28232],[-70.48633,-15.28936],[-70.47437,-15.30986],[-70.46661,-15.31317],[-70.4713,-15.32809],[-70.48127,-15.33737],[-70.49799,-15.34277],[-70.5071,-15.35677],[-70.51317,-15.37458],[-70.51107,-15.38244],[-70.52973,-15.38291],[-70.53387,-15.39959],[-70.52734,-15.41283],[-70.53185,-15.42062]]]}},{"type":"Feature","properties":{"ubigeo":"210707","nombre":"Paratia"},"geometry":{"type":"Polygon","coordinates":[[[-70.52434,-15.47998],[-70.53623,-15.49751],[-70.53478,-15.50452],[-70.53985,-15.52012],[-70.55116,-15.53761],[-70.56017,-15.54543],[-70.56458,-15.55482],[-70.58826,-15.56235],[-70.6,-15.57117],[-70.60728,-15.56034],[-70.61267,-15.56246],[-70.6217,-15.56001],[-70.61972,-15.54979],[-70.63023,-15.54826],[-70.63564,-15.53909],[-70.64089,-15.55453],[-70.64934,-15.55848],[-70.66153,-15.57545],[-70.66626,-15.57834],[-70.68005,-15.56418],[-70.69185,-15.56123],[-70.69719,-15.5628],[-70.71821,-15.55694],[-70.72995,-15.5568],[-70.73741,-15.56985],[-70.73602,-15.58327],[-70.74332,-15.58581],[-70.75733,-15.5836],[-70.77408,-15.58972],[-70.78446,-15.58562],[-70.8061,-15.59184],[-70.81823,-15.59347],[-70.82785,-15.58086],[-70.82237,-15.5678],[-70.8252,-15.56221],[-70.84167,-15.54968],[-70.84507,-15.54515],[-70.84701,-15.53046],[-70.85535,-15.52165],[-70.86285,-15.52354],[-70.86693,-15.51688],[-70.87719,-15.51433],[-70.88466,-15.5021],[-70.89679,-15.50115],[-70.89085,-15.48473],[-70.88525,-15.47547],[-70.87266,-15.46931],[-70.86582,-15.47019],[-70.85916,-15.46011],[-70.85026,-15.4539],[-70.85006,-15.44557],[-70.84293,-15.43404],[-70.83195,-15.43198],[-70.81962,-15.41876],[-70.81549,-15.40403],[-70.8097,-15.40105],[-70.8091,-15.38644],[-70.81247,-15.37817],[-70.80791,-15.37187],[-70.80754,-15.36108],[-70.79858,-15.35091],[-70.78525,-15.34443],[-70.7703,-15.34621],[-70.75846,-15.32207],[-70.76515,-15.3125],[-70.74858,-15.30586],[-70.73936,-15.30707],[-70.72975,-15.31938],[-70.70772,-15.32633],[-70.7056,-15.33719],[-70.70818,-15.34595],[-70.69854,-15.36647],[-70.68221,-15.36808],[-70.67535,-15.37768],[-70.66234,-15.37179],[-70.65206,-15.37219],[-70.64266,-15.38725],[-70.61757,-15.3829],[-70.6115,-15.38005],[-70.59413,-15.39815],[-70.59232,-15.40911],[-70.57513,-15.41858],[-70.56612,-15.41158],[-70.55669,-15.414],[-70.54878,-15.41214],[-70.53185,-15.42062],[-70.52461,-15.42804],[-70.51422,-15.43232],[-70.51306,-15.4589],[-70.51908,-15.47651],[-70.52434,-15.47998]]]}},{"type":"Feature","properties":{"ubigeo":"210708","nombre":"Pucara"},"geometry":{"type":"Polygon","coordinates":[[[-70.36284,-15.01872],[-70.35414,-15.02781],[-70.34507,-15.03197],[-70.3475,-15.03475],[-70.3628,-15.03227],[-70.36364,-15.03758],[-70.35478,-15.0395],[-70.36005,-15.05059],[-70.35484,-15.06184],[-70.34462,-15.0727],[-70.35164,-15.09191],[-70.35847,-15.10671],[-70.36017,-15.11664],[-70.34834,-15.11554],[-70.34718,-15.12001],[-70.35909,-15.12294],[-70.35789,-15.13],[-70.34726,-15.13588],[-70.3524,-15.14077],[-70.36063,-15.13975],[-70.35972,-15.14499],[-70.35179,-15.14654],[-70.34913,-15.1554],[-70.35701,-15.16042],[-70.34967,-15.16767],[-70.3574,-15.17045],[-70.36376,-15.18243],[-70.37282,-15.19119],[-70.37891,-15.19174],[-70.38929,-15.20015],[-70.3964,-15.19467],[-70.40443,-15.2035],[-70.41878,-15.19483],[-70.42367,-15.18813],[-70.43787,-15.1985],[-70.43843,-15.20692],[-70.45595,-15.21468],[-70.46569,-15.20875],[-70.47452,-15.21004],[-70.48698,-15.21847],[-70.49465,-15.21963],[-70.50692,-15.22626],[-70.50889,-15.21589],[-70.52026,-15.20975],[-70.52289,-15.20203],[-70.53139,-15.19052],[-70.53884,-15.18561],[-70.54068,-15.17809],[-70.52782,-15.16567],[-70.52322,-15.16493],[-70.52008,-15.1513],[-70.51276,-15.14922],[-70.51314,-15.14424],[-70.52467,-15.14271],[-70.53361,-15.13324],[-70.53334,-15.0949],[-70.54368,-15.08466],[-70.54867,-15.08662],[-70.55256,-15.06364],[-70.54772,-15.05102],[-70.5388,-15.04314],[-70.53184,-15.02795],[-70.53241,-15.01356],[-70.53916,-15.00704],[-70.54181,-14.9919],[-70.5333,-14.98245],[-70.51366,-14.97096],[-70.50851,-14.96018],[-70.49931,-14.95027],[-70.50656,-14.94771],[-70.50522,-14.93164],[-70.50878,-14.92437],[-70.50071,-14.91393],[-70.49194,-14.91337],[-70.49516,-14.92443],[-70.48689,-14.93114],[-70.48203,-14.9282],[-70.47495,-14.93337],[-70.46552,-14.92815],[-70.46575,-14.93223],[-70.45698,-14.93901],[-70.445,-14.94382],[-70.44771,-14.9497],[-70.44019,-14.95431],[-70.43042,-14.95196],[-70.42041,-14.96552],[-70.41059,-14.96573],[-70.4054,-14.95804],[-70.39704,-14.97468],[-70.38583,-14.97351],[-70.3915,-14.97945],[-70.38697,-14.98333],[-70.37796,-14.98161],[-70.37563,-14.98508],[-70.38071,-14.99212],[-70.37285,-14.99075],[-70.37431,-14.99695],[-70.383,-14.99474],[-70.38144,-15.00132],[-70.37111,-15.00264],[-70.36972,-14.99845],[-70.3608,-14.99914],[-70.36494,-15.01053],[-70.36284,-15.01872]]]}},{"type":"Feature","properties":{"ubigeo":"210709","nombre":"Santa Lucia"},"geometry":{"type":"Polygon","coordinates":[[[-70.80754,-15.36108],[-70.80791,-15.37187],[-70.81247,-15.37817],[-70.8091,-15.38644],[-70.8097,-15.40105],[-70.81549,-15.40403],[-70.81962,-15.41876],[-70.83195,-15.43198],[-70.84293,-15.43404],[-70.85006,-15.44557],[-70.85026,-15.4539],[-70.85916,-15.46011],[-70.86582,-15.47019],[-70.87266,-15.46931],[-70.88525,-15.47547],[-70.89085,-15.48473],[-70.89679,-15.50115],[-70.88466,-15.5021],[-70.87719,-15.51433],[-70.86693,-15.51688],[-70.86285,-15.52354],[-70.85535,-15.52165],[-70.84701,-15.53046],[-70.84507,-15.54515],[-70.84167,-15.54968],[-70.8252,-15.56221],[-70.82237,-15.5678],[-70.82785,-15.58086],[-70.81823,-15.59347],[-70.8061,-15.59184],[-70.78446,-15.58562],[-70.77408,-15.58972],[-70.75733,-15.5836],[-70.74332,-15.58581],[-70.73602,-15.58327],[-70.73741,-15.56985],[-70.72995,-15.5568],[-70.71821,-15.55694],[-70.69719,-15.5628],[-70.69185,-15.56123],[-70.68005,-15.56418],[-70.66626,-15.57834],[-70.66153,-15.57545],[-70.64934,-15.55848],[-70.64089,-15.55453],[-70.63564,-15.53909],[-70.63023,-15.54826],[-70.61972,-15.54979],[-70.6217,-15.56001],[-70.61267,-15.56246],[-70.60728,-15.56034],[-70.6,-15.57117],[-70.58826,-15.56235],[-70.56458,-15.55482],[-70.56017,-15.54543],[-70.55116,-15.53761],[-70.53985,-15.52012],[-70.53478,-15.50452],[-70.53623,-15.49751],[-70.52434,-15.47998],[-70.51397,-15.48671],[-70.51769,-15.49978],[-70.51133,-15.50175],[-70.50379,-15.51171],[-70.48827,-15.51548],[-70.49097,-15.52701],[-70.48645,-15.53665],[-70.49294,-15.54902],[-70.49621,-15.57026],[-70.49579,-15.58667],[-70.49001,-15.59985],[-70.49164,-15.61093],[-70.48962,-15.61807],[-70.47773,-15.62591],[-70.47232,-15.63391],[-70.46674,-15.63624],[-70.45304,-15.64813],[-70.46514,-15.65435],[-70.47477,-15.657],[-70.47847,-15.66273],[-70.49115,-15.66784],[-70.49363,-15.67737],[-70.49901,-15.67401],[-70.50462,-15.68037],[-70.51579,-15.68095],[-70.51489,-15.685],[-70.52595,-15.68741],[-70.53462,-15.69631],[-70.54107,-15.71968],[-70.54659,-15.72422],[-70.54685,-15.73898],[-70.55434,-15.74086],[-70.56999,-15.72662],[-70.5708,-15.71968],[-70.57538,-15.72144],[-70.58631,-15.74089],[-70.59586,-15.7425],[-70.60424,-15.74743],[-70.6105,-15.75947],[-70.63382,-15.74491],[-70.65784,-15.76077],[-70.66268,-15.77319],[-70.67563,-15.78927],[-70.69205,-15.7941],[-70.71124,-15.78353],[-70.71669,-15.79023],[-70.72731,-15.78775],[-70.73728,-15.77956],[-70.74614,-15.77607],[-70.75636,-15.7778],[-70.76986,-15.7874],[-70.79726,-15.78032],[-70.81356,-15.79334],[-70.81386,-15.8144],[-70.82546,-15.80733],[-70.83231,-15.80931],[-70.84477,-15.80586],[-70.85305,-15.8183],[-70.86557,-15.82865],[-70.8692,-15.83727],[-70.88835,-15.84155],[-70.89054,-15.85125],[-70.89523,-15.84778],[-70.90701,-15.82902],[-70.91984,-15.80558],[-70.91982,-15.79998],[-70.93614,-15.78484],[-70.94227,-15.77455],[-70.93322,-15.77067],[-70.92575,-15.75747],[-70.92331,-15.74701],[-70.90719,-15.7397],[-70.90391,-15.73535],[-70.90013,-15.71215],[-70.90919,-15.70378],[-70.91756,-15.68738],[-70.91825,-15.67344],[-70.91587,-15.66389],[-70.91798,-15.6438],[-70.924,-15.633],[-70.96128,-15.60621],[-70.96648,-15.60671],[-70.98303,-15.59704],[-70.99968,-15.57435],[-71.00734,-15.56289],[-71.00405,-15.55952],[-71.00719,-15.54295],[-71.01272,-15.5387],[-71.01795,-15.52785],[-71.00803,-15.51924],[-71.01025,-15.51131],[-71.01773,-15.50288],[-71.01517,-15.48917],[-71.00569,-15.48267],[-70.99447,-15.46988],[-70.99396,-15.45484],[-71.00591,-15.44168],[-71.02712,-15.43204],[-71.03,-15.42163],[-71.03897,-15.40517],[-71.03642,-15.39195],[-71.02569,-15.37746],[-71.01988,-15.37326],[-71.01918,-15.36585],[-71.01228,-15.34375],[-71.00612,-15.33523],[-70.98389,-15.31665],[-70.97755,-15.32041],[-70.9608,-15.31998],[-70.95789,-15.32538],[-70.94679,-15.33019],[-70.93627,-15.3286],[-70.92633,-15.34793],[-70.91868,-15.35018],[-70.90071,-15.34727],[-70.86666,-15.36024],[-70.85191,-15.35895],[-70.84452,-15.36121],[-70.83893,-15.3528],[-70.82364,-15.34854],[-70.81895,-15.34485],[-70.81387,-15.35654],[-70.80754,-15.36108]]]}},{"type":"Feature","properties":{"ubigeo":"210710","nombre":"Vilavila"},"geometry":{"type":"Polygon","coordinates":[[[-70.73239,-15.23843],[-70.72718,-15.21719],[-70.71218,-15.21482],[-70.70307,-15.20826],[-70.71301,-15.18845],[-70.72121,-15.18292],[-70.72365,-15.17392],[-70.72026,-15.16542],[-70.7216,-15.15362],[-70.71107,-15.14088],[-70.70789,-15.12663],[-70.69366,-15.12238],[-70.68288,-15.11521],[-70.67992,-15.11621],[-70.67121,-15.13206],[-70.65732,-15.134],[-70.64496,-15.12731],[-70.64182,-15.1224],[-70.6322,-15.11829],[-70.62338,-15.12834],[-70.61366,-15.11876],[-70.59585,-15.12681],[-70.58082,-15.14408],[-70.57622,-15.1522],[-70.57786,-15.16069],[-70.57084,-15.17405],[-70.56258,-15.18401],[-70.56255,-15.19159],[-70.57301,-15.20525],[-70.59368,-15.2142],[-70.60438,-15.22076],[-70.61051,-15.21396],[-70.61993,-15.21196],[-70.62748,-15.20474],[-70.63984,-15.22104],[-70.64519,-15.2222],[-70.65137,-15.21218],[-70.65989,-15.20891],[-70.668,-15.2116],[-70.67319,-15.22055],[-70.6965,-15.23301],[-70.70268,-15.24261],[-70.70966,-15.24371],[-70.73239,-15.23843]]]}},{"type":"Feature","properties":{"ubigeo":"210801","nombre":"Ayaviri"},"geometry":{"type":"Polygon","coordinates":[[[-70.44225,-14.83281],[-70.44394,-14.84566],[-70.43658,-14.8589],[-70.44111,-14.86763],[-70.45598,-14.88081],[-70.46112,-14.89165],[-70.46381,-14.90901],[-70.46702,-14.91543],[-70.46552,-14.92815],[-70.47495,-14.93337],[-70.48203,-14.9282],[-70.48689,-14.93114],[-70.49516,-14.92443],[-70.49194,-14.91337],[-70.50071,-14.91393],[-70.50878,-14.92437],[-70.50522,-14.93164],[-70.50656,-14.94771],[-70.49931,-14.95027],[-70.50851,-14.96018],[-70.51366,-14.97096],[-70.5333,-14.98245],[-70.54181,-14.9919],[-70.53916,-15.00704],[-70.53241,-15.01356],[-70.53184,-15.02795],[-70.5388,-15.04314],[-70.54772,-15.05102],[-70.55256,-15.06364],[-70.54867,-15.08662],[-70.54368,-15.08466],[-70.53334,-15.0949],[-70.53361,-15.13324],[-70.52467,-15.14271],[-70.51314,-15.14424],[-70.51276,-15.14922],[-70.52008,-15.1513],[-70.52322,-15.16493],[-70.52782,-15.16567],[-70.54068,-15.17809],[-70.53884,-15.18561],[-70.54048,-15.19118],[-70.54877,-15.19486],[-70.55381,-15.18952],[-70.56255,-15.19159],[-70.56258,-15.18401],[-70.57084,-15.17405],[-70.57786,-15.16069],[-70.57622,-15.1522],[-70.58082,-15.14408],[-70.59585,-15.12681],[-70.61366,-15.11876],[-70.62338,-15.12834],[-70.6322,-15.11829],[-70.64182,-15.1224],[-70.64496,-15.12731],[-70.65732,-15.134],[-70.67121,-15.13206],[-70.67992,-15.11621],[-70.68288,-15.11521],[-70.69366,-15.12238],[-70.70789,-15.12663],[-70.71144,-15.11224],[-70.7075,-15.1025],[-70.70904,-15.08589],[-70.71745,-15.07563],[-70.72746,-15.07335],[-70.72962,-15.06634],[-70.74112,-15.05709],[-70.74913,-15.04654],[-70.75294,-15.04647],[-70.7428,-15.03931],[-70.74611,-15.02312],[-70.75744,-15.00908],[-70.7663,-15.00521],[-70.77098,-14.99708],[-70.77639,-14.99537],[-70.76597,-14.98679],[-70.76117,-14.97056],[-70.74966,-14.9708],[-70.73757,-14.97635],[-70.73386,-14.97284],[-70.73187,-14.96234],[-70.72758,-14.96055],[-70.73112,-14.93738],[-70.73656,-14.92522],[-70.71457,-14.92292],[-70.70428,-14.92534],[-70.6961,-14.93225],[-70.69199,-14.92874],[-70.68948,-14.91854],[-70.67931,-14.90604],[-70.6685,-14.90822],[-70.65909,-14.90611],[-70.66976,-14.86842],[-70.67075,-14.85372],[-70.67777,-14.84513],[-70.6835,-14.84508],[-70.68579,-14.83436],[-70.69064,-14.83629],[-70.6989,-14.83042],[-70.69748,-14.81918],[-70.70492,-14.81253],[-70.69755,-14.79942],[-70.68706,-14.79687],[-70.685,-14.78883],[-70.67173,-14.77975],[-70.67784,-14.76713],[-70.68384,-14.76095],[-70.69838,-14.75662],[-70.70304,-14.74712],[-70.68672,-14.74264],[-70.67894,-14.73689],[-70.6728,-14.7245],[-70.66642,-14.72191],[-70.66353,-14.70989],[-70.63408,-14.71064],[-70.62655,-14.68838],[-70.62614,-14.68009],[-70.61646,-14.67452],[-70.61134,-14.69145],[-70.59926,-14.70154],[-70.58856,-14.70606],[-70.58901,-14.71479],[-70.5796,-14.72278],[-70.56364,-14.73201],[-70.55657,-14.73207],[-70.55379,-14.74002],[-70.54594,-14.74826],[-70.54761,-14.75205],[-70.53879,-14.76345],[-70.5392,-14.77071],[-70.53137,-14.77254],[-70.52478,-14.78304],[-70.52053,-14.78155],[-70.50988,-14.79106],[-70.50494,-14.79032],[-70.48678,-14.79831],[-70.48299,-14.79736],[-70.47808,-14.80469],[-70.46583,-14.80958],[-70.46157,-14.8208],[-70.45423,-14.82492],[-70.44225,-14.83281]]]}},{"type":"Feature","properties":{"ubigeo":"210802","nombre":"Antauta"},"geometry":{"type":"Polygon","coordinates":[[[-70.26824,-14.28297],[-70.26799,-14.30048],[-70.27616,-14.32195],[-70.28114,-14.3294],[-70.29327,-14.34004],[-70.30434,-14.34564],[-70.31473,-14.34024],[-70.32665,-14.3499],[-70.32349,-14.37197],[-70.31546,-14.37932],[-70.31948,-14.39359],[-70.31803,-14.40601],[-70.32717,-14.4193],[-70.32637,-14.42606],[-70.33396,-14.45329],[-70.33018,-14.45805],[-70.32955,-14.46808],[-70.33822,-14.48126],[-70.33828,-14.48861],[-70.35286,-14.5079],[-70.35437,-14.52182],[-70.35256,-14.5304],[-70.3614,-14.53902],[-70.3692,-14.54105],[-70.36664,-14.55067],[-70.3567,-14.55448],[-70.34538,-14.5658],[-70.34206,-14.57803],[-70.347,-14.58555],[-70.35371,-14.58727],[-70.36467,-14.59732],[-70.38842,-14.57216],[-70.40474,-14.56226],[-70.42829,-14.54681],[-70.43593,-14.53617],[-70.43346,-14.52801],[-70.43812,-14.52044],[-70.44765,-14.51846],[-70.45772,-14.51044],[-70.46519,-14.48053],[-70.45441,-14.45896],[-70.45794,-14.44968],[-70.45533,-14.44093],[-70.46187,-14.43412],[-70.45398,-14.40825],[-70.4554,-14.4],[-70.44785,-14.39294],[-70.45228,-14.38503],[-70.45445,-14.37372],[-70.46103,-14.36731],[-70.46122,-14.36068],[-70.46699,-14.35455],[-70.46633,-14.34565],[-70.46972,-14.33001],[-70.4583,-14.32457],[-70.46037,-14.3141],[-70.46463,-14.31058],[-70.4644,-14.30171],[-70.46874,-14.28459],[-70.46238,-14.28123],[-70.45877,-14.26976],[-70.46046,-14.26446],[-70.47095,-14.2517],[-70.47078,-14.24392],[-70.47955,-14.2345],[-70.48867,-14.23334],[-70.49097,-14.22768],[-70.4877,-14.22182],[-70.47963,-14.22315],[-70.47363,-14.22017],[-70.46566,-14.21],[-70.44645,-14.19647],[-70.4429,-14.18875],[-70.42517,-14.17809],[-70.41557,-14.18129],[-70.41068,-14.18936],[-70.40078,-14.18965],[-70.38691,-14.19602],[-70.37613,-14.18926],[-70.36347,-14.18823],[-70.3649,-14.18424],[-70.3571,-14.1708],[-70.34039,-14.1714],[-70.33629,-14.17572],[-70.32946,-14.17518],[-70.32326,-14.19684],[-70.316,-14.20612],[-70.30224,-14.21853],[-70.28929,-14.21885],[-70.29288,-14.24376],[-70.29071,-14.25683],[-70.28548,-14.26773],[-70.27471,-14.26581],[-70.2754,-14.27573],[-70.26824,-14.28297]]]}},{"type":"Feature","properties":{"ubigeo":"210803","nombre":"Cupi"},"geometry":{"type":"Polygon","coordinates":[[[-70.8344,-15.00132],[-70.852,-14.99177],[-70.84794,-14.98359],[-70.85252,-14.97013],[-70.85215,-14.95043],[-70.85908,-14.92469],[-70.86636,-14.91176],[-70.87895,-14.91123],[-70.88134,-14.9137],[-70.89794,-14.91325],[-70.90521,-14.91704],[-70.91505,-14.91305],[-70.92084,-14.92139],[-70.92923,-14.92675],[-70.93469,-14.93491],[-70.94022,-14.9347],[-70.96664,-14.9234],[-70.98886,-14.90856],[-70.99486,-14.89904],[-70.99661,-14.8857],[-70.99308,-14.87808],[-70.99147,-14.8609],[-70.99659,-14.84394],[-70.99189,-14.84029],[-70.99578,-14.83137],[-70.97833,-14.82415],[-70.96918,-14.82765],[-70.96105,-14.83803],[-70.95001,-14.83316],[-70.94437,-14.83729],[-70.93709,-14.83277],[-70.93069,-14.83545],[-70.91748,-14.83274],[-70.90174,-14.83918],[-70.88837,-14.83925],[-70.88173,-14.83431],[-70.86788,-14.83993],[-70.85704,-14.82275],[-70.84579,-14.82105],[-70.83594,-14.82345],[-70.84092,-14.8302],[-70.83586,-14.83284],[-70.84071,-14.84063],[-70.8368,-14.84966],[-70.82275,-14.84926],[-70.82021,-14.85861],[-70.80602,-14.84519],[-70.78982,-14.85015],[-70.79873,-14.85651],[-70.8045,-14.86604],[-70.81197,-14.86455],[-70.81316,-14.87761],[-70.82215,-14.88142],[-70.82035,-14.88756],[-70.83026,-14.90202],[-70.82982,-14.91641],[-70.8038,-14.93667],[-70.80381,-14.95145],[-70.81311,-14.97911],[-70.81807,-14.98994],[-70.8344,-15.00132]]]}},{"type":"Feature","properties":{"ubigeo":"210804","nombre":"Llalli"},"geometry":{"type":"Polygon","coordinates":[[[-70.9936,-15.08459],[-70.9924,-15.0703],[-70.99655,-15.05435],[-70.99314,-15.04235],[-70.99679,-15.02883],[-70.99657,-15.01673],[-71.00393,-15.00135],[-71.00405,-14.97188],[-70.99625,-14.96372],[-70.99664,-14.95393],[-70.98474,-14.94607],[-70.99057,-14.92687],[-70.98629,-14.91548],[-70.98886,-14.90856],[-70.96664,-14.9234],[-70.94022,-14.9347],[-70.93469,-14.93491],[-70.92923,-14.92675],[-70.92084,-14.92139],[-70.91505,-14.91305],[-70.90521,-14.91704],[-70.89794,-14.91325],[-70.88134,-14.9137],[-70.87895,-14.91123],[-70.86636,-14.91176],[-70.85908,-14.92469],[-70.85215,-14.95043],[-70.85252,-14.97013],[-70.84794,-14.98359],[-70.852,-14.99177],[-70.8344,-15.00132],[-70.84446,-15.01784],[-70.85835,-15.02516],[-70.86597,-15.0382],[-70.88088,-15.04541],[-70.89743,-15.03737],[-70.90432,-15.03835],[-70.92361,-15.04835],[-70.93622,-15.0518],[-70.93994,-15.05911],[-70.9611,-15.06122],[-70.97144,-15.06688],[-70.97423,-15.07154],[-70.98693,-15.07808],[-70.9936,-15.08459]]]}},{"type":"Feature","properties":{"ubigeo":"210805","nombre":"Macari"},"geometry":{"type":"Polygon","coordinates":[[[-70.76706,-14.75836],[-70.77206,-14.77976],[-70.77862,-14.77892],[-70.77361,-14.78557],[-70.79012,-14.79036],[-70.78915,-14.80489],[-70.77866,-14.81847],[-70.79775,-14.83297],[-70.80602,-14.84519],[-70.82021,-14.85861],[-70.82275,-14.84926],[-70.8368,-14.84966],[-70.84071,-14.84063],[-70.83586,-14.83284],[-70.84092,-14.8302],[-70.83594,-14.82345],[-70.84579,-14.82105],[-70.85704,-14.82275],[-70.86788,-14.83993],[-70.88173,-14.83431],[-70.88837,-14.83925],[-70.90174,-14.83918],[-70.91748,-14.83274],[-70.93069,-14.83545],[-70.93709,-14.83277],[-70.94437,-14.83729],[-70.95001,-14.83316],[-70.96105,-14.83803],[-70.96918,-14.82765],[-70.97833,-14.82415],[-70.97732,-14.80783],[-70.98028,-14.79261],[-70.98371,-14.78603],[-70.98065,-14.77377],[-70.97548,-14.76413],[-70.98153,-14.75549],[-71.00162,-14.74432],[-71.01309,-14.73969],[-71.0207,-14.74676],[-71.02776,-14.76007],[-71.03569,-14.75212],[-71.05324,-14.75433],[-71.05716,-14.75093],[-71.06322,-14.73652],[-71.07869,-14.72295],[-71.08951,-14.71319],[-71.08776,-14.69715],[-71.09743,-14.68524],[-71.10152,-14.68567],[-71.10481,-14.67753],[-71.11368,-14.66673],[-71.11794,-14.64892],[-71.11298,-14.64393],[-71.10973,-14.63422],[-71.08069,-14.6299],[-71.0739,-14.63145],[-71.06937,-14.62605],[-71.05196,-14.61422],[-71.04275,-14.60138],[-71.03104,-14.59326],[-71.0249,-14.59193],[-71.00987,-14.59669],[-71.02043,-14.58535],[-71.01471,-14.57798],[-71.00145,-14.57221],[-70.99356,-14.57356],[-70.99072,-14.57865],[-70.97651,-14.58234],[-70.95173,-14.59016],[-70.93555,-14.58944],[-70.91942,-14.59857],[-70.9112,-14.60772],[-70.90128,-14.59719],[-70.89628,-14.59799],[-70.8518,-14.61235],[-70.85458,-14.62143],[-70.86365,-14.63004],[-70.86047,-14.64122],[-70.85295,-14.64899],[-70.84263,-14.65409],[-70.83953,-14.66137],[-70.84217,-14.67224],[-70.83316,-14.67356],[-70.82767,-14.68688],[-70.81844,-14.68692],[-70.80953,-14.69572],[-70.80952,-14.70232],[-70.82431,-14.72576],[-70.82081,-14.73252],[-70.80759,-14.72838],[-70.7992,-14.71661],[-70.79006,-14.71104],[-70.78792,-14.70386],[-70.78149,-14.70421],[-70.77021,-14.71165],[-70.76428,-14.7251],[-70.77026,-14.73976],[-70.76485,-14.74603],[-70.76706,-14.75836]]]}},{"type":"Feature","properties":{"ubigeo":"210806","nombre":"Nuñoa"},"geometry":{"type":"Polygon","coordinates":[[[-70.4877,-14.22182],[-70.49097,-14.22768],[-70.48867,-14.23334],[-70.47955,-14.2345],[-70.47078,-14.24392],[-70.47095,-14.2517],[-70.46046,-14.26446],[-70.45877,-14.26976],[-70.46238,-14.28123],[-70.46874,-14.28459],[-70.4644,-14.30171],[-70.46463,-14.31058],[-70.46037,-14.3141],[-70.4583,-14.32457],[-70.46972,-14.33001],[-70.46633,-14.34565],[-70.46699,-14.35455],[-70.46122,-14.36068],[-70.46103,-14.36731],[-70.45445,-14.37372],[-70.45228,-14.38503],[-70.44785,-14.39294],[-70.4554,-14.4],[-70.45398,-14.40825],[-70.46187,-14.43412],[-70.45533,-14.44093],[-70.45794,-14.44968],[-70.45441,-14.45896],[-70.46519,-14.48053],[-70.45772,-14.51044],[-70.44765,-14.51846],[-70.43812,-14.52044],[-70.43346,-14.52801],[-70.43593,-14.53617],[-70.42829,-14.54681],[-70.40474,-14.56226],[-70.41888,-14.56891],[-70.43077,-14.5791],[-70.444,-14.57459],[-70.45907,-14.57997],[-70.46049,-14.58655],[-70.47017,-14.58177],[-70.48322,-14.58609],[-70.48568,-14.59318],[-70.48306,-14.60407],[-70.49186,-14.60456],[-70.50564,-14.59046],[-70.50576,-14.58527],[-70.52778,-14.57765],[-70.53538,-14.57709],[-70.54172,-14.58246],[-70.54393,-14.60311],[-70.53708,-14.61296],[-70.5357,-14.62579],[-70.538,-14.62983],[-70.53712,-14.64342],[-70.54142,-14.65497],[-70.55429,-14.64621],[-70.56413,-14.64613],[-70.57647,-14.6377],[-70.59386,-14.64908],[-70.60696,-14.65457],[-70.61646,-14.67452],[-70.62614,-14.68009],[-70.63892,-14.66726],[-70.65047,-14.6715],[-70.65912,-14.64793],[-70.6579,-14.63456],[-70.67098,-14.6291],[-70.67165,-14.62344],[-70.66072,-14.61325],[-70.66184,-14.59884],[-70.66935,-14.59728],[-70.67289,-14.58264],[-70.6715,-14.57562],[-70.67951,-14.56277],[-70.69049,-14.5641],[-70.6988,-14.55518],[-70.69682,-14.54046],[-70.70672,-14.53211],[-70.7044,-14.51767],[-70.71363,-14.50864],[-70.72262,-14.50857],[-70.72725,-14.50024],[-70.73667,-14.50093],[-70.74299,-14.49566],[-70.75655,-14.47688],[-70.76624,-14.46621],[-70.78137,-14.46093],[-70.78838,-14.45464],[-70.80411,-14.45733],[-70.81657,-14.44684],[-70.82702,-14.44784],[-70.83056,-14.44191],[-70.84223,-14.4404],[-70.85467,-14.43395],[-70.87107,-14.43205],[-70.89125,-14.43625],[-70.90721,-14.43195],[-70.91,-14.42286],[-70.9217,-14.41556],[-70.94994,-14.40908],[-70.95633,-14.4112],[-70.96016,-14.41966],[-70.97206,-14.4204],[-70.97872,-14.41666],[-70.98582,-14.40673],[-70.97869,-14.39448],[-70.9852,-14.37915],[-70.97048,-14.37828],[-70.96258,-14.36185],[-70.94832,-14.3526],[-70.94288,-14.35194],[-70.93326,-14.34281],[-70.92642,-14.34007],[-70.91771,-14.34472],[-70.90783,-14.33397],[-70.91297,-14.32758],[-70.91393,-14.30442],[-70.90214,-14.29643],[-70.8917,-14.28401],[-70.8917,-14.27384],[-70.88058,-14.27088],[-70.8821,-14.25379],[-70.88954,-14.24719],[-70.89295,-14.23787],[-70.89856,-14.23569],[-70.89935,-14.2293],[-70.89458,-14.20911],[-70.88809,-14.2063],[-70.88214,-14.19879],[-70.88961,-14.18504],[-70.88737,-14.17622],[-70.88252,-14.16836],[-70.87362,-14.17135],[-70.86683,-14.16908],[-70.86327,-14.16074],[-70.8544,-14.15924],[-70.8491,-14.15085],[-70.83398,-14.14294],[-70.8209,-14.14],[-70.82168,-14.13382],[-70.80893,-14.1242],[-70.80493,-14.11444],[-70.80561,-14.09928],[-70.79135,-14.08404],[-70.78982,-14.07882],[-70.78253,-14.08255],[-70.77016,-14.08267],[-70.74992,-14.07587],[-70.73494,-14.07957],[-70.71985,-14.07498],[-70.70611,-14.08307],[-70.70222,-14.08841],[-70.70218,-14.10073],[-70.69464,-14.11022],[-70.69202,-14.12392],[-70.66823,-14.12629],[-70.6524,-14.12086],[-70.64008,-14.13098],[-70.63545,-14.14605],[-70.6295,-14.15292],[-70.61929,-14.15936],[-70.61184,-14.15415],[-70.60686,-14.16148],[-70.59877,-14.15499],[-70.58937,-14.15787],[-70.58095,-14.1482],[-70.57053,-14.14473],[-70.56712,-14.15265],[-70.55105,-14.15532],[-70.54603,-14.17874],[-70.54119,-14.18971],[-70.52144,-14.20215],[-70.51361,-14.19856],[-70.50264,-14.20416],[-70.49597,-14.22035],[-70.4877,-14.22182]]]}},{"type":"Feature","properties":{"ubigeo":"210807","nombre":"Orurillo"},"geometry":{"type":"Polygon","coordinates":[[[-70.45423,-14.82492],[-70.46157,-14.8208],[-70.46583,-14.80958],[-70.47808,-14.80469],[-70.48299,-14.79736],[-70.48678,-14.79831],[-70.50494,-14.79032],[-70.50988,-14.79106],[-70.52053,-14.78155],[-70.52478,-14.78304],[-70.53137,-14.77254],[-70.5392,-14.77071],[-70.53879,-14.76345],[-70.54761,-14.75205],[-70.54594,-14.74826],[-70.55379,-14.74002],[-70.55657,-14.73207],[-70.56364,-14.73201],[-70.5796,-14.72278],[-70.58901,-14.71479],[-70.58856,-14.70606],[-70.59926,-14.70154],[-70.61134,-14.69145],[-70.61646,-14.67452],[-70.60696,-14.65457],[-70.59386,-14.64908],[-70.57647,-14.6377],[-70.56413,-14.64613],[-70.55429,-14.64621],[-70.54142,-14.65497],[-70.53712,-14.64342],[-70.538,-14.62983],[-70.5357,-14.62579],[-70.53708,-14.61296],[-70.54393,-14.60311],[-70.54172,-14.58246],[-70.53538,-14.57709],[-70.52778,-14.57765],[-70.50576,-14.58527],[-70.50564,-14.59046],[-70.49186,-14.60456],[-70.48306,-14.60407],[-70.48568,-14.59318],[-70.48322,-14.58609],[-70.47017,-14.58177],[-70.46049,-14.58655],[-70.45907,-14.57997],[-70.444,-14.57459],[-70.43077,-14.5791],[-70.41592,-14.59361],[-70.4127,-14.6005],[-70.41783,-14.61381],[-70.39618,-14.62757],[-70.39612,-14.63234],[-70.38775,-14.63671],[-70.38547,-14.66155],[-70.38181,-14.6664],[-70.38475,-14.67696],[-70.39794,-14.70053],[-70.40024,-14.71667],[-70.41714,-14.73125],[-70.42585,-14.7577],[-70.42693,-14.77061],[-70.44554,-14.78799],[-70.44512,-14.79673],[-70.44913,-14.81267],[-70.45423,-14.82492]]]}},{"type":"Feature","properties":{"ubigeo":"210808","nombre":"Santa Rosa"},"geometry":{"type":"Polygon","coordinates":[[[-70.6728,-14.7245],[-70.67751,-14.72386],[-70.68855,-14.73213],[-70.69874,-14.73037],[-70.70371,-14.72425],[-70.70921,-14.72587],[-70.71027,-14.73506],[-70.72223,-14.74596],[-70.7334,-14.75086],[-70.74639,-14.75356],[-70.7524,-14.75817],[-70.76706,-14.75836],[-70.76485,-14.74603],[-70.77026,-14.73976],[-70.76428,-14.7251],[-70.77021,-14.71165],[-70.78149,-14.70421],[-70.78792,-14.70386],[-70.79006,-14.71104],[-70.7992,-14.71661],[-70.80759,-14.72838],[-70.82081,-14.73252],[-70.82431,-14.72576],[-70.80952,-14.70232],[-70.80953,-14.69572],[-70.81844,-14.68692],[-70.82767,-14.68688],[-70.83316,-14.67356],[-70.84217,-14.67224],[-70.83953,-14.66137],[-70.84263,-14.65409],[-70.85295,-14.64899],[-70.86047,-14.64122],[-70.86365,-14.63004],[-70.85458,-14.62143],[-70.8518,-14.61235],[-70.89628,-14.59799],[-70.90128,-14.59719],[-70.9112,-14.60772],[-70.91942,-14.59857],[-70.93555,-14.58944],[-70.95173,-14.59016],[-70.97651,-14.58234],[-70.97253,-14.57],[-70.96612,-14.56834],[-70.97376,-14.55405],[-70.98157,-14.54852],[-70.9791,-14.53853],[-70.98823,-14.5263],[-70.99917,-14.50227],[-70.98659,-14.49872],[-70.98916,-14.48944],[-70.98267,-14.47581],[-70.98809,-14.45594],[-70.98137,-14.44902],[-70.9625,-14.44482],[-70.96636,-14.43522],[-70.974,-14.42852],[-70.97206,-14.4204],[-70.96016,-14.41966],[-70.95633,-14.4112],[-70.94994,-14.40908],[-70.9217,-14.41556],[-70.91,-14.42286],[-70.90721,-14.43195],[-70.89125,-14.43625],[-70.87107,-14.43205],[-70.85467,-14.43395],[-70.84223,-14.4404],[-70.83056,-14.44191],[-70.82702,-14.44784],[-70.81657,-14.44684],[-70.80411,-14.45733],[-70.78838,-14.45464],[-70.78137,-14.46093],[-70.76624,-14.46621],[-70.75655,-14.47688],[-70.74299,-14.49566],[-70.73667,-14.50093],[-70.72725,-14.50024],[-70.72262,-14.50857],[-70.71363,-14.50864],[-70.7044,-14.51767],[-70.70672,-14.53211],[-70.69682,-14.54046],[-70.6988,-14.55518],[-70.69049,-14.5641],[-70.67951,-14.56277],[-70.6715,-14.57562],[-70.67289,-14.58264],[-70.66935,-14.59728],[-70.66184,-14.59884],[-70.66072,-14.61325],[-70.67165,-14.62344],[-70.67098,-14.6291],[-70.6579,-14.63456],[-70.65912,-14.64793],[-70.65047,-14.6715],[-70.63892,-14.66726],[-70.62614,-14.68009],[-70.62655,-14.68838],[-70.63408,-14.71064],[-70.66353,-14.70989],[-70.66642,-14.72191],[-70.6728,-14.7245]]]}},{"type":"Feature","properties":{"ubigeo":"210809","nombre":"Umachiri"},"geometry":{"type":"Polygon","coordinates":[[[-70.75294,-15.04647],[-70.75775,-15.04517],[-70.76082,-15.03086],[-70.76588,-15.02826],[-70.77377,-15.03359],[-70.78757,-15.02661],[-70.81262,-15.01695],[-70.8344,-15.00132],[-70.81807,-14.98994],[-70.81311,-14.97911],[-70.80381,-14.95145],[-70.8038,-14.93667],[-70.82982,-14.91641],[-70.83026,-14.90202],[-70.82035,-14.88756],[-70.82215,-14.88142],[-70.81316,-14.87761],[-70.81197,-14.86455],[-70.8045,-14.86604],[-70.79873,-14.85651],[-70.78982,-14.85015],[-70.80602,-14.84519],[-70.79775,-14.83297],[-70.77866,-14.81847],[-70.78915,-14.80489],[-70.79012,-14.79036],[-70.77361,-14.78557],[-70.77862,-14.77892],[-70.77206,-14.77976],[-70.76706,-14.75836],[-70.7524,-14.75817],[-70.74639,-14.75356],[-70.7334,-14.75086],[-70.72223,-14.74596],[-70.71027,-14.73506],[-70.70921,-14.72587],[-70.70371,-14.72425],[-70.69874,-14.73037],[-70.68855,-14.73213],[-70.67751,-14.72386],[-70.6728,-14.7245],[-70.67894,-14.73689],[-70.68672,-14.74264],[-70.70304,-14.74712],[-70.69838,-14.75662],[-70.68384,-14.76095],[-70.67784,-14.76713],[-70.67173,-14.77975],[-70.685,-14.78883],[-70.68706,-14.79687],[-70.69755,-14.79942],[-70.70492,-14.81253],[-70.69748,-14.81918],[-70.6989,-14.83042],[-70.69064,-14.83629],[-70.68579,-14.83436],[-70.6835,-14.84508],[-70.67777,-14.84513],[-70.67075,-14.85372],[-70.66976,-14.86842],[-70.65909,-14.90611],[-70.6685,-14.90822],[-70.67931,-14.90604],[-70.68948,-14.91854],[-70.69199,-14.92874],[-70.6961,-14.93225],[-70.70428,-14.92534],[-70.71457,-14.92292],[-70.73656,-14.92522],[-70.73112,-14.93738],[-70.72758,-14.96055],[-70.73187,-14.96234],[-70.73386,-14.97284],[-70.73757,-14.97635],[-70.74966,-14.9708],[-70.76117,-14.97056],[-70.76597,-14.98679],[-70.77639,-14.99537],[-70.77098,-14.99708],[-70.7663,-15.00521],[-70.75744,-15.00908],[-70.74611,-15.02312],[-70.7428,-15.03931],[-70.75294,-15.04647]]]}},{"type":"Feature","properties":{"ubigeo":"210901","nombre":"Moho"},"geometry":{"type":"Polygon","coordinates":[[[-69.26033,-15.37404],[-69.24985,-15.42672],[-69.23233,-15.4418],[-69.24083,-15.46039],[-69.25351,-15.46919],[-69.29007,-15.43688],[-69.30895,-15.46389],[-69.31172,-15.47297],[-69.3316,-15.45329],[-69.35647,-15.43901],[-69.37109,-15.43384],[-69.37144,-15.42706],[-69.38613,-15.42309],[-69.42291,-15.4029],[-69.43471,-15.42646],[-69.44283,-15.42819],[-69.45545,-15.42595],[-69.45957,-15.42823],[-69.47665,-15.42753],[-69.49969,-15.413],[-69.50056,-15.40377],[-69.50648,-15.40886],[-69.51318,-15.40688],[-69.53087,-15.38785],[-69.5268,-15.38118],[-69.51584,-15.37772],[-69.52211,-15.36997],[-69.53367,-15.37172],[-69.53274,-15.37588],[-69.54044,-15.37964],[-69.55376,-15.37559],[-69.55266,-15.36721],[-69.55892,-15.36369],[-69.55559,-15.35938],[-69.56392,-15.3556],[-69.56901,-15.34728],[-69.5731,-15.35755],[-69.56838,-15.36123],[-69.57961,-15.36274],[-69.57815,-15.36681],[-69.58939,-15.36834],[-69.59291,-15.37228],[-69.605,-15.3548],[-69.61513,-15.35477],[-69.62108,-15.34518],[-69.62894,-15.3475],[-69.62408,-15.35207],[-69.63133,-15.35521],[-69.63417,-15.34762],[-69.6298,-15.34371],[-69.64022,-15.334],[-69.63235,-15.33704],[-69.62924,-15.33373],[-69.6329,-15.3249],[-69.64198,-15.32015],[-69.64654,-15.30837],[-69.6537,-15.29861],[-69.63652,-15.31303],[-69.63511,-15.30741],[-69.64401,-15.29476],[-69.6422,-15.28226],[-69.65681,-15.2826],[-69.66829,-15.2748],[-69.66765,-15.26815],[-69.65511,-15.27137],[-69.64527,-15.26115],[-69.63806,-15.26148],[-69.6227,-15.26945],[-69.61027,-15.27759],[-69.56687,-15.29806],[-69.54843,-15.30868],[-69.54109,-15.30681],[-69.54365,-15.29053],[-69.54749,-15.28496],[-69.52586,-15.26847],[-69.52193,-15.25027],[-69.50858,-15.24867],[-69.49545,-15.25932],[-69.48607,-15.27158],[-69.45638,-15.26566],[-69.4471,-15.26642],[-69.4469,-15.25034],[-69.44338,-15.24441],[-69.43356,-15.24084],[-69.42454,-15.23314],[-69.41147,-15.2292],[-69.40143,-15.21674],[-69.40108,-15.2128],[-69.38679,-15.21352],[-69.37193,-15.21695],[-69.3765,-15.2294],[-69.38808,-15.23725],[-69.39733,-15.2477],[-69.40749,-15.24556],[-69.40649,-15.26675],[-69.39703,-15.27519],[-69.39825,-15.27921],[-69.41155,-15.28613],[-69.42436,-15.29838],[-69.42512,-15.3016],[-69.40778,-15.31515],[-69.40196,-15.32769],[-69.38294,-15.32486],[-69.36492,-15.33285],[-69.34886,-15.35066],[-69.33435,-15.35831],[-69.32567,-15.36991],[-69.32661,-15.3816],[-69.31728,-15.38908],[-69.30582,-15.38373],[-69.29726,-15.38779],[-69.28605,-15.38722],[-69.28182,-15.38988],[-69.26916,-15.38384],[-69.26033,-15.37404]]]}},{"type":"Feature","properties":{"ubigeo":"210902","nombre":"Conima"},"geometry":{"type":"Polygon","coordinates":[[[-69.35827,-15.48323],[-69.37611,-15.4715],[-69.39016,-15.47326],[-69.39446,-15.48082],[-69.40562,-15.48302],[-69.42281,-15.48141],[-69.42654,-15.47821],[-69.43496,-15.48236],[-69.42281,-15.49566],[-69.41583,-15.49704],[-69.41706,-15.5041],[-69.4313,-15.50325],[-69.44163,-15.49173],[-69.4411,-15.48303],[-69.43591,-15.47956],[-69.43784,-15.46744],[-69.44703,-15.45765],[-69.45977,-15.45329],[-69.4647,-15.44096],[-69.47765,-15.43049],[-69.47665,-15.42753],[-69.45957,-15.42823],[-69.45545,-15.42595],[-69.44283,-15.42819],[-69.43471,-15.42646],[-69.42291,-15.4029],[-69.38613,-15.42309],[-69.37144,-15.42706],[-69.37109,-15.43384],[-69.35647,-15.43901],[-69.35626,-15.44885],[-69.36594,-15.44783],[-69.37358,-15.45084],[-69.37144,-15.45672],[-69.36089,-15.46284],[-69.36192,-15.46948],[-69.35532,-15.47706],[-69.35827,-15.48323]]]}},{"type":"Feature","properties":{"ubigeo":"210903","nombre":"Huayrapata"},"geometry":{"type":"Polygon","coordinates":[[[-69.26033,-15.37404],[-69.26916,-15.38384],[-69.28182,-15.38988],[-69.28605,-15.38722],[-69.29726,-15.38779],[-69.30582,-15.38373],[-69.31728,-15.38908],[-69.32661,-15.3816],[-69.32567,-15.36991],[-69.33435,-15.35831],[-69.34886,-15.35066],[-69.36492,-15.33285],[-69.38294,-15.32486],[-69.40196,-15.32769],[-69.40778,-15.31515],[-69.42512,-15.3016],[-69.42436,-15.29838],[-69.41155,-15.28613],[-69.39825,-15.27921],[-69.39703,-15.27519],[-69.40649,-15.26675],[-69.40749,-15.24556],[-69.39733,-15.2477],[-69.38808,-15.23725],[-69.3765,-15.2294],[-69.37193,-15.21695],[-69.362,-15.21407],[-69.35639,-15.20736],[-69.35839,-15.20329],[-69.35193,-15.18829],[-69.34326,-15.18324],[-69.3302,-15.17711],[-69.31458,-15.17654],[-69.29175,-15.16227],[-69.28551,-15.16643],[-69.27765,-15.17934],[-69.25381,-15.18675],[-69.24063,-15.18684],[-69.2315,-15.19606],[-69.23278,-15.20579],[-69.2269,-15.21534],[-69.20991,-15.22359],[-69.19908,-15.22556],[-69.18942,-15.23118],[-69.18495,-15.24399],[-69.17321,-15.25577],[-69.1763,-15.26136],[-69.17797,-15.27918],[-69.19326,-15.29516],[-69.19479,-15.31504],[-69.20656,-15.32425],[-69.21564,-15.31716],[-69.23105,-15.3355],[-69.24856,-15.37081],[-69.26033,-15.37404]]]}},{"type":"Feature","properties":{"ubigeo":"210904","nombre":"Tilali"},"geometry":{"type":"Polygon","coordinates":[[[-69.35827,-15.48323],[-69.35532,-15.47706],[-69.36192,-15.46948],[-69.36089,-15.46284],[-69.37144,-15.45672],[-69.37358,-15.45084],[-69.36594,-15.44783],[-69.35626,-15.44885],[-69.35647,-15.43901],[-69.3316,-15.45329],[-69.31172,-15.47297],[-69.30058,-15.48635],[-69.31256,-15.49165],[-69.30886,-15.50513],[-69.31462,-15.51271],[-69.31446,-15.51804],[-69.33112,-15.53795],[-69.34035,-15.53584],[-69.35901,-15.52798],[-69.35998,-15.52116],[-69.3676,-15.52214],[-69.37625,-15.51432],[-69.39111,-15.50725],[-69.38839,-15.49971],[-69.38428,-15.50256],[-69.37501,-15.48927],[-69.37499,-15.4831],[-69.3682,-15.49747],[-69.36971,-15.50335],[-69.36286,-15.49811],[-69.35965,-15.50624],[-69.36315,-15.51393],[-69.35598,-15.50882],[-69.3591,-15.50275],[-69.3548,-15.49776],[-69.35827,-15.48323]]]}},{"type":"Feature","properties":{"ubigeo":"211001","nombre":"Putina"},"geometry":{"type":"Polygon","coordinates":[[[-69.74311,-14.81756],[-69.7486,-14.84473],[-69.73809,-14.84723],[-69.73434,-14.8517],[-69.73021,-14.86866],[-69.73059,-14.8769],[-69.74908,-14.89483],[-69.75437,-14.90444],[-69.7673,-14.91451],[-69.7799,-14.91701],[-69.77793,-14.92409],[-69.77134,-14.92695],[-69.76351,-14.93643],[-69.77482,-14.95963],[-69.78353,-14.95453],[-69.80095,-14.95876],[-69.80373,-14.9659],[-69.79792,-14.9778],[-69.8175,-14.98728],[-69.82754,-14.98183],[-69.8334,-14.98765],[-69.83343,-14.99716],[-69.84082,-14.99878],[-69.84852,-15.00758],[-69.85181,-15.00824],[-69.86946,-15.00066],[-69.88825,-14.98985],[-69.89615,-14.97558],[-69.90245,-14.97083],[-69.90984,-14.9711],[-69.91409,-14.95938],[-69.92158,-14.95011],[-69.92951,-14.94814],[-69.93974,-14.9378],[-69.94892,-14.93571],[-69.95725,-14.92809],[-69.96592,-14.92545],[-69.97691,-14.90537],[-69.97669,-14.88928],[-69.98073,-14.88076],[-69.98858,-14.8731],[-69.97052,-14.86115],[-69.96949,-14.85205],[-69.95148,-14.8512],[-69.9369,-14.84346],[-69.92224,-14.8624],[-69.91162,-14.86529],[-69.89763,-14.8513],[-69.90421,-14.83546],[-69.90075,-14.82728],[-69.84967,-14.79026],[-69.85814,-14.77725],[-69.85307,-14.77196],[-69.85416,-14.76079],[-69.84741,-14.75586],[-69.8369,-14.74266],[-69.8364,-14.73752],[-69.84124,-14.72267],[-69.8479,-14.71586],[-69.85508,-14.70264],[-69.85442,-14.69208],[-69.85866,-14.68555],[-69.85257,-14.68072],[-69.85014,-14.67322],[-69.85235,-14.6655],[-69.84859,-14.6558],[-69.85702,-14.64705],[-69.85635,-14.6328],[-69.85989,-14.6201],[-69.85561,-14.61421],[-69.86114,-14.59042],[-69.86743,-14.58588],[-69.87246,-14.59921],[-69.87756,-14.60184],[-69.88962,-14.58572],[-69.88743,-14.57665],[-69.89345,-14.56826],[-69.90181,-14.56594],[-69.90772,-14.57506],[-69.91747,-14.57927],[-69.92354,-14.57262],[-69.93428,-14.56869],[-69.94416,-14.57238],[-69.95262,-14.57004],[-69.96075,-14.57412],[-69.97321,-14.5764],[-69.97951,-14.5826],[-69.98758,-14.58367],[-69.99667,-14.57794],[-70.00399,-14.56871],[-70.00539,-14.56188],[-70.01183,-14.55892],[-70.00297,-14.55135],[-70.00465,-14.54628],[-69.98596,-14.52362],[-69.97942,-14.52487],[-69.9745,-14.51493],[-69.9664,-14.51385],[-69.96425,-14.50909],[-69.95291,-14.50206],[-69.94867,-14.49138],[-69.93502,-14.48961],[-69.92755,-14.48362],[-69.91051,-14.48371],[-69.90694,-14.48015],[-69.89526,-14.47857],[-69.89114,-14.47297],[-69.88982,-14.45895],[-69.89289,-14.44362],[-69.88988,-14.43427],[-69.8834,-14.44096],[-69.87725,-14.43784],[-69.87102,-14.44404],[-69.85721,-14.44247],[-69.8469,-14.44515],[-69.83874,-14.44377],[-69.82412,-14.45048],[-69.81702,-14.4487],[-69.80971,-14.45931],[-69.8084,-14.45562],[-69.79616,-14.45563],[-69.79493,-14.44634],[-69.78275,-14.45099],[-69.77774,-14.4486],[-69.76922,-14.45374],[-69.76642,-14.4714],[-69.75592,-14.47342],[-69.74539,-14.48501],[-69.73188,-14.49276],[-69.7274,-14.50873],[-69.71092,-14.50939],[-69.70889,-14.52011],[-69.71354,-14.53281],[-69.71409,-14.54285],[-69.71827,-14.55764],[-69.71949,-14.57245],[-69.72534,-14.57648],[-69.71896,-14.58895],[-69.71051,-14.58834],[-69.70867,-14.59319],[-69.7135,-14.60465],[-69.73042,-14.60638],[-69.74596,-14.61656],[-69.75144,-14.62932],[-69.75725,-14.65812],[-69.74594,-14.6677],[-69.75017,-14.68334],[-69.74372,-14.69301],[-69.74374,-14.69822],[-69.75689,-14.70669],[-69.75782,-14.71187],[-69.74567,-14.72862],[-69.7499,-14.73741],[-69.74526,-14.7491],[-69.74622,-14.7591],[-69.74324,-14.76283],[-69.74678,-14.77356],[-69.74111,-14.77831],[-69.74606,-14.78946],[-69.74311,-14.81756]]]}},{"type":"Feature","properties":{"ubigeo":"211002","nombre":"Ananea"},"geometry":{"type":"Polygon","coordinates":[[[-69.44697,-14.59742],[-69.44467,-14.61163],[-69.42622,-14.61285],[-69.41273,-14.62111],[-69.39132,-14.61758],[-69.37206,-14.61032],[-69.36666,-14.61546],[-69.3483,-14.62344],[-69.34854,-14.62807],[-69.33843,-14.62837],[-69.32178,-14.64663],[-69.30523,-14.65655],[-69.30113,-14.64755],[-69.29421,-14.64233],[-69.28591,-14.64143],[-69.28369,-14.64785],[-69.2766,-14.65341],[-69.27334,-14.66144],[-69.25374,-14.6754],[-69.25798,-14.68516],[-69.25186,-14.69442],[-69.25449,-14.69976],[-69.24084,-14.71722],[-69.2353,-14.7187],[-69.23426,-14.72644],[-69.22526,-14.7407],[-69.23994,-14.75947],[-69.26005,-14.76291],[-69.27085,-14.76957],[-69.2802,-14.76497],[-69.3012,-14.7653],[-69.3228,-14.77775],[-69.33599,-14.78875],[-69.33987,-14.79559],[-69.34565,-14.79334],[-69.3538,-14.80167],[-69.3873,-14.81602],[-69.4038,-14.82566],[-69.41028,-14.8385],[-69.41228,-14.85131],[-69.41565,-14.84576],[-69.435,-14.83868],[-69.43861,-14.8255],[-69.44797,-14.80485],[-69.44812,-14.79311],[-69.45138,-14.78532],[-69.45722,-14.78364],[-69.46593,-14.77032],[-69.47154,-14.7734],[-69.48029,-14.77217],[-69.49305,-14.76319],[-69.49755,-14.76374],[-69.5117,-14.7735],[-69.52157,-14.76521],[-69.52931,-14.76928],[-69.54274,-14.76252],[-69.55292,-14.75047],[-69.5558,-14.74172],[-69.57444,-14.7296],[-69.58198,-14.71819],[-69.58793,-14.7151],[-69.60037,-14.71868],[-69.57981,-14.74764],[-69.58081,-14.75247],[-69.59019,-14.76101],[-69.59213,-14.75515],[-69.6037,-14.7455],[-69.62389,-14.7405],[-69.62963,-14.74799],[-69.64058,-14.75055],[-69.64927,-14.74967],[-69.64547,-14.74107],[-69.65045,-14.72799],[-69.65708,-14.72723],[-69.66558,-14.71889],[-69.66272,-14.71362],[-69.68545,-14.69917],[-69.69349,-14.70075],[-69.6966,-14.70822],[-69.69574,-14.72132],[-69.69924,-14.72621],[-69.69311,-14.73193],[-69.69566,-14.73689],[-69.70343,-14.73957],[-69.70747,-14.75524],[-69.69713,-14.75733],[-69.69364,-14.76542],[-69.70128,-14.77375],[-69.70739,-14.78937],[-69.70473,-14.79465],[-69.7066,-14.81007],[-69.71197,-14.81458],[-69.72034,-14.81248],[-69.73273,-14.81976],[-69.74311,-14.81756],[-69.74606,-14.78946],[-69.74111,-14.77831],[-69.74678,-14.77356],[-69.74324,-14.76283],[-69.74622,-14.7591],[-69.74526,-14.7491],[-69.7499,-14.73741],[-69.74567,-14.72862],[-69.75782,-14.71187],[-69.75689,-14.70669],[-69.74374,-14.69822],[-69.74372,-14.69301],[-69.75017,-14.68334],[-69.74594,-14.6677],[-69.75725,-14.65812],[-69.75144,-14.62932],[-69.74596,-14.61656],[-69.73042,-14.60638],[-69.7135,-14.60465],[-69.70867,-14.59319],[-69.71051,-14.58834],[-69.71896,-14.58895],[-69.72534,-14.57648],[-69.71949,-14.57245],[-69.71827,-14.55764],[-69.71409,-14.54285],[-69.71354,-14.53281],[-69.70889,-14.52011],[-69.71092,-14.50939],[-69.69096,-14.51782],[-69.6721,-14.52362],[-69.66664,-14.53104],[-69.66651,-14.53704],[-69.66109,-14.54184],[-69.66131,-14.57077],[-69.65967,-14.58816],[-69.65755,-14.58937],[-69.65813,-14.60509],[-69.65353,-14.61539],[-69.64575,-14.61738],[-69.63545,-14.62586],[-69.62257,-14.65488],[-69.61221,-14.66182],[-69.58176,-14.62722],[-69.57488,-14.6292],[-69.54891,-14.6269],[-69.53887,-14.61136],[-69.52991,-14.61151],[-69.52462,-14.60369],[-69.51445,-14.60158],[-69.50677,-14.60737],[-69.49277,-14.59269],[-69.46268,-14.58714],[-69.44697,-14.59742]]]}},{"type":"Feature","properties":{"ubigeo":"211003","nombre":"Pedro Vilca Apaza"},"geometry":{"type":"Polygon","coordinates":[[[-69.86731,-15.0519],[-69.86929,-15.06544],[-69.87665,-15.06978],[-69.88519,-15.08386],[-69.87494,-15.08719],[-69.87787,-15.09423],[-69.87661,-15.10876],[-69.88473,-15.10278],[-69.89826,-15.1108],[-69.91111,-15.09508],[-69.91728,-15.09792],[-69.92188,-15.09098],[-69.91604,-15.07953],[-69.92407,-15.06956],[-69.92229,-15.05915],[-69.94331,-15.05698],[-69.95117,-15.05156],[-69.95346,-15.04531],[-69.9669,-15.02965],[-69.96787,-15.02487],[-69.96345,-15.01561],[-69.9626,-14.99885],[-69.96697,-14.99242],[-69.96145,-14.98669],[-69.96226,-14.97566],[-69.95925,-14.96072],[-69.97611,-14.94401],[-69.96592,-14.92545],[-69.95725,-14.92809],[-69.94892,-14.93571],[-69.93974,-14.9378],[-69.92951,-14.94814],[-69.92158,-14.95011],[-69.91409,-14.95938],[-69.90984,-14.9711],[-69.90245,-14.97083],[-69.89615,-14.97558],[-69.88825,-14.98985],[-69.86946,-15.00066],[-69.85181,-15.00824],[-69.84852,-15.00758],[-69.84921,-15.01365],[-69.84322,-15.01915],[-69.85235,-15.03317],[-69.85133,-15.04242],[-69.86731,-15.0519]]]}},{"type":"Feature","properties":{"ubigeo":"211004","nombre":"Quilcapuncu"},"geometry":{"type":"Polygon","coordinates":[[[-69.54179,-14.92943],[-69.55157,-14.92855],[-69.5625,-14.92304],[-69.56753,-14.91595],[-69.57634,-14.91722],[-69.58291,-14.91372],[-69.6138,-14.91396],[-69.61538,-14.92928],[-69.62331,-14.93763],[-69.62224,-14.94971],[-69.62771,-14.94854],[-69.6365,-14.95505],[-69.65367,-14.94404],[-69.66088,-14.94351],[-69.67493,-14.95153],[-69.69683,-14.95299],[-69.70554,-14.95794],[-69.71239,-14.95419],[-69.71276,-14.9604],[-69.72937,-14.97592],[-69.72539,-14.98493],[-69.73094,-14.99769],[-69.74586,-14.99447],[-69.74592,-14.98934],[-69.75958,-14.97576],[-69.75873,-14.96898],[-69.7649,-14.96336],[-69.77482,-14.95963],[-69.76351,-14.93643],[-69.77134,-14.92695],[-69.77793,-14.92409],[-69.7799,-14.91701],[-69.7673,-14.91451],[-69.75437,-14.90444],[-69.74908,-14.89483],[-69.73059,-14.8769],[-69.73021,-14.86866],[-69.73434,-14.8517],[-69.73809,-14.84723],[-69.7486,-14.84473],[-69.74311,-14.81756],[-69.73273,-14.81976],[-69.72034,-14.81248],[-69.71197,-14.81458],[-69.7066,-14.81007],[-69.70473,-14.79465],[-69.70739,-14.78937],[-69.70128,-14.77375],[-69.69364,-14.76542],[-69.69713,-14.75733],[-69.70747,-14.75524],[-69.70343,-14.73957],[-69.69566,-14.73689],[-69.69311,-14.73193],[-69.69924,-14.72621],[-69.69574,-14.72132],[-69.6966,-14.70822],[-69.69349,-14.70075],[-69.68545,-14.69917],[-69.66272,-14.71362],[-69.66558,-14.71889],[-69.65708,-14.72723],[-69.65045,-14.72799],[-69.64547,-14.74107],[-69.64927,-14.74967],[-69.64058,-14.75055],[-69.62963,-14.74799],[-69.62389,-14.7405],[-69.6037,-14.7455],[-69.59213,-14.75515],[-69.59019,-14.76101],[-69.58081,-14.75247],[-69.57981,-14.74764],[-69.60037,-14.71868],[-69.58793,-14.7151],[-69.58198,-14.71819],[-69.57444,-14.7296],[-69.5558,-14.74172],[-69.55292,-14.75047],[-69.54274,-14.76252],[-69.52931,-14.76928],[-69.52157,-14.76521],[-69.5117,-14.7735],[-69.51171,-14.78206],[-69.50092,-14.79881],[-69.51095,-14.82086],[-69.51632,-14.82078],[-69.52966,-14.84296],[-69.5296,-14.85797],[-69.51766,-14.87617],[-69.53952,-14.91746],[-69.54179,-14.92943]]]}},{"type":"Feature","properties":{"ubigeo":"211005","nombre":"Sina"},"geometry":{"type":"Polygon","coordinates":[[[-69.25374,-14.6754],[-69.27334,-14.66144],[-69.2766,-14.65341],[-69.28369,-14.64785],[-69.28591,-14.64143],[-69.29421,-14.64233],[-69.30113,-14.64755],[-69.30523,-14.65655],[-69.32178,-14.64663],[-69.33843,-14.62837],[-69.34854,-14.62807],[-69.3483,-14.62344],[-69.33132,-14.61592],[-69.3248,-14.60142],[-69.3332,-14.57642],[-69.32381,-14.57116],[-69.32347,-14.55872],[-69.31296,-14.54956],[-69.31725,-14.53397],[-69.31483,-14.52116],[-69.30817,-14.51991],[-69.30913,-14.5041],[-69.30383,-14.48711],[-69.29643,-14.48554],[-69.29521,-14.46788],[-69.29062,-14.44997],[-69.28917,-14.42495],[-69.29691,-14.41623],[-69.30313,-14.40156],[-69.27966,-14.36018],[-69.27043,-14.34607],[-69.26946,-14.33351],[-69.27105,-14.31374],[-69.27408,-14.31132],[-69.26346,-14.30628],[-69.24528,-14.31682],[-69.22847,-14.34376],[-69.23442,-14.3494],[-69.23121,-14.35859],[-69.23155,-14.38388],[-69.2186,-14.39237],[-69.2209,-14.41689],[-69.22505,-14.42735],[-69.22049,-14.43927],[-69.20871,-14.43749],[-69.19877,-14.44052],[-69.18699,-14.44043],[-69.17212,-14.4457],[-69.1488,-14.45132],[-69.1427,-14.45507],[-69.13664,-14.46694],[-69.12871,-14.47258],[-69.12739,-14.47784],[-69.11391,-14.4878],[-69.11538,-14.50256],[-69.12473,-14.51264],[-69.1406,-14.51343],[-69.15424,-14.52208],[-69.14354,-14.53026],[-69.14764,-14.54369],[-69.14667,-14.55736],[-69.14963,-14.56133],[-69.14683,-14.57183],[-69.15003,-14.58031],[-69.1654,-14.58871],[-69.17833,-14.59041],[-69.18989,-14.58613],[-69.202,-14.58559],[-69.22004,-14.58156],[-69.22262,-14.59385],[-69.22988,-14.60049],[-69.23051,-14.61469],[-69.22551,-14.62858],[-69.22967,-14.65669],[-69.2424,-14.65937],[-69.24828,-14.67084],[-69.25374,-14.6754]]]}},{"type":"Feature","properties":{"ubigeo":"211101","nombre":"Juliaca"},"geometry":{"type":"Polygon","coordinates":[[[-70.21017,-15.56862],[-70.21917,-15.54931],[-70.23254,-15.5549],[-70.26096,-15.57674],[-70.26801,-15.56889],[-70.26898,-15.56051],[-70.25733,-15.55155],[-70.26061,-15.54038],[-70.26544,-15.53713],[-70.26798,-15.52676],[-70.27297,-15.52197],[-70.27081,-15.51094],[-70.2823,-15.49949],[-70.29674,-15.48874],[-70.29337,-15.47725],[-70.28748,-15.46825],[-70.30105,-15.46812],[-70.30681,-15.45899],[-70.31583,-15.45707],[-70.32778,-15.44559],[-70.32432,-15.4387],[-70.33761,-15.42665],[-70.3411,-15.41516],[-70.33991,-15.40961],[-70.33157,-15.40506],[-70.3336,-15.40024],[-70.32753,-15.39304],[-70.31539,-15.39579],[-70.30533,-15.38612],[-70.27515,-15.40212],[-70.2687,-15.39548],[-70.26687,-15.37494],[-70.28199,-15.3583],[-70.29237,-15.35422],[-70.28765,-15.34826],[-70.28641,-15.33816],[-70.27764,-15.33696],[-70.27574,-15.31393],[-70.26805,-15.32145],[-70.25397,-15.3302],[-70.2317,-15.33705],[-70.21499,-15.35152],[-70.21167,-15.36052],[-70.20211,-15.36092],[-70.19063,-15.36656],[-70.18074,-15.37699],[-70.18998,-15.39125],[-70.19087,-15.40655],[-70.16329,-15.42338],[-70.14877,-15.42889],[-70.14033,-15.43636],[-70.14155,-15.44741],[-70.13589,-15.48121],[-70.12855,-15.48017],[-70.12443,-15.48488],[-70.11231,-15.47271],[-70.10736,-15.46411],[-70.10015,-15.46986],[-70.09632,-15.46725],[-70.08329,-15.47045],[-70.08592,-15.47548],[-70.07645,-15.47502],[-70.07393,-15.48763],[-70.06999,-15.49274],[-70.07049,-15.5059],[-70.07642,-15.51717],[-70.09404,-15.51223],[-70.10127,-15.53834],[-70.14289,-15.53539],[-70.15404,-15.55391],[-70.17622,-15.55719],[-70.21017,-15.56862]]]}},{"type":"Feature","properties":{"ubigeo":"211102","nombre":"Cabana"},"geometry":{"type":"Polygon","coordinates":[[[-70.20343,-15.62646],[-70.20534,-15.64251],[-70.21694,-15.64733],[-70.23322,-15.66576],[-70.2406,-15.66611],[-70.24624,-15.67554],[-70.25762,-15.67327],[-70.26372,-15.67671],[-70.26897,-15.69207],[-70.28079,-15.69384],[-70.2897,-15.70188],[-70.30489,-15.72753],[-70.31279,-15.7369],[-70.32367,-15.7279],[-70.34143,-15.72613],[-70.34927,-15.72811],[-70.35858,-15.73599],[-70.37632,-15.74101],[-70.37958,-15.73612],[-70.37963,-15.72708],[-70.36709,-15.7137],[-70.36585,-15.70747],[-70.35753,-15.69401],[-70.34238,-15.68969],[-70.3342,-15.66878],[-70.34219,-15.65922],[-70.33479,-15.64588],[-70.32638,-15.64405],[-70.3292,-15.61981],[-70.32237,-15.61285],[-70.31909,-15.60303],[-70.31202,-15.60377],[-70.30143,-15.58847],[-70.29323,-15.58754],[-70.28162,-15.56811],[-70.26898,-15.56051],[-70.26801,-15.56889],[-70.26096,-15.57674],[-70.23254,-15.5549],[-70.21917,-15.54931],[-70.21017,-15.56862],[-70.21001,-15.57412],[-70.19292,-15.60211],[-70.20961,-15.62311],[-70.20343,-15.62646]]]}},{"type":"Feature","properties":{"ubigeo":"211103","nombre":"Cabanillas"},"geometry":{"type":"Polygon","coordinates":[[[-70.56289,-15.9825],[-70.56997,-15.98898],[-70.57856,-15.99073],[-70.58749,-15.98794],[-70.59231,-15.99157],[-70.61237,-15.99477],[-70.62477,-16.00302],[-70.64137,-15.98809],[-70.65684,-16.0038],[-70.66074,-16.00408],[-70.66918,-16.01378],[-70.67312,-16.01202],[-70.68294,-16.02129],[-70.69212,-16.02295],[-70.7054,-16.03176],[-70.71844,-16.03405],[-70.72859,-16.03141],[-70.73597,-16.02016],[-70.74156,-16.01606],[-70.7564,-16.01352],[-70.76511,-16.01775],[-70.77446,-16.01383],[-70.77961,-16.00696],[-70.79535,-15.9924],[-70.79321,-15.98609],[-70.79997,-15.97596],[-70.80429,-15.98466],[-70.81117,-15.98668],[-70.8202,-15.97847],[-70.82655,-15.97851],[-70.84195,-15.971],[-70.84087,-15.95884],[-70.8322,-15.9491],[-70.83917,-15.94425],[-70.83683,-15.94002],[-70.84534,-15.92193],[-70.85545,-15.9058],[-70.86049,-15.90288],[-70.86578,-15.88939],[-70.87497,-15.88763],[-70.88591,-15.89346],[-70.89382,-15.88691],[-70.89626,-15.87671],[-70.8935,-15.86671],[-70.89537,-15.85991],[-70.89054,-15.85125],[-70.88835,-15.84155],[-70.8692,-15.83727],[-70.86557,-15.82865],[-70.85305,-15.8183],[-70.84477,-15.80586],[-70.83231,-15.80931],[-70.82546,-15.80733],[-70.81386,-15.8144],[-70.81356,-15.79334],[-70.79726,-15.78032],[-70.76986,-15.7874],[-70.75636,-15.7778],[-70.74614,-15.77607],[-70.73728,-15.77956],[-70.72731,-15.78775],[-70.71669,-15.79023],[-70.71124,-15.78353],[-70.69205,-15.7941],[-70.67563,-15.78927],[-70.66268,-15.77319],[-70.65784,-15.76077],[-70.63382,-15.74491],[-70.6105,-15.75947],[-70.60424,-15.74743],[-70.59586,-15.7425],[-70.58631,-15.74089],[-70.57538,-15.72144],[-70.5708,-15.71968],[-70.56999,-15.72662],[-70.55434,-15.74086],[-70.54685,-15.73898],[-70.54659,-15.72422],[-70.54107,-15.71968],[-70.53462,-15.69631],[-70.52595,-15.68741],[-70.51489,-15.685],[-70.51579,-15.68095],[-70.50462,-15.68037],[-70.49901,-15.67401],[-70.49363,-15.67737],[-70.49115,-15.66784],[-70.47847,-15.66273],[-70.47477,-15.657],[-70.46514,-15.65435],[-70.46004,-15.66102],[-70.43957,-15.67508],[-70.42918,-15.67727],[-70.41303,-15.67346],[-70.39914,-15.67589],[-70.39185,-15.67134],[-70.37573,-15.66968],[-70.36661,-15.66429],[-70.3559,-15.64093],[-70.34902,-15.63877],[-70.34672,-15.63249],[-70.34082,-15.632],[-70.3292,-15.61981],[-70.32638,-15.64405],[-70.33479,-15.64588],[-70.34219,-15.65922],[-70.3342,-15.66878],[-70.34238,-15.68969],[-70.35753,-15.69401],[-70.36585,-15.70747],[-70.36709,-15.7137],[-70.37963,-15.72708],[-70.37958,-15.73612],[-70.39337,-15.73015],[-70.4033,-15.73011],[-70.41308,-15.73475],[-70.42452,-15.74469],[-70.41974,-15.75669],[-70.42489,-15.76552],[-70.43499,-15.77404],[-70.43842,-15.78715],[-70.42871,-15.80498],[-70.42187,-15.81086],[-70.41906,-15.81941],[-70.42281,-15.82731],[-70.43073,-15.83208],[-70.42765,-15.84889],[-70.43299,-15.85805],[-70.44326,-15.86198],[-70.44961,-15.88184],[-70.44617,-15.89573],[-70.45514,-15.90109],[-70.47295,-15.90701],[-70.47928,-15.9112],[-70.48441,-15.92384],[-70.47949,-15.93211],[-70.48081,-15.9465],[-70.50414,-15.95898],[-70.50755,-15.96763],[-70.51755,-15.97645],[-70.54639,-15.97818],[-70.55148,-15.97694],[-70.56289,-15.9825]]]}},{"type":"Feature","properties":{"ubigeo":"211104","nombre":"Caracoto"},"geometry":{"type":"Polygon","coordinates":[[[-69.96831,-15.53571],[-69.96211,-15.53889],[-69.96178,-15.54681],[-69.97044,-15.54963],[-69.98041,-15.5467],[-69.98627,-15.55311],[-69.9901,-15.55134],[-69.98823,-15.54331],[-69.99559,-15.54228],[-70.00163,-15.55211],[-70.00934,-15.55182],[-70.01036,-15.55638],[-69.99818,-15.55965],[-70.00759,-15.56307],[-70.02573,-15.5655],[-70.03139,-15.57493],[-70.04264,-15.58762],[-70.05893,-15.60188],[-70.06741,-15.61956],[-70.07526,-15.62867],[-70.08466,-15.63304],[-70.08394,-15.64195],[-70.08374,-15.64246],[-70.11871,-15.6372],[-70.12911,-15.64234],[-70.13298,-15.65127],[-70.14547,-15.66988],[-70.1503,-15.66427],[-70.14906,-15.65671],[-70.1603,-15.65308],[-70.1632,-15.64437],[-70.17058,-15.63417],[-70.17954,-15.62664],[-70.1838,-15.62934],[-70.19163,-15.61887],[-70.20186,-15.61734],[-70.20343,-15.62646],[-70.20961,-15.62311],[-70.19292,-15.60211],[-70.21001,-15.57412],[-70.21017,-15.56862],[-70.17622,-15.55719],[-70.15404,-15.55391],[-70.14289,-15.53539],[-70.10127,-15.53834],[-70.09404,-15.51223],[-70.07642,-15.51717],[-70.07049,-15.5059],[-70.06999,-15.49274],[-70.07393,-15.48763],[-70.07645,-15.47502],[-70.08592,-15.47548],[-70.08329,-15.47045],[-70.08097,-15.46636],[-70.08404,-15.45524],[-70.05986,-15.44949],[-70.05324,-15.44579],[-70.04215,-15.44687],[-70.0272,-15.43754],[-70.02599,-15.44724],[-70.02904,-15.45559],[-70.02559,-15.46008],[-70.0173,-15.46162],[-70.00378,-15.47041],[-70.00129,-15.48004],[-69.9953,-15.48158],[-69.99015,-15.48871],[-69.99705,-15.49525],[-69.99646,-15.50625],[-69.97276,-15.53598],[-69.96831,-15.53571]]]}},{"type":"Feature","properties":{"ubigeo":"211105","nombre":"San Miguel"},"geometry":{"type":"Polygon","coordinates":[[[-70.08404,-15.45524],[-70.08097,-15.46636],[-70.08329,-15.47045],[-70.09632,-15.46725],[-70.10015,-15.46986],[-70.10736,-15.46411],[-70.11231,-15.47271],[-70.12443,-15.48488],[-70.12855,-15.48017],[-70.13589,-15.48121],[-70.14155,-15.44741],[-70.14033,-15.43636],[-70.14877,-15.42889],[-70.16329,-15.42338],[-70.19087,-15.40655],[-70.18998,-15.39125],[-70.18074,-15.37699],[-70.16962,-15.36647],[-70.16975,-15.36345],[-70.15924,-15.35484],[-70.13203,-15.33382],[-70.10731,-15.34516],[-70.09594,-15.3756],[-70.09488,-15.38389],[-70.09471,-15.38368],[-70.09076,-15.38997],[-70.07878,-15.3876],[-70.07112,-15.39921],[-70.07872,-15.39835],[-70.08137,-15.40473],[-70.07113,-15.42524],[-70.07819,-15.43876],[-70.07519,-15.44474],[-70.0824,-15.44952],[-70.08404,-15.45524]]]}},{"type":"Feature","properties":{"ubigeo":"211201","nombre":"Sandia"},"geometry":{"type":"Polygon","coordinates":[[[-69.29044,-14.27531],[-69.29136,-14.27966],[-69.30994,-14.29164],[-69.31816,-14.29887],[-69.32656,-14.31737],[-69.33397,-14.32162],[-69.34712,-14.33477],[-69.3602,-14.33477],[-69.36874,-14.33926],[-69.37282,-14.35132],[-69.38254,-14.35571],[-69.38126,-14.36859],[-69.38811,-14.37596],[-69.39665,-14.38031],[-69.39648,-14.38731],[-69.39151,-14.39288],[-69.4,-14.40782],[-69.401,-14.41539],[-69.40823,-14.4174],[-69.40922,-14.42657],[-69.40068,-14.43854],[-69.40807,-14.44508],[-69.41311,-14.46538],[-69.42827,-14.47811],[-69.43751,-14.47698],[-69.44778,-14.4692],[-69.45369,-14.45229],[-69.46488,-14.44051],[-69.46482,-14.43054],[-69.47315,-14.42073],[-69.48312,-14.41461],[-69.48599,-14.40861],[-69.49536,-14.41871],[-69.51324,-14.42726],[-69.52326,-14.41611],[-69.5363,-14.41716],[-69.54655,-14.42628],[-69.55546,-14.42584],[-69.5616,-14.42926],[-69.57052,-14.42605],[-69.58044,-14.42722],[-69.58189,-14.42057],[-69.58925,-14.41643],[-69.57387,-14.40953],[-69.57232,-14.39817],[-69.57419,-14.38006],[-69.56913,-14.37347],[-69.56766,-14.36378],[-69.57041,-14.3522],[-69.56203,-14.3457],[-69.55712,-14.3379],[-69.5557,-14.32521],[-69.55008,-14.31917],[-69.53971,-14.30163],[-69.53381,-14.30037],[-69.53748,-14.28516],[-69.55196,-14.26079],[-69.54715,-14.25218],[-69.54673,-14.24187],[-69.5394,-14.23052],[-69.52954,-14.21071],[-69.52175,-14.20182],[-69.516,-14.18028],[-69.50837,-14.16866],[-69.48802,-14.168],[-69.47651,-14.17272],[-69.44969,-14.16532],[-69.44339,-14.1597],[-69.43019,-14.15591],[-69.42158,-14.14445],[-69.41252,-14.14673],[-69.40464,-14.14425],[-69.39113,-14.14851],[-69.37793,-14.14706],[-69.36738,-14.15392],[-69.35763,-14.1545],[-69.34953,-14.15856],[-69.34466,-14.1664],[-69.33325,-14.17347],[-69.31517,-14.17558],[-69.30129,-14.17502],[-69.2965,-14.18382],[-69.3056,-14.19264],[-69.30312,-14.20388],[-69.29679,-14.208],[-69.29696,-14.21968],[-69.29283,-14.23452],[-69.2848,-14.24516],[-69.29523,-14.26101],[-69.29044,-14.27531]]]}},{"type":"Feature","properties":{"ubigeo":"211202","nombre":"Cuyocuyo"},"geometry":{"type":"Polygon","coordinates":[[[-69.44697,-14.59742],[-69.46268,-14.58714],[-69.49277,-14.59269],[-69.50677,-14.60737],[-69.51445,-14.60158],[-69.52462,-14.60369],[-69.52991,-14.61151],[-69.53887,-14.61136],[-69.54891,-14.6269],[-69.57488,-14.6292],[-69.58176,-14.62722],[-69.61221,-14.66182],[-69.62257,-14.65488],[-69.63545,-14.62586],[-69.64575,-14.61738],[-69.65353,-14.61539],[-69.65813,-14.60509],[-69.65755,-14.58937],[-69.65967,-14.58816],[-69.66131,-14.57077],[-69.66109,-14.54184],[-69.66651,-14.53704],[-69.66664,-14.53104],[-69.6721,-14.52362],[-69.69096,-14.51782],[-69.6826,-14.49006],[-69.67762,-14.48077],[-69.65953,-14.45876],[-69.66216,-14.45051],[-69.64906,-14.44497],[-69.61345,-14.4352],[-69.60767,-14.42978],[-69.594,-14.42323],[-69.58925,-14.41643],[-69.58189,-14.42057],[-69.58044,-14.42722],[-69.57052,-14.42605],[-69.5616,-14.42926],[-69.55546,-14.42584],[-69.54655,-14.42628],[-69.5363,-14.41716],[-69.52326,-14.41611],[-69.51324,-14.42726],[-69.49536,-14.41871],[-69.48599,-14.40861],[-69.48312,-14.41461],[-69.47315,-14.42073],[-69.46482,-14.43054],[-69.46488,-14.44051],[-69.45369,-14.45229],[-69.44778,-14.4692],[-69.43751,-14.47698],[-69.43234,-14.49657],[-69.43233,-14.50552],[-69.43594,-14.51906],[-69.44439,-14.53306],[-69.43099,-14.54876],[-69.42838,-14.55775],[-69.4363,-14.56507],[-69.43315,-14.57919],[-69.43496,-14.58742],[-69.44334,-14.59086],[-69.44697,-14.59742]]]}},{"type":"Feature","properties":{"ubigeo":"211203","nombre":"Limbani"},"geometry":{"type":"Polygon","coordinates":[[[-69.55128,-13.91559],[-69.57693,-13.91741],[-69.58415,-13.9251],[-69.59201,-13.92553],[-69.60131,-13.92088],[-69.59869,-13.91574],[-69.60801,-13.91894],[-69.611,-13.93083],[-69.62185,-13.9412],[-69.62158,-13.94719],[-69.6136,-13.955],[-69.61404,-13.96254],[-69.62108,-13.96879],[-69.61851,-13.97229],[-69.61956,-13.98374],[-69.62751,-13.98734],[-69.62978,-13.9952],[-69.64193,-14.00644],[-69.63368,-14.01308],[-69.62929,-14.02279],[-69.61342,-14.03569],[-69.60889,-14.04287],[-69.61237,-14.05235],[-69.62152,-14.06189],[-69.62288,-14.06954],[-69.62949,-14.07406],[-69.63404,-14.0841],[-69.64676,-14.10233],[-69.65732,-14.10999],[-69.66895,-14.10354],[-69.68593,-14.10664],[-69.67249,-14.12775],[-69.67613,-14.13968],[-69.67803,-14.15937],[-69.67409,-14.17361],[-69.68349,-14.18452],[-69.68116,-14.19673],[-69.69129,-14.20096],[-69.69734,-14.2214],[-69.70746,-14.22556],[-69.70598,-14.22917],[-69.71944,-14.25599],[-69.71904,-14.26514],[-69.71274,-14.26751],[-69.71526,-14.27731],[-69.7275,-14.28098],[-69.72815,-14.28602],[-69.73727,-14.30232],[-69.73209,-14.31843],[-69.73626,-14.33375],[-69.7574,-14.33562],[-69.76667,-14.32845],[-69.76856,-14.31889],[-69.78323,-14.31199],[-69.78053,-14.30507],[-69.78153,-14.2848],[-69.78633,-14.27499],[-69.79937,-14.26833],[-69.81281,-14.27137],[-69.81711,-14.26893],[-69.83124,-14.26932],[-69.84007,-14.27463],[-69.84336,-14.26632],[-69.84903,-14.26383],[-69.85321,-14.25424],[-69.84994,-14.25147],[-69.84913,-14.23694],[-69.85119,-14.2322],[-69.84361,-14.22234],[-69.8501,-14.21402],[-69.84162,-14.20724],[-69.83897,-14.19442],[-69.82678,-14.1737],[-69.82333,-14.1619],[-69.82629,-14.14589],[-69.83303,-14.14325],[-69.83291,-14.13817],[-69.82137,-14.13152],[-69.81521,-14.11173],[-69.8088,-14.10474],[-69.8059,-14.08283],[-69.79755,-14.07142],[-69.77959,-14.05422],[-69.77817,-14.04582],[-69.77003,-14.03908],[-69.7632,-14.03059],[-69.75319,-14.035],[-69.74098,-14.0293],[-69.72519,-14.01878],[-69.7232,-13.97697],[-69.71581,-13.96492],[-69.70493,-13.9521],[-69.70221,-13.93578],[-69.67579,-13.92063],[-69.66436,-13.90143],[-69.6635,-13.88464],[-69.67163,-13.87392],[-69.677,-13.87081],[-69.69853,-13.86638],[-69.70852,-13.85886],[-69.72002,-13.84174],[-69.72737,-13.84187],[-69.73428,-13.83064],[-69.73246,-13.81169],[-69.74944,-13.80573],[-69.75309,-13.79606],[-69.76171,-13.79224],[-69.76332,-13.78521],[-69.7759,-13.77417],[-69.77912,-13.7661],[-69.77743,-13.76049],[-69.78574,-13.75072],[-69.7842,-13.74312],[-69.7787,-13.7389],[-69.76802,-13.74491],[-69.76197,-13.73806],[-69.75372,-13.73789],[-69.75389,-13.72606],[-69.74843,-13.7179],[-69.75149,-13.71253],[-69.74601,-13.6906],[-69.75251,-13.67724],[-69.74416,-13.65861],[-69.73514,-13.64912],[-69.73157,-13.63875],[-69.72653,-13.63375],[-69.72647,-13.62381],[-69.72233,-13.61727],[-69.72342,-13.61034],[-69.71878,-13.60345],[-69.72513,-13.59596],[-69.71287,-13.56203],[-69.71404,-13.55745],[-69.70744,-13.54652],[-69.71142,-13.54208],[-69.7096,-13.53484],[-69.70194,-13.53413],[-69.69748,-13.51906],[-69.7152,-13.52074],[-69.71968,-13.51305],[-69.7365,-13.50792],[-69.72879,-13.49415],[-69.72203,-13.49257],[-69.71314,-13.50558],[-69.7044,-13.49967],[-69.69098,-13.50446],[-69.68164,-13.49984],[-69.67191,-13.48436],[-69.66895,-13.47521],[-69.6715,-13.46681],[-69.6792,-13.46184],[-69.67617,-13.45581],[-69.66716,-13.45484],[-69.65626,-13.45938],[-69.65007,-13.43289],[-69.65118,-13.42674],[-69.64486,-13.41941],[-69.64135,-13.40814],[-69.63276,-13.4063],[-69.64701,-13.39176],[-69.65367,-13.38145],[-69.65511,-13.37153],[-69.64986,-13.34172],[-69.64749,-13.34131],[-69.64339,-13.35139],[-69.62977,-13.36404],[-69.61102,-13.36823],[-69.59707,-13.3659],[-69.58185,-13.36754],[-69.56321,-13.36227],[-69.55718,-13.3665],[-69.55673,-13.37732],[-69.56098,-13.38725],[-69.55148,-13.3933],[-69.53389,-13.40011],[-69.52246,-13.40122],[-69.50513,-13.39851],[-69.49416,-13.39405],[-69.48542,-13.39531],[-69.48195,-13.40214],[-69.48328,-13.41079],[-69.4746,-13.4378],[-69.46262,-13.43947],[-69.46989,-13.44314],[-69.4661,-13.46054],[-69.4568,-13.47241],[-69.46496,-13.47308],[-69.47602,-13.48253],[-69.47781,-13.4911],[-69.47441,-13.49354],[-69.4742,-13.50801],[-69.4701,-13.5128],[-69.45601,-13.51192],[-69.45109,-13.51579],[-69.45521,-13.52358],[-69.4548,-13.5341],[-69.44599,-13.53808],[-69.44643,-13.54301],[-69.46994,-13.55799],[-69.46425,-13.566],[-69.47129,-13.57751],[-69.46843,-13.58469],[-69.47322,-13.59251],[-69.47347,-13.60221],[-69.46135,-13.60951],[-69.45719,-13.61538],[-69.44124,-13.6164],[-69.43932,-13.62217],[-69.42738,-13.6216],[-69.41337,-13.62469],[-69.41316,-13.6299],[-69.40627,-13.63418],[-69.39682,-13.63275],[-69.38982,-13.63915],[-69.39109,-13.64445],[-69.38335,-13.65217],[-69.38132,-13.66333],[-69.37136,-13.66746],[-69.36351,-13.68008],[-69.35545,-13.68642],[-69.36129,-13.7097],[-69.34905,-13.72113],[-69.35277,-13.73047],[-69.33483,-13.75019],[-69.3342,-13.76195],[-69.32823,-13.77094],[-69.33026,-13.78681],[-69.33872,-13.80056],[-69.34742,-13.80148],[-69.35121,-13.81113],[-69.34326,-13.82628],[-69.3486,-13.8393],[-69.35597,-13.84199],[-69.35731,-13.84911],[-69.36406,-13.85324],[-69.36645,-13.8676],[-69.38841,-13.86348],[-69.39931,-13.85471],[-69.40384,-13.84268],[-69.41809,-13.84087],[-69.42179,-13.8329],[-69.42988,-13.83417],[-69.4425,-13.82715],[-69.45588,-13.82507],[-69.46114,-13.82844],[-69.47462,-13.85467],[-69.49228,-13.84797],[-69.49885,-13.84151],[-69.51025,-13.8501],[-69.51545,-13.85095],[-69.53516,-13.84494],[-69.54082,-13.8513],[-69.54914,-13.85213],[-69.57004,-13.86745],[-69.57065,-13.88537],[-69.55919,-13.89749],[-69.55248,-13.9082],[-69.55128,-13.91559]]]}},{"type":"Feature","properties":{"ubigeo":"211204","nombre":"Patambuco"},"geometry":{"type":"Polygon","coordinates":[[[-69.58925,-14.41643],[-69.594,-14.42323],[-69.60767,-14.42978],[-69.61345,-14.4352],[-69.64906,-14.44497],[-69.66216,-14.45051],[-69.66878,-14.44314],[-69.6816,-14.44131],[-69.6867,-14.42221],[-69.70274,-14.416],[-69.71546,-14.42356],[-69.72407,-14.41808],[-69.72932,-14.3911],[-69.72689,-14.37759],[-69.73266,-14.36595],[-69.73321,-14.35824],[-69.72786,-14.34969],[-69.73626,-14.33375],[-69.73209,-14.31843],[-69.73727,-14.30232],[-69.72815,-14.28602],[-69.7275,-14.28098],[-69.71526,-14.27731],[-69.71274,-14.26751],[-69.71904,-14.26514],[-69.71944,-14.25599],[-69.70598,-14.22917],[-69.70212,-14.23681],[-69.68775,-14.23539],[-69.68018,-14.22864],[-69.66851,-14.22264],[-69.66477,-14.22827],[-69.65967,-14.22118],[-69.64264,-14.2162],[-69.63724,-14.21002],[-69.62266,-14.21186],[-69.61822,-14.20742],[-69.60138,-14.20486],[-69.58992,-14.19863],[-69.58756,-14.19117],[-69.58227,-14.18878],[-69.56738,-14.17375],[-69.55044,-14.16289],[-69.54445,-14.15306],[-69.5353,-14.15097],[-69.52777,-14.15309],[-69.52374,-14.1617],[-69.50837,-14.16866],[-69.516,-14.18028],[-69.52175,-14.20182],[-69.52954,-14.21071],[-69.5394,-14.23052],[-69.54673,-14.24187],[-69.54715,-14.25218],[-69.55196,-14.26079],[-69.53748,-14.28516],[-69.53381,-14.30037],[-69.53971,-14.30163],[-69.55008,-14.31917],[-69.5557,-14.32521],[-69.55712,-14.3379],[-69.56203,-14.3457],[-69.57041,-14.3522],[-69.56766,-14.36378],[-69.56913,-14.37347],[-69.57419,-14.38006],[-69.57232,-14.39817],[-69.57387,-14.40953],[-69.58925,-14.41643]]]}},{"type":"Feature","properties":{"ubigeo":"211205","nombre":"Phara"},"geometry":{"type":"Polygon","coordinates":[[[-69.54445,-14.15306],[-69.55044,-14.16289],[-69.56738,-14.17375],[-69.58227,-14.18878],[-69.58756,-14.19117],[-69.58992,-14.19863],[-69.60138,-14.20486],[-69.61822,-14.20742],[-69.62266,-14.21186],[-69.63724,-14.21002],[-69.64264,-14.2162],[-69.65967,-14.22118],[-69.66477,-14.22827],[-69.66851,-14.22264],[-69.68018,-14.22864],[-69.68775,-14.23539],[-69.70212,-14.23681],[-69.70598,-14.22917],[-69.70746,-14.22556],[-69.69734,-14.2214],[-69.69129,-14.20096],[-69.68116,-14.19673],[-69.68349,-14.18452],[-69.67409,-14.17361],[-69.67803,-14.15937],[-69.67613,-14.13968],[-69.67249,-14.12775],[-69.68593,-14.10664],[-69.66895,-14.10354],[-69.65732,-14.10999],[-69.64676,-14.10233],[-69.63404,-14.0841],[-69.62949,-14.07406],[-69.62288,-14.06954],[-69.62152,-14.06189],[-69.61237,-14.05235],[-69.60889,-14.04287],[-69.61342,-14.03569],[-69.62929,-14.02279],[-69.63368,-14.01308],[-69.64193,-14.00644],[-69.62978,-13.9952],[-69.62751,-13.98734],[-69.61956,-13.98374],[-69.61851,-13.97229],[-69.62108,-13.96879],[-69.61404,-13.96254],[-69.6136,-13.955],[-69.62158,-13.94719],[-69.62185,-13.9412],[-69.611,-13.93083],[-69.60801,-13.91894],[-69.59869,-13.91574],[-69.60131,-13.92088],[-69.59201,-13.92553],[-69.58415,-13.9251],[-69.57693,-13.91741],[-69.55128,-13.91559],[-69.54809,-13.91807],[-69.53193,-13.91684],[-69.52351,-13.92391],[-69.51268,-13.92352],[-69.50888,-13.93518],[-69.51251,-13.94094],[-69.50819,-13.95287],[-69.50316,-13.95349],[-69.49179,-13.96886],[-69.49277,-13.98156],[-69.48586,-13.99722],[-69.48842,-14.01184],[-69.48599,-14.02026],[-69.49274,-14.03254],[-69.50163,-14.0342],[-69.51119,-14.04373],[-69.51237,-14.05539],[-69.50771,-14.07594],[-69.51231,-14.08201],[-69.51387,-14.09762],[-69.53884,-14.11672],[-69.53875,-14.12832],[-69.54139,-14.13977],[-69.54533,-14.14461],[-69.54445,-14.15306]]]}},{"type":"Feature","properties":{"ubigeo":"211206","nombre":"Quiaca"},"geometry":{"type":"Polygon","coordinates":[[[-69.3483,-14.62344],[-69.36666,-14.61546],[-69.37206,-14.61032],[-69.39132,-14.61758],[-69.41273,-14.62111],[-69.42622,-14.61285],[-69.44467,-14.61163],[-69.44697,-14.59742],[-69.44334,-14.59086],[-69.43496,-14.58742],[-69.43315,-14.57919],[-69.4363,-14.56507],[-69.42838,-14.55775],[-69.43099,-14.54876],[-69.44439,-14.53306],[-69.43594,-14.51906],[-69.43233,-14.50552],[-69.43234,-14.49657],[-69.43751,-14.47698],[-69.42827,-14.47811],[-69.41311,-14.46538],[-69.40807,-14.44508],[-69.40068,-14.43854],[-69.40922,-14.42657],[-69.40823,-14.4174],[-69.401,-14.41539],[-69.4,-14.40782],[-69.39151,-14.39288],[-69.39648,-14.38731],[-69.39665,-14.38031],[-69.38811,-14.37596],[-69.38126,-14.36859],[-69.38254,-14.35571],[-69.37282,-14.35132],[-69.36874,-14.33926],[-69.3602,-14.33477],[-69.34712,-14.33477],[-69.33397,-14.32162],[-69.32656,-14.31737],[-69.31816,-14.29887],[-69.30994,-14.29164],[-69.29136,-14.27966],[-69.29044,-14.27531],[-69.27464,-14.29514],[-69.27408,-14.31132],[-69.27105,-14.31374],[-69.26946,-14.33351],[-69.27043,-14.34607],[-69.27966,-14.36018],[-69.30313,-14.40156],[-69.29691,-14.41623],[-69.28917,-14.42495],[-69.29062,-14.44997],[-69.29521,-14.46788],[-69.29643,-14.48554],[-69.30383,-14.48711],[-69.30913,-14.5041],[-69.30817,-14.51991],[-69.31483,-14.52116],[-69.31725,-14.53397],[-69.31296,-14.54956],[-69.32347,-14.55872],[-69.32381,-14.57116],[-69.3332,-14.57642],[-69.3248,-14.60142],[-69.33132,-14.61592],[-69.3483,-14.62344]]]}},{"type":"Feature","properties":{"ubigeo":"211207","nombre":"San Juan del Oro"},"geometry":{"type":"Polygon","coordinates":[[[-68.96961,-14.22537],[-68.96876,-14.235],[-68.98193,-14.23471],[-68.98881,-14.24444],[-69.00356,-14.23524],[-69.00939,-14.22836],[-69.01615,-14.2295],[-69.02666,-14.22283],[-69.03672,-14.22068],[-69.03882,-14.21576],[-69.0476,-14.21301],[-69.06473,-14.20083],[-69.07129,-14.20451],[-69.07372,-14.21201],[-69.08779,-14.22699],[-69.09661,-14.25208],[-69.11143,-14.26208],[-69.1207,-14.26328],[-69.12986,-14.25037],[-69.13655,-14.24569],[-69.15095,-14.22879],[-69.16387,-14.22799],[-69.18053,-14.22188],[-69.19632,-14.21891],[-69.21265,-14.20551],[-69.21735,-14.20506],[-69.19751,-14.19377],[-69.20156,-14.18677],[-69.2047,-14.16773],[-69.20356,-14.16313],[-69.18467,-14.1383],[-69.17932,-14.13814],[-69.1746,-14.14612],[-69.16476,-14.14844],[-69.15951,-14.14595],[-69.15225,-14.14924],[-69.14306,-14.14567],[-69.13633,-14.14663],[-69.13268,-14.14063],[-69.11874,-14.14067],[-69.11583,-14.14637],[-69.10879,-14.1472],[-69.10128,-14.14274],[-69.08334,-14.15173],[-69.06762,-14.1553],[-69.05914,-14.16876],[-69.05423,-14.17118],[-69.04949,-14.16433],[-69.02028,-14.16755],[-69.01058,-14.16612],[-68.99545,-14.15984],[-68.99142,-14.16161],[-68.99371,-14.18297],[-68.98163,-14.19588],[-68.98177,-14.21176],[-68.97589,-14.2146],[-68.96961,-14.22537]]]}},{"type":"Feature","properties":{"ubigeo":"211208","nombre":"Yanahuaya"},"geometry":{"type":"Polygon","coordinates":[[[-69.11391,-14.4878],[-69.12739,-14.47784],[-69.12871,-14.47258],[-69.13664,-14.46694],[-69.1427,-14.45507],[-69.1488,-14.45132],[-69.17212,-14.4457],[-69.18699,-14.44043],[-69.19877,-14.44052],[-69.20871,-14.43749],[-69.22049,-14.43927],[-69.22505,-14.42735],[-69.2209,-14.41689],[-69.2186,-14.39237],[-69.23155,-14.38388],[-69.23121,-14.35859],[-69.23442,-14.3494],[-69.22847,-14.34376],[-69.24528,-14.31682],[-69.26346,-14.30628],[-69.27408,-14.31132],[-69.27464,-14.29514],[-69.29044,-14.27531],[-69.29523,-14.26101],[-69.2848,-14.24516],[-69.29283,-14.23452],[-69.29696,-14.21968],[-69.28488,-14.2172],[-69.27854,-14.22445],[-69.26389,-14.22711],[-69.26022,-14.2305],[-69.2599,-14.24275],[-69.24745,-14.25441],[-69.2394,-14.25401],[-69.2363,-14.2442],[-69.22762,-14.23585],[-69.21894,-14.23978],[-69.20933,-14.22629],[-69.2183,-14.21346],[-69.21735,-14.20506],[-69.21265,-14.20551],[-69.19632,-14.21891],[-69.18053,-14.22188],[-69.16387,-14.22799],[-69.15095,-14.22879],[-69.13655,-14.24569],[-69.12986,-14.25037],[-69.1207,-14.26328],[-69.11143,-14.26208],[-69.09661,-14.25208],[-69.08779,-14.22699],[-69.07372,-14.21201],[-69.07129,-14.20451],[-69.06473,-14.20083],[-69.0476,-14.21301],[-69.03882,-14.21576],[-69.03672,-14.22068],[-69.02666,-14.22283],[-69.01615,-14.2295],[-69.00939,-14.22836],[-69.00356,-14.23524],[-68.98881,-14.24444],[-68.98446,-14.26118],[-68.97909,-14.26349],[-68.98985,-14.2816],[-68.99693,-14.28333],[-69.00481,-14.29044],[-69.0076,-14.30485],[-69.01524,-14.31471],[-69.00541,-14.33495],[-69.00415,-14.34517],[-68.99907,-14.34564],[-68.99816,-14.35198],[-68.99043,-14.36964],[-68.98541,-14.37466],[-68.99149,-14.38379],[-69.00401,-14.39117],[-69.00526,-14.40434],[-69.01813,-14.40323],[-69.02615,-14.40966],[-69.02726,-14.42302],[-69.03093,-14.42609],[-69.05038,-14.42913],[-69.06001,-14.44204],[-69.07397,-14.44633],[-69.08195,-14.44444],[-69.08395,-14.4518],[-69.09878,-14.48609],[-69.11391,-14.4878]]]}},{"type":"Feature","properties":{"ubigeo":"211209","nombre":"Alto Inambari"},"geometry":{"type":"Polygon","coordinates":[[[-69.13268,-14.14063],[-69.13633,-14.14663],[-69.14306,-14.14567],[-69.15225,-14.14924],[-69.15951,-14.14595],[-69.16476,-14.14844],[-69.1746,-14.14612],[-69.17932,-14.13814],[-69.18467,-14.1383],[-69.20356,-14.16313],[-69.2047,-14.16773],[-69.20156,-14.18677],[-69.19751,-14.19377],[-69.21735,-14.20506],[-69.2183,-14.21346],[-69.20933,-14.22629],[-69.21894,-14.23978],[-69.22762,-14.23585],[-69.2363,-14.2442],[-69.2394,-14.25401],[-69.24745,-14.25441],[-69.2599,-14.24275],[-69.26022,-14.2305],[-69.26389,-14.22711],[-69.27854,-14.22445],[-69.28488,-14.2172],[-69.29696,-14.21968],[-69.29679,-14.208],[-69.30312,-14.20388],[-69.3056,-14.19264],[-69.2965,-14.18382],[-69.30129,-14.17502],[-69.31517,-14.17558],[-69.33325,-14.17347],[-69.34466,-14.1664],[-69.34953,-14.15856],[-69.35763,-14.1545],[-69.36738,-14.15392],[-69.37793,-14.14706],[-69.39113,-14.14851],[-69.40464,-14.14425],[-69.41252,-14.14673],[-69.42158,-14.14445],[-69.43019,-14.15591],[-69.44339,-14.1597],[-69.44969,-14.16532],[-69.47651,-14.17272],[-69.48802,-14.168],[-69.50837,-14.16866],[-69.52374,-14.1617],[-69.52777,-14.15309],[-69.5353,-14.15097],[-69.54445,-14.15306],[-69.54533,-14.14461],[-69.54139,-14.13977],[-69.53875,-14.12832],[-69.53884,-14.11672],[-69.51387,-14.09762],[-69.51231,-14.08201],[-69.50771,-14.07594],[-69.51237,-14.05539],[-69.51119,-14.04373],[-69.50163,-14.0342],[-69.49274,-14.03254],[-69.48599,-14.02026],[-69.48842,-14.01184],[-69.48586,-13.99722],[-69.49277,-13.98156],[-69.49179,-13.96886],[-69.50316,-13.95349],[-69.50819,-13.95287],[-69.51251,-13.94094],[-69.50888,-13.93518],[-69.51268,-13.92352],[-69.52351,-13.92391],[-69.53193,-13.91684],[-69.54809,-13.91807],[-69.55128,-13.91559],[-69.55248,-13.9082],[-69.55919,-13.89749],[-69.57065,-13.88537],[-69.57004,-13.86745],[-69.54914,-13.85213],[-69.54082,-13.8513],[-69.53516,-13.84494],[-69.51545,-13.85095],[-69.51025,-13.8501],[-69.49885,-13.84151],[-69.49228,-13.84797],[-69.47462,-13.85467],[-69.46114,-13.82844],[-69.45588,-13.82507],[-69.4425,-13.82715],[-69.42988,-13.83417],[-69.42179,-13.8329],[-69.41809,-13.84087],[-69.40384,-13.84268],[-69.39931,-13.85471],[-69.38841,-13.86348],[-69.36645,-13.8676],[-69.36459,-13.87593],[-69.35352,-13.8863],[-69.34632,-13.88873],[-69.33434,-13.8845],[-69.3312,-13.89148],[-69.33135,-13.90232],[-69.32363,-13.91112],[-69.31501,-13.91034],[-69.30725,-13.90357],[-69.29164,-13.90923],[-69.28131,-13.91516],[-69.27489,-13.91423],[-69.25051,-13.92544],[-69.23708,-13.9232],[-69.22778,-13.92517],[-69.22412,-13.94049],[-69.20771,-13.94278],[-69.20358,-13.94982],[-69.19756,-13.94792],[-69.18516,-13.9568],[-69.17042,-13.94821],[-69.1685,-13.95668],[-69.16261,-13.96469],[-69.15231,-13.96436],[-69.14412,-13.96812],[-69.12831,-13.98085],[-69.13254,-13.99115],[-69.12325,-13.99382],[-69.12015,-13.99953],[-69.1131,-13.99913],[-69.10958,-14.00591],[-69.09873,-14.00816],[-69.08437,-14.02357],[-69.08324,-14.02827],[-69.08799,-14.03843],[-69.08676,-14.04619],[-69.0892,-14.05681],[-69.08153,-14.08214],[-69.0877,-14.09171],[-69.1008,-14.08732],[-69.10746,-14.08941],[-69.11648,-14.10064],[-69.12646,-14.09503],[-69.13354,-14.10312],[-69.13918,-14.11815],[-69.13268,-14.14063]]]}},{"type":"Feature","properties":{"ubigeo":"211210","nombre":"San Pedro de Putina Punco"},"geometry":{"type":"Polygon","coordinates":[[[-69.13268,-14.14063],[-69.13918,-14.11815],[-69.13354,-14.10312],[-69.12646,-14.09503],[-69.11648,-14.10064],[-69.10746,-14.08941],[-69.1008,-14.08732],[-69.0877,-14.09171],[-69.08153,-14.08214],[-69.0892,-14.05681],[-69.08676,-14.04619],[-69.08799,-14.03843],[-69.08324,-14.02827],[-69.08437,-14.02357],[-69.09873,-14.00816],[-69.10958,-14.00591],[-69.1131,-13.99913],[-69.12015,-13.99953],[-69.12325,-13.99382],[-69.13254,-13.99115],[-69.12831,-13.98085],[-69.14412,-13.96812],[-69.15231,-13.96436],[-69.16261,-13.96469],[-69.1685,-13.95668],[-69.17042,-13.94821],[-69.18516,-13.9568],[-69.19756,-13.94792],[-69.20358,-13.94982],[-69.20771,-13.94278],[-69.22412,-13.94049],[-69.22778,-13.92517],[-69.23708,-13.9232],[-69.25051,-13.92544],[-69.27489,-13.91423],[-69.28131,-13.91516],[-69.29164,-13.90923],[-69.30725,-13.90357],[-69.31501,-13.91034],[-69.32363,-13.91112],[-69.33135,-13.90232],[-69.3312,-13.89148],[-69.33434,-13.8845],[-69.34632,-13.88873],[-69.35352,-13.8863],[-69.36459,-13.87593],[-69.36645,-13.8676],[-69.36406,-13.85324],[-69.35731,-13.84911],[-69.35597,-13.84199],[-69.3486,-13.8393],[-69.34326,-13.82628],[-69.35121,-13.81113],[-69.34742,-13.80148],[-69.33872,-13.80056],[-69.33026,-13.78681],[-69.32823,-13.77094],[-69.3342,-13.76195],[-69.33483,-13.75019],[-69.35277,-13.73047],[-69.34905,-13.72113],[-69.36129,-13.7097],[-69.35545,-13.68642],[-69.36351,-13.68008],[-69.37136,-13.66746],[-69.38132,-13.66333],[-69.38335,-13.65217],[-69.39109,-13.64445],[-69.38982,-13.63915],[-69.39682,-13.63275],[-69.40627,-13.63418],[-69.41316,-13.6299],[-69.41337,-13.62469],[-69.42738,-13.6216],[-69.43932,-13.62217],[-69.44124,-13.6164],[-69.45719,-13.61538],[-69.46135,-13.60951],[-69.47347,-13.60221],[-69.47322,-13.59251],[-69.46843,-13.58469],[-69.47129,-13.57751],[-69.46425,-13.566],[-69.46994,-13.55799],[-69.44643,-13.54301],[-69.44599,-13.53808],[-69.4548,-13.5341],[-69.45521,-13.52358],[-69.45109,-13.51579],[-69.45601,-13.51192],[-69.4701,-13.5128],[-69.4742,-13.50801],[-69.47441,-13.49354],[-69.47781,-13.4911],[-69.47602,-13.48253],[-69.46496,-13.47308],[-69.4568,-13.47241],[-69.4661,-13.46054],[-69.46989,-13.44314],[-69.46262,-13.43947],[-69.4746,-13.4378],[-69.48328,-13.41079],[-69.48195,-13.40214],[-69.48542,-13.39531],[-69.49416,-13.39405],[-69.50513,-13.39851],[-69.52246,-13.40122],[-69.53389,-13.40011],[-69.55148,-13.3933],[-69.56098,-13.38725],[-69.55673,-13.37732],[-69.55718,-13.3665],[-69.56321,-13.36227],[-69.58185,-13.36754],[-69.59707,-13.3659],[-69.61102,-13.36823],[-69.62977,-13.36404],[-69.64339,-13.35139],[-69.64749,-13.34131],[-69.50744,-13.28107],[-69.3106,-13.19578],[-69.22016,-13.15573],[-69.1138,-13.10982],[-69.04859,-13.08087],[-68.9274,-13.02888],[-68.87187,-13.00393],[-68.86764,-13.01075],[-68.875,-13.01383],[-68.86931,-13.01886],[-68.85863,-13.01341],[-68.85292,-13.01686],[-68.8593,-13.02644],[-68.86599,-13.02921],[-68.85994,-13.03468],[-68.85166,-13.03245],[-68.85439,-13.04043],[-68.85097,-13.04866],[-68.86157,-13.0457],[-68.86151,-13.05632],[-68.85439,-13.06074],[-68.86056,-13.07321],[-68.86861,-13.08007],[-68.8598,-13.09566],[-68.86601,-13.11146],[-68.87112,-13.11124],[-68.87325,-13.11818],[-68.8664,-13.11999],[-68.87118,-13.12409],[-68.87722,-13.13865],[-68.86688,-13.13499],[-68.86992,-13.1469],[-68.85859,-13.15231],[-68.864,-13.15442],[-68.8662,-13.16487],[-68.87074,-13.16765],[-68.85727,-13.17235],[-68.86352,-13.17708],[-68.86356,-13.1836],[-68.87181,-13.18002],[-68.86569,-13.19072],[-68.86147,-13.19146],[-68.85222,-13.2107],[-68.85467,-13.21688],[-68.86193,-13.21366],[-68.86274,-13.22502],[-68.85371,-13.22242],[-68.85767,-13.23454],[-68.84877,-13.23816],[-68.84545,-13.24591],[-68.85535,-13.2496],[-68.85952,-13.25596],[-68.85373,-13.26238],[-68.85835,-13.26761],[-68.84931,-13.2691],[-68.86116,-13.2747],[-68.8549,-13.2819],[-68.86079,-13.28809],[-68.85806,-13.29635],[-68.86778,-13.29703],[-68.86272,-13.30196],[-68.85941,-13.31229],[-68.86378,-13.32036],[-68.86837,-13.31823],[-68.87805,-13.33217],[-68.86803,-13.3335],[-68.87804,-13.34071],[-68.87881,-13.3453],[-68.86766,-13.34982],[-68.87537,-13.35388],[-68.8688,-13.35924],[-68.87905,-13.36382],[-68.88044,-13.37204],[-68.88829,-13.37328],[-68.88316,-13.38141],[-68.88583,-13.39739],[-68.89318,-13.39815],[-68.89287,-13.40735],[-68.89755,-13.41378],[-68.89578,-13.42213],[-68.89158,-13.42336],[-68.89213,-13.43688],[-68.89536,-13.4317],[-68.90052,-13.43522],[-68.89643,-13.44308],[-68.89973,-13.44671],[-68.906,-13.43707],[-68.90584,-13.44824],[-68.90145,-13.44978],[-68.89643,-13.4621],[-68.90573,-13.45823],[-68.90207,-13.47153],[-68.91557,-13.48275],[-68.91268,-13.50477],[-68.91811,-13.50588],[-68.92045,-13.51222],[-68.91463,-13.51336],[-68.91925,-13.51971],[-68.92586,-13.51765],[-68.93314,-13.523],[-68.93393,-13.52826],[-68.94083,-13.52228],[-68.94241,-13.52786],[-68.93669,-13.53526],[-68.94256,-13.53819],[-68.94369,-13.54571],[-68.9494,-13.55394],[-68.94548,-13.5585],[-68.9458,-13.56858],[-68.95353,-13.57679],[-68.95764,-13.5922],[-68.95203,-13.60289],[-68.97528,-13.60414],[-68.97244,-13.60944],[-68.98794,-13.61228],[-68.99158,-13.61819],[-68.99857,-13.61787],[-69.00517,-13.62484],[-68.99837,-13.63245],[-68.99081,-13.63575],[-68.99655,-13.64029],[-68.99301,-13.64986],[-69.00191,-13.65352],[-69.00959,-13.65204],[-69.02099,-13.65727],[-69.02659,-13.65096],[-69.033,-13.65386],[-69.0366,-13.64754],[-69.03249,-13.64282],[-69.03721,-13.64028],[-69.04901,-13.64699],[-69.0534,-13.65555],[-69.06103,-13.65696],[-69.06724,-13.68675],[-69.05383,-13.69501],[-69.05573,-13.70221],[-69.04829,-13.71039],[-69.0355,-13.7162],[-69.03044,-13.73187],[-69.02595,-13.73929],[-69.00812,-13.73843],[-68.98956,-13.74962],[-68.97446,-13.76059],[-68.9797,-13.7698],[-68.98064,-13.78333],[-68.98751,-13.78409],[-68.99177,-13.77847],[-68.99423,-13.78751],[-68.97308,-13.79615],[-68.97102,-13.79312],[-68.95859,-13.7905],[-68.95315,-13.79274],[-68.94993,-13.80058],[-68.93119,-13.8071],[-68.91774,-13.81366],[-68.92233,-13.82719],[-68.93351,-13.83189],[-68.94105,-13.83954],[-68.94498,-13.86846],[-68.95139,-13.87909],[-68.96615,-13.88477],[-68.9728,-13.88219],[-68.98213,-13.89406],[-68.98392,-13.91368],[-68.98029,-13.92116],[-68.98283,-13.93008],[-68.97727,-13.93549],[-68.97038,-13.94828],[-68.9634,-13.94828],[-68.97083,-13.95541],[-68.97256,-13.96688],[-68.9781,-13.97804],[-68.96285,-13.99086],[-68.96321,-13.99503],[-68.95401,-14.00528],[-68.94572,-14.00547],[-68.94656,-14.01251],[-68.93859,-14.01578],[-68.94184,-14.02129],[-68.93468,-14.02719],[-68.92152,-14.02956],[-68.91891,-14.02732],[-68.90856,-14.04061],[-68.89564,-14.04126],[-68.89018,-14.04729],[-68.89295,-14.05171],[-68.88644,-14.0552],[-68.8799,-14.06381],[-68.88268,-14.06919],[-68.88346,-14.085],[-68.87528,-14.08679],[-68.87528,-14.09979],[-68.87113,-14.11106],[-68.84952,-14.13803],[-68.83329,-14.14487],[-68.83309,-14.15321],[-68.84673,-14.15332],[-68.85618,-14.16267],[-68.85239,-14.16646],[-68.85201,-14.18174],[-68.8455,-14.19055],[-68.84642,-14.19665],[-68.83127,-14.20507],[-68.82683,-14.21228],[-68.8278,-14.21942],[-68.96241,-14.22005],[-68.96961,-14.22537],[-68.97589,-14.2146],[-68.98177,-14.21176],[-68.98163,-14.19588],[-68.99371,-14.18297],[-68.99142,-14.16161],[-68.99545,-14.15984],[-69.01058,-14.16612],[-69.02028,-14.16755],[-69.04949,-14.16433],[-69.05423,-14.17118],[-69.05914,-14.16876],[-69.06762,-14.1553],[-69.08334,-14.15173],[-69.10128,-14.14274],[-69.10879,-14.1472],[-69.11583,-14.14637],[-69.11874,-14.14067],[-69.13268,-14.14063]]]}},{"type":"Feature","properties":{"ubigeo":"211301","nombre":"Yunguyo"},"geometry":{"type":"Polygon","coordinates":[[[-69.02741,-16.2644],[-69.03097,-16.27456],[-69.03257,-16.26956],[-69.0445,-16.26561],[-69.05318,-16.25569],[-69.05542,-16.24901],[-69.06259,-16.25053],[-69.06285,-16.25602],[-69.07409,-16.25645],[-69.0773,-16.26395],[-69.07592,-16.27524],[-69.07074,-16.28123],[-69.05955,-16.28026],[-69.05064,-16.2827],[-69.03757,-16.29991],[-69.0379,-16.30797],[-69.03205,-16.31327],[-69.02196,-16.33191],[-69.02635,-16.34323],[-69.02276,-16.35113],[-69.02552,-16.35786],[-69.02873,-16.34585],[-69.04552,-16.34014],[-69.05875,-16.34274],[-69.06498,-16.34073],[-69.10355,-16.34572],[-69.11001,-16.35085],[-69.12435,-16.35003],[-69.12913,-16.35546],[-69.13646,-16.35465],[-69.13919,-16.35061],[-69.14194,-16.33099],[-69.15004,-16.3318],[-69.15584,-16.32779],[-69.15519,-16.31853],[-69.16454,-16.29345],[-69.166,-16.2753],[-69.17162,-16.26787],[-69.18193,-16.26498],[-69.18511,-16.26007],[-69.17361,-16.25666],[-69.1603,-16.25754],[-69.14535,-16.25315],[-69.11598,-16.23774],[-69.11379,-16.24118],[-69.09731,-16.24382],[-69.10274,-16.22466],[-69.08154,-16.22138],[-69.06223,-16.20746],[-69.05526,-16.19736],[-69.04434,-16.20311],[-69.03235,-16.206],[-69.01276,-16.21976],[-69.00729,-16.21638],[-69.01049,-16.23577],[-69.0293,-16.25294],[-69.03075,-16.26143],[-69.02741,-16.2644]]]}},{"type":"Feature","properties":{"ubigeo":"211302","nombre":"Anapia"},"geometry":{"type":"Polygon","coordinates":[[[-68.86781,-16.27746],[-68.81422,-16.31977],[-68.81422,-16.34799],[-68.91839,-16.40372],[-68.9184,-16.2333],[-68.8847,-16.26566],[-68.86781,-16.27746]]]}},{"type":"Feature","properties":{"ubigeo":"211303","nombre":"Copani"},"geometry":{"type":"Polygon","coordinates":[[[-69.04295,-16.4204],[-69.04947,-16.41903],[-69.05078,-16.4138],[-69.06076,-16.40135],[-69.05422,-16.39263],[-69.06668,-16.39294],[-69.07443,-16.38266],[-69.0829,-16.37618],[-69.09487,-16.37088],[-69.11304,-16.36592],[-69.12413,-16.36538],[-69.1222,-16.37362],[-69.12556,-16.37828],[-69.1255,-16.39665],[-69.13631,-16.39725],[-69.14341,-16.38658],[-69.1451,-16.37397],[-69.13646,-16.35465],[-69.12913,-16.35546],[-69.12435,-16.35003],[-69.11001,-16.35085],[-69.10355,-16.34572],[-69.06498,-16.34073],[-69.05875,-16.34274],[-69.04552,-16.34014],[-69.02873,-16.34585],[-69.02552,-16.35786],[-69.03082,-16.37578],[-69.02662,-16.38353],[-69.02314,-16.40394],[-69.03634,-16.40955],[-69.03404,-16.41285],[-69.04295,-16.4204]]]}},{"type":"Feature","properties":{"ubigeo":"211304","nombre":"Cuturapi"},"geometry":{"type":"Polygon","coordinates":[[[-69.20017,-16.26419],[-69.18511,-16.26007],[-69.18193,-16.26498],[-69.17162,-16.26787],[-69.166,-16.2753],[-69.16454,-16.29345],[-69.15519,-16.31853],[-69.15584,-16.32779],[-69.16686,-16.32435],[-69.17818,-16.31395],[-69.19094,-16.31455],[-69.20457,-16.29869],[-69.19884,-16.28126],[-69.20221,-16.27919],[-69.20017,-16.26419]]]}},{"type":"Feature","properties":{"ubigeo":"211305","nombre":"Ollaraya"},"geometry":{"type":"Polygon","coordinates":[[[-68.97002,-16.24153],[-68.97913,-16.26135],[-68.98274,-16.26496],[-68.98813,-16.25844],[-68.99146,-16.26968],[-68.99923,-16.27436],[-69.0045,-16.27204],[-68.99587,-16.25202],[-68.99323,-16.2409],[-69.00067,-16.24541],[-69.00678,-16.26011],[-69.01602,-16.26422],[-69.0192,-16.26097],[-69.02741,-16.2644],[-69.03075,-16.26143],[-69.0293,-16.25294],[-69.01049,-16.23577],[-69.00729,-16.21638],[-69.00697,-16.20536],[-68.98623,-16.1923],[-68.97897,-16.20543],[-68.97677,-16.21419],[-68.98316,-16.21882],[-68.9832,-16.22742],[-68.9781,-16.23538],[-68.97002,-16.24153]]]}},{"type":"Feature","properties":{"ubigeo":"211306","nombre":"Tinicachi"},"geometry":{"type":"Polygon","coordinates":[[[-68.97897,-16.20543],[-68.98623,-16.1923],[-68.97784,-16.18908],[-68.96698,-16.19122],[-68.95671,-16.19646],[-68.96105,-16.20372],[-68.96607,-16.20649],[-68.97897,-16.20543]]]}},{"type":"Feature","properties":{"ubigeo":"211307","nombre":"Unicachi"},"geometry":{"type":"MultiPolygon","coordinates":[[[[-68.97897,-16.20543],[-68.96607,-16.20649],[-68.96105,-16.20372],[-68.96545,-16.21875],[-68.95983,-16.2274],[-68.96694,-16.22667],[-68.97161,-16.23385],[-68.97002,-16.24153],[-68.9781,-16.23538],[-68.9832,-16.22742],[-68.98316,-16.21882],[-68.97677,-16.21419],[-68.97897,-16.20543]]],[[[-68.93606,-16.23781],[-68.94051,-16.23773],[-68.94277,-16.24542],[-68.95245,-16.23376],[-68.95297,-16.22622],[-68.94538,-16.22725],[-68.93606,-16.23781]]]]}}]}