{"type":"FeatureCollection","features":[{"type":"Feature","properties":{"ubigeo":"220101","nombre":"Moyobamba"},"geometry":{"type":"Polygon","coordinates":[[[-77.03334,-5.66304],[-77.02193,-5.66574],[-77.01393,-5.67075],[-77.00329,-5.66566],[-76.99561,-5.66712],[-76.99383,-5.67572],[-76.9869,-5.68621],[-76.97538,-5.69691],[-76.96135,-5.70608],[-76.93443,-5.71149],[-76.91973,-5.72083],[-76.91614,-5.72808],[-76.90705,-5.73563],[-76.89541,-5.74081],[-76.89454,-5.74623],[-76.88822,-5.74841],[-76.87845,-5.74259],[-76.86393,-5.73996],[-76.84407,-5.74253],[-76.83545,-5.74556],[-76.8246,-5.7573],[-76.82963,-5.77598],[-76.8213,-5.80265],[-76.81633,-5.80757],[-76.81892,-5.81348],[-76.82634,-5.81785],[-76.81938,-5.8326],[-76.81822,-5.84037],[-76.82073,-5.85371],[-76.81805,-5.86214],[-76.80777,-5.87069],[-76.80128,-5.87962],[-76.79161,-5.88598],[-76.78938,-5.89305],[-76.77774,-5.90055],[-76.77586,-5.91859],[-76.76761,-5.92763],[-76.76718,-5.94239],[-76.76287,-5.94812],[-76.75182,-5.94806],[-76.74673,-5.95403],[-76.74544,-5.97374],[-76.75109,-5.98263],[-76.75443,-5.99839],[-76.75923,-6.00847],[-76.76873,-6.01536],[-76.78748,-6.02396],[-76.80742,-6.02931],[-76.81265,-6.02509],[-76.81945,-6.03321],[-76.83098,-6.03081],[-76.84708,-6.03072],[-76.85673,-6.03961],[-76.86378,-6.05159],[-76.86123,-6.05956],[-76.8733,-6.07699],[-76.87801,-6.07554],[-76.8801,-6.08292],[-76.87392,-6.09339],[-76.87777,-6.10539],[-76.88593,-6.11277],[-76.90102,-6.0985],[-76.91561,-6.09308],[-76.92773,-6.09597],[-76.94205,-6.08797],[-76.95372,-6.09177],[-76.96584,-6.10123],[-76.98891,-6.09303],[-77.00156,-6.08582],[-77.0138,-6.0826],[-77.02658,-6.06537],[-77.05566,-6.05091],[-77.04165,-6.04787],[-77.02697,-6.03792],[-77.02424,-6.02905],[-77.02634,-6.02138],[-77.01603,-6.00886],[-77.0153,-6],[-77.0192,-5.99387],[-77.01199,-5.99103],[-77.01605,-5.9869],[-77.01168,-5.97974],[-77.00682,-5.98009],[-77.01022,-5.96685],[-77.00193,-5.96247],[-77.01164,-5.95926],[-77.01258,-5.95123],[-77.02411,-5.94597],[-77.03035,-5.93966],[-77.0346,-5.94254],[-77.03461,-5.95071],[-77.04208,-5.95047],[-77.0397,-5.94215],[-77.04629,-5.94053],[-77.045,-5.94717],[-77.05463,-5.94116],[-77.06342,-5.94078],[-77.06884,-5.93532],[-77.07445,-5.93899],[-77.08136,-5.92997],[-77.087,-5.93844],[-77.08904,-5.93244],[-77.10115,-5.93409],[-77.10735,-5.92923],[-77.11617,-5.93259],[-77.12263,-5.92457],[-77.12802,-5.93446],[-77.13266,-5.92762],[-77.13874,-5.93059],[-77.1368,-5.9371],[-77.14205,-5.93653],[-77.14921,-5.94086],[-77.16077,-5.93592],[-77.1656,-5.94347],[-77.18781,-5.93924],[-77.18841,-5.93652],[-77.20305,-5.93873],[-77.19974,-5.9326],[-77.20603,-5.9235],[-77.2132,-5.92442],[-77.2189,-5.91992],[-77.21906,-5.91364],[-77.2127,-5.90763],[-77.21845,-5.90604],[-77.22451,-5.89558],[-77.22984,-5.89878],[-77.23747,-5.8873],[-77.23573,-5.88328],[-77.24619,-5.88129],[-77.2476,-5.87332],[-77.23772,-5.86208],[-77.24553,-5.85654],[-77.24229,-5.85044],[-77.24783,-5.84998],[-77.24788,-5.84136],[-77.25193,-5.84409],[-77.25649,-5.83035],[-77.24748,-5.83251],[-77.25203,-5.82622],[-77.25307,-5.80348],[-77.26711,-5.79858],[-77.26336,-5.78943],[-77.26889,-5.78895],[-77.27139,-5.77931],[-77.28228,-5.78006],[-77.27766,-5.77078],[-77.28567,-5.77638],[-77.2852,-5.77107],[-77.29198,-5.77227],[-77.29178,-5.76574],[-77.30111,-5.76519],[-77.29437,-5.75859],[-77.29791,-5.75579],[-77.30751,-5.76389],[-77.31436,-5.7543],[-77.31601,-5.76649],[-77.32234,-5.75786],[-77.32659,-5.76011],[-77.33079,-5.75445],[-77.3406,-5.75734],[-77.33941,-5.7518],[-77.34569,-5.74925],[-77.35078,-5.73119],[-77.36054,-5.72716],[-77.35908,-5.72158],[-77.36609,-5.72065],[-77.36726,-5.72608],[-77.37788,-5.72323],[-77.37121,-5.72008],[-77.37582,-5.71091],[-77.38374,-5.71623],[-77.38139,-5.7071],[-77.38824,-5.7056],[-77.39081,-5.71298],[-77.40165,-5.71021],[-77.40699,-5.70357],[-77.40346,-5.69967],[-77.41131,-5.68816],[-77.42263,-5.67763],[-77.43144,-5.67873],[-77.43031,-5.68417],[-77.439,-5.67995],[-77.44686,-5.68954],[-77.45436,-5.68207],[-77.46172,-5.67919],[-77.46591,-5.68391],[-77.47862,-5.67644],[-77.48595,-5.68084],[-77.49205,-5.6738],[-77.50083,-5.67192],[-77.51602,-5.67664],[-77.50792,-5.68595],[-77.52015,-5.69172],[-77.52518,-5.69809],[-77.53263,-5.69227],[-77.53204,-5.70309],[-77.54342,-5.70211],[-77.55496,-5.70927],[-77.56539,-5.70714],[-77.56836,-5.7147],[-77.57503,-5.71314],[-77.57109,-5.70836],[-77.57718,-5.70211],[-77.5872,-5.69825],[-77.58247,-5.69088],[-77.5859,-5.68414],[-77.59466,-5.68215],[-77.60091,-5.6693],[-77.62105,-5.65463],[-77.62719,-5.64363],[-77.62422,-5.6299],[-77.62939,-5.62659],[-77.63272,-5.61353],[-77.64072,-5.60633],[-77.64751,-5.59221],[-77.65129,-5.59262],[-77.65901,-5.57198],[-77.65725,-5.56461],[-77.65099,-5.55787],[-77.65338,-5.55042],[-77.64364,-5.53697],[-77.641,-5.5263],[-77.64905,-5.51264],[-77.65692,-5.50826],[-77.66251,-5.49975],[-77.66728,-5.49936],[-77.67503,-5.48923],[-77.68161,-5.48756],[-77.69079,-5.47872],[-77.6958,-5.46947],[-77.70412,-5.46324],[-77.71289,-5.45021],[-77.72304,-5.44],[-77.73253,-5.43538],[-77.74219,-5.42338],[-77.74483,-5.4069],[-77.72333,-5.41469],[-77.7127,-5.41641],[-77.69596,-5.41105],[-77.68953,-5.41279],[-77.67663,-5.40901],[-77.67036,-5.40964],[-77.66301,-5.42188],[-77.65754,-5.42642],[-77.63913,-5.4303],[-77.62806,-5.4394],[-77.60697,-5.44858],[-77.60273,-5.45898],[-77.59481,-5.46422],[-77.58167,-5.46118],[-77.57736,-5.45653],[-77.57014,-5.43827],[-77.55812,-5.42558],[-77.55065,-5.43625],[-77.54506,-5.43793],[-77.53735,-5.45063],[-77.53187,-5.45108],[-77.52797,-5.45948],[-77.5174,-5.46675],[-77.51347,-5.47984],[-77.49951,-5.50955],[-77.49977,-5.51634],[-77.49227,-5.5197],[-77.49177,-5.52934],[-77.50388,-5.54017],[-77.50807,-5.55148],[-77.50349,-5.55617],[-77.49053,-5.5624],[-77.47479,-5.55511],[-77.46587,-5.56114],[-77.46204,-5.56837],[-77.46194,-5.58414],[-77.44414,-5.58629],[-77.43626,-5.59226],[-77.43201,-5.58314],[-77.42155,-5.5893],[-77.40873,-5.58916],[-77.40465,-5.57479],[-77.39659,-5.57124],[-77.38369,-5.5705],[-77.37182,-5.56711],[-77.36866,-5.5766],[-77.34496,-5.58898],[-77.33832,-5.60347],[-77.31857,-5.60092],[-77.30759,-5.60426],[-77.28729,-5.60429],[-77.27676,-5.60245],[-77.2728,-5.61252],[-77.2624,-5.6134],[-77.2544,-5.60776],[-77.24957,-5.59941],[-77.24082,-5.60242],[-77.23194,-5.59546],[-77.22874,-5.60488],[-77.22197,-5.61328],[-77.20752,-5.62238],[-77.20216,-5.63446],[-77.19161,-5.63338],[-77.17867,-5.64142],[-77.16193,-5.62457],[-77.14235,-5.62544],[-77.13615,-5.63968],[-77.13713,-5.64403],[-77.12691,-5.65099],[-77.10995,-5.64795],[-77.10223,-5.65582],[-77.0918,-5.65423],[-77.07509,-5.66349],[-77.05895,-5.66694],[-77.05605,-5.66254],[-77.04574,-5.66194],[-77.04204,-5.66494],[-77.03334,-5.66304]]]}},{"type":"Feature","properties":{"ubigeo":"220102","nombre":"Calzada"},"geometry":{"type":"Polygon","coordinates":[[[-77.02634,-6.02138],[-77.02424,-6.02905],[-77.02697,-6.03792],[-77.04165,-6.04787],[-77.05566,-6.05091],[-77.06478,-6.05974],[-77.06179,-6.0643],[-77.08771,-6.05964],[-77.09516,-6.05362],[-77.10496,-6.05404],[-77.12653,-6.05858],[-77.14415,-6.05707],[-77.15247,-6.04677],[-77.15086,-6.0407],[-77.15597,-6.03928],[-77.14993,-6.03887],[-77.14801,-6.02771],[-77.15384,-6.01696],[-77.14971,-6.00425],[-77.15276,-6.00047],[-77.14846,-5.99425],[-77.14225,-5.99713],[-77.14069,-5.97703],[-77.14871,-5.97735],[-77.14058,-5.9727],[-77.14592,-5.9649],[-77.14059,-5.9619],[-77.13539,-5.96511],[-77.11953,-5.96367],[-77.10677,-5.96636],[-77.09313,-5.96566],[-77.07715,-5.97008],[-77.0626,-5.9718],[-77.05866,-5.97601],[-77.04929,-5.99665],[-77.04353,-6.00112],[-77.04117,-6.01683],[-77.03401,-6.02173],[-77.02634,-6.02138]]]}},{"type":"Feature","properties":{"ubigeo":"220103","nombre":"Habana"},"geometry":{"type":"Polygon","coordinates":[[[-77.0593,-6.11964],[-77.06922,-6.11429],[-77.07675,-6.11664],[-77.08434,-6.12345],[-77.09667,-6.12212],[-77.10948,-6.12483],[-77.1285,-6.1227],[-77.13529,-6.11966],[-77.13392,-6.10966],[-77.13986,-6.1142],[-77.14653,-6.10701],[-77.14358,-6.09835],[-77.14546,-6.08604],[-77.1388,-6.08821],[-77.13943,-6.07332],[-77.1442,-6.08014],[-77.1511,-6.07109],[-77.14921,-6.05778],[-77.14415,-6.05707],[-77.12653,-6.05858],[-77.10496,-6.05404],[-77.09516,-6.05362],[-77.08771,-6.05964],[-77.06179,-6.0643],[-77.05078,-6.06424],[-77.05095,-6.07828],[-77.04843,-6.08677],[-77.05559,-6.089],[-77.04959,-6.10052],[-77.05615,-6.10904],[-77.0593,-6.11964]]]}},{"type":"Feature","properties":{"ubigeo":"220104","nombre":"Jepelacio"},"geometry":{"type":"Polygon","coordinates":[[[-76.87392,-6.09339],[-76.87069,-6.09785],[-76.85935,-6.09544],[-76.84035,-6.10499],[-76.83477,-6.12421],[-76.8384,-6.13719],[-76.82786,-6.17465],[-76.83128,-6.19011],[-76.82887,-6.20042],[-76.81882,-6.20209],[-76.81806,-6.21644],[-76.81455,-6.22587],[-76.81844,-6.23304],[-76.81537,-6.24446],[-76.81909,-6.24871],[-76.82266,-6.26526],[-76.83514,-6.28515],[-76.847,-6.27707],[-76.86332,-6.26944],[-76.8671,-6.26461],[-76.88603,-6.27006],[-76.89054,-6.2777],[-76.89804,-6.28038],[-76.90035,-6.28748],[-76.91312,-6.28125],[-76.92129,-6.28472],[-76.94932,-6.28438],[-76.95387,-6.28027],[-76.95829,-6.27528],[-76.95392,-6.26681],[-76.95265,-6.24803],[-76.95691,-6.21982],[-76.9587,-6.21632],[-76.97258,-6.2146],[-76.97983,-6.19875],[-76.98314,-6.19754],[-76.98429,-6.18449],[-76.99066,-6.17118],[-77.00428,-6.15342],[-77.01604,-6.14551],[-77.02233,-6.14644],[-77.02694,-6.13246],[-77.04711,-6.13125],[-77.05675,-6.1351],[-77.0593,-6.11964],[-77.05615,-6.10904],[-77.04959,-6.10052],[-77.05559,-6.089],[-77.04843,-6.08677],[-77.05095,-6.07828],[-77.05078,-6.06424],[-77.06179,-6.0643],[-77.06478,-6.05974],[-77.05566,-6.05091],[-77.02658,-6.06537],[-77.0138,-6.0826],[-77.00156,-6.08582],[-76.98891,-6.09303],[-76.96584,-6.10123],[-76.95372,-6.09177],[-76.94205,-6.08797],[-76.92773,-6.09597],[-76.91561,-6.09308],[-76.90102,-6.0985],[-76.88593,-6.11277],[-76.87777,-6.10539],[-76.87392,-6.09339]]]}},{"type":"Feature","properties":{"ubigeo":"220105","nombre":"Soritor"},"geometry":{"type":"Polygon","coordinates":[[[-76.95387,-6.28027],[-76.95554,-6.28959],[-76.96464,-6.31146],[-76.97181,-6.32252],[-76.96383,-6.33602],[-76.94813,-6.34865],[-76.94169,-6.35999],[-76.93449,-6.38431],[-76.93893,-6.39005],[-76.95252,-6.39716],[-76.95917,-6.39749],[-76.96235,-6.38866],[-76.97063,-6.38297],[-76.98154,-6.38746],[-76.98949,-6.40622],[-77.0018,-6.41261],[-77.0092,-6.41321],[-77.02029,-6.4086],[-77.03425,-6.40747],[-77.04371,-6.40268],[-77.05176,-6.40995],[-77.06567,-6.40766],[-77.08874,-6.39059],[-77.10092,-6.38825],[-77.11548,-6.39921],[-77.12797,-6.38681],[-77.12861,-6.37446],[-77.1427,-6.36233],[-77.14658,-6.35111],[-77.14375,-6.34235],[-77.1323,-6.32255],[-77.13273,-6.30242],[-77.1389,-6.29173],[-77.14761,-6.28622],[-77.16061,-6.26945],[-77.17079,-6.2652],[-77.16908,-6.25501],[-77.17407,-6.24653],[-77.18085,-6.24534],[-77.19728,-6.23342],[-77.17823,-6.23361],[-77.17486,-6.2295],[-77.16214,-6.22533],[-77.15366,-6.21019],[-77.14481,-6.21046],[-77.13985,-6.20589],[-77.13629,-6.20938],[-77.12454,-6.20336],[-77.12836,-6.18958],[-77.12512,-6.18831],[-77.12298,-6.16687],[-77.12046,-6.15926],[-77.13069,-6.1478],[-77.12409,-6.14023],[-77.12386,-6.1323],[-77.13285,-6.12655],[-77.1285,-6.1227],[-77.10948,-6.12483],[-77.09667,-6.12212],[-77.08434,-6.12345],[-77.07675,-6.11664],[-77.06922,-6.11429],[-77.0593,-6.11964],[-77.05675,-6.1351],[-77.04711,-6.13125],[-77.02694,-6.13246],[-77.02233,-6.14644],[-77.01604,-6.14551],[-77.00428,-6.15342],[-76.99066,-6.17118],[-76.98429,-6.18449],[-76.98314,-6.19754],[-76.97983,-6.19875],[-76.97258,-6.2146],[-76.9587,-6.21632],[-76.95691,-6.21982],[-76.95265,-6.24803],[-76.95392,-6.26681],[-76.95829,-6.27528],[-76.95387,-6.28027]]]}},{"type":"Feature","properties":{"ubigeo":"220106","nombre":"Yantalo"},"geometry":{"type":"Polygon","coordinates":[[[-77.14059,-5.9619],[-77.14351,-5.95737],[-77.14002,-5.95115],[-77.14205,-5.93653],[-77.1368,-5.9371],[-77.13874,-5.93059],[-77.13266,-5.92762],[-77.12802,-5.93446],[-77.12263,-5.92457],[-77.11617,-5.93259],[-77.10735,-5.92923],[-77.10115,-5.93409],[-77.08904,-5.93244],[-77.087,-5.93844],[-77.08136,-5.92997],[-77.07445,-5.93899],[-77.06884,-5.93532],[-77.06342,-5.94078],[-77.05463,-5.94116],[-77.045,-5.94717],[-77.04629,-5.94053],[-77.0397,-5.94215],[-77.04208,-5.95047],[-77.03461,-5.95071],[-77.0346,-5.94254],[-77.03035,-5.93966],[-77.02411,-5.94597],[-77.01258,-5.95123],[-77.01164,-5.95926],[-77.00193,-5.96247],[-77.01022,-5.96685],[-77.00682,-5.98009],[-77.01168,-5.97974],[-77.01605,-5.9869],[-77.01199,-5.99103],[-77.0192,-5.99387],[-77.0153,-6],[-77.01603,-6.00886],[-77.02634,-6.02138],[-77.03401,-6.02173],[-77.04117,-6.01683],[-77.04353,-6.00112],[-77.04929,-5.99665],[-77.05866,-5.97601],[-77.0626,-5.9718],[-77.07715,-5.97008],[-77.09313,-5.96566],[-77.10677,-5.96636],[-77.11953,-5.96367],[-77.13539,-5.96511],[-77.14059,-5.9619]]]}},{"type":"Feature","properties":{"ubigeo":"220201","nombre":"Bellavista"},"geometry":{"type":"Polygon","coordinates":[[[-76.54607,-6.94505],[-76.54662,-6.94698],[-76.53505,-7.02463],[-76.52579,-7.08262],[-76.52255,-7.09579],[-76.63105,-7.08986],[-76.63397,-7.0761],[-76.63034,-7.06977],[-76.63029,-7.05903],[-76.63719,-7.04826],[-76.6321,-7.04227],[-76.6428,-7.03099],[-76.65345,-7.00897],[-76.64139,-7.0035],[-76.63392,-6.98627],[-76.6434,-6.96601],[-76.65314,-6.9558],[-76.66973,-6.93037],[-76.68118,-6.91663],[-76.68663,-6.90477],[-76.69243,-6.89859],[-76.70917,-6.87526],[-76.6769,-6.87836],[-76.6559,-6.86944],[-76.64791,-6.88571],[-76.63823,-6.89048],[-76.63009,-6.89045],[-76.62428,-6.90271],[-76.61484,-6.90997],[-76.6037,-6.91146],[-76.60204,-6.91838],[-76.58246,-6.92439],[-76.57377,-6.91902],[-76.5431,-6.93915],[-76.54607,-6.94505]]]}},{"type":"Feature","properties":{"ubigeo":"220202","nombre":"Alto Biavo"},"geometry":{"type":"Polygon","coordinates":[[[-75.82949,-7.9735],[-75.8338,-7.98473],[-75.83397,-7.99294],[-75.8391,-8.00023],[-75.8418,-8.02217],[-75.8412,-8.03286],[-75.84386,-8.04294],[-75.84493,-8.05964],[-75.8525,-8.05847],[-75.86097,-8.06905],[-75.87411,-8.06682],[-75.88731,-8.07488],[-75.90265,-8.07136],[-75.90723,-8.07404],[-75.91701,-8.07178],[-75.92706,-8.07785],[-75.92936,-8.0893],[-75.93952,-8.09332],[-75.95114,-8.10246],[-75.94064,-8.11046],[-75.93403,-8.13443],[-75.93619,-8.14473],[-75.93313,-8.15281],[-75.93869,-8.16804],[-75.94116,-8.18618],[-75.93375,-8.20292],[-75.92772,-8.20491],[-75.9237,-8.21679],[-75.92475,-8.23076],[-75.92062,-8.24408],[-75.91336,-8.25439],[-75.91558,-8.26788],[-75.91435,-8.28283],[-75.91922,-8.29661],[-75.92709,-8.30676],[-75.93489,-8.31155],[-75.94362,-8.31282],[-75.94866,-8.31828],[-75.95183,-8.31485],[-75.97249,-8.31663],[-75.98565,-8.32222],[-75.99412,-8.31923],[-75.99601,-8.30667],[-76.00556,-8.30607],[-76.01011,-8.31693],[-76.01961,-8.32052],[-76.02855,-8.32749],[-76.03598,-8.32941],[-76.04141,-8.34083],[-76.04862,-8.33969],[-76.05635,-8.32929],[-76.07363,-8.33342],[-76.0858,-8.32803],[-76.10107,-8.33226],[-76.10697,-8.33177],[-76.11236,-8.33741],[-76.11457,-8.34689],[-76.12128,-8.35037],[-76.12823,-8.36053],[-76.13276,-8.37727],[-76.14578,-8.36755],[-76.15229,-8.35065],[-76.16384,-8.32609],[-76.16583,-8.31123],[-76.17492,-8.30546],[-76.18303,-8.30409],[-76.19468,-8.298],[-76.19769,-8.28121],[-76.20263,-8.26462],[-76.21506,-8.24497],[-76.22695,-8.23938],[-76.22566,-8.2255],[-76.23035,-8.21549],[-76.23673,-8.21131],[-76.25384,-8.21485],[-76.25995,-8.20827],[-76.2721,-8.21209],[-76.28358,-8.21155],[-76.2945,-8.21804],[-76.29965,-8.21746],[-76.30374,-8.20684],[-76.31252,-8.20678],[-76.32592,-8.20278],[-76.33341,-8.20388],[-76.33637,-8.1914],[-76.33622,-8.17549],[-76.32903,-8.16186],[-76.33081,-8.153],[-76.34553,-8.14254],[-76.35344,-8.137],[-76.36103,-8.14488],[-76.37103,-8.14745],[-76.37644,-8.14498],[-76.37906,-8.13705],[-76.37639,-8.12972],[-76.39274,-8.12022],[-76.40665,-8.09973],[-76.41607,-8.09482],[-76.43254,-8.07676],[-76.44881,-8.07353],[-76.45484,-8.06432],[-76.45692,-8.05482],[-76.47662,-8.04658],[-76.49019,-8.04269],[-76.49867,-8.03529],[-76.52005,-8.03136],[-76.53464,-8.01634],[-76.53667,-8.00816],[-76.56328,-7.99212],[-76.57744,-8.00216],[-76.59307,-8.0024],[-76.60292,-7.99405],[-76.60717,-7.98453],[-76.61433,-7.98571],[-76.61343,-7.97098],[-76.61575,-7.95389],[-76.62715,-7.94525],[-76.6247,-7.93332],[-76.62807,-7.92941],[-76.62276,-7.91644],[-76.62452,-7.9068],[-76.61291,-7.89517],[-76.60573,-7.88143],[-76.60594,-7.87083],[-76.61468,-7.86067],[-76.61497,-7.8519],[-76.62331,-7.85089],[-76.63141,-7.85658],[-76.63666,-7.85244],[-76.63166,-7.84261],[-76.63641,-7.83059],[-76.62779,-7.81783],[-76.62415,-7.7898],[-76.61608,-7.77671],[-76.63024,-7.75348],[-76.63014,-7.74841],[-76.61908,-7.73226],[-76.61626,-7.71578],[-76.60999,-7.7029],[-76.59772,-7.68929],[-76.59167,-7.68096],[-76.57731,-7.67885],[-76.56941,-7.66979],[-76.56561,-7.65719],[-76.56596,-7.63557],[-76.57081,-7.617],[-76.57826,-7.61435],[-76.57968,-7.60762],[-76.57557,-7.58914],[-76.5715,-7.58002],[-76.57424,-7.55771],[-76.55711,-7.54856],[-76.54334,-7.54509],[-76.5315,-7.54463],[-76.53175,-7.52484],[-76.5357,-7.50683],[-76.52645,-7.49224],[-76.52789,-7.48412],[-76.51862,-7.47998],[-76.50983,-7.46131],[-76.50037,-7.45245],[-76.50972,-7.42294],[-76.51491,-7.37366],[-76.5187,-7.36039],[-76.51705,-7.35295],[-76.53039,-7.29908],[-76.54112,-7.28373],[-76.52603,-7.2692],[-76.52587,-7.2641],[-76.51909,-7.25699],[-76.52092,-7.23644],[-76.51046,-7.23391],[-76.50282,-7.22823],[-76.47919,-7.23032],[-76.45461,-7.21551],[-76.44373,-7.21453],[-76.41173,-7.19842],[-76.39283,-7.19873],[-76.37959,-7.20563],[-76.37433,-7.21946],[-76.35691,-7.22365],[-76.34873,-7.23368],[-76.33585,-7.24285],[-76.33412,-7.26451],[-76.32722,-7.27536],[-76.31962,-7.27385],[-76.31397,-7.27913],[-76.30601,-7.299],[-76.28711,-7.31351],[-76.28088,-7.32481],[-76.28223,-7.33498],[-76.29928,-7.35095],[-76.29635,-7.36853],[-76.29969,-7.38088],[-76.29929,-7.39675],[-76.28802,-7.4156],[-76.29173,-7.42923],[-76.28092,-7.43277],[-76.27079,-7.43312],[-76.25591,-7.429],[-76.2474,-7.43106],[-76.23892,-7.42779],[-76.22818,-7.41808],[-76.22949,-7.40876],[-76.22314,-7.40052],[-76.21469,-7.39911],[-76.21455,-7.40452],[-76.20389,-7.4274],[-76.2044,-7.43133],[-76.19142,-7.44869],[-76.18621,-7.46542],[-76.17935,-7.4716],[-76.16615,-7.49431],[-76.15429,-7.50194],[-76.14197,-7.50526],[-76.13207,-7.52207],[-76.121,-7.52753],[-76.11761,-7.53903],[-76.11753,-7.5521],[-76.11446,-7.5639],[-76.09666,-7.56019],[-76.0887,-7.56333],[-76.08742,-7.5803],[-76.08127,-7.58235],[-76.07989,-7.59116],[-76.08366,-7.60272],[-76.09387,-7.60973],[-76.08262,-7.62034],[-76.08185,-7.63022],[-76.08659,-7.63601],[-76.09768,-7.64224],[-76.10133,-7.65046],[-76.09846,-7.66614],[-76.09846,-7.69674],[-76.10271,-7.70427],[-76.10159,-7.72266],[-76.08667,-7.72923],[-76.08488,-7.76181],[-76.08196,-7.76485],[-76.06707,-7.76929],[-76.06328,-7.77514],[-76.06133,-7.78665],[-76.0438,-7.79234],[-76.03826,-7.80672],[-76.0381,-7.815],[-76.02162,-7.83806],[-76.02257,-7.84302],[-76.00992,-7.85431],[-76.00326,-7.87442],[-76.00751,-7.88491],[-76.00236,-7.89316],[-75.98979,-7.8918],[-75.97952,-7.90076],[-75.9756,-7.90962],[-75.98597,-7.91998],[-75.98543,-7.93756],[-75.99151,-7.94101],[-75.99285,-7.95428],[-75.98435,-7.95887],[-75.96698,-7.96036],[-75.95056,-7.94745],[-75.93946,-7.94612],[-75.92784,-7.95726],[-75.92043,-7.9475],[-75.90902,-7.94295],[-75.89476,-7.93373],[-75.88218,-7.93388],[-75.85939,-7.92117],[-75.854,-7.92474],[-75.84921,-7.93985],[-75.84045,-7.9467],[-75.8354,-7.96877],[-75.82949,-7.9735]]]}},{"type":"Feature","properties":{"ubigeo":"220203","nombre":"Bajo Biavo"},"geometry":{"type":"Polygon","coordinates":[[[-76.25727,-7.06134],[-76.24284,-7.06849],[-76.23716,-7.07451],[-76.2253,-7.07056],[-76.2101,-7.07806],[-76.18599,-7.07591],[-76.16903,-7.08231],[-76.16708,-7.09419],[-76.15776,-7.10275],[-76.15854,-7.11279],[-76.16367,-7.12694],[-76.15727,-7.14523],[-76.16116,-7.15488],[-76.15851,-7.17679],[-76.15962,-7.19294],[-76.15794,-7.19829],[-76.14353,-7.20396],[-76.14571,-7.21793],[-76.15928,-7.23057],[-76.15479,-7.23188],[-76.15818,-7.24777],[-76.16486,-7.25894],[-76.16666,-7.2676],[-76.17711,-7.27678],[-76.18671,-7.28093],[-76.19539,-7.29506],[-76.21311,-7.31014],[-76.20983,-7.31754],[-76.19604,-7.33353],[-76.20393,-7.36272],[-76.20841,-7.37149],[-76.20989,-7.38355],[-76.21519,-7.39305],[-76.21469,-7.39911],[-76.22314,-7.40052],[-76.22949,-7.40876],[-76.22818,-7.41808],[-76.23892,-7.42779],[-76.2474,-7.43106],[-76.25591,-7.429],[-76.27079,-7.43312],[-76.28092,-7.43277],[-76.29173,-7.42923],[-76.28802,-7.4156],[-76.29929,-7.39675],[-76.29969,-7.38088],[-76.29635,-7.36853],[-76.29928,-7.35095],[-76.28223,-7.33498],[-76.28088,-7.32481],[-76.28711,-7.31351],[-76.30601,-7.299],[-76.31397,-7.27913],[-76.31962,-7.27385],[-76.32722,-7.27536],[-76.33412,-7.26451],[-76.33585,-7.24285],[-76.34873,-7.23368],[-76.35691,-7.22365],[-76.37433,-7.21946],[-76.37959,-7.20563],[-76.39283,-7.19873],[-76.41173,-7.19842],[-76.44373,-7.21453],[-76.45461,-7.21551],[-76.47919,-7.23032],[-76.50282,-7.22823],[-76.51046,-7.23391],[-76.52092,-7.23644],[-76.51909,-7.25699],[-76.52587,-7.2641],[-76.52603,-7.2692],[-76.54112,-7.28373],[-76.5521,-7.2665],[-76.55979,-7.25947],[-76.56681,-7.24524],[-76.57197,-7.24313],[-76.57357,-7.22524],[-76.57997,-7.21054],[-76.57873,-7.20363],[-76.58329,-7.20114],[-76.59127,-7.18339],[-76.59009,-7.17671],[-76.59766,-7.14815],[-76.59662,-7.14202],[-76.58636,-7.13506],[-76.57241,-7.13243],[-76.56202,-7.12594],[-76.55612,-7.11912],[-76.55056,-7.10629],[-76.52255,-7.09579],[-76.49946,-7.08615],[-76.48558,-7.0741],[-76.46275,-7.06572],[-76.456,-7.05352],[-76.44489,-7.05006],[-76.43144,-7.04111],[-76.43182,-7.02231],[-76.42434,-7.01345],[-76.41907,-7.00142],[-76.41768,-7.01832],[-76.4082,-7.02057],[-76.40148,-7.01503],[-76.37539,-7.01649],[-76.35219,-7.03371],[-76.34404,-7.03332],[-76.33744,-7.04106],[-76.32897,-7.04347],[-76.319,-7.05845],[-76.30518,-7.06171],[-76.29407,-7.05769],[-76.27413,-7.0662],[-76.25727,-7.06134]]]}},{"type":"Feature","properties":{"ubigeo":"220204","nombre":"Huallaga"},"geometry":{"type":"Polygon","coordinates":[[[-76.54112,-7.28373],[-76.53039,-7.29908],[-76.51705,-7.35295],[-76.5187,-7.36039],[-76.51491,-7.37366],[-76.50972,-7.42294],[-76.50037,-7.45245],[-76.50983,-7.46131],[-76.51862,-7.47998],[-76.52789,-7.48412],[-76.52645,-7.49224],[-76.5357,-7.50683],[-76.53175,-7.52484],[-76.5315,-7.54463],[-76.54334,-7.54509],[-76.55711,-7.54856],[-76.5593,-7.53154],[-76.55518,-7.51973],[-76.55618,-7.50696],[-76.5513,-7.50434],[-76.55213,-7.49389],[-76.55695,-7.47665],[-76.56439,-7.46237],[-76.56405,-7.45601],[-76.55779,-7.45388],[-76.55878,-7.44173],[-76.56201,-7.43833],[-76.56849,-7.40869],[-76.56476,-7.39575],[-76.56994,-7.39407],[-76.57381,-7.38591],[-76.56459,-7.36407],[-76.5673,-7.34275],[-76.56519,-7.34],[-76.57104,-7.33036],[-76.56214,-7.31626],[-76.56392,-7.31257],[-76.55741,-7.30674],[-76.56259,-7.29756],[-76.56268,-7.29078],[-76.5708,-7.27727],[-76.5768,-7.27517],[-76.57977,-7.26656],[-76.58403,-7.26775],[-76.58355,-7.25825],[-76.58831,-7.25436],[-76.59427,-7.25613],[-76.60055,-7.24334],[-76.61173,-7.24568],[-76.61822,-7.24067],[-76.62464,-7.22878],[-76.62163,-7.21814],[-76.61416,-7.21371],[-76.61845,-7.19456],[-76.6238,-7.18648],[-76.62966,-7.16798],[-76.63488,-7.15972],[-76.63346,-7.15239],[-76.63803,-7.14311],[-76.64267,-7.14378],[-76.65168,-7.13618],[-76.65811,-7.13587],[-76.66899,-7.12812],[-76.6591,-7.12093],[-76.65152,-7.10723],[-76.64535,-7.10194],[-76.6383,-7.103],[-76.63265,-7.09897],[-76.63105,-7.08986],[-76.52255,-7.09579],[-76.55056,-7.10629],[-76.55612,-7.11912],[-76.56202,-7.12594],[-76.57241,-7.13243],[-76.58636,-7.13506],[-76.59662,-7.14202],[-76.59766,-7.14815],[-76.59009,-7.17671],[-76.59127,-7.18339],[-76.58329,-7.20114],[-76.57873,-7.20363],[-76.57997,-7.21054],[-76.57357,-7.22524],[-76.57197,-7.24313],[-76.56681,-7.24524],[-76.55979,-7.25947],[-76.5521,-7.2665],[-76.54112,-7.28373]]]}},{"type":"Feature","properties":{"ubigeo":"220205","nombre":"San Pablo"},"geometry":{"type":"Polygon","coordinates":[[[-76.47135,-6.85598],[-76.50954,-6.89049],[-76.51161,-6.90204],[-76.52341,-6.91119],[-76.53704,-6.91276],[-76.5415,-6.92227],[-76.54864,-6.92833],[-76.5431,-6.93915],[-76.57377,-6.91902],[-76.58246,-6.92439],[-76.60204,-6.91838],[-76.6037,-6.91146],[-76.61484,-6.90997],[-76.62428,-6.90271],[-76.63009,-6.89045],[-76.63823,-6.89048],[-76.64791,-6.88571],[-76.6559,-6.86944],[-76.6769,-6.87836],[-76.70917,-6.87526],[-76.71584,-6.85752],[-76.72533,-6.83747],[-76.73422,-6.81252],[-76.73447,-6.80269],[-76.71915,-6.8028],[-76.69733,-6.7991],[-76.6851,-6.81011],[-76.66685,-6.80085],[-76.66331,-6.79573],[-76.63919,-6.78934],[-76.62078,-6.77606],[-76.61364,-6.78084],[-76.60697,-6.78034],[-76.59851,-6.78735],[-76.59616,-6.79456],[-76.57699,-6.7824],[-76.55904,-6.76896],[-76.53455,-6.74879],[-76.52421,-6.7338],[-76.52387,-6.72538],[-76.51998,-6.72781],[-76.51673,-6.7403],[-76.50434,-6.75362],[-76.5029,-6.76216],[-76.50008,-6.79246],[-76.49138,-6.79724],[-76.48149,-6.80742],[-76.46734,-6.81526],[-76.46374,-6.82229],[-76.47419,-6.82663],[-76.47139,-6.83405],[-76.47405,-6.84548],[-76.47135,-6.85598]]]}},{"type":"Feature","properties":{"ubigeo":"220206","nombre":"San Rafael"},"geometry":{"type":"Polygon","coordinates":[[[-76.52255,-7.09579],[-76.52579,-7.08262],[-76.53505,-7.02463],[-76.54662,-6.94698],[-76.54607,-6.94505],[-76.54443,-6.94779],[-76.52976,-6.94983],[-76.52832,-6.96165],[-76.52015,-6.96549],[-76.52524,-6.9711],[-76.52033,-6.97684],[-76.50888,-6.97467],[-76.50285,-6.96999],[-76.49901,-6.9922],[-76.48872,-6.98887],[-76.48425,-6.99565],[-76.4779,-6.98675],[-76.47131,-6.99871],[-76.46496,-6.99218],[-76.46292,-7.00312],[-76.46545,-7.00907],[-76.45552,-7.0134],[-76.45119,-7.00611],[-76.44134,-7.00615],[-76.42946,-7.01311],[-76.42434,-7.01345],[-76.43182,-7.02231],[-76.43144,-7.04111],[-76.44489,-7.05006],[-76.456,-7.05352],[-76.46275,-7.06572],[-76.48558,-7.0741],[-76.49946,-7.08615],[-76.52255,-7.09579]]]}},{"type":"Feature","properties":{"ubigeo":"220301","nombre":"San José de Sisa"},"geometry":{"type":"Polygon","coordinates":[[[-76.61404,-6.57143],[-76.59721,-6.59122],[-76.60212,-6.60109],[-76.61675,-6.62062],[-76.62562,-6.6248],[-76.63191,-6.63293],[-76.65333,-6.63583],[-76.65855,-6.63468],[-76.66319,-6.65356],[-76.67402,-6.68282],[-76.67914,-6.68987],[-76.68068,-6.69893],[-76.68729,-6.70757],[-76.69303,-6.69888],[-76.70248,-6.69286],[-76.71536,-6.69093],[-76.7184,-6.68562],[-76.73325,-6.689],[-76.73701,-6.68552],[-76.75761,-6.69237],[-76.7674,-6.69724],[-76.78085,-6.70067],[-76.78923,-6.68192],[-76.79498,-6.66257],[-76.79696,-6.64565],[-76.80391,-6.63825],[-76.8049,-6.63256],[-76.81166,-6.62763],[-76.81521,-6.60793],[-76.82177,-6.59703],[-76.82807,-6.58092],[-76.83474,-6.57042],[-76.84129,-6.54901],[-76.82459,-6.55325],[-76.78612,-6.54925],[-76.77065,-6.55331],[-76.76549,-6.55089],[-76.75815,-6.55356],[-76.74771,-6.55115],[-76.73193,-6.5588],[-76.70751,-6.56363],[-76.70549,-6.55514],[-76.69876,-6.56204],[-76.68605,-6.56079],[-76.68135,-6.55575],[-76.68313,-6.53958],[-76.66277,-6.52483],[-76.63983,-6.52698],[-76.64597,-6.5343],[-76.64072,-6.5469],[-76.61404,-6.57143]]]}},{"type":"Feature","properties":{"ubigeo":"220302","nombre":"Agua Blanca"},"geometry":{"type":"Polygon","coordinates":[[[-76.78085,-6.70067],[-76.7674,-6.69724],[-76.75761,-6.69237],[-76.73701,-6.68552],[-76.73325,-6.689],[-76.7184,-6.68562],[-76.71536,-6.69093],[-76.70248,-6.69286],[-76.69303,-6.69888],[-76.68729,-6.70757],[-76.68068,-6.69893],[-76.67914,-6.68987],[-76.67402,-6.68282],[-76.66319,-6.65356],[-76.65855,-6.63468],[-76.65333,-6.63583],[-76.63191,-6.63293],[-76.63543,-6.64687],[-76.64468,-6.661],[-76.63951,-6.67889],[-76.64554,-6.68775],[-76.64277,-6.70314],[-76.63762,-6.70783],[-76.63559,-6.72185],[-76.64152,-6.73418],[-76.65452,-6.74501],[-76.6568,-6.7516],[-76.6666,-6.76305],[-76.68062,-6.77181],[-76.68724,-6.77082],[-76.69499,-6.78017],[-76.70314,-6.7813],[-76.70625,-6.78687],[-76.71898,-6.79042],[-76.73661,-6.79037],[-76.74377,-6.78017],[-76.76014,-6.76636],[-76.78541,-6.72912],[-76.78395,-6.72214],[-76.78689,-6.71427],[-76.78085,-6.70067]]]}},{"type":"Feature","properties":{"ubigeo":"220303","nombre":"San Martín"},"geometry":{"type":"Polygon","coordinates":[[[-76.6975,-6.41536],[-76.68436,-6.42525],[-76.67893,-6.43474],[-76.66937,-6.46691],[-76.69184,-6.48869],[-76.70143,-6.48857],[-76.70679,-6.49394],[-76.70696,-6.50457],[-76.71669,-6.51746],[-76.72752,-6.51751],[-76.73517,-6.52726],[-76.756,-6.53528],[-76.76549,-6.55089],[-76.77065,-6.55331],[-76.78612,-6.54925],[-76.82459,-6.55325],[-76.84129,-6.54901],[-76.84979,-6.53895],[-76.85524,-6.5254],[-76.8734,-6.50637],[-76.87718,-6.49288],[-76.88608,-6.48892],[-76.88768,-6.48269],[-76.92103,-6.47125],[-76.93664,-6.44643],[-76.9445,-6.43915],[-76.95252,-6.39716],[-76.93893,-6.39005],[-76.93449,-6.38431],[-76.94169,-6.35999],[-76.94813,-6.34865],[-76.96383,-6.33602],[-76.97181,-6.32252],[-76.96464,-6.31146],[-76.95554,-6.28959],[-76.95387,-6.28027],[-76.94932,-6.28438],[-76.92129,-6.28472],[-76.91312,-6.28125],[-76.90035,-6.28748],[-76.89804,-6.28038],[-76.89054,-6.2777],[-76.88603,-6.27006],[-76.8671,-6.26461],[-76.86332,-6.26944],[-76.847,-6.27707],[-76.83514,-6.28515],[-76.83665,-6.28791],[-76.83572,-6.3195],[-76.84177,-6.33892],[-76.84321,-6.36917],[-76.83174,-6.38862],[-76.82482,-6.38864],[-76.81494,-6.39668],[-76.80353,-6.40076],[-76.7872,-6.41508],[-76.78035,-6.41822],[-76.76245,-6.4168],[-76.75055,-6.42222],[-76.72948,-6.42082],[-76.7242,-6.42682],[-76.69944,-6.42555],[-76.6975,-6.41536]]]}},{"type":"Feature","properties":{"ubigeo":"220304","nombre":"Santa Rosa"},"geometry":{"type":"Polygon","coordinates":[[[-76.52421,-6.69287],[-76.5262,-6.70575],[-76.52253,-6.72014],[-76.52387,-6.72538],[-76.52421,-6.7338],[-76.53455,-6.74879],[-76.55904,-6.76896],[-76.57699,-6.7824],[-76.59616,-6.79456],[-76.59851,-6.78735],[-76.60697,-6.78034],[-76.61364,-6.78084],[-76.62078,-6.77606],[-76.63919,-6.78934],[-76.66331,-6.79573],[-76.66685,-6.80085],[-76.6851,-6.81011],[-76.69733,-6.7991],[-76.71915,-6.8028],[-76.73447,-6.80269],[-76.73661,-6.79037],[-76.71898,-6.79042],[-76.70625,-6.78687],[-76.70314,-6.7813],[-76.69499,-6.78017],[-76.68724,-6.77082],[-76.68062,-6.77181],[-76.6666,-6.76305],[-76.6568,-6.7516],[-76.65452,-6.74501],[-76.64152,-6.73418],[-76.63559,-6.72185],[-76.63762,-6.70783],[-76.64277,-6.70314],[-76.64554,-6.68775],[-76.63951,-6.67889],[-76.64468,-6.661],[-76.63543,-6.64687],[-76.63191,-6.63293],[-76.62562,-6.6248],[-76.61675,-6.62062],[-76.60212,-6.60109],[-76.59721,-6.59122],[-76.59124,-6.59496],[-76.57714,-6.59282],[-76.56008,-6.59739],[-76.55255,-6.59574],[-76.53789,-6.60988],[-76.53458,-6.62549],[-76.55008,-6.64822],[-76.55549,-6.6537],[-76.55847,-6.67143],[-76.54955,-6.68129],[-76.53971,-6.68299],[-76.52421,-6.69287]]]}},{"type":"Feature","properties":{"ubigeo":"220305","nombre":"Shatoja"},"geometry":{"type":"Polygon","coordinates":[[[-76.76549,-6.55089],[-76.756,-6.53528],[-76.73517,-6.52726],[-76.72752,-6.51751],[-76.71669,-6.51746],[-76.70696,-6.50457],[-76.70679,-6.49394],[-76.70143,-6.48857],[-76.69184,-6.48869],[-76.66937,-6.46691],[-76.66428,-6.48048],[-76.65857,-6.48374],[-76.65702,-6.50257],[-76.65345,-6.51783],[-76.64102,-6.51982],[-76.63983,-6.52698],[-76.66277,-6.52483],[-76.68313,-6.53958],[-76.68135,-6.55575],[-76.68605,-6.56079],[-76.69876,-6.56204],[-76.70549,-6.55514],[-76.70751,-6.56363],[-76.73193,-6.5588],[-76.74771,-6.55115],[-76.75815,-6.55356],[-76.76549,-6.55089]]]}},{"type":"Feature","properties":{"ubigeo":"220401","nombre":"Saposoa"},"geometry":{"type":"Polygon","coordinates":[[[-76.70917,-6.87526],[-76.69243,-6.89859],[-76.68663,-6.90477],[-76.68118,-6.91663],[-76.70499,-6.93718],[-76.70715,-6.9499],[-76.72177,-6.95568],[-76.71641,-6.96467],[-76.72373,-6.9724],[-76.7478,-6.97402],[-76.75936,-6.96306],[-76.76039,-6.97312],[-76.76898,-6.97362],[-76.7621,-6.96498],[-76.76102,-6.95817],[-76.76408,-6.94806],[-76.77075,-6.94925],[-76.76928,-6.94264],[-76.78576,-6.93889],[-76.79234,-6.94368],[-76.80557,-6.94363],[-76.82341,-6.95117],[-76.83196,-6.96201],[-76.84604,-6.96233],[-76.85512,-6.96003],[-76.86531,-6.96166],[-76.87515,-6.96906],[-76.87468,-6.97934],[-76.88398,-6.98838],[-76.89598,-6.99634],[-76.90257,-7.00972],[-76.9093,-7.00198],[-76.92937,-7.00223],[-76.95203,-6.99632],[-76.95703,-6.99148],[-76.9632,-6.97645],[-76.96546,-6.94319],[-76.97466,-6.92108],[-76.98992,-6.90095],[-76.99421,-6.88095],[-77.00193,-6.86957],[-77.00197,-6.86149],[-77.00668,-6.85681],[-77.0074,-6.84009],[-77.01534,-6.83568],[-77.01068,-6.82479],[-77.01319,-6.80543],[-77.01831,-6.79451],[-77.03123,-6.78272],[-77.02771,-6.76897],[-77.0392,-6.7376],[-77.03591,-6.72102],[-77.02542,-6.7135],[-77.00283,-6.75039],[-76.99731,-6.75337],[-76.97928,-6.77414],[-76.95731,-6.79356],[-76.93646,-6.81031],[-76.91588,-6.83032],[-76.89877,-6.83239],[-76.8793,-6.83974],[-76.86449,-6.83664],[-76.85134,-6.83779],[-76.83407,-6.84759],[-76.80904,-6.85316],[-76.79168,-6.85342],[-76.77268,-6.84874],[-76.76317,-6.85648],[-76.75361,-6.85326],[-76.75343,-6.84848],[-76.74508,-6.84273],[-76.74283,-6.82597],[-76.73422,-6.81252],[-76.72533,-6.83747],[-76.71584,-6.85752],[-76.70917,-6.87526]]]}},{"type":"Feature","properties":{"ubigeo":"220402","nombre":"Alto Saposoa"},"geometry":{"type":"Polygon","coordinates":[[[-76.95252,-6.39716],[-76.9445,-6.43915],[-76.93664,-6.44643],[-76.92103,-6.47125],[-76.88768,-6.48269],[-76.88608,-6.48892],[-76.87718,-6.49288],[-76.8734,-6.50637],[-76.85524,-6.5254],[-76.84979,-6.53895],[-76.84129,-6.54901],[-76.83474,-6.57042],[-76.82807,-6.58092],[-76.82177,-6.59703],[-76.81521,-6.60793],[-76.81166,-6.62763],[-76.8049,-6.63256],[-76.80391,-6.63825],[-76.79696,-6.64565],[-76.79498,-6.66257],[-76.78923,-6.68192],[-76.78085,-6.70067],[-76.78689,-6.71427],[-76.78395,-6.72214],[-76.78541,-6.72912],[-76.76014,-6.76636],[-76.74377,-6.78017],[-76.73661,-6.79037],[-76.73447,-6.80269],[-76.73422,-6.81252],[-76.74283,-6.82597],[-76.74508,-6.84273],[-76.75343,-6.84848],[-76.75361,-6.85326],[-76.76317,-6.85648],[-76.77268,-6.84874],[-76.79168,-6.85342],[-76.80904,-6.85316],[-76.83407,-6.84759],[-76.85134,-6.83779],[-76.86449,-6.83664],[-76.8793,-6.83974],[-76.89877,-6.83239],[-76.91588,-6.83032],[-76.93646,-6.81031],[-76.95731,-6.79356],[-76.97928,-6.77414],[-76.99731,-6.75337],[-77.00283,-6.75039],[-77.02542,-6.7135],[-77.03493,-6.69822],[-77.03725,-6.68529],[-77.04464,-6.67225],[-77.05697,-6.66599],[-77.05861,-6.6523],[-77.06206,-6.64421],[-77.07404,-6.63971],[-77.0738,-6.62708],[-77.06916,-6.62451],[-77.0648,-6.61127],[-77.06442,-6.60101],[-77.04944,-6.5937],[-77.05121,-6.58556],[-77.04661,-6.56569],[-77.05608,-6.56806],[-77.06584,-6.55761],[-77.08565,-6.55016],[-77.09844,-6.53799],[-77.11364,-6.52347],[-77.12278,-6.50862],[-77.13498,-6.50308],[-77.15822,-6.5012],[-77.16108,-6.48538],[-77.16719,-6.48229],[-77.17392,-6.47147],[-77.17419,-6.4564],[-77.18536,-6.43671],[-77.19821,-6.43154],[-77.19787,-6.42099],[-77.20995,-6.41678],[-77.22144,-6.4193],[-77.22778,-6.41085],[-77.23622,-6.40936],[-77.24859,-6.39051],[-77.26396,-6.38213],[-77.27551,-6.38473],[-77.28255,-6.37334],[-77.28098,-6.36307],[-77.28677,-6.33909],[-77.28471,-6.32909],[-77.27245,-6.32773],[-77.26681,-6.33028],[-77.26001,-6.32771],[-77.25467,-6.33645],[-77.24365,-6.33812],[-77.24128,-6.35264],[-77.23347,-6.35993],[-77.22146,-6.38113],[-77.20824,-6.37518],[-77.19319,-6.38152],[-77.18148,-6.37846],[-77.17173,-6.38117],[-77.16341,-6.37808],[-77.16241,-6.37294],[-77.14941,-6.35894],[-77.14658,-6.35111],[-77.1427,-6.36233],[-77.12861,-6.37446],[-77.12797,-6.38681],[-77.11548,-6.39921],[-77.10092,-6.38825],[-77.08874,-6.39059],[-77.06567,-6.40766],[-77.05176,-6.40995],[-77.04371,-6.40268],[-77.03425,-6.40747],[-77.02029,-6.4086],[-77.0092,-6.41321],[-77.0018,-6.41261],[-76.98949,-6.40622],[-76.98154,-6.38746],[-76.97063,-6.38297],[-76.96235,-6.38866],[-76.95917,-6.39749],[-76.95252,-6.39716]]]}},{"type":"Feature","properties":{"ubigeo":"220403","nombre":"El Eslabón"},"geometry":{"type":"Polygon","coordinates":[[[-76.68992,-7.03272],[-76.70273,-7.03107],[-76.70782,-7.03687],[-76.71587,-7.03465],[-76.72777,-7.03879],[-76.73184,-7.04292],[-76.7495,-7.03981],[-76.75669,-7.04552],[-76.77042,-7.04556],[-76.77004,-7.04],[-76.78226,-7.03344],[-76.7831,-7.02348],[-76.7799,-7.01058],[-76.78438,-7.00509],[-76.78049,-6.99722],[-76.75944,-6.99594],[-76.75031,-6.98232],[-76.7478,-6.97402],[-76.72373,-6.9724],[-76.71641,-6.96467],[-76.72177,-6.95568],[-76.70715,-6.9499],[-76.70499,-6.93718],[-76.68118,-6.91663],[-76.66973,-6.93037],[-76.65314,-6.9558],[-76.6434,-6.96601],[-76.63392,-6.98627],[-76.64139,-7.0035],[-76.65345,-7.00897],[-76.66854,-7.01608],[-76.6761,-7.02731],[-76.68199,-7.02685],[-76.68992,-7.03272]]]}},{"type":"Feature","properties":{"ubigeo":"220404","nombre":"Piscoyacu"},"geometry":{"type":"Polygon","coordinates":[[[-76.78226,-7.03344],[-76.78705,-7.04269],[-76.80125,-7.04522],[-76.80569,-7.05004],[-76.80442,-7.06054],[-76.79913,-7.07407],[-76.80253,-7.08447],[-76.81675,-7.08795],[-76.82872,-7.08524],[-76.83585,-7.06493],[-76.8399,-7.06128],[-76.85472,-7.06861],[-76.87447,-7.07837],[-76.88361,-7.09401],[-76.89681,-7.0913],[-76.90708,-7.08618],[-76.90736,-7.07303],[-76.90231,-7.06588],[-76.90576,-7.05422],[-76.89734,-7.04669],[-76.89933,-7.03589],[-76.89666,-7.03098],[-76.90628,-7.01761],[-76.90257,-7.00972],[-76.89598,-6.99634],[-76.88398,-6.98838],[-76.87468,-6.97934],[-76.87515,-6.96906],[-76.86531,-6.96166],[-76.85512,-6.96003],[-76.84604,-6.96233],[-76.83196,-6.96201],[-76.82341,-6.95117],[-76.80557,-6.94363],[-76.79234,-6.94368],[-76.78576,-6.93889],[-76.76928,-6.94264],[-76.77075,-6.94925],[-76.76408,-6.94806],[-76.76102,-6.95817],[-76.7621,-6.96498],[-76.76898,-6.97362],[-76.76039,-6.97312],[-76.75936,-6.96306],[-76.7478,-6.97402],[-76.75031,-6.98232],[-76.75944,-6.99594],[-76.78049,-6.99722],[-76.78438,-7.00509],[-76.7799,-7.01058],[-76.7831,-7.02348],[-76.78226,-7.03344]]]}},{"type":"Feature","properties":{"ubigeo":"220405","nombre":"Sacanche"},"geometry":{"type":"Polygon","coordinates":[[[-76.68179,-7.08913],[-76.68523,-7.095],[-76.70378,-7.10219],[-76.7153,-7.09769],[-76.72402,-7.10502],[-76.73451,-7.10799],[-76.7348,-7.11244],[-76.74448,-7.12204],[-76.7501,-7.12142],[-76.75903,-7.13094],[-76.77235,-7.12783],[-76.77943,-7.13024],[-76.78517,-7.1384],[-76.78389,-7.16287],[-76.79835,-7.17432],[-76.81213,-7.17298],[-76.81854,-7.15565],[-76.84415,-7.1008],[-76.85087,-7.07291],[-76.85472,-7.06861],[-76.8399,-7.06128],[-76.83585,-7.06493],[-76.82872,-7.08524],[-76.81675,-7.08795],[-76.80253,-7.08447],[-76.79913,-7.07407],[-76.80442,-7.06054],[-76.80569,-7.05004],[-76.80125,-7.04522],[-76.78705,-7.04269],[-76.78226,-7.03344],[-76.77004,-7.04],[-76.77042,-7.04556],[-76.75669,-7.04552],[-76.7495,-7.03981],[-76.73184,-7.04292],[-76.72777,-7.03879],[-76.71587,-7.03465],[-76.70782,-7.03687],[-76.70273,-7.03107],[-76.68992,-7.03272],[-76.68652,-7.04127],[-76.67666,-7.04546],[-76.67364,-7.05352],[-76.67339,-7.06503],[-76.66374,-7.07369],[-76.66452,-7.08342],[-76.68179,-7.08913]]]}},{"type":"Feature","properties":{"ubigeo":"220406","nombre":"Tingo de Saposoa"},"geometry":{"type":"Polygon","coordinates":[[[-76.66899,-7.12812],[-76.6704,-7.12725],[-76.6692,-7.11395],[-76.68179,-7.08913],[-76.66452,-7.08342],[-76.66374,-7.07369],[-76.67339,-7.06503],[-76.67364,-7.05352],[-76.67666,-7.04546],[-76.68652,-7.04127],[-76.68992,-7.03272],[-76.68199,-7.02685],[-76.6761,-7.02731],[-76.66854,-7.01608],[-76.65345,-7.00897],[-76.6428,-7.03099],[-76.6321,-7.04227],[-76.63719,-7.04826],[-76.63029,-7.05903],[-76.63034,-7.06977],[-76.63397,-7.0761],[-76.63105,-7.08986],[-76.63265,-7.09897],[-76.6383,-7.103],[-76.64535,-7.10194],[-76.65152,-7.10723],[-76.6591,-7.12093],[-76.66899,-7.12812]]]}},{"type":"Feature","properties":{"ubigeo":"220501","nombre":"Lamas"},"geometry":{"type":"Polygon","coordinates":[[[-76.5044,-6.48087],[-76.51809,-6.47933],[-76.5285,-6.47234],[-76.53659,-6.46358],[-76.55444,-6.4497],[-76.57205,-6.44476],[-76.57918,-6.4396],[-76.57581,-6.43837],[-76.5596,-6.42095],[-76.55107,-6.41774],[-76.54612,-6.41136],[-76.56279,-6.39225],[-76.56855,-6.3917],[-76.58373,-6.37494],[-76.57192,-6.37086],[-76.56276,-6.36501],[-76.5639,-6.35253],[-76.55664,-6.34431],[-76.56226,-6.3213],[-76.56011,-6.31103],[-76.5547,-6.31511],[-76.54485,-6.31238],[-76.53655,-6.31634],[-76.52494,-6.32638],[-76.51903,-6.33643],[-76.51211,-6.34267],[-76.50821,-6.35145],[-76.49393,-6.37187],[-76.48184,-6.3862],[-76.47097,-6.39379],[-76.47514,-6.42518],[-76.48985,-6.44485],[-76.50323,-6.47018],[-76.5044,-6.48087]]]}},{"type":"Feature","properties":{"ubigeo":"220502","nombre":"Alonso de Alvarado"},"geometry":{"type":"Polygon","coordinates":[[[-76.6975,-6.41536],[-76.69944,-6.42555],[-76.7242,-6.42682],[-76.72948,-6.42082],[-76.75055,-6.42222],[-76.76245,-6.4168],[-76.78035,-6.41822],[-76.7872,-6.41508],[-76.80353,-6.40076],[-76.81494,-6.39668],[-76.82482,-6.38864],[-76.83174,-6.38862],[-76.84321,-6.36917],[-76.84177,-6.33892],[-76.83572,-6.3195],[-76.83665,-6.28791],[-76.83514,-6.28515],[-76.82266,-6.26526],[-76.81909,-6.24871],[-76.81537,-6.24446],[-76.81844,-6.23304],[-76.81455,-6.22587],[-76.81806,-6.21644],[-76.81882,-6.20209],[-76.79272,-6.19826],[-76.78237,-6.18449],[-76.77341,-6.18369],[-76.76819,-6.17638],[-76.75159,-6.17245],[-76.74123,-6.16178],[-76.73111,-6.1604],[-76.73475,-6.16702],[-76.73479,-6.18056],[-76.72748,-6.20215],[-76.72893,-6.21352],[-76.73686,-6.22491],[-76.73515,-6.24129],[-76.74508,-6.24903],[-76.7513,-6.26185],[-76.76263,-6.27642],[-76.74414,-6.2763],[-76.73097,-6.28515],[-76.7251,-6.29987],[-76.72474,-6.30797],[-76.71806,-6.31597],[-76.71072,-6.31754],[-76.70458,-6.33223],[-76.70966,-6.33217],[-76.71174,-6.34594],[-76.71726,-6.3533],[-76.71549,-6.36345],[-76.70776,-6.37426],[-76.70992,-6.38006],[-76.70188,-6.40832],[-76.6975,-6.41536]]]}},{"type":"Feature","properties":{"ubigeo":"220503","nombre":"Barranquita"},"geometry":{"type":"Polygon","coordinates":[[[-75.91059,-6.41607],[-75.90623,-6.43458],[-75.90187,-6.44101],[-75.89996,-6.45532],[-75.902,-6.45917],[-75.91358,-6.46122],[-75.91561,-6.45769],[-75.92338,-6.46373],[-75.94146,-6.4644],[-75.9501,-6.47865],[-75.95406,-6.49047],[-75.96729,-6.48841],[-75.97404,-6.4906],[-75.97909,-6.49947],[-75.99108,-6.49968],[-75.99805,-6.4951],[-76.00728,-6.49863],[-76.02892,-6.48594],[-76.06902,-6.47274],[-76.08443,-6.47842],[-76.10939,-6.47522],[-76.119,-6.48705],[-76.12455,-6.48718],[-76.13258,-6.4995],[-76.14736,-6.49732],[-76.15432,-6.49857],[-76.16135,-6.5064],[-76.18055,-6.50083],[-76.18659,-6.48602],[-76.18296,-6.48225],[-76.19197,-6.47959],[-76.19765,-6.47434],[-76.18079,-6.45919],[-76.18454,-6.42745],[-76.18138,-6.42353],[-76.17415,-6.39576],[-76.17016,-6.38674],[-76.16394,-6.36335],[-76.15947,-6.35375],[-76.14734,-6.33803],[-76.14965,-6.31725],[-76.173,-6.29494],[-76.17843,-6.28534],[-76.18002,-6.27412],[-76.17909,-6.24207],[-76.17266,-6.22798],[-76.15914,-6.21816],[-76.14709,-6.20592],[-76.13535,-6.18574],[-76.1278,-6.17688],[-76.12916,-6.16649],[-76.13416,-6.15747],[-76.14599,-6.14667],[-76.08689,-6.1069],[-76.06472,-6.09965],[-76.05545,-6.10196],[-76.04272,-6.101],[-76.01816,-6.0912],[-76.01276,-6.08422],[-76.00575,-6.09522],[-75.96952,-6.09622],[-75.9592,-6.09798],[-75.95356,-6.10262],[-75.94818,-6.11461],[-75.93104,-6.13287],[-75.91659,-6.14079],[-75.91621,-6.16099],[-75.92675,-6.17359],[-75.93093,-6.18238],[-75.93317,-6.21266],[-75.95216,-6.2425],[-75.97279,-6.26675],[-75.97824,-6.28136],[-75.97853,-6.29411],[-75.97199,-6.3066],[-75.95893,-6.31735],[-75.94982,-6.32772],[-75.94142,-6.3448],[-75.9292,-6.35684],[-75.92213,-6.37065],[-75.92614,-6.37756],[-75.91903,-6.38625],[-75.92499,-6.39155],[-75.92579,-6.40005],[-75.91858,-6.41018],[-75.91059,-6.41607]]]}},{"type":"Feature","properties":{"ubigeo":"220504","nombre":"Caynarachi"},"geometry":{"type":"Polygon","coordinates":[[[-76.18454,-6.42745],[-76.19603,-6.4297],[-76.21486,-6.42722],[-76.22205,-6.42093],[-76.23723,-6.42024],[-76.24689,-6.43171],[-76.2502,-6.4274],[-76.26985,-6.42647],[-76.27376,-6.41758],[-76.28158,-6.41371],[-76.29139,-6.40318],[-76.29808,-6.39193],[-76.29889,-6.38517],[-76.30376,-6.38375],[-76.31706,-6.36447],[-76.33767,-6.34694],[-76.35599,-6.33936],[-76.36104,-6.34123],[-76.36593,-6.35031],[-76.37363,-6.34552],[-76.37897,-6.3377],[-76.38592,-6.31901],[-76.39558,-6.30265],[-76.39861,-6.29168],[-76.40481,-6.28105],[-76.41378,-6.27494],[-76.43909,-6.25109],[-76.44788,-6.2399],[-76.45722,-6.23448],[-76.47144,-6.21569],[-76.49674,-6.19118],[-76.50736,-6.18308],[-76.52238,-6.16174],[-76.52234,-6.13798],[-76.531,-6.13027],[-76.53775,-6.10115],[-76.53563,-6.09389],[-76.53989,-6.08591],[-76.53577,-6.08169],[-76.54054,-6.06938],[-76.53623,-6.06123],[-76.53649,-6.04601],[-76.546,-6.03234],[-76.54888,-6.01275],[-76.53617,-6.0131],[-76.51799,-6.00341],[-76.5067,-6.00992],[-76.48986,-6.01422],[-76.47822,-6.01334],[-76.47101,-6.00949],[-76.44115,-6.00702],[-76.43295,-6.00449],[-76.42474,-5.99581],[-76.41771,-5.97288],[-76.41188,-5.96215],[-76.40016,-5.95356],[-76.38672,-5.96187],[-76.37279,-5.97376],[-76.36219,-5.98782],[-76.34053,-6.03204],[-76.33355,-6.03552],[-76.33401,-6.04211],[-76.31892,-6.05033],[-76.31543,-6.05781],[-76.31971,-6.07357],[-76.3183,-6.08609],[-76.3035,-6.09962],[-76.28508,-6.10383],[-76.27791,-6.11215],[-76.26521,-6.11969],[-76.25617,-6.12061],[-76.24715,-6.12606],[-76.20198,-6.1325],[-76.14599,-6.14667],[-76.13416,-6.15747],[-76.12916,-6.16649],[-76.1278,-6.17688],[-76.13535,-6.18574],[-76.14709,-6.20592],[-76.15914,-6.21816],[-76.17266,-6.22798],[-76.17909,-6.24207],[-76.18002,-6.27412],[-76.17843,-6.28534],[-76.173,-6.29494],[-76.14965,-6.31725],[-76.14734,-6.33803],[-76.15947,-6.35375],[-76.16394,-6.36335],[-76.17016,-6.38674],[-76.17415,-6.39576],[-76.18138,-6.42353],[-76.18454,-6.42745]]]}},{"type":"Feature","properties":{"ubigeo":"220505","nombre":"Cuñumbuqui"},"geometry":{"type":"Polygon","coordinates":[[[-76.45625,-6.51613],[-76.46256,-6.52437],[-76.46059,-6.53087],[-76.45251,-6.53686],[-76.43969,-6.5412],[-76.42467,-6.55402],[-76.41839,-6.56183],[-76.42585,-6.57216],[-76.41163,-6.5822],[-76.40129,-6.59991],[-76.38831,-6.6059],[-76.37397,-6.6187],[-76.3801,-6.62067],[-76.387,-6.62836],[-76.40793,-6.63565],[-76.41652,-6.64597],[-76.41917,-6.65442],[-76.42757,-6.66369],[-76.44286,-6.67425],[-76.45632,-6.68001],[-76.46162,-6.68095],[-76.47842,-6.69376],[-76.48526,-6.69462],[-76.50123,-6.69036],[-76.51871,-6.69387],[-76.52421,-6.69287],[-76.53971,-6.68299],[-76.54955,-6.68129],[-76.55847,-6.67143],[-76.55549,-6.6537],[-76.55008,-6.64822],[-76.53458,-6.62549],[-76.52919,-6.62369],[-76.49999,-6.62778],[-76.48332,-6.62383],[-76.45887,-6.60974],[-76.45422,-6.59566],[-76.45667,-6.58957],[-76.48129,-6.58041],[-76.48094,-6.55739],[-76.48436,-6.53146],[-76.48215,-6.52235],[-76.48514,-6.5146],[-76.49353,-6.51234],[-76.51578,-6.501],[-76.51147,-6.49348],[-76.50277,-6.48989],[-76.50227,-6.48235],[-76.49156,-6.48716],[-76.47845,-6.49441],[-76.47196,-6.50888],[-76.45625,-6.51613]]]}},{"type":"Feature","properties":{"ubigeo":"220506","nombre":"Pinto Recodo"},"geometry":{"type":"Polygon","coordinates":[[[-76.56011,-6.31103],[-76.56226,-6.3213],[-76.55664,-6.34431],[-76.5639,-6.35253],[-76.56276,-6.36501],[-76.57192,-6.37086],[-76.58373,-6.37494],[-76.59482,-6.38477],[-76.61276,-6.37445],[-76.61841,-6.37444],[-76.62435,-6.36666],[-76.62521,-6.36003],[-76.63166,-6.35679],[-76.63373,-6.3478],[-76.63042,-6.34675],[-76.63141,-6.33646],[-76.64846,-6.30795],[-76.65653,-6.30583],[-76.65289,-6.29761],[-76.65741,-6.28596],[-76.67047,-6.26398],[-76.66914,-6.25492],[-76.67374,-6.24203],[-76.68295,-6.2269],[-76.69686,-6.212],[-76.70834,-6.2038],[-76.70545,-6.1997],[-76.71706,-6.18909],[-76.71561,-6.18529],[-76.72591,-6.17503],[-76.73111,-6.1604],[-76.74123,-6.16178],[-76.75159,-6.17245],[-76.76819,-6.17638],[-76.77341,-6.18369],[-76.78237,-6.18449],[-76.79272,-6.19826],[-76.81882,-6.20209],[-76.82887,-6.20042],[-76.83128,-6.19011],[-76.82786,-6.17465],[-76.8384,-6.13719],[-76.83477,-6.12421],[-76.84035,-6.10499],[-76.85935,-6.09544],[-76.87069,-6.09785],[-76.87392,-6.09339],[-76.8801,-6.08292],[-76.87801,-6.07554],[-76.8733,-6.07699],[-76.86123,-6.05956],[-76.86378,-6.05159],[-76.85673,-6.03961],[-76.84708,-6.03072],[-76.83098,-6.03081],[-76.81945,-6.03321],[-76.81265,-6.02509],[-76.80742,-6.02931],[-76.78748,-6.02396],[-76.76873,-6.01536],[-76.75923,-6.00847],[-76.75443,-5.99839],[-76.7477,-6.00364],[-76.72956,-6.00535],[-76.72263,-6.01102],[-76.71077,-6.01367],[-76.69954,-6.01091],[-76.67516,-6.01226],[-76.68682,-6.03567],[-76.68654,-6.05973],[-76.68433,-6.07404],[-76.67919,-6.08061],[-76.68551,-6.10196],[-76.68373,-6.10925],[-76.66998,-6.11784],[-76.65067,-6.11607],[-76.63343,-6.11895],[-76.6299,-6.12502],[-76.61984,-6.13093],[-76.6226,-6.14253],[-76.62357,-6.15841],[-76.6178,-6.17098],[-76.61832,-6.17704],[-76.60701,-6.19086],[-76.61571,-6.21442],[-76.62409,-6.21991],[-76.63008,-6.25221],[-76.62051,-6.25976],[-76.61609,-6.25863],[-76.60482,-6.27249],[-76.60017,-6.27134],[-76.58508,-6.28457],[-76.56869,-6.28299],[-76.55918,-6.29137],[-76.56207,-6.30333],[-76.56011,-6.31103]]]}},{"type":"Feature","properties":{"ubigeo":"220507","nombre":"Rumisapa"},"geometry":{"type":"Polygon","coordinates":[[[-76.49156,-6.48716],[-76.50227,-6.48235],[-76.5044,-6.48087],[-76.50323,-6.47018],[-76.48985,-6.44485],[-76.47514,-6.42518],[-76.47097,-6.39379],[-76.44729,-6.40071],[-76.44361,-6.40412],[-76.44881,-6.41623],[-76.45227,-6.43884],[-76.45914,-6.46168],[-76.47826,-6.48393],[-76.49156,-6.48716]]]}},{"type":"Feature","properties":{"ubigeo":"220508","nombre":"San Roque de Cumbaza"},"geometry":{"type":"Polygon","coordinates":[[[-76.36593,-6.35031],[-76.36826,-6.35483],[-76.37959,-6.3913],[-76.38707,-6.39516],[-76.4108,-6.38],[-76.419,-6.37796],[-76.42548,-6.3813],[-76.43332,-6.40029],[-76.44361,-6.40412],[-76.44729,-6.40071],[-76.47097,-6.39379],[-76.48184,-6.3862],[-76.49393,-6.37187],[-76.50821,-6.35145],[-76.51211,-6.34267],[-76.51903,-6.33643],[-76.52494,-6.32638],[-76.53655,-6.31634],[-76.54485,-6.31238],[-76.5547,-6.31511],[-76.56011,-6.31103],[-76.56207,-6.30333],[-76.55918,-6.29137],[-76.56869,-6.28299],[-76.58508,-6.28457],[-76.60017,-6.27134],[-76.60482,-6.27249],[-76.61609,-6.25863],[-76.62051,-6.25976],[-76.63008,-6.25221],[-76.62409,-6.21991],[-76.61571,-6.21442],[-76.60701,-6.19086],[-76.61832,-6.17704],[-76.6178,-6.17098],[-76.62357,-6.15841],[-76.6226,-6.14253],[-76.61984,-6.13093],[-76.6299,-6.12502],[-76.63343,-6.11895],[-76.65067,-6.11607],[-76.66998,-6.11784],[-76.68373,-6.10925],[-76.68551,-6.10196],[-76.67919,-6.08061],[-76.68433,-6.07404],[-76.68654,-6.05973],[-76.68682,-6.03567],[-76.67516,-6.01226],[-76.66685,-6.01068],[-76.66132,-6.0047],[-76.64709,-6.00607],[-76.64001,-6.0026],[-76.6231,-6.00832],[-76.61828,-6.0144],[-76.60434,-6.01715],[-76.59044,-6.01483],[-76.56296,-6.00157],[-76.54981,-6.00977],[-76.54888,-6.01275],[-76.546,-6.03234],[-76.53649,-6.04601],[-76.53623,-6.06123],[-76.54054,-6.06938],[-76.53577,-6.08169],[-76.53989,-6.08591],[-76.53563,-6.09389],[-76.53775,-6.10115],[-76.531,-6.13027],[-76.52234,-6.13798],[-76.52238,-6.16174],[-76.50736,-6.18308],[-76.49674,-6.19118],[-76.47144,-6.21569],[-76.45722,-6.23448],[-76.44788,-6.2399],[-76.43909,-6.25109],[-76.41378,-6.27494],[-76.40481,-6.28105],[-76.39861,-6.29168],[-76.39558,-6.30265],[-76.38592,-6.31901],[-76.37897,-6.3377],[-76.37363,-6.34552],[-76.36593,-6.35031]]]}},{"type":"Feature","properties":{"ubigeo":"220509","nombre":"Shanao"},"geometry":{"type":"Polygon","coordinates":[[[-76.57918,-6.4396],[-76.59378,-6.42765],[-76.60201,-6.41337],[-76.59505,-6.4096],[-76.59998,-6.3991],[-76.59915,-6.38881],[-76.59482,-6.38477],[-76.58373,-6.37494],[-76.56855,-6.3917],[-76.56279,-6.39225],[-76.54612,-6.41136],[-76.55107,-6.41774],[-76.5596,-6.42095],[-76.57581,-6.43837],[-76.57918,-6.4396]]]}},{"type":"Feature","properties":{"ubigeo":"220510","nombre":"Tabalosos"},"geometry":{"type":"Polygon","coordinates":[[[-76.57918,-6.4396],[-76.57662,-6.45379],[-76.57852,-6.45767],[-76.57183,-6.47666],[-76.56565,-6.47989],[-76.55822,-6.49263],[-76.56633,-6.50295],[-76.56314,-6.5112],[-76.56239,-6.52344],[-76.57055,-6.53426],[-76.5744,-6.53439],[-76.58297,-6.54336],[-76.58438,-6.5512],[-76.59811,-6.56694],[-76.61404,-6.57143],[-76.64072,-6.5469],[-76.64597,-6.5343],[-76.63983,-6.52698],[-76.64102,-6.51982],[-76.65345,-6.51783],[-76.65702,-6.50257],[-76.65857,-6.48374],[-76.66428,-6.48048],[-76.66937,-6.46691],[-76.67893,-6.43474],[-76.68436,-6.42525],[-76.6975,-6.41536],[-76.70188,-6.40832],[-76.70992,-6.38006],[-76.70776,-6.37426],[-76.71549,-6.36345],[-76.71726,-6.3533],[-76.71174,-6.34594],[-76.70966,-6.33217],[-76.70458,-6.33223],[-76.71072,-6.31754],[-76.71806,-6.31597],[-76.72474,-6.30797],[-76.7251,-6.29987],[-76.73097,-6.28515],[-76.74414,-6.2763],[-76.76263,-6.27642],[-76.7513,-6.26185],[-76.74508,-6.24903],[-76.73515,-6.24129],[-76.73686,-6.22491],[-76.72893,-6.21352],[-76.72748,-6.20215],[-76.73479,-6.18056],[-76.73475,-6.16702],[-76.73111,-6.1604],[-76.72591,-6.17503],[-76.71561,-6.18529],[-76.71706,-6.18909],[-76.70545,-6.1997],[-76.70834,-6.2038],[-76.69686,-6.212],[-76.68295,-6.2269],[-76.67374,-6.24203],[-76.66914,-6.25492],[-76.67047,-6.26398],[-76.65741,-6.28596],[-76.65289,-6.29761],[-76.65653,-6.30583],[-76.64846,-6.30795],[-76.63141,-6.33646],[-76.63042,-6.34675],[-76.63373,-6.3478],[-76.63166,-6.35679],[-76.62521,-6.36003],[-76.62435,-6.36666],[-76.61841,-6.37444],[-76.61276,-6.37445],[-76.59482,-6.38477],[-76.59915,-6.38881],[-76.59998,-6.3991],[-76.59505,-6.4096],[-76.60201,-6.41337],[-76.59378,-6.42765],[-76.57918,-6.4396]]]}},{"type":"Feature","properties":{"ubigeo":"220511","nombre":"Zapatero"},"geometry":{"type":"Polygon","coordinates":[[[-76.50227,-6.48235],[-76.50277,-6.48989],[-76.51147,-6.49348],[-76.51578,-6.501],[-76.49353,-6.51234],[-76.48514,-6.5146],[-76.48215,-6.52235],[-76.48436,-6.53146],[-76.48094,-6.55739],[-76.48129,-6.58041],[-76.45667,-6.58957],[-76.45422,-6.59566],[-76.45887,-6.60974],[-76.48332,-6.62383],[-76.49999,-6.62778],[-76.52919,-6.62369],[-76.53458,-6.62549],[-76.53789,-6.60988],[-76.55255,-6.59574],[-76.56008,-6.59739],[-76.57714,-6.59282],[-76.59124,-6.59496],[-76.59721,-6.59122],[-76.61404,-6.57143],[-76.59811,-6.56694],[-76.58438,-6.5512],[-76.58297,-6.54336],[-76.5744,-6.53439],[-76.57055,-6.53426],[-76.56239,-6.52344],[-76.56314,-6.5112],[-76.56633,-6.50295],[-76.55822,-6.49263],[-76.56565,-6.47989],[-76.57183,-6.47666],[-76.57852,-6.45767],[-76.57662,-6.45379],[-76.57918,-6.4396],[-76.57205,-6.44476],[-76.55444,-6.4497],[-76.53659,-6.46358],[-76.5285,-6.47234],[-76.51809,-6.47933],[-76.5044,-6.48087],[-76.50227,-6.48235]]]}},{"type":"Feature","properties":{"ubigeo":"220601","nombre":"Juanjuí"},"geometry":{"type":"Polygon","coordinates":[[[-76.6704,-7.12725],[-76.67655,-7.1321],[-76.68635,-7.15092],[-76.69061,-7.15213],[-76.70168,-7.16784],[-76.70841,-7.16793],[-76.71886,-7.17498],[-76.72122,-7.19802],[-76.73323,-7.20637],[-76.74057,-7.21933],[-76.74394,-7.23481],[-76.74126,-7.24034],[-76.73068,-7.24805],[-76.71839,-7.26458],[-76.72081,-7.27342],[-76.71885,-7.28191],[-76.71102,-7.29052],[-76.70112,-7.30768],[-76.68533,-7.31721],[-76.68595,-7.32453],[-76.68102,-7.33078],[-76.67996,-7.33947],[-76.67002,-7.35142],[-76.66557,-7.36083],[-76.66283,-7.37823],[-76.65441,-7.39099],[-76.65415,-7.39579],[-76.66583,-7.39834],[-76.66671,-7.40222],[-76.662,-7.41873],[-76.65617,-7.42435],[-76.65721,-7.43026],[-76.67755,-7.4263],[-76.6807,-7.42857],[-76.70427,-7.42398],[-76.71887,-7.43467],[-76.7175,-7.44204],[-76.72278,-7.44922],[-76.72827,-7.44875],[-76.72583,-7.46372],[-76.74478,-7.47284],[-76.75587,-7.47541],[-76.75723,-7.46704],[-76.76691,-7.46354],[-76.77654,-7.44679],[-76.78051,-7.44401],[-76.77706,-7.4346],[-76.77838,-7.42497],[-76.76524,-7.38897],[-76.75757,-7.38046],[-76.7469,-7.37677],[-76.74268,-7.37143],[-76.73158,-7.36969],[-76.73002,-7.36355],[-76.70876,-7.35384],[-76.71089,-7.34444],[-76.71666,-7.33744],[-76.72817,-7.3358],[-76.73665,-7.3382],[-76.74655,-7.33029],[-76.73023,-7.32002],[-76.73595,-7.30927],[-76.74717,-7.29433],[-76.75727,-7.28443],[-76.7717,-7.27607],[-76.77647,-7.27642],[-76.78903,-7.26015],[-76.79743,-7.26124],[-76.80014,-7.25728],[-76.79286,-7.24746],[-76.8145,-7.24816],[-76.82816,-7.25611],[-76.83882,-7.24831],[-76.84294,-7.23493],[-76.85187,-7.22813],[-76.84979,-7.22153],[-76.86039,-7.2033],[-76.86259,-7.19616],[-76.86801,-7.19703],[-76.88275,-7.18375],[-76.89234,-7.16782],[-76.88994,-7.15608],[-76.89619,-7.1525],[-76.89734,-7.138],[-76.9038,-7.13158],[-76.90525,-7.1239],[-76.90708,-7.08618],[-76.89681,-7.0913],[-76.88361,-7.09401],[-76.87447,-7.07837],[-76.85472,-7.06861],[-76.85087,-7.07291],[-76.84415,-7.1008],[-76.81854,-7.15565],[-76.81213,-7.17298],[-76.79835,-7.17432],[-76.78389,-7.16287],[-76.78517,-7.1384],[-76.77943,-7.13024],[-76.77235,-7.12783],[-76.75903,-7.13094],[-76.7501,-7.12142],[-76.74448,-7.12204],[-76.7348,-7.11244],[-76.73451,-7.10799],[-76.72402,-7.10502],[-76.7153,-7.09769],[-76.70378,-7.10219],[-76.68523,-7.095],[-76.68179,-7.08913],[-76.6692,-7.11395],[-76.6704,-7.12725]]]}},{"type":"Feature","properties":{"ubigeo":"220602","nombre":"Campanilla"},"geometry":{"type":"Polygon","coordinates":[[[-76.57424,-7.55771],[-76.5715,-7.58002],[-76.57557,-7.58914],[-76.57968,-7.60762],[-76.57826,-7.61435],[-76.57081,-7.617],[-76.56596,-7.63557],[-76.56561,-7.65719],[-76.56941,-7.66979],[-76.57731,-7.67885],[-76.59167,-7.68096],[-76.59772,-7.68929],[-76.61871,-7.69133],[-76.63418,-7.68684],[-76.64468,-7.70741],[-76.65779,-7.72642],[-76.68306,-7.73139],[-76.69249,-7.73646],[-76.72132,-7.73402],[-76.73607,-7.73511],[-76.74109,-7.73908],[-76.75196,-7.73517],[-76.75572,-7.72887],[-76.77018,-7.73377],[-76.77456,-7.74103],[-76.77202,-7.74689],[-76.7549,-7.75696],[-76.75523,-7.76505],[-76.77002,-7.76512],[-76.77166,-7.77833],[-76.76151,-7.77397],[-76.75959,-7.77785],[-76.76706,-7.78372],[-76.76343,-7.79346],[-76.75292,-7.80039],[-76.74309,-7.79398],[-76.73999,-7.7966],[-76.74747,-7.80469],[-76.74194,-7.81693],[-76.74271,-7.82264],[-76.73136,-7.82705],[-76.72672,-7.84409],[-76.72641,-7.85313],[-76.72032,-7.85822],[-76.7193,-7.86453],[-76.72629,-7.86954],[-76.72733,-7.87555],[-76.73496,-7.87864],[-76.74914,-7.87521],[-76.75927,-7.88711],[-76.76036,-7.89463],[-76.76462,-7.89264],[-76.76637,-7.90008],[-76.78411,-7.91131],[-76.79262,-7.91356],[-76.8003,-7.92058],[-76.82184,-7.91882],[-76.83112,-7.90681],[-76.85569,-7.90439],[-76.85509,-7.89916],[-76.86971,-7.90356],[-76.87735,-7.88775],[-76.88503,-7.88089],[-76.89567,-7.87686],[-76.89415,-7.87384],[-76.90047,-7.86333],[-76.90988,-7.85968],[-76.91264,-7.85487],[-76.92339,-7.84895],[-76.93125,-7.84022],[-76.93893,-7.83733],[-76.94087,-7.83171],[-76.95253,-7.82909],[-76.98188,-7.81377],[-77.00184,-7.8062],[-77.0059,-7.80291],[-77.01636,-7.79434],[-77.02528,-7.77089],[-77.04177,-7.74305],[-77.04063,-7.73317],[-77.0288,-7.71426],[-77.02434,-7.70417],[-77.00528,-7.67333],[-76.99817,-7.66365],[-76.99554,-7.63206],[-76.9971,-7.6211],[-77.0013,-7.61589],[-77.02285,-7.6017],[-77.01408,-7.58822],[-77.01752,-7.58245],[-77.01095,-7.57063],[-77.0219,-7.55642],[-77.04229,-7.53537],[-77.04288,-7.52873],[-77.03176,-7.53398],[-77.00277,-7.53477],[-76.98687,-7.5276],[-76.98125,-7.52256],[-76.966,-7.4824],[-76.95832,-7.4821],[-76.94489,-7.49361],[-76.92423,-7.4992],[-76.91726,-7.49378],[-76.89825,-7.49244],[-76.88937,-7.4982],[-76.87697,-7.49575],[-76.86715,-7.48863],[-76.85283,-7.4861],[-76.84181,-7.47776],[-76.83143,-7.48528],[-76.81673,-7.47362],[-76.81682,-7.46701],[-76.80885,-7.46158],[-76.79967,-7.46056],[-76.79969,-7.45458],[-76.78051,-7.44401],[-76.77654,-7.44679],[-76.76691,-7.46354],[-76.75723,-7.46704],[-76.75587,-7.47541],[-76.74478,-7.47284],[-76.72583,-7.46372],[-76.72827,-7.44875],[-76.72278,-7.44922],[-76.7175,-7.44204],[-76.71887,-7.43467],[-76.70427,-7.42398],[-76.6807,-7.42857],[-76.67755,-7.4263],[-76.65721,-7.43026],[-76.64027,-7.4364],[-76.63138,-7.45231],[-76.61645,-7.47037],[-76.60789,-7.47603],[-76.60532,-7.48167],[-76.59045,-7.49405],[-76.58476,-7.50585],[-76.58316,-7.5174],[-76.58505,-7.52628],[-76.57716,-7.53531],[-76.57896,-7.54365],[-76.57424,-7.55771]]]}},{"type":"Feature","properties":{"ubigeo":"220603","nombre":"Huicungo"},"geometry":{"type":"Polygon","coordinates":[[[-76.74655,-7.33029],[-76.73665,-7.3382],[-76.72817,-7.3358],[-76.71666,-7.33744],[-76.71089,-7.34444],[-76.70876,-7.35384],[-76.73002,-7.36355],[-76.73158,-7.36969],[-76.74268,-7.37143],[-76.7469,-7.37677],[-76.75757,-7.38046],[-76.76524,-7.38897],[-76.77838,-7.42497],[-76.77706,-7.4346],[-76.78051,-7.44401],[-76.79969,-7.45458],[-76.79967,-7.46056],[-76.80885,-7.46158],[-76.81682,-7.46701],[-76.81673,-7.47362],[-76.83143,-7.48528],[-76.84181,-7.47776],[-76.85283,-7.4861],[-76.86715,-7.48863],[-76.87697,-7.49575],[-76.88937,-7.4982],[-76.89825,-7.49244],[-76.91726,-7.49378],[-76.92423,-7.4992],[-76.94489,-7.49361],[-76.95832,-7.4821],[-76.966,-7.4824],[-76.98125,-7.52256],[-76.98687,-7.5276],[-77.00277,-7.53477],[-77.03176,-7.53398],[-77.04288,-7.52873],[-77.04229,-7.53537],[-77.0219,-7.55642],[-77.01095,-7.57063],[-77.01752,-7.58245],[-77.01408,-7.58822],[-77.02285,-7.6017],[-77.0013,-7.61589],[-76.9971,-7.6211],[-76.99554,-7.63206],[-76.99817,-7.66365],[-77.00528,-7.67333],[-77.02434,-7.70417],[-77.0288,-7.71426],[-77.04063,-7.73317],[-77.04177,-7.74305],[-77.02528,-7.77089],[-77.01636,-7.79434],[-77.0059,-7.80291],[-77.01254,-7.80745],[-77.02084,-7.80587],[-77.02824,-7.8143],[-77.04065,-7.82],[-77.05057,-7.82719],[-77.05293,-7.83656],[-77.06583,-7.8449],[-77.07697,-7.84862],[-77.08681,-7.86393],[-77.09138,-7.87557],[-77.09132,-7.88821],[-77.09384,-7.89515],[-77.08804,-7.91294],[-77.09163,-7.92416],[-77.10104,-7.93968],[-77.10252,-7.95267],[-77.09687,-7.96142],[-77.08734,-7.96891],[-77.07436,-7.9923],[-77.07192,-8.00652],[-77.0687,-8.03951],[-77.08614,-8.03428],[-77.10152,-8.02723],[-77.11832,-8.02524],[-77.13199,-8.03197],[-77.15054,-8.03204],[-77.16492,-8.02212],[-77.18214,-8.02249],[-77.20487,-8.01255],[-77.21594,-8.01414],[-77.22442,-8.01179],[-77.23829,-8.01332],[-77.25472,-8.03375],[-77.2588,-8.04683],[-77.26916,-8.05035],[-77.28134,-8.04878],[-77.29226,-8.06009],[-77.30328,-8.06304],[-77.30721,-8.0566],[-77.32449,-8.05804],[-77.32743,-8.05409],[-77.33492,-8.05661],[-77.3493,-8.05438],[-77.37328,-8.06468],[-77.37682,-8.05935],[-77.38547,-8.05539],[-77.38116,-8.04512],[-77.3813,-8.03789],[-77.37523,-8.03256],[-77.37776,-8.02672],[-77.38805,-8.0199],[-77.39435,-8.00888],[-77.39961,-8.00806],[-77.40671,-7.99532],[-77.4005,-7.983],[-77.397,-7.96947],[-77.38781,-7.96381],[-77.39052,-7.94731],[-77.38556,-7.94386],[-77.38657,-7.93633],[-77.38266,-7.92514],[-77.37537,-7.92006],[-77.37691,-7.90882],[-77.38883,-7.9077],[-77.40165,-7.89845],[-77.40678,-7.90249],[-77.42389,-7.87918],[-77.42657,-7.8685],[-77.43746,-7.85172],[-77.43785,-7.84701],[-77.43157,-7.84174],[-77.4356,-7.82935],[-77.44262,-7.82419],[-77.44286,-7.81364],[-77.45023,-7.80834],[-77.45794,-7.81093],[-77.46824,-7.80747],[-77.47214,-7.80302],[-77.47983,-7.80329],[-77.48245,-7.79652],[-77.48966,-7.79393],[-77.49685,-7.78587],[-77.50532,-7.77863],[-77.50655,-7.77038],[-77.52547,-7.76834],[-77.52778,-7.75758],[-77.49551,-7.73706],[-77.49568,-7.73195],[-77.48769,-7.7266],[-77.48294,-7.71935],[-77.48453,-7.69971],[-77.47149,-7.69145],[-77.46128,-7.69137],[-77.46073,-7.6803],[-77.46653,-7.67488],[-77.47681,-7.67739],[-77.48863,-7.68525],[-77.49789,-7.68635],[-77.50947,-7.67654],[-77.50795,-7.67143],[-77.51126,-7.65773],[-77.5217,-7.65438],[-77.53095,-7.65448],[-77.53772,-7.6509],[-77.53656,-7.64411],[-77.52829,-7.64132],[-77.52271,-7.63182],[-77.52918,-7.62035],[-77.52169,-7.61268],[-77.51023,-7.61143],[-77.50441,-7.61533],[-77.49419,-7.61361],[-77.48576,-7.60399],[-77.49603,-7.5836],[-77.50615,-7.58607],[-77.50932,-7.58159],[-77.51545,-7.58378],[-77.52225,-7.57706],[-77.5367,-7.58228],[-77.54039,-7.5756],[-77.53693,-7.57129],[-77.54019,-7.5629],[-77.5339,-7.55488],[-77.53563,-7.54383],[-77.52986,-7.53635],[-77.52913,-7.51619],[-77.52174,-7.51159],[-77.52692,-7.50484],[-77.53908,-7.50739],[-77.54266,-7.49712],[-77.54953,-7.4959],[-77.5543,-7.47839],[-77.56007,-7.46978],[-77.55954,-7.46482],[-77.56932,-7.4566],[-77.58467,-7.44994],[-77.59293,-7.44349],[-77.59897,-7.44851],[-77.61027,-7.43486],[-77.61365,-7.41995],[-77.63078,-7.41405],[-77.62168,-7.39736],[-77.62942,-7.3815],[-77.63571,-7.35745],[-77.63483,-7.35013],[-77.63908,-7.34326],[-77.63246,-7.33075],[-77.63454,-7.32576],[-77.62865,-7.32002],[-77.63359,-7.30882],[-77.63488,-7.29268],[-77.63951,-7.28051],[-77.64692,-7.26961],[-77.63734,-7.2545],[-77.64513,-7.25345],[-77.64675,-7.24074],[-77.63764,-7.24293],[-77.63625,-7.23568],[-77.62386,-7.22733],[-77.61666,-7.22645],[-77.60553,-7.21916],[-77.60738,-7.20611],[-77.61298,-7.20637],[-77.62105,-7.19163],[-77.61542,-7.17944],[-77.62082,-7.17257],[-77.63363,-7.17003],[-77.64353,-7.149],[-77.65268,-7.14654],[-77.66487,-7.13802],[-77.68126,-7.13164],[-77.6891,-7.12132],[-77.70072,-7.11787],[-77.71338,-7.10789],[-77.71493,-7.09348],[-77.71791,-7.08869],[-77.70674,-7.07247],[-77.70957,-7.0664],[-77.71719,-7.06524],[-77.73194,-7.04872],[-77.74078,-7.03308],[-77.7404,-7.02651],[-77.74566,-7.01955],[-77.74384,-7.01316],[-77.74768,-7.00472],[-77.74436,-6.99823],[-77.7471,-6.98672],[-77.75506,-6.9767],[-77.75893,-6.96451],[-77.74569,-6.9562],[-77.73838,-6.94834],[-77.73985,-6.93549],[-77.73382,-6.92858],[-77.71527,-6.92066],[-77.70731,-6.90885],[-77.72332,-6.89346],[-77.73324,-6.87383],[-77.73163,-6.86638],[-77.73687,-6.8636],[-77.74098,-6.85392],[-77.74014,-6.84409],[-77.75116,-6.82247],[-77.76172,-6.80775],[-77.76472,-6.79844],[-77.75948,-6.79327],[-77.73532,-6.78829],[-77.73193,-6.78196],[-77.73521,-6.77795],[-77.73717,-6.76033],[-77.74671,-6.75184],[-77.74811,-6.74492],[-77.74579,-6.72845],[-77.7395,-6.7111],[-77.7438,-6.70662],[-77.74473,-6.69233],[-77.74105,-6.68669],[-77.74597,-6.67155],[-77.74561,-6.66516],[-77.73874,-6.65296],[-77.7403,-6.64746],[-77.7332,-6.64804],[-77.71594,-6.65912],[-77.70966,-6.67202],[-77.6941,-6.6784],[-77.67724,-6.67277],[-77.67235,-6.66529],[-77.66266,-6.6599],[-77.65912,-6.64095],[-77.65089,-6.62958],[-77.63115,-6.61336],[-77.62666,-6.61274],[-77.61234,-6.61226],[-77.60318,-6.61633],[-77.5989,-6.62312],[-77.5839,-6.63463],[-77.57578,-6.63453],[-77.5637,-6.64408],[-77.56114,-6.65461],[-77.54407,-6.677],[-77.53497,-6.67404],[-77.52062,-6.67954],[-77.51718,-6.67363],[-77.48942,-6.67562],[-77.47548,-6.68363],[-77.46294,-6.67967],[-77.45466,-6.68169],[-77.43736,-6.70099],[-77.42751,-6.70284],[-77.41866,-6.70808],[-77.40715,-6.72678],[-77.40387,-6.72425],[-77.40014,-6.70845],[-77.38599,-6.7021],[-77.38173,-6.69759],[-77.39773,-6.66935],[-77.40499,-6.66305],[-77.40766,-6.64633],[-77.42369,-6.63806],[-77.42872,-6.62635],[-77.43565,-6.61807],[-77.43788,-6.60253],[-77.40088,-6.60446],[-77.39387,-6.60269],[-77.38758,-6.58757],[-77.38392,-6.57338],[-77.37868,-6.56743],[-77.36096,-6.56507],[-77.3549,-6.56059],[-77.34485,-6.54723],[-77.34303,-6.53805],[-77.33515,-6.52233],[-77.33048,-6.49749],[-77.33224,-6.48746],[-77.32636,-6.46803],[-77.3046,-6.45132],[-77.29803,-6.42549],[-77.27316,-6.40653],[-77.27826,-6.38803],[-77.27551,-6.38473],[-77.26396,-6.38213],[-77.24859,-6.39051],[-77.23622,-6.40936],[-77.22778,-6.41085],[-77.22144,-6.4193],[-77.20995,-6.41678],[-77.19787,-6.42099],[-77.19821,-6.43154],[-77.18536,-6.43671],[-77.17419,-6.4564],[-77.17392,-6.47147],[-77.16719,-6.48229],[-77.16108,-6.48538],[-77.15822,-6.5012],[-77.13498,-6.50308],[-77.12278,-6.50862],[-77.11364,-6.52347],[-77.09844,-6.53799],[-77.10279,-6.55139],[-77.10875,-6.55696],[-77.11324,-6.57304],[-77.1241,-6.57971],[-77.14503,-6.58234],[-77.153,-6.58853],[-77.15765,-6.60011],[-77.15794,-6.61436],[-77.15572,-6.63217],[-77.15092,-6.64843],[-77.16248,-6.65005],[-77.17015,-6.65435],[-77.18364,-6.66723],[-77.19216,-6.67132],[-77.21848,-6.68008],[-77.22161,-6.69407],[-77.22475,-6.69771],[-77.22767,-6.71194],[-77.24252,-6.71129],[-77.24735,-6.72044],[-77.24256,-6.7374],[-77.2427,-6.74925],[-77.23373,-6.77915],[-77.23406,-6.78773],[-77.22256,-6.79754],[-77.22321,-6.80946],[-77.21307,-6.81915],[-77.2042,-6.8236],[-77.2018,-6.82888],[-77.19793,-6.85788],[-77.21389,-6.87852],[-77.21378,-6.88451],[-77.2051,-6.89494],[-77.20388,-6.90247],[-77.19891,-6.90681],[-77.19726,-6.91678],[-77.19045,-6.92273],[-77.18945,-6.93729],[-77.19178,-6.95211],[-77.18871,-6.95899],[-77.18958,-6.96736],[-77.17895,-6.98996],[-77.18043,-6.99855],[-77.1735,-7.00206],[-77.16661,-7.01421],[-77.16886,-7.02785],[-77.17657,-7.0329],[-77.17113,-7.0435],[-77.17255,-7.05685],[-77.16927,-7.06553],[-77.16034,-7.06323],[-77.14743,-7.0645],[-77.13527,-7.07248],[-77.14383,-7.0833],[-77.14176,-7.09554],[-77.13464,-7.0974],[-77.13037,-7.10363],[-77.13121,-7.11515],[-77.12859,-7.12564],[-77.12244,-7.13198],[-77.1202,-7.14267],[-77.10852,-7.14393],[-77.10358,-7.15176],[-77.09994,-7.16394],[-77.09538,-7.17025],[-77.08752,-7.17275],[-77.07686,-7.16535],[-77.08048,-7.14755],[-77.07153,-7.1468],[-77.06718,-7.15983],[-77.07303,-7.1693],[-77.06911,-7.17992],[-77.05904,-7.17791],[-77.04793,-7.18857],[-77.03729,-7.19449],[-77.02929,-7.18667],[-77.02384,-7.19009],[-77.02084,-7.19883],[-77.0124,-7.2055],[-77.00071,-7.2056],[-76.99631,-7.21322],[-76.99585,-7.22155],[-76.98782,-7.22932],[-76.98327,-7.24434],[-76.97519,-7.25598],[-76.96189,-7.25935],[-76.95494,-7.26981],[-76.94711,-7.2767],[-76.94205,-7.29313],[-76.92394,-7.31052],[-76.91759,-7.31097],[-76.90754,-7.31961],[-76.89886,-7.3303],[-76.89512,-7.33012],[-76.88406,-7.34708],[-76.86622,-7.35497],[-76.85383,-7.354],[-76.83825,-7.36218],[-76.83164,-7.36267],[-76.8239,-7.35833],[-76.81942,-7.34937],[-76.81086,-7.34485],[-76.80857,-7.3324],[-76.79928,-7.32769],[-76.78821,-7.32557],[-76.78147,-7.31948],[-76.78502,-7.30593],[-76.78278,-7.30304],[-76.76641,-7.30691],[-76.76104,-7.31712],[-76.74915,-7.32387],[-76.74655,-7.33029]]]}},{"type":"Feature","properties":{"ubigeo":"220604","nombre":"Pachiza"},"geometry":{"type":"Polygon","coordinates":[[[-76.90257,-7.00972],[-76.90628,-7.01761],[-76.89666,-7.03098],[-76.89933,-7.03589],[-76.89734,-7.04669],[-76.90576,-7.05422],[-76.90231,-7.06588],[-76.90736,-7.07303],[-76.90708,-7.08618],[-76.90525,-7.1239],[-76.9038,-7.13158],[-76.89734,-7.138],[-76.89619,-7.1525],[-76.88994,-7.15608],[-76.89234,-7.16782],[-76.88275,-7.18375],[-76.86801,-7.19703],[-76.86259,-7.19616],[-76.86039,-7.2033],[-76.84979,-7.22153],[-76.85187,-7.22813],[-76.84294,-7.23493],[-76.83882,-7.24831],[-76.82816,-7.25611],[-76.8145,-7.24816],[-76.79286,-7.24746],[-76.80014,-7.25728],[-76.79743,-7.26124],[-76.78903,-7.26015],[-76.77647,-7.27642],[-76.7717,-7.27607],[-76.75727,-7.28443],[-76.74717,-7.29433],[-76.73595,-7.30927],[-76.73023,-7.32002],[-76.74655,-7.33029],[-76.74915,-7.32387],[-76.76104,-7.31712],[-76.76641,-7.30691],[-76.78278,-7.30304],[-76.78502,-7.30593],[-76.78147,-7.31948],[-76.78821,-7.32557],[-76.79928,-7.32769],[-76.80857,-7.3324],[-76.81086,-7.34485],[-76.81942,-7.34937],[-76.8239,-7.35833],[-76.83164,-7.36267],[-76.83825,-7.36218],[-76.85383,-7.354],[-76.86622,-7.35497],[-76.88406,-7.34708],[-76.89512,-7.33012],[-76.89886,-7.3303],[-76.90754,-7.31961],[-76.91759,-7.31097],[-76.92394,-7.31052],[-76.94205,-7.29313],[-76.94711,-7.2767],[-76.95494,-7.26981],[-76.96189,-7.25935],[-76.97519,-7.25598],[-76.98327,-7.24434],[-76.98782,-7.22932],[-76.99585,-7.22155],[-76.99631,-7.21322],[-77.00071,-7.2056],[-77.0124,-7.2055],[-77.02084,-7.19883],[-77.02384,-7.19009],[-77.02929,-7.18667],[-77.03729,-7.19449],[-77.04793,-7.18857],[-77.05904,-7.17791],[-77.06911,-7.17992],[-77.07303,-7.1693],[-77.06718,-7.15983],[-77.07153,-7.1468],[-77.08048,-7.14755],[-77.07686,-7.16535],[-77.08752,-7.17275],[-77.09538,-7.17025],[-77.09994,-7.16394],[-77.10358,-7.15176],[-77.10852,-7.14393],[-77.1202,-7.14267],[-77.12244,-7.13198],[-77.12859,-7.12564],[-77.13121,-7.11515],[-77.13037,-7.10363],[-77.13464,-7.0974],[-77.14176,-7.09554],[-77.14383,-7.0833],[-77.13527,-7.07248],[-77.14743,-7.0645],[-77.16034,-7.06323],[-77.16927,-7.06553],[-77.17255,-7.05685],[-77.17113,-7.0435],[-77.17657,-7.0329],[-77.16886,-7.02785],[-77.16661,-7.01421],[-77.1735,-7.00206],[-77.18043,-6.99855],[-77.17895,-6.98996],[-77.18958,-6.96736],[-77.18871,-6.95899],[-77.19178,-6.95211],[-77.18945,-6.93729],[-77.19045,-6.92273],[-77.19726,-6.91678],[-77.19891,-6.90681],[-77.20388,-6.90247],[-77.2051,-6.89494],[-77.21378,-6.88451],[-77.21389,-6.87852],[-77.19793,-6.85788],[-77.2018,-6.82888],[-77.2042,-6.8236],[-77.21307,-6.81915],[-77.22321,-6.80946],[-77.22256,-6.79754],[-77.23406,-6.78773],[-77.23373,-6.77915],[-77.2427,-6.74925],[-77.24256,-6.7374],[-77.24735,-6.72044],[-77.24252,-6.71129],[-77.22767,-6.71194],[-77.22475,-6.69771],[-77.22161,-6.69407],[-77.21848,-6.68008],[-77.19216,-6.67132],[-77.18364,-6.66723],[-77.17015,-6.65435],[-77.16248,-6.65005],[-77.15092,-6.64843],[-77.15572,-6.63217],[-77.15794,-6.61436],[-77.15765,-6.60011],[-77.153,-6.58853],[-77.14503,-6.58234],[-77.1241,-6.57971],[-77.11324,-6.57304],[-77.10875,-6.55696],[-77.10279,-6.55139],[-77.09844,-6.53799],[-77.08565,-6.55016],[-77.06584,-6.55761],[-77.05608,-6.56806],[-77.04661,-6.56569],[-77.05121,-6.58556],[-77.04944,-6.5937],[-77.06442,-6.60101],[-77.0648,-6.61127],[-77.06916,-6.62451],[-77.0738,-6.62708],[-77.07404,-6.63971],[-77.06206,-6.64421],[-77.05861,-6.6523],[-77.05697,-6.66599],[-77.04464,-6.67225],[-77.03725,-6.68529],[-77.03493,-6.69822],[-77.02542,-6.7135],[-77.03591,-6.72102],[-77.0392,-6.7376],[-77.02771,-6.76897],[-77.03123,-6.78272],[-77.01831,-6.79451],[-77.01319,-6.80543],[-77.01068,-6.82479],[-77.01534,-6.83568],[-77.0074,-6.84009],[-77.00668,-6.85681],[-77.00197,-6.86149],[-77.00193,-6.86957],[-76.99421,-6.88095],[-76.98992,-6.90095],[-76.97466,-6.92108],[-76.96546,-6.94319],[-76.9632,-6.97645],[-76.95703,-6.99148],[-76.95203,-6.99632],[-76.92937,-7.00223],[-76.9093,-7.00198],[-76.90257,-7.00972]]]}},{"type":"Feature","properties":{"ubigeo":"220605","nombre":"Pajarillo"},"geometry":{"type":"Polygon","coordinates":[[[-76.55711,-7.54856],[-76.57424,-7.55771],[-76.57896,-7.54365],[-76.57716,-7.53531],[-76.58505,-7.52628],[-76.58316,-7.5174],[-76.58476,-7.50585],[-76.59045,-7.49405],[-76.60532,-7.48167],[-76.60789,-7.47603],[-76.61645,-7.47037],[-76.63138,-7.45231],[-76.64027,-7.4364],[-76.65721,-7.43026],[-76.65617,-7.42435],[-76.662,-7.41873],[-76.66671,-7.40222],[-76.66583,-7.39834],[-76.65415,-7.39579],[-76.65441,-7.39099],[-76.66283,-7.37823],[-76.66557,-7.36083],[-76.67002,-7.35142],[-76.67996,-7.33947],[-76.68102,-7.33078],[-76.68595,-7.32453],[-76.68533,-7.31721],[-76.70112,-7.30768],[-76.71102,-7.29052],[-76.71885,-7.28191],[-76.72081,-7.27342],[-76.71839,-7.26458],[-76.73068,-7.24805],[-76.74126,-7.24034],[-76.74394,-7.23481],[-76.74057,-7.21933],[-76.73323,-7.20637],[-76.72122,-7.19802],[-76.71886,-7.17498],[-76.70841,-7.16793],[-76.70168,-7.16784],[-76.69061,-7.15213],[-76.68635,-7.15092],[-76.67655,-7.1321],[-76.6704,-7.12725],[-76.66899,-7.12812],[-76.65811,-7.13587],[-76.65168,-7.13618],[-76.64267,-7.14378],[-76.63803,-7.14311],[-76.63346,-7.15239],[-76.63488,-7.15972],[-76.62966,-7.16798],[-76.6238,-7.18648],[-76.61845,-7.19456],[-76.61416,-7.21371],[-76.62163,-7.21814],[-76.62464,-7.22878],[-76.61822,-7.24067],[-76.61173,-7.24568],[-76.60055,-7.24334],[-76.59427,-7.25613],[-76.58831,-7.25436],[-76.58355,-7.25825],[-76.58403,-7.26775],[-76.57977,-7.26656],[-76.5768,-7.27517],[-76.5708,-7.27727],[-76.56268,-7.29078],[-76.56259,-7.29756],[-76.55741,-7.30674],[-76.56392,-7.31257],[-76.56214,-7.31626],[-76.57104,-7.33036],[-76.56519,-7.34],[-76.5673,-7.34275],[-76.56459,-7.36407],[-76.57381,-7.38591],[-76.56994,-7.39407],[-76.56476,-7.39575],[-76.56849,-7.40869],[-76.56201,-7.43833],[-76.55878,-7.44173],[-76.55779,-7.45388],[-76.56405,-7.45601],[-76.56439,-7.46237],[-76.55695,-7.47665],[-76.55213,-7.49389],[-76.5513,-7.50434],[-76.55618,-7.50696],[-76.55518,-7.51973],[-76.5593,-7.53154],[-76.55711,-7.54856]]]}},{"type":"Feature","properties":{"ubigeo":"220701","nombre":"Picota"},"geometry":{"type":"Polygon","coordinates":[[[-76.25727,-7.06134],[-76.27413,-7.0662],[-76.29407,-7.05769],[-76.30518,-7.06171],[-76.319,-7.05845],[-76.32897,-7.04347],[-76.33744,-7.04106],[-76.34404,-7.03332],[-76.35219,-7.03371],[-76.37539,-7.01649],[-76.37777,-7.00924],[-76.38589,-7.00886],[-76.39122,-7.00063],[-76.40073,-6.99683],[-76.40298,-6.98133],[-76.41006,-6.97499],[-76.39542,-6.96024],[-76.38865,-6.96102],[-76.3747,-6.94861],[-76.37721,-6.93888],[-76.38458,-6.92391],[-76.38963,-6.8996],[-76.39905,-6.88734],[-76.37395,-6.8811],[-76.36854,-6.87676],[-76.34855,-6.87734],[-76.33496,-6.87489],[-76.32622,-6.87713],[-76.32318,-6.88324],[-76.31749,-6.88419],[-76.30522,-6.88362],[-76.28506,-6.90573],[-76.28104,-6.90795],[-76.27618,-6.92031],[-76.27337,-6.9359],[-76.27696,-6.95352],[-76.27534,-6.9595],[-76.28261,-6.97747],[-76.28155,-6.98306],[-76.27434,-6.98808],[-76.27479,-6.99683],[-76.27975,-7.00272],[-76.28173,-7.0138],[-76.28777,-7.0234],[-76.28392,-7.04436],[-76.27704,-7.04911],[-76.26286,-7.04896],[-76.25711,-7.05392],[-76.25727,-7.06134]]]}},{"type":"Feature","properties":{"ubigeo":"220702","nombre":"Buenos Aires"},"geometry":{"type":"Polygon","coordinates":[[[-76.32214,-6.80328],[-76.33377,-6.80892],[-76.34722,-6.80983],[-76.35554,-6.80382],[-76.36677,-6.80784],[-76.37761,-6.80835],[-76.40557,-6.81571],[-76.40831,-6.81123],[-76.42918,-6.80381],[-76.43178,-6.79703],[-76.44244,-6.78946],[-76.46872,-6.79033],[-76.47543,-6.78933],[-76.49014,-6.77926],[-76.5029,-6.76216],[-76.50434,-6.75362],[-76.51673,-6.7403],[-76.51998,-6.72781],[-76.52387,-6.72538],[-76.52253,-6.72014],[-76.5262,-6.70575],[-76.52421,-6.69287],[-76.51871,-6.69387],[-76.50123,-6.69036],[-76.48526,-6.69462],[-76.47842,-6.69376],[-76.46162,-6.68095],[-76.45632,-6.68001],[-76.43037,-6.67898],[-76.41583,-6.68174],[-76.40882,-6.68992],[-76.40303,-6.68485],[-76.38328,-6.6782],[-76.36508,-6.6821],[-76.35105,-6.68922],[-76.33574,-6.68236],[-76.32175,-6.68084],[-76.3115,-6.68458],[-76.30544,-6.6826],[-76.30027,-6.68612],[-76.27505,-6.69207],[-76.28156,-6.72139],[-76.2876,-6.73646],[-76.28857,-6.74665],[-76.29328,-6.76144],[-76.29373,-6.77267],[-76.30159,-6.77585],[-76.31938,-6.79537],[-76.32214,-6.80328]]]}},{"type":"Feature","properties":{"ubigeo":"220703","nombre":"Caspisapa"},"geometry":{"type":"Polygon","coordinates":[[[-76.41006,-6.97499],[-76.42133,-6.97524],[-76.43518,-6.95862],[-76.4463,-6.95619],[-76.45329,-6.94902],[-76.44884,-6.93802],[-76.45297,-6.93145],[-76.45355,-6.92441],[-76.46035,-6.90727],[-76.45747,-6.90043],[-76.45967,-6.87748],[-76.47112,-6.85618],[-76.46292,-6.86152],[-76.44786,-6.86479],[-76.43409,-6.87606],[-76.42287,-6.88089],[-76.41346,-6.88113],[-76.39905,-6.88734],[-76.38963,-6.8996],[-76.38458,-6.92391],[-76.37721,-6.93888],[-76.3747,-6.94861],[-76.38865,-6.96102],[-76.39542,-6.96024],[-76.41006,-6.97499]]]}},{"type":"Feature","properties":{"ubigeo":"220704","nombre":"Pilluana"},"geometry":{"type":"Polygon","coordinates":[[[-76.21753,-6.76712],[-76.21046,-6.76991],[-76.21031,-6.77908],[-76.22467,-6.79549],[-76.23507,-6.79385],[-76.23957,-6.80093],[-76.23977,-6.80987],[-76.25188,-6.82574],[-76.26449,-6.83065],[-76.27076,-6.82715],[-76.29285,-6.82092],[-76.3119,-6.80302],[-76.32214,-6.80328],[-76.31938,-6.79537],[-76.30159,-6.77585],[-76.29373,-6.77267],[-76.29328,-6.76144],[-76.28857,-6.74665],[-76.2876,-6.73646],[-76.28156,-6.72139],[-76.27505,-6.69207],[-76.26792,-6.74112],[-76.2619,-6.7691],[-76.25682,-6.77261],[-76.23911,-6.76645],[-76.22515,-6.76856],[-76.21753,-6.76712]]]}},{"type":"Feature","properties":{"ubigeo":"220705","nombre":"Pucacaca"},"geometry":{"type":"Polygon","coordinates":[[[-76.25188,-6.82574],[-76.22797,-6.83739],[-76.22531,-6.84076],[-76.20797,-6.8497],[-76.19604,-6.86266],[-76.20928,-6.86943],[-76.23613,-6.86714],[-76.24511,-6.87031],[-76.2783,-6.86542],[-76.30927,-6.87424],[-76.31749,-6.88419],[-76.32318,-6.88324],[-76.32622,-6.87713],[-76.33496,-6.87489],[-76.34855,-6.87734],[-76.36854,-6.87676],[-76.37395,-6.8811],[-76.39905,-6.88734],[-76.41346,-6.88113],[-76.42287,-6.88089],[-76.43409,-6.87606],[-76.44786,-6.86479],[-76.46292,-6.86152],[-76.47112,-6.85618],[-76.47135,-6.85598],[-76.47405,-6.84548],[-76.47139,-6.83405],[-76.47419,-6.82663],[-76.46374,-6.82229],[-76.46734,-6.81526],[-76.48149,-6.80742],[-76.49138,-6.79724],[-76.50008,-6.79246],[-76.5029,-6.76216],[-76.49014,-6.77926],[-76.47543,-6.78933],[-76.46872,-6.79033],[-76.44244,-6.78946],[-76.43178,-6.79703],[-76.42918,-6.80381],[-76.40831,-6.81123],[-76.40557,-6.81571],[-76.37761,-6.80835],[-76.36677,-6.80784],[-76.35554,-6.80382],[-76.34722,-6.80983],[-76.33377,-6.80892],[-76.32214,-6.80328],[-76.3119,-6.80302],[-76.29285,-6.82092],[-76.27076,-6.82715],[-76.26449,-6.83065],[-76.25188,-6.82574]]]}},{"type":"Feature","properties":{"ubigeo":"220706","nombre":"San Cristóbal"},"geometry":{"type":"Polygon","coordinates":[[[-76.41006,-6.97499],[-76.40298,-6.98133],[-76.40073,-6.99683],[-76.39122,-7.00063],[-76.38589,-7.00886],[-76.37777,-7.00924],[-76.37539,-7.01649],[-76.40148,-7.01503],[-76.4082,-7.02057],[-76.41768,-7.01832],[-76.41907,-7.00142],[-76.42756,-6.99631],[-76.44229,-6.9812],[-76.45357,-6.97348],[-76.45511,-6.95993],[-76.4712,-6.95011],[-76.47457,-6.93011],[-76.45297,-6.93145],[-76.44884,-6.93802],[-76.45329,-6.94902],[-76.4463,-6.95619],[-76.43518,-6.95862],[-76.42133,-6.97524],[-76.41006,-6.97499]]]}},{"type":"Feature","properties":{"ubigeo":"220707","nombre":"San Hilarión"},"geometry":{"type":"Polygon","coordinates":[[[-76.41907,-7.00142],[-76.42434,-7.01345],[-76.42946,-7.01311],[-76.44134,-7.00615],[-76.45119,-7.00611],[-76.45552,-7.0134],[-76.46545,-7.00907],[-76.46292,-7.00312],[-76.46496,-6.99218],[-76.47131,-6.99871],[-76.4779,-6.98675],[-76.48425,-6.99565],[-76.48872,-6.98887],[-76.49901,-6.9922],[-76.50285,-6.96999],[-76.50888,-6.97467],[-76.52033,-6.97684],[-76.52524,-6.9711],[-76.52015,-6.96549],[-76.52832,-6.96165],[-76.52976,-6.94983],[-76.54443,-6.94779],[-76.54607,-6.94505],[-76.5431,-6.93915],[-76.54864,-6.92833],[-76.5415,-6.92227],[-76.53704,-6.91276],[-76.52341,-6.91119],[-76.51161,-6.90204],[-76.50954,-6.89049],[-76.47135,-6.85598],[-76.47112,-6.85618],[-76.45967,-6.87748],[-76.45747,-6.90043],[-76.46035,-6.90727],[-76.45355,-6.92441],[-76.45297,-6.93145],[-76.47457,-6.93011],[-76.4712,-6.95011],[-76.45511,-6.95993],[-76.45357,-6.97348],[-76.44229,-6.9812],[-76.42756,-6.99631],[-76.41907,-7.00142]]]}},{"type":"Feature","properties":{"ubigeo":"220708","nombre":"Shamboyacu"},"geometry":{"type":"Polygon","coordinates":[[[-76.14353,-7.20396],[-76.15794,-7.19829],[-76.15962,-7.19294],[-76.15851,-7.17679],[-76.16116,-7.15488],[-76.15727,-7.14523],[-76.16367,-7.12694],[-76.15854,-7.11279],[-76.15776,-7.10275],[-76.14953,-7.09922],[-76.13052,-7.086],[-76.11865,-7.08426],[-76.11815,-7.07765],[-76.12555,-7.07225],[-76.14208,-7.05209],[-76.14627,-7.04157],[-76.15983,-7.02787],[-76.16792,-7.01639],[-76.16975,-7.00894],[-76.1897,-6.99418],[-76.17927,-6.9825],[-76.17159,-6.96324],[-76.16181,-6.95268],[-76.14252,-6.94065],[-76.12023,-6.94314],[-76.11377,-6.93783],[-76.10777,-6.92454],[-76.10025,-6.91105],[-76.08688,-6.9077],[-76.07896,-6.92008],[-76.05694,-6.92784],[-76.05025,-6.93224],[-76.05146,-6.9443],[-76.04597,-6.96307],[-76.04009,-6.97342],[-76.03959,-6.98272],[-76.03564,-6.99315],[-76.02976,-6.99437],[-76.02254,-6.98978],[-76.01079,-6.99654],[-76.00811,-7.00222],[-76.00851,-7.01391],[-76.00578,-7.03023],[-76.01226,-7.03805],[-76.01113,-7.04801],[-76.01411,-7.05261],[-76.01399,-7.07226],[-76.01072,-7.07838],[-76.01747,-7.08863],[-76.02187,-7.10089],[-76.0233,-7.11431],[-76.04008,-7.11669],[-76.04659,-7.12143],[-76.04978,-7.13334],[-76.05994,-7.1613],[-76.07677,-7.17441],[-76.09838,-7.18403],[-76.1118,-7.18305],[-76.12849,-7.19521],[-76.14353,-7.20396]]]}},{"type":"Feature","properties":{"ubigeo":"220709","nombre":"Tingo de Ponasa"},"geometry":{"type":"Polygon","coordinates":[[[-76.15776,-7.10275],[-76.16708,-7.09419],[-76.16903,-7.08231],[-76.18599,-7.07591],[-76.2101,-7.07806],[-76.2253,-7.07056],[-76.23716,-7.07451],[-76.24284,-7.06849],[-76.25727,-7.06134],[-76.25711,-7.05392],[-76.26286,-7.04896],[-76.27704,-7.04911],[-76.28392,-7.04436],[-76.28777,-7.0234],[-76.28173,-7.0138],[-76.27975,-7.00272],[-76.27479,-6.99683],[-76.27434,-6.98808],[-76.28155,-6.98306],[-76.28261,-6.97747],[-76.27534,-6.9595],[-76.27696,-6.95352],[-76.27337,-6.9359],[-76.27618,-6.92031],[-76.28104,-6.90795],[-76.28506,-6.90573],[-76.30522,-6.88362],[-76.31749,-6.88419],[-76.30927,-6.87424],[-76.2783,-6.86542],[-76.24511,-6.87031],[-76.23613,-6.86714],[-76.20928,-6.86943],[-76.19604,-6.86266],[-76.1775,-6.87264],[-76.17363,-6.87801],[-76.15995,-6.88804],[-76.14698,-6.88984],[-76.13229,-6.89909],[-76.12562,-6.9113],[-76.11262,-6.92435],[-76.10777,-6.92454],[-76.11377,-6.93783],[-76.12023,-6.94314],[-76.14252,-6.94065],[-76.16181,-6.95268],[-76.17159,-6.96324],[-76.17927,-6.9825],[-76.1897,-6.99418],[-76.16975,-7.00894],[-76.16792,-7.01639],[-76.15983,-7.02787],[-76.14627,-7.04157],[-76.14208,-7.05209],[-76.12555,-7.07225],[-76.11815,-7.07765],[-76.11865,-7.08426],[-76.13052,-7.086],[-76.14953,-7.09922],[-76.15776,-7.10275]]]}},{"type":"Feature","properties":{"ubigeo":"220710","nombre":"Tres Unidos"},"geometry":{"type":"Polygon","coordinates":[[[-76.05025,-6.93224],[-76.05694,-6.92784],[-76.07896,-6.92008],[-76.08688,-6.9077],[-76.10025,-6.91105],[-76.10777,-6.92454],[-76.11262,-6.92435],[-76.12562,-6.9113],[-76.13229,-6.89909],[-76.14698,-6.88984],[-76.15995,-6.88804],[-76.17363,-6.87801],[-76.1775,-6.87264],[-76.19604,-6.86266],[-76.20797,-6.8497],[-76.22531,-6.84076],[-76.22797,-6.83739],[-76.25188,-6.82574],[-76.23977,-6.80987],[-76.23957,-6.80093],[-76.23507,-6.79385],[-76.22467,-6.79549],[-76.21031,-6.77908],[-76.21046,-6.76991],[-76.21753,-6.76712],[-76.20799,-6.76099],[-76.19737,-6.74916],[-76.19849,-6.7342],[-76.18819,-6.71231],[-76.18188,-6.70652],[-76.17131,-6.70376],[-76.15615,-6.70697],[-76.14577,-6.69627],[-76.1343,-6.69317],[-76.12677,-6.68799],[-76.12121,-6.69944],[-76.09541,-6.71486],[-76.10339,-6.72881],[-76.09019,-6.74838],[-76.08535,-6.76479],[-76.06852,-6.80149],[-76.0509,-6.81086],[-76.04886,-6.83033],[-76.03612,-6.84718],[-76.03569,-6.86269],[-76.01477,-6.88615],[-76.01053,-6.89361],[-76.01711,-6.90537],[-76.01464,-6.91146],[-76.01805,-6.91584],[-76.0464,-6.92493],[-76.05025,-6.93224]]]}},{"type":"Feature","properties":{"ubigeo":"220801","nombre":"Rioja"},"geometry":{"type":"Polygon","coordinates":[[[-77.15597,-6.03928],[-77.15086,-6.0407],[-77.15247,-6.04677],[-77.14415,-6.05707],[-77.14921,-6.05778],[-77.1511,-6.07109],[-77.1442,-6.08014],[-77.13943,-6.07332],[-77.1388,-6.08821],[-77.14546,-6.08604],[-77.14358,-6.09835],[-77.15171,-6.10193],[-77.15924,-6.11308],[-77.17486,-6.12698],[-77.17752,-6.13597],[-77.17276,-6.14768],[-77.17491,-6.16027],[-77.17179,-6.17623],[-77.18058,-6.18462],[-77.19789,-6.18822],[-77.20408,-6.18286],[-77.20206,-6.17971],[-77.21086,-6.16696],[-77.21212,-6.16083],[-77.21864,-6.15599],[-77.22299,-6.1469],[-77.22921,-6.14376],[-77.23386,-6.14876],[-77.2452,-6.14747],[-77.25383,-6.13851],[-77.27288,-6.13874],[-77.28153,-6.14172],[-77.28793,-6.13437],[-77.27641,-6.12617],[-77.26153,-6.11948],[-77.26327,-6.10172],[-77.25781,-6.08538],[-77.24669,-6.07461],[-77.25119,-6.05964],[-77.26188,-6.0483],[-77.26413,-6.03974],[-77.26169,-6.02782],[-77.26476,-6.00874],[-77.26112,-6.00052],[-77.24258,-5.985],[-77.23579,-5.98431],[-77.22596,-5.97668],[-77.21814,-5.97974],[-77.20987,-5.98989],[-77.19881,-5.99732],[-77.19086,-5.99752],[-77.19191,-6.00195],[-77.18242,-6.00859],[-77.18111,-6.01534],[-77.16394,-6.03415],[-77.15597,-6.03928]]]}},{"type":"Feature","properties":{"ubigeo":"220802","nombre":"Awajun"},"geometry":{"type":"Polygon","coordinates":[[[-77.31397,-5.8487],[-77.31406,-5.83208],[-77.35328,-5.8504],[-77.36191,-5.83461],[-77.38717,-5.81464],[-77.38348,-5.81117],[-77.38307,-5.80104],[-77.3885,-5.79815],[-77.40385,-5.8071],[-77.40713,-5.81495],[-77.41982,-5.82255],[-77.43517,-5.83882],[-77.4369,-5.84537],[-77.42647,-5.85888],[-77.41728,-5.85931],[-77.40154,-5.86838],[-77.39855,-5.87302],[-77.40383,-5.88706],[-77.4154,-5.90009],[-77.41404,-5.91247],[-77.40568,-5.92271],[-77.40345,-5.93782],[-77.40932,-5.94701],[-77.42081,-5.94827],[-77.42828,-5.95544],[-77.42957,-5.96366],[-77.44039,-5.979],[-77.46542,-5.99079],[-77.4769,-5.99997],[-77.48622,-6.00884],[-77.48643,-6.02017],[-77.48976,-6.02886],[-77.50975,-6.0325],[-77.51054,-6.03948],[-77.51884,-6.05594],[-77.53381,-6.06337],[-77.54149,-6.0595],[-77.54223,-6.05279],[-77.55474,-6.05073],[-77.55795,-6.0396],[-77.56805,-6.0281],[-77.56485,-6.01566],[-77.56649,-6.00734],[-77.55821,-5.98336],[-77.5474,-5.97674],[-77.54783,-5.96917],[-77.54259,-5.94724],[-77.53874,-5.94228],[-77.5417,-5.93613],[-77.53481,-5.93231],[-77.52609,-5.9205],[-77.52506,-5.91197],[-77.52907,-5.8999],[-77.5248,-5.88301],[-77.51461,-5.8702],[-77.51127,-5.8571],[-77.50787,-5.85397],[-77.51106,-5.84241],[-77.50774,-5.83791],[-77.4855,-5.8452],[-77.47941,-5.83825],[-77.4732,-5.82337],[-77.46807,-5.8168],[-77.4698,-5.80573],[-77.46137,-5.79174],[-77.45613,-5.79185],[-77.45451,-5.78508],[-77.44224,-5.78557],[-77.43172,-5.77623],[-77.43311,-5.76853],[-77.43086,-5.75738],[-77.46977,-5.73125],[-77.47207,-5.72647],[-77.46867,-5.71296],[-77.47868,-5.69737],[-77.48489,-5.69195],[-77.48595,-5.68084],[-77.47862,-5.67644],[-77.46591,-5.68391],[-77.46172,-5.67919],[-77.45436,-5.68207],[-77.44686,-5.68954],[-77.439,-5.67995],[-77.43031,-5.68417],[-77.43144,-5.67873],[-77.42263,-5.67763],[-77.41131,-5.68816],[-77.40346,-5.69967],[-77.40699,-5.70357],[-77.40165,-5.71021],[-77.39081,-5.71298],[-77.38824,-5.7056],[-77.38139,-5.7071],[-77.38374,-5.71623],[-77.37582,-5.71091],[-77.37121,-5.72008],[-77.37788,-5.72323],[-77.36726,-5.72608],[-77.36609,-5.72065],[-77.35908,-5.72158],[-77.36054,-5.72716],[-77.35078,-5.73119],[-77.34569,-5.74925],[-77.33941,-5.7518],[-77.3406,-5.75734],[-77.33079,-5.75445],[-77.32659,-5.76011],[-77.32234,-5.75786],[-77.31601,-5.76649],[-77.31436,-5.7543],[-77.30751,-5.76389],[-77.29791,-5.75579],[-77.29437,-5.75859],[-77.30111,-5.76519],[-77.29178,-5.76574],[-77.29198,-5.77227],[-77.2852,-5.77107],[-77.28567,-5.77638],[-77.29181,-5.7929],[-77.27943,-5.79848],[-77.27242,-5.84786],[-77.28211,-5.84428],[-77.29527,-5.85109],[-77.31397,-5.8487]]]}},{"type":"Feature","properties":{"ubigeo":"220803","nombre":"Elías Soplin Vargas"},"geometry":{"type":"Polygon","coordinates":[[[-77.28793,-6.13437],[-77.30121,-6.13313],[-77.31107,-6.12629],[-77.31687,-6.12555],[-77.33241,-6.11218],[-77.34643,-6.11434],[-77.35122,-6.09019],[-77.35937,-6.07214],[-77.35098,-6.05339],[-77.33818,-6.04678],[-77.33883,-6.04102],[-77.3469,-6.02622],[-77.34269,-6.01835],[-77.33699,-6.01706],[-77.32584,-5.99992],[-77.32991,-5.9925],[-77.32327,-5.98016],[-77.27359,-5.95353],[-77.26762,-5.95149],[-77.26198,-5.95781],[-77.24898,-5.96109],[-77.23677,-5.97176],[-77.22596,-5.97668],[-77.23579,-5.98431],[-77.24258,-5.985],[-77.26112,-6.00052],[-77.26476,-6.00874],[-77.26169,-6.02782],[-77.26413,-6.03974],[-77.26188,-6.0483],[-77.25119,-6.05964],[-77.24669,-6.07461],[-77.25781,-6.08538],[-77.26327,-6.10172],[-77.26153,-6.11948],[-77.27641,-6.12617],[-77.28793,-6.13437]]]}},{"type":"Feature","properties":{"ubigeo":"220804","nombre":"Nueva Cajamarca"},"geometry":{"type":"Polygon","coordinates":[[[-77.2831,-5.91708],[-77.28085,-5.92285],[-77.287,-5.9276],[-77.28082,-5.92999],[-77.26762,-5.95149],[-77.27359,-5.95353],[-77.32327,-5.98016],[-77.32991,-5.9925],[-77.32584,-5.99992],[-77.33699,-6.01706],[-77.34269,-6.01835],[-77.3469,-6.02622],[-77.33883,-6.04102],[-77.33818,-6.04678],[-77.35098,-6.05339],[-77.35937,-6.07214],[-77.3805,-6.07999],[-77.38545,-6.06864],[-77.38242,-6.06347],[-77.38929,-6.05781],[-77.3955,-6.03938],[-77.40461,-6.03473],[-77.41032,-6.03623],[-77.4193,-6.03238],[-77.42226,-6.05007],[-77.42908,-6.05194],[-77.42964,-6.06113],[-77.43446,-6.06041],[-77.4553,-6.03445],[-77.45943,-6.02361],[-77.46751,-6.01961],[-77.46675,-6.01216],[-77.4769,-5.99997],[-77.46542,-5.99079],[-77.44039,-5.979],[-77.42957,-5.96366],[-77.42828,-5.95544],[-77.42081,-5.94827],[-77.40932,-5.94701],[-77.40345,-5.93782],[-77.40568,-5.92271],[-77.41404,-5.91247],[-77.4154,-5.90009],[-77.40383,-5.88706],[-77.39855,-5.87302],[-77.40154,-5.86838],[-77.41728,-5.85931],[-77.42647,-5.85888],[-77.4369,-5.84537],[-77.43517,-5.83882],[-77.41982,-5.82255],[-77.40713,-5.81495],[-77.40385,-5.8071],[-77.3885,-5.79815],[-77.38307,-5.80104],[-77.38348,-5.81117],[-77.38717,-5.81464],[-77.36191,-5.83461],[-77.35328,-5.8504],[-77.31406,-5.83208],[-77.31397,-5.8487],[-77.32154,-5.85448],[-77.3028,-5.89024],[-77.30829,-5.89346],[-77.30489,-5.90371],[-77.30194,-5.90267],[-77.2831,-5.91708]]]}},{"type":"Feature","properties":{"ubigeo":"220805","nombre":"Pardo Miguel"},"geometry":{"type":"Polygon","coordinates":[[[-77.56805,-6.0281],[-77.57268,-6.03348],[-77.58224,-6.03273],[-77.5862,-6.03692],[-77.59825,-6.03128],[-77.59346,-6.00935],[-77.59771,-6.00442],[-77.61624,-6.00092],[-77.62208,-6.00483],[-77.63274,-6.00057],[-77.63914,-6.00108],[-77.64925,-5.99223],[-77.66063,-5.98845],[-77.66922,-5.98037],[-77.67167,-5.9741],[-77.67125,-5.96326],[-77.65991,-5.95513],[-77.65189,-5.93533],[-77.65771,-5.92973],[-77.66329,-5.91767],[-77.66889,-5.89681],[-77.66611,-5.89385],[-77.68343,-5.87606],[-77.67788,-5.85965],[-77.68153,-5.84949],[-77.69481,-5.84023],[-77.71034,-5.84066],[-77.72642,-5.84398],[-77.74051,-5.83509],[-77.74614,-5.83511],[-77.75294,-5.82778],[-77.76077,-5.82492],[-77.76393,-5.81971],[-77.7651,-5.8061],[-77.77036,-5.78814],[-77.76717,-5.77628],[-77.76074,-5.76923],[-77.77224,-5.75287],[-77.76171,-5.74237],[-77.75936,-5.72985],[-77.76591,-5.71603],[-77.77515,-5.71075],[-77.77371,-5.68521],[-77.76917,-5.6745],[-77.75437,-5.659],[-77.7509,-5.64304],[-77.75261,-5.63758],[-77.73892,-5.62217],[-77.73689,-5.60514],[-77.74446,-5.58733],[-77.75168,-5.58226],[-77.74986,-5.57344],[-77.75726,-5.55465],[-77.76576,-5.53898],[-77.76528,-5.53232],[-77.75704,-5.51394],[-77.76177,-5.50434],[-77.77157,-5.49392],[-77.77064,-5.47815],[-77.76536,-5.47099],[-77.75083,-5.46419],[-77.74901,-5.45809],[-77.76845,-5.43805],[-77.76443,-5.4311],[-77.74672,-5.41379],[-77.74483,-5.4069],[-77.74219,-5.42338],[-77.73253,-5.43538],[-77.72304,-5.44],[-77.71289,-5.45021],[-77.70412,-5.46324],[-77.6958,-5.46947],[-77.69079,-5.47872],[-77.68161,-5.48756],[-77.67503,-5.48923],[-77.66728,-5.49936],[-77.66251,-5.49975],[-77.65692,-5.50826],[-77.64905,-5.51264],[-77.641,-5.5263],[-77.64364,-5.53697],[-77.65338,-5.55042],[-77.65099,-5.55787],[-77.65725,-5.56461],[-77.65901,-5.57198],[-77.65129,-5.59262],[-77.64751,-5.59221],[-77.64072,-5.60633],[-77.63272,-5.61353],[-77.62939,-5.62659],[-77.62422,-5.6299],[-77.62719,-5.64363],[-77.62105,-5.65463],[-77.60091,-5.6693],[-77.59466,-5.68215],[-77.5859,-5.68414],[-77.58247,-5.69088],[-77.5872,-5.69825],[-77.57718,-5.70211],[-77.57109,-5.70836],[-77.57503,-5.71314],[-77.56836,-5.7147],[-77.56539,-5.70714],[-77.55496,-5.70927],[-77.54342,-5.70211],[-77.53204,-5.70309],[-77.53263,-5.69227],[-77.52518,-5.69809],[-77.52015,-5.69172],[-77.50792,-5.68595],[-77.51602,-5.67664],[-77.50083,-5.67192],[-77.49205,-5.6738],[-77.48595,-5.68084],[-77.48489,-5.69195],[-77.47868,-5.69737],[-77.46867,-5.71296],[-77.47207,-5.72647],[-77.46977,-5.73125],[-77.43086,-5.75738],[-77.43311,-5.76853],[-77.43172,-5.77623],[-77.44224,-5.78557],[-77.45451,-5.78508],[-77.45613,-5.79185],[-77.46137,-5.79174],[-77.4698,-5.80573],[-77.46807,-5.8168],[-77.4732,-5.82337],[-77.47941,-5.83825],[-77.4855,-5.8452],[-77.50774,-5.83791],[-77.51106,-5.84241],[-77.50787,-5.85397],[-77.51127,-5.8571],[-77.51461,-5.8702],[-77.5248,-5.88301],[-77.52907,-5.8999],[-77.52506,-5.91197],[-77.52609,-5.9205],[-77.53481,-5.93231],[-77.5417,-5.93613],[-77.53874,-5.94228],[-77.54259,-5.94724],[-77.54783,-5.96917],[-77.5474,-5.97674],[-77.55821,-5.98336],[-77.56649,-6.00734],[-77.56485,-6.01566],[-77.56805,-6.0281]]]}},{"type":"Feature","properties":{"ubigeo":"220806","nombre":"Posic"},"geometry":{"type":"Polygon","coordinates":[[[-77.15597,-6.03928],[-77.16394,-6.03415],[-77.18111,-6.01534],[-77.18242,-6.00859],[-77.19191,-6.00195],[-77.19086,-5.99752],[-77.19881,-5.99732],[-77.20987,-5.98989],[-77.21814,-5.97974],[-77.21428,-5.97169],[-77.20642,-5.96728],[-77.20495,-5.95292],[-77.19367,-5.9553],[-77.18312,-5.95062],[-77.16528,-5.947],[-77.16033,-5.94931],[-77.14921,-5.94086],[-77.14205,-5.93653],[-77.14002,-5.95115],[-77.14351,-5.95737],[-77.14059,-5.9619],[-77.14592,-5.9649],[-77.14058,-5.9727],[-77.14871,-5.97735],[-77.14069,-5.97703],[-77.14225,-5.99713],[-77.14846,-5.99425],[-77.15276,-6.00047],[-77.14971,-6.00425],[-77.15384,-6.01696],[-77.14801,-6.02771],[-77.14993,-6.03887],[-77.15597,-6.03928]]]}},{"type":"Feature","properties":{"ubigeo":"220807","nombre":"San Fernando"},"geometry":{"type":"Polygon","coordinates":[[[-77.2831,-5.91708],[-77.30194,-5.90267],[-77.30489,-5.90371],[-77.30829,-5.89346],[-77.3028,-5.89024],[-77.32154,-5.85448],[-77.31397,-5.8487],[-77.29527,-5.85109],[-77.28211,-5.84428],[-77.27242,-5.84786],[-77.27943,-5.79848],[-77.29181,-5.7929],[-77.28567,-5.77638],[-77.27766,-5.77078],[-77.28228,-5.78006],[-77.27139,-5.77931],[-77.26889,-5.78895],[-77.26336,-5.78943],[-77.26711,-5.79858],[-77.25307,-5.80348],[-77.25203,-5.82622],[-77.24748,-5.83251],[-77.25649,-5.83035],[-77.25193,-5.84409],[-77.24788,-5.84136],[-77.24783,-5.84998],[-77.24229,-5.85044],[-77.24553,-5.85654],[-77.23772,-5.86208],[-77.2476,-5.87332],[-77.24619,-5.88129],[-77.23573,-5.88328],[-77.23747,-5.8873],[-77.24548,-5.88795],[-77.24699,-5.895],[-77.2572,-5.90919],[-77.27088,-5.90781],[-77.2831,-5.91708]]]}},{"type":"Feature","properties":{"ubigeo":"220808","nombre":"Yorongos"},"geometry":{"type":"Polygon","coordinates":[[[-77.19728,-6.23342],[-77.21242,-6.21419],[-77.21841,-6.19268],[-77.20408,-6.18286],[-77.19789,-6.18822],[-77.18058,-6.18462],[-77.17179,-6.17623],[-77.17491,-6.16027],[-77.17276,-6.14768],[-77.17752,-6.13597],[-77.17486,-6.12698],[-77.15924,-6.11308],[-77.15171,-6.10193],[-77.14358,-6.09835],[-77.14653,-6.10701],[-77.13986,-6.1142],[-77.13392,-6.10966],[-77.13529,-6.11966],[-77.1285,-6.1227],[-77.13285,-6.12655],[-77.12386,-6.1323],[-77.12409,-6.14023],[-77.13069,-6.1478],[-77.12046,-6.15926],[-77.12298,-6.16687],[-77.12512,-6.18831],[-77.12836,-6.18958],[-77.12454,-6.20336],[-77.13629,-6.20938],[-77.13985,-6.20589],[-77.14481,-6.21046],[-77.15366,-6.21019],[-77.16214,-6.22533],[-77.17486,-6.2295],[-77.17823,-6.23361],[-77.19728,-6.23342]]]}},{"type":"Feature","properties":{"ubigeo":"220809","nombre":"Yuracyacu"},"geometry":{"type":"Polygon","coordinates":[[[-77.21814,-5.97974],[-77.22596,-5.97668],[-77.23677,-5.97176],[-77.24898,-5.96109],[-77.26198,-5.95781],[-77.26762,-5.95149],[-77.28082,-5.92999],[-77.287,-5.9276],[-77.28085,-5.92285],[-77.2831,-5.91708],[-77.27088,-5.90781],[-77.2572,-5.90919],[-77.24699,-5.895],[-77.24548,-5.88795],[-77.23747,-5.8873],[-77.22984,-5.89878],[-77.22451,-5.89558],[-77.21845,-5.90604],[-77.2127,-5.90763],[-77.21906,-5.91364],[-77.2189,-5.91992],[-77.2132,-5.92442],[-77.20603,-5.9235],[-77.19974,-5.9326],[-77.20305,-5.93873],[-77.18841,-5.93652],[-77.18781,-5.93924],[-77.1656,-5.94347],[-77.16077,-5.93592],[-77.14921,-5.94086],[-77.16033,-5.94931],[-77.16528,-5.947],[-77.18312,-5.95062],[-77.19367,-5.9553],[-77.20495,-5.95292],[-77.20642,-5.96728],[-77.21428,-5.97169],[-77.21814,-5.97974]]]}},{"type":"Feature","properties":{"ubigeo":"220901","nombre":"Tarapoto"},"geometry":{"type":"Polygon","coordinates":[[[-76.39919,-6.5517],[-76.40664,-6.53002],[-76.40972,-6.51252],[-76.4073,-6.50678],[-76.38914,-6.49906],[-76.37941,-6.49052],[-76.374,-6.47915],[-76.37302,-6.46886],[-76.37631,-6.46057],[-76.38248,-6.4548],[-76.36587,-6.43396],[-76.35955,-6.41857],[-76.3536,-6.41253],[-76.3374,-6.42029],[-76.33454,-6.4421],[-76.34422,-6.44921],[-76.34955,-6.45897],[-76.35367,-6.4769],[-76.35394,-6.48857],[-76.36239,-6.50029],[-76.36606,-6.53271],[-76.35902,-6.54157],[-76.35358,-6.53869],[-76.35169,-6.54899],[-76.33498,-6.56156],[-76.34757,-6.56876],[-76.35331,-6.56655],[-76.35983,-6.55851],[-76.3804,-6.54735],[-76.39919,-6.5517]]]}},{"type":"Feature","properties":{"ubigeo":"220902","nombre":"Alberto Leveau"},"geometry":{"type":"Polygon","coordinates":[[[-76.26792,-6.74112],[-76.27505,-6.69207],[-76.27887,-6.68108],[-76.28517,-6.67571],[-76.29409,-6.65215],[-76.29289,-6.64084],[-76.27417,-6.63711],[-76.25549,-6.63855],[-76.24993,-6.64093],[-76.23401,-6.65341],[-76.23641,-6.6857],[-76.24038,-6.70241],[-76.2383,-6.72003],[-76.2431,-6.73144],[-76.24458,-6.74548],[-76.24766,-6.74664],[-76.26792,-6.74112]]]}},{"type":"Feature","properties":{"ubigeo":"220903","nombre":"Cacatachi"},"geometry":{"type":"Polygon","coordinates":[[[-76.45625,-6.51613],[-76.47196,-6.50888],[-76.47845,-6.49441],[-76.49156,-6.48716],[-76.47826,-6.48393],[-76.45914,-6.46168],[-76.45227,-6.43884],[-76.44881,-6.41623],[-76.44361,-6.40412],[-76.44031,-6.40912],[-76.43633,-6.43015],[-76.42204,-6.43765],[-76.40739,-6.43697],[-76.40967,-6.44538],[-76.39526,-6.46807],[-76.39819,-6.48015],[-76.4092,-6.49324],[-76.44038,-6.49126],[-76.45184,-6.50001],[-76.45625,-6.51613]]]}},{"type":"Feature","properties":{"ubigeo":"220904","nombre":"Chazuta"},"geometry":{"type":"Polygon","coordinates":[[[-75.90101,-6.48045],[-75.89634,-6.49484],[-75.8818,-6.50656],[-75.87275,-6.51044],[-75.86831,-6.52147],[-75.86872,-6.52952],[-75.86459,-6.53718],[-75.85015,-6.54485],[-75.83812,-6.55942],[-75.84184,-6.56774],[-75.82272,-6.58672],[-75.82219,-6.607],[-75.81691,-6.6095],[-75.81825,-6.6259],[-75.81685,-6.63764],[-75.79471,-6.63706],[-75.78941,-6.64518],[-75.79664,-6.65861],[-75.80743,-6.65749],[-75.81611,-6.66331],[-75.81326,-6.68289],[-75.82015,-6.69233],[-75.83311,-6.69696],[-75.8403,-6.70489],[-75.83781,-6.71066],[-75.84636,-6.71684],[-75.84318,-6.72114],[-75.84838,-6.72403],[-75.85543,-6.71808],[-75.86258,-6.71682],[-75.8623,-6.72187],[-75.8853,-6.72754],[-75.88887,-6.72515],[-75.90719,-6.73461],[-75.92656,-6.72523],[-75.93167,-6.72816],[-75.93893,-6.72204],[-75.95305,-6.71769],[-75.95596,-6.71221],[-75.96899,-6.71947],[-75.97867,-6.71803],[-75.98446,-6.71307],[-75.9972,-6.71195],[-75.9997,-6.71649],[-76.00174,-6.7368],[-76.00057,-6.76151],[-76.00823,-6.78124],[-76.00994,-6.79986],[-76.01158,-6.80602],[-76.02583,-6.80528],[-76.03095,-6.80838],[-76.04137,-6.80803],[-76.0509,-6.81086],[-76.06852,-6.80149],[-76.08535,-6.76479],[-76.09019,-6.74838],[-76.10339,-6.72881],[-76.09541,-6.71486],[-76.12121,-6.69944],[-76.12677,-6.68799],[-76.13174,-6.6797],[-76.14249,-6.67918],[-76.1515,-6.67139],[-76.14203,-6.66286],[-76.13753,-6.66221],[-76.12357,-6.64409],[-76.11672,-6.63833],[-76.11134,-6.60494],[-76.12505,-6.59787],[-76.13558,-6.5842],[-76.13388,-6.57805],[-76.14111,-6.56807],[-76.14092,-6.56174],[-76.14669,-6.5572],[-76.15715,-6.5342],[-76.16579,-6.53157],[-76.15986,-6.51251],[-76.16135,-6.5064],[-76.15432,-6.49857],[-76.14736,-6.49732],[-76.13258,-6.4995],[-76.12455,-6.48718],[-76.119,-6.48705],[-76.10939,-6.47522],[-76.08443,-6.47842],[-76.06902,-6.47274],[-76.02892,-6.48594],[-76.00728,-6.49863],[-75.99805,-6.4951],[-75.99108,-6.49968],[-75.97909,-6.49947],[-75.97404,-6.4906],[-75.96729,-6.48841],[-75.95406,-6.49047],[-75.9501,-6.47865],[-75.94146,-6.4644],[-75.92338,-6.46373],[-75.91948,-6.47354],[-75.9137,-6.47919],[-75.90101,-6.48045]]]}},{"type":"Feature","properties":{"ubigeo":"220905","nombre":"Chipurana"},"geometry":{"type":"Polygon","coordinates":[[[-75.5093,-6.58298],[-75.52159,-6.5756],[-75.53154,-6.57251],[-75.55193,-6.55724],[-75.56004,-6.55364],[-75.57672,-6.54046],[-75.59112,-6.53423],[-75.6011,-6.52636],[-75.6083,-6.50465],[-75.63262,-6.47495],[-75.65604,-6.42339],[-75.65873,-6.41202],[-75.66769,-6.39423],[-75.6785,-6.37879],[-75.68969,-6.36614],[-75.70425,-6.35532],[-75.71124,-6.34279],[-75.70876,-6.32912],[-75.7185,-6.33569],[-75.73199,-6.34128],[-75.73601,-6.3533],[-75.7312,-6.36855],[-75.73632,-6.37273],[-75.74625,-6.36247],[-75.75442,-6.36639],[-75.7529,-6.37884],[-75.75968,-6.39434],[-75.75532,-6.40764],[-75.75942,-6.41105],[-75.78826,-6.40972],[-75.79626,-6.41602],[-75.79964,-6.42619],[-75.8209,-6.43155],[-75.82807,-6.44613],[-75.83851,-6.44556],[-75.83558,-6.43159],[-75.84444,-6.42406],[-75.85175,-6.42478],[-75.8574,-6.42992],[-75.85409,-6.43685],[-75.8571,-6.44125],[-75.8805,-6.43579],[-75.88733,-6.43742],[-75.89396,-6.44856],[-75.89378,-6.47297],[-75.90101,-6.48045],[-75.9137,-6.47919],[-75.91948,-6.47354],[-75.92338,-6.46373],[-75.91561,-6.45769],[-75.91358,-6.46122],[-75.902,-6.45917],[-75.89996,-6.45532],[-75.90187,-6.44101],[-75.90623,-6.43458],[-75.89569,-6.43246],[-75.87003,-6.41356],[-75.83774,-6.39504],[-75.81332,-6.3821],[-75.78117,-6.35205],[-75.76293,-6.33658],[-75.73037,-6.31876],[-75.7151,-6.3159],[-75.69514,-6.31719],[-75.66779,-6.31556],[-75.65727,-6.31881],[-75.65121,-6.32707],[-75.64733,-6.34273],[-75.62575,-6.3904],[-75.61636,-6.40387],[-75.6076,-6.42624],[-75.59399,-6.43247],[-75.57712,-6.43759],[-75.56611,-6.43721],[-75.55735,-6.4398],[-75.55368,-6.44925],[-75.55399,-6.45722],[-75.54785,-6.46198],[-75.53898,-6.48051],[-75.53008,-6.49236],[-75.53324,-6.49998],[-75.52187,-6.51558],[-75.50888,-6.52525],[-75.5083,-6.53347],[-75.50298,-6.55223],[-75.50479,-6.56858],[-75.5093,-6.58298]]]}},{"type":"Feature","properties":{"ubigeo":"220906","nombre":"El Porvenir"},"geometry":{"type":"Polygon","coordinates":[[[-75.91059,-6.41607],[-75.91858,-6.41018],[-75.92579,-6.40005],[-75.92499,-6.39155],[-75.91903,-6.38625],[-75.92614,-6.37756],[-75.92213,-6.37065],[-75.9292,-6.35684],[-75.94142,-6.3448],[-75.94982,-6.32772],[-75.95893,-6.31735],[-75.97199,-6.3066],[-75.97853,-6.29411],[-75.97824,-6.28136],[-75.97279,-6.26675],[-75.95216,-6.2425],[-75.93317,-6.21266],[-75.93093,-6.18238],[-75.92675,-6.17359],[-75.91621,-6.16099],[-75.91659,-6.14079],[-75.90315,-6.13305],[-75.88563,-6.13311],[-75.85861,-6.1422],[-75.83798,-6.14051],[-75.8462,-6.12955],[-75.84377,-6.12267],[-75.85155,-6.10903],[-75.84966,-6.10146],[-75.84142,-6.10582],[-75.83218,-6.10452],[-75.82769,-6.09875],[-75.80852,-6.10381],[-75.80199,-6.10325],[-75.79386,-6.10895],[-75.79433,-6.11487],[-75.78261,-6.12198],[-75.77901,-6.11812],[-75.77486,-6.12444],[-75.768,-6.12722],[-75.76757,-6.13581],[-75.7734,-6.13761],[-75.77336,-6.14496],[-75.76665,-6.14739],[-75.75803,-6.14145],[-75.75397,-6.14568],[-75.7378,-6.14177],[-75.72664,-6.14402],[-75.7252,-6.14814],[-75.73334,-6.15727],[-75.73209,-6.17011],[-75.73886,-6.18311],[-75.74896,-6.19251],[-75.76361,-6.19998],[-75.7697,-6.2062],[-75.77933,-6.20618],[-75.78738,-6.22013],[-75.79404,-6.22326],[-75.80393,-6.23615],[-75.80444,-6.24492],[-75.79974,-6.25796],[-75.80704,-6.26771],[-75.81496,-6.27249],[-75.82098,-6.28523],[-75.82238,-6.30238],[-75.81807,-6.32106],[-75.81772,-6.33223],[-75.82469,-6.35043],[-75.84511,-6.37177],[-75.86345,-6.38432],[-75.87724,-6.39567],[-75.89775,-6.40705],[-75.9032,-6.41541],[-75.91059,-6.41607]]]}},{"type":"Feature","properties":{"ubigeo":"220907","nombre":"Huimbayoc"},"geometry":{"type":"Polygon","coordinates":[[[-75.63344,-6.84306],[-75.64068,-6.83484],[-75.64217,-6.81596],[-75.64775,-6.81922],[-75.65967,-6.81933],[-75.6681,-6.82642],[-75.67302,-6.8373],[-75.67292,-6.8444],[-75.68706,-6.84669],[-75.68999,-6.86127],[-75.6977,-6.8686],[-75.70545,-6.86514],[-75.70702,-6.86026],[-75.71646,-6.85771],[-75.7221,-6.85161],[-75.73973,-6.85078],[-75.74606,-6.85655],[-75.76268,-6.85104],[-75.76843,-6.85382],[-75.78279,-6.84392],[-75.78344,-6.83705],[-75.79148,-6.83405],[-75.79418,-6.8214],[-75.81397,-6.82548],[-75.81375,-6.81747],[-75.82631,-6.81081],[-75.83114,-6.80349],[-75.84388,-6.79726],[-75.85975,-6.80156],[-75.87334,-6.79842],[-75.87889,-6.80191],[-75.89065,-6.79503],[-75.91121,-6.79488],[-75.9138,-6.79116],[-75.92511,-6.79358],[-75.93761,-6.79138],[-75.94369,-6.79486],[-75.96365,-6.78842],[-75.981,-6.79971],[-75.98207,-6.79473],[-75.99533,-6.79844],[-75.99969,-6.79498],[-76.00994,-6.79986],[-76.00823,-6.78124],[-76.00057,-6.76151],[-76.00174,-6.7368],[-75.9997,-6.71649],[-75.9972,-6.71195],[-75.98446,-6.71307],[-75.97867,-6.71803],[-75.96899,-6.71947],[-75.95596,-6.71221],[-75.95305,-6.71769],[-75.93893,-6.72204],[-75.93167,-6.72816],[-75.92656,-6.72523],[-75.90719,-6.73461],[-75.88887,-6.72515],[-75.8853,-6.72754],[-75.8623,-6.72187],[-75.86258,-6.71682],[-75.85543,-6.71808],[-75.84838,-6.72403],[-75.84318,-6.72114],[-75.84636,-6.71684],[-75.83781,-6.71066],[-75.8403,-6.70489],[-75.83311,-6.69696],[-75.82015,-6.69233],[-75.81326,-6.68289],[-75.81611,-6.66331],[-75.80743,-6.65749],[-75.79664,-6.65861],[-75.78941,-6.64518],[-75.79471,-6.63706],[-75.81685,-6.63764],[-75.81825,-6.6259],[-75.81691,-6.6095],[-75.82219,-6.607],[-75.82272,-6.58672],[-75.84184,-6.56774],[-75.83812,-6.55942],[-75.85015,-6.54485],[-75.86459,-6.53718],[-75.86872,-6.52952],[-75.86831,-6.52147],[-75.87275,-6.51044],[-75.8818,-6.50656],[-75.89634,-6.49484],[-75.90101,-6.48045],[-75.89378,-6.47297],[-75.89396,-6.44856],[-75.88733,-6.43742],[-75.8805,-6.43579],[-75.8571,-6.44125],[-75.85409,-6.43685],[-75.8574,-6.42992],[-75.85175,-6.42478],[-75.84444,-6.42406],[-75.83558,-6.43159],[-75.83851,-6.44556],[-75.82807,-6.44613],[-75.8209,-6.43155],[-75.79964,-6.42619],[-75.79626,-6.41602],[-75.78826,-6.40972],[-75.75942,-6.41105],[-75.75532,-6.40764],[-75.75968,-6.39434],[-75.7529,-6.37884],[-75.75442,-6.36639],[-75.74625,-6.36247],[-75.73632,-6.37273],[-75.7312,-6.36855],[-75.73601,-6.3533],[-75.73199,-6.34128],[-75.7185,-6.33569],[-75.70876,-6.32912],[-75.71124,-6.34279],[-75.70425,-6.35532],[-75.68969,-6.36614],[-75.6785,-6.37879],[-75.66769,-6.39423],[-75.65873,-6.41202],[-75.65604,-6.42339],[-75.63262,-6.47495],[-75.6083,-6.50465],[-75.6011,-6.52636],[-75.59112,-6.53423],[-75.57672,-6.54046],[-75.56004,-6.55364],[-75.55193,-6.55724],[-75.53154,-6.57251],[-75.52159,-6.5756],[-75.5093,-6.58298],[-75.50756,-6.60278],[-75.50023,-6.64032],[-75.50213,-6.67411],[-75.50498,-6.68153],[-75.50621,-6.69705],[-75.505,-6.72533],[-75.50038,-6.75729],[-75.50123,-6.76705],[-75.50697,-6.77386],[-75.5118,-6.78557],[-75.52667,-6.79305],[-75.53547,-6.7938],[-75.54404,-6.79964],[-75.56184,-6.80161],[-75.57417,-6.80883],[-75.57434,-6.81868],[-75.58436,-6.82047],[-75.59257,-6.83032],[-75.61689,-6.84119],[-75.62069,-6.83942],[-75.63344,-6.84306]]]}},{"type":"Feature","properties":{"ubigeo":"220908","nombre":"Juan Guerra"},"geometry":{"type":"Polygon","coordinates":[[[-76.29289,-6.64084],[-76.29409,-6.65215],[-76.28517,-6.67571],[-76.27887,-6.68108],[-76.27505,-6.69207],[-76.30027,-6.68612],[-76.30544,-6.6826],[-76.3115,-6.68458],[-76.32175,-6.68084],[-76.33574,-6.68236],[-76.35105,-6.68922],[-76.36508,-6.6821],[-76.38328,-6.6782],[-76.40303,-6.68485],[-76.40882,-6.68992],[-76.41583,-6.68174],[-76.43037,-6.67898],[-76.45632,-6.68001],[-76.44286,-6.67425],[-76.42757,-6.66369],[-76.41917,-6.65442],[-76.41652,-6.64597],[-76.40793,-6.63565],[-76.387,-6.62836],[-76.3801,-6.62067],[-76.37397,-6.6187],[-76.38831,-6.6059],[-76.40129,-6.59991],[-76.41163,-6.5822],[-76.42585,-6.57216],[-76.41839,-6.56183],[-76.4113,-6.56002],[-76.39919,-6.5517],[-76.3804,-6.54735],[-76.35983,-6.55851],[-76.35331,-6.56655],[-76.34757,-6.56876],[-76.33498,-6.56156],[-76.32673,-6.55529],[-76.31695,-6.55667],[-76.29156,-6.54631],[-76.28384,-6.55003],[-76.28471,-6.55677],[-76.29113,-6.56239],[-76.29396,-6.58282],[-76.28475,-6.57977],[-76.27961,-6.58645],[-76.28656,-6.59782],[-76.292,-6.61883],[-76.29584,-6.6241],[-76.29289,-6.64084]]]}},{"type":"Feature","properties":{"ubigeo":"220909","nombre":"La Banda de Shilcayo"},"geometry":{"type":"Polygon","coordinates":[[[-76.16135,-6.5064],[-76.15986,-6.51251],[-76.16579,-6.53157],[-76.15715,-6.5342],[-76.14669,-6.5572],[-76.14092,-6.56174],[-76.14111,-6.56807],[-76.15264,-6.56982],[-76.15913,-6.56789],[-76.16813,-6.55947],[-76.18108,-6.5565],[-76.19422,-6.5388],[-76.21124,-6.53302],[-76.21927,-6.52313],[-76.22559,-6.50625],[-76.23945,-6.49127],[-76.25016,-6.4863],[-76.26182,-6.48649],[-76.27265,-6.49309],[-76.27353,-6.49956],[-76.28467,-6.50582],[-76.2853,-6.5093],[-76.27329,-6.52482],[-76.27737,-6.52752],[-76.27634,-6.5386],[-76.27957,-6.54842],[-76.28384,-6.55003],[-76.29156,-6.54631],[-76.31695,-6.55667],[-76.32673,-6.55529],[-76.33498,-6.56156],[-76.35169,-6.54899],[-76.35358,-6.53869],[-76.35902,-6.54157],[-76.36606,-6.53271],[-76.36239,-6.50029],[-76.35394,-6.48857],[-76.35367,-6.4769],[-76.34955,-6.45897],[-76.34422,-6.44921],[-76.33454,-6.4421],[-76.3374,-6.42029],[-76.3536,-6.41253],[-76.34848,-6.40057],[-76.33065,-6.37652],[-76.31706,-6.36447],[-76.30376,-6.38375],[-76.29889,-6.38517],[-76.29808,-6.39193],[-76.29139,-6.40318],[-76.28158,-6.41371],[-76.27376,-6.41758],[-76.26985,-6.42647],[-76.2502,-6.4274],[-76.24689,-6.43171],[-76.23723,-6.42024],[-76.22205,-6.42093],[-76.21486,-6.42722],[-76.19603,-6.4297],[-76.18454,-6.42745],[-76.18079,-6.45919],[-76.19765,-6.47434],[-76.19197,-6.47959],[-76.18296,-6.48225],[-76.18659,-6.48602],[-76.18055,-6.50083],[-76.16135,-6.5064]]]}},{"type":"Feature","properties":{"ubigeo":"220910","nombre":"Morales"},"geometry":{"type":"Polygon","coordinates":[[[-76.39919,-6.5517],[-76.4113,-6.56002],[-76.41839,-6.56183],[-76.42467,-6.55402],[-76.43969,-6.5412],[-76.45251,-6.53686],[-76.46059,-6.53087],[-76.46256,-6.52437],[-76.45625,-6.51613],[-76.45184,-6.50001],[-76.44038,-6.49126],[-76.4092,-6.49324],[-76.39819,-6.48015],[-76.39526,-6.46807],[-76.40967,-6.44538],[-76.40739,-6.43697],[-76.39961,-6.4475],[-76.38248,-6.4548],[-76.37631,-6.46057],[-76.37302,-6.46886],[-76.374,-6.47915],[-76.37941,-6.49052],[-76.38914,-6.49906],[-76.4073,-6.50678],[-76.40972,-6.51252],[-76.40664,-6.53002],[-76.39919,-6.5517]]]}},{"type":"Feature","properties":{"ubigeo":"220911","nombre":"Papaplaya"},"geometry":{"type":"Polygon","coordinates":[[[-75.50888,-6.52525],[-75.52187,-6.51558],[-75.53324,-6.49998],[-75.53008,-6.49236],[-75.53898,-6.48051],[-75.54785,-6.46198],[-75.55399,-6.45722],[-75.55368,-6.44925],[-75.55735,-6.4398],[-75.56611,-6.43721],[-75.57712,-6.43759],[-75.59399,-6.43247],[-75.6076,-6.42624],[-75.61636,-6.40387],[-75.62575,-6.3904],[-75.64733,-6.34273],[-75.65121,-6.32707],[-75.65727,-6.31881],[-75.66779,-6.31556],[-75.69514,-6.31719],[-75.7151,-6.3159],[-75.73037,-6.31876],[-75.76293,-6.33658],[-75.78117,-6.35205],[-75.81332,-6.3821],[-75.83774,-6.39504],[-75.87003,-6.41356],[-75.89569,-6.43246],[-75.90623,-6.43458],[-75.91059,-6.41607],[-75.9032,-6.41541],[-75.89775,-6.40705],[-75.87724,-6.39567],[-75.86345,-6.38432],[-75.84511,-6.37177],[-75.82469,-6.35043],[-75.81772,-6.33223],[-75.81807,-6.32106],[-75.82238,-6.30238],[-75.82098,-6.28523],[-75.81496,-6.27249],[-75.80704,-6.26771],[-75.79974,-6.25796],[-75.80444,-6.24492],[-75.80393,-6.23615],[-75.79404,-6.22326],[-75.78738,-6.22013],[-75.77933,-6.20618],[-75.7697,-6.2062],[-75.76361,-6.19998],[-75.74896,-6.19251],[-75.73886,-6.18311],[-75.73209,-6.17011],[-75.73334,-6.15727],[-75.7252,-6.14814],[-75.72664,-6.14402],[-75.71502,-6.13827],[-75.71116,-6.12955],[-75.69856,-6.11249],[-75.6916,-6.11229],[-75.68037,-6.09563],[-75.67329,-6.09366],[-75.66566,-6.09873],[-75.65477,-6.09831],[-75.64271,-6.09037],[-75.63658,-6.08902],[-75.62896,-6.08212],[-75.62593,-6.06639],[-75.62482,-6.03937],[-75.62107,-6.02938],[-75.61389,-6.02324],[-75.59713,-6.01532],[-75.58412,-6.01166],[-75.56893,-6.00039],[-75.56503,-6.02554],[-75.54863,-6.05565],[-75.53279,-6.0956],[-75.52937,-6.12216],[-75.52796,-6.15804],[-75.52555,-6.16513],[-75.49825,-6.18584],[-75.49013,-6.19414],[-75.48719,-6.20342],[-75.48676,-6.24473],[-75.49031,-6.26704],[-75.49634,-6.28103],[-75.50936,-6.30029],[-75.53466,-6.32226],[-75.55009,-6.34771],[-75.54333,-6.36241],[-75.54349,-6.37768],[-75.53645,-6.39154],[-75.54342,-6.40687],[-75.5401,-6.41467],[-75.53399,-6.41545],[-75.53764,-6.43714],[-75.53056,-6.43888],[-75.52569,-6.45764],[-75.52014,-6.46482],[-75.5233,-6.47708],[-75.51504,-6.48377],[-75.5096,-6.49214],[-75.51076,-6.5073],[-75.50888,-6.52525]]]}},{"type":"Feature","properties":{"ubigeo":"220912","nombre":"San Antonio"},"geometry":{"type":"Polygon","coordinates":[[[-76.3536,-6.41253],[-76.35955,-6.41857],[-76.36587,-6.43396],[-76.38248,-6.4548],[-76.39961,-6.4475],[-76.40739,-6.43697],[-76.42204,-6.43765],[-76.43633,-6.43015],[-76.44031,-6.40912],[-76.44361,-6.40412],[-76.43332,-6.40029],[-76.42548,-6.3813],[-76.419,-6.37796],[-76.4108,-6.38],[-76.38707,-6.39516],[-76.37959,-6.3913],[-76.36826,-6.35483],[-76.36593,-6.35031],[-76.36104,-6.34123],[-76.35599,-6.33936],[-76.33767,-6.34694],[-76.31706,-6.36447],[-76.33065,-6.37652],[-76.34848,-6.40057],[-76.3536,-6.41253]]]}},{"type":"Feature","properties":{"ubigeo":"220913","nombre":"Sauce"},"geometry":{"type":"Polygon","coordinates":[[[-76.12677,-6.68799],[-76.1343,-6.69317],[-76.14577,-6.69627],[-76.15615,-6.70697],[-76.17131,-6.70376],[-76.18188,-6.70652],[-76.18819,-6.71231],[-76.19849,-6.7342],[-76.19737,-6.74916],[-76.20799,-6.76099],[-76.21753,-6.76712],[-76.22515,-6.76856],[-76.23911,-6.76645],[-76.25682,-6.77261],[-76.2619,-6.7691],[-76.26792,-6.74112],[-76.24766,-6.74664],[-76.24458,-6.74548],[-76.2431,-6.73144],[-76.2383,-6.72003],[-76.24038,-6.70241],[-76.23641,-6.6857],[-76.23401,-6.65341],[-76.21752,-6.65178],[-76.20902,-6.64872],[-76.20497,-6.65144],[-76.19204,-6.64574],[-76.16255,-6.65228],[-76.15781,-6.66629],[-76.1515,-6.67139],[-76.14249,-6.67918],[-76.13174,-6.6797],[-76.12677,-6.68799]]]}},{"type":"Feature","properties":{"ubigeo":"220914","nombre":"Shapaja"},"geometry":{"type":"Polygon","coordinates":[[[-76.1515,-6.67139],[-76.15781,-6.66629],[-76.16255,-6.65228],[-76.19204,-6.64574],[-76.20497,-6.65144],[-76.20902,-6.64872],[-76.21752,-6.65178],[-76.23401,-6.65341],[-76.24993,-6.64093],[-76.25549,-6.63855],[-76.27417,-6.63711],[-76.29289,-6.64084],[-76.29584,-6.6241],[-76.292,-6.61883],[-76.28656,-6.59782],[-76.27961,-6.58645],[-76.28475,-6.57977],[-76.29396,-6.58282],[-76.29113,-6.56239],[-76.28471,-6.55677],[-76.28384,-6.55003],[-76.27957,-6.54842],[-76.27634,-6.5386],[-76.27737,-6.52752],[-76.27329,-6.52482],[-76.2853,-6.5093],[-76.28467,-6.50582],[-76.27353,-6.49956],[-76.27265,-6.49309],[-76.26182,-6.48649],[-76.25016,-6.4863],[-76.23945,-6.49127],[-76.22559,-6.50625],[-76.21927,-6.52313],[-76.21124,-6.53302],[-76.19422,-6.5388],[-76.18108,-6.5565],[-76.16813,-6.55947],[-76.15913,-6.56789],[-76.15264,-6.56982],[-76.14111,-6.56807],[-76.13388,-6.57805],[-76.13558,-6.5842],[-76.12505,-6.59787],[-76.11134,-6.60494],[-76.11672,-6.63833],[-76.12357,-6.64409],[-76.13753,-6.66221],[-76.14203,-6.66286],[-76.1515,-6.67139]]]}},{"type":"Feature","properties":{"ubigeo":"221001","nombre":"Tocache"},"geometry":{"type":"Polygon","coordinates":[[[-76.45488,-8.37039],[-76.46286,-8.38597],[-76.47364,-8.39822],[-76.48493,-8.42764],[-76.47895,-8.44594],[-76.4773,-8.46313],[-76.47915,-8.47181],[-76.49452,-8.47893],[-76.51779,-8.47153],[-76.53264,-8.47631],[-76.54816,-8.47162],[-76.5549,-8.47562],[-76.56147,-8.47419],[-76.56951,-8.46614],[-76.57076,-8.46024],[-76.58584,-8.44932],[-76.59843,-8.45141],[-76.6093,-8.44822],[-76.62591,-8.45092],[-76.63887,-8.46094],[-76.64093,-8.47356],[-76.65574,-8.48271],[-76.666,-8.4951],[-76.67854,-8.48887],[-76.68687,-8.49118],[-76.70019,-8.48466],[-76.70806,-8.47273],[-76.70861,-8.45325],[-76.70399,-8.44468],[-76.69283,-8.44005],[-76.69386,-8.42835],[-76.68558,-8.40711],[-76.69503,-8.39796],[-76.69985,-8.38731],[-76.69593,-8.37598],[-76.69724,-8.36654],[-76.6718,-8.36398],[-76.67357,-8.36063],[-76.66878,-8.34757],[-76.67249,-8.33281],[-76.68058,-8.32911],[-76.69581,-8.31533],[-76.70111,-8.29251],[-76.70899,-8.28862],[-76.73891,-8.28269],[-76.75246,-8.27121],[-76.74198,-8.24445],[-76.72587,-8.24175],[-76.70038,-8.23461],[-76.68483,-8.23637],[-76.67488,-8.24398],[-76.6645,-8.24184],[-76.65919,-8.23558],[-76.65343,-8.2364],[-76.64295,-8.23202],[-76.62835,-8.22895],[-76.61563,-8.21231],[-76.61211,-8.20346],[-76.59332,-8.18786],[-76.58941,-8.17519],[-76.59367,-8.15418],[-76.58362,-8.12797],[-76.58414,-8.09861],[-76.58578,-8.09186],[-76.59398,-8.08188],[-76.58447,-8.08192],[-76.57347,-8.09535],[-76.55534,-8.09819],[-76.53314,-8.11963],[-76.52784,-8.13387],[-76.51235,-8.15001],[-76.51081,-8.15963],[-76.50382,-8.14735],[-76.51522,-8.13277],[-76.51154,-8.11764],[-76.50494,-8.10759],[-76.50575,-8.09009],[-76.51315,-8.08358],[-76.5165,-8.0689],[-76.52548,-8.0598],[-76.53059,-8.04389],[-76.52832,-8.03797],[-76.52005,-8.03136],[-76.49867,-8.03529],[-76.49019,-8.04269],[-76.47662,-8.04658],[-76.45692,-8.05482],[-76.45484,-8.06432],[-76.44881,-8.07353],[-76.43254,-8.07676],[-76.41607,-8.09482],[-76.40665,-8.09973],[-76.39274,-8.12022],[-76.37639,-8.12972],[-76.37906,-8.13705],[-76.37644,-8.14498],[-76.37103,-8.14745],[-76.36103,-8.14488],[-76.35344,-8.137],[-76.34553,-8.14254],[-76.34438,-8.15778],[-76.34968,-8.16106],[-76.35527,-8.1737],[-76.37847,-8.18532],[-76.37795,-8.19336],[-76.38547,-8.20334],[-76.39109,-8.21686],[-76.40622,-8.22226],[-76.41264,-8.24125],[-76.42736,-8.25724],[-76.43925,-8.25652],[-76.44736,-8.26232],[-76.44808,-8.27998],[-76.45743,-8.27998],[-76.45663,-8.26697],[-76.45967,-8.26049],[-76.47382,-8.25715],[-76.47085,-8.24335],[-76.45848,-8.24591],[-76.45503,-8.24044],[-76.47138,-8.23604],[-76.4812,-8.22366],[-76.48626,-8.22866],[-76.4834,-8.23901],[-76.49387,-8.24871],[-76.49084,-8.26173],[-76.49185,-8.26867],[-76.51945,-8.29805],[-76.51966,-8.30785],[-76.52707,-8.31409],[-76.5316,-8.3129],[-76.55199,-8.32982],[-76.55095,-8.3407],[-76.53618,-8.35855],[-76.52447,-8.36514],[-76.52292,-8.3555],[-76.51845,-8.34817],[-76.51265,-8.34845],[-76.50597,-8.35996],[-76.50042,-8.35998],[-76.49714,-8.36646],[-76.47135,-8.36684],[-76.47139,-8.37036],[-76.45488,-8.37039]]]}},{"type":"Feature","properties":{"ubigeo":"221002","nombre":"Nuevo Progreso"},"geometry":{"type":"Polygon","coordinates":[[[-76.17167,-8.75727],[-76.175,-8.7594],[-76.18611,-8.75554],[-76.19541,-8.76185],[-76.2006,-8.7531],[-76.20452,-8.75878],[-76.19838,-8.76562],[-76.2038,-8.77395],[-76.21759,-8.77879],[-76.22626,-8.78586],[-76.23253,-8.78076],[-76.24014,-8.77068],[-76.23829,-8.76299],[-76.23027,-8.75961],[-76.23487,-8.75485],[-76.2421,-8.75533],[-76.24393,-8.74772],[-76.23409,-8.74897],[-76.22868,-8.74503],[-76.24259,-8.72721],[-76.24687,-8.71539],[-76.2574,-8.70664],[-76.25373,-8.69595],[-76.25563,-8.68303],[-76.24834,-8.68303],[-76.25274,-8.66543],[-76.26823,-8.65462],[-76.26936,-8.64659],[-76.26344,-8.63605],[-76.27038,-8.62992],[-76.26406,-8.6103],[-76.27524,-8.60471],[-76.27303,-8.5949],[-76.28616,-8.5873],[-76.28645,-8.58017],[-76.28036,-8.57356],[-76.2861,-8.56912],[-76.29547,-8.56987],[-76.30383,-8.57432],[-76.30609,-8.56684],[-76.30102,-8.56188],[-76.30078,-8.55497],[-76.3102,-8.54763],[-76.31566,-8.53397],[-76.3249,-8.52312],[-76.32094,-8.51192],[-76.31318,-8.50356],[-76.31586,-8.4971],[-76.32217,-8.49373],[-76.32743,-8.47991],[-76.3222,-8.46756],[-76.32812,-8.4619],[-76.32773,-8.45442],[-76.33221,-8.44628],[-76.33347,-8.42947],[-76.34666,-8.42498],[-76.35043,-8.41668],[-76.34834,-8.40982],[-76.33501,-8.38864],[-76.32132,-8.38305],[-76.29694,-8.38254],[-76.2766,-8.37036],[-76.2497,-8.3698],[-76.23422,-8.35779],[-76.21502,-8.34653],[-76.20836,-8.33942],[-76.20884,-8.32582],[-76.20453,-8.31751],[-76.20199,-8.30513],[-76.19468,-8.298],[-76.18303,-8.30409],[-76.17492,-8.30546],[-76.16583,-8.31123],[-76.16384,-8.32609],[-76.15229,-8.35065],[-76.14578,-8.36755],[-76.13276,-8.37727],[-76.12823,-8.36053],[-76.11892,-8.37306],[-76.10917,-8.37961],[-76.11323,-8.38424],[-76.1079,-8.39774],[-76.11039,-8.40487],[-76.10941,-8.41779],[-76.11882,-8.43041],[-76.11693,-8.44218],[-76.12865,-8.4571],[-76.13021,-8.48037],[-76.12609,-8.51694],[-76.13115,-8.52771],[-76.1264,-8.54542],[-76.13468,-8.57256],[-76.12743,-8.58132],[-76.12287,-8.59397],[-76.12451,-8.6045],[-76.12029,-8.61906],[-76.12377,-8.62576],[-76.11988,-8.63537],[-76.11399,-8.63541],[-76.107,-8.64245],[-76.10974,-8.65406],[-76.11593,-8.65757],[-76.12385,-8.65292],[-76.13126,-8.65679],[-76.13021,-8.66311],[-76.13971,-8.66715],[-76.13653,-8.67405],[-76.14542,-8.68787],[-76.14738,-8.69679],[-76.14527,-8.71144],[-76.15181,-8.71881],[-76.15702,-8.73373],[-76.1618,-8.72948],[-76.16654,-8.74127],[-76.16685,-8.75632],[-76.17167,-8.75727]]]}},{"type":"Feature","properties":{"ubigeo":"221003","nombre":"Polvora"},"geometry":{"type":"Polygon","coordinates":[[[-76.52005,-8.03136],[-76.52832,-8.03797],[-76.53059,-8.04389],[-76.52548,-8.0598],[-76.5165,-8.0689],[-76.51315,-8.08358],[-76.50575,-8.09009],[-76.50494,-8.10759],[-76.51154,-8.11764],[-76.51522,-8.13277],[-76.50382,-8.14735],[-76.51081,-8.15963],[-76.51235,-8.15001],[-76.52784,-8.13387],[-76.53314,-8.11963],[-76.55534,-8.09819],[-76.57347,-8.09535],[-76.58447,-8.08192],[-76.59398,-8.08188],[-76.58578,-8.09186],[-76.58414,-8.09861],[-76.58362,-8.12797],[-76.59367,-8.15418],[-76.58941,-8.17519],[-76.59332,-8.18786],[-76.61211,-8.20346],[-76.61563,-8.21231],[-76.62835,-8.22895],[-76.64295,-8.23202],[-76.65343,-8.2364],[-76.65919,-8.23558],[-76.6645,-8.24184],[-76.67488,-8.24398],[-76.68483,-8.23637],[-76.70038,-8.23461],[-76.72587,-8.24175],[-76.74198,-8.24445],[-76.75246,-8.27121],[-76.76587,-8.27221],[-76.77979,-8.2768],[-76.79818,-8.26094],[-76.80638,-8.25955],[-76.82204,-8.26698],[-76.84145,-8.26618],[-76.8579,-8.2564],[-76.86377,-8.25553],[-76.87811,-8.26991],[-76.89337,-8.26463],[-76.9033,-8.26809],[-76.90768,-8.26254],[-76.90819,-8.25344],[-76.91503,-8.2324],[-76.9256,-8.2185],[-76.92363,-8.20645],[-76.91227,-8.18978],[-76.91186,-8.18095],[-76.907,-8.17074],[-76.91177,-8.1589],[-76.91947,-8.15332],[-76.92118,-8.14772],[-76.93021,-8.13846],[-76.93808,-8.13675],[-76.94703,-8.13992],[-76.95533,-8.13454],[-76.96921,-8.12068],[-76.97801,-8.11875],[-76.98672,-8.11123],[-76.98625,-8.10388],[-76.99732,-8.0823],[-77.00359,-8.08135],[-77.00841,-8.07468],[-77.01956,-8.05269],[-77.03137,-8.04612],[-77.04703,-8.04501],[-77.0687,-8.03951],[-77.07192,-8.00652],[-77.07436,-7.9923],[-77.08734,-7.96891],[-77.09687,-7.96142],[-77.10252,-7.95267],[-77.10104,-7.93968],[-77.09163,-7.92416],[-77.08804,-7.91294],[-77.09384,-7.89515],[-77.09132,-7.88821],[-77.09138,-7.87557],[-77.08681,-7.86393],[-77.07697,-7.84862],[-77.06583,-7.8449],[-77.05293,-7.83656],[-77.05057,-7.82719],[-77.04065,-7.82],[-77.02824,-7.8143],[-77.02084,-7.80587],[-77.01254,-7.80745],[-77.0059,-7.80291],[-77.00184,-7.8062],[-76.98188,-7.81377],[-76.95253,-7.82909],[-76.94087,-7.83171],[-76.93893,-7.83733],[-76.93125,-7.84022],[-76.92339,-7.84895],[-76.91264,-7.85487],[-76.90988,-7.85968],[-76.90047,-7.86333],[-76.89415,-7.87384],[-76.89567,-7.87686],[-76.88503,-7.88089],[-76.87735,-7.88775],[-76.86971,-7.90356],[-76.85509,-7.89916],[-76.85569,-7.90439],[-76.83112,-7.90681],[-76.82184,-7.91882],[-76.8003,-7.92058],[-76.79262,-7.91356],[-76.78411,-7.91131],[-76.76637,-7.90008],[-76.76462,-7.89264],[-76.76036,-7.89463],[-76.75927,-7.88711],[-76.74914,-7.87521],[-76.73496,-7.87864],[-76.72733,-7.87555],[-76.72629,-7.86954],[-76.7193,-7.86453],[-76.72032,-7.85822],[-76.72641,-7.85313],[-76.72672,-7.84409],[-76.73136,-7.82705],[-76.74271,-7.82264],[-76.74194,-7.81693],[-76.74747,-7.80469],[-76.73999,-7.7966],[-76.74309,-7.79398],[-76.75292,-7.80039],[-76.76343,-7.79346],[-76.76706,-7.78372],[-76.75959,-7.77785],[-76.76151,-7.77397],[-76.77166,-7.77833],[-76.77002,-7.76512],[-76.75523,-7.76505],[-76.7549,-7.75696],[-76.77202,-7.74689],[-76.77456,-7.74103],[-76.77018,-7.73377],[-76.75572,-7.72887],[-76.75196,-7.73517],[-76.74109,-7.73908],[-76.73607,-7.73511],[-76.72132,-7.73402],[-76.69249,-7.73646],[-76.68306,-7.73139],[-76.65779,-7.72642],[-76.64468,-7.70741],[-76.63418,-7.68684],[-76.61871,-7.69133],[-76.59772,-7.68929],[-76.60999,-7.7029],[-76.61626,-7.71578],[-76.61908,-7.73226],[-76.63014,-7.74841],[-76.63024,-7.75348],[-76.61608,-7.77671],[-76.62415,-7.7898],[-76.62779,-7.81783],[-76.63641,-7.83059],[-76.63166,-7.84261],[-76.63666,-7.85244],[-76.63141,-7.85658],[-76.62331,-7.85089],[-76.61497,-7.8519],[-76.61468,-7.86067],[-76.60594,-7.87083],[-76.60573,-7.88143],[-76.61291,-7.89517],[-76.62452,-7.9068],[-76.62276,-7.91644],[-76.62807,-7.92941],[-76.6247,-7.93332],[-76.62715,-7.94525],[-76.61575,-7.95389],[-76.61343,-7.97098],[-76.61433,-7.98571],[-76.60717,-7.98453],[-76.60292,-7.99405],[-76.59307,-8.0024],[-76.57744,-8.00216],[-76.56328,-7.99212],[-76.53667,-8.00816],[-76.53464,-8.01634],[-76.52005,-8.03136]]]}},{"type":"Feature","properties":{"ubigeo":"221004","nombre":"Shunte"},"geometry":{"type":"Polygon","coordinates":[[[-76.70019,-8.48466],[-76.71129,-8.49017],[-76.71659,-8.49923],[-76.72363,-8.50528],[-76.73246,-8.5079],[-76.7299,-8.51482],[-76.74099,-8.52465],[-76.75459,-8.51964],[-76.76842,-8.52681],[-76.77859,-8.52164],[-76.79137,-8.52236],[-76.79675,-8.51085],[-76.80445,-8.51057],[-76.81872,-8.51766],[-76.83158,-8.51666],[-76.84349,-8.52673],[-76.84727,-8.54648],[-76.85219,-8.55068],[-76.86171,-8.55201],[-76.8647,-8.56635],[-76.87489,-8.5582],[-76.89056,-8.55612],[-76.89708,-8.56875],[-76.90384,-8.56581],[-76.9163,-8.57016],[-76.93597,-8.56697],[-76.94238,-8.55684],[-76.94003,-8.55258],[-76.94889,-8.54567],[-76.95537,-8.54559],[-76.96702,-8.55959],[-76.9773,-8.5606],[-76.99578,-8.55495],[-77.0116,-8.53769],[-77.02438,-8.54303],[-77.03071,-8.54082],[-77.03737,-8.55334],[-77.0498,-8.55372],[-77.06,-8.54364],[-77.06065,-8.53855],[-77.07566,-8.5342],[-77.07588,-8.52665],[-77.08433,-8.52562],[-77.09165,-8.51698],[-77.08055,-8.49833],[-77.08083,-8.48818],[-77.08888,-8.48282],[-77.1009,-8.48823],[-77.10873,-8.47983],[-77.11771,-8.47898],[-77.12516,-8.48379],[-77.13993,-8.48046],[-77.14257,-8.47583],[-77.1335,-8.46239],[-77.13103,-8.44488],[-77.13384,-8.44002],[-77.12078,-8.44741],[-77.10392,-8.44404],[-77.10329,-8.43804],[-77.0932,-8.43447],[-77.09399,-8.42775],[-77.08548,-8.40622],[-77.07536,-8.40587],[-77.06988,-8.3975],[-77.06525,-8.3966],[-77.04372,-8.40454],[-77.0325,-8.40397],[-77.00247,-8.38305],[-76.99678,-8.38422],[-76.99268,-8.39538],[-76.98185,-8.39324],[-76.97648,-8.39594],[-76.9719,-8.39059],[-76.97455,-8.37893],[-76.96555,-8.36967],[-76.95006,-8.37502],[-76.9442,-8.36177],[-76.94022,-8.35912],[-76.927,-8.35926],[-76.92618,-8.35049],[-76.93185,-8.34348],[-76.91375,-8.32609],[-76.91247,-8.31271],[-76.907,-8.30443],[-76.91112,-8.29749],[-76.90547,-8.28602],[-76.90124,-8.28347],[-76.9033,-8.26809],[-76.89337,-8.26463],[-76.87811,-8.26991],[-76.86377,-8.25553],[-76.8579,-8.2564],[-76.84145,-8.26618],[-76.82204,-8.26698],[-76.80638,-8.25955],[-76.79818,-8.26094],[-76.77979,-8.2768],[-76.76587,-8.27221],[-76.75246,-8.27121],[-76.73891,-8.28269],[-76.70899,-8.28862],[-76.70111,-8.29251],[-76.69581,-8.31533],[-76.68058,-8.32911],[-76.67249,-8.33281],[-76.66878,-8.34757],[-76.67357,-8.36063],[-76.6718,-8.36398],[-76.69724,-8.36654],[-76.69593,-8.37598],[-76.69985,-8.38731],[-76.69503,-8.39796],[-76.68558,-8.40711],[-76.69386,-8.42835],[-76.69283,-8.44005],[-76.70399,-8.44468],[-76.70861,-8.45325],[-76.70806,-8.47273],[-76.70019,-8.48466]]]}},{"type":"Feature","properties":{"ubigeo":"221005","nombre":"Uchiza"},"geometry":{"type":"Polygon","coordinates":[[[-76.19468,-8.298],[-76.20199,-8.30513],[-76.20453,-8.31751],[-76.20884,-8.32582],[-76.20836,-8.33942],[-76.21502,-8.34653],[-76.23422,-8.35779],[-76.2497,-8.3698],[-76.2766,-8.37036],[-76.29694,-8.38254],[-76.32132,-8.38305],[-76.33501,-8.38864],[-76.34834,-8.40982],[-76.35043,-8.41668],[-76.34666,-8.42498],[-76.35704,-8.42441],[-76.36255,-8.41475],[-76.37127,-8.41092],[-76.37579,-8.42258],[-76.38962,-8.42633],[-76.40043,-8.43747],[-76.4168,-8.44344],[-76.42476,-8.45362],[-76.42627,-8.45964],[-76.43617,-8.47011],[-76.43953,-8.48371],[-76.44395,-8.48879],[-76.44434,-8.49821],[-76.44959,-8.51753],[-76.45733,-8.52802],[-76.45547,-8.53544],[-76.45885,-8.54508],[-76.46786,-8.55843],[-76.46617,-8.56974],[-76.49531,-8.57576],[-76.49909,-8.56394],[-76.49351,-8.55184],[-76.50513,-8.53555],[-76.51542,-8.53351],[-76.52934,-8.51938],[-76.5395,-8.5135],[-76.54781,-8.49764],[-76.56629,-8.50815],[-76.57393,-8.50685],[-76.58426,-8.51012],[-76.59265,-8.50841],[-76.60131,-8.51216],[-76.61399,-8.5106],[-76.63706,-8.51515],[-76.64147,-8.52289],[-76.65166,-8.52129],[-76.66632,-8.52601],[-76.67835,-8.52127],[-76.67976,-8.5275],[-76.69353,-8.53205],[-76.70729,-8.53018],[-76.71943,-8.51912],[-76.7299,-8.51482],[-76.73246,-8.5079],[-76.72363,-8.50528],[-76.71659,-8.49923],[-76.71129,-8.49017],[-76.70019,-8.48466],[-76.68687,-8.49118],[-76.67854,-8.48887],[-76.666,-8.4951],[-76.65574,-8.48271],[-76.64093,-8.47356],[-76.63887,-8.46094],[-76.62591,-8.45092],[-76.6093,-8.44822],[-76.59843,-8.45141],[-76.58584,-8.44932],[-76.57076,-8.46024],[-76.56951,-8.46614],[-76.56147,-8.47419],[-76.5549,-8.47562],[-76.54816,-8.47162],[-76.53264,-8.47631],[-76.51779,-8.47153],[-76.49452,-8.47893],[-76.47915,-8.47181],[-76.4773,-8.46313],[-76.47895,-8.44594],[-76.48493,-8.42764],[-76.47364,-8.39822],[-76.46286,-8.38597],[-76.45488,-8.37039],[-76.44437,-8.37048],[-76.44446,-8.38693],[-76.42629,-8.38726],[-76.42638,-8.3786],[-76.39172,-8.37825],[-76.37938,-8.382],[-76.37825,-8.37489],[-76.36462,-8.37519],[-76.35398,-8.36538],[-76.35455,-8.33338],[-76.37715,-8.32529],[-76.37394,-8.32006],[-76.38316,-8.3106],[-76.38626,-8.30037],[-76.38053,-8.28297],[-76.38082,-8.26422],[-76.3733,-8.25794],[-76.36835,-8.23729],[-76.35874,-8.21996],[-76.34855,-8.21168],[-76.33341,-8.20388],[-76.32592,-8.20278],[-76.31252,-8.20678],[-76.30374,-8.20684],[-76.29965,-8.21746],[-76.2945,-8.21804],[-76.28358,-8.21155],[-76.2721,-8.21209],[-76.25995,-8.20827],[-76.25384,-8.21485],[-76.23673,-8.21131],[-76.23035,-8.21549],[-76.22566,-8.2255],[-76.22695,-8.23938],[-76.21506,-8.24497],[-76.20263,-8.26462],[-76.19769,-8.28121],[-76.19468,-8.298]]]}},{"type":"Feature","properties":{"ubigeo":"221006","nombre":"Santa Lucia"},"geometry":{"type":"Polygon","coordinates":[[[-76.33341,-8.20388],[-76.34855,-8.21168],[-76.35874,-8.21996],[-76.36835,-8.23729],[-76.3733,-8.25794],[-76.38082,-8.26422],[-76.38053,-8.28297],[-76.38626,-8.30037],[-76.38316,-8.3106],[-76.37394,-8.32006],[-76.37715,-8.32529],[-76.35455,-8.33338],[-76.35398,-8.36538],[-76.36462,-8.37519],[-76.37825,-8.37489],[-76.37938,-8.382],[-76.39172,-8.37825],[-76.42638,-8.3786],[-76.42629,-8.38726],[-76.44446,-8.38693],[-76.44437,-8.37048],[-76.45488,-8.37039],[-76.47139,-8.37036],[-76.47135,-8.36684],[-76.49714,-8.36646],[-76.50042,-8.35998],[-76.50597,-8.35996],[-76.51265,-8.34845],[-76.51845,-8.34817],[-76.52292,-8.3555],[-76.52447,-8.36514],[-76.53618,-8.35855],[-76.55095,-8.3407],[-76.55199,-8.32982],[-76.5316,-8.3129],[-76.52707,-8.31409],[-76.51966,-8.30785],[-76.51945,-8.29805],[-76.49185,-8.26867],[-76.49084,-8.26173],[-76.49387,-8.24871],[-76.4834,-8.23901],[-76.48626,-8.22866],[-76.4812,-8.22366],[-76.47138,-8.23604],[-76.45503,-8.24044],[-76.45848,-8.24591],[-76.47085,-8.24335],[-76.47382,-8.25715],[-76.45967,-8.26049],[-76.45663,-8.26697],[-76.45743,-8.27998],[-76.44808,-8.27998],[-76.44736,-8.26232],[-76.43925,-8.25652],[-76.42736,-8.25724],[-76.41264,-8.24125],[-76.40622,-8.22226],[-76.39109,-8.21686],[-76.38547,-8.20334],[-76.37795,-8.19336],[-76.37847,-8.18532],[-76.35527,-8.1737],[-76.34968,-8.16106],[-76.34438,-8.15778],[-76.34553,-8.14254],[-76.33081,-8.153],[-76.32903,-8.16186],[-76.33622,-8.17549],[-76.33637,-8.1914],[-76.33341,-8.20388]]]}}]}