{"type":"FeatureCollection","features":[{"type":"Feature","properties":{"ubigeo":"01","nombre":"Amazonas"},"geometry":{"type":"Polygon","coordinates":[[[-77.7589,-6.9645],[-77.7793,-6.9415],[-77.8019,-6.9661],[-77.8334,-6.9568],[-77.8459,-6.9764],[-77.8803,-6.9625],[-77.9,-6.9807],[-77.9275,-6.9867],[-77.9836,-6.9631],[-77.9995,-6.9705],[-78.0009,-6.9383],[-78.0136,-6.9317],[-78.0007,-6.9123],[-78.0008,-6.8673],[-78.0311,-6.8467],[-78.0149,-6.8319],[-78.0204,-6.7919],[-78.0378,-6.744],[-78.0392,-6.7146],[-78.0568,-6.6757],[-78.0731,-6.6732],[-78.0802,-6.6553],[-78.1051,-6.6457],[-78.106,-6.6194],[-78.1207,-6.5973],[-78.1167,-6.578],[-78.1376,-6.5632],[-78.1358,-6.527],[-78.1522,-6.4998],[-78.173,-6.4942],[-78.19,-6.457],[-78.21,-6.458],[-78.2219,-6.4297],[-78.2515,-6.3964],[-78.2779,-6.389],[-78.3337,-6.351],[-78.3354,-6.3187],[-78.37,-6.2711],[-78.3701,-6.2391],[-78.4016,-6.226],[-78.419,-6.2057],[-78.4169,-6.1935],[-78.4382,-6.1657],[-78.4758,-6.1326],[-78.4773,-6.1148],[-78.4984,-6.1025],[-78.5159,-6.0721],[-78.5887,-6.0761],[-78.6086,-6.0543],[-78.6112,-6.0166],[-78.6584,-5.9583],[-78.6718,-5.9193],[-78.6959,-5.8885],[-78.6913,-5.872],[-78.6991,-5.8408],[-78.7123,-5.8287],[-78.686,-5.7444],[-78.6537,-5.7352],[-78.6518,-5.7219],[-78.6838,-5.7071],[-78.6792,-5.6907],[-78.6511,-5.6756],[-78.6376,-5.6443],[-78.6248,-5.6394],[-78.6048,-5.6072],[-78.5942,-5.5707],[-78.5807,-5.5485],[-78.5547,-5.5381],[-78.5501,-5.5187],[-78.5585,-5.4991],[-78.5421,-5.4704],[-78.5152,-5.4543],[-78.5184,-5.3993],[-78.5399,-5.3657],[-78.6045,-5.3099],[-78.6384,-5.3053],[-78.6544,-5.2743],[-78.6842,-5.2675],[-78.6841,-5.2398],[-78.703,-5.2077],[-78.7109,-5.1568],[-78.7006,-5.1041],[-78.6802,-5.0721],[-78.6577,-5.0674],[-78.6418,-5.0364],[-78.6514,-4.9786],[-78.6783,-4.9684],[-78.6451,-4.9075],[-78.6431,-4.8561],[-78.6319,-4.8364],[-78.6413,-4.7998],[-78.6208,-4.7685],[-78.6283,-4.7397],[-78.6447,-4.7365],[-78.6379,-4.658],[-78.6497,-4.6466],[-78.6638,-4.656],[-78.706,-4.6239],[-78.6956,-4.6075],[-78.6558,-4.5849],[-78.6627,-4.5369],[-78.6376,-4.5009],[-78.6338,-4.4629],[-78.6199,-4.4368],[-78.6009,-4.4288],[-78.604,-4.4117],[-78.6341,-4.4152],[-78.6386,-4.3799],[-78.6523,-4.3325],[-78.6382,-4.3027],[-78.6182,-4.2942],[-78.6017,-4.2562],[-78.6089,-4.2339],[-78.5983,-4.2079],[-78.5773,-4.1955],[-78.5744,-4.1707],[-78.5813,-4.1355],[-78.5683,-4.1023],[-78.5408,-4.0739],[-78.5375,-4.0606],[-78.5697,-4.0374],[-78.5661,-3.9933],[-78.5417,-3.9726],[-78.5245,-3.9373],[-78.4887,-3.9336],[-78.4755,-3.9061],[-78.4866,-3.8924],[-78.4765,-3.8587],[-78.462,-3.8436],[-78.4633,-3.8248],[-78.4356,-3.8185],[-78.4139,-3.7926],[-78.4158,-3.7674],[-78.4025,-3.7354],[-78.4218,-3.7233],[-78.4227,-3.6909],[-78.4014,-3.6903],[-78.3932,-3.6772],[-78.4008,-3.6513],[-78.3863,-3.6401],[-78.3999,-3.6081],[-78.3862,-3.5737],[-78.3912,-3.5601],[-78.3649,-3.5297],[-78.3552,-3.4936],[-78.3592,-3.4695],[-78.3414,-3.4271],[-78.3562,-3.4036],[-78.34,-3.3822],[-78.3164,-3.396],[-78.2691,-3.4047],[-78.2462,-3.4023],[-78.2432,-3.4398],[-78.2263,-3.491],[-78.2148,-3.5086],[-78.1492,-3.4808],[-78.1449,-3.4604],[-78.1549,-3.4116],[-78.1777,-3.4101],[-78.1958,-3.3629],[-78.1392,-3.3277],[-78.1395,-3.3166],[-78.1073,-3.2772],[-78.0907,-3.2343],[-78.0648,-3.2244],[-78.0354,-3.1891],[-78.0127,-3.1788],[-78.0091,-3.1581],[-77.9514,-3.0905],[-77.9408,-3.0655],[-77.8401,-3.0082],[-77.8446,-2.998],[-77.8086,-2.9861],[-77.8173,-3.0008],[-77.7931,-3.044],[-77.7877,-3.0748],[-77.7943,-3.0901],[-77.7785,-3.1872],[-77.7798,-3.2916],[-77.7753,-3.3241],[-77.7765,-3.4091],[-77.7605,-3.4598],[-77.7109,-3.5263],[-77.7165,-3.5423],[-77.6704,-3.5684],[-77.643,-3.6193],[-77.622,-3.6205],[-77.6169,-3.6343],[-77.6214,-3.6861],[-77.6156,-3.7077],[-77.6261,-3.735],[-77.6432,-3.7531],[-77.6516,-3.7818],[-77.6231,-3.8221],[-77.6092,-3.8252],[-77.5819,-3.8628],[-77.5617,-3.8776],[-77.569,-3.8931],[-77.5418,-3.9433],[-77.5381,-4.0287],[-77.5497,-4.1099],[-77.569,-4.1699],[-77.5676,-4.179],[-77.5856,-4.2513],[-77.5654,-4.3725],[-77.5683,-4.4209],[-77.5859,-4.475],[-77.6175,-4.4959],[-77.6406,-4.4965],[-77.6555,-4.5185],[-77.649,-4.5464],[-77.6597,-4.558],[-77.6592,-4.5814],[-77.6719,-4.6295],[-77.6945,-4.6587],[-77.716,-4.6651],[-77.7314,-4.6884],[-77.756,-4.7025],[-77.7831,-4.7329],[-77.7946,-4.763],[-77.7936,-4.85],[-77.7602,-4.9093],[-77.7669,-4.9212],[-77.7593,-4.9518],[-77.8246,-5.0318],[-77.8119,-5.0547],[-77.8223,-5.0818],[-77.7743,-5.0972],[-77.7398,-5.1366],[-77.7209,-5.1405],[-77.6951,-5.1671],[-77.7082,-5.1909],[-77.7396,-5.2126],[-77.7098,-5.2397],[-77.6931,-5.2677],[-77.6821,-5.3384],[-77.7028,-5.3807],[-77.696,-5.4111],[-77.7127,-5.4164],[-77.743,-5.4065],[-77.7685,-5.438],[-77.749,-5.4581],[-77.7706,-5.4782],[-77.7716,-5.4939],[-77.757,-5.5139],[-77.7658,-5.539],[-77.7369,-5.6051],[-77.7526,-5.6376],[-77.7544,-5.659],[-77.7737,-5.6852],[-77.7751,-5.7108],[-77.7594,-5.7298],[-77.7722,-5.7529],[-77.7607,-5.7692],[-77.7704,-5.7881],[-77.7639,-5.8197],[-77.7264,-5.844],[-77.6948,-5.8402],[-77.6779,-5.8596],[-77.6834,-5.8761],[-77.6661,-5.8939],[-77.6519,-5.9353],[-77.6736,-5.9703],[-77.6391,-6.0011],[-77.5935,-6.0093],[-77.5983,-6.0313],[-77.5651,-6.0292],[-77.5547,-6.0507],[-77.5338,-6.0634],[-77.5188,-6.0559],[-77.5098,-6.0325],[-77.4898,-6.0289],[-77.4736,-6.0001],[-77.4675,-6.0196],[-77.4345,-6.0604],[-77.4193,-6.0324],[-77.3955,-6.0394],[-77.3805,-6.08],[-77.3605,-6.0722],[-77.3464,-6.1143],[-77.2815,-6.1417],[-77.2538,-6.1385],[-77.223,-6.1469],[-77.2026,-6.182],[-77.2191,-6.1957],[-77.2,-6.2312],[-77.1691,-6.255],[-77.1327,-6.3024],[-77.1323,-6.3226],[-77.1494,-6.3589],[-77.1717,-6.3812],[-77.2082,-6.3752],[-77.2215,-6.3811],[-77.26,-6.3277],[-77.2867,-6.331],[-77.2825,-6.3733],[-77.2732,-6.4065],[-77.298,-6.4255],[-77.3046,-6.4513],[-77.3264,-6.468],[-77.3352,-6.5223],[-77.361,-6.5651],[-77.3839,-6.5734],[-77.3939,-6.6027],[-77.4379,-6.6025],[-77.4237,-6.6381],[-77.4077,-6.6463],[-77.405,-6.6631],[-77.3817,-6.6976],[-77.4001,-6.7085],[-77.4071,-6.7268],[-77.4187,-6.7081],[-77.4547,-6.6817],[-77.4894,-6.6756],[-77.5441,-6.677],[-77.5637,-6.6441],[-77.6123,-6.6123],[-77.6281,-6.6126],[-77.6509,-6.6296],[-77.6627,-6.6599],[-77.6941,-6.6784],[-77.7332,-6.648],[-77.7456,-6.6652],[-77.7395,-6.7111],[-77.7467,-6.7518],[-77.7372,-6.7603],[-77.7353,-6.7883],[-77.7647,-6.7984],[-77.7401,-6.8441],[-77.7233,-6.8935],[-77.7073,-6.9088],[-77.7399,-6.9355],[-77.7384,-6.9483],[-77.7589,-6.9645]]]}},{"type":"Feature","properties":{"ubigeo":"02","nombre":"Áncash"},"geometry":{"type":"Polygon","coordinates":[[[-76.9062,-10.2742],[-76.9381,-10.2797],[-76.9655,-10.3054],[-77.0067,-10.2842],[-77.0091,-10.3078],[-77.0247,-10.3275],[-77.0533,-10.3398],[-77.0716,-10.3381],[-77.111,-10.4033],[-77.1382,-10.4265],[-77.15,-10.4511],[-77.1746,-10.4646],[-77.1668,-10.5041],[-77.191,-10.5521],[-77.2141,-10.5544],[-77.2519,-10.5452],[-77.2694,-10.5602],[-77.2901,-10.5561],[-77.3106,-10.5677],[-77.3205,-10.5879],[-77.3485,-10.6078],[-77.3673,-10.6383],[-77.3801,-10.6394],[-77.3953,-10.6615],[-77.4038,-10.691],[-77.3863,-10.7055],[-77.4154,-10.73],[-77.4361,-10.7236],[-77.4711,-10.7419],[-77.495,-10.7461],[-77.5266,-10.7363],[-77.5912,-10.7864],[-77.5888,-10.7577],[-77.5757,-10.7169],[-77.5631,-10.7094],[-77.5745,-10.6943],[-77.5762,-10.6574],[-77.5892,-10.6456],[-77.5741,-10.6147],[-77.5767,-10.5837],[-77.596,-10.5854],[-77.6179,-10.6001],[-77.6195,-10.6142],[-77.6382,-10.6029],[-77.6453,-10.5829],[-77.6382,-10.563],[-77.6129,-10.5382],[-77.6163,-10.5247],[-77.6013,-10.5093],[-77.6247,-10.502],[-77.6702,-10.541],[-77.6878,-10.5373],[-77.7448,-10.5608],[-77.7379,-10.5208],[-77.7119,-10.5051],[-77.6839,-10.4314],[-77.6658,-10.4271],[-77.6453,-10.4087],[-77.6346,-10.4123],[-77.5976,-10.3804],[-77.6004,-10.36],[-77.6194,-10.3278],[-77.6317,-10.3222],[-77.6492,-10.3435],[-77.6924,-10.3209],[-77.7043,-10.3253],[-77.7525,-10.3219],[-77.757,-10.3442],[-77.7499,-10.4068],[-77.7639,-10.4377],[-77.7983,-10.4761],[-77.7724,-10.5125],[-77.7714,-10.5716],[-77.7911,-10.5838],[-77.8183,-10.5804],[-77.8322,-10.5674],[-77.8571,-10.5787],[-77.8863,-10.612],[-77.9085,-10.57],[-77.9082,-10.5443],[-77.9606,-10.4925],[-77.9632,-10.4714],[-77.9803,-10.4395],[-78.0148,-10.4096],[-78.0008,-10.3942],[-78.0145,-10.3707],[-78.0545,-10.346],[-78.0579,-10.3014],[-78.0871,-10.2771],[-78.0876,-10.2296],[-78.1023,-10.2002],[-78.1133,-10.1959],[-78.1636,-10.1472],[-78.173,-10.116],[-78.1848,-10.1095],[-78.1666,-10.0949],[-78.1811,-10.0342],[-78.1967,-10.0128],[-78.1931,-10.0014],[-78.2081,-9.9668],[-78.2312,-9.9525],[-78.2245,-9.9072],[-78.2426,-9.8736],[-78.23,-9.8297],[-78.226,-9.7955],[-78.2459,-9.7705],[-78.272,-9.7561],[-78.2959,-9.7192],[-78.2943,-9.7054],[-78.3226,-9.6748],[-78.3218,-9.6617],[-78.3443,-9.6329],[-78.3633,-9.6251],[-78.3698,-9.5871],[-78.3664,-9.5611],[-78.3877,-9.5354],[-78.399,-9.4649],[-78.3809,-9.4557],[-78.396,-9.4278],[-78.4073,-9.4358],[-78.4247,-9.4177],[-78.433,-9.3886],[-78.4254,-9.3413],[-78.4387,-9.3406],[-78.4584,-9.3178],[-78.4818,-9.3327],[-78.4994,-9.2862],[-78.5234,-9.2776],[-78.4918,-9.2509],[-78.4868,-9.2033],[-78.5083,-9.1804],[-78.5518,-9.1765],[-78.5662,-9.1943],[-78.5539,-9.2351],[-78.5762,-9.2138],[-78.5769,-9.1967],[-78.5941,-9.1928],[-78.6078,-9.1605],[-78.5722,-9.1716],[-78.5584,-9.1455],[-78.5621,-9.1174],[-78.5888,-9.0796],[-78.6333,-9.0668],[-78.6346,-9.0289],[-78.6221,-9.0183],[-78.6581,-8.9937],[-78.6449,-8.9692],[-78.6297,-8.9709],[-78.5917,-8.946],[-78.5765,-8.889],[-78.5883,-8.8587],[-78.5653,-8.7926],[-78.5516,-8.775],[-78.5181,-8.753],[-78.4848,-8.7505],[-78.4482,-8.7369],[-78.4101,-8.7082],[-78.3792,-8.6966],[-78.3548,-8.6733],[-78.3109,-8.6672],[-78.2948,-8.6588],[-78.2461,-8.6584],[-78.2071,-8.6327],[-78.1936,-8.5997],[-78.2019,-8.5739],[-78.2169,-8.558],[-78.2026,-8.5261],[-78.1737,-8.5035],[-78.1395,-8.4278],[-78.1375,-8.3687],[-78.1225,-8.3601],[-78.1085,-8.3359],[-78.1206,-8.3187],[-78.082,-8.2811],[-78.0665,-8.2776],[-78.0186,-8.2243],[-77.9574,-8.2083],[-77.9341,-8.1942],[-77.9266,-8.1571],[-77.8969,-8.0632],[-77.8656,-8.0571],[-77.8522,-8.0748],[-77.8104,-8.0677],[-77.7858,-8.0792],[-77.7434,-8.0702],[-77.7184,-8.0735],[-77.6472,-8.0503],[-77.6427,-8.0672],[-77.6188,-8.0798],[-77.6365,-8.1062],[-77.6159,-8.1315],[-77.6034,-8.1348],[-77.6032,-8.1572],[-77.5754,-8.1682],[-77.5573,-8.1937],[-77.5708,-8.2073],[-77.5753,-8.2301],[-77.5278,-8.2472],[-77.5286,-8.2657],[-77.4914,-8.2826],[-77.478,-8.3265],[-77.4589,-8.3357],[-77.4594,-8.3549],[-77.447,-8.3694],[-77.4384,-8.4223],[-77.4055,-8.4415],[-77.4003,-8.482],[-77.3691,-8.4999],[-77.3371,-8.5315],[-77.3175,-8.5302],[-77.305,-8.5654],[-77.289,-8.5893],[-77.2948,-8.6329],[-77.2606,-8.6485],[-77.2616,-8.6645],[-77.2463,-8.7023],[-77.2482,-8.7273],[-77.2275,-8.7428],[-77.222,-8.7731],[-77.206,-8.7823],[-77.1957,-8.815],[-77.1742,-8.8363],[-77.1725,-8.8766],[-77.1552,-8.9004],[-77.1479,-8.8955],[-77.1296,-8.9199],[-77.1235,-8.9448],[-77.1061,-8.9489],[-77.1098,-8.9702],[-77.0932,-8.9717],[-77.0614,-8.9924],[-77.0372,-8.9993],[-77.0341,-9.012],[-77.0028,-9.0326],[-76.9802,-9.063],[-76.9454,-9.0748],[-76.9176,-9.0756],[-76.8985,-9.0985],[-76.8694,-9.1144],[-76.8515,-9.1143],[-76.79,-9.1359],[-76.7689,-9.157],[-76.7671,-9.1704],[-76.7416,-9.1961],[-76.726,-9.2562],[-76.7455,-9.2967],[-76.7392,-9.3173],[-76.7579,-9.3622],[-76.7656,-9.3673],[-76.7829,-9.3429],[-76.8155,-9.3265],[-76.8423,-9.2617],[-76.8662,-9.3053],[-76.8929,-9.332],[-76.9001,-9.3571],[-76.9179,-9.3695],[-76.9352,-9.3985],[-76.9292,-9.4261],[-76.9523,-9.4697],[-76.9386,-9.4917],[-76.938,-9.5266],[-76.9551,-9.5427],[-76.9551,-9.5603],[-76.9815,-9.5654],[-76.9953,-9.6034],[-77.0237,-9.6107],[-77.0457,-9.6292],[-77.0485,-9.6475],[-77.0223,-9.7022],[-76.9865,-9.7491],[-76.9698,-9.7583],[-76.981,-9.7246],[-76.9704,-9.7115],[-76.9414,-9.7059],[-76.9346,-9.7289],[-76.9174,-9.7437],[-76.8952,-9.8156],[-76.8808,-9.833],[-76.8404,-9.9177],[-76.8137,-9.9616],[-76.8256,-9.9893],[-76.8152,-10.0225],[-76.8072,-10.0844],[-76.838,-10.0851],[-76.8536,-10.1018],[-76.8727,-10.0949],[-76.8799,-10.1166],[-76.9155,-10.1199],[-76.9085,-10.1768],[-76.9162,-10.2175],[-76.9049,-10.2374],[-76.9062,-10.2742]]]}},{"type":"Feature","properties":{"ubigeo":"03","nombre":"Apurímac"},"geometry":{"type":"Polygon","coordinates":[[[-72.4718,-14.6614],[-72.5254,-14.6671],[-72.5772,-14.6866],[-72.5919,-14.7136],[-72.611,-14.6761],[-72.6448,-14.6673],[-72.679,-14.6788],[-72.7247,-14.6759],[-72.7258,-14.644],[-72.7416,-14.6449],[-72.7616,-14.6629],[-72.7897,-14.6502],[-72.8286,-14.7026],[-72.8334,-14.7363],[-72.8468,-14.7598],[-72.8656,-14.7107],[-72.9118,-14.6968],[-72.9188,-14.6852],[-72.9337,-14.6955],[-72.9553,-14.6827],[-72.9738,-14.6526],[-72.9985,-14.6625],[-73.0094,-14.6374],[-73.0433,-14.6237],[-73.0402,-14.6515],[-73.0649,-14.6656],[-73.0965,-14.6504],[-73.1101,-14.6699],[-73.1065,-14.6907],[-73.1532,-14.6743],[-73.1781,-14.6854],[-73.1904,-14.7058],[-73.2183,-14.7016],[-73.2276,-14.7097],[-73.2636,-14.7098],[-73.28,-14.7316],[-73.3508,-14.704],[-73.3583,-14.6834],[-73.3904,-14.7161],[-73.4045,-14.7655],[-73.4371,-14.7842],[-73.4541,-14.8058],[-73.4656,-14.8403],[-73.485,-14.8426],[-73.5129,-14.8264],[-73.5342,-14.7988],[-73.5496,-14.8014],[-73.5653,-14.7758],[-73.5651,-14.7337],[-73.5767,-14.7117],[-73.5621,-14.6801],[-73.5197,-14.6699],[-73.5101,-14.6501],[-73.5334,-14.581],[-73.5117,-14.5637],[-73.507,-14.5443],[-73.5208,-14.5335],[-73.5351,-14.4915],[-73.5546,-14.4807],[-73.5514,-14.465],[-73.569,-14.4593],[-73.5818,-14.4164],[-73.5596,-14.4099],[-73.5535,-14.3775],[-73.5338,-14.3543],[-73.528,-14.3226],[-73.5172,-14.3094],[-73.5122,-14.2682],[-73.5234,-14.2283],[-73.5441,-14.2087],[-73.5773,-14.1472],[-73.5866,-14.1103],[-73.6095,-14.085],[-73.6258,-14.049],[-73.6183,-14.0261],[-73.6311,-13.9871],[-73.6565,-13.9299],[-73.6792,-13.9163],[-73.6949,-13.8831],[-73.6978,-13.8474],[-73.7287,-13.8161],[-73.7479,-13.7634],[-73.7344,-13.7541],[-73.6929,-13.7494],[-73.6695,-13.7382],[-73.7135,-13.6912],[-73.7271,-13.6843],[-73.7436,-13.6556],[-73.7919,-13.641],[-73.8058,-13.6127],[-73.7958,-13.6043],[-73.8142,-13.5092],[-73.8386,-13.4542],[-73.8274,-13.4337],[-73.847,-13.3974],[-73.8389,-13.3868],[-73.8207,-13.3181],[-73.8068,-13.3148],[-73.8228,-13.2851],[-73.8232,-13.2473],[-73.8128,-13.2422],[-73.8074,-13.2139],[-73.7564,-13.1707],[-73.7304,-13.1837],[-73.74,-13.2118],[-73.728,-13.2678],[-73.7066,-13.2693],[-73.6419,-13.2995],[-73.6247,-13.3214],[-73.5718,-13.3418],[-73.5702,-13.3633],[-73.5443,-13.3639],[-73.5207,-13.3877],[-73.4985,-13.3929],[-73.4809,-13.4314],[-73.4361,-13.43],[-73.4033,-13.4448],[-73.3472,-13.4348],[-73.3318,-13.4564],[-73.3132,-13.4472],[-73.2822,-13.4549],[-73.2339,-13.4766],[-73.2119,-13.4191],[-73.1863,-13.4191],[-73.1861,-13.4411],[-73.1675,-13.4523],[-73.1441,-13.4191],[-73.1261,-13.44],[-73.1089,-13.4357],[-73.1034,-13.4486],[-73.0588,-13.4366],[-73.0441,-13.412],[-73.0151,-13.4267],[-72.9765,-13.3882],[-72.926,-13.3831],[-72.8941,-13.3901],[-72.8863,-13.4159],[-72.8383,-13.4271],[-72.7934,-13.4261],[-72.797,-13.4512],[-72.7749,-13.4495],[-72.7454,-13.4829],[-72.7163,-13.4904],[-72.7092,-13.5012],[-72.6721,-13.5221],[-72.6568,-13.5134],[-72.6369,-13.5421],[-72.6258,-13.5356],[-72.6021,-13.5442],[-72.5934,-13.5622],[-72.563,-13.5514],[-72.4918,-13.5826],[-72.4864,-13.5919],[-72.4596,-13.5905],[-72.4214,-13.6061],[-72.4,-13.6333],[-72.4018,-13.6595],[-72.3694,-13.6657],[-72.3565,-13.6803],[-72.2992,-13.7044],[-72.2903,-13.6901],[-72.2614,-13.6822],[-72.2309,-13.7053],[-72.2319,-13.7217],[-72.2064,-13.7281],[-72.1867,-13.7459],[-72.1664,-13.7474],[-72.1476,-13.7792],[-72.1353,-13.7831],[-72.1056,-13.8512],[-72.0778,-13.9067],[-72.0557,-13.9301],[-72.0601,-13.9657],[-72.0517,-14.0124],[-72.0679,-14.0765],[-72.0577,-14.1072],[-72.0615,-14.1418],[-72.0952,-14.1737],[-72.0765,-14.2074],[-72.1363,-14.2598],[-72.17,-14.2738],[-72.1703,-14.2912],[-72.1871,-14.3132],[-72.2056,-14.3203],[-72.2245,-14.3491],[-72.2395,-14.3485],[-72.2495,-14.4029],[-72.2957,-14.4119],[-72.289,-14.4225],[-72.3172,-14.4407],[-72.3388,-14.4283],[-72.3576,-14.436],[-72.3639,-14.4598],[-72.3931,-14.4818],[-72.4405,-14.4817],[-72.4427,-14.4946],[-72.4916,-14.5335],[-72.5029,-14.5517],[-72.4617,-14.6059],[-72.4638,-14.6425],[-72.4718,-14.6614]]]}},{"type":"Feature","properties":{"ubigeo":"04","nombre":"Arequipa"},"geometry":{"type":"Polygon","coordinates":[[[-70.8202,-15.9785],[-70.8286,-15.9992],[-70.8166,-16.0028],[-70.8201,-16.0316],[-70.8045,-16.0551],[-70.8567,-16.0563],[-70.8751,-16.0946],[-70.8938,-16.1028],[-70.8671,-16.1285],[-70.8678,-16.1539],[-70.8786,-16.1666],[-70.8611,-16.1747],[-70.8539,-16.2025],[-70.8658,-16.2263],[-70.8539,-16.2415],[-70.8861,-16.2853],[-70.9034,-16.2776],[-70.9391,-16.2989],[-70.9463,-16.3138],[-70.9863,-16.3099],[-70.9756,-16.3622],[-70.9754,-16.3889],[-70.9648,-16.3976],[-70.9752,-16.4122],[-70.9648,-16.4463],[-70.9529,-16.461],[-70.9672,-16.4811],[-71.0115,-16.4983],[-71.0373,-16.4857],[-71.0481,-16.4551],[-71.1102,-16.4658],[-71.1239,-16.461],[-71.1395,-16.475],[-71.197,-16.4717],[-71.2191,-16.4606],[-71.2456,-16.4669],[-71.2493,-16.4824],[-71.2371,-16.5021],[-71.2448,-16.5502],[-71.2628,-16.5849],[-71.2615,-16.6067],[-71.2792,-16.6158],[-71.2839,-16.6822],[-71.296,-16.7074],[-71.2891,-16.7265],[-71.3276,-16.7523],[-71.347,-16.7422],[-71.3533,-16.725],[-71.3694,-16.7197],[-71.4255,-16.7406],[-71.4294,-16.7747],[-71.4437,-16.8047],[-71.4409,-16.8613],[-71.4221,-16.8964],[-71.4242,-16.9198],[-71.456,-16.9342],[-71.4595,-16.9608],[-71.4058,-16.9558],[-71.3846,-17.0211],[-71.3649,-17.0145],[-71.3394,-17.0218],[-71.319,-17.0442],[-71.3258,-17.0564],[-71.3022,-17.0939],[-71.327,-17.1365],[-71.3514,-17.1474],[-71.3809,-17.1857],[-71.4109,-17.2126],[-71.441,-17.2517],[-71.4669,-17.2555],[-71.4908,-17.285],[-71.5341,-17.2555],[-71.5699,-17.2544],[-71.6904,-17.212],[-71.7761,-17.1947],[-71.8122,-17.1843],[-71.8577,-17.1589],[-71.8899,-17.128],[-71.9226,-17.0875],[-71.9471,-17.0685],[-72.0344,-17.0176],[-72.0736,-17.0224],[-72.0879,-17.0127],[-72.1119,-17.0159],[-72.1039,-16.9974],[-72.1196,-16.9697],[-72.1489,-16.962],[-72.1659,-16.9386],[-72.1957,-16.9268],[-72.2115,-16.9024],[-72.2325,-16.9006],[-72.2505,-16.8849],[-72.2883,-16.8753],[-72.2954,-16.8274],[-72.3258,-16.8031],[-72.3306,-16.7899],[-72.3648,-16.7606],[-72.3989,-16.7523],[-72.4243,-16.7235],[-72.4565,-16.6995],[-72.5432,-16.6781],[-72.6257,-16.662],[-72.709,-16.6527],[-72.7719,-16.6288],[-72.8453,-16.5672],[-72.9163,-16.5204],[-72.943,-16.5155],[-72.9868,-16.5174],[-73.0041,-16.507],[-73.053,-16.4978],[-73.0533,-16.4894],[-73.1102,-16.4519],[-73.1489,-16.4386],[-73.1592,-16.4199],[-73.1873,-16.4158],[-73.2152,-16.4002],[-73.225,-16.4128],[-73.2604,-16.4093],[-73.2722,-16.3982],[-73.2881,-16.4047],[-73.3048,-16.3797],[-73.3026,-16.3494],[-73.3317,-16.3292],[-73.391,-16.3091],[-73.4513,-16.2813],[-73.482,-16.2837],[-73.5593,-16.2445],[-73.5674,-16.2495],[-73.6199,-16.2301],[-73.6395,-16.2328],[-73.6762,-16.2236],[-73.6965,-16.2312],[-73.7279,-16.1952],[-73.7717,-16.175],[-73.8008,-16.1687],[-73.8694,-16.1355],[-73.8894,-16.1094],[-73.9536,-16.074],[-73.9594,-16.0606],[-73.9899,-16.039],[-74.0183,-16.0364],[-74.0331,-16.0181],[-74.0248,-15.9944],[-74.0545,-15.9545],[-74.1753,-15.8969],[-74.2065,-15.8908],[-74.2505,-15.8689],[-74.2527,-15.8542],[-74.2855,-15.8371],[-74.3279,-15.8487],[-74.3632,-15.832],[-74.3933,-15.8293],[-74.4393,-15.7946],[-74.4627,-15.7554],[-74.4628,-15.7265],[-74.5024,-15.7068],[-74.5538,-15.6933],[-74.6613,-15.6528],[-74.7497,-15.6004],[-74.8307,-15.5672],[-74.8685,-15.5357],[-74.91,-15.5121],[-74.9672,-15.4905],[-74.9854,-15.4699],[-75.0068,-15.46],[-75.0321,-15.461],[-75.0733,-15.4429],[-75.0497,-15.4345],[-75.0185,-15.3824],[-75.0166,-15.3511],[-75.0039,-15.3302],[-74.9682,-15.2994],[-74.9636,-15.2539],[-74.9459,-15.2315],[-74.9399,-15.206],[-74.9172,-15.1818],[-74.8706,-15.1512],[-74.8552,-15.1538],[-74.8159,-15.1395],[-74.7623,-15.0981],[-74.7186,-15.1357],[-74.68,-15.1326],[-74.652,-15.1391],[-74.6282,-15.1245],[-74.606,-15.1485],[-74.5525,-15.1399],[-74.5127,-15.1488],[-74.5034,-15.1617],[-74.4514,-15.176],[-74.4183,-15.169],[-74.3987,-15.1815],[-74.3899,-15.2071],[-74.3994,-15.2174],[-74.3879,-15.2518],[-74.3982,-15.2781],[-74.4148,-15.2954],[-74.4095,-15.3085],[-74.3778,-15.3319],[-74.3458,-15.3363],[-74.3336,-15.3533],[-74.3097,-15.3589],[-74.3284,-15.391],[-74.3168,-15.4422],[-74.3023,-15.4515],[-74.3112,-15.4627],[-74.3001,-15.4784],[-74.2659,-15.4747],[-74.233,-15.4862],[-74.1937,-15.4917],[-74.1665,-15.484],[-74.1538,-15.4555],[-74.1513,-15.4288],[-74.1155,-15.4119],[-74.0945,-15.392],[-74.0654,-15.4022],[-74.0373,-15.4561],[-74.0451,-15.4928],[-74.0752,-15.5034],[-74.0673,-15.5393],[-74.0849,-15.5915],[-74.0847,-15.6189],[-74.0686,-15.6299],[-74.0194,-15.5992],[-74.0103,-15.5594],[-73.9611,-15.5239],[-73.946,-15.4904],[-73.9125,-15.4563],[-73.8766,-15.4392],[-73.8683,-15.4261],[-73.8749,-15.3551],[-73.8836,-15.3383],[-73.8661,-15.3247],[-73.808,-15.3243],[-73.7765,-15.3403],[-73.7589,-15.3853],[-73.6844,-15.4375],[-73.6516,-15.4163],[-73.6129,-15.4192],[-73.5929,-15.4036],[-73.5574,-15.4086],[-73.5296,-15.3921],[-73.4781,-15.3796],[-73.4429,-15.3561],[-73.4281,-15.3614],[-73.3922,-15.3987],[-73.3673,-15.3876],[-73.3363,-15.4051],[-73.2945,-15.3923],[-73.2784,-15.395],[-73.2936,-15.36],[-73.2777,-15.3182],[-73.2849,-15.2949],[-73.2459,-15.2861],[-73.2216,-15.298],[-73.2066,-15.294],[-73.1745,-15.3066],[-73.153,-15.2831],[-73.1507,-15.2613],[-73.1168,-15.2229],[-73.1107,-15.1861],[-73.0994,-15.1809],[-73.0476,-15.1343],[-73.0228,-15.1319],[-73.0245,-15.0918],[-73.0044,-15.0579],[-73.0053,-15.0093],[-72.983,-14.9837],[-72.9867,-14.9561],[-73.0315,-14.9001],[-73.0048,-14.8417],[-73.0028,-14.815],[-72.9631,-14.7932],[-72.9427,-14.7654],[-72.9206,-14.7579],[-72.9106,-14.7695],[-72.8823,-14.7714],[-72.8468,-14.7598],[-72.8334,-14.7363],[-72.8286,-14.7026],[-72.7897,-14.6502],[-72.7616,-14.6629],[-72.7416,-14.6449],[-72.7258,-14.644],[-72.7247,-14.6759],[-72.679,-14.6788],[-72.6448,-14.6673],[-72.611,-14.6761],[-72.5919,-14.7136],[-72.5772,-14.6866],[-72.5254,-14.6671],[-72.4718,-14.6614],[-72.4603,-14.6762],[-72.4719,-14.7058],[-72.4861,-14.7125],[-72.487,-14.7406],[-72.4686,-14.764],[-72.4692,-14.787],[-72.4354,-14.7899],[-72.4186,-14.8202],[-72.3154,-14.8339],[-72.2919,-14.8184],[-72.2523,-14.8037],[-72.2391,-14.8122],[-72.2028,-14.7979],[-72.1906,-14.7788],[-72.1447,-14.7777],[-72.1317,-14.7894],[-72.1381,-14.8133],[-72.1287,-14.8306],[-72.0902,-14.8568],[-72.0769,-14.8835],[-72.0464,-14.8871],[-72.0404,-14.8397],[-72.0253,-14.8235],[-72.0405,-14.8098],[-72.0345,-14.7929],[-72.0478,-14.7388],[-72.0419,-14.6944],[-72.0147,-14.6484],[-71.9879,-14.6329],[-71.9762,-14.6541],[-71.9412,-14.6853],[-71.9585,-14.7331],[-71.9306,-14.7611],[-71.929,-14.785],[-71.9005,-14.7881],[-71.8767,-14.8004],[-71.8726,-14.824],[-71.8547,-14.8577],[-71.8634,-14.8734],[-71.8521,-14.8881],[-71.8289,-14.888],[-71.8276,-14.9061],[-71.7976,-14.896],[-71.7662,-14.928],[-71.746,-14.9399],[-71.7702,-14.9845],[-71.7675,-15.0105],[-71.8114,-15.0236],[-71.8493,-15.0451],[-71.8376,-15.0748],[-71.8155,-15.0782],[-71.803,-15.0674],[-71.7725,-15.0824],[-71.7411,-15.0799],[-71.7156,-15.0882],[-71.668,-15.0919],[-71.6637,-15.1086],[-71.636,-15.1391],[-71.6176,-15.1461],[-71.5891,-15.1289],[-71.5838,-15.096],[-71.5706,-15.0612],[-71.5117,-15.0794],[-71.4859,-15.0591],[-71.4846,-15.0393],[-71.5037,-15.0273],[-71.5102,-15.0046],[-71.507,-14.9763],[-71.465,-14.9841],[-71.4483,-14.9794],[-71.4267,-15.0021],[-71.4174,-15.0337],[-71.3969,-15.0452],[-71.3727,-15.0791],[-71.3292,-15.1004],[-71.3156,-15.1202],[-71.2602,-15.0769],[-71.2669,-15.0659],[-71.2419,-15.0578],[-71.2273,-15.0695],[-71.2154,-15.0489],[-71.1954,-15.0902],[-71.1633,-15.0997],[-71.1436,-15.1206],[-71.1581,-15.1473],[-71.1845,-15.1702],[-71.1603,-15.2078],[-71.2018,-15.2454],[-71.2007,-15.2619],[-71.1654,-15.2889],[-71.1662,-15.3209],[-71.1503,-15.3625],[-71.1658,-15.374],[-71.1743,-15.4245],[-71.1533,-15.4398],[-71.1193,-15.4276],[-71.1018,-15.4548],[-71.0717,-15.4493],[-71.0755,-15.4383],[-71.0441,-15.4181],[-71.039,-15.4052],[-71.0271,-15.432],[-70.994,-15.4548],[-70.9945,-15.4699],[-71.0152,-15.4892],[-71.008,-15.5192],[-71.018,-15.5278],[-71.0073,-15.5629],[-70.983,-15.597],[-70.924,-15.633],[-70.918,-15.6438],[-70.9176,-15.6874],[-70.9001,-15.7121],[-70.9039,-15.7353],[-70.9233,-15.747],[-70.9423,-15.7746],[-70.9198,-15.8],[-70.8904,-15.8528],[-70.8938,-15.8869],[-70.8658,-15.8894],[-70.8322,-15.9491],[-70.8419,-15.971],[-70.8202,-15.9785]],[[-71.1364,-16.3423],[-71.1439,-16.3518],[-71.1974,-16.3569],[-71.2024,-16.3729],[-71.1914,-16.3864],[-71.1716,-16.3769],[-71.1372,-16.3991],[-71.1032,-16.4087],[-71.0873,-16.4022],[-71.0964,-16.3508],[-71.1209,-16.3278],[-71.1461,-16.3244],[-71.1364,-16.3423]]]}},{"type":"Feature","properties":{"ubigeo":"05","nombre":"Ayacucho"},"geometry":{"type":"Polygon","coordinates":[[[-73.9723,-12.2946],[-73.9701,-12.3478],[-73.9457,-12.3524],[-73.9409,-12.3656],[-73.8868,-12.4054],[-73.8686,-12.464],[-73.8547,-12.4875],[-73.8554,-12.5299],[-73.8458,-12.5391],[-73.8268,-12.5312],[-73.8045,-12.5776],[-73.8012,-12.613],[-73.7646,-12.6478],[-73.7434,-12.6515],[-73.7256,-12.6366],[-73.7175,-12.6585],[-73.6983,-12.6721],[-73.6558,-12.725],[-73.6606,-12.7326],[-73.6257,-12.765],[-73.6262,-12.7887],[-73.6155,-12.808],[-73.59,-12.8242],[-73.5908,-12.8443],[-73.5237,-12.8995],[-73.5335,-12.9244],[-73.5223,-12.9389],[-73.501,-12.9305],[-73.508,-12.9719],[-73.53,-12.9853],[-73.517,-13.0071],[-73.4773,-13.0006],[-73.4809,-13.0389],[-73.4908,-13.0437],[-73.4654,-13.0673],[-73.4445,-13.1021],[-73.4537,-13.1227],[-73.4318,-13.1394],[-73.4219,-13.1324],[-73.4027,-13.1807],[-73.4144,-13.1946],[-73.4098,-13.2113],[-73.3823,-13.2249],[-73.3643,-13.2694],[-73.3462,-13.2784],[-73.3407,-13.3119],[-73.3297,-13.3086],[-73.3114,-13.3259],[-73.2874,-13.3719],[-73.2599,-13.3845],[-73.2361,-13.4111],[-73.2119,-13.4191],[-73.2339,-13.4766],[-73.2822,-13.4549],[-73.3132,-13.4472],[-73.3318,-13.4564],[-73.3472,-13.4348],[-73.4033,-13.4448],[-73.4361,-13.43],[-73.4809,-13.4314],[-73.4985,-13.3929],[-73.5207,-13.3877],[-73.5443,-13.3639],[-73.5702,-13.3633],[-73.5718,-13.3418],[-73.6247,-13.3214],[-73.6419,-13.2995],[-73.7066,-13.2693],[-73.728,-13.2678],[-73.74,-13.2118],[-73.7304,-13.1837],[-73.7564,-13.1707],[-73.8074,-13.2139],[-73.8128,-13.2422],[-73.8232,-13.2473],[-73.8228,-13.2851],[-73.8068,-13.3148],[-73.8207,-13.3181],[-73.8389,-13.3868],[-73.847,-13.3974],[-73.8274,-13.4337],[-73.8386,-13.4542],[-73.8142,-13.5092],[-73.7958,-13.6043],[-73.8058,-13.6127],[-73.7919,-13.641],[-73.7436,-13.6556],[-73.7271,-13.6843],[-73.7135,-13.6912],[-73.6695,-13.7382],[-73.6929,-13.7494],[-73.7344,-13.7541],[-73.7479,-13.7634],[-73.7287,-13.8161],[-73.6978,-13.8474],[-73.6949,-13.8831],[-73.6792,-13.9163],[-73.6565,-13.9299],[-73.6311,-13.9871],[-73.6183,-14.0261],[-73.6258,-14.049],[-73.6095,-14.085],[-73.5866,-14.1103],[-73.5773,-14.1472],[-73.5441,-14.2087],[-73.5234,-14.2283],[-73.5122,-14.2682],[-73.5172,-14.3094],[-73.528,-14.3226],[-73.5338,-14.3543],[-73.5535,-14.3775],[-73.5596,-14.4099],[-73.5818,-14.4164],[-73.569,-14.4593],[-73.5514,-14.465],[-73.5546,-14.4807],[-73.5351,-14.4915],[-73.5208,-14.5335],[-73.507,-14.5443],[-73.5117,-14.5637],[-73.5334,-14.581],[-73.5101,-14.6501],[-73.5197,-14.6699],[-73.5621,-14.6801],[-73.5767,-14.7117],[-73.5651,-14.7337],[-73.5653,-14.7758],[-73.5496,-14.8014],[-73.5342,-14.7988],[-73.5129,-14.8264],[-73.485,-14.8426],[-73.4656,-14.8403],[-73.4541,-14.8058],[-73.4371,-14.7842],[-73.4045,-14.7655],[-73.3904,-14.7161],[-73.3583,-14.6834],[-73.3508,-14.704],[-73.28,-14.7316],[-73.2636,-14.7098],[-73.2276,-14.7097],[-73.2183,-14.7016],[-73.1904,-14.7058],[-73.1781,-14.6854],[-73.1532,-14.6743],[-73.1065,-14.6907],[-73.1101,-14.6699],[-73.0965,-14.6504],[-73.0649,-14.6656],[-73.0402,-14.6515],[-73.0433,-14.6237],[-73.0094,-14.6374],[-72.9985,-14.6625],[-72.9738,-14.6526],[-72.9553,-14.6827],[-72.9337,-14.6955],[-72.9188,-14.6852],[-72.9118,-14.6968],[-72.8656,-14.7107],[-72.8468,-14.7598],[-72.8823,-14.7714],[-72.9106,-14.7695],[-72.9206,-14.7579],[-72.9427,-14.7654],[-72.9631,-14.7932],[-73.0028,-14.815],[-73.0048,-14.8417],[-73.0315,-14.9001],[-72.9867,-14.9561],[-72.983,-14.9837],[-73.0053,-15.0093],[-73.0044,-15.0579],[-73.0245,-15.0918],[-73.0228,-15.1319],[-73.0476,-15.1343],[-73.0994,-15.1809],[-73.1107,-15.1861],[-73.1168,-15.2229],[-73.1507,-15.2613],[-73.153,-15.2831],[-73.1745,-15.3066],[-73.2066,-15.294],[-73.2216,-15.298],[-73.2459,-15.2861],[-73.2849,-15.2949],[-73.2777,-15.3182],[-73.2936,-15.36],[-73.2784,-15.395],[-73.2945,-15.3923],[-73.3363,-15.4051],[-73.3673,-15.3876],[-73.3922,-15.3987],[-73.4281,-15.3614],[-73.4429,-15.3561],[-73.4781,-15.3796],[-73.5296,-15.3921],[-73.5574,-15.4086],[-73.5929,-15.4036],[-73.6129,-15.4192],[-73.6516,-15.4163],[-73.6844,-15.4375],[-73.7589,-15.3853],[-73.7765,-15.3403],[-73.808,-15.3243],[-73.8661,-15.3247],[-73.8836,-15.3383],[-73.8749,-15.3551],[-73.8683,-15.4261],[-73.8766,-15.4392],[-73.9125,-15.4563],[-73.946,-15.4904],[-73.9611,-15.5239],[-74.0103,-15.5594],[-74.0194,-15.5992],[-74.0686,-15.6299],[-74.0847,-15.6189],[-74.0849,-15.5915],[-74.0673,-15.5393],[-74.0752,-15.5034],[-74.0451,-15.4928],[-74.0373,-15.4561],[-74.0654,-15.4022],[-74.0945,-15.392],[-74.1155,-15.4119],[-74.1513,-15.4288],[-74.1538,-15.4555],[-74.1665,-15.484],[-74.1937,-15.4917],[-74.233,-15.4862],[-74.2659,-15.4747],[-74.3001,-15.4784],[-74.3112,-15.4627],[-74.3023,-15.4515],[-74.3168,-15.4422],[-74.3284,-15.391],[-74.3097,-15.3589],[-74.3336,-15.3533],[-74.3458,-15.3363],[-74.3778,-15.3319],[-74.4095,-15.3085],[-74.4148,-15.2954],[-74.3982,-15.2781],[-74.3879,-15.2518],[-74.3994,-15.2174],[-74.3899,-15.2071],[-74.3987,-15.1815],[-74.4183,-15.169],[-74.4514,-15.176],[-74.5034,-15.1617],[-74.5127,-15.1488],[-74.5525,-15.1399],[-74.606,-15.1485],[-74.6282,-15.1245],[-74.652,-15.1391],[-74.68,-15.1326],[-74.7186,-15.1357],[-74.7623,-15.0981],[-74.7296,-15.0854],[-74.6643,-15.0447],[-74.6645,-15.0027],[-74.6477,-14.982],[-74.6855,-14.9295],[-74.6635,-14.9079],[-74.6639,-14.8923],[-74.6811,-14.8731],[-74.6758,-14.8621],[-74.6938,-14.8382],[-74.7506,-14.8422],[-74.7515,-14.8276],[-74.716,-14.8194],[-74.7465,-14.8136],[-74.7646,-14.7902],[-74.7385,-14.7537],[-74.7355,-14.732],[-74.7159,-14.7095],[-74.7436,-14.726],[-74.7764,-14.7289],[-74.8027,-14.7521],[-74.8274,-14.734],[-74.8457,-14.708],[-74.8466,-14.6661],[-74.8286,-14.6562],[-74.8105,-14.6316],[-74.7882,-14.6156],[-74.8528,-14.6118],[-74.884,-14.5762],[-74.8753,-14.5553],[-74.9037,-14.5478],[-74.9134,-14.5656],[-74.9472,-14.5819],[-74.9589,-14.6065],[-75.01,-14.6062],[-75.0599,-14.6226],[-75.0659,-14.5745],[-75.0801,-14.569],[-75.0691,-14.5269],[-75.0859,-14.5311],[-75.0981,-14.4851],[-75.0685,-14.4584],[-75.053,-14.4312],[-75.089,-14.4264],[-75.1071,-14.4335],[-75.1398,-14.4159],[-75.1051,-14.3588],[-75.1081,-14.3479],[-75.0814,-14.2971],[-75.0634,-14.2954],[-75.0322,-14.2657],[-75.0872,-14.2318],[-75.0908,-14.2152],[-75.0764,-14.1659],[-75.059,-14.1296],[-75.0379,-14.0993],[-75.0291,-14.0719],[-74.9741,-14.0748],[-74.9265,-14.0987],[-74.9079,-14.0922],[-74.8954,-14.1032],[-74.8781,-14.0763],[-74.8608,-14.0672],[-74.8414,-14.0734],[-74.8252,-14.0923],[-74.8101,-14.087],[-74.7703,-14.0898],[-74.7657,-14.0718],[-74.7839,-14.0169],[-74.785,-13.9916],[-74.768,-13.9786],[-74.7859,-13.9288],[-74.777,-13.8975],[-74.7829,-13.8792],[-74.7674,-13.8666],[-74.7604,-13.8315],[-74.7789,-13.7846],[-74.7668,-13.7728],[-74.7539,-13.737],[-74.7754,-13.7105],[-74.774,-13.6716],[-74.7812,-13.6482],[-74.7714,-13.6065],[-74.7996,-13.5475],[-74.8296,-13.5343],[-74.8622,-13.4818],[-74.9021,-13.4664],[-74.9036,-13.4295],[-74.8927,-13.4145],[-74.8977,-13.3953],[-74.8687,-13.3599],[-74.8467,-13.3533],[-74.8121,-13.3575],[-74.7639,-13.3414],[-74.7523,-13.3282],[-74.7283,-13.3622],[-74.6995,-13.3635],[-74.6878,-13.3528],[-74.6624,-13.3551],[-74.6328,-13.3448],[-74.6676,-13.3266],[-74.6857,-13.2878],[-74.6635,-13.2715],[-74.6447,-13.2741],[-74.6222,-13.244],[-74.6007,-13.2274],[-74.571,-13.1847],[-74.5445,-13.1994],[-74.4942,-13.1866],[-74.4584,-13.19],[-74.4204,-13.1595],[-74.3978,-13.1687],[-74.3887,-13.1297],[-74.4109,-13.1197],[-74.4111,-13.0789],[-74.3799,-13.0245],[-74.3459,-13.0258],[-74.3103,-13.0596],[-74.2763,-13.0737],[-74.2716,-13.0319],[-74.2921,-12.9872],[-74.2992,-12.9586],[-74.2966,-12.935],[-74.3277,-12.9284],[-74.3194,-12.8853],[-74.3333,-12.8517],[-74.3296,-12.8361],[-74.2924,-12.8248],[-74.2984,-12.8066],[-74.2855,-12.7997],[-74.2892,-12.758],[-74.3081,-12.7396],[-74.3252,-12.7448],[-74.3491,-12.7182],[-74.3397,-12.6891],[-74.3275,-12.6813],[-74.3318,-12.645],[-74.3408,-12.6345],[-74.3297,-12.6054],[-74.3633,-12.5943],[-74.3672,-12.5751],[-74.3835,-12.5708],[-74.3843,-12.5448],[-74.3996,-12.5255],[-74.3984,-12.5045],[-74.4151,-12.4907],[-74.4016,-12.4675],[-74.4224,-12.4452],[-74.4751,-12.4438],[-74.5035,-12.4498],[-74.522,-12.4361],[-74.5219,-12.4087],[-74.5345,-12.4104],[-74.5484,-12.3751],[-74.5646,-12.3609],[-74.576,-12.3732],[-74.5812,-12.3327],[-74.5722,-12.3098],[-74.5521,-12.2873],[-74.5063,-12.3122],[-74.4957,-12.2863],[-74.4764,-12.2728],[-74.4415,-12.2721],[-74.4164,-12.3048],[-74.3861,-12.2736],[-74.3937,-12.2525],[-74.3763,-12.2301],[-74.3889,-12.1927],[-74.3821,-12.1786],[-74.3459,-12.1737],[-74.3365,-12.2149],[-74.3219,-12.2298],[-74.2973,-12.226],[-74.2705,-12.2391],[-74.2471,-12.2682],[-74.218,-12.2781],[-74.2155,-12.3034],[-74.1867,-12.3044],[-74.1473,-12.3244],[-74.1312,-12.3146],[-74.1214,-12.3336],[-74.1014,-12.304],[-74.0984,-12.2849],[-74.0574,-12.275],[-74.0402,-12.2615],[-74.002,-12.284],[-73.9864,-12.2683],[-73.9832,-12.2471],[-73.9717,-12.2896],[-73.9723,-12.2946]],[[-73.7227,-15.2594],[-73.7488,-15.2611],[-73.739,-15.3079],[-73.7232,-15.321],[-73.6952,-15.324],[-73.6849,-15.3342],[-73.6596,-15.3187],[-73.6401,-15.292],[-73.6472,-15.2771],[-73.6863,-15.2749],[-73.6961,-15.2492],[-73.7227,-15.2594]]]}},{"type":"Feature","properties":{"ubigeo":"06","nombre":"Cajamarca"},"geometry":{"type":"Polygon","coordinates":[[[-79.3226,-7.0257],[-79.2971,-7.0031],[-79.3072,-6.9682],[-79.3003,-6.9367],[-79.311,-6.9013],[-79.2956,-6.8835],[-79.2731,-6.8767],[-79.2627,-6.8592],[-79.2291,-6.8605],[-79.2071,-6.8214],[-79.1763,-6.802],[-79.1588,-6.8009],[-79.1208,-6.777],[-79.138,-6.7412],[-79.1427,-6.6999],[-79.171,-6.7017],[-79.1884,-6.7165],[-79.1955,-6.6968],[-79.2138,-6.6956],[-79.2291,-6.6714],[-79.2719,-6.6803],[-79.2964,-6.6757],[-79.304,-6.6516],[-79.3254,-6.6407],[-79.3436,-6.6467],[-79.3623,-6.6335],[-79.3357,-6.6024],[-79.3497,-6.5719],[-79.3605,-6.5682],[-79.3696,-6.5208],[-79.4033,-6.5407],[-79.4187,-6.537],[-79.417,-6.5064],[-79.4339,-6.4814],[-79.4229,-6.4519],[-79.4535,-6.3968],[-79.4467,-6.3767],[-79.4573,-6.3715],[-79.4266,-6.3289],[-79.4227,-6.3104],[-79.3879,-6.2983],[-79.3536,-6.3043],[-79.3457,-6.2831],[-79.3218,-6.2631],[-79.3084,-6.2701],[-79.2847,-6.2545],[-79.2727,-6.2258],[-79.2523,-6.2267],[-79.2725,-6.1467],[-79.2592,-6.1402],[-79.2339,-6.0931],[-79.1984,-6.1001],[-79.1819,-6.0893],[-79.1889,-6.0596],[-79.1756,-6.0414],[-79.204,-6.0241],[-79.224,-6.055],[-79.2409,-6.0286],[-79.2629,-6.0278],[-79.2643,-6.0025],[-79.3063,-5.9856],[-79.3224,-6.0004],[-79.3113,-6.0335],[-79.3191,-6.0425],[-79.345,-6.0066],[-79.349,-5.9797],[-79.3959,-5.9772],[-79.4097,-6.0006],[-79.4186,-5.9701],[-79.3984,-5.9499],[-79.3674,-5.9372],[-79.3354,-5.894],[-79.3536,-5.8711],[-79.3558,-5.8519],[-79.3763,-5.8241],[-79.376,-5.8005],[-79.3891,-5.7935],[-79.4015,-5.7492],[-79.3983,-5.6994],[-79.3845,-5.6803],[-79.3828,-5.6363],[-79.3721,-5.598],[-79.3803,-5.5704],[-79.3995,-5.5387],[-79.387,-5.5224],[-79.329,-5.5351],[-79.3107,-5.5201],[-79.2819,-5.5252],[-79.2808,-5.4874],[-79.2977,-5.4581],[-79.3046,-5.4283],[-79.3084,-5.3647],[-79.3197,-5.3623],[-79.3304,-5.3254],[-79.359,-5.2886],[-79.347,-5.2499],[-79.3487,-5.2326],[-79.3683,-5.2134],[-79.3784,-5.1905],[-79.3675,-5.1745],[-79.3433,-5.1654],[-79.3304,-5.1244],[-79.296,-5.112],[-79.2962,-5.1012],[-79.2733,-5.0728],[-79.273,-5.0585],[-79.2277,-5.0498],[-79.215,-5.0101],[-79.2222,-4.9824],[-79.21,-4.9659],[-79.179,-4.9613],[-79.1494,-4.9648],[-79.1176,-4.9785],[-79.0746,-4.9716],[-79.0344,-5.0133],[-79.0116,-5.0116],[-78.9741,-4.8972],[-78.9458,-4.8982],[-78.8917,-4.8873],[-78.8895,-4.873],[-78.9073,-4.8618],[-78.9105,-4.8427],[-78.8969,-4.8322],[-78.8917,-4.808],[-78.9154,-4.7809],[-78.8896,-4.7639],[-78.8898,-4.7157],[-78.8627,-4.6898],[-78.8626,-4.6757],[-78.8402,-4.6531],[-78.8025,-4.6375],[-78.7694,-4.6411],[-78.7636,-4.6301],[-78.706,-4.6239],[-78.6638,-4.656],[-78.6497,-4.6466],[-78.6379,-4.658],[-78.6447,-4.7365],[-78.6283,-4.7397],[-78.6208,-4.7685],[-78.6413,-4.7998],[-78.6319,-4.8364],[-78.6431,-4.8561],[-78.6451,-4.9075],[-78.6783,-4.9684],[-78.6514,-4.9786],[-78.6418,-5.0364],[-78.6577,-5.0674],[-78.6802,-5.0721],[-78.7006,-5.1041],[-78.7109,-5.1568],[-78.703,-5.2077],[-78.6841,-5.2398],[-78.6842,-5.2675],[-78.6544,-5.2743],[-78.6384,-5.3053],[-78.6045,-5.3099],[-78.5399,-5.3657],[-78.5184,-5.3993],[-78.5152,-5.4543],[-78.5421,-5.4704],[-78.5585,-5.4991],[-78.5501,-5.5187],[-78.5547,-5.5381],[-78.5807,-5.5485],[-78.5942,-5.5707],[-78.6048,-5.6072],[-78.6248,-5.6394],[-78.6376,-5.6443],[-78.6511,-5.6756],[-78.6792,-5.6907],[-78.6838,-5.7071],[-78.6518,-5.7219],[-78.6537,-5.7352],[-78.686,-5.7444],[-78.7123,-5.8287],[-78.6991,-5.8408],[-78.6913,-5.872],[-78.6959,-5.8885],[-78.6718,-5.9193],[-78.6584,-5.9583],[-78.6112,-6.0166],[-78.6086,-6.0543],[-78.5887,-6.0761],[-78.5159,-6.0721],[-78.4984,-6.1025],[-78.4773,-6.1148],[-78.4758,-6.1326],[-78.4382,-6.1657],[-78.4169,-6.1935],[-78.419,-6.2057],[-78.4016,-6.226],[-78.3701,-6.2391],[-78.37,-6.2711],[-78.3354,-6.3187],[-78.3337,-6.351],[-78.2779,-6.389],[-78.2515,-6.3964],[-78.2219,-6.4297],[-78.21,-6.458],[-78.19,-6.457],[-78.173,-6.4942],[-78.1522,-6.4998],[-78.1358,-6.527],[-78.1376,-6.5632],[-78.1167,-6.578],[-78.1207,-6.5973],[-78.106,-6.6194],[-78.1051,-6.6457],[-78.0802,-6.6553],[-78.0731,-6.6732],[-78.0568,-6.6757],[-78.0392,-6.7146],[-78.0378,-6.744],[-78.0204,-6.7919],[-78.0149,-6.8319],[-78.0311,-6.8467],[-78.0008,-6.8673],[-78.0007,-6.9123],[-78.0136,-6.9317],[-78.0009,-6.9383],[-77.9995,-6.9705],[-78.0006,-6.9892],[-77.9653,-7.0383],[-77.9659,-7.0508],[-77.9295,-7.1064],[-77.9227,-7.1575],[-77.8979,-7.1668],[-77.8874,-7.1852],[-77.8809,-7.2214],[-77.8492,-7.2356],[-77.857,-7.2453],[-77.8566,-7.2832],[-77.8394,-7.291],[-77.8311,-7.31],[-77.8384,-7.3411],[-77.8209,-7.3691],[-77.8251,-7.3783],[-77.8006,-7.403],[-77.772,-7.4185],[-77.7674,-7.4408],[-77.7554,-7.441],[-77.7414,-7.4667],[-77.7473,-7.4803],[-77.77,-7.4818],[-77.7919,-7.5004],[-77.8442,-7.5144],[-77.8626,-7.5348],[-77.8704,-7.5853],[-77.9228,-7.6003],[-77.9128,-7.6249],[-77.9403,-7.6405],[-77.9323,-7.6518],[-77.9578,-7.6548],[-77.9986,-7.6791],[-78.0509,-7.6789],[-78.0812,-7.6962],[-78.1161,-7.654],[-78.1426,-7.6657],[-78.141,-7.6827],[-78.1928,-7.7272],[-78.2196,-7.7286],[-78.2139,-7.758],[-78.2724,-7.7535],[-78.2832,-7.7421],[-78.2757,-7.7202],[-78.3028,-7.6965],[-78.3301,-7.6996],[-78.348,-7.6857],[-78.3607,-7.6443],[-78.3719,-7.6446],[-78.3798,-7.6003],[-78.3568,-7.574],[-78.3639,-7.5455],[-78.3496,-7.5118],[-78.3257,-7.5099],[-78.3278,-7.4975],[-78.3604,-7.5005],[-78.4156,-7.4851],[-78.4516,-7.5126],[-78.4595,-7.528],[-78.4914,-7.5549],[-78.5239,-7.5499],[-78.5606,-7.5525],[-78.6246,-7.5486],[-78.6496,-7.529],[-78.6275,-7.4795],[-78.6298,-7.4455],[-78.6522,-7.4276],[-78.6643,-7.4036],[-78.6733,-7.4116],[-78.7133,-7.4096],[-78.7382,-7.4201],[-78.7601,-7.402],[-78.7797,-7.4236],[-78.7899,-7.3952],[-78.8034,-7.419],[-78.8416,-7.4376],[-78.8478,-7.4528],[-78.8867,-7.4841],[-78.8618,-7.4972],[-78.8515,-7.5225],[-78.8615,-7.5319],[-78.8959,-7.5374],[-78.9352,-7.5819],[-78.9443,-7.5984],[-78.9422,-7.6272],[-78.9609,-7.6578],[-78.9921,-7.6609],[-79.0412,-7.5999],[-79.0391,-7.5612],[-79.0598,-7.5467],[-79.0572,-7.5273],[-79.0716,-7.5053],[-79.0654,-7.4727],[-79.1228,-7.4416],[-79.1527,-7.4398],[-79.1621,-7.418],[-79.1882,-7.3954],[-79.1871,-7.3771],[-79.2309,-7.391],[-79.2609,-7.379],[-79.2931,-7.3473],[-79.3149,-7.3597],[-79.3343,-7.3529],[-79.3684,-7.3242],[-79.3275,-7.3089],[-79.3088,-7.2854],[-79.2689,-7.2784],[-79.2793,-7.2477],[-79.2713,-7.2151],[-79.2518,-7.1983],[-79.2745,-7.1828],[-79.2826,-7.1559],[-79.3063,-7.1434],[-79.2962,-7.1296],[-79.3121,-7.1225],[-79.3129,-7.0904],[-79.3261,-7.083],[-79.3316,-7.0574],[-79.3226,-7.0257]]]}},{"type":"Feature","properties":{"ubigeo":"07","nombre":"Callao"},"geometry":{"type":"Polygon","coordinates":[[[-77.188,-11.8286],[-77.1268,-11.8185],[-77.1164,-11.8312],[-77.1073,-11.8661],[-77.0969,-11.8709],[-77.0895,-11.9001],[-77.1033,-11.9352],[-77.0961,-11.9499],[-77.1208,-11.945],[-77.1097,-11.9762],[-77.1185,-11.9918],[-77.0873,-12.0156],[-77.0963,-12.0336],[-77.0781,-12.05],[-77.1047,-12.0633],[-77.1115,-12.0795],[-77.1562,-12.0674],[-77.1333,-11.9792],[-77.1396,-11.9311],[-77.1568,-11.8743],[-77.188,-11.8286]]]}},{"type":"Feature","properties":{"ubigeo":"08","nombre":"Cusco"},"geometry":{"type":"Polygon","coordinates":[[[-70.3885,-13.1924],[-70.3906,-13.2321],[-70.4174,-13.2436],[-70.4204,-13.2586],[-70.4013,-13.2706],[-70.3708,-13.2764],[-70.3483,-13.2936],[-70.3458,-13.3127],[-70.3692,-13.3076],[-70.402,-13.3265],[-70.3927,-13.3448],[-70.4001,-13.3717],[-70.4189,-13.3589],[-70.4504,-13.3645],[-70.4426,-13.3934],[-70.471,-13.4423],[-70.4566,-13.4566],[-70.4958,-13.5014],[-70.534,-13.5253],[-70.5459,-13.5454],[-70.5417,-13.5745],[-70.5604,-13.5866],[-70.6162,-13.6091],[-70.6539,-13.6559],[-70.6707,-13.6621],[-70.6889,-13.6526],[-70.7151,-13.6623],[-70.7212,-13.7002],[-70.7356,-13.7118],[-70.7264,-13.7471],[-70.6989,-13.8032],[-70.7098,-13.8421],[-70.7214,-13.8293],[-70.7684,-13.8143],[-70.8179,-13.8205],[-70.8284,-13.8276],[-70.8625,-13.8003],[-70.8803,-13.8181],[-70.8812,-13.8328],[-70.8535,-13.8538],[-70.8313,-13.8589],[-70.8309,-13.8951],[-70.8107,-13.9051],[-70.811,-13.9186],[-70.833,-13.9381],[-70.8456,-13.9622],[-70.852,-14.0005],[-70.8405,-14.0073],[-70.8618,-14.0262],[-70.8482,-14.0556],[-70.7959,-14.0721],[-70.8089,-14.1242],[-70.8209,-14.14],[-70.8491,-14.1508],[-70.8668,-14.1691],[-70.8862,-14.1714],[-70.8821,-14.1988],[-70.8993,-14.2293],[-70.8821,-14.2538],[-70.8806,-14.2709],[-70.9139,-14.3044],[-70.9078,-14.334],[-70.9626,-14.3618],[-70.9852,-14.3791],[-70.9858,-14.4067],[-70.9625,-14.4448],[-70.9881,-14.4559],[-70.9866,-14.4987],[-70.9992,-14.5023],[-70.9661,-14.5683],[-70.9798,-14.583],[-71.0014,-14.5722],[-71.0428,-14.6014],[-71.0739,-14.6314],[-71.1097,-14.6342],[-71.1137,-14.6667],[-71.0878,-14.6971],[-71.0895,-14.7132],[-71.0532,-14.7543],[-71.0278,-14.7601],[-71.0131,-14.7397],[-70.9755,-14.7641],[-70.9837,-14.786],[-70.9793,-14.8251],[-70.9958,-14.8314],[-70.9915,-14.8609],[-70.9966,-14.8857],[-70.9863,-14.9155],[-70.9847,-14.9461],[-71.0041,-14.9719],[-71.0039,-15.0014],[-70.9931,-15.0423],[-70.9944,-15.0934],[-70.9803,-15.1064],[-70.9719,-15.1799],[-70.9625,-15.2156],[-70.9853,-15.249],[-70.9734,-15.275],[-70.9523,-15.2898],[-70.9579,-15.3182],[-70.9839,-15.3166],[-71.0123,-15.3438],[-71.0199,-15.3733],[-71.039,-15.4052],[-71.0441,-15.4181],[-71.0755,-15.4383],[-71.0717,-15.4493],[-71.1018,-15.4548],[-71.1193,-15.4276],[-71.1533,-15.4398],[-71.1743,-15.4245],[-71.1658,-15.374],[-71.1503,-15.3625],[-71.1662,-15.3209],[-71.1654,-15.2889],[-71.2007,-15.2619],[-71.2018,-15.2454],[-71.1603,-15.2078],[-71.1845,-15.1702],[-71.1581,-15.1473],[-71.1436,-15.1206],[-71.1633,-15.0997],[-71.1954,-15.0902],[-71.2154,-15.0489],[-71.2273,-15.0695],[-71.2419,-15.0578],[-71.2669,-15.0659],[-71.2602,-15.0769],[-71.3156,-15.1202],[-71.3292,-15.1004],[-71.3727,-15.0791],[-71.3969,-15.0452],[-71.4174,-15.0337],[-71.4267,-15.0021],[-71.4483,-14.9794],[-71.465,-14.9841],[-71.507,-14.9763],[-71.5102,-15.0046],[-71.5037,-15.0273],[-71.4846,-15.0393],[-71.4859,-15.0591],[-71.5117,-15.0794],[-71.5706,-15.0612],[-71.5838,-15.096],[-71.5891,-15.1289],[-71.6176,-15.1461],[-71.636,-15.1391],[-71.6637,-15.1086],[-71.668,-15.0919],[-71.7156,-15.0882],[-71.7411,-15.0799],[-71.7725,-15.0824],[-71.803,-15.0674],[-71.8155,-15.0782],[-71.8376,-15.0748],[-71.8493,-15.0451],[-71.8114,-15.0236],[-71.7675,-15.0105],[-71.7702,-14.9845],[-71.746,-14.9399],[-71.7662,-14.928],[-71.7976,-14.896],[-71.8276,-14.9061],[-71.8289,-14.888],[-71.8521,-14.8881],[-71.8634,-14.8734],[-71.8547,-14.8577],[-71.8726,-14.824],[-71.8767,-14.8004],[-71.9005,-14.7881],[-71.929,-14.785],[-71.9306,-14.7611],[-71.9585,-14.7331],[-71.9412,-14.6853],[-71.9762,-14.6541],[-71.9879,-14.6329],[-72.0147,-14.6484],[-72.0419,-14.6944],[-72.0478,-14.7388],[-72.0345,-14.7929],[-72.0405,-14.8098],[-72.0253,-14.8235],[-72.0404,-14.8397],[-72.0464,-14.8871],[-72.0769,-14.8835],[-72.0902,-14.8568],[-72.1287,-14.8306],[-72.1381,-14.8133],[-72.1317,-14.7894],[-72.1447,-14.7777],[-72.1906,-14.7788],[-72.2028,-14.7979],[-72.2391,-14.8122],[-72.2523,-14.8037],[-72.2919,-14.8184],[-72.3154,-14.8339],[-72.4186,-14.8202],[-72.4354,-14.7899],[-72.4692,-14.787],[-72.4686,-14.764],[-72.487,-14.7406],[-72.4861,-14.7125],[-72.4719,-14.7058],[-72.4603,-14.6762],[-72.4718,-14.6614],[-72.4638,-14.6425],[-72.4617,-14.6059],[-72.5029,-14.5517],[-72.4916,-14.5335],[-72.4427,-14.4946],[-72.4405,-14.4817],[-72.3931,-14.4818],[-72.3639,-14.4598],[-72.3576,-14.436],[-72.3388,-14.4283],[-72.3172,-14.4407],[-72.289,-14.4225],[-72.2957,-14.4119],[-72.2495,-14.4029],[-72.2395,-14.3485],[-72.2245,-14.3491],[-72.2056,-14.3203],[-72.1871,-14.3132],[-72.1703,-14.2912],[-72.17,-14.2738],[-72.1363,-14.2598],[-72.0765,-14.2074],[-72.0952,-14.1737],[-72.0615,-14.1418],[-72.0577,-14.1072],[-72.0679,-14.0765],[-72.0517,-14.0124],[-72.0601,-13.9657],[-72.0557,-13.9301],[-72.0778,-13.9067],[-72.1056,-13.8512],[-72.1353,-13.7831],[-72.1476,-13.7792],[-72.1664,-13.7474],[-72.1867,-13.7459],[-72.2064,-13.7281],[-72.2319,-13.7217],[-72.2309,-13.7053],[-72.2614,-13.6822],[-72.2903,-13.6901],[-72.2992,-13.7044],[-72.3565,-13.6803],[-72.3694,-13.6657],[-72.4018,-13.6595],[-72.4,-13.6333],[-72.4214,-13.6061],[-72.4596,-13.5905],[-72.4864,-13.5919],[-72.4918,-13.5826],[-72.563,-13.5514],[-72.5934,-13.5622],[-72.6021,-13.5442],[-72.6258,-13.5356],[-72.6369,-13.5421],[-72.6568,-13.5134],[-72.6721,-13.5221],[-72.7092,-13.5012],[-72.7163,-13.4904],[-72.7454,-13.4829],[-72.7749,-13.4495],[-72.797,-13.4512],[-72.7934,-13.4261],[-72.8383,-13.4271],[-72.8863,-13.4159],[-72.8941,-13.3901],[-72.926,-13.3831],[-72.9765,-13.3882],[-73.0151,-13.4267],[-73.0441,-13.412],[-73.0588,-13.4366],[-73.1034,-13.4486],[-73.1089,-13.4357],[-73.1261,-13.44],[-73.1441,-13.4191],[-73.1675,-13.4523],[-73.1861,-13.4411],[-73.1863,-13.4191],[-73.2119,-13.4191],[-73.2361,-13.4111],[-73.2599,-13.3845],[-73.2874,-13.3719],[-73.3114,-13.3259],[-73.3297,-13.3086],[-73.3407,-13.3119],[-73.3462,-13.2784],[-73.3643,-13.2694],[-73.3823,-13.2249],[-73.4098,-13.2113],[-73.4144,-13.1946],[-73.4027,-13.1807],[-73.4219,-13.1324],[-73.4318,-13.1394],[-73.4537,-13.1227],[-73.4445,-13.1021],[-73.4654,-13.0673],[-73.4908,-13.0437],[-73.4809,-13.0389],[-73.4773,-13.0006],[-73.517,-13.0071],[-73.53,-12.9853],[-73.508,-12.9719],[-73.501,-12.9305],[-73.5223,-12.9389],[-73.5335,-12.9244],[-73.5237,-12.8995],[-73.5908,-12.8443],[-73.59,-12.8242],[-73.6155,-12.808],[-73.6262,-12.7887],[-73.6257,-12.765],[-73.6606,-12.7326],[-73.6558,-12.725],[-73.6983,-12.6721],[-73.7175,-12.6585],[-73.7256,-12.6366],[-73.7434,-12.6515],[-73.7646,-12.6478],[-73.8012,-12.613],[-73.8045,-12.5776],[-73.8268,-12.5312],[-73.8458,-12.5391],[-73.8554,-12.5299],[-73.8547,-12.4875],[-73.8686,-12.464],[-73.8868,-12.4054],[-73.9409,-12.3656],[-73.9457,-12.3524],[-73.9701,-12.3478],[-73.9723,-12.2946],[-73.9722,-12.2943],[-73.9508,-12.2812],[-73.9249,-12.2832],[-73.8833,-12.2622],[-73.8631,-12.2434],[-73.8205,-12.2461],[-73.7956,-12.2623],[-73.7614,-12.2532],[-73.7369,-12.2668],[-73.7078,-12.2679],[-73.6891,-12.2994],[-73.665,-12.3211],[-73.6447,-12.3718],[-73.5991,-12.3859],[-73.5861,-12.3662],[-73.5921,-12.3342],[-73.5743,-12.2768],[-73.5168,-12.2491],[-73.4924,-12.2505],[-73.4699,-12.2369],[-73.4696,-12.22],[-73.4461,-12.1603],[-73.397,-12.1395],[-73.3619,-12.136],[-73.3554,-12.1143],[-73.3889,-12.1009],[-73.4004,-12.0886],[-73.3913,-12.0767],[-73.4086,-12.0614],[-73.3979,-12.0209],[-73.4068,-12.0056],[-73.4181,-12.0151],[-73.4377,-11.9896],[-73.4303,-11.9813],[-73.4452,-11.9593],[-73.4411,-11.9442],[-73.4637,-11.9233],[-73.4905,-11.8782],[-73.5111,-11.8624],[-73.5553,-11.8524],[-73.5775,-11.8365],[-73.5799,-11.7694],[-73.5705,-11.7629],[-73.5745,-11.7341],[-73.6086,-11.6852],[-73.6083,-11.6602],[-73.582,-11.6156],[-73.5597,-11.5921],[-73.5032,-11.5638],[-73.4871,-11.5349],[-73.4497,-11.5319],[-73.4538,-11.5053],[-73.4797,-11.4714],[-73.469,-11.4452],[-73.4558,-11.4402],[-73.4433,-11.4097],[-73.4197,-11.3839],[-73.3863,-11.3713],[-73.3787,-11.3507],[-73.3517,-11.3323],[-73.3462,-11.3135],[-73.2969,-11.3084],[-73.2574,-11.3127],[-73.2371,-11.2995],[-73.2132,-11.2991],[-73.1865,-11.286],[-73.1684,-11.2933],[-73.1317,-11.2939],[-73.0821,-11.2733],[-73.0677,-11.2846],[-73.0246,-11.2631],[-73.0186,-11.2342],[-72.9771,-11.2123],[-72.9742,-11.2507],[-72.9655,-11.2684],[-72.9391,-11.2821],[-72.9547,-11.3055],[-72.9335,-11.3043],[-72.9447,-11.3399],[-72.9259,-11.3273],[-72.9224,-11.3434],[-72.8771,-11.3643],[-72.8615,-11.3547],[-72.8218,-11.3896],[-72.8171,-11.3753],[-72.7943,-11.3843],[-72.7633,-11.3716],[-72.7382,-11.3474],[-72.7145,-11.3586],[-72.7066,-11.3815],[-72.6886,-11.3968],[-72.6644,-11.3872],[-72.6456,-11.4128],[-72.6174,-11.4193],[-72.6032,-11.4326],[-72.5957,-11.4206],[-72.5818,-11.4391],[-72.5669,-11.4318],[-72.5259,-11.4394],[-72.5101,-11.4243],[-72.5031,-11.3988],[-72.4694,-11.3853],[-72.4474,-11.3845],[-72.4498,-11.3715],[-72.4251,-11.3685],[-72.4259,-11.358],[-72.4007,-11.345],[-72.3874,-11.3476],[-72.337,-11.3167],[-72.3225,-11.3246],[-72.3077,-11.307],[-72.2866,-11.3139],[-72.2795,-11.3394],[-72.2489,-11.3333],[-72.2393,-11.3451],[-72.2479,-11.385],[-72.2667,-11.3965],[-72.2926,-11.4333],[-72.2896,-11.4829],[-72.304,-11.4978],[-72.3038,-11.5315],[-72.3155,-11.5956],[-72.3696,-11.6303],[-72.3753,-11.6442],[-72.4053,-11.6748],[-72.4101,-11.693],[-72.4282,-11.7052],[-72.4224,-11.7389],[-72.3846,-11.7624],[-72.3708,-11.785],[-72.3918,-11.8095],[-72.3913,-11.8263],[-72.3597,-11.8465],[-72.3322,-11.8555],[-72.3475,-11.8913],[-72.3383,-11.9242],[-72.3375,-11.9681],[-72.2824,-11.9795],[-72.2808,-11.9965],[-72.2593,-12.0063],[-72.2709,-12.03],[-72.2689,-12.0544],[-72.2297,-12.0618],[-72.1737,-12.0598],[-72.0944,-12.0852],[-72.0876,-12.1427],[-72.1002,-12.1717],[-72.092,-12.191],[-72.1055,-12.2381],[-72.0753,-12.2433],[-72.0338,-12.265],[-72.03,-12.2863],[-71.973,-12.3205],[-71.9459,-12.3302],[-71.9619,-12.3382],[-71.9706,-12.359],[-71.963,-12.3715],[-71.976,-12.3988],[-72.0098,-12.4042],[-72.0175,-12.4152],[-72.0465,-12.4224],[-72.0615,-12.4404],[-72.0651,-12.4715],[-72.079,-12.4986],[-72.0711,-12.5115],[-72.0315,-12.5248],[-72.008,-12.5604],[-71.9814,-12.5805],[-71.9839,-12.6088],[-71.9664,-12.6128],[-71.9564,-12.6549],[-71.9786,-12.6833],[-71.9165,-12.7033],[-71.9184,-12.719],[-71.9004,-12.7334],[-71.8816,-12.7304],[-71.8106,-12.745],[-71.7998,-12.7653],[-71.7647,-12.7675],[-71.7469,-12.7961],[-71.7235,-12.7867],[-71.7006,-12.7644],[-71.695,-12.7388],[-71.6605,-12.7289],[-71.6395,-12.7097],[-71.6003,-12.7001],[-71.5534,-12.7083],[-71.5473,-12.7345],[-71.5026,-12.7562],[-71.4957,-12.782],[-71.4462,-12.8277],[-71.4498,-12.8583],[-71.4152,-12.8943],[-71.3962,-12.8829],[-71.3756,-12.9006],[-71.3599,-12.8825],[-71.3413,-12.8955],[-71.3154,-12.9307],[-71.2716,-12.9554],[-71.2717,-12.9618],[-71.2297,-12.972],[-71.2256,-12.96],[-71.1951,-12.96],[-71.159,-12.9787],[-71.173,-12.9833],[-71.1783,-13.0037],[-71.1662,-13.0225],[-71.1733,-13.0564],[-71.1616,-13.0665],[-71.1682,-13.0941],[-71.1511,-13.1241],[-71.1402,-13.1697],[-71.1393,-13.1958],[-71.122,-13.2335],[-71.0911,-13.2403],[-71.0409,-13.2687],[-71.014,-13.2672],[-71.0079,-13.231],[-70.9909,-13.2215],[-70.9943,-13.2032],[-70.9745,-13.1683],[-70.9422,-13.1565],[-70.9423,-13.1355],[-70.9214,-13.1108],[-70.8873,-13.103],[-70.8993,-13.0697],[-70.8631,-13.0803],[-70.843,-13.067],[-70.8145,-13.0713],[-70.7999,-13.0899],[-70.7584,-13.108],[-70.6839,-13.1055],[-70.6598,-13.0885],[-70.5875,-13.1031],[-70.5498,-13.1529],[-70.4642,-13.1597],[-70.4465,-13.1704],[-70.3955,-13.1831],[-70.3885,-13.1924]],[[-71.2843,-14.4356],[-71.2677,-14.4656],[-71.2239,-14.5026],[-71.1699,-14.5237],[-71.1565,-14.5],[-71.235,-14.4526],[-71.2482,-14.4389],[-71.2843,-14.4356]]]}},{"type":"Feature","properties":{"ubigeo":"09","nombre":"Huancavelica"},"geometry":{"type":"Polygon","coordinates":[[[-75.059,-14.1296],[-75.0625,-14.0906],[-75.0885,-14.0816],[-75.1088,-14.0329],[-75.1268,-14.0509],[-75.1657,-14.0725],[-75.1916,-14.0529],[-75.2585,-14.0432],[-75.2323,-14.0048],[-75.2527,-13.9981],[-75.2709,-14.0106],[-75.3332,-14.016],[-75.3557,-13.9958],[-75.3592,-13.9715],[-75.3817,-13.9628],[-75.3959,-13.9447],[-75.4338,-13.9139],[-75.4575,-13.9055],[-75.4752,-13.9127],[-75.5221,-13.8851],[-75.5455,-13.8895],[-75.5601,-13.8709],[-75.5634,-13.8409],[-75.5438,-13.8355],[-75.5249,-13.8179],[-75.5384,-13.7928],[-75.5376,-13.7624],[-75.5546,-13.7496],[-75.5294,-13.7401],[-75.5159,-13.6964],[-75.4886,-13.6761],[-75.4849,-13.651],[-75.5195,-13.6028],[-75.5097,-13.5654],[-75.4958,-13.5671],[-75.4773,-13.5255],[-75.495,-13.5243],[-75.4704,-13.4843],[-75.4734,-13.4633],[-75.4658,-13.4322],[-75.4863,-13.4139],[-75.5029,-13.366],[-75.5389,-13.405],[-75.5851,-13.4027],[-75.599,-13.39],[-75.6149,-13.4168],[-75.6342,-13.4119],[-75.6534,-13.4278],[-75.6893,-13.4397],[-75.7122,-13.4164],[-75.7449,-13.4048],[-75.7625,-13.4138],[-75.806,-13.4014],[-75.7876,-13.3348],[-75.7532,-13.3091],[-75.7309,-13.3103],[-75.7065,-13.2883],[-75.7024,-13.2269],[-75.6889,-13.2143],[-75.7063,-13.1868],[-75.6938,-13.1475],[-75.7078,-13.1427],[-75.7188,-13.1098],[-75.695,-13.0748],[-75.6928,-13.049],[-75.6763,-13.0427],[-75.6806,-13.0704],[-75.658,-13.0823],[-75.6286,-13.0571],[-75.6386,-13.03],[-75.6084,-13.003],[-75.6026,-12.9802],[-75.6144,-12.9649],[-75.6184,-12.9417],[-75.6361,-12.9162],[-75.6131,-12.867],[-75.5704,-12.8429],[-75.5613,-12.8179],[-75.5311,-12.8222],[-75.5202,-12.7887],[-75.5075,-12.7772],[-75.5521,-12.7424],[-75.5766,-12.7151],[-75.5535,-12.7033],[-75.5518,-12.6814],[-75.5746,-12.6598],[-75.5796,-12.6415],[-75.5261,-12.6184],[-75.4909,-12.6479],[-75.4842,-12.6761],[-75.4672,-12.6833],[-75.4526,-12.6577],[-75.4608,-12.6314],[-75.4426,-12.6177],[-75.4179,-12.629],[-75.4101,-12.6179],[-75.4094,-12.5847],[-75.3991,-12.5825],[-75.3624,-12.5396],[-75.3193,-12.5145],[-75.3247,-12.4871],[-75.2977,-12.4852],[-75.2784,-12.4678],[-75.2429,-12.4642],[-75.2296,-12.4756],[-75.2155,-12.4634],[-75.2233,-12.4355],[-75.2149,-12.4206],[-75.2201,-12.3905],[-75.1824,-12.3603],[-75.1646,-12.3891],[-75.1469,-12.3955],[-75.131,-12.3785],[-75.1402,-12.3421],[-75.1205,-12.308],[-75.0982,-12.2836],[-75.1004,-12.2511],[-75.0716,-12.2352],[-75.0494,-12.2013],[-75.0483,-12.1703],[-75.0769,-12.1471],[-75.0631,-12.1335],[-75.0658,-12.0939],[-75.0746,-12.0601],[-75.0861,-12.0548],[-75.0652,-12.0254],[-75.0471,-12.0116],[-75.0493,-11.9998],[-75.0208,-12.0133],[-74.9742,-12.0237],[-74.9538,-12.0164],[-74.9304,-12.0229],[-74.8708,-12.066],[-74.8374,-12.0708],[-74.8178,-12.0535],[-74.7943,-12.0583],[-74.7591,-12.0511],[-74.7486,-12.0414],[-74.7169,-12.0594],[-74.6837,-12.0385],[-74.6785,-12.0175],[-74.6555,-11.9923],[-74.6242,-11.9852],[-74.6036,-11.9995],[-74.5947,-11.9874],[-74.5717,-11.9848],[-74.5577,-12.0009],[-74.5436,-11.999],[-74.5291,-12.0147],[-74.5028,-12.0202],[-74.4884,-12.0332],[-74.4699,-12.0275],[-74.4453,-12.0451],[-74.4336,-12.0694],[-74.4142,-12.0767],[-74.4195,-12.0938],[-74.3988,-12.1036],[-74.3635,-12.1378],[-74.3459,-12.1737],[-74.3821,-12.1786],[-74.3889,-12.1927],[-74.3763,-12.2301],[-74.3937,-12.2525],[-74.3861,-12.2736],[-74.4164,-12.3048],[-74.4415,-12.2721],[-74.4764,-12.2728],[-74.4957,-12.2863],[-74.5063,-12.3122],[-74.5521,-12.2873],[-74.5722,-12.3098],[-74.5812,-12.3327],[-74.576,-12.3732],[-74.5646,-12.3609],[-74.5484,-12.3751],[-74.5345,-12.4104],[-74.5219,-12.4087],[-74.522,-12.4361],[-74.5035,-12.4498],[-74.4751,-12.4438],[-74.4224,-12.4452],[-74.4016,-12.4675],[-74.4151,-12.4907],[-74.3984,-12.5045],[-74.3996,-12.5255],[-74.3843,-12.5448],[-74.3835,-12.5708],[-74.3672,-12.5751],[-74.3633,-12.5943],[-74.3297,-12.6054],[-74.3408,-12.6345],[-74.3318,-12.645],[-74.3275,-12.6813],[-74.3397,-12.6891],[-74.3491,-12.7182],[-74.3252,-12.7448],[-74.3081,-12.7396],[-74.2892,-12.758],[-74.2855,-12.7997],[-74.2984,-12.8066],[-74.2924,-12.8248],[-74.3296,-12.8361],[-74.3333,-12.8517],[-74.3194,-12.8853],[-74.3277,-12.9284],[-74.2966,-12.935],[-74.2992,-12.9586],[-74.2921,-12.9872],[-74.2716,-13.0319],[-74.2763,-13.0737],[-74.3103,-13.0596],[-74.3459,-13.0258],[-74.3799,-13.0245],[-74.4111,-13.0789],[-74.4109,-13.1197],[-74.3887,-13.1297],[-74.3978,-13.1687],[-74.4204,-13.1595],[-74.4584,-13.19],[-74.4942,-13.1866],[-74.5445,-13.1994],[-74.571,-13.1847],[-74.6007,-13.2274],[-74.6222,-13.244],[-74.6447,-13.2741],[-74.6635,-13.2715],[-74.6857,-13.2878],[-74.6676,-13.3266],[-74.6328,-13.3448],[-74.6624,-13.3551],[-74.6878,-13.3528],[-74.6995,-13.3635],[-74.7283,-13.3622],[-74.7523,-13.3282],[-74.7639,-13.3414],[-74.8121,-13.3575],[-74.8467,-13.3533],[-74.8687,-13.3599],[-74.8977,-13.3953],[-74.8927,-13.4145],[-74.9036,-13.4295],[-74.9021,-13.4664],[-74.8622,-13.4818],[-74.8296,-13.5343],[-74.7996,-13.5475],[-74.7714,-13.6065],[-74.7812,-13.6482],[-74.774,-13.6716],[-74.7754,-13.7105],[-74.7539,-13.737],[-74.7668,-13.7728],[-74.7789,-13.7846],[-74.7604,-13.8315],[-74.7674,-13.8666],[-74.7829,-13.8792],[-74.777,-13.8975],[-74.7859,-13.9288],[-74.768,-13.9786],[-74.785,-13.9916],[-74.7839,-14.0169],[-74.7657,-14.0718],[-74.7703,-14.0898],[-74.8101,-14.087],[-74.8252,-14.0923],[-74.8414,-14.0734],[-74.8608,-14.0672],[-74.8781,-14.0763],[-74.8954,-14.1032],[-74.9079,-14.0922],[-74.9265,-14.0987],[-74.9741,-14.0748],[-75.0291,-14.0719],[-75.0379,-14.0993],[-75.059,-14.1296]]]}},{"type":"Feature","properties":{"ubigeo":"10","nombre":"Huánuco"},"geometry":{"type":"Polygon","coordinates":[[[-75.946,-8.7152],[-75.9366,-8.7546],[-75.9216,-8.7808],[-75.9288,-8.808],[-75.9217,-8.8668],[-75.9013,-8.8982],[-75.8849,-8.9801],[-75.8919,-9.002],[-75.8585,-9.0515],[-75.8379,-9.0619],[-75.8379,-9.0849],[-75.825,-9.0901],[-75.8215,-9.118],[-75.7996,-9.1617],[-75.7957,-9.2033],[-75.7708,-9.2203],[-75.7402,-9.2638],[-75.7202,-9.2772],[-75.7057,-9.3363],[-75.6886,-9.3494],[-75.695,-9.3629],[-75.6711,-9.3859],[-75.6705,-9.4179],[-75.6114,-9.4061],[-75.6007,-9.4138],[-75.4878,-9.3727],[-75.4563,-9.325],[-75.452,-9.2963],[-75.4185,-9.2926],[-75.3722,-9.3102],[-75.3495,-9.3045],[-75.3341,-9.2888],[-75.3147,-9.3016],[-75.2797,-9.2769],[-75.2681,-9.25],[-75.2719,-9.2334],[-75.2567,-9.2325],[-75.233,-9.2093],[-75.2165,-9.1551],[-75.2288,-9.1477],[-75.2406,-9.1002],[-75.2053,-9.0994],[-75.2012,-9.0638],[-75.1624,-9.034],[-75.1745,-9.0125],[-75.1196,-8.9812],[-75.1206,-8.9599],[-75.1347,-8.9448],[-75.1102,-8.9293],[-75.1226,-8.881],[-75.0714,-8.8736],[-75.0674,-8.8814],[-75.0236,-8.8591],[-75.005,-8.8697],[-74.9657,-8.8694],[-74.9407,-8.8579],[-74.8957,-8.8048],[-74.8653,-8.7809],[-74.8506,-8.7569],[-74.8467,-8.6612],[-74.7975,-8.6317],[-74.6925,-8.5812],[-74.6641,-8.5619],[-74.6178,-8.5487],[-74.5776,-8.5538],[-74.5471,-8.5846],[-74.5361,-8.6299],[-74.5254,-8.7493],[-74.5322,-8.7761],[-74.5729,-8.7926],[-74.5881,-8.8126],[-74.6089,-8.8202],[-74.6214,-8.8456],[-74.6242,-8.8887],[-74.6443,-8.9188],[-74.6527,-8.9796],[-74.6511,-8.9998],[-74.6692,-9.0203],[-74.6514,-9.0488],[-74.6571,-9.0686],[-74.6781,-9.094],[-74.6719,-9.1105],[-74.6407,-9.1186],[-74.6396,-9.1597],[-74.6153,-9.238],[-74.5899,-9.2672],[-74.5939,-9.3095],[-74.6071,-9.3215],[-74.6362,-9.3694],[-74.6563,-9.3702],[-74.6833,-9.4072],[-74.7094,-9.4222],[-74.676,-9.4469],[-74.7168,-9.4591],[-74.7505,-9.5246],[-74.7352,-9.5727],[-74.7558,-9.584],[-74.7557,-9.6065],[-74.7724,-9.6143],[-74.7658,-9.6383],[-74.7866,-9.6645],[-74.8219,-9.6772],[-74.8288,-9.704],[-74.8168,-9.7364],[-74.8438,-9.7491],[-74.8425,-9.7875],[-74.8214,-9.7849],[-74.8238,-9.8159],[-74.8362,-9.82],[-74.835,-9.8471],[-74.8526,-9.8484],[-74.8791,-9.8205],[-74.9034,-9.8389],[-74.9516,-9.8599],[-74.9856,-9.8641],[-74.9936,-9.8398],[-75.0131,-9.8381],[-75.0568,-9.8192],[-75.0801,-9.8392],[-75.1084,-9.8463],[-75.1601,-9.84],[-75.2569,-9.7786],[-75.3099,-9.7761],[-75.2758,-9.8498],[-75.2882,-9.8707],[-75.3252,-9.8769],[-75.3694,-9.8708],[-75.4112,-9.8884],[-75.3966,-9.909],[-75.4229,-9.9436],[-75.4417,-9.9363],[-75.4623,-9.9573],[-75.4746,-9.9922],[-75.4921,-9.98],[-75.5484,-9.9844],[-75.5604,-9.9641],[-75.598,-9.9581],[-75.5953,-10.0102],[-75.6031,-10.0255],[-75.6403,-10.0264],[-75.6769,-10.0562],[-75.7011,-10.1296],[-75.7057,-10.1591],[-75.6993,-10.1717],[-75.704,-10.2067],[-75.7215,-10.2274],[-75.7595,-10.2377],[-75.7856,-10.2524],[-75.8127,-10.2441],[-75.8429,-10.2624],[-75.8564,-10.3017],[-75.8788,-10.3136],[-75.9244,-10.356],[-75.9345,-10.375],[-75.9252,-10.4068],[-75.9758,-10.4793],[-76.0028,-10.4889],[-76.0107,-10.4554],[-76.0281,-10.4671],[-76.0408,-10.4549],[-76.0576,-10.4652],[-76.0783,-10.452],[-76.0747,-10.4395],[-76.0946,-10.4294],[-76.1289,-10.431],[-76.1404,-10.4106],[-76.1643,-10.414],[-76.1854,-10.3955],[-76.2072,-10.3887],[-76.2028,-10.3776],[-76.2309,-10.3718],[-76.2252,-10.3966],[-76.2665,-10.3692],[-76.2751,-10.4031],[-76.2868,-10.4168],[-76.3093,-10.4056],[-76.3234,-10.3596],[-76.3168,-10.341],[-76.3308,-10.3138],[-76.3358,-10.2863],[-76.3647,-10.2994],[-76.3872,-10.2893],[-76.4023,-10.3092],[-76.4439,-10.3205],[-76.4933,-10.3104],[-76.4728,-10.3378],[-76.4863,-10.3519],[-76.4909,-10.3789],[-76.5242,-10.3774],[-76.5579,-10.3933],[-76.5751,-10.3758],[-76.5934,-10.3872],[-76.5934,-10.4015],[-76.6204,-10.4152],[-76.6472,-10.4151],[-76.6632,-10.4376],[-76.6985,-10.4446],[-76.7022,-10.4615],[-76.7292,-10.4791],[-76.7426,-10.4668],[-76.7728,-10.4636],[-76.7881,-10.4381],[-76.7999,-10.4396],[-76.8083,-10.393],[-76.8317,-10.3931],[-76.8392,-10.3731],[-76.8659,-10.3748],[-76.8814,-10.3085],[-76.9062,-10.2742],[-76.9049,-10.2374],[-76.9162,-10.2175],[-76.9085,-10.1768],[-76.9155,-10.1199],[-76.8799,-10.1166],[-76.8727,-10.0949],[-76.8536,-10.1018],[-76.838,-10.0851],[-76.8072,-10.0844],[-76.8152,-10.0225],[-76.8256,-9.9893],[-76.8137,-9.9616],[-76.8404,-9.9177],[-76.8808,-9.833],[-76.8952,-9.8156],[-76.9174,-9.7437],[-76.9346,-9.7289],[-76.9414,-9.7059],[-76.9704,-9.7115],[-76.981,-9.7246],[-76.9698,-9.7583],[-76.9865,-9.7491],[-77.0223,-9.7022],[-77.0485,-9.6475],[-77.0457,-9.6292],[-77.0237,-9.6107],[-76.9953,-9.6034],[-76.9815,-9.5654],[-76.9551,-9.5603],[-76.9551,-9.5427],[-76.938,-9.5266],[-76.9386,-9.4917],[-76.9523,-9.4697],[-76.9292,-9.4261],[-76.9352,-9.3985],[-76.9179,-9.3695],[-76.9001,-9.3571],[-76.8929,-9.332],[-76.8662,-9.3053],[-76.8423,-9.2617],[-76.8155,-9.3265],[-76.7829,-9.3429],[-76.7656,-9.3673],[-76.7579,-9.3622],[-76.7392,-9.3173],[-76.7455,-9.2967],[-76.726,-9.2562],[-76.7416,-9.1961],[-76.7671,-9.1704],[-76.7689,-9.157],[-76.79,-9.1359],[-76.8515,-9.1143],[-76.8694,-9.1144],[-76.8985,-9.0985],[-76.9176,-9.0756],[-76.9454,-9.0748],[-76.9802,-9.063],[-77.0028,-9.0326],[-77.0341,-9.012],[-77.0372,-8.9993],[-77.0614,-8.9924],[-77.0932,-8.9717],[-77.1098,-8.9702],[-77.1061,-8.9489],[-77.1235,-8.9448],[-77.1296,-8.9199],[-77.1479,-8.8955],[-77.1552,-8.9004],[-77.1725,-8.8766],[-77.1742,-8.8363],[-77.1957,-8.815],[-77.206,-8.7823],[-77.222,-8.7731],[-77.2275,-8.7428],[-77.2482,-8.7273],[-77.2463,-8.7023],[-77.2616,-8.6645],[-77.2606,-8.6485],[-77.2948,-8.6329],[-77.289,-8.5893],[-77.305,-8.5654],[-77.3175,-8.5302],[-77.2934,-8.5171],[-77.2641,-8.4675],[-77.2042,-8.4857],[-77.1855,-8.4802],[-77.1338,-8.44],[-77.1426,-8.4758],[-77.1252,-8.4838],[-77.0889,-8.4828],[-77.0806,-8.4983],[-77.0917,-8.517],[-77.0498,-8.5537],[-77.0116,-8.5377],[-76.9958,-8.555],[-76.967,-8.5596],[-76.9554,-8.5456],[-76.936,-8.567],[-76.8971,-8.5688],[-76.8906,-8.5561],[-76.8647,-8.5663],[-76.8316,-8.5167],[-76.7968,-8.5109],[-76.7914,-8.5224],[-76.741,-8.5246],[-76.7299,-8.5148],[-76.6935,-8.532],[-76.6784,-8.5213],[-76.6415,-8.5229],[-76.6371,-8.5151],[-76.5663,-8.5081],[-76.5478,-8.4976],[-76.5395,-8.5135],[-76.4935,-8.5518],[-76.4953,-8.5758],[-76.4662,-8.5697],[-76.4362,-8.4701],[-76.4168,-8.4434],[-76.3758,-8.4226],[-76.3335,-8.4295],[-76.3274,-8.4799],[-76.3132,-8.5036],[-76.3249,-8.5231],[-76.3008,-8.555],[-76.3038,-8.5743],[-76.2861,-8.5691],[-76.2862,-8.5873],[-76.2641,-8.6103],[-76.2682,-8.6546],[-76.2527,-8.6654],[-76.2574,-8.7066],[-76.2287,-8.745],[-76.2401,-8.7707],[-76.2263,-8.7859],[-76.1861,-8.7555],[-76.1668,-8.7563],[-76.1453,-8.7114],[-76.1397,-8.6671],[-76.107,-8.6424],[-76.1199,-8.6354],[-76.1229,-8.594],[-76.1347,-8.5726],[-76.1264,-8.5454],[-76.1286,-8.4571],[-76.1094,-8.4178],[-76.1092,-8.3796],[-76.1282,-8.3605],[-76.107,-8.3318],[-76.036,-8.3294],[-75.996,-8.3067],[-75.9857,-8.3222],[-75.9463,-8.3991],[-75.9472,-8.4224],[-75.9649,-8.4517],[-75.9549,-8.502],[-75.9709,-8.517],[-75.9663,-8.592],[-75.9798,-8.636],[-75.9649,-8.6957],[-75.946,-8.7152]]]}},{"type":"Feature","properties":{"ubigeo":"11","nombre":"Ica"},"geometry":{"type":"Polygon","coordinates":[[[-74.7623,-15.0981],[-74.8159,-15.1395],[-74.8552,-15.1538],[-74.8706,-15.1512],[-74.9172,-15.1818],[-74.9399,-15.206],[-74.9459,-15.2315],[-74.9636,-15.2539],[-74.9682,-15.2994],[-75.0039,-15.3302],[-75.0166,-15.3511],[-75.0185,-15.3824],[-75.0497,-15.4345],[-75.0733,-15.4429],[-75.0826,-15.4237],[-75.1245,-15.4056],[-75.1404,-15.4072],[-75.1596,-15.3808],[-75.1859,-15.3672],[-75.1831,-15.3549],[-75.1621,-15.3588],[-75.1512,-15.3389],[-75.1688,-15.3074],[-75.1968,-15.2911],[-75.2297,-15.2849],[-75.2372,-15.2676],[-75.2619,-15.2498],[-75.2248,-15.2586],[-75.2166,-15.2314],[-75.2322,-15.2028],[-75.2747,-15.1683],[-75.3169,-15.1499],[-75.3691,-15.15],[-75.3692,-15.1337],[-75.4092,-15.068],[-75.4136,-15.0431],[-75.43,-15.0287],[-75.4427,-15.0006],[-75.4753,-14.9842],[-75.5043,-14.9599],[-75.4918,-14.9337],[-75.54,-14.8877],[-75.5745,-14.8678],[-75.6799,-14.8178],[-75.7056,-14.7981],[-75.7844,-14.7483],[-75.8556,-14.7163],[-75.8494,-14.7046],[-75.878,-14.6789],[-75.9165,-14.6592],[-75.9275,-14.6431],[-75.932,-14.5683],[-75.9742,-14.5253],[-75.9648,-14.5055],[-75.9723,-14.4705],[-76.0392,-14.4243],[-76.0662,-14.3869],[-76.1319,-14.3543],[-76.1443,-14.3296],[-76.111,-14.3292],[-76.1099,-14.2927],[-76.1288,-14.2654],[-76.1436,-14.2276],[-76.1907,-14.1975],[-76.198,-14.1728],[-76.2179,-14.1679],[-76.2305,-14.1491],[-76.2714,-14.1427],[-76.256,-14.1672],[-76.2717,-14.2001],[-76.2888,-14.1642],[-76.279,-14.154],[-76.28,-14.1245],[-76.2919,-14.0886],[-76.2761,-14.0825],[-76.2764,-14.0619],[-76.2615,-14.0501],[-76.2705,-14.0361],[-76.2626,-14.0202],[-76.2855,-13.9982],[-76.2702,-13.9809],[-76.273,-13.9519],[-76.2952,-13.9274],[-76.2825,-13.918],[-76.2984,-13.8933],[-76.3121,-13.8925],[-76.3163,-13.9146],[-76.33,-13.925],[-76.356,-13.9228],[-76.3727,-13.9102],[-76.3963,-13.9089],[-76.3859,-13.8439],[-76.3707,-13.832],[-76.3713,-13.8089],[-76.3279,-13.7942],[-76.2899,-13.7974],[-76.3046,-13.8253],[-76.3008,-13.8377],[-76.263,-13.869],[-76.2505,-13.8528],[-76.2581,-13.8392],[-76.2374,-13.7664],[-76.2227,-13.727],[-76.2198,-13.6816],[-76.2004,-13.6348],[-76.1874,-13.5658],[-76.1911,-13.4713],[-76.1877,-13.459],[-76.2019,-13.3956],[-76.2448,-13.3235],[-76.2073,-13.3061],[-76.1858,-13.2593],[-76.1719,-13.2428],[-76.1553,-13.1922],[-76.1285,-13.1775],[-76.0958,-13.1472],[-76.0214,-13.0939],[-75.9692,-13.0416],[-75.9614,-13.0014],[-75.9377,-12.9913],[-75.9139,-13.0069],[-75.8788,-13.016],[-75.848,-13.0361],[-75.8216,-13.0332],[-75.8165,-13.0535],[-75.8021,-13.0604],[-75.7725,-13.0379],[-75.7622,-13.0189],[-75.7255,-13.0381],[-75.6905,-13.0351],[-75.6704,-13.0226],[-75.6632,-12.994],[-75.6342,-12.9854],[-75.6375,-12.9732],[-75.6144,-12.9649],[-75.6026,-12.9802],[-75.6084,-13.003],[-75.6386,-13.03],[-75.6286,-13.0571],[-75.658,-13.0823],[-75.6806,-13.0704],[-75.6763,-13.0427],[-75.6928,-13.049],[-75.695,-13.0748],[-75.7188,-13.1098],[-75.7078,-13.1427],[-75.6938,-13.1475],[-75.7063,-13.1868],[-75.6889,-13.2143],[-75.7024,-13.2269],[-75.7065,-13.2883],[-75.7309,-13.3103],[-75.7532,-13.3091],[-75.7876,-13.3348],[-75.806,-13.4014],[-75.7625,-13.4138],[-75.7449,-13.4048],[-75.7122,-13.4164],[-75.6893,-13.4397],[-75.6534,-13.4278],[-75.6342,-13.4119],[-75.6149,-13.4168],[-75.599,-13.39],[-75.5851,-13.4027],[-75.5389,-13.405],[-75.5029,-13.366],[-75.4863,-13.4139],[-75.4658,-13.4322],[-75.4734,-13.4633],[-75.4704,-13.4843],[-75.495,-13.5243],[-75.4773,-13.5255],[-75.4958,-13.5671],[-75.5097,-13.5654],[-75.5195,-13.6028],[-75.4849,-13.651],[-75.4886,-13.6761],[-75.5159,-13.6964],[-75.5294,-13.7401],[-75.5546,-13.7496],[-75.5376,-13.7624],[-75.5384,-13.7928],[-75.5249,-13.8179],[-75.5438,-13.8355],[-75.5634,-13.8409],[-75.5601,-13.8709],[-75.5455,-13.8895],[-75.5221,-13.8851],[-75.4752,-13.9127],[-75.4575,-13.9055],[-75.4338,-13.9139],[-75.3959,-13.9447],[-75.3817,-13.9628],[-75.3592,-13.9715],[-75.3557,-13.9958],[-75.3332,-14.016],[-75.2709,-14.0106],[-75.2527,-13.9981],[-75.2323,-14.0048],[-75.2585,-14.0432],[-75.1916,-14.0529],[-75.1657,-14.0725],[-75.1268,-14.0509],[-75.1088,-14.0329],[-75.0885,-14.0816],[-75.0625,-14.0906],[-75.059,-14.1296],[-75.0764,-14.1659],[-75.0908,-14.2152],[-75.0872,-14.2318],[-75.0322,-14.2657],[-75.0634,-14.2954],[-75.0814,-14.2971],[-75.1081,-14.3479],[-75.1051,-14.3588],[-75.1398,-14.4159],[-75.1071,-14.4335],[-75.089,-14.4264],[-75.053,-14.4312],[-75.0685,-14.4584],[-75.0981,-14.4851],[-75.0859,-14.5311],[-75.0691,-14.5269],[-75.0801,-14.569],[-75.0659,-14.5745],[-75.0599,-14.6226],[-75.01,-14.6062],[-74.9589,-14.6065],[-74.9472,-14.5819],[-74.9134,-14.5656],[-74.9037,-14.5478],[-74.8753,-14.5553],[-74.884,-14.5762],[-74.8528,-14.6118],[-74.7882,-14.6156],[-74.8105,-14.6316],[-74.8286,-14.6562],[-74.8466,-14.6661],[-74.8457,-14.708],[-74.8274,-14.734],[-74.8027,-14.7521],[-74.7764,-14.7289],[-74.7436,-14.726],[-74.7159,-14.7095],[-74.7355,-14.732],[-74.7385,-14.7537],[-74.7646,-14.7902],[-74.7465,-14.8136],[-74.716,-14.8194],[-74.7515,-14.8276],[-74.7506,-14.8422],[-74.6938,-14.8382],[-74.6758,-14.8621],[-74.6811,-14.8731],[-74.6639,-14.8923],[-74.6635,-14.9079],[-74.6855,-14.9295],[-74.6477,-14.982],[-74.6645,-15.0027],[-74.6643,-15.0447],[-74.7296,-15.0854],[-74.7623,-15.0981]]]}},{"type":"Feature","properties":{"ubigeo":"12","nombre":"Junín"},"geometry":{"type":"Polygon","coordinates":[[[-73.4197,-11.3839],[-73.4433,-11.4097],[-73.4558,-11.4402],[-73.469,-11.4452],[-73.4797,-11.4714],[-73.4538,-11.5053],[-73.4497,-11.5319],[-73.4871,-11.5349],[-73.5032,-11.5638],[-73.5597,-11.5921],[-73.582,-11.6156],[-73.6083,-11.6602],[-73.6086,-11.6852],[-73.5745,-11.7341],[-73.5705,-11.7629],[-73.5799,-11.7694],[-73.5775,-11.8365],[-73.5553,-11.8524],[-73.5111,-11.8624],[-73.4905,-11.8782],[-73.4637,-11.9233],[-73.4411,-11.9442],[-73.4452,-11.9593],[-73.4303,-11.9813],[-73.4377,-11.9896],[-73.4181,-12.0151],[-73.4068,-12.0056],[-73.3979,-12.0209],[-73.4086,-12.0614],[-73.3913,-12.0767],[-73.4004,-12.0886],[-73.3889,-12.1009],[-73.3554,-12.1143],[-73.3619,-12.136],[-73.397,-12.1395],[-73.4461,-12.1603],[-73.4696,-12.22],[-73.4699,-12.2369],[-73.4924,-12.2505],[-73.5168,-12.2491],[-73.5743,-12.2768],[-73.5921,-12.3342],[-73.5861,-12.3662],[-73.5991,-12.3859],[-73.6447,-12.3718],[-73.665,-12.3211],[-73.6891,-12.2994],[-73.7078,-12.2679],[-73.7369,-12.2668],[-73.7614,-12.2532],[-73.7956,-12.2623],[-73.8205,-12.2461],[-73.8631,-12.2434],[-73.8833,-12.2622],[-73.9249,-12.2832],[-73.9508,-12.2812],[-73.9722,-12.2943],[-73.9717,-12.2896],[-73.9832,-12.2471],[-73.9864,-12.2683],[-74.002,-12.284],[-74.0402,-12.2615],[-74.0574,-12.275],[-74.0984,-12.2849],[-74.1014,-12.304],[-74.1214,-12.3336],[-74.1312,-12.3146],[-74.1473,-12.3244],[-74.1867,-12.3044],[-74.2155,-12.3034],[-74.218,-12.2781],[-74.2471,-12.2682],[-74.2705,-12.2391],[-74.2973,-12.226],[-74.3219,-12.2298],[-74.3365,-12.2149],[-74.3459,-12.1737],[-74.3635,-12.1378],[-74.3988,-12.1036],[-74.4195,-12.0938],[-74.4142,-12.0767],[-74.4336,-12.0694],[-74.4453,-12.0451],[-74.4699,-12.0275],[-74.4884,-12.0332],[-74.5028,-12.0202],[-74.5291,-12.0147],[-74.5436,-11.999],[-74.5577,-12.0009],[-74.5717,-11.9848],[-74.5947,-11.9874],[-74.6036,-11.9995],[-74.6242,-11.9852],[-74.6555,-11.9923],[-74.6785,-12.0175],[-74.6837,-12.0385],[-74.7169,-12.0594],[-74.7486,-12.0414],[-74.7591,-12.0511],[-74.7943,-12.0583],[-74.8178,-12.0535],[-74.8374,-12.0708],[-74.8708,-12.066],[-74.9304,-12.0229],[-74.9538,-12.0164],[-74.9742,-12.0237],[-75.0208,-12.0133],[-75.0493,-11.9998],[-75.0471,-12.0116],[-75.0652,-12.0254],[-75.0861,-12.0548],[-75.0746,-12.0601],[-75.0658,-12.0939],[-75.0631,-12.1335],[-75.0769,-12.1471],[-75.0483,-12.1703],[-75.0494,-12.2013],[-75.0716,-12.2352],[-75.1004,-12.2511],[-75.0982,-12.2836],[-75.1205,-12.308],[-75.1402,-12.3421],[-75.131,-12.3785],[-75.1469,-12.3955],[-75.1646,-12.3891],[-75.1824,-12.3603],[-75.2201,-12.3905],[-75.2149,-12.4206],[-75.2233,-12.4355],[-75.2155,-12.4634],[-75.2296,-12.4756],[-75.2429,-12.4642],[-75.2784,-12.4678],[-75.2977,-12.4852],[-75.3247,-12.4871],[-75.3193,-12.5145],[-75.3624,-12.5396],[-75.3991,-12.5825],[-75.4094,-12.5847],[-75.4101,-12.6179],[-75.4179,-12.629],[-75.4426,-12.6177],[-75.4608,-12.6314],[-75.4526,-12.6577],[-75.4672,-12.6833],[-75.4842,-12.6761],[-75.4909,-12.6479],[-75.5261,-12.6184],[-75.5796,-12.6415],[-75.5828,-12.6218],[-75.5718,-12.5641],[-75.552,-12.5449],[-75.5362,-12.5173],[-75.5574,-12.4566],[-75.5596,-12.4107],[-75.567,-12.4099],[-75.5512,-12.3758],[-75.5641,-12.3363],[-75.5888,-12.3247],[-75.5915,-12.2973],[-75.6161,-12.2565],[-75.6273,-12.2484],[-75.6709,-12.1865],[-75.6485,-12.1742],[-75.6414,-12.1492],[-75.6275,-12.1417],[-75.6345,-12.115],[-75.6733,-12.0852],[-75.6882,-12.0821],[-75.6738,-12.0583],[-75.6943,-12.0427],[-75.7167,-12.0465],[-75.7422,-12.0367],[-75.7657,-12.0596],[-75.8189,-12.0137],[-75.834,-12.0243],[-75.8843,-11.9936],[-75.9074,-11.9964],[-75.926,-11.9843],[-75.9486,-11.9944],[-75.9753,-11.9839],[-75.9922,-11.9947],[-76.0143,-11.9843],[-76.0526,-11.9482],[-76.0582,-11.9128],[-76.0503,-11.9096],[-76.0582,-11.88],[-76.0846,-11.8604],[-76.1126,-11.8116],[-76.1437,-11.7766],[-76.1499,-11.7837],[-76.1754,-11.7504],[-76.2023,-11.728],[-76.2048,-11.6946],[-76.1933,-11.6735],[-76.2049,-11.6595],[-76.1883,-11.6424],[-76.1988,-11.6275],[-76.1798,-11.6109],[-76.1877,-11.5928],[-76.2169,-11.5716],[-76.2273,-11.5539],[-76.2374,-11.569],[-76.262,-11.5667],[-76.2967,-11.5959],[-76.3044,-11.5675],[-76.3279,-11.5443],[-76.3501,-11.5421],[-76.3509,-11.5201],[-76.3768,-11.5015],[-76.3715,-11.4755],[-76.3774,-11.4442],[-76.3943,-11.445],[-76.4118,-11.4146],[-76.4014,-11.4029],[-76.4317,-11.3456],[-76.451,-11.3439],[-76.4786,-11.2913],[-76.4622,-11.2658],[-76.4907,-11.2466],[-76.4841,-11.2302],[-76.494,-11.2107],[-76.4921,-11.1893],[-76.5069,-11.1698],[-76.5054,-11.1431],[-76.5184,-11.1161],[-76.4954,-11.1091],[-76.4912,-11.0894],[-76.4646,-11.0847],[-76.4468,-11.0712],[-76.3972,-11.0758],[-76.351,-11.0942],[-76.3378,-11.0827],[-76.3181,-11.0916],[-76.3079,-11.1327],[-76.2629,-11.1496],[-76.2449,-11.143],[-76.2278,-11.1556],[-76.2152,-11.1484],[-76.2494,-11.1073],[-76.2402,-11.0469],[-76.2596,-11.0259],[-76.2557,-11.0024],[-76.2729,-10.971],[-76.2789,-10.9235],[-76.2598,-10.9214],[-76.1763,-11.0442],[-76.1567,-11.0558],[-76.1469,-11.0789],[-76.1237,-11.086],[-76.122,-11.1012],[-76.0987,-11.1176],[-76.0803,-11.1129],[-76.059,-11.092],[-76.0252,-11.0803],[-76.0289,-11.0655],[-76.0114,-11.0325],[-76.0446,-11.0247],[-76.049,-10.9985],[-76.071,-10.976],[-76.1058,-10.9721],[-76.1229,-10.9626],[-76.099,-10.9303],[-76.0913,-10.9066],[-76.0681,-10.8866],[-76.0508,-10.8835],[-75.9927,-10.821],[-75.9371,-10.8715],[-75.9359,-10.8897],[-75.9171,-10.8744],[-75.8618,-10.8684],[-75.8384,-10.8863],[-75.816,-10.8729],[-75.8183,-10.854],[-75.786,-10.8246],[-75.7627,-10.8302],[-75.7324,-10.8092],[-75.6933,-10.8172],[-75.6934,-10.8342],[-75.6785,-10.8402],[-75.6661,-10.8286],[-75.6056,-10.8219],[-75.5897,-10.8109],[-75.5638,-10.7298],[-75.5569,-10.7441],[-75.5312,-10.7436],[-75.5231,-10.7537],[-75.4829,-10.7655],[-75.4697,-10.7762],[-75.4647,-10.7516],[-75.4351,-10.7476],[-75.3951,-10.759],[-75.3869,-10.7995],[-75.3908,-10.8323],[-75.4096,-10.846],[-75.3869,-10.8649],[-75.3627,-10.8501],[-75.3534,-10.8041],[-75.3388,-10.8007],[-75.3043,-10.8382],[-75.2884,-10.8421],[-75.2624,-10.8253],[-75.2435,-10.7906],[-75.2442,-10.7642],[-75.2042,-10.7647],[-75.1899,-10.7804],[-75.1766,-10.7499],[-75.1573,-10.7601],[-75.1423,-10.7413],[-75.127,-10.7382],[-75.0977,-10.7084],[-75.0884,-10.6835],[-75.0716,-10.6778],[-75.0651,-10.6529],[-75.0356,-10.6823],[-75.0207,-10.6737],[-75.0073,-10.6874],[-75.0055,-10.7203],[-74.9828,-10.7498],[-74.9565,-10.7328],[-74.9393,-10.7488],[-74.9145,-10.7483],[-74.8933,-10.7692],[-74.8659,-10.759],[-74.887,-10.7124],[-74.8697,-10.7077],[-74.8511,-10.733],[-74.8365,-10.7713],[-74.7918,-10.8312],[-74.7604,-10.8251],[-74.7317,-10.8349],[-74.7079,-10.8582],[-74.6949,-10.8849],[-74.6493,-10.8671],[-74.6141,-10.9046],[-74.57,-10.9152],[-74.5084,-10.9503],[-74.4945,-11.0011],[-74.4454,-11.0049],[-74.4134,-11.0336],[-74.3737,-11.0565],[-74.3394,-11.054],[-74.32,-11.0384],[-74.2815,-11.0331],[-74.2564,-11.0182],[-74.2015,-11.0197],[-74.1909,-10.986],[-74.148,-10.9988],[-74.1368,-10.9886],[-74.0918,-10.9868],[-74.0614,-10.9957],[-74.0363,-10.989],[-74.0055,-10.9932],[-73.9787,-11.07],[-73.9837,-11.0927],[-73.9783,-11.1206],[-73.9418,-11.1512],[-73.9165,-11.1431],[-73.8923,-11.1681],[-73.8527,-11.1643],[-73.8613,-11.1455],[-73.8666,-11.0374],[-73.8611,-10.9741],[-73.8557,-10.957],[-73.8234,-10.9211],[-73.8142,-10.8916],[-73.8222,-10.8361],[-73.8142,-10.7999],[-73.7907,-10.7964],[-73.7785,-10.775],[-73.7833,-10.758],[-73.7572,-10.7359],[-73.7421,-10.734],[-73.734,-10.7511],[-73.7149,-10.7599],[-73.6104,-10.8466],[-73.5603,-10.8606],[-73.5673,-10.9059],[-73.5648,-10.9368],[-73.5715,-10.9581],[-73.5587,-10.9753],[-73.553,-11.0141],[-73.5413,-11.0215],[-73.5426,-11.0474],[-73.5229,-11.058],[-73.4826,-11.0652],[-73.4713,-11.087],[-73.4669,-11.12],[-73.4752,-11.1284],[-73.4499,-11.2356],[-73.4611,-11.2769],[-73.4601,-11.3027],[-73.4841,-11.3193],[-73.4807,-11.3541],[-73.4706,-11.344],[-73.4498,-11.3681],[-73.4197,-11.3839]]]}},{"type":"Feature","properties":{"ubigeo":"13","nombre":"La Libertad"},"geometry":{"type":"Polygon","coordinates":[[[-77.3175,-8.5302],[-77.3371,-8.5315],[-77.3691,-8.4999],[-77.4003,-8.482],[-77.4055,-8.4415],[-77.4384,-8.4223],[-77.447,-8.3694],[-77.4594,-8.3549],[-77.4589,-8.3357],[-77.478,-8.3265],[-77.4914,-8.2826],[-77.5286,-8.2657],[-77.5278,-8.2472],[-77.5753,-8.2301],[-77.5708,-8.2073],[-77.5573,-8.1937],[-77.5754,-8.1682],[-77.6032,-8.1572],[-77.6034,-8.1348],[-77.6159,-8.1315],[-77.6365,-8.1062],[-77.6188,-8.0798],[-77.6427,-8.0672],[-77.6472,-8.0503],[-77.7184,-8.0735],[-77.7434,-8.0702],[-77.7858,-8.0792],[-77.8104,-8.0677],[-77.8522,-8.0748],[-77.8656,-8.0571],[-77.8969,-8.0632],[-77.9266,-8.1571],[-77.9341,-8.1942],[-77.9574,-8.2083],[-78.0186,-8.2243],[-78.0665,-8.2776],[-78.082,-8.2811],[-78.1206,-8.3187],[-78.1085,-8.3359],[-78.1225,-8.3601],[-78.1375,-8.3687],[-78.1395,-8.4278],[-78.1737,-8.5035],[-78.2026,-8.5261],[-78.2169,-8.558],[-78.2019,-8.5739],[-78.1936,-8.5997],[-78.2071,-8.6327],[-78.2461,-8.6584],[-78.2948,-8.6588],[-78.3109,-8.6672],[-78.3548,-8.6733],[-78.3792,-8.6966],[-78.4101,-8.7082],[-78.4482,-8.7369],[-78.4848,-8.7505],[-78.5181,-8.753],[-78.5516,-8.775],[-78.5653,-8.7926],[-78.5883,-8.8587],[-78.5765,-8.889],[-78.5917,-8.946],[-78.6297,-8.9709],[-78.6449,-8.9692],[-78.6437,-8.9369],[-78.6517,-8.9144],[-78.7612,-8.774],[-78.7607,-8.7564],[-78.7428,-8.7403],[-78.7374,-8.7121],[-78.7467,-8.6843],[-78.738,-8.6669],[-78.7438,-8.6338],[-78.778,-8.5694],[-78.7956,-8.5497],[-78.8623,-8.4941],[-78.9151,-8.4601],[-78.9349,-8.4363],[-78.9008,-8.4142],[-78.8964,-8.3789],[-78.9586,-8.2899],[-78.9626,-8.2619],[-78.9887,-8.2324],[-78.9839,-8.2132],[-79.0162,-8.1798],[-79.1156,-8.0967],[-79.1301,-8.0598],[-79.1769,-8.0227],[-79.3073,-7.926],[-79.3099,-7.9141],[-79.3527,-7.8722],[-79.3757,-7.8421],[-79.3924,-7.7878],[-79.4477,-7.7363],[-79.4657,-7.7119],[-79.4353,-7.6934],[-79.4491,-7.6471],[-79.496,-7.5753],[-79.5409,-7.5213],[-79.5501,-7.4945],[-79.5766,-7.4615],[-79.5885,-7.4141],[-79.5729,-7.4004],[-79.5744,-7.3739],[-79.5885,-7.3509],[-79.5876,-7.3184],[-79.6098,-7.2666],[-79.64,-7.2288],[-79.6906,-7.1771],[-79.5353,-7.0115],[-79.5033,-6.9674],[-79.4679,-6.9661],[-79.455,-6.9463],[-79.4008,-6.9569],[-79.3596,-7.005],[-79.3226,-7.0257],[-79.3316,-7.0574],[-79.3261,-7.083],[-79.3129,-7.0904],[-79.3121,-7.1225],[-79.2962,-7.1296],[-79.3063,-7.1434],[-79.2826,-7.1559],[-79.2745,-7.1828],[-79.2518,-7.1983],[-79.2713,-7.2151],[-79.2793,-7.2477],[-79.2689,-7.2784],[-79.3088,-7.2854],[-79.3275,-7.3089],[-79.3684,-7.3242],[-79.3343,-7.3529],[-79.3149,-7.3597],[-79.2931,-7.3473],[-79.2609,-7.379],[-79.2309,-7.391],[-79.1871,-7.3771],[-79.1882,-7.3954],[-79.1621,-7.418],[-79.1527,-7.4398],[-79.1228,-7.4416],[-79.0654,-7.4727],[-79.0716,-7.5053],[-79.0572,-7.5273],[-79.0598,-7.5467],[-79.0391,-7.5612],[-79.0412,-7.5999],[-78.9921,-7.6609],[-78.9609,-7.6578],[-78.9422,-7.6272],[-78.9443,-7.5984],[-78.9352,-7.5819],[-78.8959,-7.5374],[-78.8615,-7.5319],[-78.8515,-7.5225],[-78.8618,-7.4972],[-78.8867,-7.4841],[-78.8478,-7.4528],[-78.8416,-7.4376],[-78.8034,-7.419],[-78.7899,-7.3952],[-78.7797,-7.4236],[-78.7601,-7.402],[-78.7382,-7.4201],[-78.7133,-7.4096],[-78.6733,-7.4116],[-78.6643,-7.4036],[-78.6522,-7.4276],[-78.6298,-7.4455],[-78.6275,-7.4795],[-78.6496,-7.529],[-78.6246,-7.5486],[-78.5606,-7.5525],[-78.5239,-7.5499],[-78.4914,-7.5549],[-78.4595,-7.528],[-78.4516,-7.5126],[-78.4156,-7.4851],[-78.3604,-7.5005],[-78.3278,-7.4975],[-78.3257,-7.5099],[-78.3496,-7.5118],[-78.3639,-7.5455],[-78.3568,-7.574],[-78.3798,-7.6003],[-78.3719,-7.6446],[-78.3607,-7.6443],[-78.348,-7.6857],[-78.3301,-7.6996],[-78.3028,-7.6965],[-78.2757,-7.7202],[-78.2832,-7.7421],[-78.2724,-7.7535],[-78.2139,-7.758],[-78.2196,-7.7286],[-78.1928,-7.7272],[-78.141,-7.6827],[-78.1426,-7.6657],[-78.1161,-7.654],[-78.0812,-7.6962],[-78.0509,-7.6789],[-77.9986,-7.6791],[-77.9578,-7.6548],[-77.9323,-7.6518],[-77.9403,-7.6405],[-77.9128,-7.6249],[-77.9228,-7.6003],[-77.8704,-7.5853],[-77.8626,-7.5348],[-77.8442,-7.5144],[-77.7919,-7.5004],[-77.77,-7.4818],[-77.7473,-7.4803],[-77.7414,-7.4667],[-77.7554,-7.441],[-77.7674,-7.4408],[-77.772,-7.4185],[-77.8006,-7.403],[-77.8251,-7.3783],[-77.8209,-7.3691],[-77.8384,-7.3411],[-77.8311,-7.31],[-77.8394,-7.291],[-77.8566,-7.2832],[-77.857,-7.2453],[-77.8492,-7.2356],[-77.8809,-7.2214],[-77.8874,-7.1852],[-77.8979,-7.1668],[-77.9227,-7.1575],[-77.9295,-7.1064],[-77.9659,-7.0508],[-77.9653,-7.0383],[-78.0006,-6.9892],[-77.9995,-6.9705],[-77.9836,-6.9631],[-77.9275,-6.9867],[-77.9,-6.9807],[-77.8803,-6.9625],[-77.8459,-6.9764],[-77.8334,-6.9568],[-77.8019,-6.9661],[-77.7793,-6.9415],[-77.7589,-6.9645],[-77.7471,-6.9867],[-77.7457,-7.0195],[-77.7319,-7.0487],[-77.7067,-7.0725],[-77.7176,-7.0864],[-77.7134,-7.1079],[-77.6813,-7.1316],[-77.6435,-7.149],[-77.6336,-7.17],[-77.6154,-7.1794],[-77.621,-7.1916],[-77.6055,-7.2192],[-77.6467,-7.2407],[-77.6373,-7.2545],[-77.6469,-7.2696],[-77.6286,-7.32],[-77.6391,-7.3433],[-77.6217,-7.3974],[-77.6304,-7.4133],[-77.6137,-7.4199],[-77.599,-7.4485],[-77.5929,-7.4435],[-77.5595,-7.4648],[-77.5495,-7.4959],[-77.5269,-7.5048],[-77.5367,-7.5823],[-77.496,-7.5836],[-77.4858,-7.604],[-77.4942,-7.6136],[-77.5217,-7.6127],[-77.5227,-7.6318],[-77.5377,-7.6509],[-77.5113,-7.6577],[-77.4979,-7.6864],[-77.4665,-7.6749],[-77.4613,-7.6914],[-77.4845,-7.6997],[-77.4829,-7.7193],[-77.4955,-7.7371],[-77.5278,-7.7576],[-77.5066,-7.7704],[-77.4798,-7.8033],[-77.4429,-7.8136],[-77.4316,-7.8417],[-77.4375,-7.8517],[-77.4068,-7.9025],[-77.3769,-7.9088],[-77.3905,-7.9473],[-77.3878,-7.9638],[-77.4071,-7.992],[-77.3752,-8.0326],[-77.3855,-8.0554],[-77.3733,-8.0647],[-77.3493,-8.0544],[-77.2923,-8.0601],[-77.2588,-8.0468],[-77.2383,-8.0133],[-77.2049,-8.0126],[-77.1505,-8.032],[-77.1183,-8.0252],[-77.0196,-8.0527],[-76.9973,-8.0823],[-76.9867,-8.1112],[-76.947,-8.1399],[-76.9302,-8.1385],[-76.907,-8.1707],[-76.9256,-8.2185],[-76.915,-8.2324],[-76.9012,-8.2835],[-76.9137,-8.3261],[-76.9318,-8.3435],[-76.927,-8.3593],[-76.9501,-8.375],[-76.9656,-8.3697],[-76.9765,-8.3959],[-77.0025,-8.3831],[-77.0325,-8.404],[-77.0652,-8.3966],[-77.0855,-8.4062],[-77.0932,-8.4345],[-77.1208,-8.4474],[-77.1338,-8.44],[-77.1855,-8.4802],[-77.2042,-8.4857],[-77.2641,-8.4675],[-77.2934,-8.5171],[-77.3175,-8.5302]]]}},{"type":"Feature","properties":{"ubigeo":"14","nombre":"Lambayeque"},"geometry":{"type":"Polygon","coordinates":[[[-79.3226,-7.0257],[-79.3596,-7.005],[-79.4008,-6.9569],[-79.455,-6.9463],[-79.4679,-6.9661],[-79.5033,-6.9674],[-79.5353,-7.0115],[-79.6906,-7.1771],[-79.682,-7.153],[-79.6835,-7.1249],[-79.7398,-7.0575],[-79.8346,-6.9711],[-79.8661,-6.9486],[-79.8671,-6.9307],[-79.911,-6.896],[-79.9318,-6.8733],[-79.9397,-6.827],[-79.9562,-6.7917],[-79.9804,-6.7551],[-80,-6.7357],[-80.0749,-6.6755],[-80.1773,-6.606],[-80.2886,-6.5431],[-80.5,-6.4334],[-80.6271,-6.3721],[-80.5027,-6.1924],[-80.3762,-6.007],[-80.3274,-5.9474],[-80.2696,-5.917],[-80.2173,-5.9039],[-80.1989,-5.893],[-80.1309,-5.8887],[-80.1061,-5.8674],[-80.053,-5.8112],[-80.0921,-5.7951],[-80.1029,-5.7621],[-80.0911,-5.7269],[-80.0942,-5.7037],[-80.0664,-5.6982],[-80.07,-5.6462],[-80.0555,-5.6082],[-80.0528,-5.5636],[-79.9992,-5.5854],[-79.9605,-5.5816],[-79.9557,-5.541],[-79.9459,-5.515],[-79.8954,-5.4821],[-79.8775,-5.5096],[-79.854,-5.5318],[-79.8644,-5.5634],[-79.8538,-5.5991],[-79.8329,-5.6455],[-79.8182,-5.6646],[-79.805,-5.6464],[-79.7454,-5.6758],[-79.7664,-5.7083],[-79.7493,-5.7097],[-79.7173,-5.7393],[-79.7274,-5.7819],[-79.7393,-5.7996],[-79.7373,-5.8377],[-79.6827,-5.8464],[-79.662,-5.8342],[-79.6514,-5.816],[-79.6226,-5.7976],[-79.624,-5.8235],[-79.6352,-5.8522],[-79.6264,-5.8874],[-79.6135,-5.8951],[-79.6111,-5.9235],[-79.6004,-5.9396],[-79.5517,-5.9329],[-79.5207,-5.9128],[-79.4701,-5.9281],[-79.4629,-5.9444],[-79.4186,-5.9701],[-79.4097,-6.0006],[-79.3959,-5.9772],[-79.349,-5.9797],[-79.345,-6.0066],[-79.3191,-6.0425],[-79.3113,-6.0335],[-79.3224,-6.0004],[-79.3063,-5.9856],[-79.2643,-6.0025],[-79.2629,-6.0278],[-79.2409,-6.0286],[-79.224,-6.055],[-79.204,-6.0241],[-79.1756,-6.0414],[-79.1889,-6.0596],[-79.1819,-6.0893],[-79.1984,-6.1001],[-79.2339,-6.0931],[-79.2592,-6.1402],[-79.2725,-6.1467],[-79.2523,-6.2267],[-79.2727,-6.2258],[-79.2847,-6.2545],[-79.3084,-6.2701],[-79.3218,-6.2631],[-79.3457,-6.2831],[-79.3536,-6.3043],[-79.3879,-6.2983],[-79.4227,-6.3104],[-79.4266,-6.3289],[-79.4573,-6.3715],[-79.4467,-6.3767],[-79.4535,-6.3968],[-79.4229,-6.4519],[-79.4339,-6.4814],[-79.417,-6.5064],[-79.4187,-6.537],[-79.4033,-6.5407],[-79.3696,-6.5208],[-79.3605,-6.5682],[-79.3497,-6.5719],[-79.3357,-6.6024],[-79.3623,-6.6335],[-79.3436,-6.6467],[-79.3254,-6.6407],[-79.304,-6.6516],[-79.2964,-6.6757],[-79.2719,-6.6803],[-79.2291,-6.6714],[-79.2138,-6.6956],[-79.1955,-6.6968],[-79.1884,-6.7165],[-79.171,-6.7017],[-79.1427,-6.6999],[-79.138,-6.7412],[-79.1208,-6.777],[-79.1588,-6.8009],[-79.1763,-6.802],[-79.2071,-6.8214],[-79.2291,-6.8605],[-79.2627,-6.8592],[-79.2731,-6.8767],[-79.2956,-6.8835],[-79.311,-6.9013],[-79.3003,-6.9367],[-79.3072,-6.9682],[-79.2971,-7.0031],[-79.3226,-7.0257]]]}},{"type":"Feature","properties":{"ubigeo":"15","nombre":"Lima"},"geometry":{"type":"MultiPolygon","coordinates":[[[[-76.4912,-11.0894],[-76.4954,-11.1091],[-76.5184,-11.1161],[-76.5054,-11.1431],[-76.5069,-11.1698],[-76.4921,-11.1893],[-76.494,-11.2107],[-76.4841,-11.2302],[-76.4907,-11.2466],[-76.4622,-11.2658],[-76.4786,-11.2913],[-76.451,-11.3439],[-76.4317,-11.3456],[-76.4014,-11.4029],[-76.4118,-11.4146],[-76.3943,-11.445],[-76.3774,-11.4442],[-76.3715,-11.4755],[-76.3768,-11.5015],[-76.3509,-11.5201],[-76.3501,-11.5421],[-76.3279,-11.5443],[-76.3044,-11.5675],[-76.2967,-11.5959],[-76.262,-11.5667],[-76.2374,-11.569],[-76.2273,-11.5539],[-76.2169,-11.5716],[-76.1877,-11.5928],[-76.1798,-11.6109],[-76.1988,-11.6275],[-76.1883,-11.6424],[-76.2049,-11.6595],[-76.1933,-11.6735],[-76.2048,-11.6946],[-76.2023,-11.728],[-76.1754,-11.7504],[-76.1499,-11.7837],[-76.1437,-11.7766],[-76.1126,-11.8116],[-76.0846,-11.8604],[-76.0582,-11.88],[-76.0503,-11.9096],[-76.0582,-11.9128],[-76.0526,-11.9482],[-76.0143,-11.9843],[-75.9922,-11.9947],[-75.9753,-11.9839],[-75.9486,-11.9944],[-75.926,-11.9843],[-75.9074,-11.9964],[-75.8843,-11.9936],[-75.834,-12.0243],[-75.8189,-12.0137],[-75.7657,-12.0596],[-75.7422,-12.0367],[-75.7167,-12.0465],[-75.6943,-12.0427],[-75.6738,-12.0583],[-75.6882,-12.0821],[-75.6733,-12.0852],[-75.6345,-12.115],[-75.6275,-12.1417],[-75.6414,-12.1492],[-75.6485,-12.1742],[-75.6709,-12.1865],[-75.6273,-12.2484],[-75.6161,-12.2565],[-75.5915,-12.2973],[-75.5888,-12.3247],[-75.5641,-12.3363],[-75.5512,-12.3758],[-75.567,-12.4099],[-75.5596,-12.4107],[-75.5574,-12.4566],[-75.5362,-12.5173],[-75.552,-12.5449],[-75.5718,-12.5641],[-75.5828,-12.6218],[-75.5796,-12.6415],[-75.5746,-12.6598],[-75.5518,-12.6814],[-75.5535,-12.7033],[-75.5766,-12.7151],[-75.5521,-12.7424],[-75.5075,-12.7772],[-75.5202,-12.7887],[-75.5311,-12.8222],[-75.5613,-12.8179],[-75.5704,-12.8429],[-75.6131,-12.867],[-75.6361,-12.9162],[-75.6184,-12.9417],[-75.6144,-12.9649],[-75.6375,-12.9732],[-75.6342,-12.9854],[-75.6632,-12.994],[-75.6704,-13.0226],[-75.6905,-13.0351],[-75.7255,-13.0381],[-75.7622,-13.0189],[-75.7725,-13.0379],[-75.8021,-13.0604],[-75.8165,-13.0535],[-75.8216,-13.0332],[-75.848,-13.0361],[-75.8788,-13.016],[-75.9139,-13.0069],[-75.9377,-12.9913],[-75.9614,-13.0014],[-75.9692,-13.0416],[-76.0214,-13.0939],[-76.0958,-13.1472],[-76.1285,-13.1775],[-76.1553,-13.1922],[-76.1719,-13.2428],[-76.1858,-13.2593],[-76.2073,-13.3061],[-76.2448,-13.3235],[-76.2841,-13.2722],[-76.3555,-13.1916],[-76.393,-13.1382],[-76.4894,-13.0307],[-76.4834,-13.0148],[-76.5034,-12.9845],[-76.5138,-12.9521],[-76.5058,-12.9258],[-76.518,-12.8708],[-76.5299,-12.8397],[-76.5599,-12.8209],[-76.5676,-12.8031],[-76.5994,-12.7816],[-76.6357,-12.7433],[-76.6322,-12.7169],[-76.6516,-12.699],[-76.6724,-12.6606],[-76.6724,-12.6278],[-76.7059,-12.5937],[-76.7055,-12.5801],[-76.7468,-12.5391],[-76.8038,-12.5091],[-76.8023,-12.4812],[-76.7928,-12.4789],[-76.7851,-12.4434],[-76.775,-12.4379],[-76.7774,-12.3937],[-76.8619,-12.2959],[-76.8886,-12.2849],[-76.9277,-12.2561],[-76.9742,-12.2314],[-77.0377,-12.2041],[-77.0377,-12.1688],[-77.0249,-12.1517],[-77.0314,-12.1333],[-77.0818,-12.0937],[-77.1115,-12.0795],[-77.1047,-12.0633],[-77.0781,-12.05],[-77.0963,-12.0336],[-77.0873,-12.0156],[-77.1185,-11.9918],[-77.1097,-11.9762],[-77.1208,-11.945],[-77.0961,-11.9499],[-77.1033,-11.9352],[-77.0895,-11.9001],[-77.0969,-11.8709],[-77.1073,-11.8661],[-77.1164,-11.8312],[-77.1268,-11.8185],[-77.188,-11.8286],[-77.178,-11.8019],[-77.1954,-11.7805],[-77.1942,-11.767],[-77.1741,-11.7706],[-77.1709,-11.7342],[-77.1996,-11.6934],[-77.1932,-11.6796],[-77.216,-11.639],[-77.2825,-11.5858],[-77.2713,-11.5729],[-77.2957,-11.5376],[-77.3048,-11.5122],[-77.3423,-11.487],[-77.3426,-11.4746],[-77.3722,-11.4526],[-77.4981,-11.3772],[-77.6016,-11.3234],[-77.6429,-11.3045],[-77.6409,-11.2697],[-77.6493,-11.24],[-77.6417,-11.2145],[-77.6044,-11.2152],[-77.5923,-11.1821],[-77.6073,-11.1415],[-77.6201,-11.1265],[-77.6131,-11.1122],[-77.6374,-11.0713],[-77.6334,-11.0545],[-77.6617,-11.0127],[-77.6485,-10.9873],[-77.6619,-10.9622],[-77.6578,-10.9465],[-77.676,-10.914],[-77.7016,-10.886],[-77.7037,-10.8577],[-77.7502,-10.8177],[-77.744,-10.7945],[-77.772,-10.7512],[-77.804,-10.7259],[-77.8107,-10.6999],[-77.8592,-10.65],[-77.8863,-10.612],[-77.8571,-10.5787],[-77.8322,-10.5674],[-77.8183,-10.5804],[-77.7911,-10.5838],[-77.7714,-10.5716],[-77.7724,-10.5125],[-77.7983,-10.4761],[-77.7639,-10.4377],[-77.7499,-10.4068],[-77.757,-10.3442],[-77.7525,-10.3219],[-77.7043,-10.3253],[-77.6924,-10.3209],[-77.6492,-10.3435],[-77.6317,-10.3222],[-77.6194,-10.3278],[-77.6004,-10.36],[-77.5976,-10.3804],[-77.6346,-10.4123],[-77.6453,-10.4087],[-77.6658,-10.4271],[-77.6839,-10.4314],[-77.7119,-10.5051],[-77.7379,-10.5208],[-77.7448,-10.5608],[-77.6878,-10.5373],[-77.6702,-10.541],[-77.6247,-10.502],[-77.6013,-10.5093],[-77.6163,-10.5247],[-77.6129,-10.5382],[-77.6382,-10.563],[-77.6453,-10.5829],[-77.6382,-10.6029],[-77.6195,-10.6142],[-77.6179,-10.6001],[-77.596,-10.5854],[-77.5767,-10.5837],[-77.5741,-10.6147],[-77.5892,-10.6456],[-77.5762,-10.6574],[-77.5745,-10.6943],[-77.5631,-10.7094],[-77.5757,-10.7169],[-77.5888,-10.7577],[-77.5912,-10.7864],[-77.5266,-10.7363],[-77.495,-10.7461],[-77.4711,-10.7419],[-77.4361,-10.7236],[-77.4154,-10.73],[-77.3863,-10.7055],[-77.4038,-10.691],[-77.3953,-10.6615],[-77.3801,-10.6394],[-77.3673,-10.6383],[-77.3485,-10.6078],[-77.3205,-10.5879],[-77.3106,-10.5677],[-77.2901,-10.5561],[-77.2694,-10.5602],[-77.2519,-10.5452],[-77.2141,-10.5544],[-77.191,-10.5521],[-77.1668,-10.5041],[-77.1746,-10.4646],[-77.15,-10.4511],[-77.1382,-10.4265],[-77.111,-10.4033],[-77.0716,-10.3381],[-77.0533,-10.3398],[-77.0247,-10.3275],[-77.0091,-10.3078],[-77.0067,-10.2842],[-76.9655,-10.3054],[-76.9381,-10.2797],[-76.9062,-10.2742],[-76.8814,-10.3085],[-76.8659,-10.3748],[-76.8392,-10.3731],[-76.8317,-10.3931],[-76.8083,-10.393],[-76.7999,-10.4396],[-76.7881,-10.4381],[-76.7728,-10.4636],[-76.7426,-10.4668],[-76.7292,-10.4791],[-76.7289,-10.5111],[-76.7169,-10.523],[-76.705,-10.5639],[-76.7037,-10.5886],[-76.6859,-10.5815],[-76.6756,-10.6214],[-76.6557,-10.6468],[-76.6691,-10.6807],[-76.6594,-10.6883],[-76.6405,-10.7486],[-76.627,-10.7693],[-76.6335,-10.7845],[-76.6141,-10.817],[-76.6016,-10.8159],[-76.5806,-10.8669],[-76.5783,-10.9025],[-76.5651,-10.9662],[-76.5792,-10.9814],[-76.5802,-11.0108],[-76.5313,-11.0361],[-76.5147,-11.0687],[-76.4912,-11.0894]]],[[[-76.7985,-12.4751],[-76.7985,-12.4751],[-76.7985,-12.4751],[-76.7985,-12.4751]]]]}},{"type":"Feature","properties":{"ubigeo":"16","nombre":"Loreto"},"geometry":{"type":"Polygon","coordinates":[[[-75.946,-8.7152],[-75.9649,-8.6957],[-75.9798,-8.636],[-75.9663,-8.592],[-75.9709,-8.517],[-75.9549,-8.502],[-75.9649,-8.4517],[-75.9472,-8.4224],[-75.9463,-8.3991],[-75.9857,-8.3222],[-75.9271,-8.3068],[-75.9144,-8.2828],[-75.9134,-8.2544],[-75.9237,-8.2168],[-75.9412,-8.1862],[-75.9331,-8.1528],[-75.9406,-8.1105],[-75.9511,-8.1025],[-75.917,-8.0718],[-75.8873,-8.0749],[-75.8449,-8.0596],[-75.8391,-8.0002],[-75.8295,-7.9735],[-75.8594,-7.9212],[-75.8948,-7.9337],[-75.9278,-7.9573],[-75.9395,-7.9461],[-75.967,-7.9604],[-75.9929,-7.9543],[-75.986,-7.92],[-75.9756,-7.9096],[-75.9898,-7.8918],[-76.0024,-7.8932],[-76.0099,-7.8543],[-76.0381,-7.815],[-76.0438,-7.7923],[-76.0613,-7.7867],[-76.0671,-7.7693],[-76.0849,-7.7618],[-76.0867,-7.7292],[-76.1016,-7.7227],[-76.0977,-7.6422],[-76.0818,-7.6302],[-76.0939,-7.6097],[-76.0813,-7.5824],[-76.0887,-7.5633],[-76.1145,-7.5639],[-76.121,-7.5275],[-76.142,-7.5053],[-76.1661,-7.4943],[-76.1862,-7.4654],[-76.2146,-7.4045],[-76.196,-7.3335],[-76.2131,-7.3101],[-76.1667,-7.2676],[-76.1435,-7.204],[-76.1118,-7.1831],[-76.0984,-7.184],[-76.0599,-7.1613],[-76.0466,-7.1214],[-76.0233,-7.1143],[-76.0107,-7.0784],[-76.0123,-7.0381],[-76.0058,-7.0302],[-76.0108,-6.9965],[-76.0356,-6.9931],[-76.0515,-6.9443],[-76.0464,-6.9249],[-76.018,-6.9158],[-76.0105,-6.8936],[-76.0357,-6.8627],[-76.051,-6.8109],[-76.0116,-6.806],[-75.9997,-6.795],[-75.981,-6.7997],[-75.9637,-6.7884],[-75.8906,-6.795],[-75.8789,-6.8019],[-75.8439,-6.7973],[-75.7684,-6.8538],[-75.7221,-6.8516],[-75.6977,-6.8686],[-75.6871,-6.8467],[-75.6729,-6.8444],[-75.6681,-6.8264],[-75.6422,-6.816],[-75.6334,-6.8431],[-75.6169,-6.8412],[-75.5743,-6.8187],[-75.5742,-6.8088],[-75.5118,-6.7856],[-75.5012,-6.767],[-75.5062,-6.6971],[-75.5002,-6.6403],[-75.5093,-6.583],[-75.503,-6.5522],[-75.5096,-6.4921],[-75.5201,-6.4648],[-75.5364,-6.3915],[-75.5501,-6.3477],[-75.5347,-6.3223],[-75.5094,-6.3003],[-75.4903,-6.267],[-75.4872,-6.2034],[-75.4983,-6.1858],[-75.5256,-6.1651],[-75.5328,-6.0956],[-75.565,-6.0255],[-75.5689,-6.0004],[-75.6139,-6.0232],[-75.6248,-6.0394],[-75.629,-6.0821],[-75.6548,-6.0983],[-75.6804,-6.0956],[-75.715,-6.1383],[-75.7667,-6.1474],[-75.768,-6.1272],[-75.7939,-6.1089],[-75.8277,-6.0987],[-75.8515,-6.109],[-75.838,-6.1405],[-75.8856,-6.1331],[-75.9166,-6.1408],[-75.931,-6.1329],[-75.9536,-6.1026],[-76.0182,-6.0912],[-76.0427,-6.101],[-76.0869,-6.1069],[-76.146,-6.1467],[-76.202,-6.1325],[-76.2471,-6.1261],[-76.3183,-6.0861],[-76.3154,-6.0578],[-76.334,-6.0421],[-76.3622,-5.9878],[-76.4,-5.9537],[-76.4119,-5.9622],[-76.4247,-5.9958],[-76.4411,-6.007],[-76.4899,-6.0142],[-76.518,-6.0034],[-76.5489,-6.0128],[-76.563,-6.0016],[-76.5904,-6.0148],[-76.6183,-6.0144],[-76.64,-6.0026],[-76.6737,-6.0125],[-76.7108,-6.0137],[-76.7477,-6.0036],[-76.7549,-5.9934],[-76.7467,-5.954],[-76.7629,-5.9481],[-76.7777,-5.9006],[-76.8181,-5.8621],[-76.8263,-5.8178],[-76.8163,-5.8076],[-76.8296,-5.776],[-76.8246,-5.7573],[-76.8355,-5.7456],[-76.8639,-5.74],[-76.8882,-5.7484],[-76.9344,-5.7115],[-76.9614,-5.7061],[-76.9869,-5.6862],[-76.9956,-5.6671],[-77.0751,-5.6635],[-77.1099,-5.6479],[-77.1371,-5.644],[-77.1424,-5.6254],[-77.1619,-5.6246],[-77.1787,-5.6414],[-77.2022,-5.6345],[-77.2319,-5.5955],[-77.2624,-5.6134],[-77.2768,-5.6025],[-77.3383,-5.6035],[-77.345,-5.589],[-77.3718,-5.5671],[-77.4046,-5.5748],[-77.4087,-5.5892],[-77.4363,-5.5923],[-77.4619,-5.5841],[-77.4748,-5.5551],[-77.4905,-5.5624],[-77.5081,-5.5515],[-77.4918,-5.5293],[-77.5174,-5.4667],[-77.5581,-5.4256],[-77.5817,-5.4612],[-77.5948,-5.4642],[-77.607,-5.4486],[-77.6575,-5.4264],[-77.6704,-5.4096],[-77.696,-5.4111],[-77.7028,-5.3807],[-77.6821,-5.3384],[-77.6931,-5.2677],[-77.7098,-5.2397],[-77.7396,-5.2126],[-77.7082,-5.1909],[-77.6951,-5.1671],[-77.7209,-5.1405],[-77.7398,-5.1366],[-77.7743,-5.0972],[-77.8223,-5.0818],[-77.8119,-5.0547],[-77.8246,-5.0318],[-77.7593,-4.9518],[-77.7669,-4.9212],[-77.7602,-4.9093],[-77.7936,-4.85],[-77.7946,-4.763],[-77.7831,-4.7329],[-77.756,-4.7025],[-77.7314,-4.6884],[-77.716,-4.6651],[-77.6945,-4.6587],[-77.6719,-4.6295],[-77.6592,-4.5814],[-77.6597,-4.558],[-77.649,-4.5464],[-77.6555,-4.5185],[-77.6406,-4.4965],[-77.6175,-4.4959],[-77.5859,-4.475],[-77.5683,-4.4209],[-77.5654,-4.3725],[-77.5856,-4.2513],[-77.5676,-4.179],[-77.569,-4.1699],[-77.5497,-4.1099],[-77.5381,-4.0287],[-77.5418,-3.9433],[-77.569,-3.8931],[-77.5617,-3.8776],[-77.5819,-3.8628],[-77.6092,-3.8252],[-77.6231,-3.8221],[-77.6516,-3.7818],[-77.6432,-3.7531],[-77.6261,-3.735],[-77.6156,-3.7077],[-77.6214,-3.6861],[-77.6169,-3.6343],[-77.622,-3.6205],[-77.643,-3.6193],[-77.6704,-3.5684],[-77.7165,-3.5423],[-77.7109,-3.5263],[-77.7605,-3.4598],[-77.7765,-3.4091],[-77.7753,-3.3241],[-77.7798,-3.2916],[-77.7785,-3.1872],[-77.7943,-3.0901],[-77.7877,-3.0748],[-77.7931,-3.044],[-77.8173,-3.0008],[-77.8086,-2.9861],[-77.4575,-2.8691],[-77.157,-2.7678],[-76.6319,-2.5897],[-76.6261,-2.5845],[-76.045,-2.128],[-75.7773,-1.7926],[-75.6551,-1.6359],[-75.5809,-1.5464],[-75.5584,-1.5607],[-75.5504,-1.502],[-75.539,-1.4835],[-75.4039,-1.0001],[-75.3867,-0.9297],[-75.3813,-0.9239],[-75.3521,-0.9423],[-75.322,-0.9748],[-75.293,-0.9875],[-75.2776,-0.9717],[-75.1885,-0.9698],[-75.2274,-0.9441],[-75.2329,-0.9197],[-75.2211,-0.9015],[-75.2228,-0.8709],[-75.2496,-0.8306],[-75.2418,-0.7984],[-75.264,-0.7875],[-75.2516,-0.7674],[-75.27,-0.7457],[-75.2722,-0.7139],[-75.2509,-0.7004],[-75.2714,-0.6636],[-75.2458,-0.6395],[-75.2359,-0.6473],[-75.2232,-0.623],[-75.2399,-0.6016],[-75.2245,-0.5711],[-75.2276,-0.5514],[-75.2408,-0.5486],[-75.2413,-0.5248],[-75.2642,-0.5334],[-75.2665,-0.5065],[-75.2953,-0.5053],[-75.3128,-0.4942],[-75.3134,-0.4676],[-75.3315,-0.4521],[-75.3448,-0.464],[-75.3569,-0.4465],[-75.3875,-0.4343],[-75.3897,-0.4152],[-75.414,-0.3973],[-75.442,-0.3535],[-75.4434,-0.3418],[-75.4737,-0.2967],[-75.481,-0.2406],[-75.5308,-0.1809],[-75.5632,-0.1846],[-75.5795,-0.1786],[-75.6106,-0.1911],[-75.6105,-0.1134],[-75.579,-0.1201],[-75.5636,-0.1312],[-75.5167,-0.1144],[-75.4851,-0.1302],[-75.4607,-0.1517],[-75.4328,-0.1536],[-75.4051,-0.1703],[-75.369,-0.1606],[-75.364,-0.1461],[-75.35,-0.1635],[-75.2866,-0.1523],[-75.2767,-0.1342],[-75.2598,-0.1279],[-75.2196,-0.0766],[-75.2155,-0.0487],[-75.1836,-0.0386],[-75.1661,-0.0443],[-75.1414,-0.0663],[-75.0774,-0.0842],[-75.0391,-0.1162],[-75.0169,-0.1457],[-74.9728,-0.1535],[-74.9697,-0.18],[-74.9418,-0.2014],[-74.9321,-0.2178],[-74.9073,-0.2067],[-74.8971,-0.2329],[-74.8802,-0.2403],[-74.8481,-0.2336],[-74.8304,-0.2048],[-74.8139,-0.1922],[-74.7825,-0.2014],[-74.7475,-0.252],[-74.7304,-0.2929],[-74.7311,-0.3392],[-74.7106,-0.3502],[-74.6896,-0.3293],[-74.6776,-0.34],[-74.6839,-0.3593],[-74.6686,-0.3738],[-74.612,-0.3504],[-74.6158,-0.3758],[-74.5747,-0.395],[-74.5711,-0.4138],[-74.5554,-0.4189],[-74.5247,-0.4689],[-74.499,-0.4616],[-74.4949,-0.4886],[-74.4775,-0.4741],[-74.4651,-0.4879],[-74.4251,-0.4969],[-74.4269,-0.5411],[-74.4184,-0.5581],[-74.4019,-0.5414],[-74.3882,-0.5557],[-74.3877,-0.5907],[-74.3664,-0.6104],[-74.3623,-0.6367],[-74.3728,-0.6529],[-74.3434,-0.6729],[-74.3405,-0.698],[-74.3763,-0.7188],[-74.3673,-0.7409],[-74.3477,-0.757],[-74.3204,-0.7542],[-74.3111,-0.7659],[-74.3194,-0.7883],[-74.3035,-0.7923],[-74.2814,-0.7804],[-74.2922,-0.8144],[-74.2801,-0.8274],[-74.2464,-0.8162],[-74.2682,-0.847],[-74.2661,-0.8734],[-74.2768,-0.8812],[-74.3081,-0.8661],[-74.3203,-0.8842],[-74.3109,-0.8957],[-74.2833,-0.8948],[-74.2632,-0.9465],[-74.2672,-0.9824],[-74.2234,-1.0074],[-74.1684,-1.0063],[-74.0943,-1.048],[-74.0639,-1.053],[-74.0462,-1.0448],[-74.0354,-1.0096],[-74.0176,-1.0088],[-74.0233,-1.057],[-74.0151,-1.0865],[-73.988,-1.1032],[-73.9646,-1.0827],[-73.9506,-1.0979],[-73.9666,-1.1178],[-73.9478,-1.1321],[-73.9137,-1.12],[-73.8985,-1.1344],[-73.8962,-1.1667],[-73.8714,-1.1973],[-73.8571,-1.2318],[-73.8236,-1.2364],[-73.8117,-1.2487],[-73.7898,-1.2397],[-73.7706,-1.2573],[-73.754,-1.2384],[-73.7537,-1.206],[-73.7429,-1.2006],[-73.741,-1.2343],[-73.7182,-1.2511],[-73.6809,-1.238],[-73.6515,-1.2648],[-73.6199,-1.2613],[-73.613,-1.3155],[-73.5988,-1.328],[-73.5765,-1.3181],[-73.5792,-1.3596],[-73.565,-1.3722],[-73.5502,-1.4069],[-73.559,-1.4191],[-73.577,-1.4132],[-73.5732,-1.429],[-73.5316,-1.435],[-73.5288,-1.4647],[-73.511,-1.4821],[-73.4903,-1.482],[-73.4948,-1.5082],[-73.4786,-1.5221],[-73.4903,-1.5693],[-73.4666,-1.5677],[-73.4652,-1.5912],[-73.5012,-1.6192],[-73.5095,-1.6481],[-73.537,-1.6884],[-73.5295,-1.7073],[-73.4999,-1.7312],[-73.4593,-1.7364],[-73.4357,-1.7625],[-73.4257,-1.7903],[-73.3833,-1.7747],[-73.3254,-1.8075],[-73.3231,-1.8221],[-73.3037,-1.8181],[-73.3068,-1.7834],[-73.2885,-1.7762],[-73.2442,-1.7862],[-73.2568,-1.8025],[-73.2322,-1.7994],[-73.2321,-1.7611],[-73.2154,-1.7496],[-73.1843,-1.8085],[-73.1464,-1.804],[-73.1521,-1.8576],[-73.1373,-1.8712],[-73.1128,-1.8728],[-73.1074,-1.8941],[-73.1184,-1.9121],[-73.1128,-1.9525],[-73.1234,-1.9812],[-73.1187,-2.0157],[-73.0944,-2.0422],[-73.1047,-2.0574],[-73.1006,-2.0826],[-73.0706,-2.0832],[-73.0767,-2.1082],[-73.1142,-2.1309],[-73.132,-2.1836],[-73.165,-2.1866],[-73.1688,-2.2246],[-73.1516,-2.2602],[-73.119,-2.2845],[-73.1211,-2.3254],[-73.0871,-2.3133],[-73.0683,-2.3151],[-73.0664,-2.3552],[-73.0442,-2.3528],[-73.0424,-2.3233],[-73.024,-2.3188],[-73.0149,-2.347],[-72.9941,-2.3572],[-72.9711,-2.3374],[-72.9634,-2.3432],[-72.956,-2.3916],[-72.9222,-2.4235],[-72.9377,-2.4504],[-72.9271,-2.4541],[-72.8891,-2.4333],[-72.8518,-2.4358],[-72.8292,-2.4192],[-72.8028,-2.4107],[-72.7765,-2.3844],[-72.7583,-2.3991],[-72.7532,-2.4237],[-72.7338,-2.4196],[-72.7313,-2.3985],[-72.7152,-2.3856],[-72.6921,-2.4063],[-72.6922,-2.4387],[-72.6844,-2.4525],[-72.6671,-2.44],[-72.6624,-2.4159],[-72.6365,-2.3864],[-72.6378,-2.3608],[-72.6197,-2.3563],[-72.5955,-2.3666],[-72.5688,-2.3976],[-72.5389,-2.4032],[-72.5192,-2.4252],[-72.4956,-2.4183],[-72.4665,-2.4212],[-72.4489,-2.4332],[-72.4218,-2.4338],[-72.4116,-2.4143],[-72.3794,-2.455],[-72.375,-2.4881],[-72.2909,-2.4691],[-72.279,-2.453],[-72.2596,-2.4585],[-72.2622,-2.4355],[-72.2442,-2.4307],[-72.2269,-2.4463],[-72.2057,-2.446],[-72.1795,-2.429],[-72.1642,-2.4376],[-72.1664,-2.4644],[-72.1498,-2.47],[-72.1376,-2.4465],[-72.1478,-2.4156],[-72.0978,-2.3703],[-72.0821,-2.368],[-72.0487,-2.3349],[-72.0372,-2.338],[-72.0101,-2.369],[-71.9789,-2.3673],[-71.962,-2.3571],[-71.94,-2.3623],[-71.9263,-2.3807],[-71.9192,-2.3654],[-71.9383,-2.3284],[-71.9261,-2.3078],[-71.8848,-2.3116],[-71.8725,-2.2954],[-71.8544,-2.2304],[-71.8328,-2.1904],[-71.7991,-2.2044],[-71.7851,-2.1775],[-71.7406,-2.1422],[-71.7274,-2.1409],[-71.7189,-2.1599],[-71.7312,-2.2015],[-71.723,-2.2266],[-71.7085,-2.2273],[-71.664,-2.2023],[-71.6325,-2.2068],[-71.6041,-2.2314],[-71.5189,-2.249],[-71.5205,-2.2971],[-71.5124,-2.3349],[-71.5005,-2.3522],[-71.4837,-2.3509],[-71.48,-2.3309],[-71.4962,-2.2933],[-71.4948,-2.278],[-71.4634,-2.2711],[-71.4461,-2.2859],[-71.4254,-2.3243],[-71.3964,-2.3471],[-71.406,-2.3846],[-71.3904,-2.4071],[-71.3711,-2.3894],[-71.3167,-2.3744],[-71.3024,-2.3436],[-71.2698,-2.3333],[-71.2708,-2.356],[-71.2458,-2.3378],[-71.2311,-2.3376],[-71.2002,-2.3746],[-71.1758,-2.379],[-71.1668,-2.3378],[-71.1303,-2.3375],[-71.1432,-2.3046],[-71.1336,-2.2851],[-71.0533,-2.2706],[-71.0264,-2.2803],[-70.9984,-2.3039],[-70.9945,-2.2778],[-71.0177,-2.2408],[-71.0189,-2.2269],[-71.0002,-2.2079],[-70.9727,-2.2142],[-70.9415,-2.2532],[-70.9207,-2.2501],[-70.8996,-2.2253],[-70.8794,-2.2209],[-70.8519,-2.2441],[-70.836,-2.2908],[-70.7778,-2.293],[-70.7512,-2.3283],[-70.6939,-2.3393],[-70.6627,-2.3638],[-70.6784,-2.4021],[-70.6649,-2.4104],[-70.63,-2.3929],[-70.6283,-2.4216],[-70.6392,-2.4418],[-70.6383,-2.4658],[-70.5993,-2.4844],[-70.5616,-2.473],[-70.5513,-2.4562],[-70.5602,-2.4411],[-70.5935,-2.4304],[-70.5899,-2.4179],[-70.5644,-2.4184],[-70.5415,-2.4321],[-70.5174,-2.469],[-70.5004,-2.4728],[-70.4751,-2.4551],[-70.4515,-2.4816],[-70.4372,-2.5212],[-70.4125,-2.5257],[-70.3766,-2.4951],[-70.3579,-2.4893],[-70.2952,-2.5126],[-70.3018,-2.5282],[-70.3545,-2.5453],[-70.3589,-2.5598],[-70.3346,-2.5779],[-70.3025,-2.5732],[-70.2634,-2.5436],[-70.2422,-2.5528],[-70.2301,-2.5746],[-70.2193,-2.6436],[-70.1963,-2.659],[-70.1725,-2.6332],[-70.1542,-2.6569],[-70.1621,-2.6878],[-70.1354,-2.7027],[-70.1184,-2.6986],[-70.1033,-2.6574],[-70.0789,-2.6554],[-70.066,-2.6841],[-70.0713,-2.7243],[-70.0601,-2.7589],[-70.0736,-2.7907],[-70.1056,-2.8365],[-70.6648,-3.7192],[-70.7111,-3.7903],[-70.69,-3.792],[-70.6507,-3.8298],[-70.619,-3.8401],[-70.5879,-3.8274],[-70.5737,-3.8303],[-70.5409,-3.863],[-70.4964,-3.8758],[-70.4415,-3.8511],[-70.4162,-3.8232],[-70.3942,-3.83],[-70.3661,-3.8065],[-70.3463,-3.7998],[-70.305,-3.8134],[-70.2763,-3.8376],[-70.2628,-3.8732],[-70.2461,-3.8904],[-70.198,-3.9096],[-70.1811,-3.9294],[-70.1745,-3.9696],[-70.1496,-4.0068],[-70.105,-4.0575],[-70.0763,-4.0695],[-70.06,-4.0862],[-70.0341,-4.1344],[-69.9557,-4.2076],[-69.949,-4.2333],[-69.9496,-4.2794],[-69.9744,-4.3328],[-69.992,-4.3482],[-70.0186,-4.3533],[-70.0293,-4.3724],[-70.051,-4.3649],[-70.0403,-4.347],[-70.052,-4.3249],[-70.0709,-4.3223],[-70.0716,-4.3037],[-70.0407,-4.2998],[-70.0794,-4.2854],[-70.0991,-4.2853],[-70.1013,-4.2639],[-70.1267,-4.2857],[-70.1423,-4.2738],[-70.1581,-4.2772],[-70.1705,-4.3027],[-70.1538,-4.319],[-70.1726,-4.3336],[-70.1808,-4.3554],[-70.2008,-4.3546],[-70.2048,-4.3231],[-70.2166,-4.2982],[-70.2283,-4.317],[-70.26,-4.3086],[-70.2681,-4.2971],[-70.2458,-4.2846],[-70.2581,-4.2717],[-70.2898,-4.288],[-70.2851,-4.2712],[-70.3091,-4.2492],[-70.2785,-4.2289],[-70.2867,-4.2027],[-70.2857,-4.1704],[-70.3239,-4.1424],[-70.3276,-4.1683],[-70.3431,-4.178],[-70.3798,-4.1339],[-70.4328,-4.1313],[-70.4425,-4.1417],[-70.4337,-4.1613],[-70.4562,-4.1616],[-70.4663,-4.1758],[-70.4798,-4.1599],[-70.4927,-4.1916],[-70.5107,-4.1973],[-70.5032,-4.1619],[-70.526,-4.1361],[-70.5527,-4.137],[-70.541,-4.1548],[-70.5587,-4.1708],[-70.5554,-4.2016],[-70.5755,-4.2081],[-70.5636,-4.1867],[-70.5731,-4.1735],[-70.5862,-4.1852],[-70.6162,-4.1935],[-70.6351,-4.1754],[-70.6173,-4.1339],[-70.6446,-4.1269],[-70.6527,-4.164],[-70.6685,-4.1429],[-70.672,-4.1944],[-70.6856,-4.2033],[-70.6943,-4.1867],[-70.7285,-4.183],[-70.747,-4.1612],[-70.7688,-4.1634],[-70.7823,-4.1813],[-70.7997,-4.1814],[-70.8301,-4.2141],[-70.8159,-4.2274],[-70.8398,-4.2545],[-70.8648,-4.2523],[-70.8485,-4.2813],[-70.8783,-4.2934],[-70.8764,-4.3216],[-70.902,-4.3278],[-70.9118,-4.3559],[-70.9335,-4.3561],[-70.938,-4.3831],[-70.9713,-4.3755],[-70.9731,-4.3618],[-70.9974,-4.3458],[-70.9879,-4.3766],[-70.9965,-4.3858],[-71.0173,-4.38],[-71.0421,-4.3983],[-71.0541,-4.3694],[-71.0742,-4.3941],[-71.0827,-4.3717],[-71.1058,-4.3763],[-71.1062,-4.3994],[-71.1207,-4.4047],[-71.1411,-4.3813],[-71.1819,-4.3939],[-71.1867,-4.418],[-71.1988,-4.4202],[-71.213,-4.3766],[-71.2198,-4.4053],[-71.2303,-4.3831],[-71.2641,-4.3834],[-71.2619,-4.4278],[-71.2885,-4.4402],[-71.3089,-4.4148],[-71.3192,-4.4262],[-71.3009,-4.4444],[-71.307,-4.4617],[-71.3176,-4.4404],[-71.341,-4.4394],[-71.3426,-4.4273],[-71.3657,-4.4322],[-71.3877,-4.4256],[-71.4188,-4.4647],[-71.4328,-4.4586],[-71.4123,-4.4354],[-71.4387,-4.4314],[-71.4364,-4.4489],[-71.4792,-4.4349],[-71.4853,-4.4562],[-71.5018,-4.4393],[-71.5067,-4.4566],[-71.496,-4.486],[-71.5359,-4.4626],[-71.5379,-4.4824],[-71.5518,-4.4871],[-71.5927,-4.5257],[-71.6159,-4.5281],[-71.6339,-4.509],[-71.6212,-4.5022],[-71.6106,-4.4748],[-71.6266,-4.4745],[-71.6258,-4.4897],[-71.6729,-4.5056],[-71.6869,-4.4968],[-71.7068,-4.5099],[-71.7354,-4.4966],[-71.7481,-4.468],[-71.7529,-4.4965],[-71.7676,-4.5037],[-71.7759,-4.485],[-71.7938,-4.4837],[-71.8263,-4.4961],[-71.8357,-4.5072],[-71.8724,-4.5187],[-71.9055,-4.5148],[-71.8954,-4.5302],[-71.9185,-4.5293],[-71.9267,-4.548],[-71.9186,-4.5619],[-71.9498,-4.5852],[-71.9473,-4.6084],[-71.9945,-4.6099],[-71.9822,-4.6274],[-72.0155,-4.6311],[-72.043,-4.6234],[-72.0374,-4.6367],[-72.0803,-4.6687],[-72.103,-4.7066],[-72.1394,-4.7114],[-72.1931,-4.7475],[-72.2082,-4.7474],[-72.2212,-4.7716],[-72.2424,-4.781],[-72.2519,-4.7652],[-72.2692,-4.7972],[-72.2818,-4.7822],[-72.3116,-4.7744],[-72.3269,-4.78],[-72.3259,-4.8016],[-72.3681,-4.8029],[-72.3588,-4.8234],[-72.373,-4.8291],[-72.3812,-4.8595],[-72.404,-4.8883],[-72.4203,-4.8749],[-72.4149,-4.9003],[-72.4377,-4.9095],[-72.4545,-4.8915],[-72.4695,-4.9032],[-72.4531,-4.912],[-72.4764,-4.9279],[-72.4876,-4.951],[-72.5205,-4.9328],[-72.5255,-4.9537],[-72.5393,-4.953],[-72.5827,-4.995],[-72.5986,-4.9848],[-72.6065,-5.0282],[-72.6268,-5.039],[-72.6414,-5.063],[-72.6814,-5.0511],[-72.6925,-5.0609],[-72.7083,-5.0489],[-72.7376,-5.0612],[-72.7417,-5.0887],[-72.7548,-5.0767],[-72.7841,-5.1125],[-72.8197,-5.1064],[-72.813,-5.1347],[-72.8479,-5.1459],[-72.8687,-5.1448],[-72.8879,-5.1658],[-72.8697,-5.1782],[-72.8758,-5.1931],[-72.8646,-5.2118],[-72.8672,-5.2901],[-72.9017,-5.33],[-72.8919,-5.3516],[-72.9106,-5.362],[-72.9247,-5.4081],[-72.9388,-5.4196],[-72.9462,-5.4543],[-72.9579,-5.4644],[-72.9496,-5.4816],[-72.9616,-5.4961],[-72.9513,-5.5374],[-72.9402,-5.54],[-72.9573,-5.5582],[-72.9564,-5.5841],[-72.9737,-5.6134],[-72.959,-5.6564],[-72.9849,-5.6611],[-72.9842,-5.6935],[-72.9984,-5.7006],[-73.0071,-5.7326],[-73.0461,-5.7589],[-73.0525,-5.7937],[-73.0798,-5.8012],[-73.0839,-5.8125],[-73.1142,-5.8332],[-73.1125,-5.8596],[-73.129,-5.8705],[-73.1521,-5.868],[-73.1671,-5.8965],[-73.1663,-5.9147],[-73.1869,-5.9451],[-73.1773,-5.9709],[-73.1919,-6.0028],[-73.2278,-6.0299],[-73.239,-6.0802],[-73.2367,-6.1008],[-73.248,-6.1089],[-73.244,-6.1544],[-73.2209,-6.1769],[-73.2112,-6.2017],[-73.2203,-6.2196],[-73.1932,-6.243],[-73.1863,-6.2623],[-73.1607,-6.2767],[-73.1566,-6.3268],[-73.1474,-6.3245],[-73.1433,-6.3516],[-73.132,-6.3635],[-73.1275,-6.3937],[-73.1178,-6.3894],[-73.1038,-6.4114],[-73.121,-6.4314],[-73.111,-6.4529],[-73.1424,-6.4929],[-73.152,-6.5273],[-73.171,-6.518],[-73.1757,-6.535],[-73.1951,-6.5434],[-73.2067,-6.5771],[-73.2176,-6.5643],[-73.2261,-6.5846],[-73.2806,-6.5847],[-73.3293,-6.5978],[-73.3524,-6.5933],[-73.3819,-6.6212],[-73.3799,-6.6358],[-73.4403,-6.6519],[-73.4638,-6.6689],[-73.5208,-6.6761],[-73.5398,-6.6858],[-73.5617,-6.7215],[-73.5866,-6.7236],[-73.6338,-6.7524],[-73.6438,-6.7739],[-73.6837,-6.8163],[-73.696,-6.8379],[-73.7105,-6.8402],[-73.7195,-6.8775],[-73.7473,-6.9095],[-73.7613,-6.9401],[-73.7459,-6.9689],[-73.7612,-6.9786],[-73.7563,-7.0163],[-73.7619,-7.0625],[-73.7984,-7.1131],[-73.7883,-7.1457],[-73.7566,-7.1733],[-73.7521,-7.2064],[-73.7166,-7.2276],[-73.7091,-7.2463],[-73.7154,-7.2749],[-73.6949,-7.2991],[-73.6999,-7.3211],[-73.7226,-7.3412],[-73.7546,-7.3538],[-73.7535,-7.3399],[-73.7814,-7.3387],[-73.789,-7.3477],[-73.8225,-7.3392],[-73.8308,-7.3522],[-73.8572,-7.3628],[-73.8616,-7.3881],[-73.8892,-7.3793],[-73.9063,-7.3843],[-73.9237,-7.3622],[-73.9362,-7.3765],[-73.9459,-7.3586],[-73.9554,-7.3684],[-73.9392,-7.4067],[-73.9232,-7.418],[-73.9113,-7.4758],[-73.9222,-7.4788],[-73.9173,-7.5006],[-73.9428,-7.5337],[-73.983,-7.5344],[-74.0134,-7.5124],[-74.0184,-7.4914],[-74.0338,-7.4849],[-74.04,-7.4482],[-74.0666,-7.4382],[-74.1154,-7.4061],[-74.1384,-7.3964],[-74.1416,-7.3778],[-74.1809,-7.3587],[-74.2381,-7.3578],[-74.259,-7.3441],[-74.2791,-7.3532],[-74.3162,-7.3513],[-74.3616,-7.3366],[-74.3702,-7.3173],[-74.394,-7.3178],[-74.4627,-7.2989],[-74.4731,-7.2746],[-74.5018,-7.2661],[-74.5357,-7.2944],[-74.5357,-7.3202],[-74.566,-7.3597],[-74.5795,-7.4099],[-74.6161,-7.435],[-74.6306,-7.4816],[-74.6429,-7.5001],[-74.6431,-7.5623],[-74.591,-7.6286],[-74.5772,-7.6359],[-74.5708,-7.6685],[-74.584,-7.6985],[-74.5579,-7.7485],[-74.5195,-7.761],[-74.5171,-7.7836],[-74.5406,-7.7915],[-74.5697,-7.816],[-74.5967,-7.8614],[-74.6044,-7.9008],[-74.628,-7.9398],[-74.6684,-7.9456],[-74.7113,-7.979],[-74.7279,-7.981],[-74.7606,-8.0164],[-74.7713,-8.0361],[-74.8193,-8.0575],[-74.8404,-8.0584],[-74.8659,-8.0769],[-74.8964,-8.0813],[-74.9534,-8.0127],[-74.9823,-7.969],[-75.0055,-7.9702],[-75.0333,-7.9501],[-75.0706,-7.9605],[-75.0922,-7.9737],[-75.1459,-7.9813],[-75.1494,-8.0018],[-75.1843,-8.0166],[-75.1957,-8.0544],[-75.1898,-8.0799],[-75.2125,-8.1008],[-75.2146,-8.1271],[-75.2439,-8.1555],[-75.2878,-8.1255],[-75.3289,-8.1383],[-75.3438,-8.1292],[-75.3761,-8.1388],[-75.4015,-8.1697],[-75.4301,-8.1666],[-75.4376,-8.1948],[-75.4588,-8.2176],[-75.4715,-8.2521],[-75.4884,-8.264],[-75.5029,-8.2894],[-75.4913,-8.3173],[-75.5101,-8.3348],[-75.4778,-8.3526],[-75.4807,-8.3804],[-75.4239,-8.4425],[-75.4355,-8.4522],[-75.4603,-8.4492],[-75.4752,-8.4362],[-75.5108,-8.432],[-75.529,-8.4398],[-75.5492,-8.433],[-75.5835,-8.4412],[-75.5991,-8.412],[-75.6481,-8.4098],[-75.6873,-8.4233],[-75.7081,-8.4465],[-75.7165,-8.4869],[-75.7607,-8.4874],[-75.7992,-8.5122],[-75.7793,-8.532],[-75.78,-8.5535],[-75.8015,-8.6027],[-75.8124,-8.6077],[-75.8168,-8.636],[-75.8325,-8.6518],[-75.8535,-8.6492],[-75.8913,-8.6602],[-75.946,-8.7152]]]}},{"type":"Feature","properties":{"ubigeo":"17","nombre":"Madre de Dios"},"geometry":{"type":"Polygon","coordinates":[[[-70.3885,-13.1924],[-70.3955,-13.1831],[-70.4465,-13.1704],[-70.4642,-13.1597],[-70.5498,-13.1529],[-70.5875,-13.1031],[-70.6598,-13.0885],[-70.6839,-13.1055],[-70.7584,-13.108],[-70.7999,-13.0899],[-70.8145,-13.0713],[-70.843,-13.067],[-70.8631,-13.0803],[-70.8993,-13.0697],[-70.8873,-13.103],[-70.9214,-13.1108],[-70.9423,-13.1355],[-70.9422,-13.1565],[-70.9745,-13.1683],[-70.9943,-13.2032],[-70.9909,-13.2215],[-71.0079,-13.231],[-71.014,-13.2672],[-71.0409,-13.2687],[-71.0911,-13.2403],[-71.122,-13.2335],[-71.1393,-13.1958],[-71.1402,-13.1697],[-71.1511,-13.1241],[-71.1682,-13.0941],[-71.1616,-13.0665],[-71.1733,-13.0564],[-71.1662,-13.0225],[-71.1783,-13.0037],[-71.173,-12.9833],[-71.159,-12.9787],[-71.1951,-12.96],[-71.2256,-12.96],[-71.2297,-12.972],[-71.2717,-12.9618],[-71.2716,-12.9554],[-71.3154,-12.9307],[-71.3413,-12.8955],[-71.3599,-12.8825],[-71.3756,-12.9006],[-71.3962,-12.8829],[-71.4152,-12.8943],[-71.4498,-12.8583],[-71.4462,-12.8277],[-71.4957,-12.782],[-71.5026,-12.7562],[-71.5473,-12.7345],[-71.5534,-12.7083],[-71.6003,-12.7001],[-71.6395,-12.7097],[-71.6605,-12.7289],[-71.695,-12.7388],[-71.7006,-12.7644],[-71.7235,-12.7867],[-71.7469,-12.7961],[-71.7647,-12.7675],[-71.7998,-12.7653],[-71.8106,-12.745],[-71.8816,-12.7304],[-71.9004,-12.7334],[-71.9184,-12.719],[-71.9165,-12.7033],[-71.9786,-12.6833],[-71.9564,-12.6549],[-71.9664,-12.6128],[-71.9839,-12.6088],[-71.9814,-12.5805],[-72.008,-12.5604],[-72.0315,-12.5248],[-72.0711,-12.5115],[-72.079,-12.4986],[-72.0651,-12.4715],[-72.0615,-12.4404],[-72.0465,-12.4224],[-72.0175,-12.4152],[-72.0098,-12.4042],[-71.976,-12.3988],[-71.963,-12.3715],[-71.9706,-12.359],[-71.9619,-12.3382],[-71.9459,-12.3302],[-71.973,-12.3205],[-72.03,-12.2863],[-72.0338,-12.265],[-72.0753,-12.2433],[-72.1055,-12.2381],[-72.092,-12.191],[-72.1002,-12.1717],[-72.0876,-12.1427],[-72.0944,-12.0852],[-72.1737,-12.0598],[-72.2297,-12.0618],[-72.2689,-12.0544],[-72.2709,-12.03],[-72.2593,-12.0063],[-72.2808,-11.9965],[-72.2824,-11.9795],[-72.3375,-11.9681],[-72.3383,-11.9242],[-72.3475,-11.8913],[-72.3322,-11.8555],[-72.3597,-11.8465],[-72.3913,-11.8263],[-72.3918,-11.8095],[-72.3708,-11.785],[-72.3846,-11.7624],[-72.4224,-11.7389],[-72.4282,-11.7052],[-72.4101,-11.693],[-72.4053,-11.6748],[-72.3753,-11.6442],[-72.3696,-11.6303],[-72.3155,-11.5956],[-72.3038,-11.5315],[-72.304,-11.4978],[-72.2896,-11.4829],[-72.2926,-11.4333],[-72.2667,-11.3965],[-72.2479,-11.385],[-72.2393,-11.3451],[-72.2046,-11.3474],[-72.2185,-11.3003],[-72.1994,-11.2642],[-72.2052,-11.2399],[-72.2002,-11.2053],[-72.1897,-11.1909],[-72.2049,-11.171],[-72.1939,-11.1567],[-72.1765,-11.1591],[-72.1693,-11.1437],[-72.1383,-11.1369],[-72.1225,-11.1236],[-72.1259,-11.1012],[-72.1518,-11.0864],[-72.1833,-11.0926],[-72.1825,-11.0578],[-72.1931,-11.0497],[-72.1765,-11.039],[-72.1853,-11.0088],[-72.1735,-10.9955],[-72.1583,-11.0053],[-72.1279,-10.9798],[-72.125,-10.9956],[-72.0517,-11.0109],[-72.0437,-10.9969],[-72.0139,-10.9884],[-71.9866,-10.9955],[-71.9446,-10.9974],[-71.9384,-11.0039],[-71.8951,-10.9945],[-71.847,-10.9957],[-71.8285,-11.0119],[-71.809,-10.9938],[-71.7452,-10.9927],[-71.73,-10.9836],[-71.7202,-10.9966],[-71.7054,-10.9756],[-71.6807,-10.9716],[-71.6665,-10.9817],[-71.5589,-10.9648],[-71.5316,-10.9522],[-71.5271,-10.9617],[-71.486,-10.9638],[-71.4706,-10.9555],[-71.4129,-10.9581],[-71.3949,-10.9476],[-71.3521,-10.9479],[-71.3361,-10.9168],[-71.3173,-10.9096],[-71.309,-10.8787],[-71.2947,-10.8763],[-71.2709,-10.8473],[-71.2715,-10.819],[-71.2587,-10.7849],[-71.2216,-10.7767],[-71.2246,-10.7307],[-71.216,-10.7133],[-71.2315,-10.6913],[-71.2063,-10.6522],[-71.2208,-10.6367],[-71.1962,-10.5799],[-71.1665,-10.5716],[-71.1646,-10.5313],[-71.1468,-10.531],[-71.1326,-10.5072],[-71.1084,-10.5078],[-71.0409,-10.4887],[-71.0245,-10.4782],[-71.0006,-10.4422],[-70.9933,-10.4162],[-70.9604,-10.3936],[-70.9581,-10.3778],[-70.968,-10.3356],[-70.9201,-10.3307],[-70.8895,-10.3351],[-70.874,-10.3007],[-70.8808,-10.262],[-70.8669,-10.253],[-70.8149,-10.2547],[-70.7904,-10.241],[-70.7803,-10.2199],[-70.7535,-10.1941],[-70.7344,-10.1854],[-70.7051,-10.1587],[-70.7079,-10.1356],[-70.6445,-10.0687],[-70.66,-10.0515],[-70.6521,-10.0401],[-70.6723,-10.0231],[-70.6572,-10.0019],[-70.6676,-9.9725],[-70.6504,-9.9546],[-70.6507,-9.9332],[-70.6335,-9.899],[-70.6395,-9.8844],[-70.6138,-9.8734],[-70.6131,-10.0594],[-70.6137,-10.4474],[-70.6138,-11.0002],[-70.5278,-10.9343],[-70.4819,-10.9679],[-70.4516,-10.9969],[-70.4378,-11.0388],[-70.3864,-11.0476],[-70.3731,-11.0605],[-70.3078,-11.0705],[-70.2797,-11.0565],[-70.2446,-11.0494],[-70.1991,-11.054],[-70.1892,-11.0453],[-70.1412,-11.0301],[-70.0902,-10.9866],[-70.0646,-10.9939],[-70.0372,-10.9712],[-70.028,-10.9776],[-69.984,-10.9554],[-69.954,-10.9286],[-69.9005,-10.9206],[-69.8436,-10.9252],[-69.8316,-10.9339],[-69.7992,-10.9274],[-69.7594,-10.9401],[-69.7367,-10.975],[-69.6687,-10.962],[-69.6595,-10.9528],[-69.6347,-10.9573],[-69.5788,-10.9407],[-69.3388,-11.3246],[-69.2283,-11.4998],[-69.1034,-11.6813],[-68.9683,-11.9163],[-68.8836,-12.0726],[-68.6545,-12.4994],[-68.6639,-12.5246],[-68.678,-12.5229],[-68.6745,-12.553],[-68.6898,-12.5563],[-68.7157,-12.6053],[-68.7324,-12.6109],[-68.7406,-12.6328],[-68.7344,-12.6663],[-68.7125,-12.6816],[-68.742,-12.7073],[-68.7285,-12.7138],[-68.7675,-12.7422],[-68.7785,-12.7333],[-68.7882,-12.7569],[-68.8018,-12.7556],[-68.8178,-12.7897],[-68.8081,-12.8093],[-68.8251,-12.8058],[-68.8382,-12.8261],[-68.8348,-12.8562],[-68.859,-12.8593],[-68.8723,-12.8901],[-68.874,-12.9203],[-68.8615,-12.9247],[-68.8731,-12.9403],[-68.8719,-13.0039],[-69.3106,-13.1958],[-69.6472,-13.3412],[-69.6528,-13.341],[-69.9742,-13.2451],[-70.0326,-13.2237],[-70.4029,-13.1144],[-70.4177,-13.1331],[-70.3937,-13.13],[-70.4006,-13.1512],[-70.3856,-13.167],[-70.3885,-13.1924]]]}},{"type":"Feature","properties":{"ubigeo":"18","nombre":"Moquegua"},"geometry":{"type":"Polygon","coordinates":[[[-71.1394,-17.8215],[-71.1745,-17.8033],[-71.1774,-17.7892],[-71.2056,-17.7686],[-71.3269,-17.7043],[-71.3562,-17.6916],[-71.3799,-17.7019],[-71.3722,-17.6817],[-71.3415,-17.6367],[-71.3442,-17.6126],[-71.3582,-17.5888],[-71.3679,-17.521],[-71.363,-17.4888],[-71.3726,-17.4754],[-71.3976,-17.3864],[-71.427,-17.364],[-71.4371,-17.3386],[-71.4767,-17.3229],[-71.4725,-17.2972],[-71.4908,-17.285],[-71.4669,-17.2555],[-71.441,-17.2517],[-71.4109,-17.2126],[-71.3809,-17.1857],[-71.3514,-17.1474],[-71.327,-17.1365],[-71.3022,-17.0939],[-71.3258,-17.0564],[-71.319,-17.0442],[-71.3394,-17.0218],[-71.3649,-17.0145],[-71.3846,-17.0211],[-71.4058,-16.9558],[-71.4595,-16.9608],[-71.456,-16.9342],[-71.4242,-16.9198],[-71.4221,-16.8964],[-71.4409,-16.8613],[-71.4437,-16.8047],[-71.4294,-16.7747],[-71.4255,-16.7406],[-71.3694,-16.7197],[-71.3533,-16.725],[-71.347,-16.7422],[-71.3276,-16.7523],[-71.2891,-16.7265],[-71.296,-16.7074],[-71.2839,-16.6822],[-71.2792,-16.6158],[-71.2615,-16.6067],[-71.2628,-16.5849],[-71.2448,-16.5502],[-71.2371,-16.5021],[-71.2493,-16.4824],[-71.2456,-16.4669],[-71.2191,-16.4606],[-71.197,-16.4717],[-71.1395,-16.475],[-71.1239,-16.461],[-71.1102,-16.4658],[-71.0481,-16.4551],[-71.0373,-16.4857],[-71.0115,-16.4983],[-70.9672,-16.4811],[-70.9529,-16.461],[-70.9648,-16.4463],[-70.9752,-16.4122],[-70.9648,-16.3976],[-70.9754,-16.3889],[-70.9756,-16.3622],[-70.9863,-16.3099],[-70.9463,-16.3138],[-70.9391,-16.2989],[-70.9034,-16.2776],[-70.8861,-16.2853],[-70.8539,-16.2415],[-70.8658,-16.2263],[-70.8539,-16.2025],[-70.8611,-16.1747],[-70.8786,-16.1666],[-70.8678,-16.1539],[-70.8671,-16.1285],[-70.8938,-16.1028],[-70.8751,-16.0946],[-70.8567,-16.0563],[-70.8045,-16.0551],[-70.8201,-16.0316],[-70.8166,-16.0028],[-70.8286,-15.9992],[-70.8202,-15.9785],[-70.8,-15.976],[-70.7954,-15.9924],[-70.7745,-16.0138],[-70.7416,-16.0161],[-70.7286,-16.0314],[-70.7054,-16.0318],[-70.6692,-16.0138],[-70.6414,-15.9881],[-70.6248,-16.003],[-70.6124,-15.9948],[-70.5627,-15.9838],[-70.5261,-16.0267],[-70.5077,-16.0378],[-70.4631,-16.0496],[-70.4452,-16.0338],[-70.4351,-16.0602],[-70.4098,-16.0763],[-70.4013,-16.1025],[-70.4083,-16.1208],[-70.4019,-16.149],[-70.3897,-16.1562],[-70.3592,-16.2086],[-70.3308,-16.2029],[-70.3278,-16.2348],[-70.3451,-16.2561],[-70.3478,-16.2908],[-70.3388,-16.3228],[-70.3483,-16.3548],[-70.3821,-16.385],[-70.3566,-16.4003],[-70.3609,-16.4108],[-70.3334,-16.4114],[-70.3063,-16.4472],[-70.3138,-16.4665],[-70.3012,-16.4787],[-70.2435,-16.5045],[-70.2287,-16.5061],[-70.2005,-16.5396],[-70.1854,-16.5372],[-70.1757,-16.5607],[-70.1764,-16.5933],[-70.1687,-16.6096],[-70.0878,-16.6552],[-70.047,-16.628],[-70.0253,-16.6312],[-70.0015,-16.6566],[-69.9984,-16.6751],[-70.0118,-16.6885],[-69.9956,-16.7298],[-70.0119,-16.7418],[-70.0355,-16.7429],[-70.0322,-16.7529],[-70.0571,-16.7702],[-70.0573,-16.7865],[-70.0911,-16.8121],[-70.0943,-16.8909],[-70.1136,-16.9178],[-70.1466,-16.9387],[-70.1484,-16.9219],[-70.1773,-16.9162],[-70.1813,-16.9321],[-70.2113,-16.9436],[-70.2251,-16.9586],[-70.2472,-16.9524],[-70.2591,-16.902],[-70.2438,-16.8602],[-70.2169,-16.8433],[-70.1841,-16.8347],[-70.1816,-16.8172],[-70.2255,-16.8095],[-70.2528,-16.7989],[-70.2698,-16.7706],[-70.2919,-16.7813],[-70.3076,-16.773],[-70.3449,-16.7915],[-70.3728,-16.7982],[-70.3852,-16.8159],[-70.4407,-16.84],[-70.4504,-16.8603],[-70.442,-16.8931],[-70.4518,-16.9],[-70.4647,-16.9457],[-70.4435,-16.9621],[-70.4632,-17.0086],[-70.4441,-17.0456],[-70.4483,-17.0798],[-70.4919,-17.0914],[-70.4951,-17.1103],[-70.5278,-17.1683],[-70.5551,-17.1977],[-70.5725,-17.1941],[-70.61,-17.2145],[-70.6524,-17.2095],[-70.6842,-17.225],[-70.7043,-17.2672],[-70.7159,-17.2737],[-70.7059,-17.2896],[-70.73,-17.3182],[-70.7461,-17.3495],[-70.7524,-17.3806],[-70.7356,-17.4012],[-70.7546,-17.4376],[-70.78,-17.4506],[-70.8204,-17.4931],[-70.8438,-17.5247],[-70.8796,-17.5552],[-70.8841,-17.5816],[-70.9026,-17.6195],[-70.9125,-17.6874],[-70.9563,-17.676],[-71.0033,-17.6837],[-71.0166,-17.7088],[-71.0494,-17.7088],[-71.0833,-17.7175],[-71.082,-17.734],[-71.1011,-17.7395],[-71.1216,-17.786],[-71.1263,-17.8128],[-71.1394,-17.8215]]]}},{"type":"Feature","properties":{"ubigeo":"19","nombre":"Pasco"},"geometry":{"type":"Polygon","coordinates":[[[-74.57,-10.9152],[-74.6141,-10.9046],[-74.6493,-10.8671],[-74.6949,-10.8849],[-74.7079,-10.8582],[-74.7317,-10.8349],[-74.7604,-10.8251],[-74.7918,-10.8312],[-74.8365,-10.7713],[-74.8511,-10.733],[-74.8697,-10.7077],[-74.887,-10.7124],[-74.8659,-10.759],[-74.8933,-10.7692],[-74.9145,-10.7483],[-74.9393,-10.7488],[-74.9565,-10.7328],[-74.9828,-10.7498],[-75.0055,-10.7203],[-75.0073,-10.6874],[-75.0207,-10.6737],[-75.0356,-10.6823],[-75.0651,-10.6529],[-75.0716,-10.6778],[-75.0884,-10.6835],[-75.0977,-10.7084],[-75.127,-10.7382],[-75.1423,-10.7413],[-75.1573,-10.7601],[-75.1766,-10.7499],[-75.1899,-10.7804],[-75.2042,-10.7647],[-75.2442,-10.7642],[-75.2435,-10.7906],[-75.2624,-10.8253],[-75.2884,-10.8421],[-75.3043,-10.8382],[-75.3388,-10.8007],[-75.3534,-10.8041],[-75.3627,-10.8501],[-75.3869,-10.8649],[-75.4096,-10.846],[-75.3908,-10.8323],[-75.3869,-10.7995],[-75.3951,-10.759],[-75.4351,-10.7476],[-75.4647,-10.7516],[-75.4697,-10.7762],[-75.4829,-10.7655],[-75.5231,-10.7537],[-75.5312,-10.7436],[-75.5569,-10.7441],[-75.5638,-10.7298],[-75.5897,-10.8109],[-75.6056,-10.8219],[-75.6661,-10.8286],[-75.6785,-10.8402],[-75.6934,-10.8342],[-75.6933,-10.8172],[-75.7324,-10.8092],[-75.7627,-10.8302],[-75.786,-10.8246],[-75.8183,-10.854],[-75.816,-10.8729],[-75.8384,-10.8863],[-75.8618,-10.8684],[-75.9171,-10.8744],[-75.9359,-10.8897],[-75.9371,-10.8715],[-75.9927,-10.821],[-76.0508,-10.8835],[-76.0681,-10.8866],[-76.0913,-10.9066],[-76.099,-10.9303],[-76.1229,-10.9626],[-76.1361,-10.9465],[-76.1909,-10.9603],[-76.2237,-10.915],[-76.2491,-10.9246],[-76.2798,-10.9131],[-76.2789,-10.9235],[-76.2729,-10.971],[-76.2557,-11.0024],[-76.2596,-11.0259],[-76.2402,-11.0469],[-76.2494,-11.1073],[-76.2152,-11.1484],[-76.2278,-11.1556],[-76.2449,-11.143],[-76.2629,-11.1496],[-76.3079,-11.1327],[-76.3181,-11.0916],[-76.3378,-11.0827],[-76.351,-11.0942],[-76.3972,-11.0758],[-76.4468,-11.0712],[-76.4646,-11.0847],[-76.4912,-11.0894],[-76.5147,-11.0687],[-76.5313,-11.0361],[-76.5802,-11.0108],[-76.5792,-10.9814],[-76.5651,-10.9662],[-76.5783,-10.9025],[-76.5806,-10.8669],[-76.6016,-10.8159],[-76.6141,-10.817],[-76.6335,-10.7845],[-76.627,-10.7693],[-76.6405,-10.7486],[-76.6594,-10.6883],[-76.6691,-10.6807],[-76.6557,-10.6468],[-76.6756,-10.6214],[-76.6859,-10.5815],[-76.7037,-10.5886],[-76.705,-10.5639],[-76.7169,-10.523],[-76.7289,-10.5111],[-76.7292,-10.4791],[-76.7022,-10.4615],[-76.6985,-10.4446],[-76.6632,-10.4376],[-76.6472,-10.4151],[-76.6204,-10.4152],[-76.5934,-10.4015],[-76.5934,-10.3872],[-76.5751,-10.3758],[-76.5579,-10.3933],[-76.5242,-10.3774],[-76.4909,-10.3789],[-76.4863,-10.3519],[-76.4728,-10.3378],[-76.4933,-10.3104],[-76.4439,-10.3205],[-76.4023,-10.3092],[-76.3872,-10.2893],[-76.3647,-10.2994],[-76.3358,-10.2863],[-76.3308,-10.3138],[-76.3168,-10.341],[-76.3234,-10.3596],[-76.3093,-10.4056],[-76.2868,-10.4168],[-76.2751,-10.4031],[-76.2665,-10.3692],[-76.2252,-10.3966],[-76.2309,-10.3718],[-76.2028,-10.3776],[-76.2072,-10.3887],[-76.1854,-10.3955],[-76.1643,-10.414],[-76.1404,-10.4106],[-76.1289,-10.431],[-76.0946,-10.4294],[-76.0747,-10.4395],[-76.0783,-10.452],[-76.0576,-10.4652],[-76.0408,-10.4549],[-76.0281,-10.4671],[-76.0107,-10.4554],[-76.0028,-10.4889],[-75.9758,-10.4793],[-75.9252,-10.4068],[-75.9345,-10.375],[-75.9244,-10.356],[-75.8788,-10.3136],[-75.8564,-10.3017],[-75.8429,-10.2624],[-75.8127,-10.2441],[-75.7856,-10.2524],[-75.7595,-10.2377],[-75.7215,-10.2274],[-75.704,-10.2067],[-75.6993,-10.1717],[-75.7057,-10.1591],[-75.7011,-10.1296],[-75.6769,-10.0562],[-75.6403,-10.0264],[-75.6031,-10.0255],[-75.5953,-10.0102],[-75.598,-9.9581],[-75.5604,-9.9641],[-75.5484,-9.9844],[-75.4921,-9.98],[-75.4746,-9.9922],[-75.4623,-9.9573],[-75.4417,-9.9363],[-75.4229,-9.9436],[-75.3966,-9.909],[-75.4112,-9.8884],[-75.3694,-9.8708],[-75.3252,-9.8769],[-75.2882,-9.8707],[-75.2758,-9.8498],[-75.3099,-9.7761],[-75.2569,-9.7786],[-75.1601,-9.84],[-75.1084,-9.8463],[-75.0801,-9.8392],[-75.0568,-9.8192],[-75.0131,-9.8381],[-74.9936,-9.8398],[-74.9856,-9.8641],[-74.9516,-9.8599],[-74.9034,-9.8389],[-74.8791,-9.8205],[-74.8526,-9.8484],[-74.835,-9.8471],[-74.8362,-9.82],[-74.8238,-9.8159],[-74.8214,-9.7849],[-74.8425,-9.7875],[-74.8438,-9.7491],[-74.8168,-9.7364],[-74.8288,-9.704],[-74.8219,-9.6772],[-74.7866,-9.6645],[-74.7658,-9.6383],[-74.7724,-9.6143],[-74.7557,-9.6065],[-74.7558,-9.584],[-74.7352,-9.5727],[-74.7505,-9.5246],[-74.7168,-9.4591],[-74.676,-9.4469],[-74.6224,-9.4611],[-74.5811,-9.4766],[-74.5932,-9.5096],[-74.5732,-9.5509],[-74.5756,-9.5705],[-74.5317,-9.5921],[-74.4948,-9.5911],[-74.4907,-9.6188],[-74.4973,-9.6376],[-74.4897,-9.6533],[-74.4901,-9.6852],[-74.4741,-9.7301],[-74.4554,-9.746],[-74.4472,-9.7771],[-74.4511,-9.8107],[-74.4502,-9.8702],[-74.4376,-9.8724],[-74.4146,-9.9021],[-74.4114,-9.9582],[-74.424,-9.9894],[-74.4124,-10.0082],[-74.4183,-10.0248],[-74.4043,-10.0506],[-74.3899,-10.0513],[-74.3777,-10.0736],[-74.3771,-10.0999],[-74.3556,-10.1188],[-74.3313,-10.1085],[-74.315,-10.1132],[-74.3037,-10.1639],[-74.2432,-10.1775],[-74.2273,-10.1988],[-74.2346,-10.22],[-74.224,-10.2562],[-74.2344,-10.2954],[-74.2502,-10.3144],[-74.2369,-10.3201],[-74.2627,-10.3637],[-74.242,-10.3832],[-74.2529,-10.4171],[-74.2393,-10.4412],[-74.2269,-10.4431],[-74.1814,-10.4852],[-74.1824,-10.5033],[-74.1569,-10.5492],[-74.1327,-10.6049],[-74.1394,-10.6252],[-74.131,-10.6547],[-74.1405,-10.6568],[-74.1692,-10.6371],[-74.2017,-10.6311],[-74.2297,-10.6346],[-74.2276,-10.6518],[-74.2457,-10.6545],[-74.2589,-10.6804],[-74.2869,-10.6704],[-74.2883,-10.6854],[-74.3164,-10.7259],[-74.337,-10.7339],[-74.3597,-10.7594],[-74.3839,-10.7475],[-74.3745,-10.7849],[-74.3857,-10.8118],[-74.4296,-10.8127],[-74.4666,-10.8363],[-74.4801,-10.8351],[-74.4862,-10.8874],[-74.5032,-10.8942],[-74.5433,-10.8913],[-74.5692,-10.904],[-74.57,-10.9152]]]}},{"type":"Feature","properties":{"ubigeo":"20","nombre":"Piura"},"geometry":{"type":"Polygon","coordinates":[[[-79.21,-4.9659],[-79.2222,-4.9824],[-79.215,-5.0101],[-79.2277,-5.0498],[-79.273,-5.0585],[-79.2733,-5.0728],[-79.2962,-5.1012],[-79.296,-5.112],[-79.3304,-5.1244],[-79.3433,-5.1654],[-79.3675,-5.1745],[-79.3784,-5.1905],[-79.3683,-5.2134],[-79.3487,-5.2326],[-79.347,-5.2499],[-79.359,-5.2886],[-79.3304,-5.3254],[-79.3197,-5.3623],[-79.3084,-5.3647],[-79.3046,-5.4283],[-79.2977,-5.4581],[-79.2808,-5.4874],[-79.2819,-5.5252],[-79.3107,-5.5201],[-79.329,-5.5351],[-79.387,-5.5224],[-79.3995,-5.5387],[-79.3803,-5.5704],[-79.3721,-5.598],[-79.3828,-5.6363],[-79.3845,-5.6803],[-79.3983,-5.6994],[-79.4015,-5.7492],[-79.3891,-5.7935],[-79.376,-5.8005],[-79.3763,-5.8241],[-79.3558,-5.8519],[-79.3536,-5.8711],[-79.3354,-5.894],[-79.3674,-5.9372],[-79.3984,-5.9499],[-79.4186,-5.9701],[-79.4629,-5.9444],[-79.4701,-5.9281],[-79.5207,-5.9128],[-79.5517,-5.9329],[-79.6004,-5.9396],[-79.6111,-5.9235],[-79.6135,-5.8951],[-79.6264,-5.8874],[-79.6352,-5.8522],[-79.624,-5.8235],[-79.6226,-5.7976],[-79.6514,-5.816],[-79.662,-5.8342],[-79.6827,-5.8464],[-79.7373,-5.8377],[-79.7393,-5.7996],[-79.7274,-5.7819],[-79.7173,-5.7393],[-79.7493,-5.7097],[-79.7664,-5.7083],[-79.7454,-5.6758],[-79.805,-5.6464],[-79.8182,-5.6646],[-79.8329,-5.6455],[-79.8538,-5.5991],[-79.8644,-5.5634],[-79.854,-5.5318],[-79.8775,-5.5096],[-79.8954,-5.4821],[-79.9459,-5.515],[-79.9557,-5.541],[-79.9605,-5.5816],[-79.9992,-5.5854],[-80.0528,-5.5636],[-80.0555,-5.6082],[-80.07,-5.6462],[-80.0664,-5.6982],[-80.0942,-5.7037],[-80.0911,-5.7269],[-80.1029,-5.7621],[-80.0921,-5.7951],[-80.053,-5.8112],[-80.1061,-5.8674],[-80.1309,-5.8887],[-80.1989,-5.893],[-80.2173,-5.9039],[-80.2696,-5.917],[-80.3274,-5.9474],[-80.3762,-6.007],[-80.5027,-6.1924],[-80.6271,-6.3721],[-80.7099,-6.3301],[-80.7569,-6.3122],[-80.7979,-6.289],[-80.8611,-6.2288],[-80.9131,-6.1906],[-81.0916,-6.082],[-81.1115,-6.0619],[-81.1173,-6.0403],[-81.1404,-6.0067],[-81.1493,-5.9812],[-81.145,-5.9312],[-81.1493,-5.8892],[-81.1285,-5.8645],[-81.1235,-5.843],[-81.1026,-5.8432],[-81.0878,-5.8209],[-81.0844,-5.7948],[-81.0684,-5.7857],[-81.0423,-5.8171],[-81.0217,-5.8306],[-80.9431,-5.8457],[-80.922,-5.8369],[-80.8915,-5.8098],[-80.8612,-5.7497],[-80.8539,-5.7166],[-80.8525,-5.6355],[-80.8663,-5.5902],[-80.8976,-5.5115],[-80.9302,-5.4575],[-80.9585,-5.4231],[-81.053,-5.331],[-81.0918,-5.3084],[-81.1082,-5.3147],[-81.1381,-5.2636],[-81.1946,-5.2121],[-81.1736,-5.1841],[-81.1676,-5.1564],[-81.179,-5.1322],[-81.1605,-5.1234],[-81.1714,-5.0883],[-81.16,-5.0727],[-81.1332,-5.0703],[-81.1093,-5.0849],[-81.0754,-5.0697],[-81.0602,-5.0393],[-81.0667,-5.0053],[-81.0864,-4.9673],[-81.1422,-4.9076],[-81.1766,-4.8554],[-81.3281,-4.6819],[-81.3096,-4.6618],[-81.2947,-4.6172],[-81.2862,-4.5754],[-81.2748,-4.5722],[-81.2824,-4.5252],[-81.3036,-4.4832],[-81.2998,-4.4597],[-81.2801,-4.4527],[-81.2523,-4.3927],[-81.2493,-4.3548],[-81.2607,-4.3109],[-81.2545,-4.2794],[-81.2371,-4.2507],[-81.1686,-4.2105],[-81.1429,-4.178],[-81.1269,-4.1721],[-81.1006,-4.1289],[-81.0543,-4.1028],[-81.0419,-4.0829],[-81.0289,-4.1052],[-81.0007,-4.1112],[-80.9713,-4.1271],[-80.9619,-4.1505],[-80.9676,-4.1726],[-80.9283,-4.169],[-80.8828,-4.1928],[-80.824,-4.1856],[-80.8033,-4.176],[-80.7705,-4.1742],[-80.7455,-4.184],[-80.7334,-4.1789],[-80.7186,-4.1942],[-80.7003,-4.1878],[-80.6452,-4.2296],[-80.6232,-4.2318],[-80.5608,-4.1747],[-80.559,-4.1611],[-80.5264,-4.1204],[-80.5172,-4.098],[-80.4873,-4.0831],[-80.4638,-4.1158],[-80.4486,-4.1207],[-80.4493,-4.2093],[-80.4343,-4.1959],[-80.4093,-4.2185],[-80.3713,-4.1976],[-80.3527,-4.2207],[-80.3394,-4.2085],[-80.3288,-4.2231],[-80.3672,-4.2821],[-80.3984,-4.3038],[-80.4299,-4.3428],[-80.4525,-4.3808],[-80.452,-4.4303],[-80.4388,-4.4564],[-80.4173,-4.4597],[-80.3895,-4.4861],[-80.3359,-4.4674],[-80.29,-4.4346],[-80.2956,-4.4248],[-80.2771,-4.4041],[-80.2621,-4.4104],[-80.2322,-4.3738],[-80.2197,-4.3764],[-80.219,-4.3553],[-80.1872,-4.3356],[-80.1792,-4.2975],[-80.1648,-4.2899],[-80.154,-4.3033],[-80.1418,-4.2856],[-80.135,-4.2963],[-80.1042,-4.291],[-80.0615,-4.3102],[-80.0345,-4.3487],[-80.0141,-4.3569],[-79.9918,-4.38],[-79.9599,-4.395],[-79.9309,-4.3943],[-79.9207,-4.3856],[-79.8713,-4.413],[-79.8541,-4.4345],[-79.853,-4.4513],[-79.813,-4.4911],[-79.7939,-4.493],[-79.7488,-4.4829],[-79.7197,-4.4681],[-79.7064,-4.4716],[-79.6555,-4.434],[-79.6281,-4.4394],[-79.6003,-4.4565],[-79.5814,-4.498],[-79.5439,-4.5265],[-79.5149,-4.5186],[-79.4963,-4.5219],[-79.4766,-4.5697],[-79.4916,-4.5776],[-79.4856,-4.6291],[-79.4698,-4.6422],[-79.4584,-4.6982],[-79.4288,-4.7479],[-79.3935,-4.8362],[-79.3661,-4.8377],[-79.3457,-4.8857],[-79.3098,-4.8977],[-79.288,-4.9432],[-79.2618,-4.9684],[-79.21,-4.9659]]]}},{"type":"Feature","properties":{"ubigeo":"21","nombre":"Puno"},"geometry":{"type":"MultiPolygon","coordinates":[[[[-70.1466,-16.9387],[-70.1136,-16.9178],[-70.0943,-16.8909],[-70.0911,-16.8121],[-70.0573,-16.7865],[-70.0571,-16.7702],[-70.0322,-16.7529],[-70.0355,-16.7429],[-70.0119,-16.7418],[-69.9956,-16.7298],[-70.0118,-16.6885],[-69.9984,-16.6751],[-70.0015,-16.6566],[-70.0253,-16.6312],[-70.047,-16.628],[-70.0878,-16.6552],[-70.1687,-16.6096],[-70.1764,-16.5933],[-70.1757,-16.5607],[-70.1854,-16.5372],[-70.2005,-16.5396],[-70.2287,-16.5061],[-70.2435,-16.5045],[-70.3012,-16.4787],[-70.3138,-16.4665],[-70.3063,-16.4472],[-70.3334,-16.4114],[-70.3609,-16.4108],[-70.3566,-16.4003],[-70.3821,-16.385],[-70.3483,-16.3548],[-70.3388,-16.3228],[-70.3478,-16.2908],[-70.3451,-16.2561],[-70.3278,-16.2348],[-70.3308,-16.2029],[-70.3592,-16.2086],[-70.3897,-16.1562],[-70.4019,-16.149],[-70.4083,-16.1208],[-70.4013,-16.1025],[-70.4098,-16.0763],[-70.4351,-16.0602],[-70.4452,-16.0338],[-70.4631,-16.0496],[-70.5077,-16.0378],[-70.5261,-16.0267],[-70.5627,-15.9838],[-70.6124,-15.9948],[-70.6248,-16.003],[-70.6414,-15.9881],[-70.6692,-16.0138],[-70.7054,-16.0318],[-70.7286,-16.0314],[-70.7416,-16.0161],[-70.7745,-16.0138],[-70.7954,-15.9924],[-70.8,-15.976],[-70.8202,-15.9785],[-70.8419,-15.971],[-70.8322,-15.9491],[-70.8658,-15.8894],[-70.8938,-15.8869],[-70.8904,-15.8528],[-70.9198,-15.8],[-70.9423,-15.7746],[-70.9233,-15.747],[-70.9039,-15.7353],[-70.9001,-15.7121],[-70.9176,-15.6874],[-70.918,-15.6438],[-70.924,-15.633],[-70.983,-15.597],[-71.0073,-15.5629],[-71.018,-15.5278],[-71.008,-15.5192],[-71.0152,-15.4892],[-70.9945,-15.4699],[-70.994,-15.4548],[-71.0271,-15.432],[-71.039,-15.4052],[-71.0199,-15.3733],[-71.0123,-15.3438],[-70.9839,-15.3166],[-70.9579,-15.3182],[-70.9523,-15.2898],[-70.9734,-15.275],[-70.9853,-15.249],[-70.9625,-15.2156],[-70.9719,-15.1799],[-70.9803,-15.1064],[-70.9944,-15.0934],[-70.9931,-15.0423],[-71.0039,-15.0014],[-71.0041,-14.9719],[-70.9847,-14.9461],[-70.9863,-14.9155],[-70.9966,-14.8857],[-70.9915,-14.8609],[-70.9958,-14.8314],[-70.9793,-14.8251],[-70.9837,-14.786],[-70.9755,-14.7641],[-71.0131,-14.7397],[-71.0278,-14.7601],[-71.0532,-14.7543],[-71.0895,-14.7132],[-71.0878,-14.6971],[-71.1137,-14.6667],[-71.1097,-14.6342],[-71.0739,-14.6314],[-71.0428,-14.6014],[-71.0014,-14.5722],[-70.9798,-14.583],[-70.9661,-14.5683],[-70.9992,-14.5023],[-70.9866,-14.4987],[-70.9881,-14.4559],[-70.9625,-14.4448],[-70.9858,-14.4067],[-70.9852,-14.3791],[-70.9626,-14.3618],[-70.9078,-14.334],[-70.9139,-14.3044],[-70.8806,-14.2709],[-70.8821,-14.2538],[-70.8993,-14.2293],[-70.8821,-14.1988],[-70.8862,-14.1714],[-70.8668,-14.1691],[-70.8491,-14.1508],[-70.8209,-14.14],[-70.8089,-14.1242],[-70.7959,-14.0721],[-70.8482,-14.0556],[-70.8618,-14.0262],[-70.8405,-14.0073],[-70.852,-14.0005],[-70.8456,-13.9622],[-70.833,-13.9381],[-70.811,-13.9186],[-70.8107,-13.9051],[-70.8309,-13.8951],[-70.8313,-13.8589],[-70.8535,-13.8538],[-70.8812,-13.8328],[-70.8803,-13.8181],[-70.8625,-13.8003],[-70.8284,-13.8276],[-70.8179,-13.8205],[-70.7684,-13.8143],[-70.7214,-13.8293],[-70.7098,-13.8421],[-70.6989,-13.8032],[-70.7264,-13.7471],[-70.7356,-13.7118],[-70.7212,-13.7002],[-70.7151,-13.6623],[-70.6889,-13.6526],[-70.6707,-13.6621],[-70.6539,-13.6559],[-70.6162,-13.6091],[-70.5604,-13.5866],[-70.5417,-13.5745],[-70.5459,-13.5454],[-70.534,-13.5253],[-70.4958,-13.5014],[-70.4566,-13.4566],[-70.471,-13.4423],[-70.4426,-13.3934],[-70.4504,-13.3645],[-70.4189,-13.3589],[-70.4001,-13.3717],[-70.3927,-13.3448],[-70.402,-13.3265],[-70.3692,-13.3076],[-70.3458,-13.3127],[-70.3483,-13.2936],[-70.3708,-13.2764],[-70.4013,-13.2706],[-70.4204,-13.2586],[-70.4174,-13.2436],[-70.3906,-13.2321],[-70.3885,-13.1924],[-70.3856,-13.167],[-70.4006,-13.1512],[-70.3937,-13.13],[-70.4177,-13.1331],[-70.4029,-13.1144],[-70.0326,-13.2237],[-69.9742,-13.2451],[-69.6528,-13.341],[-69.6472,-13.3412],[-69.3106,-13.1958],[-68.8719,-13.0039],[-68.866,-13.0292],[-68.8517,-13.0325],[-68.8544,-13.0607],[-68.8686,-13.0801],[-68.8598,-13.0957],[-68.8772,-13.1386],[-68.8669,-13.135],[-68.8707,-13.1677],[-68.8522,-13.2107],[-68.8627,-13.225],[-68.8455,-13.2459],[-68.8595,-13.256],[-68.8594,-13.3123],[-68.878,-13.3322],[-68.8688,-13.3592],[-68.8883,-13.3733],[-68.8858,-13.3974],[-68.8976,-13.4138],[-68.8921,-13.4369],[-68.906,-13.4371],[-68.9021,-13.4715],[-68.9156,-13.4828],[-68.9127,-13.5048],[-68.9426,-13.5382],[-68.9458,-13.5686],[-68.9576,-13.5922],[-68.952,-13.6029],[-68.9753,-13.6041],[-69.0052,-13.6248],[-68.993,-13.6499],[-69.021,-13.6573],[-69.0372,-13.6403],[-69.061,-13.657],[-69.0672,-13.6868],[-69.0355,-13.7162],[-69.0259,-13.7393],[-69.0081,-13.7384],[-68.9745,-13.7606],[-68.9806,-13.7833],[-68.9942,-13.7875],[-68.9177,-13.8137],[-68.9411,-13.8395],[-68.9514,-13.8791],[-68.9821,-13.8941],[-68.9828,-13.9301],[-68.9704,-13.9483],[-68.9781,-13.978],[-68.9347,-14.0272],[-68.8956,-14.0413],[-68.8799,-14.0638],[-68.8711,-14.1111],[-68.8495,-14.138],[-68.8333,-14.1449],[-68.8562,-14.1627],[-68.8464,-14.1966],[-68.8278,-14.2194],[-68.9624,-14.2201],[-68.9688,-14.235],[-68.9887,-14.2425],[-68.9791,-14.2635],[-69.0048,-14.2904],[-69.0152,-14.3147],[-69.0041,-14.3452],[-68.9854,-14.3747],[-69.0053,-14.4043],[-69.0262,-14.4097],[-69.0309,-14.4261],[-69.06,-14.442],[-69.0819,-14.4444],[-69.0988,-14.4861],[-69.1115,-14.4855],[-69.1247,-14.5126],[-69.1542,-14.5221],[-69.1435,-14.5303],[-69.15,-14.5803],[-69.1654,-14.5887],[-69.22,-14.5816],[-69.2299,-14.6005],[-69.2297,-14.6567],[-69.2424,-14.6594],[-69.258,-14.6829],[-69.2545,-14.6998],[-69.2253,-14.7407],[-69.2399,-14.7595],[-69.2709,-14.7696],[-69.3012,-14.7653],[-69.3538,-14.8017],[-69.3568,-14.852],[-69.3439,-14.8827],[-69.3596,-14.9371],[-69.3601,-14.9605],[-69.3249,-15.0048],[-69.3164,-15.0364],[-69.2905,-15.0741],[-69.2852,-15.0946],[-69.2637,-15.1104],[-69.2433,-15.1124],[-69.2337,-15.1268],[-69.1753,-15.1794],[-69.154,-15.2151],[-69.1315,-15.234],[-69.1201,-15.2601],[-69.1397,-15.2567],[-69.1529,-15.2685],[-69.1763,-15.2614],[-69.178,-15.2792],[-69.1933,-15.2952],[-69.1948,-15.315],[-69.2156,-15.3172],[-69.2486,-15.3708],[-69.2603,-15.374],[-69.2498,-15.4267],[-69.2323,-15.4418],[-69.2535,-15.4692],[-69.2901,-15.4369],[-69.3117,-15.473],[-69.3006,-15.4863],[-69.3311,-15.5379],[-69.359,-15.528],[-69.3911,-15.5073],[-69.375,-15.4893],[-69.3596,-15.5062],[-69.3584,-15.4829],[-69.3761,-15.4715],[-69.3945,-15.4808],[-69.435,-15.4824],[-69.4171,-15.5041],[-69.4416,-15.4917],[-69.4378,-15.4674],[-69.4598,-15.4533],[-69.4767,-15.4272],[-69.5132,-15.4069],[-69.5309,-15.3878],[-69.5221,-15.37],[-69.5538,-15.3756],[-69.5556,-15.3594],[-69.5929,-15.3723],[-69.605,-15.3548],[-69.6298,-15.3437],[-69.6292,-15.3337],[-69.6537,-15.2986],[-69.6365,-15.313],[-69.6422,-15.2823],[-69.6774,-15.243],[-69.6992,-15.2336],[-69.7372,-15.2432],[-69.7508,-15.2698],[-69.7244,-15.2731],[-69.7024,-15.2952],[-69.7169,-15.3096],[-69.7244,-15.2965],[-69.7509,-15.2832],[-69.7603,-15.3085],[-69.7826,-15.3186],[-69.7917,-15.3012],[-69.8294,-15.2771],[-69.8444,-15.2937],[-69.8674,-15.3013],[-69.8943,-15.2951],[-69.9011,-15.3143],[-69.8894,-15.3317],[-69.8715,-15.3346],[-69.873,-15.366],[-69.8442,-15.353],[-69.8069,-15.3451],[-69.792,-15.3517],[-69.8544,-15.3603],[-69.8737,-15.3771],[-69.8767,-15.3617],[-69.9052,-15.356],[-69.9064,-15.3674],[-69.9335,-15.3665],[-69.9292,-15.3847],[-69.9429,-15.3967],[-69.9194,-15.4366],[-69.9221,-15.4549],[-69.8891,-15.5103],[-69.8644,-15.5349],[-69.8607,-15.5571],[-69.8253,-15.5881],[-69.8087,-15.6114],[-69.8163,-15.6171],[-69.7958,-15.6622],[-69.7707,-15.6584],[-69.7611,-15.6818],[-69.7971,-15.6676],[-69.8032,-15.6743],[-69.7848,-15.6938],[-69.7533,-15.7126],[-69.7508,-15.7291],[-69.7939,-15.7253],[-69.8212,-15.707],[-69.8508,-15.6741],[-69.8449,-15.6407],[-69.8607,-15.6187],[-69.8929,-15.5934],[-69.906,-15.5655],[-69.9296,-15.5709],[-69.9332,-15.5889],[-69.9186,-15.5908],[-69.9159,-15.6271],[-69.9249,-15.63],[-69.9499,-15.6754],[-69.9674,-15.6654],[-69.9563,-15.6879],[-69.9749,-15.7053],[-69.9892,-15.691],[-70.0116,-15.6867],[-70.0342,-15.723],[-70.0253,-15.7451],[-70.0352,-15.7687],[-70.0167,-15.7932],[-70.0053,-15.7894],[-69.989,-15.82],[-70.0178,-15.8294],[-70.0151,-15.8507],[-69.9973,-15.8637],[-69.9633,-15.8509],[-69.9195,-15.88],[-69.883,-15.8902],[-69.8844,-15.9018],[-69.8604,-15.9316],[-69.837,-15.911],[-69.8184,-15.912],[-69.7841,-15.9281],[-69.7776,-15.9167],[-69.7891,-15.8884],[-69.8252,-15.8615],[-69.8481,-15.8673],[-69.8428,-15.8082],[-69.8221,-15.7854],[-69.8056,-15.7834],[-69.7975,-15.806],[-69.7668,-15.8339],[-69.7795,-15.856],[-69.7693,-15.895],[-69.7467,-15.9087],[-69.7021,-15.9203],[-69.6842,-15.9518],[-69.6636,-15.9697],[-69.5989,-15.9895],[-69.5561,-15.9759],[-69.5132,-15.9897],[-69.4755,-16.0186],[-69.4637,-16.0146],[-69.5071,-15.9827],[-69.4814,-15.9942],[-69.4517,-15.9936],[-69.4232,-16.047],[-69.4303,-16.0944],[-69.4342,-16.0542],[-69.4552,-16.0641],[-69.452,-16.0801],[-69.4745,-16.1162],[-69.5055,-16.1437],[-69.4919,-16.1601],[-69.514,-16.1849],[-69.4943,-16.2081],[-69.4626,-16.2027],[-69.4241,-16.1789],[-69.3835,-16.1888],[-69.3994,-16.2069],[-69.358,-16.2501],[-69.3178,-16.2568],[-69.2953,-16.2539],[-69.2787,-16.2893],[-69.2568,-16.2997],[-69.2363,-16.2668],[-69.2089,-16.2675],[-69.1454,-16.2531],[-69.116,-16.2377],[-69.0973,-16.2438],[-69.1027,-16.2247],[-69.0815,-16.2214],[-69.0553,-16.1974],[-69.0128,-16.2198],[-68.9843,-16.1901],[-68.9567,-16.1965],[-68.9696,-16.2408],[-68.9827,-16.265],[-69.0045,-16.272],[-69.0068,-16.2601],[-69.0326,-16.2696],[-69.0554,-16.249],[-69.0741,-16.2564],[-69.0707,-16.2812],[-69.0506,-16.2827],[-69.022,-16.3319],[-69.0308,-16.3758],[-69.0231,-16.4039],[-69.0425,-16.4301],[-69.092,-16.4708],[-69.0985,-16.4907],[-69.0846,-16.4971],[-69.066,-16.5334],[-69.0369,-16.5597],[-69.0313,-16.6058],[-69.0171,-16.6382],[-68.9961,-16.6566],[-69.0453,-16.6883],[-69.1045,-16.7125],[-69.1364,-16.7135],[-69.17,-16.7275],[-69.1817,-16.7575],[-69.1862,-16.7976],[-69.1975,-16.7992],[-69.2192,-16.8361],[-69.2534,-16.861],[-69.3047,-16.9158],[-69.3246,-16.9515],[-69.3201,-16.9608],[-69.3436,-16.9869],[-69.3712,-16.9922],[-69.3946,-17.0239],[-69.3731,-17.0483],[-69.3737,-17.0731],[-69.4063,-17.1003],[-69.4329,-17.1099],[-69.4491,-17.0978],[-69.5118,-17.1462],[-69.5569,-17.1593],[-69.5798,-17.2081],[-69.6038,-17.2212],[-69.616,-17.2613],[-69.6363,-17.2712],[-69.6413,-17.2874],[-69.6547,-17.2708],[-69.6936,-17.2746],[-69.7311,-17.2955],[-69.7618,-17.2804],[-69.765,-17.264],[-69.7987,-17.232],[-69.8197,-17.2414],[-69.8514,-17.2437],[-69.8731,-17.2238],[-69.8981,-17.2211],[-69.9386,-17.2001],[-69.9814,-17.1686],[-69.9876,-17.1514],[-70.012,-17.1414],[-70.0231,-17.1238],[-70.0397,-17.128],[-70.0468,-17.0994],[-70.0468,-17.0564],[-70.0996,-17.006],[-70.0958,-16.9852],[-70.1171,-16.9726],[-70.1188,-16.9601],[-70.1466,-16.9387]],[[-69.9938,-15.1134],[-69.9972,-15.1402],[-69.99,-15.1674],[-70.027,-15.145],[-70.0532,-15.1121],[-70.0933,-15.1465],[-70.1171,-15.1471],[-70.1162,-15.1679],[-70.0605,-15.194],[-70.0141,-15.1965],[-69.9327,-15.2224],[-69.8933,-15.2053],[-69.9107,-15.1959],[-69.9326,-15.1539],[-69.9465,-15.151],[-69.9555,-15.1748],[-69.9734,-15.1559],[-69.9794,-15.1225],[-69.9938,-15.1134]],[[-70.2022,-15.7092],[-70.209,-15.7215],[-70.2062,-15.7658],[-70.1876,-15.7681],[-70.1725,-15.7535],[-70.1474,-15.7514],[-70.1476,-15.7303],[-70.1637,-15.7193],[-70.1896,-15.7253],[-70.2022,-15.7092]]],[[[-68.9185,-16.3777],[-68.9184,-16.2333],[-68.8847,-16.2657],[-68.8142,-16.3198],[-68.8142,-16.348],[-68.9184,-16.4037],[-68.9185,-16.3777]]],[[[-68.9361,-16.2378],[-68.9361,-16.2378],[-68.9361,-16.2378],[-68.9361,-16.2378]]],[[[-69.6921,-15.8952],[-69.6871,-15.9084],[-69.711,-15.9158],[-69.6921,-15.8952]]],[[[-69.8319,-15.8949],[-69.8319,-15.8949],[-69.8319,-15.8949],[-69.8319,-15.8949]]],[[[-69.6816,-15.7549],[-69.6755,-15.7906],[-69.6962,-15.7538],[-69.6816,-15.7549]]],[[[-69.7034,-15.6529],[-69.6924,-15.661],[-69.7029,-15.6767],[-69.7207,-15.6779],[-69.7272,-15.6634],[-69.7034,-15.6529]]]]}},{"type":"Feature","properties":{"ubigeo":"22","nombre":"San Martín"},"geometry":{"type":"Polygon","coordinates":[[[-75.9857,-8.3222],[-75.996,-8.3067],[-76.036,-8.3294],[-76.107,-8.3318],[-76.1282,-8.3605],[-76.1092,-8.3796],[-76.1094,-8.4178],[-76.1286,-8.4571],[-76.1264,-8.5454],[-76.1347,-8.5726],[-76.1229,-8.594],[-76.1199,-8.6354],[-76.107,-8.6424],[-76.1397,-8.6671],[-76.1453,-8.7114],[-76.1668,-8.7563],[-76.1861,-8.7555],[-76.2263,-8.7859],[-76.2401,-8.7707],[-76.2287,-8.745],[-76.2574,-8.7066],[-76.2527,-8.6654],[-76.2682,-8.6546],[-76.2641,-8.6103],[-76.2862,-8.5873],[-76.2861,-8.5691],[-76.3038,-8.5743],[-76.3008,-8.555],[-76.3249,-8.5231],[-76.3132,-8.5036],[-76.3274,-8.4799],[-76.3335,-8.4295],[-76.3758,-8.4226],[-76.4168,-8.4434],[-76.4362,-8.4701],[-76.4662,-8.5697],[-76.4953,-8.5758],[-76.4935,-8.5518],[-76.5395,-8.5135],[-76.5478,-8.4976],[-76.5663,-8.5081],[-76.6371,-8.5151],[-76.6415,-8.5229],[-76.6784,-8.5213],[-76.6935,-8.532],[-76.7299,-8.5148],[-76.741,-8.5246],[-76.7914,-8.5224],[-76.7968,-8.5109],[-76.8316,-8.5167],[-76.8647,-8.5663],[-76.8906,-8.5561],[-76.8971,-8.5688],[-76.936,-8.567],[-76.9554,-8.5456],[-76.967,-8.5596],[-76.9958,-8.555],[-77.0116,-8.5377],[-77.0498,-8.5537],[-77.0917,-8.517],[-77.0806,-8.4983],[-77.0889,-8.4828],[-77.1252,-8.4838],[-77.1426,-8.4758],[-77.1338,-8.44],[-77.1208,-8.4474],[-77.0932,-8.4345],[-77.0855,-8.4062],[-77.0652,-8.3966],[-77.0325,-8.404],[-77.0025,-8.3831],[-76.9765,-8.3959],[-76.9656,-8.3697],[-76.9501,-8.375],[-76.927,-8.3593],[-76.9318,-8.3435],[-76.9137,-8.3261],[-76.9012,-8.2835],[-76.915,-8.2324],[-76.9256,-8.2185],[-76.907,-8.1707],[-76.9302,-8.1385],[-76.947,-8.1399],[-76.9867,-8.1112],[-76.9973,-8.0823],[-77.0196,-8.0527],[-77.1183,-8.0252],[-77.1505,-8.032],[-77.2049,-8.0126],[-77.2383,-8.0133],[-77.2588,-8.0468],[-77.2923,-8.0601],[-77.3493,-8.0544],[-77.3733,-8.0647],[-77.3855,-8.0554],[-77.3752,-8.0326],[-77.4071,-7.992],[-77.3878,-7.9638],[-77.3905,-7.9473],[-77.3769,-7.9088],[-77.4068,-7.9025],[-77.4375,-7.8517],[-77.4316,-7.8417],[-77.4429,-7.8136],[-77.4798,-7.8033],[-77.5066,-7.7704],[-77.5278,-7.7576],[-77.4955,-7.7371],[-77.4829,-7.7193],[-77.4845,-7.6997],[-77.4613,-7.6914],[-77.4665,-7.6749],[-77.4979,-7.6864],[-77.5113,-7.6577],[-77.5377,-7.6509],[-77.5227,-7.6318],[-77.5217,-7.6127],[-77.4942,-7.6136],[-77.4858,-7.604],[-77.496,-7.5836],[-77.5367,-7.5823],[-77.5269,-7.5048],[-77.5495,-7.4959],[-77.5595,-7.4648],[-77.5929,-7.4435],[-77.599,-7.4485],[-77.6137,-7.4199],[-77.6304,-7.4133],[-77.6217,-7.3974],[-77.6391,-7.3433],[-77.6286,-7.32],[-77.6469,-7.2696],[-77.6373,-7.2545],[-77.6467,-7.2407],[-77.6055,-7.2192],[-77.621,-7.1916],[-77.6154,-7.1794],[-77.6336,-7.17],[-77.6435,-7.149],[-77.6813,-7.1316],[-77.7134,-7.1079],[-77.7176,-7.0864],[-77.7067,-7.0725],[-77.7319,-7.0487],[-77.7457,-7.0195],[-77.7471,-6.9867],[-77.7589,-6.9645],[-77.7384,-6.9483],[-77.7399,-6.9355],[-77.7073,-6.9088],[-77.7233,-6.8935],[-77.7401,-6.8441],[-77.7647,-6.7984],[-77.7353,-6.7883],[-77.7372,-6.7603],[-77.7467,-6.7518],[-77.7395,-6.7111],[-77.7456,-6.6652],[-77.7332,-6.648],[-77.6941,-6.6784],[-77.6627,-6.6599],[-77.6509,-6.6296],[-77.6281,-6.6126],[-77.6123,-6.6123],[-77.5637,-6.6441],[-77.5441,-6.677],[-77.4894,-6.6756],[-77.4547,-6.6817],[-77.4187,-6.7081],[-77.4071,-6.7268],[-77.4001,-6.7085],[-77.3817,-6.6976],[-77.405,-6.6631],[-77.4077,-6.6463],[-77.4237,-6.6381],[-77.4379,-6.6025],[-77.3939,-6.6027],[-77.3839,-6.5734],[-77.361,-6.5651],[-77.3352,-6.5223],[-77.3264,-6.468],[-77.3046,-6.4513],[-77.298,-6.4255],[-77.2732,-6.4065],[-77.2825,-6.3733],[-77.2867,-6.331],[-77.26,-6.3277],[-77.2215,-6.3811],[-77.2082,-6.3752],[-77.1717,-6.3812],[-77.1494,-6.3589],[-77.1323,-6.3226],[-77.1327,-6.3024],[-77.1691,-6.255],[-77.2,-6.2312],[-77.2191,-6.1957],[-77.2026,-6.182],[-77.223,-6.1469],[-77.2538,-6.1385],[-77.2815,-6.1417],[-77.3464,-6.1143],[-77.3605,-6.0722],[-77.3805,-6.08],[-77.3955,-6.0394],[-77.4193,-6.0324],[-77.4345,-6.0604],[-77.4675,-6.0196],[-77.4736,-6.0001],[-77.4898,-6.0289],[-77.5098,-6.0325],[-77.5188,-6.0559],[-77.5338,-6.0634],[-77.5547,-6.0507],[-77.5651,-6.0292],[-77.5983,-6.0313],[-77.5935,-6.0093],[-77.6391,-6.0011],[-77.6736,-5.9703],[-77.6519,-5.9353],[-77.6661,-5.8939],[-77.6834,-5.8761],[-77.6779,-5.8596],[-77.6948,-5.8402],[-77.7264,-5.844],[-77.7639,-5.8197],[-77.7704,-5.7881],[-77.7607,-5.7692],[-77.7722,-5.7529],[-77.7594,-5.7298],[-77.7751,-5.7108],[-77.7737,-5.6852],[-77.7544,-5.659],[-77.7526,-5.6376],[-77.7369,-5.6051],[-77.7658,-5.539],[-77.757,-5.5139],[-77.7716,-5.4939],[-77.7706,-5.4782],[-77.749,-5.4581],[-77.7685,-5.438],[-77.743,-5.4065],[-77.7127,-5.4164],[-77.696,-5.4111],[-77.6704,-5.4096],[-77.6575,-5.4264],[-77.607,-5.4486],[-77.5948,-5.4642],[-77.5817,-5.4612],[-77.5581,-5.4256],[-77.5174,-5.4667],[-77.4918,-5.5293],[-77.5081,-5.5515],[-77.4905,-5.5624],[-77.4748,-5.5551],[-77.4619,-5.5841],[-77.4363,-5.5923],[-77.4087,-5.5892],[-77.4046,-5.5748],[-77.3718,-5.5671],[-77.345,-5.589],[-77.3383,-5.6035],[-77.2768,-5.6025],[-77.2624,-5.6134],[-77.2319,-5.5955],[-77.2022,-5.6345],[-77.1787,-5.6414],[-77.1619,-5.6246],[-77.1424,-5.6254],[-77.1371,-5.644],[-77.1099,-5.6479],[-77.0751,-5.6635],[-76.9956,-5.6671],[-76.9869,-5.6862],[-76.9614,-5.7061],[-76.9344,-5.7115],[-76.8882,-5.7484],[-76.8639,-5.74],[-76.8355,-5.7456],[-76.8246,-5.7573],[-76.8296,-5.776],[-76.8163,-5.8076],[-76.8263,-5.8178],[-76.8181,-5.8621],[-76.7777,-5.9006],[-76.7629,-5.9481],[-76.7467,-5.954],[-76.7549,-5.9934],[-76.7477,-6.0036],[-76.7108,-6.0137],[-76.6737,-6.0125],[-76.64,-6.0026],[-76.6183,-6.0144],[-76.5904,-6.0148],[-76.563,-6.0016],[-76.5489,-6.0128],[-76.518,-6.0034],[-76.4899,-6.0142],[-76.4411,-6.007],[-76.4247,-5.9958],[-76.4119,-5.9622],[-76.4,-5.9537],[-76.3622,-5.9878],[-76.334,-6.0421],[-76.3154,-6.0578],[-76.3183,-6.0861],[-76.2471,-6.1261],[-76.202,-6.1325],[-76.146,-6.1467],[-76.0869,-6.1069],[-76.0427,-6.101],[-76.0182,-6.0912],[-75.9536,-6.1026],[-75.931,-6.1329],[-75.9166,-6.1408],[-75.8856,-6.1331],[-75.838,-6.1405],[-75.8515,-6.109],[-75.8277,-6.0987],[-75.7939,-6.1089],[-75.768,-6.1272],[-75.7667,-6.1474],[-75.715,-6.1383],[-75.6804,-6.0956],[-75.6548,-6.0983],[-75.629,-6.0821],[-75.6248,-6.0394],[-75.6139,-6.0232],[-75.5689,-6.0004],[-75.565,-6.0255],[-75.5328,-6.0956],[-75.5256,-6.1651],[-75.4983,-6.1858],[-75.4872,-6.2034],[-75.4903,-6.267],[-75.5094,-6.3003],[-75.5347,-6.3223],[-75.5501,-6.3477],[-75.5364,-6.3915],[-75.5201,-6.4648],[-75.5096,-6.4921],[-75.503,-6.5522],[-75.5093,-6.583],[-75.5002,-6.6403],[-75.5062,-6.6971],[-75.5012,-6.767],[-75.5118,-6.7856],[-75.5742,-6.8088],[-75.5743,-6.8187],[-75.6169,-6.8412],[-75.6334,-6.8431],[-75.6422,-6.816],[-75.6681,-6.8264],[-75.6729,-6.8444],[-75.6871,-6.8467],[-75.6977,-6.8686],[-75.7221,-6.8516],[-75.7684,-6.8538],[-75.8439,-6.7973],[-75.8789,-6.8019],[-75.8906,-6.795],[-75.9637,-6.7884],[-75.981,-6.7997],[-75.9997,-6.795],[-76.0116,-6.806],[-76.051,-6.8109],[-76.0357,-6.8627],[-76.0105,-6.8936],[-76.018,-6.9158],[-76.0464,-6.9249],[-76.0515,-6.9443],[-76.0356,-6.9931],[-76.0108,-6.9965],[-76.0058,-7.0302],[-76.0123,-7.0381],[-76.0107,-7.0784],[-76.0233,-7.1143],[-76.0466,-7.1214],[-76.0599,-7.1613],[-76.0984,-7.184],[-76.1118,-7.1831],[-76.1435,-7.204],[-76.1667,-7.2676],[-76.2131,-7.3101],[-76.196,-7.3335],[-76.2146,-7.4045],[-76.1862,-7.4654],[-76.1661,-7.4943],[-76.142,-7.5053],[-76.121,-7.5275],[-76.1145,-7.5639],[-76.0887,-7.5633],[-76.0813,-7.5824],[-76.0939,-7.6097],[-76.0818,-7.6302],[-76.0977,-7.6422],[-76.1016,-7.7227],[-76.0867,-7.7292],[-76.0849,-7.7618],[-76.0671,-7.7693],[-76.0613,-7.7867],[-76.0438,-7.7923],[-76.0381,-7.815],[-76.0099,-7.8543],[-76.0024,-7.8932],[-75.9898,-7.8918],[-75.9756,-7.9096],[-75.986,-7.92],[-75.9929,-7.9543],[-75.967,-7.9604],[-75.9395,-7.9461],[-75.9278,-7.9573],[-75.8948,-7.9337],[-75.8594,-7.9212],[-75.8295,-7.9735],[-75.8391,-8.0002],[-75.8449,-8.0596],[-75.8873,-8.0749],[-75.917,-8.0718],[-75.9511,-8.1025],[-75.9406,-8.1105],[-75.9331,-8.1528],[-75.9412,-8.1862],[-75.9237,-8.2168],[-75.9134,-8.2544],[-75.9144,-8.2828],[-75.9271,-8.3068],[-75.9857,-8.3222]]]}},{"type":"Feature","properties":{"ubigeo":"23","nombre":"Tacna"},"geometry":{"type":"Polygon","coordinates":[[[-69.6413,-17.2874],[-69.5752,-17.2926],[-69.4673,-17.3735],[-69.4683,-17.5042],[-69.5514,-17.5751],[-69.6654,-17.6599],[-69.796,-17.6462],[-69.8212,-17.6864],[-69.8217,-17.7438],[-69.8,-17.7623],[-69.7957,-17.8623],[-69.7767,-17.9082],[-69.7472,-17.9439],[-69.7515,-17.9856],[-69.8131,-18.1145],[-69.8543,-18.1653],[-69.9007,-18.2019],[-69.9605,-18.2629],[-69.9802,-18.2703],[-70.0507,-18.2688],[-70.1497,-18.3184],[-70.1972,-18.3222],[-70.2868,-18.3081],[-70.3175,-18.3097],[-70.3539,-18.3262],[-70.3767,-18.3509],[-70.396,-18.3336],[-70.4813,-18.2734],[-70.5979,-18.2039],[-70.6793,-18.1617],[-70.7291,-18.1168],[-70.7316,-18.1063],[-70.8132,-18.0405],[-70.8553,-18.0271],[-70.8892,-18.004],[-70.8826,-17.994],[-70.9093,-17.9416],[-70.9354,-17.9293],[-70.9435,-17.9136],[-71.011,-17.8767],[-71.0299,-17.8848],[-71.0968,-17.8677],[-71.1058,-17.8431],[-71.1394,-17.8215],[-71.1263,-17.8128],[-71.1216,-17.786],[-71.1011,-17.7395],[-71.082,-17.734],[-71.0833,-17.7175],[-71.0494,-17.7088],[-71.0166,-17.7088],[-71.0033,-17.6837],[-70.9563,-17.676],[-70.9125,-17.6874],[-70.9026,-17.6195],[-70.8841,-17.5816],[-70.8796,-17.5552],[-70.8438,-17.5247],[-70.8204,-17.4931],[-70.78,-17.4506],[-70.7546,-17.4376],[-70.7356,-17.4012],[-70.7524,-17.3806],[-70.7461,-17.3495],[-70.73,-17.3182],[-70.7059,-17.2896],[-70.7159,-17.2737],[-70.7043,-17.2672],[-70.6842,-17.225],[-70.6524,-17.2095],[-70.61,-17.2145],[-70.5725,-17.1941],[-70.5551,-17.1977],[-70.5278,-17.1683],[-70.4951,-17.1103],[-70.4919,-17.0914],[-70.4483,-17.0798],[-70.4441,-17.0456],[-70.4632,-17.0086],[-70.4435,-16.9621],[-70.4647,-16.9457],[-70.4518,-16.9],[-70.442,-16.8931],[-70.4504,-16.8603],[-70.4407,-16.84],[-70.3852,-16.8159],[-70.3728,-16.7982],[-70.3449,-16.7915],[-70.3076,-16.773],[-70.2919,-16.7813],[-70.2698,-16.7706],[-70.2528,-16.7989],[-70.2255,-16.8095],[-70.1816,-16.8172],[-70.1841,-16.8347],[-70.2169,-16.8433],[-70.2438,-16.8602],[-70.2591,-16.902],[-70.2472,-16.9524],[-70.2251,-16.9586],[-70.2113,-16.9436],[-70.1813,-16.9321],[-70.1773,-16.9162],[-70.1484,-16.9219],[-70.1466,-16.9387],[-70.1188,-16.9601],[-70.1171,-16.9726],[-70.0958,-16.9852],[-70.0996,-17.006],[-70.0468,-17.0564],[-70.0468,-17.0994],[-70.0397,-17.128],[-70.0231,-17.1238],[-70.012,-17.1414],[-69.9876,-17.1514],[-69.9814,-17.1686],[-69.9386,-17.2001],[-69.8981,-17.2211],[-69.8731,-17.2238],[-69.8514,-17.2437],[-69.8197,-17.2414],[-69.7987,-17.232],[-69.765,-17.264],[-69.7618,-17.2804],[-69.7311,-17.2955],[-69.6936,-17.2746],[-69.6547,-17.2708],[-69.6413,-17.2874]]]}},{"type":"Feature","properties":{"ubigeo":"24","nombre":"Tumbes"},"geometry":{"type":"Polygon","coordinates":[[[-81.0419,-4.0829],[-81.0058,-4.0306],[-80.9874,-3.9857],[-80.9565,-3.9562],[-80.8545,-3.8932],[-80.8336,-3.8758],[-80.8287,-3.8373],[-80.7946,-3.7602],[-80.7536,-3.7182],[-80.7259,-3.7104],[-80.6843,-3.6799],[-80.6566,-3.6668],[-80.6341,-3.6661],[-80.6035,-3.6364],[-80.5832,-3.6362],[-80.5448,-3.5897],[-80.5049,-3.509],[-80.4904,-3.4991],[-80.4608,-3.5037],[-80.4225,-3.4862],[-80.4195,-3.5122],[-80.3781,-3.4935],[-80.3273,-3.4368],[-80.3128,-3.4027],[-80.3148,-3.3833],[-80.2924,-3.4088],[-80.2459,-3.4186],[-80.2205,-3.4439],[-80.2403,-3.4617],[-80.2436,-3.4874],[-80.2157,-3.5],[-80.2054,-3.5511],[-80.2181,-3.573],[-80.2111,-3.5922],[-80.1888,-3.5979],[-80.1964,-3.6248],[-80.1866,-3.6291],[-80.1875,-3.6714],[-80.1984,-3.6871],[-80.1808,-3.7386],[-80.1919,-3.7485],[-80.1761,-3.7927],[-80.1609,-3.8021],[-80.1631,-3.8277],[-80.1518,-3.8551],[-80.1585,-3.8698],[-80.1272,-3.8955],[-80.1402,-3.913],[-80.1578,-3.9131],[-80.1859,-3.929],[-80.2154,-3.9562],[-80.2345,-3.9485],[-80.2368,-3.9632],[-80.2722,-4.0081],[-80.2981,-4.0173],[-80.3237,-4.0112],[-80.3391,-3.9921],[-80.3656,-3.9818],[-80.3771,-3.9896],[-80.3986,-3.9808],[-80.4254,-3.9965],[-80.4468,-3.998],[-80.4515,-4.0317],[-80.4684,-4.0359],[-80.4798,-4.0555],[-80.4718,-4.0736],[-80.4873,-4.0831],[-80.5172,-4.098],[-80.5264,-4.1204],[-80.559,-4.1611],[-80.5608,-4.1747],[-80.6232,-4.2318],[-80.6452,-4.2296],[-80.7003,-4.1878],[-80.7186,-4.1942],[-80.7334,-4.1789],[-80.7455,-4.184],[-80.7705,-4.1742],[-80.8033,-4.176],[-80.824,-4.1856],[-80.8828,-4.1928],[-80.9283,-4.169],[-80.9676,-4.1726],[-80.9619,-4.1505],[-80.9713,-4.1271],[-81.0007,-4.1112],[-81.0289,-4.1052],[-81.0419,-4.0829]]]}},{"type":"Feature","properties":{"ubigeo":"25","nombre":"Ucayali"},"geometry":{"type":"Polygon","coordinates":[[[-70.6138,-9.8734],[-70.6395,-9.8844],[-70.6335,-9.899],[-70.6507,-9.9332],[-70.6504,-9.9546],[-70.6676,-9.9725],[-70.6572,-10.0019],[-70.6723,-10.0231],[-70.6521,-10.0401],[-70.66,-10.0515],[-70.6445,-10.0687],[-70.7079,-10.1356],[-70.7051,-10.1587],[-70.7344,-10.1854],[-70.7535,-10.1941],[-70.7803,-10.2199],[-70.7904,-10.241],[-70.8149,-10.2547],[-70.8669,-10.253],[-70.8808,-10.262],[-70.874,-10.3007],[-70.8895,-10.3351],[-70.9201,-10.3307],[-70.968,-10.3356],[-70.9581,-10.3778],[-70.9604,-10.3936],[-70.9933,-10.4162],[-71.0006,-10.4422],[-71.0245,-10.4782],[-71.0409,-10.4887],[-71.1084,-10.5078],[-71.1326,-10.5072],[-71.1468,-10.531],[-71.1646,-10.5313],[-71.1665,-10.5716],[-71.1962,-10.5799],[-71.2208,-10.6367],[-71.2063,-10.6522],[-71.2315,-10.6913],[-71.216,-10.7133],[-71.2246,-10.7307],[-71.2216,-10.7767],[-71.2587,-10.7849],[-71.2715,-10.819],[-71.2709,-10.8473],[-71.2947,-10.8763],[-71.309,-10.8787],[-71.3173,-10.9096],[-71.3361,-10.9168],[-71.3521,-10.9479],[-71.3949,-10.9476],[-71.4129,-10.9581],[-71.4706,-10.9555],[-71.486,-10.9638],[-71.5271,-10.9617],[-71.5316,-10.9522],[-71.5589,-10.9648],[-71.6665,-10.9817],[-71.6807,-10.9716],[-71.7054,-10.9756],[-71.7202,-10.9966],[-71.73,-10.9836],[-71.7452,-10.9927],[-71.809,-10.9938],[-71.8285,-11.0119],[-71.847,-10.9957],[-71.8951,-10.9945],[-71.9384,-11.0039],[-71.9446,-10.9974],[-71.9866,-10.9955],[-72.0139,-10.9884],[-72.0437,-10.9969],[-72.0517,-11.0109],[-72.125,-10.9956],[-72.1279,-10.9798],[-72.1583,-11.0053],[-72.1735,-10.9955],[-72.1853,-11.0088],[-72.1765,-11.039],[-72.1931,-11.0497],[-72.1825,-11.0578],[-72.1833,-11.0926],[-72.1518,-11.0864],[-72.1259,-11.1012],[-72.1225,-11.1236],[-72.1383,-11.1369],[-72.1693,-11.1437],[-72.1765,-11.1591],[-72.1939,-11.1567],[-72.2049,-11.171],[-72.1897,-11.1909],[-72.2002,-11.2053],[-72.2052,-11.2399],[-72.1994,-11.2642],[-72.2185,-11.3003],[-72.2046,-11.3474],[-72.2393,-11.3451],[-72.2489,-11.3333],[-72.2795,-11.3394],[-72.2866,-11.3139],[-72.3077,-11.307],[-72.3225,-11.3246],[-72.337,-11.3167],[-72.3874,-11.3476],[-72.4007,-11.345],[-72.4259,-11.358],[-72.4251,-11.3685],[-72.4498,-11.3715],[-72.4474,-11.3845],[-72.4694,-11.3853],[-72.5031,-11.3988],[-72.5101,-11.4243],[-72.5259,-11.4394],[-72.5669,-11.4318],[-72.5818,-11.4391],[-72.5957,-11.4206],[-72.6032,-11.4326],[-72.6174,-11.4193],[-72.6456,-11.4128],[-72.6644,-11.3872],[-72.6886,-11.3968],[-72.7066,-11.3815],[-72.7145,-11.3586],[-72.7382,-11.3474],[-72.7633,-11.3716],[-72.7943,-11.3843],[-72.8171,-11.3753],[-72.8218,-11.3896],[-72.8615,-11.3547],[-72.8771,-11.3643],[-72.9224,-11.3434],[-72.9259,-11.3273],[-72.9447,-11.3399],[-72.9335,-11.3043],[-72.9547,-11.3055],[-72.9391,-11.2821],[-72.9655,-11.2684],[-72.9742,-11.2507],[-72.9771,-11.2123],[-73.0186,-11.2342],[-73.0246,-11.2631],[-73.0677,-11.2846],[-73.0821,-11.2733],[-73.1317,-11.2939],[-73.1684,-11.2933],[-73.1865,-11.286],[-73.2132,-11.2991],[-73.2371,-11.2995],[-73.2574,-11.3127],[-73.2969,-11.3084],[-73.3462,-11.3135],[-73.3517,-11.3323],[-73.3787,-11.3507],[-73.3863,-11.3713],[-73.4197,-11.3839],[-73.4498,-11.3681],[-73.4706,-11.344],[-73.4807,-11.3541],[-73.4841,-11.3193],[-73.4601,-11.3027],[-73.4611,-11.2769],[-73.4499,-11.2356],[-73.4752,-11.1284],[-73.4669,-11.12],[-73.4713,-11.087],[-73.4826,-11.0652],[-73.5229,-11.058],[-73.5426,-11.0474],[-73.5413,-11.0215],[-73.553,-11.0141],[-73.5587,-10.9753],[-73.5715,-10.9581],[-73.5648,-10.9368],[-73.5673,-10.9059],[-73.5603,-10.8606],[-73.6104,-10.8466],[-73.7149,-10.7599],[-73.734,-10.7511],[-73.7421,-10.734],[-73.7572,-10.7359],[-73.7833,-10.758],[-73.7785,-10.775],[-73.7907,-10.7964],[-73.8142,-10.7999],[-73.8222,-10.8361],[-73.8142,-10.8916],[-73.8234,-10.9211],[-73.8557,-10.957],[-73.8611,-10.9741],[-73.8666,-11.0374],[-73.8613,-11.1455],[-73.8527,-11.1643],[-73.8923,-11.1681],[-73.9165,-11.1431],[-73.9418,-11.1512],[-73.9783,-11.1206],[-73.9837,-11.0927],[-73.9787,-11.07],[-74.0055,-10.9932],[-74.0363,-10.989],[-74.0614,-10.9957],[-74.0918,-10.9868],[-74.1368,-10.9886],[-74.148,-10.9988],[-74.1909,-10.986],[-74.2015,-11.0197],[-74.2564,-11.0182],[-74.2815,-11.0331],[-74.32,-11.0384],[-74.3394,-11.054],[-74.3737,-11.0565],[-74.4134,-11.0336],[-74.4454,-11.0049],[-74.4945,-11.0011],[-74.5084,-10.9503],[-74.57,-10.9152],[-74.5692,-10.904],[-74.5433,-10.8913],[-74.5032,-10.8942],[-74.4862,-10.8874],[-74.4801,-10.8351],[-74.4666,-10.8363],[-74.4296,-10.8127],[-74.3857,-10.8118],[-74.3745,-10.7849],[-74.3839,-10.7475],[-74.3597,-10.7594],[-74.337,-10.7339],[-74.3164,-10.7259],[-74.2883,-10.6854],[-74.2869,-10.6704],[-74.2589,-10.6804],[-74.2457,-10.6545],[-74.2276,-10.6518],[-74.2297,-10.6346],[-74.2017,-10.6311],[-74.1692,-10.6371],[-74.1405,-10.6568],[-74.131,-10.6547],[-74.1394,-10.6252],[-74.1327,-10.6049],[-74.1569,-10.5492],[-74.1824,-10.5033],[-74.1814,-10.4852],[-74.2269,-10.4431],[-74.2393,-10.4412],[-74.2529,-10.4171],[-74.242,-10.3832],[-74.2627,-10.3637],[-74.2369,-10.3201],[-74.2502,-10.3144],[-74.2344,-10.2954],[-74.224,-10.2562],[-74.2346,-10.22],[-74.2273,-10.1988],[-74.2432,-10.1775],[-74.3037,-10.1639],[-74.315,-10.1132],[-74.3313,-10.1085],[-74.3556,-10.1188],[-74.3771,-10.0999],[-74.3777,-10.0736],[-74.3899,-10.0513],[-74.4043,-10.0506],[-74.4183,-10.0248],[-74.4124,-10.0082],[-74.424,-9.9894],[-74.4114,-9.9582],[-74.4146,-9.9021],[-74.4376,-9.8724],[-74.4502,-9.8702],[-74.4511,-9.8107],[-74.4472,-9.7771],[-74.4554,-9.746],[-74.4741,-9.7301],[-74.4901,-9.6852],[-74.4897,-9.6533],[-74.4973,-9.6376],[-74.4907,-9.6188],[-74.4948,-9.5911],[-74.5317,-9.5921],[-74.5756,-9.5705],[-74.5732,-9.5509],[-74.5932,-9.5096],[-74.5811,-9.4766],[-74.6224,-9.4611],[-74.676,-9.4469],[-74.7094,-9.4222],[-74.6833,-9.4072],[-74.6563,-9.3702],[-74.6362,-9.3694],[-74.6071,-9.3215],[-74.5939,-9.3095],[-74.5899,-9.2672],[-74.6153,-9.238],[-74.6396,-9.1597],[-74.6407,-9.1186],[-74.6719,-9.1105],[-74.6781,-9.094],[-74.6571,-9.0686],[-74.6514,-9.0488],[-74.6692,-9.0203],[-74.6511,-8.9998],[-74.6527,-8.9796],[-74.6443,-8.9188],[-74.6242,-8.8887],[-74.6214,-8.8456],[-74.6089,-8.8202],[-74.5881,-8.8126],[-74.5729,-8.7926],[-74.5322,-8.7761],[-74.5254,-8.7493],[-74.5361,-8.6299],[-74.5471,-8.5846],[-74.5776,-8.5538],[-74.6178,-8.5487],[-74.6641,-8.5619],[-74.6925,-8.5812],[-74.7975,-8.6317],[-74.8467,-8.6612],[-74.8506,-8.7569],[-74.8653,-8.7809],[-74.8957,-8.8048],[-74.9407,-8.8579],[-74.9657,-8.8694],[-75.005,-8.8697],[-75.0236,-8.8591],[-75.0674,-8.8814],[-75.0714,-8.8736],[-75.1226,-8.881],[-75.1102,-8.9293],[-75.1347,-8.9448],[-75.1206,-8.9599],[-75.1196,-8.9812],[-75.1745,-9.0125],[-75.1624,-9.034],[-75.2012,-9.0638],[-75.2053,-9.0994],[-75.2406,-9.1002],[-75.2288,-9.1477],[-75.2165,-9.1551],[-75.233,-9.2093],[-75.2567,-9.2325],[-75.2719,-9.2334],[-75.2681,-9.25],[-75.2797,-9.2769],[-75.3147,-9.3016],[-75.3341,-9.2888],[-75.3495,-9.3045],[-75.3722,-9.3102],[-75.4185,-9.2926],[-75.452,-9.2963],[-75.4563,-9.325],[-75.4878,-9.3727],[-75.6007,-9.4138],[-75.6114,-9.4061],[-75.6705,-9.4179],[-75.6711,-9.3859],[-75.695,-9.3629],[-75.6886,-9.3494],[-75.7057,-9.3363],[-75.7202,-9.2772],[-75.7402,-9.2638],[-75.7708,-9.2203],[-75.7957,-9.2033],[-75.7996,-9.1617],[-75.8215,-9.118],[-75.825,-9.0901],[-75.8379,-9.0849],[-75.8379,-9.0619],[-75.8585,-9.0515],[-75.8919,-9.002],[-75.8849,-8.9801],[-75.9013,-8.8982],[-75.9217,-8.8668],[-75.9288,-8.808],[-75.9216,-8.7808],[-75.9366,-8.7546],[-75.946,-8.7152],[-75.8913,-8.6602],[-75.8535,-8.6492],[-75.8325,-8.6518],[-75.8168,-8.636],[-75.8124,-8.6077],[-75.8015,-8.6027],[-75.78,-8.5535],[-75.7793,-8.532],[-75.7992,-8.5122],[-75.7607,-8.4874],[-75.7165,-8.4869],[-75.7081,-8.4465],[-75.6873,-8.4233],[-75.6481,-8.4098],[-75.5991,-8.412],[-75.5835,-8.4412],[-75.5492,-8.433],[-75.529,-8.4398],[-75.5108,-8.432],[-75.4752,-8.4362],[-75.4603,-8.4492],[-75.4355,-8.4522],[-75.4239,-8.4425],[-75.4807,-8.3804],[-75.4778,-8.3526],[-75.5101,-8.3348],[-75.4913,-8.3173],[-75.5029,-8.2894],[-75.4884,-8.264],[-75.4715,-8.2521],[-75.4588,-8.2176],[-75.4376,-8.1948],[-75.4301,-8.1666],[-75.4015,-8.1697],[-75.3761,-8.1388],[-75.3438,-8.1292],[-75.3289,-8.1383],[-75.2878,-8.1255],[-75.2439,-8.1555],[-75.2146,-8.1271],[-75.2125,-8.1008],[-75.1898,-8.0799],[-75.1957,-8.0544],[-75.1843,-8.0166],[-75.1494,-8.0018],[-75.1459,-7.9813],[-75.0922,-7.9737],[-75.0706,-7.9605],[-75.0333,-7.9501],[-75.0055,-7.9702],[-74.9823,-7.969],[-74.9534,-8.0127],[-74.8964,-8.0813],[-74.8659,-8.0769],[-74.8404,-8.0584],[-74.8193,-8.0575],[-74.7713,-8.0361],[-74.7606,-8.0164],[-74.7279,-7.981],[-74.7113,-7.979],[-74.6684,-7.9456],[-74.628,-7.9398],[-74.6044,-7.9008],[-74.5967,-7.8614],[-74.5697,-7.816],[-74.5406,-7.7915],[-74.5171,-7.7836],[-74.5195,-7.761],[-74.5579,-7.7485],[-74.584,-7.6985],[-74.5708,-7.6685],[-74.5772,-7.6359],[-74.591,-7.6286],[-74.6431,-7.5623],[-74.6429,-7.5001],[-74.6306,-7.4816],[-74.6161,-7.435],[-74.5795,-7.4099],[-74.566,-7.3597],[-74.5357,-7.3202],[-74.5357,-7.2944],[-74.5018,-7.2661],[-74.4731,-7.2746],[-74.4627,-7.2989],[-74.394,-7.3178],[-74.3702,-7.3173],[-74.3616,-7.3366],[-74.3162,-7.3513],[-74.2791,-7.3532],[-74.259,-7.3441],[-74.2381,-7.3578],[-74.1809,-7.3587],[-74.1416,-7.3778],[-74.1384,-7.3964],[-74.1154,-7.4061],[-74.0666,-7.4382],[-74.04,-7.4482],[-74.0338,-7.4849],[-74.0184,-7.4914],[-74.0134,-7.5124],[-73.983,-7.5344],[-73.9791,-7.5608],[-73.9584,-7.5644],[-73.9108,-7.5969],[-73.8895,-7.6032],[-73.9002,-7.6406],[-73.8691,-7.6741],[-73.8373,-7.6706],[-73.8354,-7.6938],[-73.8198,-7.7158],[-73.8033,-7.714],[-73.714,-7.743],[-73.7117,-7.7609],[-73.689,-7.7667],[-73.6763,-7.8],[-73.6828,-7.8179],[-73.6782,-7.858],[-73.7061,-7.8765],[-73.7355,-7.8788],[-73.7658,-7.8662],[-73.7552,-7.8908],[-73.772,-7.91],[-73.7397,-7.9308],[-73.7478,-7.9467],[-73.7274,-7.9653],[-73.7054,-7.9551],[-73.7049,-7.9678],[-73.6807,-7.9846],[-73.6689,-8.0123],[-73.6403,-8.0065],[-73.6168,-8.0388],[-73.626,-8.0497],[-73.6008,-8.1036],[-73.5848,-8.1268],[-73.5955,-8.1658],[-73.5892,-8.1959],[-73.5715,-8.2246],[-73.5874,-8.2409],[-73.5649,-8.2449],[-73.526,-8.2744],[-73.5374,-8.296],[-73.5268,-8.3144],[-73.5419,-8.3444],[-73.5203,-8.3727],[-73.4853,-8.3842],[-73.4413,-8.4254],[-73.4078,-8.4306],[-73.3892,-8.4694],[-73.331,-8.4759],[-73.329,-8.524],[-73.3342,-8.5311],[-73.3441,-8.6027],[-73.3378,-8.6206],[-73.3197,-8.6106],[-73.2845,-8.6648],[-73.2657,-8.6713],[-73.2512,-8.6906],[-73.2039,-8.6878],[-73.1672,-8.6983],[-73.136,-8.7391],[-73.1341,-8.7674],[-73.1143,-8.7855],[-73.112,-8.8193],[-73.079,-8.8413],[-73.0799,-8.8607],[-73.059,-8.9056],[-73.0371,-8.9162],[-73.0013,-8.9169],[-72.9765,-8.9666],[-72.9624,-8.9838],[-72.9417,-8.9838],[-72.9631,-9.0128],[-72.9479,-9.0289],[-72.9491,-9.0721],[-72.94,-9.0932],[-72.9591,-9.1434],[-72.9902,-9.162],[-73.005,-9.1617],[-73.0268,-9.1807],[-73.0043,-9.1942],[-73.0093,-9.2224],[-73.0341,-9.2338],[-73.0641,-9.2277],[-73.1094,-9.2828],[-73.1014,-9.3081],[-73.1314,-9.3183],[-73.1481,-9.3367],[-73.1474,-9.353],[-73.1888,-9.3632],[-73.1869,-9.399],[-73.2004,-9.4114],[-72.7169,-9.4122],[-72.7116,-9.43],[-72.6823,-9.4336],[-72.6532,-9.4514],[-72.6272,-9.4432],[-72.5726,-9.464],[-72.5336,-9.4733],[-72.521,-9.4909],[-72.487,-9.4802],[-72.4551,-9.4897],[-72.4415,-9.4776],[-72.4071,-9.4773],[-72.3853,-9.4926],[-72.367,-9.4897],[-72.3408,-9.5066],[-72.3391,-9.5224],[-72.318,-9.5441],[-72.2902,-9.535],[-72.2813,-9.5423],[-72.2883,-9.6028],[-72.2687,-9.6206],[-72.2521,-9.6199],[-72.2596,-9.6393],[-72.246,-9.6573],[-72.2547,-9.7338],[-72.263,-9.7509],[-72.2467,-9.7506],[-72.2149,-9.7788],[-72.1935,-9.7764],[-72.1514,-9.7974],[-72.1621,-9.8311],[-72.1482,-9.8722],[-72.1359,-9.8744],[-72.1507,-9.9057],[-72.1633,-9.9085],[-72.1738,-9.9328],[-72.1564,-9.9416],[-72.1499,-9.9608],[-72.1578,-9.9782],[-72.1758,-9.9842],[-72.1804,-9.9997],[-71.375,-10.0001],[-71.3428,-9.9668],[-71.3224,-9.9857],[-71.2974,-9.9922],[-71.2513,-9.9741],[-71.2532,-9.9629],[-71.2228,-9.97],[-71.192,-9.9404],[-71.1576,-9.8721],[-71.1347,-9.8538],[-71.1094,-9.8544],[-71.0752,-9.827],[-71.051,-9.8158],[-70.9984,-9.8182],[-70.9923,-9.7959],[-70.9703,-9.756],[-70.9518,-9.7422],[-70.9245,-9.7416],[-70.8977,-9.7137],[-70.8969,-9.7034],[-70.8681,-9.6648],[-70.8387,-9.6567],[-70.8348,-9.6431],[-70.7932,-9.6375],[-70.7857,-9.6139],[-70.7589,-9.6057],[-70.7511,-9.5609],[-70.7255,-9.5671],[-70.7148,-9.5471],[-70.6929,-9.5393],[-70.6366,-9.5013],[-70.6364,-9.487],[-70.618,-9.4751],[-70.611,-9.4573],[-70.5979,-9.4609],[-70.5611,-9.4303],[-70.5379,-9.4383],[-70.5267,-9.4289],[-70.496,-9.4255],[-70.4959,-9.4409],[-70.5117,-9.4495],[-70.5048,-9.4633],[-70.5245,-9.4594],[-70.5039,-9.4964],[-70.5315,-9.5035],[-70.547,-9.5182],[-70.5421,-9.5377],[-70.5632,-9.5311],[-70.5691,-9.5543],[-70.5593,-9.5749],[-70.6004,-9.563],[-70.5856,-9.5756],[-70.5982,-9.6073],[-70.5666,-9.6674],[-70.5429,-9.6798],[-70.5281,-9.726],[-70.5394,-9.7501],[-70.5366,-9.7658],[-70.5564,-9.7882],[-70.5778,-9.7778],[-70.5919,-9.8032],[-70.6123,-9.8054],[-70.6234,-9.821],[-70.6138,-9.8734]]]}}]}